iter,start_ns,end_ns,duration_us
1,1774012488684307064,1774012488688026970,3719
2,1774012488689432535,1774012488693818848,4386
3,1774012488695430139,1774012488699407912,3977
4,1774012488700928529,1774012488704502049,3573
5,1774012488706084360,1774012488710319612,4235
6,1774012488711887278,1774012488715319777,3432
7,1774012488716950410,1774012488721153257,4202
8,1774012488722654992,1774012488726479519,3824
9,1774012488727986377,1774012488731400932,3414
10,1774012488732977459,1774012488736363260,3385
11,1774012488737826101,1774012488741733017,3906
12,1774012488743272459,1774012488746520154,3247
13,1774012488748074287,1774012488751359581,3285
14,1774012488752930324,1774012488756374463,3444
15,1774012488758018697,1774012488761917158,3898
16,1774012488763448221,1774012488766726853,3278
17,1774012488768338464,1774012488772747260,4408
18,1774012488774352256,1774012488777984190,3631
19,1774012488779420894,1774012488782574122,3153
20,1774012488784179156,1774012488788072088,3892
21,1774012488789776774,1774012488794056369,4279
22,1774012488795589285,1774012488799065909,3476
23,1774012488800220551,1774012488803996482,3775
24,1774012488805561800,1774012488809213040,3651
25,1774012488810729382,1774012488814261555,3532
26,1774012488815822159,1774012488819883743,4061
27,1774012488821493876,1774012488825111291,3617
28,1774012488826670431,1774012488830212680,3542
29,1774012488831724104,1774012488835869233,4145
30,1774012488837430591,1774012488840641167,3210
31,1774012488842160378,1774012488845469280,3308
32,1774012488846954432,1774012488851171918,4217
33,1774012488852754461,1774012488856536169,3781
34,1774012488858082367,1774012488861374039,3291
35,1774012488862857339,1774012488866994503,4137
36,1774012488868555863,1774012488872012021,3456
37,1774012488873579028,1774012488877776631,4197
38,1774012488879340583,1774012488883382271,4041
39,1774012488884830189,1774012488888240192,3410
40,1774012488889800425,1774012488893294377,3493
41,1774012488894872345,1774012488898368702,3496
42,1774012488899951575,1774012488904288294,4336
43,1774012488905874942,1774012488909732141,3857
44,1774012488911357472,1774012488914908971,3551
45,1774012488916507898,1774012488920142594,3634
46,1774012488921705699,1774012488926041951,4336
47,1774012488927568769,1774012488931621938,4053
48,1774012488932947120,1774012488936351619,3404
49,1774012488937890526,1774012488941442352,3551
50,1774012488943020443,1774012488946836264,3815
51,1774012488948430110,1774012488951703484,3273
52,1774012488953227907,1774012488957440192,4212
53,1774012488958921545,1774012488962341385,3419
54,1774012488963877585,1774012488967771017,3893
55,1774012488969338376,1774012488973334883,3996
56,1774012488974871001,1774012488978332230,3461
57,1774012488979913583,1774012488983394218,3480
58,1774012488984854417,1774012488989022605,4168
59,1774012488990588686,1774012488994508639,3919
60,1774012488996060363,1774012488999379152,3318
61,1774012489000827089,1774012489004341952,3514
62,1774012489005863822,1774012489010442433,4578
63,1774012489011969950,1774012489015912906,3942
64,1774012489017478826,1774012489021629388,4150
65,1774012489023099515,1774012489026892436,3792
66,1774012489028469746,1774012489031817020,3347
67,1774012489033353783,1774012489036712764,3358
68,1774012489038301162,1774012489042705528,4404
69,1774012489044331773,1774012489047932434,3600
70,1774012489049493455,1774012489053525831,4032
71,1774012489055209716,1774012489058884156,3674
72,1774012489060414757,1774012489063768812,3354
73,1774012489065170737,1774012489068517627,3346
74,1774012489070163883,1774012489074105993,3942
75,1774012489075783581,1774012489080245085,4461
76,1774012489081977731,1774012489086550314,4572
77,1774012489088098417,1774012489091527600,3429
78,1774012489093105503,1774012489096672449,3566
79,1774012489098523050,1774012489102722072,4199
80,1774012489104343919,1774012489108620109,4276
81,1774012489110308101,1774012489113658078,3349
82,1774012489115410638,1774012489119614988,4204
83,1774012489121635833,1774012489125866541,4230
84,1774012489127581632,1774012489131512785,3931
85,1774012489132904172,1774012489137951311,5047
86,1774012489139557066,1774012489143977111,4420
87,1774012489145586877,1774012489149114343,3527
88,1774012489150776464,1774012489155099803,4323
89,1774012489156689752,1774012489160298313,3608
90,1774012489161808877,1774012489165598395,3789
91,1774012489167256078,1774012489170746575,3490
92,1774012489172339242,1774012489176804909,4465
93,1774012489178361760,1774012489182022789,3661
94,1774012489183582430,1774012489187797190,4214
95,1774012489189431665,1774012489193663628,4231
96,1774012489195147669,1774012489198807301,3659
97,1774012489200285864,1774012489203603302,3317
98,1774012489205058371,1774012489208872440,3814
99,1774012489210518710,1774012489215199184,4680
100,1774012489216847207,1774012489220462811,3615
101,1774012489222004556,1774012489226301191,4296
102,1774012489227843594,1774012489231189565,3345
103,1774012489232856062,1774012489236353226,3497
104,1774012489237902646,1774012489242004560,4101
105,1774012489243342889,1774012489247309537,3966
106,1774012489248981256,1774012489252947325,3966
107,1774012489254513341,1774012489258728835,4215
108,1774012489260460955,1774012489264544007,4083
109,1774012489266174761,1774012489270052720,3877
110,1774012489271712310,1774012489275608766,3896
111,1774012489277176639,1774012489280606887,3430
112,1774012489282184917,1774012489286682305,4497
113,1774012489288357617,1774012489293090594,4732
114,1774012489294768503,1774012489299014760,4246
115,1774012489300639416,1774012489304330890,3691
116,1774012489305866626,1774012489309735002,3868
117,1774012489311323340,1774012489315633850,4310
118,1774012489317259968,1774012489321396196,4136
119,1774012489322989231,1774012489327182871,4193
120,1774012489328758176,1774012489332220961,3462
121,1774012489333900022,1774012489338060513,4160
122,1774012489339678764,1774012489342888679,3209
123,1774012489344416964,1774012489348490901,4073
124,1774012489349983725,1774012489354091666,4107
125,1774012489355724534,1774012489359880798,4156
126,1774012489361436027,1774012489364681967,3245
127,1774012489366265529,1774012489370465098,4199
128,1774012489371993037,1774012489375476121,3483
129,1774012489377097898,1774012489380865677,3767
130,1774012489382405347,1774012489386371438,3966
131,1774012489387932411,1774012489391792152,3859
132,1774012489393330982,1774012489397534497,4203
133,1774012489399011581,1774012489403177156,4165
134,1774012489404713330,1774012489408880354,4167
135,1774012489410475080,1774012489414638533,4163
136,1774012489416239325,1774012489419541938,3302
137,1774012489421012788,1774012489425261031,4248
138,1774012489426809709,1774012489430747649,3937
139,1774012489432321547,1774012489435619818,3298
140,1774012489437155627,1774012489441463703,4308
141,1774012489443006053,1774012489447395108,4389
142,1774012489448986674,1774012489452781136,3794
143,1774012489454383469,1774012489458689834,4306
144,1774012489460411350,1774012489464929975,4518
145,1774012489466362782,1774012489470744589,4381
146,1774012489472303919,1774012489476081021,3777
147,1774012489477624263,1774012489480918693,3294
148,1774012489482476750,1774012489486206399,3729
149,1774012489487878435,1774012489491457052,3578
150,1774012489493027510,1774012489496531961,3504
151,1774012489498200943,1774012489501619550,3418
152,1774012489503162814,1774012489507362129,4199
153,1774012489508926999,1774012489513100354,4173
154,1774012489514888539,1774012489519217053,4328
155,1774012489520793849,1774012489524919862,4126
156,1774012489526518032,1774012489530582174,4064
157,1774012489532110303,1774012489535489563,3379
158,1774012489537021363,1774012489540953918,3932
159,1774012489542505922,1774012489546057775,3551
160,1774012489547809767,1774012489551807024,3997
161,1774012489553398925,1774012489557523690,4124
162,1774012489559109907,1774012489563269321,4159
163,1774012489564987456,1774012489569292738,4305
164,1774012489570872715,1774012489574896091,4023
165,1774012489576474425,1774012489580409590,3935
166,1774012489582023385,1774012489585466314,3442
167,1774012489586616945,1774012489589772986,3156
168,1774012489591168972,1774012489594223999,3055
169,1774012489595336252,1774012489598832422,3496
170,1774012489600472091,1774012489603914587,3442
171,1774012489605441521,1774012489608723158,3281
172,1774012489610031115,1774012489613596489,3565
173,1774012489615239244,1774012489620030853,4791
174,1774012489621710095,1774012489625948684,4238
175,1774012489627560674,1774012489632017767,4457
176,1774012489633840894,1774012489638370427,4529
177,1774012489640110935,1774012489644080289,3969
178,1774012489645967826,1774012489650440121,4472
179,1774012489652079182,1774012489656509963,4430
180,1774012489658038002,1774012489662253218,4215
181,1774012489663969482,1774012489668371544,4402
182,1774012489669875280,1774012489673952958,4077
183,1774012489675485719,1774012489678703598,3217
184,1774012489680312679,1774012489683600001,3287
185,1774012489685141357,1774012489689415317,4273
186,1774012489690969170,1774012489694453236,3484
187,1774012489695978324,1774012489700117381,4139
188,1774012489701637906,1774012489705804532,4166
189,1774012489707427912,1774012489711469240,4041
190,1774012489713040440,1774012489717357549,4317
191,1774012489719020130,1774012489723192431,4172
192,1774012489724793367,1774012489728493925,3700
193,1774012489729885202,1774012489734235276,4350
194,1774012489735509198,1774012489739772056,4262
195,1774012489740938423,1774012489744144791,3206
196,1774012489745795613,1774012489749566890,3771
197,1774012489751104885,1774012489754823226,3718
198,1774012489756370583,1774012489760482397,4111
199,1774012489762037396,1774012489766210014,4172
200,1774012489767815625,1774012489771976862,4161
201,1774012489773759422,1774012489778262319,4502
202,1774012489779825837,1774012489783918586,4092
203,1774012489785536793,1774012489789444532,3907
204,1774012489791057873,1774012489795106158,4048
205,1774012489796634945,1774012489800826813,4191
206,1774012489802333345,1774012489806562492,4229
207,1774012489807936420,1774012489812461946,4525
208,1774012489814003827,1774012489817861999,3858
209,1774012489819443767,1774012489822655893,3212
210,1774012489824218530,1774012489827918393,3699
211,1774012489829474266,1774012489833543949,4069
212,1774012489835144423,1774012489838842848,3698
213,1774012489840388917,1774012489844451943,4063
214,1774012489846045320,1774012489850105822,4060
215,1774012489851482469,1774012489855196956,3714
216,1774012489856780808,1774012489860071326,3290
217,1774012489861770908,1774012489865758819,3987
218,1774012489867372841,1774012489871054707,3681
219,1774012489872421593,1774012489875723148,3301
220,1774012489877166794,1774012489880636158,3469
221,1774012489882071661,1774012489886364168,4292
222,1774012489887899114,1774012489891216543,3317
223,1774012489892800586,1774012489896388423,3587
224,1774012489897983177,1774012489901404612,3421
225,1774012489902958281,1774012489907037471,4079
226,1774012489908544809,1774012489912672494,4127
227,1774012489914189244,1774012489917483266,3294
228,1774012489919108768,1774012489923349750,4240
229,1774012489924917434,1774012489928340783,3423
230,1774012489929936608,1774012489934055076,4118
231,1774012489935625555,1774012489939129796,3504
232,1774012489940622545,1774012489944156508,3533
233,1774012489945735840,1774012489949823673,4087
234,1774012489951367961,1774012489954615371,3247
235,1774012489956134546,1774012489960357957,4223
236,1774012489961816673,1774012489965569437,3752
237,1774012489967143124,1774012489971347320,4204
238,1774012489972854435,1774012489976342662,3488
239,1774012489977846854,1774012489981365981,3519
240,1774012489982872899,1774012489986789366,3916
241,1774012489988380360,1774012489991659776,3279
242,1774012489993252612,1774012489996864246,3611
243,1774012489998426967,1774012490001732602,3305
244,1774012490003003211,1774012490007281049,4277
245,1774012490008666057,1774012490012252582,3586
246,1774012490013734082,1774012490016867473,3133
247,1774012490018246172,1774012490022006010,3759
248,1774012490023557854,1774012490027609157,4051
249,1774012490029070656,1774012490033279334,4208
250,1774012490034854622,1774012490038875493,4020
251,1774012490040405208,1774012490043595911,3190
252,1774012490045162133,1774012490049251875,4089
253,1774012490050783219,1774012490054081019,3297
254,1774012490055627594,1774012490059539275,3911
255,1774012490061136072,1774012490064493007,3356
256,1774012490065980554,1774012490070055471,4074
257,1774012490071616564,1774012490075750491,4133
258,1774012490077284726,1774012490080534136,3249
259,1774012490082006275,1774012490086241869,4235
260,1774012490087839063,1774012490091611421,3772
261,1774012490093255856,1774012490096534008,3278
262,1774012490098052845,1774012490101792897,3740
263,1774012490103310540,1774012490107266549,3956
264,1774012490108840333,1774012490112933873,4093
265,1774012490114477279,1774012490118782467,4305
266,1774012490120348577,1774012490124806602,4458
267,1774012490126245241,1774012490130305663,4060
268,1774012490131898903,1774012490136148541,4249
269,1774012490137727373,1774012490141122268,3394
270,1774012490142661912,1774012490145828475,3166
271,1774012490147183834,1774012490150629553,3445
272,1774012490152253284,1774012490155989168,3735
273,1774012490157386817,1774012490160838999,3452
274,1774012490162410129,1774012490166801754,4391
275,1774012490168396537,1774012490171904191,3507
276,1774012490173421257,1774012490176627250,3205
277,1774012490178209734,1774012490182453345,4243
278,1774012490183941695,1774012490187757905,3816
279,1774012490189359038,1774012490193519333,4160
280,1774012490195122930,1774012490199478404,4355
281,1774012490201036258,1774012490205324730,4288
282,1774012490206837588,1774012490210886970,4049
283,1774012490212420488,1774012490216797472,4376
284,1774012490218373804,1774012490221593711,3219
285,1774012490223052878,1774012490227379197,4326
286,1774012490228884692,1774012490232586545,3701
287,1774012490234161354,1774012490237539659,3378
288,1774012490239061499,1774012490242331931,3270
289,1774012490243848406,1774012490247784514,3936
290,1774012490249391247,1774012490253558841,4167
291,1774012490255201540,1774012490258551925,3350
292,1774012490260124628,1774012490264554048,4429
293,1774012490266071677,1774012490270163209,4091
294,1774012490271315564,1774012490275625296,4309
295,1774012490277299248,1774012490280893877,3594
296,1774012490282250763,1774012490286476051,4225
297,1774012490288013593,1774012490291133755,3120
298,1774012490292742523,1774012490296849074,4106
299,1774012490298433611,1774012490302799542,4365
300,1774012490304371983,1774012490307602956,3230
301,1774012490309125867,1774012490312482183,3356
302,1774012490314134769,1774012490317641809,3507
303,1774012490319280675,1774012490323465485,4184
304,1774012490324999516,1774012490328833414,3833
305,1774012490330391390,1774012490334767775,4376
306,1774012490336357963,1774012490339958077,3600
307,1774012490341436984,1774012490345668055,4231
308,1774012490347170591,1774012490350511000,3340
309,1774012490352022763,1774012490355457760,3434
310,1774012490357033783,1774012490360431089,3397
311,1774012490361957158,1774012490366204327,4247
312,1774012490367779496,1774012490372238207,4458
313,1774012490373777520,1774012490377950113,4172
314,1774012490379560518,1774012490383617307,4056
315,1774012490385213881,1774012490389020124,3806
316,1774012490390611401,1774012490394224743,3613
317,1774012490395830340,1774012490399712012,3881
318,1774012490401321267,1774012490404585594,3264
319,1774012490406096367,1774012490409235361,3138
320,1774012490410839593,1774012490415028754,4189
321,1774012490416472038,1774012490419690013,3217
322,1774012490421120145,1774012490425449597,4329
323,1774012490427051759,1774012490430631399,3579
324,1774012490432292559,1774012490436475939,4183
325,1774012490437990941,1774012490442237369,4246
326,1774012490443799525,1774012490447959301,4159
327,1774012490449521399,1774012490453711942,4190
328,1774012490455246069,1774012490458497618,3251
329,1774012490460022077,1774012490463929096,3907
330,1774012490465509919,1774012490469450688,3940
331,1774012490470999752,1774012490474980462,3980
332,1774012490476486102,1774012490480451028,3964
333,1774012490482069307,1774012490486330989,4261
334,1774012490487901927,1774012490491949197,4047
335,1774012490493464548,1774012490497464935,4000
336,1774012490499092333,1774012490503253027,4160
337,1774012490504735320,1774012490508821598,4086
338,1774012490510360545,1774012490514622305,4261
339,1774012490516076613,1774012490520180357,4103
340,1774012490521771915,1774012490525981202,4209
341,1774012490527440869,1774012490531959546,4518
342,1774012490533510800,1774012490537080655,3569
343,1774012490538773801,1774012490542737063,3963
344,1774012490544327910,1774012490547977401,3649
345,1774012490549594729,1774012490553568445,3973
346,1774012490555184434,1774012490558451805,3267
347,1774012490559963389,1774012490564052993,4089
348,1774012490565552339,1774012490569783459,4231
349,1774012490571298502,1774012490574536366,3237
350,1774012490576026550,1774012490579441042,3414
351,1774012490581022083,1774012490584841024,3818
352,1774012490586363014,1774012490590092276,3729
353,1774012490591616522,1774012490595462028,3845
354,1774012490597075383,1774012490600413973,3338
355,1774012490601955825,1774012490605380477,3424
356,1774012490606912682,1774012490610964768,4052
357,1774012490612613057,1774012490616514501,3901
358,1774012490618056602,1774012490622097287,4040
359,1774012490623704722,1774012490627898092,4193
360,1774012490629460581,1774012490633443008,3982
361,1774012490634930956,1774012490638777861,3846
362,1774012490640310979,1774012490644464446,4153
363,1774012490645943005,1774012490649809524,3866
364,1774012490651392032,1774012490655443880,4051
365,1774012490656996557,1774012490660362415,3365
366,1774012490661919893,1774012490666240773,4320
367,1774012490667854975,1774012490671027898,3172
368,1774012490672772007,1774012490676456803,3684
369,1774012490678004306,1774012490681924406,3920
370,1774012490683518600,1774012490686805152,3286
371,1774012490688264380,1774012490692504585,4240
372,1774012490694237393,1774012490698423468,4186
373,1774012490699964737,1774012490703935757,3971
374,1774012490705491031,1774012490708871950,3380
375,1774012490710461735,1774012490714729551,4267
376,1774012490716244848,1774012490719544632,3299
377,1774012490721094818,1774012490724909203,3814
378,1774012490726442423,1774012490730420267,3977
379,1774012490731812846,1774012490735934619,4121
380,1774012490737480950,1774012490741667783,4186
381,1774012490743178745,1774012490746528146,3349
382,1774012490748153797,1774012490752355905,4202
383,1774012490753846187,1774012490757604476,3758
384,1774012490759056209,1774012490763215333,4159
385,1774012490764799362,1774012490769028200,4228
386,1774012490770632538,1774012490774801913,4169
387,1774012490776540692,1774012490779878238,3337
388,1774012490781411219,1774012490785066581,3655
389,1774012490786613854,1774012490790474669,3860
390,1774012490792036101,1774012490796035548,3999
391,1774012490797674668,1774012490801657875,3983
392,1774012490803279697,1774012490807580803,4301
393,1774012490809057639,1774012490813135588,4077
394,1774012490814557353,1774012490818542242,3984
395,1774012490819916005,1774012490823803024,3887
396,1774012490825393747,1774012490828567214,3173
397,1774012490829816342,1774012490834057979,4241
398,1774012490835612481,1774012490839065735,3453
399,1774012490840622588,1774012490844258118,3635
400,1774012490845834607,1774012490849711599,3876
401,1774012490851290288,1774012490855406649,4116
402,1774012490856942689,1774012490861156283,4213
403,1774012490862748644,1774012490866097840,3349
404,1774012490867682652,1774012490871816562,4133
405,1774012490873373050,1774012490877209094,3836
406,1774012490878770334,1774012490882956820,4186
407,1774012490884550929,1774012490888444674,3893
408,1774012490889999107,1774012490893407087,3407
409,1774012490894953655,1774012490899094113,4140
410,1774012490900658126,1774012490904484899,3826
411,1774012490906060437,1774012490910015008,3954
412,1774012490911593232,1774012490915054651,3461
413,1774012490916636835,1774012490920556169,3919
414,1774012490922016600,1774012490926159181,4142
415,1774012490927751204,1774012490931523059,3771
416,1774012490933118190,1774012490937385561,4267
417,1774012490938650345,1774012490942973813,4323
418,1774012490944404796,1774012490947958718,3553
419,1774012490949560121,1774012490954050837,4490
420,1774012490955271755,1774012490958573989,3302
421,1774012490959961744,1774012490963267221,3305
422,1774012490964731032,1774012490968641852,3910
423,1774012490970086301,1774012490974215186,4128
424,1774012490975815702,1774012490979963264,4147
425,1774012490981515767,1774012490985450920,3935
426,1774012490986990960,1774012490991125682,4134
427,1774012490992762628,1774012490996117021,3354
428,1774012490997656247,1774012491001839813,4183
429,1774012491003393399,1774012491006938602,3545
430,1774012491008546999,1774012491013124101,4577
431,1774012491014754083,1774012491019102465,4348
432,1774012491020617834,1774012491025085368,4467
433,1774012491026788483,1774012491030414836,3626
434,1774012491031866559,1774012491035839168,3972
435,1774012491037371017,1774012491041461119,4090
436,1774012491042936277,1774012491047061061,4124
437,1774012491048663639,1774012491052762251,4098
438,1774012491054347007,1774012491057619541,3272
439,1774012491059181063,1774012491062913342,3732
440,1774012491064478753,1774012491068066369,3587
441,1774012491069496333,1774012491073636442,4140
442,1774012491075083230,1774012491079460715,4377
443,1774012491081077513,1774012491085239318,4161
444,1774012491086701405,1774012491089912088,3210
445,1774012491091494700,1774012491095827235,4332
446,1774012491097197419,1774012491100805945,3608
447,1774012491102377551,1774012491105669583,3292
448,1774012491107212911,1774012491110550931,3338
449,1774012491112143442,1774012491116315142,4171
450,1774012491117883140,1774012491122217948,4334
451,1774012491123898518,1774012491128029137,4130
452,1774012491129725933,1774012491133780480,4054
453,1774012491135339255,1774012491139496545,4157
454,1774012491141031585,1774012491145157110,4125
455,1774012491146752093,1774012491150914276,4162
456,1774012491152484054,1774012491156714987,4230
457,1774012491158285552,1774012491161510500,3224
458,1774012491162971023,1774012491166395585,3424
459,1774012491167929794,1774012491172140658,4210
460,1774012491173718668,1774012491177518015,3799
461,1774012491179137945,1774012491182439529,3301
462,1774012491183867725,1774012491187961179,4093
463,1774012491189521523,1774012491193054150,3532
464,1774012491194614539,1774012491198209616,3595
465,1774012491199795731,1774012491203670168,3874
466,1774012491204981293,1774012491209291538,4310
467,1774012491210734743,1774012491214242983,3508
468,1774012491215840419,1774012491219318700,3478
469,1774012491220827144,1774012491225042074,4214
470,1774012491226211997,1774012491230534400,4322
471,1774012491231984463,1774012491235439324,3454
472,1774012491236733030,1774012491239986257,3253
473,1774012491241512096,1774012491244793757,3281
474,1774012491246383410,1774012491250095688,3712
475,1774012491251678507,1774012491255492757,3814
476,1774012491257041622,1774012491261151069,4109
477,1774012491262748602,1774012491266898179,4149
478,1774012491268475700,1774012491271707061,3231
479,1774012491273239010,1774012491277481260,4242
480,1774012491279109342,1774012491283473728,4364
481,1774012491285026024,1774012491289172677,4146
482,1774012491290731813,1774012491294444151,3712
483,1774012491296020923,1774012491299353599,3332
484,1774012491300966053,1774012491304379459,3413
485,1774012491305905862,1774012491309918594,4012
486,1774012491311496289,1774012491315393045,3896
487,1774012491316931155,1774012491320310267,3379
488,1774012491321793747,1774012491325239121,3445
489,1774012491326743914,1774012491330283161,3539
490,1774012491331709318,1774012491335280898,3571
491,1774012491336822648,1774012491340975190,4152
492,1774012491342502890,1774012491346454814,3951
493,1774012491348011309,1774012491351355449,3344
494,1774012491352897406,1774012491356909072,4011
495,1774012491358476289,1774012491361718903,3242
496,1774012491363240511,1774012491366984035,3743
497,1774012491368590284,1774012491372956051,4365
498,1774012491374555682,1774012491378447071,3891
499,1774012491379957197,1774012491383517683,3560
500,1774012491385074309,1774012491389383363,4309
501,1774012491390915485,1774012491394442882,3527
502,1774012491395990283,1774012491400117202,4126
503,1774012491401689385,1774012491405809153,4119
504,1774012491407324509,1774012491411337970,4013
505,1774012491412862015,1774012491416961634,4099
506,1774012491418545433,1774012491422710199,4164
507,1774012491424281080,1774012491427536550,3255
508,1774012491429262925,1774012491432591362,3328
509,1774012491434161526,1774012491437534029,3372
510,1774012491439156432,1774012491442496153,3339
511,1774012491444048004,1774012491447403857,3355
512,1774012491448934334,1774012491452463525,3529
513,1774012491454032687,1774012491458236361,4203
514,1774012491459809021,1774012491463692696,3883
515,1774012491465369830,1774012491469524483,4154
516,1774012491471010901,1774012491475318449,4307
517,1774012491476962215,1774012491480257441,3295
518,1774012491481833206,1774012491485286341,3453
519,1774012491486903816,1774012491490543989,3640
520,1774012491492162960,1774012491495225972,3063
521,1774012491496800449,1774012491500309731,3509
522,1774012491501580382,1774012491505116062,3535
523,1774012491506663162,1774012491510232987,3569
524,1774012491511808544,1774012491515283548,3475
525,1774012491516794368,1774012491520345507,3551
526,1774012491521879689,1774012491526081417,4201
527,1774012491527630502,1774012491531702424,4071
528,1774012491533287846,1774012491536649303,3361
529,1774012491538177309,1774012491541920358,3743
530,1774012491543503677,1774012491547371126,3867
531,1774012491548869160,1774012491552978561,4109
532,1774012491554527081,1774012491558434009,3906
533,1774012491559986247,1774012491564053560,4067
534,1774012491565639387,1774012491569186181,3546
535,1774012491570772389,1774012491574605331,3832
536,1774012491576128827,1774012491580147562,4018
537,1774012491581663127,1774012491585957362,4294
538,1774012491587514392,1774012491591574875,4060
539,1774012491593032500,1774012491596511746,3479
540,1774012491598056705,1774012491601820907,3764
541,1774012491603374156,1774012491606952327,3578
542,1774012491608653396,1774012491612923938,4270
543,1774012491614503803,1774012491618769918,4266
544,1774012491620136440,1774012491624372420,4235
545,1774012491625878024,1774012491629348318,3470
546,1774012491630975136,1774012491635232188,4257
547,1774012491636732025,1774012491640492607,3760
548,1774012491642169800,1774012491645322574,3152
549,1774012491646924148,1774012491650372109,3447
550,1774012491651863308,1774012491655343392,3480
551,1774012491656906807,1774012491660307607,3400
552,1774012491661856104,1774012491665267643,3411
553,1774012491666749762,1774012491671031548,4281
554,1774012491672617306,1774012491676033061,3415
555,1774012491677623623,1774012491681178346,3554
556,1774012491682744688,1774012491686830124,4085
557,1774012491688398748,1774012491692295036,3896
558,1774012491693852164,1774012491697994354,4142
559,1774012491699529114,1774012491703821407,4292
560,1774012491705360278,1774012491709375017,4014
561,1774012491710872267,1774012491714354052,3481
562,1774012491715869068,1774012491720020020,4150
563,1774012491721603731,1774012491725047602,3443
564,1774012491726548703,1774012491730121463,3572
565,1774012491731694714,1774012491735781932,4087
566,1774012491737384236,1774012491741308369,3924
567,1774012491742839861,1774012491746734214,3894
568,1774012491748291849,1774012491752748714,4456
569,1774012491754331747,1774012491757587246,3255
570,1774012491759019051,1774012491762836371,3817
571,1774012491764409285,1774012491768176955,3767
572,1774012491769862989,1774012491773304507,3441
573,1774012491774555737,1774012491777759987,3204
574,1774012491779138636,1774012491782730070,3591
575,1774012491784154423,1774012491787484822,3330
576,1774012491789167287,1774012491792519024,3351
577,1774012491794045629,1774012491797437893,3392
578,1774012491798862986,1774012491802752739,3889
579,1774012491804298971,1774012491807899059,3600
580,1774012491809430206,1774012491813060917,3630
581,1774012491814582216,1774012491818744316,4162
582,1774012491820264046,1774012491824279192,4015
583,1774012491825839104,1774012491829581709,3742
584,1774012491831135691,1774012491834454292,3318
585,1774012491836007676,1774012491839831054,3823
586,1774012491841408675,1774012491845452850,4044
587,1774012491847038347,1774012491850370653,3332
588,1774012491851890336,1774012491855997946,4107
589,1774012491857542683,1774012491861432112,3889
590,1774012491862983631,1774012491866413986,3430
591,1774012491867934727,1774012491871366038,3431
592,1774012491872906606,1774012491877089572,4182
593,1774012491878714062,1774012491881925848,3211
594,1774012491883550198,1774012491887311147,3760
595,1774012491888757556,1774012491893063371,4305
596,1774012491894585111,1774012491898040142,3455
597,1774012491899633309,1774012491903641824,4008
598,1774012491905077991,1774012491908904390,3826
599,1774012491910511826,1774012491914145372,3633
600,1774012491915599520,1774012491919855838,4256
601,1774012491921426287,1774012491925370601,3944
602,1774012491926971851,1774012491930926113,3954
603,1774012491932487779,1774012491936011372,3523
604,1774012491937567483,1774012491941679607,4112
605,1774012491943087356,1774012491946902571,3815
606,1774012491948407788,1774012491952555163,4147
607,1774012491954090542,1774012491957398019,3307
608,1774012491958886089,1774012491962382862,3496
609,1774012491963845837,1774012491967962398,4116
610,1774012491969495975,1774012491972986960,3490
611,1774012491974556497,1774012491978624037,4067
612,1774012491980322293,1774012491984418665,4096
613,1774012491985964216,1774012491989968808,4004
614,1774012491991511059,1774012491995041715,3530
615,1774012491996503144,1774012492000713714,4210
616,1774012492002264472,1774012492005505651,3241
617,1774012492007044345,1774012492010391703,3347
618,1774012492011944942,1774012492015969443,4024
619,1774012492017414847,1774012492021438705,4023
620,1774012492022891201,1774012492026150055,3258
621,1774012492027624913,1774012492031533011,3908
622,1774012492033002135,1774012492036471825,3469
623,1774012492038015926,1774012492041252785,3236
624,1774012492042974692,1774012492046199121,3224
625,1774012492047812745,1774012492051909231,4096
626,1774012492053479321,1774012492057519464,4040
627,1774012492059129706,1774012492063316282,4186
628,1774012492064846412,1774012492068982582,4136
629,1774012492070553168,1774012492074723642,4170
630,1774012492076278044,1774012492079569938,3291
631,1774012492081137673,1774012492084903598,3765
632,1774012492086429506,1774012492090351507,3922
633,1774012492091888053,1774012492095357213,3469
634,1774012492096962168,1774012492101028172,4066
635,1774012492102631582,1774012492106786058,4154
636,1774012492108332614,1774012492112460551,4127
637,1774012492114077218,1774012492117422729,3345
638,1774012492118889235,1774012492123055111,4165
639,1774012492124761330,1774012492128529164,3767
640,1774012492130108892,1774012492133492357,3383
641,1774012492135059085,1774012492138992218,3933
642,1774012492140423531,1774012492143786778,3363
643,1774012492145343644,1774012492149769811,4426
644,1774012492151276761,1774012492155507551,4230
645,1774012492157205541,1774012492160478914,3273
646,1774012492162053143,1774012492165057308,3004
647,1774012492166397089,1774012492170309322,3912
648,1774012492171449882,1774012492174735201,3285
649,1774012492176328097,1774012492179456100,3128
650,1774012492180935207,1774012492184419541,3484
651,1774012492185931737,1774012492189376721,3444
652,1774012492190818605,1774012492194739942,3921
653,1774012492196264801,1774012492199977268,3712
654,1774012492201523151,1774012492205710316,4187
655,1774012492207313741,1774012492210681204,3367
656,1774012492212306448,1774012492216103780,3797
657,1774012492217727335,1774012492221765027,4037
658,1774012492223526753,1774012492227818353,4291
659,1774012492229661763,1774012492233505479,3843
660,1774012492235382832,1774012492239597266,4214
661,1774012492241324708,1774012492244741535,3416
662,1774012492246442529,1774012492250150427,3707
663,1774012492251815979,1774012492255828066,4012
664,1774012492257569055,1774012492261467733,3898
665,1774012492263112943,1774012492267024226,3911
666,1774012492268663762,1774012492272754736,4090
667,1774012492274453321,1774012492278924766,4471
668,1774012492280720609,1774012492284879229,4158
669,1774012492286514050,1774012492291183898,4669
670,1774012492292770433,1774012492297083695,4313
671,1774012492298724627,1774012492302708465,3983
672,1774012492304485807,1774012492308911463,4425
673,1774012492310530624,1774012492313864407,3333
674,1774012492315357457,1774012492319222762,3865
675,1774012492320962776,1774012492325261349,4298
676,1774012492326807159,1774012492330512543,3705
677,1774012492332183896,1774012492336726268,4542
678,1774012492338559608,1774012492342853159,4293
679,1774012492344836419,1774012492349463263,4626
680,1774012492351283849,1774012492355604907,4321
681,1774012492357505209,1774012492361902029,4396
682,1774012492363801325,1774012492368182194,4380
683,1774012492370382599,1774012492374663878,4281
684,1774012492376348311,1774012492380388876,4040
685,1774012492382251016,1774012492386542984,4291
686,1774012492388224583,1774012492392642196,4417
687,1774012492394468196,1774012492398640556,4172
688,1774012492400455616,1774012492404860236,4404
689,1774012492406792048,1774012492411039972,4247
690,1774012492412922036,1774012492417372185,4450
691,1774012492419252428,1774012492423151187,3898
692,1774012492424841452,1774012492429245834,4404
693,1774012492431016742,1774012492434552452,3535
694,1774012492436225531,1774012492439640248,3414
695,1774012492441302076,1774012492445585766,4283
696,1774012492447144164,1774012492450544355,3400
697,1774012492452145650,1774012492456916558,4770
698,1774012492458542584,1774012492461980690,3438
699,1774012492463564529,1774012492467339465,3774
700,1774012492469119194,1774012492472987170,3867
701,1774012492474634445,1774012492478395593,3761
702,1774012492479987375,1774012492484083869,4096
703,1774012492485759640,1774012492490010918,4251
704,1774012492491702039,1774012492495921511,4219
705,1774012492497720377,1774012492502157200,4436
706,1774012492503921352,1774012492508048621,4127
707,1774012492509761351,1774012492514011756,4250
708,1774012492515676176,1774012492519743017,4066
709,1774012492521496659,1774012492525734428,4237
710,1774012492527471645,1774012492531419648,3948
711,1774012492533289451,1774012492537838541,4549
712,1774012492539568231,1774012492543652819,4084
713,1774012492545493256,1774012492549889687,4396
714,1774012492551775458,1774012492555604522,3829
715,1774012492557459555,1774012492561833023,4373
716,1774012492563613746,1774012492568075291,4461
717,1774012492569729528,1774012492573399356,3669
718,1774012492575098684,1774012492578748210,3649
719,1774012492580543631,1774012492584962868,4419
720,1774012492586634791,1774012492591032126,4397
721,1774012492592662307,1774012492596345410,3683
722,1774012492597933058,1774012492602108545,4175
723,1774012492603923959,1774012492608079878,4155
724,1774012492609788401,1774012492614167424,4379
725,1774012492615925434,1774012492620331177,4405
726,1774012492622030610,1774012492626415063,4384
727,1774012492628263822,1774012492632507037,4243
728,1774012492634186268,1774012492638378115,4191
729,1774012492640030375,1774012492644513368,4482
730,1774012492646228400,1774012492650443957,4215
731,1774012492652426995,1774012492656927083,4500
732,1774012492658635500,1774012492663004380,4368
733,1774012492664887747,1774012492669233129,4345
734,1774012492671146751,1774012492675377164,4230
735,1774012492676998603,1774012492681351563,4352
736,1774012492683203967,1774012492687431520,4227
737,1774012492689305553,1774012492693876976,4571
738,1774012492695724851,1774012492699460548,3735
739,1774012492701212463,1774012492704783863,3571
740,1774012492706113309,1774012492709634567,3521
741,1774012492711953984,1774012492715710178,3756
742,1774012492716923568,1774012492720162713,3239
743,1774012492721825721,1774012492725867890,4042
744,1774012492727422361,1774012492730803944,3381
745,1774012492732347479,1774012492736137519,3790
746,1774012492737672662,1774012492741367281,3694
747,1774012492743015883,1774012492747247620,4231
748,1774012492748907547,1774012492752535974,3628
749,1774012492754150575,1774012492758438650,4288
750,1774012492760158404,1774012492764005587,3847
751,1774012492765976587,1774012492770025822,4049
752,1774012492771945032,1774012492775540923,3595
753,1774012492777405496,1774012492781662299,4256
754,1774012492783409887,1774012492787303342,3893
755,1774012492789359267,1774012492793851873,4492
756,1774012492795559834,1774012492799423606,3863
757,1774012492801144669,1774012492805630163,4485
758,1774012492807510328,1774012492811208261,3697
759,1774012492812968748,1774012492817267044,4298
760,1774012492819008621,1774012492822961347,3952
761,1774012492824650754,1774012492829092858,4442
762,1774012492830907332,1774012492835023157,4115
763,1774012492836603736,1774012492841231658,4627
764,1774012492842898450,1774012492846901753,4003
765,1774012492848518186,1774012492851783118,3264
766,1774012492853091176,1774012492856994789,3903
767,1774012492858625191,1774012492862715755,4090
768,1774012492864147118,1774012492867862782,3715
769,1774012492869221615,1774012492873499174,4277
770,1774012492875134804,1774012492879026667,3891
771,1774012492880910415,1774012492884510234,3599
772,1774012492886183062,1774012492890452786,4269
773,1774012492892311394,1774012492895910072,3598
774,1774012492897815810,1774012492902201537,4385
775,1774012492903861400,1774012492907594163,3732
776,1774012492909368363,1774012492913730248,4361
777,1774012492915437390,1774012492919216978,3779
778,1774012492920971685,1774012492925473195,4501
779,1774012492927244853,1774012492931057972,3813
780,1774012492932675338,1774012492936521372,3846
781,1774012492938191269,1774012492942433715,4242
782,1774012492944271989,1774012492948626083,4354
783,1774012492950509376,1774012492954714611,4205
784,1774012492956434102,1774012492960659172,4225
785,1774012492962359977,1774012492966215740,3855
786,1774012492967961302,1774012492972401113,4439
787,1774012492974242982,1774012492978447888,4204
788,1774012492980164133,1774012492984410921,4246
789,1774012492986072896,1774012492990086913,4014
790,1774012492991407814,1774012492994845047,3437
791,1774012492996289353,1774012493000060946,3771
792,1774012493001474374,1774012493004812443,3338
793,1774012493006486447,1774012493009879448,3393
794,1774012493011521482,1774012493015388064,3866
795,1774012493016982455,1774012493021138621,4156
796,1774012493022758867,1774012493027042753,4283
797,1774012493028801153,1774012493033003874,4202
798,1774012493034901263,1774012493039556823,4655
799,1774012493041384400,1774012493045604442,4220
800,1774012493047354670,1774012493051958581,4603
801,1774012493053719317,1774012493057784686,4065
802,1774012493059469083,1774012493064064222,4595
803,1774012493065933516,1774012493069917923,3984
804,1774012493071625237,1774012493076182424,4557
805,1774012493078010538,1774012493082277588,4267
806,1774012493084088100,1774012493088401495,4313
807,1774012493090125504,1774012493093819717,3694
808,1774012493095751976,1774012493099555198,3803
809,1774012493101384893,1774012493105330415,3945
810,1774012493107037468,1774012493111369032,4331
811,1774012493113173023,1774012493117178749,4005
812,1774012493118915130,1774012493122520993,3605
813,1774012493124096123,1774012493128352427,4256
814,1774012493130104232,1774012493134717684,4613
815,1774012493136055187,1774012493140545101,4489
816,1774012493142070455,1774012493145894245,3823
817,1774012493147397489,1774012493150693439,3295
818,1774012493152281699,1774012493155737024,3455
819,1774012493157367875,1774012493161823810,4455
820,1774012493163667401,1774012493167694324,4026
821,1774012493169442599,1774012493173930814,4488
822,1774012493175671401,1774012493179931992,4260
823,1774012493181706724,1774012493186243206,4536
824,1774012493187890789,1774012493192004448,4113
825,1774012493193807143,1774012493198207172,4400
826,1774012493199862591,1774012493203772253,3909
827,1774012493205351769,1774012493209596893,4245
828,1774012493211372131,1774012493215633730,4261
829,1774012493217479137,1774012493221890206,4411
830,1774012493223673685,1774012493227705325,4031
831,1774012493229362205,1774012493232883496,3521
832,1774012493234664098,1774012493238441644,3777
833,1774012493240196436,1774012493244346664,4150
834,1774012493245975546,1774012493249490847,3515
835,1774012493251223895,1774012493255601823,4377
836,1774012493257483862,1774012493262013857,4529
837,1774012493263627033,1774012493266976592,3349
838,1774012493268471213,1774012493272263079,3791
839,1774012493273884403,1774012493278102119,4217
840,1774012493279752210,1774012493282980875,3228
841,1774012493284625347,1774012493288324686,3699
842,1774012493289850927,1774012493293524849,3673
843,1774012493295113969,1774012493299449048,4335
844,1774012493301145741,1774012493304720524,3574
845,1774012493306369760,1774012493310167553,3797
846,1774012493311899371,1774012493315933772,4034
847,1774012493317662002,1774012493321712969,4050
848,1774012493323484919,1774012493327733042,4248
849,1774012493329528895,1774012493333675830,4146
850,1774012493335349330,1774012493339594919,4245
851,1774012493341412964,1774012493345543195,4130
852,1774012493347282077,1774012493351637455,4355
853,1774012493353553731,1774012493357350920,3797
854,1774012493359145794,1774012493363620891,4475
855,1774012493365448360,1774012493369211636,3763
856,1774012493370917564,1774012493375313898,4396
857,1774012493377032902,1774012493380819716,3786
858,1774012493382512909,1774012493386976210,4463
859,1774012493388687732,1774012493392883791,4196
860,1774012493394511222,1774012493398936722,4425
861,1774012493400579893,1774012493404016096,3436
862,1774012493405584705,1774012493410040338,4455
863,1774012493411417599,1774012493415321974,3904
864,1774012493417083226,1774012493420472863,3389
865,1774012493422073466,1774012493426486820,4413
866,1774012493428291008,1774012493431705990,3414
867,1774012493433397460,1774012493437204499,3807
868,1774012493439066030,1774012493442548862,3482
869,1774012493444207559,1774012493448424053,4216
870,1774012493450049890,1774012493453611093,3561
871,1774012493455163145,1774012493459460995,4297
872,1774012493461155003,1774012493465223242,4068
873,1774012493467031619,1774012493470717642,3686
874,1774012493472515973,1774012493476679813,4163
875,1774012493478534744,1774012493482404108,3869
876,1774012493484147085,1774012493488659738,4512
877,1774012493490506813,1774012493494394916,3888
878,1774012493496088215,1774012493500405000,4316
879,1774012493502213620,1774012493506346132,4132
880,1774012493508237601,1774012493512529841,4292
881,1774012493514285373,1774012493518246977,3961
882,1774012493520046096,1774012493524390246,4344
883,1774012493526065621,1774012493530489885,4424
884,1774012493532183348,1774012493536111232,3927
885,1774012493537717907,1774012493541397169,3679
886,1774012493543127867,1774012493546482065,3354
887,1774012493548016400,1774012493551158816,3142
888,1774012493552500571,1774012493556548095,4047
889,1774012493558154683,1774012493561603095,3448
890,1774012493563276136,1774012493566616710,3340
891,1774012493568272975,1774012493572492771,4219
892,1774012493574099314,1774012493577839611,3740
893,1774012493579485024,1774012493583240931,3755
894,1774012493584896723,1774012493588994806,4098
895,1774012493590864933,1774012493595097776,4232
896,1774012493596805891,1774012493601019860,4213
897,1774012493602691932,1774012493607085620,4393
898,1774012493608728678,1774012493612732870,4004
899,1774012493614404805,1774012493618603238,4198
900,1774012493620315151,1774012493624526611,4211
901,1774012493626175374,1774012493630458434,4283
902,1774012493632078826,1774012493636452743,4373
903,1774012493638367084,1774012493642641620,4274
904,1774012493644381904,1774012493648528069,4146
905,1774012493650348998,1774012493653881381,3532
906,1774012493655572284,1774012493659965066,4392
907,1774012493661612216,1774012493666009846,4397
908,1774012493667694465,1774012493671035808,3341
909,1774012493672128866,1774012493675259846,3130
910,1774012493676469668,1774012493679751195,3281
911,1774012493681230815,1774012493685097711,3866
912,1774012493686761429,1774012493690637967,3876
913,1774012493692249743,1774012493695595646,3345
914,1774012493697214312,1774012493701493699,4279
915,1774012493703138278,1774012493707060216,3921
916,1774012493708630519,1774012493713028172,4397
917,1774012493714714159,1774012493718654311,3940
918,1774012493720350762,1774012493723752933,3402
919,1774012493725600758,1774012493729814317,4213
920,1774012493731463975,1774012493735144610,3680
921,1774012493736850836,1774012493741163616,4312
922,1774012493742916139,1774012493746852500,3936
923,1774012493748723731,1774012493753201566,4477
924,1774012493754941516,1774012493759122985,4181
925,1774012493760897922,1774012493765177345,4279
926,1774012493766955559,1774012493770679625,3724
927,1774012493772454491,1774012493775979139,3524
928,1774012493777807422,1774012493782028986,4221
929,1774012493783752752,1774012493787604098,3851
930,1774012493789348596,1774012493792875416,3526
931,1774012493794685542,1774012493799429866,4744
932,1774012493801126460,1774012493805618553,4492
933,1774012493807301381,1774012493811082207,3780
934,1774012493812697717,1774012493817129777,4432
935,1774012493818742753,1774012493822419112,3676
936,1774012493824100852,1774012493828592975,4492
937,1774012493829788823,1774012493834145400,4356
938,1774012493835798210,1774012493839857609,4059
939,1774012493841547063,1774012493845980259,4433
940,1774012493847627598,1774012493851958273,4330
941,1774012493853577568,1774012493858047000,4469
942,1774012493859972135,1774012493864474020,4501
943,1774012493866282078,1774012493870523602,4241
944,1774012493872265624,1774012493876464112,4198
945,1774012493878224509,1774012493882522091,4297
946,1774012493884369009,1774012493888526116,4157
947,1774012493890298570,1774012493894556898,4258
948,1774012493896202743,1774012493899638162,3435
949,1774012493901268792,1774012493904715755,3446
950,1774012493906357811,1774012493910710439,4352
951,1774012493912432720,1774012493916403761,3971
952,1774012493918071735,1774012493922103918,4032
953,1774012493923799717,1774012493927723250,3923
954,1774012493929368572,1774012493933473028,4104
955,1774012493935216078,1774012493938935049,3718
956,1774012493940587811,1774012493944933981,4346
957,1774012493946442305,1774012493950003490,3561
958,1774012493951593616,1774012493954916273,3322
959,1774012493956556015,1774012493961068220,4512
960,1774012493962626689,1774012493966260816,3634
961,1774012493967837211,1774012493971426103,3588
962,1774012493973074394,1774012493976615066,3540
963,1774012493978276046,1774012493982366713,4090
964,1774012493983978277,1774012493987529440,3551
965,1774012493989136912,1774012493993421866,4284
966,1774012493995112688,1774012493999015605,3902
967,1774012494000961871,1774012494005437930,4476
968,1774012494007100393,1774012494011216285,4115
969,1774012494013042079,1774012494017415617,4373
970,1774012494019094415,1774012494023273550,4179
971,1774012494025164761,1774012494029525257,4360
972,1774012494031187080,1774012494035514895,4327
973,1774012494037385118,1774012494041675444,4290
974,1774012494043365808,1774012494047838939,4473
975,1774012494049592042,1774012494053842451,4250
976,1774012494055599446,1774012494059817064,4217
977,1774012494061700502,1774012494065980551,4280
978,1774012494067770408,1774012494072053657,4283
979,1774012494073841672,1774012494077713699,3872
980,1774012494079426450,1774012494083880842,4454
981,1774012494085583986,1774012494088959517,3375
982,1774012494090625381,1774012494095056442,4431
983,1774012494096505071,1774012494101132298,4627
984,1774012494102875865,1774012494106577440,3701
985,1774012494108095814,1774012494112383400,4287
986,1774012494114193794,1774012494118563744,4369
987,1774012494120309310,1774012494124643195,4333
988,1774012494126300385,1774012494130701394,4401
989,1774012494132414334,1774012494135923335,3509
990,1774012494137524245,1774012494141097886,3573
991,1774012494142709172,1774012494146380387,3671
992,1774012494147955015,1774012494151402976,3447
993,1774012494153018499,1774012494156921597,3903
994,1774012494158535158,1774012494162811786,4276
995,1774012494164430975,1774012494168620360,4189
996,1774012494170204554,1774012494173636556,3432
997,1774012494175473282,1774012494179764852,4291
998,1774012494181546515,1774012494185378237,3831
999,1774012494187291648,1774012494191155653,3864
1000,1774012494192890861,1774012494196711212,3820
1001,1774012494198607938,1774012494202903367,4295
1002,1774012494204746925,1774012494209034580,4287
1003,1774012494210939736,1774012494215484324,4544
1004,1774012494217352803,1774012494220873579,3520
1005,1774012494222497308,1774012494227092065,4594
1006,1774012494228688208,1774012494233147622,4459
1007,1774012494234726897,1774012494238518495,3791
1008,1774012494240276043,1774012494244736046,4460
1009,1774012494246462664,1774012494249803687,3341
1010,1774012494251401100,1774012494254939561,3538
1011,1774012494256571509,1774012494260703487,4131
1012,1774012494262358400,1774012494266163534,3805
1013,1774012494267891216,1774012494272261052,4369
1014,1774012494274017100,1774012494278268880,4251
1015,1774012494279941078,1774012494283613712,3672
1016,1774012494285524664,1774012494289780586,4255
1017,1774012494291520227,1774012494295409098,3888
1018,1774012494297227415,1774012494301989134,4761
1019,1774012494303967654,1774012494307610887,3643
1020,1774012494309430604,1774012494313600344,4169
1021,1774012494315280804,1774012494319134131,3853
1022,1774012494320873702,1774012494324716228,3842
1023,1774012494326466794,1774012494330618080,4151
1024,1774012494332363509,1774012494335989095,3625
1025,1774012494337682493,1774012494342124387,4441
1026,1774012494343931404,1774012494347568810,3637
1027,1774012494349411853,1774012494353895481,4483
1028,1774012494355687019,1774012494359418327,3731
1029,1774012494361052313,1774012494365571726,4519
1030,1774012494367317465,1774012494371733454,4415
1031,1774012494373064106,1774012494377495691,4431
1032,1774012494379208265,1774012494383516977,4308
1033,1774012494385281798,1774012494389313204,4031
1034,1774012494390986873,1774012494395016155,4029
1035,1774012494396696087,1774012494401165873,4469
1036,1774012494402881774,1774012494406941181,4059
1037,1774012494408745245,1774012494412593785,3848
1038,1774012494414446375,1774012494418726216,4279
1039,1774012494420898304,1774012494424686629,3788
1040,1774012494426463320,1774012494430706519,4243
1041,1774012494432563851,1774012494437193925,4630
1042,1774012494438992361,1774012494443496657,4504
1043,1774012494445437022,1774012494449979558,4542
1044,1774012494451700946,1774012494455726853,4025
1045,1774012494457735250,1774012494462271845,4536
1046,1774012494463969920,1774012494468046252,4076
1047,1774012494469932099,1774012494474449771,4517
1048,1774012494476097589,1774012494480126537,4028
1049,1774012494481920257,1774012494485761602,3841
1050,1774012494487521908,1774012494492186230,4664
1051,1774012494493821600,1774012494498147489,4325
1052,1774012494499803831,1774012494503668406,3864
1053,1774012494505324015,1774012494509219532,3895
1054,1774012494510900976,1774012494515401795,4500
1055,1774012494517077087,1774012494521337503,4260
1056,1774012494522836412,1774012494526536899,3700
1057,1774012494528150462,1774012494531531786,3381
1058,1774012494533149846,1774012494536630438,3480
1059,1774012494538371864,1774012494542467369,4095
1060,1774012494544077985,1774012494547624503,3546
1061,1774012494549348664,1774012494553560045,4211
1062,1774012494555201716,1774012494559418935,4217
1063,1774012494561305001,1774012494565273217,3968
1064,1774012494566956528,1774012494571188595,4232
1065,1774012494572963520,1774012494577418691,4455
1066,1774012494579182651,1774012494583416973,4234
1067,1774012494585475145,1774012494589870426,4395
1068,1774012494591634493,1774012494595434467,3799
1069,1774012494597214022,1774012494601796593,4582
1070,1774012494603594551,1774012494607861665,4267
1071,1774012494609621379,1774012494614081861,4460
1072,1774012494615934697,1774012494620340831,4406
1073,1774012494622038991,1774012494626523935,4484
1074,1774012494628347624,1774012494632710685,4363
1075,1774012494634280771,1774012494638463689,4182
1076,1774012494639933314,1774012494643468271,3534
1077,1774012494645198652,1774012494648983706,3785
1078,1774012494650524733,1774012494653972693,3447
1079,1774012494655356407,1774012494658907984,3551
1080,1774012494660556314,1774012494664182286,3625
1081,1774012494665854890,1774012494669429629,3574
1082,1774012494671330891,1774012494675163715,3832
1083,1774012494676798589,1774012494681114310,4315
1084,1774012494682764627,1774012494686612066,3847
1085,1774012494688312087,1774012494692496546,4184
1086,1774012494694142460,1774012494697628603,3486
1087,1774012494699464501,1774012494703681772,4217
1088,1774012494705485103,1774012494709266678,3781
1089,1774012494711062755,1774012494715585750,4522
1090,1774012494717383802,1774012494721835430,4451
1091,1774012494723747813,1774012494728223867,4476
1092,1774012494730094285,1774012494733726556,3632
1093,1774012494735408545,1774012494739118268,3709
1094,1774012494740746978,1774012494744879161,4132
1095,1774012494746544991,1774012494750296927,3751
1096,1774012494751969614,1774012494755531883,3562
1097,1774012494757167560,1774012494761399049,4231
1098,1774012494763020175,1774012494766958738,3938
1099,1774012494768586171,1774012494772425227,3839
1100,1774012494774071797,1774012494777926500,3854
1101,1774012494779539888,1774012494782909330,3369
1102,1774012494784512756,1774012494787847356,3334
1103,1774012494789470686,1774012494792640438,3169
1104,1774012494794286194,1774012494797755044,3468
1105,1774012494799563555,1774012494803014035,3450
1106,1774012494804638295,1774012494808591609,3953
1107,1774012494810187718,1774012494813989351,3801
1108,1774012494815628479,1774012494818995977,3367
1109,1774012494820654559,1774012494824876373,4221
1110,1774012494826502549,1774012494830193968,3691
1111,1774012494831767505,1774012494835972760,4205
1112,1774012494837791036,1774012494841886333,4095
1113,1774012494843748256,1774012494847959381,4211
1114,1774012494849664947,1774012494853970875,4305
1115,1774012494855880076,1774012494860036032,4155
1116,1774012494861709347,1774012494866023805,4314
1117,1774012494867867343,1774012494871999617,4132
1118,1774012494873924699,1774012494878379423,4454
1119,1774012494880342673,1774012494884344770,4002
1120,1774012494886117042,1774012494890317770,4200
1121,1774012494891998351,1774012494896027163,4028
1122,1774012494897782705,1774012494902223699,4440
1123,1774012494903789221,1774012494907870530,4081
1124,1774012494909606424,1774012494914114678,4508
1125,1774012494915616085,1774012494918980003,3363
1126,1774012494920574562,1774012494925006542,4431
1127,1774012494926618586,1774012494930338216,3719
1128,1774012494931821509,1774012494935463095,3641
1129,1774012494937096223,1774012494941298491,4202
1130,1774012494942953974,1774012494946543600,3589
1131,1774012494948210676,1774012494951711141,3500
1132,1774012494953444010,1774012494957357688,3913
1133,1774012494959054172,1774012494963034380,3980
1134,1774012494964875799,1774012494969039488,4163
1135,1774012494970848597,1774012494974872342,4023
1136,1774012494976747926,1774012494980777580,4029
1137,1774012494982422513,1774012494986687232,4264
1138,1774012494988704121,1774012494992851437,4147
1139,1774012494994546422,1774012494998712810,4166
1140,1774012495000378491,1774012495004630076,4251
1141,1774012495006464188,1774012495010816872,4352
1142,1774012495012521771,1774012495016714300,4192
1143,1774012495018563112,1774012495022664452,4101
1144,1774012495024450318,1774012495028037552,3587
1145,1774012495029899165,1774012495033655026,3755
1146,1774012495035436331,1774012495039221378,3785
1147,1774012495040896975,1774012495044927554,4030
1148,1774012495046640236,1774012495050848400,4208
1149,1774012495052571934,1774012495056523070,3951
1150,1774012495058093471,1774012495062619066,4525
1151,1774012495064357387,1774012495068773688,4416
1152,1774012495070170093,1774012495073973581,3803
1153,1774012495075754906,1774012495079850960,4096
1154,1774012495081287106,1774012495085434524,4147
1155,1774012495087082582,1774012495091540980,4458
1156,1774012495093196799,1774012495096590011,3393
1157,1774012495098267599,1774012495101740298,3472
1158,1774012495103455030,1774012495106965467,3510
1159,1774012495108586882,1774012495112724297,4137
1160,1774012495114481349,1774012495118244051,3762
1161,1774012495119981868,1774012495124369305,4387
1162,1774012495126038834,1774012495130574056,4535
1163,1774012495132570324,1774012495136619659,4049
1164,1774012495138283745,1774012495142401229,4117
1165,1774012495144146261,1774012495147597768,3451
1166,1774012495149207277,1774012495153580605,4373
1167,1774012495155236228,1774012495159398513,4162
1168,1774012495161099260,1774012495165219452,4120
1169,1774012495166782831,1774012495171157411,4374
1170,1774012495172921566,1774012495177332066,4410
1171,1774012495179198500,1774012495183447516,4249
1172,1774012495185360048,1774012495188780887,3420
1173,1774012495190396629,1774012495194208490,3811
1174,1774012495195930604,1774012495199476077,3545
1175,1774012495201133459,1774012495205425025,4291
1176,1774012495206936897,1774012495210142404,3205
1177,1774012495211565306,1774012495214901803,3336
1178,1774012495216416980,1774012495220593167,4176
1179,1774012495222187000,1774012495226369105,4182
1180,1774012495228046748,1774012495231970067,3923
1181,1774012495233800695,1774012495238270808,4470
1182,1774012495239924320,1774012495244103388,4179
1183,1774012495245757691,1774012495250067628,4309
1184,1774012495251904143,1774012495256229389,4325
1185,1774012495257849579,1774012495262465316,4615
1186,1774012495264362456,1774012495268158365,3795
1187,1774012495269790410,1774012495273390955,3600
1188,1774012495275137617,1774012495279402009,4264
1189,1774012495281089154,1774012495284902761,3813
1190,1774012495286574831,1774012495291139641,4564
1191,1774012495292966979,1774012495296924523,3957
1192,1774012495298598250,1774012495303316033,4717
1193,1774012495304966560,1774012495308588964,3622
1194,1774012495310367008,1774012495313898526,3531
1195,1774012495315620685,1774012495319712717,4092
1196,1774012495321435373,1774012495325314243,3878
1197,1774012495326989373,1774012495330582025,3592
1198,1774012495332273797,1774012495336441700,4167
1199,1774012495338144155,1774012495342239926,4095
1200,1774012495343828831,1774012495347578322,3749
1201,1774012495349270825,1774012495353451335,4180
1202,1774012495355129705,1774012495359019116,3889
1203,1774012495360712387,1774012495364959966,4247
1204,1774012495366670919,1774012495370733881,4062
1205,1774012495372692574,1774012495377102496,4409
1206,1774012495378913716,1774012495383237657,4323
1207,1774012495385135579,1774012495389345327,4209
1208,1774012495390984631,1774012495395328800,4344
1209,1774012495397013283,1774012495401384653,4371
1210,1774012495403063363,1774012495407379160,4315
1211,1774012495409061485,1774012495413433519,4372
1212,1774012495415160902,1774012495419043822,3882
1213,1774012495420888247,1774012495425109247,4221
1214,1774012495426759568,1774012495431005997,4246
1215,1774012495432914086,1774012495436522276,3608
1216,1774012495438211190,1774012495442148611,3937
1217,1774012495443916232,1774012495447729912,3813
1218,1774012495449598505,1774012495453785554,4187
1219,1774012495455690647,1774012495459465401,3774
1220,1774012495461211412,1774012495465661679,4450
1221,1774012495467286265,1774012495470573574,3287
1222,1774012495472237413,1774012495475910408,3672
1223,1774012495477794703,1774012495481446306,3651
1224,1774012495483086100,1774012495486782888,3696
1225,1774012495488526568,1774012495491880419,3353
1226,1774012495493536200,1774012495497879406,4343
1227,1774012495499583036,1774012495503487039,3904
1228,1774012495505115441,1774012495508623227,3507
1229,1774012495510269172,1774012495513708828,3439
1230,1774012495515351651,1774012495519450154,4098
1231,1774012495521080899,1774012495525339848,4258
1232,1774012495527226213,1774012495531444077,4217
1233,1774012495533055469,1774012495537431815,4376
1234,1774012495539422729,1774012495543337990,3915
1235,1774012495544989156,1774012495549484524,4495
1236,1774012495551405267,1774012495555834925,4429
1237,1774012495557844145,1774012495562258118,4413
1238,1774012495564147434,1774012495568517729,4370
1239,1774012495570129334,1774012495573672052,3542
1240,1774012495575451956,1774012495579021162,3569
1241,1774012495580912828,1774012495585346470,4433
1242,1774012495587013385,1774012495590536038,3522
1243,1774012495592230047,1774012495595730191,3500
1244,1774012495597426095,1774012495601676294,4250
1245,1774012495603400856,1774012495607802257,4401
1246,1774012495609324501,1774012495612726798,3402
1247,1774012495614310725,1774012495618484615,4173
1248,1774012495620130673,1774012495623496044,3365
1249,1774012495625072499,1774012495629036078,3963
1250,1774012495630734106,1774012495634858438,4124
1251,1774012495636504228,1774012495640521728,4017
1252,1774012495642166120,1774012495646472589,4306
1253,1774012495648253962,1774012495651719863,3465
1254,1774012495653352737,1774012495657242198,3889
1255,1774012495658958427,1774012495662491117,3532
1256,1774012495664185937,1774012495668356193,4170
1257,1774012495669980445,1774012495674101285,4120
1258,1774012495675757866,1774012495680015704,4257
1259,1774012495681728204,1774012495685483071,3754
1260,1774012495687240245,1774012495691464392,4224
1261,1774012495693110932,1774012495697352819,4241
1262,1774012495698975618,1774012495702690236,3714
1263,1774012495704464569,1774012495708723889,4259
1264,1774012495710633482,1774012495714543850,3910
1265,1774012495716265601,1774012495720592197,4326
1266,1774012495722484315,1774012495726407506,3923
1267,1774012495728101561,1774012495731556084,3454
1268,1774012495733192758,1774012495737035476,3842
1269,1774012495738658334,1774012495743146649,4488
1270,1774012495744747422,1774012495748720420,3972
1271,1774012495750360725,1774012495754927243,4566
1272,1774012495756290343,1774012495759985962,3695
1273,1774012495761554339,1774012495766129657,4575
1274,1774012495767806971,1774012495771268512,3461
1275,1774012495772800500,1774012495776951784,4151
1276,1774012495778554775,1774012495782795812,4241
1277,1774012495784458345,1774012495788969866,4511
1278,1774012495790869100,1774012495795037848,4168
1279,1774012495796821854,1774012495800485410,3663
1280,1774012495802167077,1774012495806618298,4451
1281,1774012495808491634,1774012495812172416,3680
1282,1774012495813823400,1774012495817852729,4029
1283,1774012495819642121,1774012495824086911,4444
1284,1774012495825871478,1774012495830235145,4363
1285,1774012495832048381,1774012495836279294,4230
1286,1774012495837983536,1774012495842206007,4222
1287,1774012495843898200,1774012495848046849,4148
1288,1774012495849677524,1774012495853844423,4166
1289,1774012495855455965,1774012495858907564,3451
1290,1774012495860619429,1774012495864924100,4304
1291,1774012495866505717,1774012495870203941,3698
1292,1774012495871787559,1774012495876215749,4428
1293,1774012495877462746,1774012495880953553,3490
1294,1774012495882533813,1774012495886832123,4298
1295,1774012495888428777,1774012495892841674,4412
1296,1774012495894491484,1774012495897876427,3384
1297,1774012495899506841,1774012495902565358,3058
1298,1774012495904066992,1774012495907545996,3479
1299,1774012495909222746,1774012495913391696,4168
1300,1774012495915025648,1774012495918511327,3485
1301,1774012495920134583,1774012495924429491,4294
1302,1774012495926214383,1774012495930095792,3881
1303,1774012495931779910,1774012495935506269,3726
1304,1774012495937163644,1774012495941522733,4359
1305,1774012495943176952,1774012495947030022,3853
1306,1774012495948878405,1774012495953377098,4498
1307,1774012495955055035,1774012495958618527,3563
1308,1774012495960360396,1774012495964731185,4370
1309,1774012495966631682,1774012495970997175,4365
1310,1774012495972657770,1774012495976893940,4236
1311,1774012495978670256,1774012495983086378,4416
1312,1774012495984756206,1774012495989067888,4311
1313,1774012495991012846,1774012495994614311,3601
1314,1774012495996699038,1774012496001148091,4449
1315,1774012496002839113,1774012496007202836,4363
1316,1774012496008970373,1774012496013456079,4485
1317,1774012496015161269,1774012496019386879,4225
1318,1774012496020962438,1774012496025349780,4387
1319,1774012496027163770,1774012496031419344,4255
1320,1774012496032973687,1774012496037019237,4045
1321,1774012496038384201,1774012496041754309,3370
1322,1774012496043343672,1774012496046706806,3363
1323,1774012496048306841,1774012496051731582,3424
1324,1774012496053376995,1774012496057713782,4336
1325,1774012496059390554,1774012496062891153,3500
1326,1774012496064669173,1774012496069043270,4374
1327,1774012496070723199,1774012496075009606,4286
1328,1774012496076792992,1774012496081138794,4345
1329,1774012496082840679,1774012496087011280,4170
1330,1774012496088856502,1774012496093267572,4411
1331,1774012496095000761,1774012496099095382,4094
1332,1774012496100891371,1774012496105167605,4276
1333,1774012496106836176,1774012496110905348,4069
1334,1774012496112793065,1774012496117312549,4519
1335,1774012496118986735,1774012496123007845,4021
1336,1774012496124853717,1774012496129141298,4287
1337,1774012496130781373,1774012496135011404,4230
1338,1774012496136784472,1774012496140391096,3606
1339,1774012496142050183,1774012496146639676,4589
1340,1774012496148337257,1774012496151993465,3656
1341,1774012496153562783,1774012496157696180,4133
1342,1774012496159355741,1774012496163655790,4300
1343,1774012496165367032,1774012496168592278,3225
1344,1774012496170058317,1774012496174505347,4447
1345,1774012496176139271,1774012496179599722,3460
1346,1774012496181225663,1774012496185447310,4221
1347,1774012496186981594,1774012496191144406,4162
1348,1774012496192860779,1774012496197048916,4188
1349,1774012496198802541,1774012496203068532,4265
1350,1774012496204737554,1774012496208710371,3972
1351,1774012496210373819,1774012496214391104,4017
1352,1774012496215986806,1774012496219514567,3527
1353,1774012496221136414,1774012496225430673,4294
1354,1774012496227137628,1774012496230984515,3846
1355,1774012496232628481,1774012496236344580,3716
1356,1774012496237986974,1774012496242235280,4248
1357,1774012496244007589,1774012496248322978,4315
1358,1774012496250104137,1774012496253679797,3575
1359,1774012496255389477,1774012496259893543,4504
1360,1774012496261584390,1774012496265564341,3979
1361,1774012496267340976,1774012496271624229,4283
1362,1774012496273406075,1774012496277276416,3870
1363,1774012496278964109,1774012496283336362,4372
1364,1774012496284997036,1774012496289426711,4429
1365,1774012496291216800,1774012496295505592,4288
1366,1774012496298723036,1774012496302395517,3672
1367,1774012496304110244,1774012496308714584,4604
1368,1774012496310351043,1774012496314219430,3868
1369,1774012496315857350,1774012496319950354,4093
1370,1774012496321482579,1774012496325500618,4018
1371,1774012496327317181,1774012496331497095,4179
1372,1774012496333193031,1774012496337329378,4136
1373,1774012496338853746,1774012496342592301,3738
1374,1774012496344384881,1774012496347749532,3364
1375,1774012496349366735,1774012496352793157,3426
1376,1774012496354453577,1774012496358885152,4431
1377,1774012496360549365,1774012496364593943,4044
1378,1774012496366345198,1774012496370602143,4256
1379,1774012496372511148,1774012496376518040,4006
1380,1774012496378205041,1774012496382021543,3816
1381,1774012496383630643,1774012496388113731,4483
1382,1774012496389748605,1774012496393722210,3973
1383,1774012496395501311,1774012496400006728,4505
1384,1774012496401780446,1774012496405873474,4093
1385,1774012496407595172,1774012496412040710,4445
1386,1774012496413824956,1774012496418253531,4428
1387,1774012496419876912,1774012496423944924,4068
1388,1774012496425614714,1774012496430024476,4409
1389,1774012496431581590,1774012496435279790,3698
1390,1774012496436779875,1774012496440476636,3696
1391,1774012496442195798,1774012496445749560,3553
1392,1774012496447397023,1774012496451179514,3782
1393,1774012496452783608,1774012496456408312,3624
1394,1774012496457992847,1774012496461505400,3512
1395,1774012496463351369,1774012496466766313,3414
1396,1774012496468440906,1774012496471983502,3542
1397,1774012496473749593,1774012496477658788,3909
1398,1774012496479275796,1774012496483515150,4239
1399,1774012496485138381,1774012496489221738,4083
1400,1774012496490891451,1774012496495021091,4129
1401,1774012496496896801,1774012496501073512,4176
1402,1774012496502809572,1774012496507033460,4223
1403,1774012496508751455,1774012496512890625,4139
1404,1774012496514544272,1774012496518625727,4081
1405,1774012496520345900,1774012496523837992,3492
1406,1774012496525452730,1774012496529594487,4141
1407,1774012496531366447,1774012496534880741,3514
1408,1774012496536548632,1774012496540704970,4156
1409,1774012496542544046,1774012496546766508,4222
1410,1774012496548503804,1774012496552931203,4427
1411,1774012496554829135,1774012496559029842,4200
1412,1774012496560694116,1774012496565192867,4498
1413,1774012496566623574,1774012496569923872,3300
1414,1774012496571351494,1774012496575201489,3849
1415,1774012496576987459,1774012496580870713,3883
1416,1774012496582341674,1774012496586628161,4286
1417,1774012496588123791,1774012496591726438,3602
1418,1774012496593424328,1774012496597604447,4180
1419,1774012496599258237,1774012496603518401,4260
1420,1774012496605019954,1774012496609400195,4380
1421,1774012496611239380,1774012496615295732,4056
1422,1774012496617050519,1774012496620588391,3537
1423,1774012496622518346,1774012496626834971,4316
1424,1774012496628674526,1774012496632408509,3733
1425,1774012496634308265,1774012496638628771,4320
1426,1774012496640420898,1774012496644136179,3715
1427,1774012496645822469,1774012496650170346,4347
1428,1774012496651928591,1774012496655535601,3607
1429,1774012496657217518,1774012496660807149,3589
1430,1774012496662471961,1774012496666263840,3791
1431,1774012496667956684,1774012496671955713,3999
1432,1774012496673622303,1774012496678066779,4444
1433,1774012496679848404,1774012496684133656,4285
1434,1774012496685797412,1774012496690158044,4360
1435,1774012496691839524,1774012496696162156,4322
1436,1774012496697874394,1774012496702303746,4429
1437,1774012496703957985,1774012496708336810,4378
1438,1774012496710035552,1774012496714403729,4368
1439,1774012496716121545,1774012496720053762,3932
1440,1774012496721596889,1774012496726060844,4463
1441,1774012496727587654,1774012496732071493,4483
1442,1774012496733915852,1774012496738738220,4822
1443,1774012496740296783,1774012496743970728,3673
1444,1774012496745571150,1774012496750102212,4531
1445,1774012496751775101,1774012496755539038,3763
1446,1774012496757372072,1774012496761778932,4406
1447,1774012496763495564,1774012496767271431,3775
1448,1774012496768931723,1774012496773098732,4167
1449,1774012496774975664,1774012496778909949,3934
1450,1774012496780606671,1774012496784620779,4014
1451,1774012496786509644,1774012496790772289,4262
1452,1774012496792470320,1774012496796265232,3794
1453,1774012496797872085,1774012496802352340,4480
1454,1774012496804169444,1774012496808120236,3950
1455,1774012496809837219,1774012496814503108,4665
1456,1774012496816208482,1774012496820071472,3862
1457,1774012496821743596,1774012496826351357,4607
1458,1774012496828149864,1774012496831752574,3602
1459,1774012496833439064,1774012496837927049,4487
1460,1774012496839727598,1774012496843816657,4089
1461,1774012496845390177,1774012496848870241,3480
1462,1774012496850517268,1774012496855065960,4548
1463,1774012496856621860,1774012496860353836,3731
1464,1774012496861996641,1774012496865434769,3438
1465,1774012496866998072,1774012496870488416,3490
1466,1774012496872164294,1774012496876045682,3881
1467,1774012496877685040,1774012496881482271,3797
1468,1774012496883165769,1774012496887514728,4348
1469,1774012496889161568,1774012496893044337,3882
1470,1774012496894794089,1774012496898514960,3720
1471,1774012496900314533,1774012496904570098,4255
1472,1774012496906355505,1774012496910619794,4264
1473,1774012496912484442,1774012496916610240,4125
1474,1774012496918360184,1774012496921904876,3544
1475,1774012496923673041,1774012496927757892,4084
1476,1774012496929722671,1774012496933640582,3917
1477,1774012496935328350,1774012496939690905,4362
1478,1774012496941349174,1774012496945272871,3923
1479,1774012496946972833,1774012496950599608,3626
1480,1774012496952496562,1774012496956690101,4193
1481,1774012496958366298,1774012496962659361,4293
1482,1774012496964468385,1774012496968736498,4268
1483,1774012496970420051,1774012496974879462,4459
1484,1774012496976535121,1774012496980690822,4155
1485,1774012496982336015,1774012496985822808,3486
1486,1774012496987475994,1774012496991254963,3778
1487,1774012496993006048,1774012496996924558,3918
1488,1774012496998706245,1774012497002197998,3491
1489,1774012497003865743,1774012497007512588,3646
1490,1774012497009106557,1774012497012573225,3466
1491,1774012497014134943,1774012497017656174,3521
1492,1774012497019315529,1774012497023332573,4017
1493,1774012497024987242,1774012497028882957,3895
1494,1774012497030567047,1774012497034387941,3820
1495,1774012497036072522,1774012497039717218,3644
1496,1774012497041557213,1774012497045870532,4313
1497,1774012497047582932,1774012497051427376,3844
1498,1774012497053117666,1774012497057373705,4256
1499,1774012497059128485,1774012497063613010,4484
1500,1774012497065363011,1774012497069618527,4255
1501,1774012497071389553,1774012497075532349,4142
1502,1774012497077436979,1774012497081270642,3833
1503,1774012497082960215,1774012497087271279,4311
1504,1774012497089036624,1774012497092731533,3694
1505,1774012497094475625,1774012497099047166,4571
1506,1774012497100900467,1774012497105361072,4460
1507,1774012497107146670,1774012497111424660,4277
1508,1774012497113090413,1774012497116750696,3660
1509,1774012497118406134,1774012497122607748,4201
1510,1774012497124322880,1774012497128102463,3779
1511,1774012497129818964,1774012497133884009,4065
1512,1774012497135351168,1774012497139021732,3670
1513,1774012497140587117,1774012497144793352,4206
1514,1774012497146363645,1774012497150005994,3642
1515,1774012497151708542,1774012497156017557,4309
1516,1774012497157594585,1774012497161147141,3552
1517,1774012497162742464,1774012497166974787,4232
1518,1774012497168749973,1774012497172912680,4162
1519,1774012497174770969,1774012497178867015,4096
1520,1774012497180621386,1774012497184752330,4130
1521,1774012497186523107,1774012497190948488,4425
1522,1774012497192627022,1774012497196941140,4314
1523,1774012497198671991,1774012497203057409,4385
1524,1774012497204713280,1774012497208637690,3924
1525,1774012497210364378,1774012497214826757,4462
1526,1774012497216469276,1774012497221004025,4534
1527,1774012497222742513,1774012497227113339,4370
1528,1774012497228934360,1774012497233144756,4210
1529,1774012497235077200,1774012497239410668,4333
1530,1774012497241095759,1774012497245258829,4163
1531,1774012497246891379,1774012497250932494,4041
1532,1774012497252564142,1774012497255941783,3377
1533,1774012497257611778,1774012497262253552,4641
1534,1774012497263977882,1774012497267425303,3447
1535,1774012497268901957,1774012497273202102,4300
1536,1774012497274930375,1774012497278483629,3553
1537,1774012497280094347,1774012497283443072,3348
1538,1774012497285118245,1774012497289310763,4192
1539,1774012497290962799,1774012497294540677,3577
1540,1774012497296325603,1774012497300462931,4137
1541,1774012497302104869,1774012497305955752,3850
1542,1774012497307564182,1774012497312049737,4485
1543,1774012497313736137,1774012497317971117,4234
1544,1774012497319724333,1774012497324090404,4366
1545,1774012497325756789,1774012497329953990,4197
1546,1774012497331982335,1774012497335463168,3480
1547,1774012497337109021,1774012497341436881,4327
1548,1774012497343465504,1774012497347300652,3835
1549,1774012497349004832,1774012497353411491,4406
1550,1774012497355423119,1774012497359225916,3802
1551,1774012497360895661,1774012497364610488,3714
1552,1774012497366358366,1774012497369766282,3407
1553,1774012497371475460,1774012497375717569,4242
1554,1774012497377461811,1774012497381834776,4372
1555,1774012497383494618,1774012497387919834,4425
1556,1774012497389528251,1774012497393364828,3836
1557,1774012497395002351,1774012497398222450,3220
1558,1774012497399811971,1774012497403410174,3598
1559,1774012497405003620,1774012497409073983,4070
1560,1774012497410752835,1774012497414341571,3588
1561,1774012497415896625,1774012497420200569,4303
1562,1774012497421770945,1774012497425757038,3986
1563,1774012497427608892,1774012497432101447,4492
1564,1774012497433771816,1774012497437779016,4007
1565,1774012497439470129,1774012497443112171,3642
1566,1774012497444822151,1774012497449200021,4377
1567,1774012497450852426,1774012497454640857,3788
1568,1774012497456520222,1774012497461018730,4498
1569,1774012497462736227,1774012497466512611,3776
1570,1774012497468308200,1774012497472715549,4407
1571,1774012497474453985,1774012497478808772,4354
1572,1774012497480538018,1774012497484954819,4416
1573,1774012497486769615,1774012497491427109,4657
1574,1774012497493172647,1774012497497350724,4178
1575,1774012497499020764,1774012497502634538,3613
1576,1774012497504454711,1774012497508369750,3915
1577,1774012497510042289,1774012497514334868,4292
1578,1774012497515996126,1774012497519518296,3522
1579,1774012497521216737,1774012497525586280,4369
1580,1774012497527154770,1774012497531581956,4427
1581,1774012497533362023,1774012497537387014,4024
1582,1774012497539001363,1774012497542726525,3725
1583,1774012497544290223,1774012497548797107,4506
1584,1774012497550471665,1774012497553856918,3385
1585,1774012497555495300,1774012497558762402,3267
1586,1774012497560353006,1774012497564009662,3656
1587,1774012497565762261,1774012497569894619,4132
1588,1774012497571678310,1774012497575918331,4240
1589,1774012497577809262,1774012497581570249,3760
1590,1774012497583373731,1774012497587717470,4343
1591,1774012497589599610,1774012497593968869,4369
1592,1774012497595667171,1774012497600104434,4437
1593,1774012497602176862,1774012497606066631,3889
1594,1774012497607733900,1774012497612022663,4288
1595,1774012497613897925,1774012497617810900,3912
1596,1774012497619504335,1774012497623735356,4231
1597,1774012497625527689,1774012497629659581,4131
1598,1774012497631454065,1774012497635701749,4247
1599,1774012497637807208,1774012497641809316,4002
1600,1774012497643553233,1774012497647873846,4320
1601,1774012497649654264,1774012497653982497,4328
1602,1774012497655682594,1774012497659388888,3706
1603,1774012497661074674,1774012497664745823,3671
1604,1774012497666583128,1774012497670879807,4296
1605,1774012497672159245,1774012497675163918,3004
1606,1774012497676786715,1774012497681181918,4395
1607,1774012497682778476,1774012497686461496,3683
1608,1774012497688121138,1774012497692166176,4045
1609,1774012497693752065,1774012497698011742,4259
1610,1774012497699610730,1774012497703935644,4324
1611,1774012497705674357,1774012497709840419,4166
1612,1774012497711690874,1774012497715309145,3618
1613,1774012497716933656,1774012497721131333,4197
1614,1774012497722902209,1774012497726931797,4029
1615,1774012497728633048,1774012497732702050,4069
1616,1774012497734496765,1774012497738715861,4219
1617,1774012497740458658,1774012497744760858,4302
1618,1774012497746448628,1774012497750700642,4252
1619,1774012497752371380,1774012497756524542,4153
1620,1774012497758481192,1774012497762693738,4212
1621,1774012497764545608,1774012497768848283,4302
1622,1774012497770932627,1774012497774933712,4001
1623,1774012497776682287,1774012497781005816,4323
1624,1774012497782696246,1774012497786986962,4290
1625,1774012497788728173,1774012497793153065,4424
1626,1774012497794799497,1774012497799402537,4603
1627,1774012497801042203,1774012497805028166,3985
1628,1774012497806614711,1774012497810018270,3403
1629,1774012497811811114,1774012497815553705,3742
1630,1774012497817361261,1774012497821331467,3970
1631,1774012497822939405,1774012497826422932,3483
1632,1774012497828082839,1774012497832049380,3966
1633,1774012497833684501,1774012497837424487,3739
1634,1774012497839077078,1774012497843483909,4406
1635,1774012497845111862,1774012497848950131,3838
1636,1774012497850705498,1774012497854525471,3819
1637,1774012497856271176,1774012497859877504,3606
1638,1774012497861554464,1774012497865797795,4243
1639,1774012497867819361,1774012497871503128,3683
1640,1774012497873163031,1774012497877598624,4435
1641,1774012497879365847,1774012497882881376,3515
1642,1774012497884735947,1774012497889102699,4366
1643,1774012497890784300,1774012497894467342,3683
1644,1774012497896143571,1774012497900598920,4455
1645,1774012497902485248,1774012497906675093,4189
1646,1774012497908448865,1774012497912678432,4229
1647,1774012497914388649,1774012497918822178,4433
1648,1774012497920761594,1774012497924883906,4122
1649,1774012497926618911,1774012497930880975,4262
1650,1774012497932539059,1774012497937010777,4471
1651,1774012497938635222,1774012497943015180,4379
1652,1774012497944638152,1774012497948804768,4166
1653,1774012497950475605,1774012497954330824,3855
1654,1774012497956084321,1774012497960399421,4315
1655,1774012497962135540,1774012497965635931,3500
1656,1774012497967388047,1774012497970741277,3353
1657,1774012497972295004,1774012497976516900,4221
1658,1774012497978106749,1774012497982219045,4112
1659,1774012497983971570,1774012497988132411,4160
1660,1774012497990009350,1774012497993792418,3783
1661,1774012497995575590,1774012497999411141,3835
1662,1774012498001153887,1774012498004805578,3651
1663,1774012498006564995,1774012498010949564,4384
1664,1774012498012592300,1774012498016061212,3468
1665,1774012498017984284,1774012498022257664,4273
1666,1774012498024200598,1774012498027687956,3487
1667,1774012498029450376,1774012498033663929,4213
1668,1774012498035369603,1774012498039351718,3982
1669,1774012498041058537,1774012498044712343,3653
1670,1774012498046367469,1774012498050628697,4261
1671,1774012498052403359,1774012498056215831,3812
1672,1774012498057868362,1774012498062264001,4395
1673,1774012498064129784,1774012498068093736,3963
1674,1774012498069922502,1774012498074242520,4320
1675,1774012498075817996,1774012498079963352,4145
1676,1774012498081688131,1774012498085548091,3859
1677,1774012498087252065,1774012498090874128,3622
1678,1774012498092556480,1774012498097007305,4450
1679,1774012498098424607,1774012498101727030,3302
1680,1774012498103379215,1774012498106799195,3419
1681,1774012498108453616,1774012498111859650,3406
1682,1774012498113520223,1774012498117353898,3833
1683,1774012498119014165,1774012498123048862,4034
1684,1774012498124697846,1774012498128835298,4137
1685,1774012498130690264,1774012498135225694,4535
1686,1774012498137130857,1774012498141133775,4002
1687,1774012498142965642,1774012498147017247,4051
1688,1774012498148788592,1774012498152554953,3766
1689,1774012498154119719,1774012498158468946,4349
1690,1774012498159997011,1774012498163502526,3505
1691,1774012498165190041,1774012498169704385,4514
1692,1774012498171351822,1774012498174834330,3482
1693,1774012498176572833,1774012498181014810,4441
1694,1774012498182944713,1774012498187253336,4308
1695,1774012498188905782,1774012498193350951,4445
1696,1774012498195030307,1774012498198636704,3606
1697,1774012498200278191,1774012498204628430,4350
1698,1774012498206359062,1774012498210082691,3723
1699,1774012498211680838,1774012498216161064,4480
1700,1774012498217900419,1774012498221571704,3671
1701,1774012498222960705,1774012498226158543,3197
1702,1774012498227769828,1774012498231871896,4102
1703,1774012498233505111,1774012498237005392,3500
1704,1774012498238768800,1774012498242458290,3689
1705,1774012498244041285,1774012498247564131,3522
1706,1774012498249076367,1774012498252544782,3468
1707,1774012498254212037,1774012498257721015,3508
1708,1774012498259483487,1774012498263560452,4076
1709,1774012498265243158,1774012498269136688,3893
1710,1774012498270792847,1774012498274468728,3675
1711,1774012498276131698,1774012498280514097,4382
1712,1774012498282156796,1774012498286094315,3937
1713,1774012498287745541,1774012498292165718,4420
1714,1774012498293848764,1774012498298042423,4193
1715,1774012498299946548,1774012498304232416,4285
1716,1774012498305890340,1774012498310114521,4224
1717,1774012498311938968,1774012498316401979,4463
1718,1774012498318186861,1774012498322667441,4480
1719,1774012498324480198,1774012498328771432,4291
1720,1774012498330494720,1774012498334631408,4136
1721,1774012498336579039,1774012498340725790,4146
1722,1774012498342491834,1774012498346805707,4313
1723,1774012498348515399,1774012498352711512,4196
1724,1774012498354330590,1774012498358534789,4204
1725,1774012498360317565,1774012498364811843,4494
1726,1774012498366455152,1774012498370799600,4344
1727,1774012498372397780,1774012498376903868,4506
1728,1774012498378330867,1774012498382160985,3830
1729,1774012498383636084,1774012498387617512,3981
1730,1774012498389321899,1774012498392725791,3403
1731,1774012498394365548,1774012498397703868,3338
1732,1774012498399375857,1774012498403578942,4203
1733,1774012498405274006,1774012498409078817,3804
1734,1774012498410837834,1774012498414706013,3868
1735,1774012498416472206,1774012498420637049,4164
1736,1774012498422448946,1774012498426160036,3711
1737,1774012498427816571,1774012498432230287,4413
1738,1774012498434038868,1774012498438051916,4013
1739,1774012498439829421,1774012498444149108,4319
1740,1774012498445886972,1774012498450039978,4153
1741,1774012498451881380,1774012498456212798,4331
1742,1774012498457862599,1774012498462010191,4147
1743,1774012498463750656,1774012498468262006,4511
1744,1774012498469928209,1774012498473944596,4016
1745,1774012498475636154,1774012498480085442,4449
1746,1774012498481762302,1774012498485580931,3818
1747,1774012498487476253,1774012498491862556,4386
1748,1774012498493434246,1774012498497309023,3874
1749,1774012498498747610,1774012498501950973,3203
1750,1774012498503669595,1774012498507109880,3440
1751,1774012498508720641,1774012498512449953,3729
1752,1774012498514047471,1774012498517564882,3517
1753,1774012498519035752,1774012498523398681,4362
1754,1774012498525090654,1774012498528926107,3835
1755,1774012498530571884,1774012498534370960,3799
1756,1774012498536025689,1774012498540244301,4218
1757,1774012498541883082,1774012498545714027,3830
1758,1774012498547364594,1774012498551161534,3796
1759,1774012498553040706,1774012498557258326,4217
1760,1774012498559043246,1774012498563014636,3971
1761,1774012498564674764,1774012498569032020,4357
1762,1774012498570596434,1774012498574250369,3653
1763,1774012498575949633,1774012498580433681,4484
1764,1774012498582147694,1774012498586500120,4352
1765,1774012498588201760,1774012498592429123,4227
1766,1774012498594143991,1774012498597752241,3608
1767,1774012498599626291,1774012498603723902,4097
1768,1774012498605464172,1774012498609927515,4463
1769,1774012498611691852,1774012498615938816,4246
1770,1774012498617743165,1774012498622175489,4432
1771,1774012498623884529,1774012498628244222,4359
1772,1774012498629988194,1774012498634465343,4477
1773,1774012498636225552,1774012498639343796,3118
1774,1774012498640382713,1774012498643481912,3099
1775,1774012498645093902,1774012498649383401,4289
1776,1774012498650846233,1774012498654539480,3693
1777,1774012498655925104,1774012498660168573,4243
1778,1774012498661792130,1774012498665381403,3589
1779,1774012498667085307,1774012498671052709,3967
1780,1774012498672841124,1774012498676981436,4140
1781,1774012498678742357,1774012498682960643,4218
1782,1774012498684715266,1774012498688717614,4002
1783,1774012498690392080,1774012498695066959,4674
1784,1774012498696723367,1774012498700791081,4067
1785,1774012498702738414,1774012498707231638,4493
1786,1774012498708969746,1774012498713517958,4548
1787,1774012498715396275,1774012498719604377,4208
1788,1774012498721394132,1774012498725220664,3826
1789,1774012498727039507,1774012498731532356,4492
1790,1774012498733441227,1774012498737151452,3710
1791,1774012498738977059,1774012498743518199,4541
1792,1774012498745462430,1774012498749628299,4165
1793,1774012498751677538,1774012498756453245,4775
1794,1774012498758199549,1774012498762730648,4531
1795,1774012498764113915,1774012498767986273,3872
1796,1774012498769621042,1774012498773332399,3711
1797,1774012498774998264,1774012498779361051,4362
1798,1774012498780838289,1774012498784918584,4080
1799,1774012498786593669,1774012498790296714,3703
1800,1774012498791882784,1774012498795545334,3662
1801,1774012498797482706,1774012498801716073,4233
1802,1774012498803373669,1774012498806983863,3610
1803,1774012498808672251,1774012498812984722,4312
1804,1774012498814655788,1774012498818557487,3901
1805,1774012498820589667,1774012498825036008,4446
1806,1774012498826580233,1774012498830886189,4305
1807,1774012498832658843,1774012498836990586,4331
1808,1774012498838740663,1774012498842905965,4165
1809,1774012498844706366,1774012498848387787,3681
1810,1774012498850054559,1774012498853970779,3916
1811,1774012498855677855,1774012498860179455,4501
1812,1774012498861894554,1774012498866005208,4110
1813,1774012498867735893,1774012498872057495,4321
1814,1774012498873725295,1774012498877897367,4172
1815,1774012498879779313,1774012498884178387,4399
1816,1774012498885910701,1774012498890200071,4289
1817,1774012498892006013,1774012498896521809,4515
1818,1774012498898018183,1774012498902233105,4214
1819,1774012498903952699,1774012498907932159,3979
1820,1774012498909575638,1774012498913024861,3449
1821,1774012498914643285,1774012498918329512,3686
1822,1774012498920019648,1774012498923415196,3395
1823,1774012498924976516,1774012498928665348,3688
1824,1774012498930265867,1774012498934640387,4374
1825,1774012498936368916,1774012498940001007,3632
1826,1774012498941736069,1774012498946038761,4302
1827,1774012498947794007,1774012498952017523,4223
1828,1774012498953973392,1774012498958424947,4451
1829,1774012498960209509,1774012498964014385,3804
1830,1774012498965841880,1774012498970226658,4384
1831,1774012498972081290,1774012498976446785,4365
1832,1774012498978227406,1774012498982520271,4292
1833,1774012498984182232,1774012498988388189,4205
1834,1774012498990020683,1774012498993717830,3697
1835,1774012498995555638,1774012499000149780,4594
1836,1774012499001837348,1774012499006068920,4231
1837,1774012499007739220,1774012499012136287,4397
1838,1774012499013959309,1774012499017981996,4022
1839,1774012499019702715,1774012499024031549,4328
1840,1774012499025866375,1774012499030445870,4579
1841,1774012499032166309,1774012499036481446,4315
1842,1774012499038087408,1774012499042798353,4710
1843,1774012499044453821,1774012499048661341,4207
1844,1774012499050289506,1774012499053735998,3446
1845,1774012499055520088,1774012499059499554,3979
1846,1774012499061135271,1774012499064516553,3381
1847,1774012499066107304,1774012499070266638,4159
1848,1774012499071880800,1774012499075590126,3709
1849,1774012499077290271,1774012499081580647,4290
1850,1774012499083311765,1774012499086683610,3371
1851,1774012499088352493,1774012499091584699,3232
1852,1774012499093249649,1774012499097501949,4252
1853,1774012499099336856,1774012499103109283,3772
1854,1774012499104780670,1774012499109088581,4307
1855,1774012499110831390,1774012499114816813,3985
1856,1774012499116541555,1774012499120428205,3886
1857,1774012499122101111,1774012499125878511,3777
1858,1774012499127691985,1774012499131738263,4046
1859,1774012499133558565,1774012499137513709,3955
1860,1774012499139194896,1774012499143362934,4168
1861,1774012499145131379,1774012499149240680,4109
1862,1774012499150930351,1774012499155224642,4294
1863,1774012499156839681,1774012499160855447,4015
1864,1774012499162158525,1774012499166445029,4286
1865,1774012499168140958,1774012499171348118,3207
1866,1774012499172931501,1774012499176013212,3081
1867,1774012499177204586,1774012499180386920,3182
1868,1774012499181775082,1774012499185723112,3948
1869,1774012499187334208,1774012499191679559,4345
1870,1774012499193214904,1774012499196461951,3247
1871,1774012499197848218,1774012499201406342,3558
1872,1774012499202921782,1774012499207115250,4193
1873,1774012499208724627,1774012499212604037,3879
1874,1774012499214263276,1774012499218362152,4098
1875,1774012499220040145,1774012499223498929,3458
1876,1774012499225106161,1774012499228643579,3537
1877,1774012499230314601,1774012499234655943,4341
1878,1774012499236358684,1774012499240128871,3770
1879,1774012499241831770,1774012499246387250,4555
1880,1774012499248347230,1774012499252250723,3903
1881,1774012499253937732,1774012499258288847,4351
1882,1774012499260267571,1774012499264247779,3980
1883,1774012499265938044,1774012499270179645,4241
1884,1774012499271989428,1774012499275947084,3957
1885,1774012499277657578,1774012499282026474,4368
1886,1774012499283651067,1774012499288078682,4427
1887,1774012499289785933,1774012499294199797,4413
1888,1774012499296132686,1774012499300466701,4334
1889,1774012499302267353,1774012499306006318,3738
1890,1774012499307639095,1774012499311027185,3388
1891,1774012499312668070,1774012499316402330,3734
1892,1774012499318032501,1774012499321394727,3362
1893,1774012499322982596,1774012499327484008,4501
1894,1774012499329102870,1774012499332643058,3540
1895,1774012499334065615,1774012499338420353,4354
1896,1774012499340041634,1774012499343963935,3922
1897,1774012499345761896,1774012499349395001,3633
1898,1774012499351026638,1774012499355320667,4294
1899,1774012499356977767,1774012499361467281,4489
1900,1774012499363353999,1774012499367416766,4062
1901,1774012499369150475,1774012499373540787,4390
1902,1774012499375319549,1774012499379236936,3917
1903,1774012499381057414,1774012499385528253,4470
1904,1774012499387371533,1774012499391452298,4080
1905,1774012499393173647,1774012499397543590,4369
1906,1774012499399210100,1774012499402731159,3521
1907,1774012499404626902,1774012499408521445,3894
1908,1774012499410160558,1774012499414534796,4374
1909,1774012499416270332,1774012499420257887,3987
1910,1774012499422014292,1774012499425709794,3695
1911,1774012499427604799,1774012499431967418,4362
1912,1774012499433741272,1774012499437437768,3696
1913,1774012499439355679,1774012499442778315,3422
1914,1774012499444430914,1774012499448971451,4540
1915,1774012499450637590,1774012499454373777,3736
1916,1774012499456032526,1774012499459594641,3562
1917,1774012499461231084,1774012499464574122,3343
1918,1774012499466471820,1774012499470884504,4412
1919,1774012499472480523,1774012499475834209,3353
1920,1774012499477479444,1774012499481675447,4196
1921,1774012499483390332,1774012499486878000,3487
1922,1774012499488546556,1774012499492431239,3884
1923,1774012499494075045,1774012499498056705,3981
1924,1774012499499713565,1774012499503984789,4271
1925,1774012499505591084,1774012499509670025,4078
1926,1774012499511271495,1774012499515516281,4244
1927,1774012499517281609,1774012499521514883,4233
1928,1774012499523163263,1774012499527494615,4331
1929,1774012499529197830,1774012499533518118,4320
1930,1774012499535181804,1774012499539587750,4405
1931,1774012499541308493,1774012499545533224,4224
1932,1774012499547302779,1774012499551549459,4246
1933,1774012499553288699,1774012499557548452,4259
1934,1774012499559211583,1774012499563383167,4171
1935,1774012499565274245,1774012499569708288,4434
1936,1774012499571465377,1774012499576029691,4564
1937,1774012499577789343,1774012499582109211,4319
1938,1774012499583724702,1774012499587850657,4125
1939,1774012499589582915,1774012499593527612,3944
1940,1774012499595238625,1774012499599453080,4214
1941,1774012499600944006,1774012499605451827,4507
1942,1774012499606891722,1774012499611324414,4432
1943,1774012499612889197,1774012499617186111,4296
1944,1774012499618941212,1774012499622425802,3484
1945,1774012499624077682,1774012499627510417,3432
1946,1774012499629159041,1774012499632629988,3470
1947,1774012499634269172,1774012499637794628,3525
1948,1774012499639487022,1774012499643748371,4261
1949,1774012499645441594,1774012499649743682,4302
1950,1774012499651569703,1774012499655719687,4149
1951,1774012499657433052,1774012499661696987,4263
1952,1774012499663740581,1774012499667914321,4173
1953,1774012499669830101,1774012499673866798,4036
1954,1774012499675782926,1774012499679888122,4105
1955,1774012499681587089,1774012499685892421,4305
1956,1774012499687813814,1774012499691891851,4078
1957,1774012499693544295,1774012499697733060,4188
1958,1774012499699356043,1774012499702736560,3380
1959,1774012499704537305,1774012499708935777,4398
1960,1774012499710641296,1774012499715469002,4827
1961,1774012499717345398,1774012499721747985,4402
1962,1774012499723462564,1774012499726874360,3411
1963,1774012499728542790,1774012499732359082,3816
1964,1774012499733955478,1774012499737452645,3497
1965,1774012499739077186,1774012499742162360,3085
1966,1774012499743545754,1774012499746881636,3335
1967,1774012499748467608,1774012499752250598,3782
1968,1774012499753827672,1774012499757763619,3935
1969,1774012499759371399,1774012499762759848,3388
1970,1774012499764466644,1774012499768828100,4361
1971,1774012499770481928,1774012499774377617,3895
1972,1774012499776050196,1774012499779537941,3487
1973,1774012499781298209,1774012499785521869,4223
1974,1774012499787173313,1774012499791533592,4360
1975,1774012499793245633,1774012499796742223,3496
1976,1774012499798577855,1774012499802926517,4348
1977,1774012499804576116,1774012499808283798,3707
1978,1774012499810032982,1774012499814380669,4347
1979,1774012499815993287,1774012499819761156,3767
1980,1774012499821507000,1774012499825312624,3805
1981,1774012499827070259,1774012499831415485,4345
1982,1774012499833068229,1774012499836623521,3555
1983,1774012499838277478,1774012499842598042,4320
1984,1774012499844335512,1774012499848103145,3767
1985,1774012499849775659,1774012499853936747,4161
1986,1774012499855549442,1774012499859056726,3507
1987,1774012499860507960,1774012499865023950,4515
1988,1774012499866527721,1774012499870202445,3674
1989,1774012499871636834,1774012499876104318,4467
1990,1774012499877796922,1774012499881152554,3355
1991,1774012499882640757,1774012499885932410,3291
1992,1774012499887604432,1774012499891689382,4084
1993,1774012499893324276,1774012499896702897,3378
1994,1774012499898379292,1774012499902731868,4352
1995,1774012499904424277,1774012499908154722,3730
1996,1774012499909803391,1774012499913743453,3940
1997,1774012499915456250,1774012499919564684,4108
1998,1774012499921486527,1774012499925679525,4192
1999,1774012499927585737,1774012499931720311,4134
2000,1774012499933616742,1774012499938039491,4422
2001,1774012499939948629,1774012499943627314,3678
2002,1774012499945491612,1774012499949735329,4243
2003,1774012499951525341,1774012499956001871,4476
2004,1774012499957933263,1774012499962212705,4279
2005,1774012499963900785,1774012499968076010,4175
2006,1774012499970032471,1774012499974304310,4271
2007,1774012499976131617,1774012499980384169,4252
2008,1774012499982035881,1774012499986241270,4205
2009,1774012499987938684,1774012499992346510,4407
2010,1774012499994000152,1774012499998487236,4487
2011,1774012500000050884,1774012500003623924,3573
2012,1774012500005355312,1774012500008829908,3474
2013,1774012500010486505,1774012500013990843,3504
2014,1774012500015818551,1774012500020336948,4518
2015,1774012500021877810,1774012500026169103,4291
2016,1774012500027856500,1774012500031478168,3621
2017,1774012500033179681,1774012500036593706,3414
2018,1774012500038229360,1774012500042175862,3946
2019,1774012500043829619,1774012500048146474,4316
2020,1774012500049778097,1774012500053370607,3592
2021,1774012500055086603,1774012500059378785,4292
2022,1774012500061024823,1774012500064865203,3840
2023,1774012500066803210,1774012500071348824,4545
2024,1774012500073224800,1774012500077689185,4464
2025,1774012500079780100,1774012500084108639,4328
2026,1774012500085827720,1774012500090315022,4487
2027,1774012500092065026,1774012500096319840,4254
2028,1774012500098024479,1774012500101619182,3594
2029,1774012500103537399,1774012500107813592,4276
2030,1774012500109581466,1774012500113187579,3606
2031,1774012500114819022,1774012500119086362,4267
2032,1774012500120771434,1774012500125159742,4388
2033,1774012500126850625,1774012500131384874,4534
2034,1774012500133065526,1774012500137417727,4352
2035,1774012500138901946,1774012500142830476,3928
2036,1774012500144497641,1774012500147941054,3443
2037,1774012500149475704,1774012500152835374,3359
2038,1774012500154613495,1774012500158309210,3695
2039,1774012500159603827,1774012500163091142,3487
2040,1774012500164688866,1774012500168410798,3721
2041,1774012500169938078,1774012500174249560,4311
2042,1774012500175919218,1774012500180151072,4231
2043,1774012500181788973,1774012500185916581,4127
2044,1774012500187655207,1774012500192023807,4368
2045,1774012500193732108,1774012500197624238,3892
2046,1774012500199349455,1774012500203641341,4291
2047,1774012500205335219,1774012500208999731,3664
2048,1774012500210652515,1774012500215020509,4367
2049,1774012500216776123,1774012500220604768,3828
2050,1774012500222308412,1774012500226077982,3769
2051,1774012500227741706,1774012500231940229,4198
2052,1774012500233865734,1774012500237603973,3738
2053,1774012500239348655,1774012500243660660,4312
2054,1774012500245505770,1774012500249435324,3929
2055,1774012500251332810,1774012500255601684,4268
2056,1774012500257518468,1774012500261411722,3893
2057,1774012500263043846,1774012500267324647,4280
2058,1774012500269121192,1774012500273433488,4312
2059,1774012500275131319,1774012500278606115,3474
2060,1774012500280234145,1774012500283740489,3506
2061,1774012500285463323,1774012500289864975,4401
2062,1774012500291589285,1774012500295458193,3868
2063,1774012500297164100,1774012500300826328,3662
2064,1774012500302421803,1774012500306118487,3696
2065,1774012500307802132,1774012500312073830,4271
2066,1774012500313693708,1774012500317667722,3974
2067,1774012500319284007,1774012500323097193,3813
2068,1774012500324762208,1774012500329297611,4535
2069,1774012500330985444,1774012500334615216,3629
2070,1774012500336279060,1774012500340672078,4393
2071,1774012500342336232,1774012500346166615,3830
2072,1774012500347851194,1774012500352050461,4199
2073,1774012500354000774,1774012500358039627,4038
2074,1774012500359797180,1774012500364230816,4433
2075,1774012500366079780,1774012500370159653,4079
2076,1774012500371962504,1774012500376213159,4250
2077,1774012500377901625,1774012500381795273,3893
2078,1774012500383707824,1774012500387994070,4286
2079,1774012500389898811,1774012500393868919,3970
2080,1774012500395732859,1774012500400009775,4276
2081,1774012500401708077,1774012500406181489,4473
2082,1774012500407820875,1774012500412174782,4353
2083,1774012500413808487,1774012500417135417,3326
2084,1774012500418620996,1774012500422317874,3696
2085,1774012500423687663,1774012500427396471,3708
2086,1774012500429069450,1774012500432548774,3479
2087,1774012500434183770,1774012500438410791,4227
2088,1774012500440068319,1774012500444012175,3943
2089,1774012500445587872,1774012500449177448,3589
2090,1774012500450881254,1774012500455232364,4351
2091,1774012500456918717,1774012500461420800,4502
2092,1774012500463090509,1774012500467154088,4063
2093,1774012500468797390,1774012500473024673,4227
2094,1774012500474918105,1774012500479132850,4214
2095,1774012500480799757,1774012500484582449,3782
2096,1774012500486485596,1774012500490759895,4274
2097,1774012500492468041,1774012500496736037,4267
2098,1774012500498848403,1774012500503181830,4333
2099,1774012500504854713,1774012500508623608,3768
2100,1774012500510423948,1774012500514721777,4297
2101,1774012500516460519,1774012500520714277,4253
2102,1774012500522516932,1774012500526764149,4247
2103,1774012500528473056,1774012500532814917,4341
2104,1774012500534674568,1774012500539021868,4347
2105,1774012500540674949,1774012500545262698,4587
2106,1774012500546988670,1774012500551369331,4380
2107,1774012500553015614,1774012500557304973,4289
2108,1774012500558951037,1774012500562557063,3606
2109,1774012500564339408,1774012500567776591,3437
2110,1774012500569286335,1774012500572827683,3541
2111,1774012500574554010,1774012500577975268,3421
2112,1774012500579570310,1774012500583374230,3803
2113,1774012500585006078,1774012500588393263,3387
2114,1774012500589995910,1774012500594228013,4232
2115,1774012500596030988,1774012500599934805,3903
2116,1774012500601600130,1774012500606162130,4562
2117,1774012500607934076,1774012500611923083,3989
2118,1774012500613898831,1774012500618232315,4333
2119,1774012500619919124,1774012500624105985,4186
2120,1774012500626374348,1774012500630652209,4277
2121,1774012500632593456,1774012500636592607,3999
2122,1774012500638770264,1774012500643324340,4554
2123,1774012500645019779,1774012500648614542,3594
2124,1774012500650781977,1774012500655092332,4310
2125,1774012500656999225,1774012500661420922,4421
2126,1774012500663204335,1774012500667074681,3870
2127,1774012500668736435,1774012500673094245,4357
2128,1774012500675000936,1774012500679472169,4471
2129,1774012500680999169,1774012500685578737,4579
2130,1774012500687339873,1774012500691185684,3845
2131,1774012500692938796,1774012500697401153,4462
2132,1774012500698912009,1774012500703162703,4250
2133,1774012500704885977,1774012500709265245,4379
2134,1774012500710830993,1774012500714948677,4117
2135,1774012500716745213,1774012500721024701,4279
2136,1774012500722583580,1774012500726660476,4076
2137,1774012500728467945,1774012500732708660,4240
2138,1774012500734359686,1774012500738574693,4215
2139,1774012500740223608,1774012500744429187,4205
2140,1774012500746084495,1774012500750510255,4425
2141,1774012500752236054,1774012500756635861,4399
2142,1774012500758504474,1774012500763035945,4531
2143,1774012500765014462,1774012500768753882,3739
2144,1774012500770467135,1774012500775124225,4657
2145,1774012500776696750,1774012500780865618,4168
2146,1774012500782602448,1774012500786806407,4203
2147,1774012500788561334,1774012500792898205,4336
2148,1774012500794552349,1774012500798302473,3750
2149,1774012500799949084,1774012500803856858,3907
2150,1774012500805494855,1774012500808756009,3261
2151,1774012500810476335,1774012500814727760,4251
2152,1774012500816419144,1774012500820123098,3703
2153,1774012500821802675,1774012500825710553,3907
2154,1774012500827383286,1774012500830846521,3463
2155,1774012500832554989,1774012500836062719,3507
2156,1774012500837771185,1774012500842366612,4595
2157,1774012500844041103,1774012500847773276,3732
2158,1774012500849428253,1774012500853771183,4342
2159,1774012500855349510,1774012500859035862,3686
2160,1774012500860798214,1774012500865009148,4210
2161,1774012500866787177,1774012500870931499,4144
2162,1774012500872729657,1774012500877037790,4308
2163,1774012500878719323,1774012500882272120,3552
2164,1774012500884237970,1774012500888622781,4384
2165,1774012500890342527,1774012500893738168,3395
2166,1774012500895600163,1774012500900043833,4443
2167,1774012500901746290,1774012500905905885,4159
2168,1774012500907762054,1774012500912165847,4403
2169,1774012500913933370,1774012500917986039,4052
2170,1774012500919831477,1774012500924228970,4397
2171,1774012500925881203,1774012500930110573,4229
2172,1774012500931899700,1774012500936486040,4586
2173,1774012500938177100,1774012500942386931,4209
2174,1774012500944051309,1774012500948271981,4220
2175,1774012500949922449,1774012500954184338,4261
2176,1774012500955859293,1774012500959519032,3659
2177,1774012500961334351,1774012500965901744,4567
2178,1774012500967678361,1774012500970929149,3250
2179,1774012500972314338,1774012500976171586,3857
2180,1774012500977911096,1774012500981392664,3481
2181,1774012500982937439,1774012500986865695,3928
2182,1774012500988508863,1774012500992280127,3771
2183,1774012500993893014,1774012500997427612,3534
2184,1774012500999376934,1774012501003457506,4080
2185,1774012501005118044,1774012501008530022,3411
2186,1774012501010147892,1774012501014461623,4313
2187,1774012501016169826,1774012501020028605,3858
2188,1774012501021674863,1774012501025412545,3737
2189,1774012501027269258,1774012501031281546,4012
2190,1774012501032936179,1774012501037128565,4192
2191,1774012501038927204,1774012501043142010,4214
2192,1774012501044662066,1774012501048852874,4190
2193,1774012501050873644,1774012501055400807,4527
2194,1774012501057316696,1774012501061694294,4377
2195,1774012501063687233,1774012501067954393,4267
2196,1774012501069934150,1774012501074221458,4287
2197,1774012501076082102,1774012501080676408,4594
2198,1774012501082572624,1774012501086953181,4380
2199,1774012501088930029,1774012501093308705,4378
2200,1774012501095345628,1774012501099570952,4225
2201,1774012501101117894,1774012501104560322,3442
2202,1774012501106251308,1774012501110572810,4321
2203,1774012501112359623,1774012501116654292,4294
2204,1774012501118302142,1774012501122146352,3844
2205,1774012501123637826,1774012501128058393,4420
2206,1774012501129734251,1774012501133933780,4199
2207,1774012501135517028,1774012501139751659,4234
2208,1774012501141428515,1774012501144839045,3410
2209,1774012501146514806,1774012501150929769,4414
2210,1774012501152690148,1774012501156548697,3858
2211,1774012501158157559,1774012501161738512,3580
2212,1774012501163445296,1774012501167067114,3621
2213,1774012501168722517,1774012501172333501,3610
2214,1774012501173861726,1774012501178130516,4268
2215,1774012501179758663,1774012501183780833,4022
2216,1774012501185419539,1774012501189725214,4305
2217,1774012501191390056,1774012501194762486,3372
2218,1774012501196403395,1774012501200758640,4355
2219,1774012501202417049,1774012501206448614,4031
2220,1774012501208125775,1774012501212524259,4398
2221,1774012501214239361,1774012501218666655,4427
2222,1774012501220348701,1774012501223993062,3644
2223,1774012501225746778,1774012501230035132,4288
2224,1774012501231781302,1774012501235727612,3946
2225,1774012501237452519,1774012501241933749,4481
2226,1774012501243559039,1774012501247832776,4273
2227,1774012501249285537,1774012501252817202,3531
2228,1774012501254432763,1774012501257852538,3419
2229,1774012501259432496,1774012501262968243,3535
2230,1774012501264362506,1774012501267683311,3320
2231,1774012501269236262,1774012501272650949,3414
2232,1774012501274299311,1774012501277759838,3460
2233,1774012501279374003,1774012501283745746,4371
2234,1774012501285475674,1774012501289632036,4156
2235,1774012501291335404,1774012501295495040,4159
2236,1774012501297274871,1774012501301216226,3941
2237,1774012501302954983,1774012501306896584,3941
2238,1774012501308674684,1774012501312859125,4184
2239,1774012501314594661,1774012501318965660,4370
2240,1774012501320922692,1774012501324810062,3887
2241,1774012501326567457,1774012501331297243,4729
2242,1774012501333004326,1774012501336700664,3696
2243,1774012501338898063,1774012501343211499,4313
2244,1774012501344993580,1774012501348590270,3596
2245,1774012501350579969,1774012501354883044,4303
2246,1774012501356653047,1774012501360373625,3720
2247,1774012501362162455,1774012501366487658,4325
2248,1774012501368210517,1774012501372153560,3943
2249,1774012501373888284,1774012501377526981,3638
2250,1774012501379176789,1774012501383432294,4255
2251,1774012501385169660,1774012501388710587,3540
2252,1774012501390368110,1774012501393573276,3205
2253,1774012501394961066,1774012501398184359,3223
2254,1774012501399558574,1774012501403386039,3827
2255,1774012501404949996,1774012501408472273,3522
2256,1774012501410052436,1774012501413699794,3647
2257,1774012501415354245,1774012501419545205,4190
2258,1774012501421195389,1774012501425149418,3954
2259,1774012501426774808,1774012501430488178,3713
2260,1774012501432204939,1774012501436204956,4000
2261,1774012501437866167,1774012501442310255,4444
2262,1774012501444158346,1774012501448612332,4453
2263,1774012501450563108,1774012501454949917,4386
2264,1774012501456728269,1774012501461314348,4586
2265,1774012501463011739,1774012501467345251,4333
2266,1774012501468942644,1774012501472976712,4034
2267,1774012501474877199,1774012501479204584,4327
2268,1774012501480862287,1774012501485140174,4277
2269,1774012501487016307,1774012501491202424,4186
2270,1774012501492862590,1774012501497165682,4303
2271,1774012501499192872,1774012501503350005,4157
2272,1774012501505056050,1774012501509698204,4642
2273,1774012501511387703,1774012501515031462,3643
2274,1774012501516955809,1774012501520315178,3359
2275,1774012501522059012,1774012501525372413,3313
2276,1774012501526973407,1774012501530941045,3967
2277,1774012501532579766,1774012501536043364,3463
2278,1774012501537585541,1774012501541285168,3699
2279,1774012501543059462,1774012501547411130,4351
2280,1774012501548931480,1774012501552391733,3460
2281,1774012501553997047,1774012501558363659,4366
2282,1774012501559983758,1774012501563549739,3565
2283,1774012501565163563,1774012501569468383,4304
2284,1774012501571030582,1774012501575315767,4285
2285,1774012501576986951,1774012501581424919,4437
2286,1774012501583153083,1774012501587451301,4298
2287,1774012501589081881,1774012501593249428,4167
2288,1774012501594958223,1774012501599490246,4532
2289,1774012501601185801,1774012501605050813,3865
2290,1774012501606687006,1774012501611070838,4383
2291,1774012501612749653,1774012501617160619,4410
2292,1774012501618820722,1774012501623316066,4495
2293,1774012501625031918,1774012501629207041,4175
2294,1774012501630843230,1774012501635092174,4248
2295,1774012501637030617,1774012501641461616,4430
2296,1774012501643389342,1774012501647668183,4278
2297,1774012501649398337,1774012501653439633,4041
2298,1774012501655119780,1774012501659612806,4493
2299,1774012501661126573,1774012501665789351,4662
2300,1774012501667416858,1774012501671316203,3899
2301,1774012501673049880,1774012501676556714,3506
2302,1774012501678219402,1774012501681750590,3531
2303,1774012501683173910,1774012501687354501,4180
2304,1774012501689056106,1774012501693094609,4038
2305,1774012501694826521,1774012501699212833,4386
2306,1774012501700853590,1774012501704438861,3585
2307,1774012501706055160,1774012501709608063,3552
2308,1774012501711391030,1774012501715500889,4109
2309,1774012501717164981,1774012501720526130,3361
2310,1774012501722306981,1774012501726544937,4237
2311,1774012501728274083,1774012501732528830,4254
2312,1774012501734392877,1774012501738722444,4329
2313,1774012501740449134,1774012501744085180,3636
2314,1774012501745953586,1774012501750460447,4506
2315,1774012501752132180,1774012501755622600,3490
2316,1774012501757555674,1774012501761982454,4426
2317,1774012501763793865,1774012501767583969,3790
2318,1774012501769288641,1774012501772860481,3571
2319,1774012501774514488,1774012501778450121,3935
2320,1774012501780155707,1774012501783616631,3460
2321,1774012501785489838,1774012501789310422,3820
2322,1774012501790976839,1774012501794653611,3676
2323,1774012501796332915,1774012501799772672,3439
2324,1774012501801324860,1774012501804660972,3336
2325,1774012501806349906,1774012501809834120,3484
2326,1774012501811521006,1774012501815286189,3765
2327,1774012501816975071,1774012501820490764,3515
2328,1774012501822114255,1774012501826046055,3931
2329,1774012501827709267,1774012501831465828,3756
2330,1774012501833297463,1774012501837756528,4459
2331,1774012501839627804,1774012501843463641,3835
2332,1774012501845086986,1774012501849356535,4269
2333,1774012501851016616,1774012501854951084,3934
2334,1774012501856911856,1774012501861517156,4605
2335,1774012501863179956,1774012501866749840,3569
2336,1774012501868513258,1774012501872725628,4212
2337,1774012501874447171,1774012501878766169,4318
2338,1774012501880468308,1774012501884049455,3581
2339,1774012501885915528,1774012501890352088,4436
2340,1774012501892078373,1774012501895653232,3574
2341,1774012501897523106,1774012501902041386,4518
2342,1774012501903688233,1774012501907462928,3774
2343,1774012501909229169,1774012501913342674,4113
2344,1774012501915106786,1774012501918968384,3861
2345,1774012501920661241,1774012501924457500,3796
2346,1774012501926116653,1774012501930713406,4596
2347,1774012501932362842,1774012501935801980,3439
2348,1774012501937474333,1774012501941870711,4396
2349,1774012501943392639,1774012501947180342,3787
2350,1774012501948617967,1774012501952128673,3510
2351,1774012501953618958,1774012501957094831,3475
2352,1774012501958778985,1774012501962605894,3826
2353,1774012501964289611,1774012501968533400,4243
2354,1774012501970166566,1774012501974507186,4340
2355,1774012501976195255,1774012501980306159,4110
2356,1774012501982307014,1774012501986698494,4391
2357,1774012501988381258,1774012501992584280,4203
2358,1774012501994551403,1774012501998888387,4336
2359,1774012502000640281,1774012502004704472,4064
2360,1774012502006347822,1774012502011005618,4657
2361,1774012502012693771,1774012502016860394,4166
2362,1774012502018728522,1774012502023140700,4412
2363,1774012502024914035,1774012502029079662,4165
2364,1774012502030939520,1774012502035319929,4380
2365,1774012502037002846,1774012502040955543,3952
2366,1774012502042610561,1774012502046942053,4331
2367,1774012502048540701,1774012502052673542,4132
2368,1774012502054513452,1774012502059073783,4560
2369,1774012502060735306,1774012502064528693,3793
2370,1774012502066447121,1774012502070537059,4089
2371,1774012502072046453,1774012502075317253,3270
2372,1774012502076820291,1774012502080842830,4022
2373,1774012502082428668,1774012502085654838,3226
2374,1774012502087302098,1774012502090746202,3444
2375,1774012502092374568,1774012502095777054,3402
2376,1774012502097360726,1774012502101685343,4324
2377,1774012502103273685,1774012502107160243,3886
2378,1774012502108962327,1774012502113214835,4252
2379,1774012502114960891,1774012502118540549,3579
2380,1774012502120423296,1774012502124239089,3815
2381,1774012502125976925,1774012502129709142,3732
2382,1774012502131616724,1774012502136128793,4512
2383,1774012502137810725,1774012502141363287,3552
2384,1774012502143197474,1774012502147050506,3853
2385,1774012502148734104,1774012502153020640,4286
2386,1774012502154684698,1774012502158621824,3937
2387,1774012502160387645,1774012502164742505,4354
2388,1774012502166394717,1774012502170256125,3861
2389,1774012502171883612,1774012502176063580,4179
2390,1774012502177661792,1774012502181626650,3964
2391,1774012502183259685,1774012502187445435,4185
2392,1774012502189117229,1774012502193075775,3958
2393,1774012502194710806,1774012502198962998,4252
2394,1774012502200560388,1774012502204415618,3855
2395,1774012502205879479,1774012502209895462,4015
2396,1774012502211371117,1774012502215169698,3798
2397,1774012502216740773,1774012502221090070,4349
2398,1774012502222727233,1774012502225953400,3226
2399,1774012502227562261,1774012502231187685,3625
2400,1774012502232740117,1774012502236686779,3946
2401,1774012502238345483,1774012502241759768,3414
2402,1774012502243569162,1774012502247931860,4362
2403,1774012502249676622,1774012502253301731,3625
2404,1774012502255066164,1774012502259498451,4432
2405,1774012502261213541,1774012502265182988,3969
2406,1774012502267026776,1774012502271297291,4270
2407,1774012502273007440,1774012502277185037,4177
2408,1774012502279155842,1774012502283425489,4269
2409,1774012502285426122,1774012502289200043,3773
2410,1774012502290952876,1774012502295323708,4370
2411,1774012502297050328,1774012502301401923,4351
2412,1774012502303264669,1774012502306853825,3589
2413,1774012502308779510,1774012502312796621,4017
2414,1774012502314519608,1774012502318847190,4327
2415,1774012502320528607,1774012502324721821,4193
2416,1774012502326479447,1774012502330953226,4473
2417,1774012502332731964,1774012502337471987,4740
2418,1774012502339224389,1774012502342766798,3542
2419,1774012502344508829,1774012502348802680,4293
2420,1774012502350485559,1774012502354254519,3768
2421,1774012502355860846,1774012502359078964,3218
2422,1774012502360590595,1774012502365078150,4487
2423,1774012502366627399,1774012502370221099,3593
2424,1774012502372108952,1774012502376471699,4362
2425,1774012502378167299,1774012502382041468,3874
2426,1774012502383789391,1774012502387520197,3730
2427,1774012502389149621,1774012502393421574,4271
2428,1774012502395055788,1774012502399452939,4397
2429,1774012502401176531,1774012502405377264,4200
2430,1774012502406976200,1774012502410756351,3780
2431,1774012502412449938,1774012502416819479,4369
2432,1774012502418557291,1774012502422329260,3771
2433,1774012502423993798,1774012502428514973,4521
2434,1774012502430239671,1774012502434114868,3875
2435,1774012502435823526,1774012502440150937,4327
2436,1774012502442104759,1774012502445795813,3691
2437,1774012502447493907,1774012502451818438,4324
2438,1774012502453776163,1774012502457542664,3766
2439,1774012502459200779,1774012502463437188,4236
2440,1774012502465166424,1774012502469575916,4409
2441,1774012502471250651,1774012502475564022,4313
2442,1774012502477371295,1774012502481242242,3870
2443,1774012502482781946,1774012502487147645,4365
2444,1774012502488831424,1774012502492319670,3488
2445,1774012502494039205,1774012502498378094,4338
2446,1774012502500015708,1774012502504407607,4391
2447,1774012502506025993,1774012502510221937,4195
2448,1774012502511850135,1774012502516130030,4279
2449,1774012502517898730,1774012502521513537,3614
2450,1774012502523155310,1774012502527356369,4201
2451,1774012502529051412,1774012502533002118,3950
2452,1774012502534851567,1774012502539006036,4154
2453,1774012502540822841,1774012502545111343,4288
2454,1774012502546787297,1774012502550986468,4199
2455,1774012502552750690,1774012502556968307,4217
2456,1774012502558656410,1774012502562684585,4028
2457,1774012502564363050,1774012502567917574,3554
2458,1774012502569695976,1774012502574158690,4462
2459,1774012502575844647,1774012502579413014,3568
2460,1774012502581193388,1774012502585539536,4346
2461,1774012502587250911,1774012502590862051,3611
2462,1774012502592570002,1774012502597003454,4433
2463,1774012502598803248,1774012502602548264,3745
2464,1774012502604301021,1774012502608655921,4354
2465,1774012502610491678,1774012502613949534,3457
2466,1774012502615599124,1774012502619381379,3782
2467,1774012502620930652,1774012502624059053,3128
2468,1774012502625218904,1774012502629577723,4358
2469,1774012502631273638,1774012502634683454,3409
2470,1774012502636177384,1774012502639459265,3281
2471,1774012502641167148,1774012502644500455,3333
2472,1774012502646168992,1774012502650480452,4311
2473,1774012502652127943,1774012502656257175,4129
2474,1774012502657953866,1774012502662129671,4175
2475,1774012502663756007,1774012502667796395,4040
2476,1774012502669452522,1774012502673899054,4446
2477,1774012502675535089,1774012502679677123,4142
2478,1774012502681376500,1774012502685580806,4204
2479,1774012502687348881,1774012502691586792,4237
2480,1774012502693305131,1774012502697518327,4213
2481,1774012502699346407,1774012502703497305,4150
2482,1774012502705337286,1774012502709510782,4173
2483,1774012502711337361,1774012502715631919,4294
2484,1774012502717517271,1774012502722124053,4606
2485,1774012502723951854,1774012502728336992,4385
2486,1774012502730209059,1774012502733754582,3545
2487,1774012502735468348,1774012502739688694,4220
2488,1774012502741527915,1774012502746123047,4595
2489,1774012502747772272,1774012502752227579,4455
2490,1774012502753849182,1774012502758177069,4327
2491,1774012502759849847,1774012502764138270,4288
2492,1774012502765931923,1774012502769265202,3333
2493,1774012502770863615,1774012502775285782,4422
2494,1774012502777093666,1774012502780775570,3681
2495,1774012502782419009,1774012502786860277,4441
2496,1774012502788582002,1774012502792230942,3648
2497,1774012502793809604,1774012502797850701,4041
2498,1774012502799422727,1774012502803352555,3929
2499,1774012502805127965,1774012502809401408,4273
2500,1774012502811201600,1774012502815423210,4221
2501,1774012502817164402,1774012502821404530,4240
2502,1774012502823280853,1774012502827590392,4309
2503,1774012502829400935,1774012502833614052,4213
2504,1774012502835270500,1774012502839606005,4335
2505,1774012502841547893,1774012502846036192,4488
2506,1774012502847857373,1774012502852012595,4155
2507,1774012502853815447,1774012502858312227,4496
2508,1774012502860014000,1774012502864257815,4243
2509,1774012502865917694,1774012502870489289,4571
2510,1774012502872106875,1774012502876338722,4231
2511,1774012502878228012,1774012502882252705,4024
2512,1774012502883916798,1774012502887287099,3370
2513,1774012502888789686,1774012502893120932,4331
2514,1774012502894743336,1774012502898333815,3590
2515,1774012502899999123,1774012502903610724,3611
2516,1774012502905133791,1774012502909286603,4152
2517,1774012502910971963,1774012502914190749,3218
2518,1774012502915553208,1774012502919286902,3733
2519,1774012502920929541,1774012502925169023,4239
2520,1774012502926699505,1774012502930298128,3598
2521,1774012502932050049,1774012502935878348,3828
2522,1774012502937777658,1774012502941493231,3715
2523,1774012502943122646,1774012502946728280,3605
2524,1774012502948528995,1774012502952715921,4186
2525,1774012502954371070,1774012502958186448,3815
2526,1774012502959949844,1774012502964270296,4320
2527,1774012502966000873,1774012502970020716,4019
2528,1774012502971729445,1774012502976079981,4350
2529,1774012502977961520,1774012502981942406,3980
2530,1774012502983666541,1774012502988131599,4465
2531,1774012502989807370,1774012502993903816,4096
2532,1774012502995637481,1774012503000069423,4431
2533,1774012503001767125,1774012503005910360,4143
2534,1774012503007715382,1774012503012203897,4488
2535,1774012503013902875,1774012503017924302,4021
2536,1774012503019595577,1774012503024084385,4488
2537,1774012503025808625,1774012503029879832,4071
2538,1774012503031538467,1774012503036081362,4542
2539,1774012503037826069,1774012503041879179,4053
2540,1774012503043494036,1774012503046890409,3396
2541,1774012503048259828,1774012503051705896,3446
2542,1774012503053432448,1774012503057589605,4157
2543,1774012503059226499,1774012503062984510,3758
2544,1774012503064660748,1774012503069011027,4350
2545,1774012503070710359,1774012503075010263,4299
2546,1774012503076775307,1774012503081119907,4344
2547,1774012503082760226,1774012503087083349,4323
2548,1774012503088947588,1774012503093441870,4494
2549,1774012503095056693,1774012503099441807,4385
2550,1774012503101291904,1774012503105687300,4395
2551,1774012503107668459,1774012503112023987,4355
2552,1774012503113890855,1774012503118136533,4245
2553,1774012503119941262,1774012503124379181,4437
2554,1774012503126112570,1774012503130237030,4124
2555,1774012503132069767,1774012503136456442,4386
2556,1774012503138180968,1774012503142348432,4167
2557,1774012503144097883,1774012503148463451,4365
2558,1774012503150180379,1774012503154468366,4287
2559,1774012503156093567,1774012503160684903,4591
2560,1774012503162369605,1774012503166136088,3766
2561,1774012503167548214,1774012503170824573,3276
2562,1774012503172463157,1774012503176455515,3992
2563,1774012503178105976,1774012503181931408,3825
2564,1774012503183558953,1774012503187164266,3605
2565,1774012503188807695,1774012503192746037,3938
2566,1774012503194309936,1774012503197615817,3305
2567,1774012503199255891,1774012503203555634,4299
2568,1774012503205171335,1774012503208952758,3781
2569,1774012503210498446,1774012503214784247,4285
2570,1774012503216617088,1774012503220891889,4274
2571,1774012503222564449,1774012503226908313,4343
2572,1774012503228735345,1774012503232657783,3922
2573,1774012503234458726,1774012503238831248,4372
2574,1774012503240632827,1774012503244844836,4212
2575,1774012503246507560,1774012503250709287,4201
2576,1774012503252349080,1774012503255886536,3537
2577,1774012503257609807,1774012503261954910,4345
2578,1774012503263603274,1774012503267201002,3597
2579,1774012503269094163,1774012503272638064,3543
2580,1774012503274324924,1774012503278771650,4446
2581,1774012503280483653,1774012503284716259,4232
2582,1774012503286485286,1774012503290875445,4390
2583,1774012503292336662,1774012503295672466,3335
2584,1774012503297374939,1774012503301699112,4324
2585,1774012503303382363,1774012503306995174,3612
2586,1774012503308515636,1774012503313030395,4514
2587,1774012503314688447,1774012503318056566,3368
2588,1774012503319624223,1774012503323326675,3702
2589,1774012503324980252,1774012503328925184,3944
2590,1774012503330543736,1774012503334781296,4237
2591,1774012503336444492,1774012503340578283,4133
2592,1774012503342389493,1774012503346207188,3817
2593,1774012503347848328,1774012503352351447,4503
2594,1774012503354248241,1774012503357778122,3529
2595,1774012503359468448,1774012503363953238,4484
2596,1774012503365791186,1774012503369599221,3808
2597,1774012503371354787,1774012503375913925,4559
2598,1774012503377796678,1774012503381660189,3863
2599,1774012503383336611,1774012503387610435,4273
2600,1774012503389383990,1774012503393459869,4075
2601,1774012503395351571,1774012503399663779,4312
2602,1774012503401396314,1774012503405371951,3975
2603,1774012503407062387,1774012503411372372,4309
2604,1774012503413119014,1774012503416999018,3880
2605,1774012503418951797,1774012503423395781,4443
2606,1774012503425085348,1774012503429133746,4048
2607,1774012503430884580,1774012503435376329,4491
2608,1774012503437093048,1774012503441535396,4442
2609,1774012503443228348,1774012503447735794,4507
2610,1774012503449660279,1774012503453294253,3633
2611,1774012503455063920,1774012503459543654,4479
2612,1774012503461278553,1774012503464593296,3314
2613,1774012503466199967,1774012503470220148,4020
2614,1774012503471928778,1774012503475482451,3553
2615,1774012503477377590,1774012503480739179,3361
2616,1774012503482445678,1774012503486295376,3849
2617,1774012503488083500,1774012503492224269,4140
2618,1774012503494162820,1774012503498473908,4311
2619,1774012503500437521,1774012503504188784,3751
2620,1774012503505975740,1774012503510374576,4398
2621,1774012503512116541,1774012503516080178,3963
2622,1774012503517845323,1774012503522124898,4279
2623,1774012503523963288,1774012503527781045,3817
2624,1774012503529563670,1774012503533971175,4407
2625,1774012503535669643,1774012503539450821,3781
2626,1774012503541166478,1774012503545765214,4598
2627,1774012503547568312,1774012503551383067,3814
2628,1774012503553048298,1774012503557530428,4482
2629,1774012503559205151,1774012503562856539,3651
2630,1774012503564881897,1774012503568636943,3755
2631,1774012503570398025,1774012503574774706,4376
2632,1774012503576639296,1774012503581207564,4568
2633,1774012503582975742,1774012503587297864,4322
2634,1774012503588910711,1774012503592502919,3592
2635,1774012503594020677,1774012503597228136,3207
2636,1774012503598871746,1774012503603093514,4221
2637,1774012503604902144,1774012503608438905,3536
2638,1774012503610048641,1774012503613555072,3506
2639,1774012503615246360,1774012503619430243,4183
2640,1774012503621089474,1774012503625025162,3935
2641,1774012503626739054,1774012503631124642,4385
2642,1774012503632790257,1774012503637126034,4335
2643,1774012503638826239,1774012503643030552,4204
2644,1774012503644923303,1774012503649522383,4599
2645,1774012503651221429,1774012503655597375,4375
2646,1774012503657428950,1774012503661452638,4023
2647,1774012503663075708,1774012503667048872,3973
2648,1774012503668980213,1774012503673485006,4504
2649,1774012503675187109,1774012503679095763,3908
2650,1774012503681014694,1774012503685488355,4473
2651,1774012503687376456,1774012503691706033,4329
2652,1774012503693371954,1774012503697540859,4168
2653,1774012503699425287,1774012503703598983,4173
2654,1774012503705444519,1774012503710037404,4592
2655,1774012503711673222,1774012503715077075,3403
2656,1774012503716577935,1774012503720414149,3836
2657,1774012503721931043,1774012503726349850,4418
2658,1774012503728100211,1774012503731594245,3494
2659,1774012503733232921,1774012503737156938,3924
2660,1774012503738783054,1774012503742430354,3647
2661,1774012503744054581,1774012503747875298,3820
2662,1774012503749492564,1774012503753705550,4212
2663,1774012503755365121,1774012503759475546,4110
2664,1774012503761095297,1774012503764505460,3410
2665,1774012503766430579,1774012503770777868,4347
2666,1774012503772515947,1774012503776722428,4206
2667,1774012503778355177,1774012503781753640,3398
2668,1774012503783364684,1774012503787586060,4221
2669,1774012503789220339,1774012503792989935,3769
2670,1774012503794615169,1774012503798406937,3791
2671,1774012503799966064,1774012503804022954,4056
2672,1774012503805999250,1774012503809537685,3538
2673,1774012503811238941,1774012503815021015,3782
2674,1774012503817006253,1774012503821121817,4115
2675,1774012503822841280,1774012503826663501,3822
2676,1774012503828493928,1774012503832601547,4107
2677,1774012503834328993,1774012503838015590,3686
2678,1774012503839769460,1774012503844352685,4583
2679,1774012503846021969,1774012503850203346,4181
2680,1774012503851874840,1774012503855780460,3905
2681,1774012503857273386,1774012503861531988,4258
2682,1774012503863152910,1774012503867468008,4315
2683,1774012503869118950,1774012503872380368,3261
2684,1774012503873984728,1774012503877956081,3971
2685,1774012503879570450,1774012503882919969,3349
2686,1774012503884594315,1774012503888650515,4056
2687,1774012503890267398,1774012503894101937,3834
2688,1774012503895844573,1774012503900165000,4320
2689,1774012503901908449,1774012503905605122,3696
2690,1774012503907438187,1774012503910697238,3259
2691,1774012503912587004,1774012503917055770,4468
2692,1774012503918794597,1774012503922462015,3667
2693,1774012503924112285,1774012503927885314,3773
2694,1774012503929766506,1774012503934017366,4250
2695,1774012503935689474,1774012503939362434,3672
2696,1774012503941201500,1774012503945335736,4134
2697,1774012503946975956,1774012503950979879,4003
2698,1774012503952882671,1774012503957336590,4453
2699,1774012503959009778,1774012503962938059,3928
2700,1774012503964838714,1774012503968522438,3683
2701,1774012503970278498,1774012503974526916,4248
2702,1774012503976405005,1774012503980814224,4409
2703,1774012503982527931,1774012503986488558,3960
2704,1774012503988151440,1774012503991831343,3679
2705,1774012503993514202,1774012503997579094,4064
2706,1774012503999027099,1774012504002536930,3509
2707,1774012504004098260,1774012504007418229,3319
2708,1774012504008947909,1774012504012478709,3530
2709,1774012504013791110,1774012504017973208,4182
2710,1774012504019553238,1774012504022918387,3365
2711,1774012504024473546,1774012504029041183,4567
2712,1774012504030800653,1774012504034448901,3648
2713,1774012504036433554,1774012504040762849,4329
2714,1774012504042743233,1774012504046563256,3820
2715,1774012504048223444,1774012504051869087,3645
2716,1774012504053613378,1774012504057617723,4004
2717,1774012504059289658,1774012504062923715,3634
2718,1774012504064596515,1774012504069014611,4418
2719,1774012504070662184,1774012504074465942,3803
2720,1774012504076215361,1774012504079612980,3397
2721,1774012504081311813,1774012504084842768,3530
2722,1774012504086496766,1774012504090089639,3592
2723,1774012504091760327,1774012504096060990,4300
2724,1774012504097669633,1774012504101530993,3861
2725,1774012504103276217,1774012504107599066,4322
2726,1774012504109303245,1774012504113490236,4186
2727,1774012504115143575,1774012504119463979,4320
2728,1774012504121180673,1774012504124537596,3356
2729,1774012504126118768,1774012504130536403,4417
2730,1774012504132369038,1774012504136254630,3885
2731,1774012504137861237,1774012504141403572,3542
2732,1774012504143026049,1774012504146417256,3391
2733,1774012504147959224,1774012504151246617,3287
2734,1774012504152815178,1774012504156435911,3620
2735,1774012504158226901,1774012504161682648,3455
2736,1774012504163341873,1774012504167444189,4102
2737,1774012504169043486,1774012504172819621,3776
2738,1774012504174430416,1774012504178813823,4383
2739,1774012504180388923,1774012504184632583,4243
2740,1774012504186358616,1774012504190622388,4263
2741,1774012504192292280,1774012504196433287,4141
2742,1774012504198150037,1774012504202335216,4185
2743,1774012504203983747,1774012504208118874,4135
2744,1774012504209802663,1774012504214085103,4282
2745,1774012504215791390,1774012504219988405,4197
2746,1774012504221665304,1774012504225319274,3653
2747,1774012504227077520,1774012504231462344,4384
2748,1774012504233136602,1774012504236588736,3452
2749,1774012504238390494,1774012504242760811,4370
2750,1774012504244453977,1774012504248267133,3813
2751,1774012504249929034,1774012504254396098,4467
2752,1774012504256148464,1774012504259960525,3812
2753,1774012504261636914,1774012504266068728,4431
2754,1774012504267711291,1774012504271440901,3729
2755,1774012504273151773,1774012504276535490,3383
2756,1774012504278164049,1774012504281489845,3325
2757,1774012504282953189,1774012504287120983,4167
2758,1774012504288762874,1774012504292298655,3535
2759,1774012504293867822,1774012504298126983,4259
2760,1774012504299791137,1774012504304062943,4271
2761,1774012504305829552,1774012504309424134,3594
2762,1774012504311084832,1774012504315341692,4256
2763,1774012504317082457,1774012504321111382,4028
2764,1774012504322835487,1774012504327349586,4514
2765,1774012504329291818,1774012504333076665,3784
2766,1774012504334727141,1774012504338950799,4223
2767,1774012504340684898,1774012504344800314,4115
2768,1774012504346515965,1774012504351019250,4503
2769,1774012504352726622,1774012504356806716,4080
2770,1774012504358490916,1774012504362325183,3834
2771,1774012504363931914,1774012504368393675,4461
2772,1774012504370084581,1774012504373696729,3612
2773,1774012504375370374,1774012504378847841,3477
2774,1774012504380643828,1774012504384928698,4284
2775,1774012504386795332,1774012504390655288,3859
2776,1774012504392398068,1774012504397038830,4640
2777,1774012504398749816,1774012504402456029,3706
2778,1774012504404274343,1774012504407721382,3447
2779,1774012504409370107,1774012504413219189,3849
2780,1774012504414602996,1774012504418371319,3768
2781,1774012504419910456,1774012504424170475,4260
2782,1774012504425613364,1774012504429669108,4055
2783,1774012504431227393,1774012504434633324,3405
2784,1774012504436376885,1774012504439929853,3552
2785,1774012504441636221,1774012504446030849,4394
2786,1774012504447753146,1774012504451523242,3770
2787,1774012504453306312,1774012504457605423,4299
2788,1774012504459317654,1774012504463178089,3860
2789,1774012504464815769,1774012504468473173,3657
2790,1774012504470172390,1774012504474484191,4311
2791,1774012504476135352,1774012504479749219,3613
2792,1774012504481522012,1774012504486063194,4541
2793,1774012504487744657,1774012504491587169,3842
2794,1774012504493370109,1774012504497683014,4312
2795,1774012504499355553,1774012504503680633,4325
2796,1774012504505463153,1774012504509833189,4370
2797,1774012504511753757,1774012504515568338,3814
2798,1774012504517495407,1774012504521865109,4369
2799,1774012504523733977,1774012504528063914,4329
2800,1774012504529818156,1774012504534261275,4443
2801,1774012504536024296,1774012504540388882,4364
2802,1774012504541901820,1774012504545191203,3289
2803,1774012504546765587,1774012504551239366,4473
2804,1774012504552778392,1774012504556505641,3727
2805,1774012504558118715,1774012504562020400,3901
2806,1774012504563722708,1774012504567290147,3567
2807,1774012504568842428,1774012504572387322,3544
2808,1774012504574153556,1774012504578031346,3877
2809,1774012504579729277,1774012504583822172,4092
2810,1774012504585525904,1774012504589655031,4129
2811,1774012504591667834,1774012504595813443,4145
2812,1774012504597520854,1774012504601726285,4205
2813,1774012504603532581,1774012504607789412,4256
2814,1774012504609574673,1774012504613926246,4351
2815,1774012504615819689,1774012504620038355,4218
2816,1774012504621724809,1774012504626046791,4321
2817,1774012504627870558,1774012504631962094,4091
2818,1774012504633683502,1774012504637952548,4269
2819,1774012504639944353,1774012504644056302,4111
2820,1774012504645897799,1774012504650383090,4485
2821,1774012504652284056,1774012504656148638,3864
2822,1774012504657858862,1774012504662026047,4167
2823,1774012504663973553,1774012504667852336,3878
2824,1774012504669689302,1774012504673543718,3854
2825,1774012504675240261,1774012504679487672,4247
2826,1774012504681218736,1774012504685622622,4403
2827,1774012504687253592,1774012504690939151,3685
2828,1774012504692524800,1774012504697053308,4528
2829,1774012504698678669,1774012504701919024,3240
2830,1774012504703568218,1774012504707016532,3448
2831,1774012504708641398,1774012504712628710,3987
2832,1774012504714297968,1774012504718556981,4259
2833,1774012504720209815,1774012504724619631,4409
2834,1774012504726268871,1774012504730665488,4396
2835,1774012504732451616,1774012504736644093,4192
2836,1774012504738511073,1774012504742802412,4291
2837,1774012504744512262,1774012504748624948,4112
2838,1774012504750271283,1774012504754512892,4241
2839,1774012504756181076,1774012504760432868,4251
2840,1774012504762212356,1774012504766497276,4284
2841,1774012504768263421,1774012504772617094,4353
2842,1774012504774368253,1774012504778718584,4350
2843,1774012504780459141,1774012504784672110,4212
2844,1774012504786583216,1774012504791152013,4568
2845,1774012504793021801,1774012504797226375,4204
2846,1774012504798574760,1774012504802422035,3847
2847,1774012504804190310,1774012504807488114,3297
2848,1774012504808916654,1774012504812418122,3501
2849,1774012504814082778,1774012504818439237,4356
2850,1774012504820196651,1774012504823884962,3688
2851,1774012504825500832,1774012504829684029,4183
2852,1774012504831382355,1774012504834746332,3363
2853,1774012504836460428,1774012504840904959,4444
2854,1774012504842505317,1774012504846759632,4254
2855,1774012504848566538,1774012504853139598,4573
2856,1774012504854858105,1774012504858609726,3751
2857,1774012504860593842,1774012504864938036,4344
2858,1774012504866708416,1774012504870501385,3792
2859,1774012504872302011,1774012504876547515,4245
2860,1774012504878214116,1774012504882074624,3860
2861,1774012504883746507,1774012504888061146,4314
2862,1774012504889677168,1774012504893631121,3953
2863,1774012504895261111,1774012504898680235,3419
2864,1774012504900267261,1774012504904114954,3847
2865,1774012504905914984,1774012504909974467,4059
2866,1774012504911628053,1774012504915864476,4236
2867,1774012504917560203,1774012504921598737,4038
2868,1774012504923340346,1774012504927612093,4271
2869,1774012504929346513,1774012504933507063,4160
2870,1774012504935156845,1774012504939455847,4299
2871,1774012504941254871,1774012504945494423,4239
2872,1774012504947229268,1774012504951182813,3953
2873,1774012504952798562,1774012504957115007,4316
2874,1774012504958714084,1774012504963166870,4452
2875,1774012504964830548,1774012504969158589,4328
2876,1774012504970753188,1774012504974031567,3278
2877,1774012504975946814,1774012504979511127,3564
2878,1774012504981176563,1774012504985068926,3892
2879,1774012504986855310,1774012504990880425,4025
2880,1774012504992432533,1774012504996677524,4244
2881,1774012504998450780,1774012505002345605,3894
2882,1774012505004012547,1774012505008322198,4309
2883,1774012505009990364,1774012505014205083,4214
2884,1774012505015971482,1774012505020523729,4552
2885,1774012505022383239,1774012505026519505,4136
2886,1774012505028272928,1774012505032525812,4252
2887,1774012505034384517,1774012505038533649,4149
2888,1774012505040467510,1774012505044737890,4270
2889,1774012505046548383,1774012505050749645,4201
2890,1774012505052655890,1774012505057318584,4662
2891,1774012505059113732,1774012505063056066,3942
2892,1774012505064730433,1774012505069279621,4549
2893,1774012505071013172,1774012505075039351,4026
2894,1774012505076747996,1774012505081416072,4668
2895,1774012505083189979,1774012505086922313,3732
2896,1774012505088520849,1774012505092029205,3508
2897,1774012505093735782,1774012505098296860,4561
2898,1774012505100061701,1774012505103771049,3709
2899,1774012505105470832,1774012505109282708,3811
2900,1774012505111010495,1774012505114215778,3205
2901,1774012505115942052,1774012505120334729,4392
2902,1774012505121944471,1774012505125524029,3579
2903,1774012505127336934,1774012505131085923,3748
2904,1774012505132755351,1774012505136863058,4107
2905,1774012505138494145,1774012505142930743,4436
2906,1774012505144573487,1774012505148625083,4051
2907,1774012505150299228,1774012505153905819,3606
2908,1774012505155730537,1774012505160007177,4276
2909,1774012505161912359,1774012505165451390,3539
2910,1774012505167055705,1774012505171465463,4409
2911,1774012505173141167,1774012505176652305,3511
2912,1774012505178181740,1774012505181594167,3412
2913,1774012505183256283,1774012505187013359,3757
2914,1774012505188643631,1774012505192609089,3965
2915,1774012505194246439,1774012505198352523,4106
2916,1774012505199993518,1774012505204092079,4098
2917,1774012505205714990,1774012505209268480,3553
2918,1774012505210914522,1774012505215161914,4247
2919,1774012505216802080,1774012505220831801,4029
2920,1774012505222380334,1774012505226729109,4348
2921,1774012505228444520,1774012505231779202,3334
2922,1774012505233391198,1774012505236574028,3182
2923,1774012505238161828,1774012505241488370,3326
2924,1774012505243119014,1774012505246434291,3315
2925,1774012505248202903,1774012505252711877,4508
2926,1774012505254301319,1774012505257867951,3566
2927,1774012505259431621,1774012505263252002,3820
2928,1774012505264977188,1774012505268858657,3881
2929,1774012505270507354,1774012505275121551,4614
2930,1774012505276923838,1774012505280994864,4071
2931,1774012505282865447,1774012505287384111,4518
2932,1774012505289065084,1774012505292949406,3884
2933,1774012505294739486,1774012505299228497,4489
2934,1774012505300901254,1774012505304869922,3968
2935,1774012505306681821,1774012505311125583,4443
2936,1774012505313131963,1774012505317012897,3880
2937,1774012505318791908,1774012505322577358,3785
2938,1774012505324421312,1774012505328542454,4121
2939,1774012505330289630,1774012505334182501,3892
2940,1774012505336008732,1774012505340450965,4442
2941,1774012505342229494,1774012505346210899,3981
2942,1774012505348024351,1774012505352627830,4603
2943,1774012505354426426,1774012505358402827,3976
2944,1774012505360084851,1774012505363340965,3256
2945,1774012505365003803,1774012505368364941,3361
2946,1774012505369796978,1774012505373800839,4003
2947,1774012505375397196,1774012505378717316,3320
2948,1774012505380303205,1774012505383781739,3478
2949,1774012505385505030,1774012505389859921,4354
2950,1774012505391428077,1774012505395325400,3897
2951,1774012505396982913,1774012505401172504,4189
2952,1774012505402760211,1774012505406708650,3948
2953,1774012505408470529,1774012505412654852,4184
2954,1774012505414447803,1774012505417829687,3381
2955,1774012505419833157,1774012505424193153,4359
2956,1774012505425909104,1774012505430379839,4470
2957,1774012505432080590,1774012505436483584,4402
2958,1774012505438177262,1774012505442580524,4403
2959,1774012505444375970,1774012505448580243,4204
2960,1774012505450370396,1774012505454728701,4358
2961,1774012505456580420,1774012505460935688,4355
2962,1774012505462597202,1774012505466848545,4251
2963,1774012505468670473,1774012505473052146,4381
2964,1774012505474766647,1774012505479098178,4331
2965,1774012505480959801,1774012505485572793,4612
2966,1774012505487353876,1774012505491870898,4517
2967,1774012505493627424,1774012505497955939,4328
2968,1774012505499605418,1774012505504116509,4511
2969,1774012505505881143,1774012505510029240,4148
2970,1774012505511771462,1774012505516006353,4234
2971,1774012505517542568,1774012505522013912,4471
2972,1774012505523705111,1774012505527321648,3616
2973,1774012505528901619,1774012505532478331,3576
2974,1774012505534149224,1774012505537672737,3523
2975,1774012505539364388,1774012505543150797,3786
2976,1774012505544788666,1774012505548799306,4010
2977,1774012505550396994,1774012505554479982,4082
2978,1774012505556113221,1774012505560366044,4252
2979,1774012505561986933,1774012505565583104,3596
2980,1774012505567328260,1774012505571233419,3905
2981,1774012505572880362,1774012505576749697,3869
2982,1774012505578480831,1774012505581956790,3475
2983,1774012505583591298,1774012505587689568,4098
2984,1774012505589716042,1774012505593740582,4024
2985,1774012505595457348,1774012505599817102,4359
2986,1774012505601753368,1774012505606160951,4407
2987,1774012505607854168,1774012505612157166,4302
2988,1774012505613856807,1774012505618085056,4228
2989,1774012505619835332,1774012505624095967,4260
2990,1774012505625715733,1774012505630059157,4343
2991,1774012505631799917,1774012505635988036,4188
2992,1774012505637595380,1774012505642055239,4459
2993,1774012505643709410,1774012505648174711,4465
2994,1774012505649852075,1774012505654038450,4186
2995,1774012505655846046,1774012505660203775,4357
2996,1774012505661819530,1774012505665895240,4075
2997,1774012505667500911,1774012505671764174,4263
2998,1774012505673489604,1774012505677001548,3511
2999,1774012505678592204,1774012505682873366,4281
3000,1774012505684582517,1774012505688476729,3894
3001,1774012505690407645,1774012505694739748,4332
3002,1774012505696453646,1774012505699975706,3522
3003,1774012505701622930,1774012505705355532,3732
3004,1774012505707058089,1774012505711070336,4012
3005,1774012505712741313,1774012505717000568,4259
3006,1774012505718661107,1774012505722756185,4095
3007,1774012505724418071,1774012505728664224,4246
3008,1774012505730351369,1774012505734437706,4086
3009,1774012505736120554,1774012505740339981,4219
3010,1774012505742218409,1774012505746472812,4254
3011,1774012505748197206,1774012505752408239,4211
3012,1774012505754190722,1774012505757634892,3444
3013,1774012505759476327,1774012505763744493,4268
3014,1774012505765515114,1774012505769988935,4473
3015,1774012505771681877,1774012505776223539,4541
3016,1774012505777955877,1774012505781620057,3664
3017,1774012505783472839,1774012505786767076,3294
3018,1774012505788346411,1774012505791627696,3281
3019,1774012505793215470,1774012505796674427,3458
3020,1774012505798263855,1774012505802178021,3914
3021,1774012505803987409,1774012505807603105,3615
3022,1774012505809202279,1774012505813391136,4188
3023,1774012505815005936,1774012505818481042,3475
3024,1774012505820138090,1774012505824000591,3862
3025,1774012505825634609,1774012505829190435,3555
3026,1774012505830870191,1774012505835106535,4236
3027,1774012505836730031,1774012505840271927,3541
3028,1774012505841967660,1774012505845506448,3538
3029,1774012505847182406,1774012505851390827,4208
3030,1774012505853118208,1774012505857559710,4441
3031,1774012505859370131,1774012505863607816,4237
3032,1774012505865417731,1774012505869755697,4337
3033,1774012505871470273,1774012505876090420,4620
3034,1774012505877961708,1774012505882329895,4368
3035,1774012505884060384,1774012505888377646,4317
3036,1774012505890089308,1774012505894361377,4272
3037,1774012505896050869,1774012505900348875,4298
3038,1774012505902107800,1774012505906185470,4077
3039,1774012505907905048,1774012505912258401,4353
3040,1774012505913916312,1774012505918269174,4352
3041,1774012505919935170,1774012505924268347,4333
3042,1774012505926000416,1774012505929874252,3873
3043,1774012505931574784,1774012505936079912,4505
3044,1774012505937530894,1774012505942041845,4510
3045,1774012505943682542,1774012505947930911,4248
3046,1774012505949757224,1774012505953856531,4099
3047,1774012505955521998,1774012505959911930,4389
3048,1774012505961619939,1774012505966020612,4400
3049,1774012505967725897,1774012505972194802,4468
3050,1774012505973983126,1774012505978392236,4409
3051,1774012505980192943,1774012505983630230,3437
3052,1774012505985519010,1774012505989981903,4462
3053,1774012505991675046,1774012505995430878,3755
3054,1774012505997071790,1774012506001005874,3934
3055,1774012506002807228,1774012506006910508,4103
3056,1774012506008641128,1774012506012412630,3771
3057,1774012506014082799,1774012506018521146,4438
3058,1774012506020192478,1774012506024049262,3856
3059,1774012506025883001,1774012506030340882,4457
3060,1774012506032004917,1774012506035933870,3928
3061,1774012506037607629,1774012506042350807,4743
3062,1774012506044243229,1774012506047930028,3686
3063,1774012506049426940,1774012506052942261,3515
3064,1774012506054574606,1774012506058943038,4368
3065,1774012506060482960,1774012506064276884,3793
3066,1774012506066010681,1774012506070466056,4455
3067,1774012506072051302,1774012506076237518,4186
3068,1774012506077925115,1774012506081981168,4056
3069,1774012506083543826,1774012506086836534,3292
3070,1774012506088411763,1774012506092255947,3844
3071,1774012506093896463,1774012506097403935,3507
3072,1774012506099014013,1774012506103241547,4227
3073,1774012506104949722,1774012506108961233,4011
3074,1774012506110600056,1774012506115068414,4468
3075,1774012506116775030,1774012506120556202,3781
3076,1774012506122394705,1774012506125934345,3539
3077,1774012506127848465,1774012506132209036,4360
3078,1774012506133942460,1774012506137970690,4028
3079,1774012506139831766,1774012506143942691,4110
3080,1774012506145650347,1774012506150037377,4387
3081,1774012506151808758,1774012506156228131,4419
3082,1774012506157925040,1774012506162042078,4117
3083,1774012506163719730,1774012506168208646,4488
3084,1774012506169826627,1774012506173728545,3901
3085,1774012506175466073,1774012506179166893,3700
3086,1774012506180677606,1774012506184292760,3615
3087,1774012506185626648,1774012506189742299,4115
3088,1774012506191248567,1774012506194827234,3578
3089,1774012506196431503,1774012506199764377,3332
3090,1774012506201208944,1774012506205612969,4404
3091,1774012506207210944,1774012506211023977,3813
3092,1774012506212511919,1774012506215779925,3268
3093,1774012506217370717,1774012506220805927,3435
3094,1774012506222339289,1774012506225623637,3284
3095,1774012506227349643,1774012506231600099,4250
3096,1774012506233236570,1774012506236937835,3701
3097,1774012506238570443,1774012506242909101,4338
3098,1774012506244558346,1774012506249010904,4452
3099,1774012506250674723,1774012506254432674,3757
3100,1774012506256107561,1774012506259704016,3596
3101,1774012506261457313,1774012506265409011,3951
3102,1774012506267140358,1774012506270962860,3822
3103,1774012506272768496,1774012506277143040,4374
3104,1774012506279045856,1774012506283376304,4330
3105,1774012506285044907,1774012506289359392,4314
3106,1774012506291170691,1774012506295333455,4162
3107,1774012506296995741,1774012506300706323,3710
3108,1774012506302844900,1774012506307496054,4651
3109,1774012506309140293,1774012506313141986,4001
3110,1774012506314917358,1774012506319458815,4541
3111,1774012506321161112,1774012506324658041,3496
3112,1774012506326385748,1774012506329783533,3397
3113,1774012506331386749,1774012506335655845,4269
3114,1774012506337360266,1774012506340873650,3513
3115,1774012506342580804,1774012506347233147,4652
3116,1774012506348988628,1774012506352231679,3243
3117,1774012506353939579,1774012506358110911,4171
3118,1774012506359773800,1774012506363455913,3682
3119,1774012506365104642,1774012506369258688,4154
3120,1774012506370928033,1774012506374898013,3969
3121,1774012506376684884,1774012506381043497,4358
3122,1774012506382775693,1774012506387024082,4248
3123,1774012506388933082,1774012506393234744,4301
3124,1774012506394999839,1774012506399024763,4024
3125,1774012506400932902,1774012506405297393,4364
3126,1774012506406980783,1774012506410939398,3958
3127,1774012506412877247,1774012506417374758,4497
3128,1774012506419041574,1774012506422934367,3892
3129,1774012506424765217,1774012506429050559,4285
3130,1774012506430737959,1774012506434930805,4192
3131,1774012506436852750,1774012506441187303,4334
3132,1774012506442922306,1774012506447074217,4151
3133,1774012506448981119,1774012506453348958,4367
3134,1774012506455176230,1774012506459107981,3931
3135,1774012506460818691,1774012506465208901,4390
3136,1774012506466912004,1774012506470785880,3873
3137,1774012506472399353,1774012506475874165,3474
3138,1774012506477549583,1774012506480879392,3329
3139,1774012506482537743,1774012506486318136,3780
3140,1774012506487889036,1774012506492067780,4178
3141,1774012506493553007,1774012506497509781,3956
3142,1774012506499367441,1774012506502865318,3497
3143,1774012506504503970,1774012506508340830,3836
3144,1774012506510106499,1774012506514146677,4040
3145,1774012506515822871,1774012506519529461,3706
3146,1774012506521215494,1774012506525489187,4273
3147,1774012506527127468,1774012506531269597,4142
3148,1774012506532893835,1774012506536520327,3626
3149,1774012506538165401,1774012506542354246,4188
3150,1774012506544038574,1774012506547835310,3796
3151,1774012506549587135,1774012506553783572,4196
3152,1774012506555728742,1774012506559888229,4159
3153,1774012506561728891,1774012506566004345,4275
3154,1774012506567679483,1774012506571599866,3920
3155,1774012506573408704,1774012506577562049,4153
3156,1774012506579387872,1774012506583483121,4095
3157,1774012506585274586,1774012506589461754,4187
3158,1774012506591110919,1774012506594458651,3347
3159,1774012506596132109,1774012506600543123,4411
3160,1774012506602286484,1774012506606283647,3997
3161,1774012506608020929,1774012506612406770,4385
3162,1774012506614054895,1774012506617621045,3566
3163,1774012506619318818,1774012506623567369,4248
3164,1774012506625189877,1774012506629213047,4023
3165,1774012506630829757,1774012506634529961,3700
3166,1774012506636269407,1774012506640489424,4220
3167,1774012506642107913,1774012506646121201,4013
3168,1774012506647736339,1774012506652081732,4345
3169,1774012506653867197,1774012506657932945,4065
3170,1774012506659574324,1774012506663943509,4369
3171,1774012506665863338,1774012506670149088,4285
3172,1774012506671818667,1774012506676059314,4240
3173,1774012506678396384,1774012506682258451,3862
3174,1774012506683920393,1774012506687591868,3671
3175,1774012506689511577,1774012506693451479,3939
3176,1774012506695106669,1774012506698796525,3689
3177,1774012506700687749,1774012506705129089,4441
3178,1774012506707071872,1774012506711415352,4343
3179,1774012506713263275,1774012506717398369,4135
3180,1774012506719170140,1774012506723620529,4450
3181,1774012506725616113,1774012506730081483,4465
3182,1774012506731758075,1774012506735041457,3283
3183,1774012506736723347,1774012506740832778,4109
3184,1774012506742536917,1774012506746941659,4404
3185,1774012506748635591,1774012506753189843,4554
3186,1774012506754806577,1774012506759257632,4451
3187,1774012506760801092,1774012506764505787,3704
3188,1774012506766135491,1774012506769577602,3442
3189,1774012506771177347,1774012506774586600,3409
3190,1774012506776443088,1774012506780478624,4035
3191,1774012506782255970,1774012506786230716,3974
3192,1774012506788000463,1774012506792125747,4125
3193,1774012506793859954,1774012506797962408,4102
3194,1774012506799602729,1774012506804000507,4397
3195,1774012506805907235,1774012506810245020,4337
3196,1774012506811992883,1774012506816331460,4338
3197,1774012506817989065,1774012506821872226,3883
3198,1774012506823492969,1774012506826817756,3324
3199,1774012506828481965,1774012506832964681,4482
3200,1774012506834696882,1774012506838875206,4178
3201,1774012506840692445,1774012506845239808,4547
3202,1774012506846953952,1774012506851426260,4472
3203,1774012506853159296,1774012506857641032,4481
3204,1774012506859352009,1774012506863983389,4631
3205,1774012506865967407,1774012506870488774,4521
3206,1774012506871730849,1774012506875957535,4226
3207,1774012506877636027,1774012506881732508,4096
3208,1774012506883442779,1774012506887995754,4552
3209,1774012506889617109,1774012506893235144,3618
3210,1774012506894889401,1774012506898471967,3582
3211,1774012506900056691,1774012506903373182,3316
3212,1774012506904966801,1774012506908598671,3631
3213,1774012506910152537,1774012506913553095,3400
3214,1774012506915223487,1774012506918624063,3400
3215,1774012506920310784,1774012506924452762,4141
3216,1774012506926151909,1774012506930035028,3883
3217,1774012506931810315,1774012506936129985,4319
3218,1774012506937920983,1774012506941776428,3855
3219,1774012506943502031,1774012506947399130,3897
3220,1774012506949284406,1774012506953076720,3792
3221,1774012506954720641,1774012506958889589,4168
3222,1774012506960894170,1774012506964731320,3837
3223,1774012506966539288,1774012506970857707,4318
3224,1774012506972734368,1774012506977070872,4336
3225,1774012506978730941,1774012506983074224,4343
3226,1774012506984892975,1774012506989443873,4550
3227,1774012506991237219,1774012506995521754,4284
3228,1774012506997178363,1774012507000966580,3788
3229,1774012507002913358,1774012507007344170,4430
3230,1774012507009197725,1774012507012606311,3408
3231,1774012507014503948,1774012507019001835,4497
3232,1774012507020457327,1774012507023870437,3413
3233,1774012507025505339,1774012507028881961,3376
3234,1774012507030616919,1774012507034251728,3634
3235,1774012507035894101,1774012507039555144,3661
3236,1774012507040798892,1774012507044942589,4143
3237,1774012507046564702,1774012507049957375,3392
3238,1774012507051691268,1774012507056209579,4518
3239,1774012507057904778,1774012507062091562,4186
3240,1774012507063753588,1774012507068103917,4350
3241,1774012507069859655,1774012507074069670,4210
3242,1774012507075749403,1774012507080025435,4276
3243,1774012507081704790,1774012507085464827,3760
3244,1774012507087134094,1774012507091203108,4069
3245,1774012507092889798,1774012507097150533,4260
3246,1774012507098853117,1774012507103081969,4228
3247,1774012507104756036,1774012507109040696,4284
3248,1774012507110971730,1774012507115235515,4263
3249,1774012507116943513,1774012507120702779,3759
3250,1774012507122361256,1774012507125942868,3581
3251,1774012507127793225,1774012507132045162,4251
3252,1774012507133708489,1774012507137512241,3803
3253,1774012507139175781,1774012507143520643,4344
3254,1774012507145158052,1774012507148995158,3837
3255,1774012507150687884,1774012507154734594,4046
3256,1774012507156415219,1774012507160034132,3618
3257,1774012507161570603,1774012507164815474,3244
3258,1774012507166508252,1774012507170114300,3606
3259,1774012507171799877,1774012507175659600,3859
3260,1774012507177270036,1774012507180507853,3237
3261,1774012507181896862,1774012507186375657,4478
3262,1774012507187972325,1774012507191889258,3916
3263,1774012507193526544,1774012507196762304,3235
3264,1774012507198365193,1774012507201813031,3447
3265,1774012507203529447,1774012507207861627,4332
3266,1774012507209663485,1774012507213893782,4230
3267,1774012507215624973,1774012507219577651,3952
3268,1774012507221313122,1774012507225546955,4233
3269,1774012507227332337,1774012507231558325,4225
3270,1774012507233379371,1774012507237576277,4196
3271,1774012507239489535,1774012507243495401,4005
3272,1774012507245238481,1774012507249535574,4297
3273,1774012507251467345,1774012507255558735,4091
3274,1774012507257452861,1774012507261953784,4500
3275,1774012507263885871,1774012507268036079,4150
3276,1774012507269893457,1774012507274129088,4235
3277,1774012507275981030,1774012507279854519,3873
3278,1774012507281626568,1774012507286103111,4476
3279,1774012507287771640,1774012507291781377,4009
3280,1774012507293489731,1774012507297619464,4129
3281,1774012507299319306,1774012507302974874,3655
3282,1774012507304523099,1774012507308897960,4374
3283,1774012507310752849,1774012507314505456,3752
3284,1774012507316310712,1774012507320323956,4013
3285,1774012507321990080,1774012507325584596,3594
3286,1774012507327339746,1774012507331618257,4278
3287,1774012507333277495,1774012507337163347,3885
3288,1774012507338758663,1774012507342882789,4124
3289,1774012507344526202,1774012507348641424,4115
3290,1774012507350286272,1774012507353586775,3300
3291,1774012507355288670,1774012507359770746,4482
3292,1774012507361474023,1774012507365764396,4290
3293,1774012507367480150,1774012507371824126,4343
3294,1774012507373515292,1774012507377354174,3838
3295,1774012507378986043,1774012507383205798,4219
3296,1774012507384891156,1774012507389177871,4286
3297,1774012507390890963,1774012507395114160,4223
3298,1774012507396891400,1774012507401301630,4410
3299,1774012507403058322,1774012507407481537,4423
3300,1774012507409186772,1774012507413377928,4191
3301,1774012507415348636,1774012507419884108,4535
3302,1774012507421476401,1774012507426038270,4561
3303,1774012507427517360,1774012507431991772,4474
3304,1774012507433622078,1774012507437206425,3584
3305,1774012507438828325,1774012507442209681,3381
3306,1774012507443779056,1774012507446940912,3161
3307,1774012507448521579,1774012507452690282,4168
3308,1774012507454202809,1774012507457678943,3476
3309,1774012507459234222,1774012507463384490,4150
3310,1774012507464973723,1774012507468811817,3838
3311,1774012507470356855,1774012507473717317,3360
3312,1774012507475456737,1774012507479756803,4300
3313,1774012507481525555,1774012507485413842,3888
3314,1774012507487213771,1774012507490967846,3754
3315,1774012507492846350,1774012507497116379,4270
3316,1774012507499012035,1774012507502653596,3641
3317,1774012507504514290,1774012507508912200,4397
3318,1774012507510923194,1774012507515519830,4596
3319,1774012507517197333,1774012507521452789,4255
3320,1774012507523371550,1774012507527933943,4562
3321,1774012507529756847,1774012507533873667,4116
3322,1774012507535887696,1774012507540445587,4557
3323,1774012507542476012,1774012507546740572,4264
3324,1774012507548643120,1774012507552788873,4145
3325,1774012507554500001,1774012507558851706,4351
3326,1774012507560419296,1774012507564952439,4533
3327,1774012507566365795,1774012507569951117,3585
3328,1774012507571426938,1774012507574961492,3534
3329,1774012507576555188,1774012507580838972,4283
3330,1774012507582421395,1774012507586818404,4397
3331,1774012507588117410,1774012507591392182,3274
3332,1774012507592968332,1774012507596866918,3898
3333,1774012507598490167,1774012507602380506,3890
3334,1774012507604153866,1774012507608202275,4048
3335,1774012507609833316,1774012507613445190,3611
3336,1774012507615180608,1774012507619633765,4453
3337,1774012507621339536,1774012507624764764,3425
3338,1774012507626488862,1774012507631003240,4514
3339,1774012507632683275,1774012507636491855,3808
3340,1774012507638192611,1774012507641793094,3600
3341,1774012507643454119,1774012507647516546,4062
3342,1774012507649160917,1774012507653021370,3860
3343,1774012507654649751,1774012507659039422,4389
3344,1774012507660842700,1774012507665107736,4265
3345,1774012507666888387,1774012507671275577,4387
3346,1774012507673144080,1774012507676988884,3844
3347,1774012507678730158,1774012507683132685,4402
3348,1774012507684939705,1774012507688949626,4009
3349,1774012507690773465,1774012507695189696,4416
3350,1774012507696852085,1774012507700871957,4019
3351,1774012507702472667,1774012507706508589,4035
3352,1774012507708022082,1774012507711163408,3141
3353,1774012507712793927,1774012507717223698,4429
3354,1774012507718858555,1774012507722518419,3659
3355,1774012507724168842,1774012507727707025,3538
3356,1774012507729315092,1774012507733379815,4064
3357,1774012507734836465,1774012507738511354,3674
3358,1774012507740163441,1774012507743885886,3722
3359,1774012507745541385,1774012507749710109,4168
3360,1774012507751568133,1774012507755899863,4331
3361,1774012507757736503,1774012507761364674,3628
3362,1774012507763041484,1774012507767520592,4479
3363,1774012507769300858,1774012507773558823,4257
3364,1774012507775399221,1774012507779576353,4177
3365,1774012507781487001,1774012507785789964,4302
3366,1774012507787537338,1774012507792013485,4476
3367,1774012507793699461,1774012507798129610,4430
3368,1774012507799911885,1774012507804119782,4207
3369,1774012507806037948,1774012507810447972,4410
3370,1774012507812357052,1774012507816730960,4373
3371,1774012507818526480,1774012507822651695,4125
3372,1774012507824542723,1774012507828823200,4280
3373,1774012507830549127,1774012507834029912,3480
3374,1774012507835834601,1774012507839080942,3246
3375,1774012507840838683,1774012507844193938,3355
3376,1774012507845792716,1774012507849203701,3410
3377,1774012507850736645,1774012507853996163,3259
3378,1774012507855685855,1774012507859470660,3784
3379,1774012507861241642,1774012507864538704,3297
3380,1774012507866051437,1774012507870430397,4378
3381,1774012507872087930,1774012507875557338,3469
3382,1774012507877158333,1774012507880665081,3506
3383,1774012507882378178,1774012507886655463,4277
3384,1774012507888346179,1774012507891976226,3630
3385,1774012507893770060,1774012507898043135,4273
3386,1774012507899709505,1774012507903965867,4256
3387,1774012507905632710,1774012507909944243,4311
3388,1774012507911768204,1774012507915972289,4204
3389,1774012507917776579,1774012507921584942,3808
3390,1774012507923373025,1774012507927842929,4469
3391,1774012507929766525,1774012507934097598,4331
3392,1774012507935751468,1774012507939921645,4170
3393,1774012507941836444,1774012507946143699,4307
3394,1774012507947810800,1774012507952000561,4189
3395,1774012507953886022,1774012507958326421,4440
3396,1774012507960087536,1774012507963724946,3637
3397,1774012507965407407,1774012507969920807,4513
3398,1774012507971426650,1774012507975936836,4510
3399,1774012507977536286,1774012507981179250,3642
3400,1774012507982806659,1774012507986674329,3867
3401,1774012507988173175,1774012507991531771,3358
3402,1774012507993218002,1774012507996353320,3135
3403,1774012507997609850,1774012508001393956,3784
3404,1774012508002936345,1774012508007272412,4336
3405,1774012508008865015,1774012508013060805,4195
3406,1774012508014956412,1774012508018591783,3635
3407,1774012508020303604,1774012508023815650,3512
3408,1774012508025529240,1774012508029389396,3860
3409,1774012508031278462,1774012508035612331,4333
3410,1774012508037366442,1774012508040970344,3603
3411,1774012508042737781,1774012508046964307,4226
3412,1774012508048704560,1774012508052345692,3641
3413,1774012508053990935,1774012508057750734,3759
3414,1774012508059457958,1774012508063713167,4255
3415,1774012508065354890,1774012508069527656,4172
3416,1774012508071166147,1774012508075216558,4050
3417,1774012508076866496,1774012508080486925,3620
3418,1774012508082356778,1774012508086620168,4263
3419,1774012508088459188,1774012508092892277,4433
3420,1774012508094856389,1774012508098395613,3539
3421,1774012508100211503,1774012508104401139,4189
3422,1774012508106225661,1774012508110687172,4461
3423,1774012508112435916,1774012508116277176,3841
3424,1774012508117808369,1774012508122288438,4480
3425,1774012508123881313,1774012508128295690,4414
3426,1774012508129978669,1774012508133618195,3639
3427,1774012508135337026,1774012508138625288,3288
3428,1774012508140141782,1774012508144218090,4076
3429,1774012508145738518,1774012508149825877,4087
3430,1774012508151574751,1774012508155849500,4274
3431,1774012508157473153,1774012508161571202,4098
3432,1774012508163333976,1774012508167483455,4149
3433,1774012508169100156,1774012508172619697,3519
3434,1774012508174247601,1774012508178052063,3804
3435,1774012508179782444,1774012508183815978,4033
3436,1774012508185438416,1774012508189543053,4104
3437,1774012508191143983,1774012508194619650,3475
3438,1774012508196205972,1774012508199604127,3398
3439,1774012508201094407,1774012508205463949,4369
3440,1774012508207104950,1774012508210957384,3852
3441,1774012508212661962,1774012508216992437,4330
3442,1774012508218725896,1774012508222908287,4182
3443,1774012508224555362,1774012508228346167,3790
3444,1774012508229951709,1774012508233598211,3646
3445,1774012508235372931,1774012508239503588,4130
3446,1774012508241190639,1774012508244996954,3806
3447,1774012508246698725,1774012508250803054,4104
3448,1774012508252446164,1774012508256951164,4505
3449,1774012508258633517,1774012508263109977,4476
3450,1774012508264683113,1774012508268997098,4313
3451,1774012508270170604,1774012508273410174,3239
3452,1774012508274857091,1774012508279240515,4383
3453,1774012508280825512,1774012508284232931,3407
3454,1774012508285826731,1774012508289354163,3527
3455,1774012508291031058,1774012508294873078,3842
3456,1774012508296490834,1774012508300229056,3738
3457,1774012508301926859,1774012508306139203,4212
3458,1774012508307793073,1774012508312097159,4304
3459,1774012508313742111,1774012508317511501,3769
3460,1774012508319309837,1774012508323724633,4414
3461,1774012508325459616,1774012508329180617,3721
3462,1774012508330957944,1774012508334920133,3962
3463,1774012508336740544,1774012508340902873,4162
3464,1774012508342855639,1774012508347142847,4287
3465,1774012508348886644,1774012508352977665,4091
3466,1774012508354731244,1774012508359162798,4431
3467,1774012508360851783,1774012508364444189,3592
3468,1774012508366169068,1774012508370375419,4206
3469,1774012508372149177,1774012508376092135,3942
3470,1774012508377815593,1774012508382242447,4426
3471,1774012508383703599,1774012508387273051,3569
3472,1774012508388928802,1774012508392457857,3529
3473,1774012508394123036,1774012508397628685,3505
3474,1774012508399193906,1774012508403436850,4242
3475,1774012508405174179,1774012508408731708,3557
3476,1774012508410309746,1774012508413762890,3453
3477,1774012508415418053,1774012508418736976,3318
3478,1774012508420407996,1774012508423833891,3425
3479,1774012508425371368,1774012508429174094,3802
3480,1774012508430935962,1774012508434920768,3984
3481,1774012508436686933,1774012508441048096,4361
3482,1774012508442713717,1774012508446786888,4073
3483,1774012508448559307,1774012508453049169,4489
3484,1774012508454746472,1774012508458945611,4199
3485,1774012508460801604,1774012508465014385,4212
3486,1774012508466831927,1774012508471000135,4168
3487,1774012508472836695,1774012508477242871,4406
3488,1774012508479225123,1774012508483162642,3937
3489,1774012508485111951,1774012508489741744,4629
3490,1774012508491402922,1774012508494913175,3510
3491,1774012508496766634,1774012508501068925,4302
3492,1774012508502818697,1774012508506432507,3613
3493,1774012508508131664,1774012508512540051,4408
3494,1774012508514489007,1774012508518230996,3741
3495,1774012508519859945,1774012508524218119,4358
3496,1774012508525941069,1774012508530108709,4167
3497,1774012508531684567,1774012508535178220,3493
3498,1774012508536895150,1774012508540425238,3530
3499,1774012508542104778,1774012508545419636,3314
3500,1774012508546885899,1774012508551092440,4206
3501,1774012508552788726,1774012508557133401,4344
3502,1774012508558864831,1774012508562554120,3689
3503,1774012508564273139,1774012508567831487,3558
3504,1774012508569546665,1774012508573129802,3583
3505,1774012508574941616,1774012508579035966,4094
3506,1774012508580747136,1774012508584432483,3685
3507,1774012508586195846,1774012508589777898,3582
3508,1774012508591558240,1774012508595763303,4205
3509,1774012508597517700,1774012508601351597,3833
3510,1774012508602987963,1774012508606474022,3486
3511,1774012508608150289,1774012508612223027,4072
3512,1774012508613895476,1774012508617913681,4018
3513,1774012508619701606,1774012508624308703,4607
3514,1774012508626046913,1774012508630387818,4340
3515,1774012508632025056,1774012508636224158,4199
3516,1774012508638169785,1774012508642500145,4330
3517,1774012508644170292,1774012508648344648,4174
3518,1774012508650208466,1774012508654427260,4218
3519,1774012508656111078,1774012508660642452,4531
3520,1774012508662314097,1774012508666592652,4278
3521,1774012508668368893,1774012508672072190,3703
3522,1774012508673622786,1774012508677264810,3642
3523,1774012508678867528,1774012508682930151,4062
3524,1774012508684694574,1774012508688282486,3587
3525,1774012508689877829,1774012508694084855,4207
3526,1774012508695613319,1774012508699431553,3818
3527,1774012508701141203,1774012508704743282,3602
3528,1774012508706346312,1774012508710265358,3919
3529,1774012508712037576,1774012508715511551,3473
3530,1774012508717220835,1774012508721391699,4170
3531,1774012508723100510,1774012508727580048,4479
3532,1774012508729241561,1774012508733319838,4078
3533,1774012508735230777,1774012508739636619,4405
3534,1774012508741326602,1774012508744824607,3498
3535,1774012508746623797,1774012508751040497,4416
3536,1774012508752697177,1774012508756931954,4234
3537,1774012508758833887,1774012508763243767,4409
3538,1774012508764913383,1774012508769177030,4263
3539,1774012508771051045,1774012508775434420,4383
3540,1774012508777106293,1774012508781660412,4554
3541,1774012508783454844,1774012508787690421,4235
3542,1774012508789372687,1774012508793239092,3866
3543,1774012508794836315,1774012508798576233,3739
3544,1774012508800291535,1774012508804301579,4010
3545,1774012508805977623,1774012508810476732,4499
3546,1774012508812171365,1774012508815979390,3808
3547,1774012508817779959,1774012508822347800,4567
3548,1774012508823885831,1774012508827989496,4103
3549,1774012508829556612,1774012508832837294,3280
3550,1774012508834609957,1774012508838955892,4345
3551,1774012508840609875,1774012508844336132,3726
3552,1774012508846029669,1774012508849673758,3644
3553,1774012508851183605,1774012508855208348,4024
3554,1774012508856988708,1774012508860987667,3998
3555,1774012508862708597,1774012508866877620,4169
3556,1774012508868659884,1774012508872787024,4127
3557,1774012508874494437,1774012508878628863,4134
3558,1774012508880411674,1774012508884635977,4224
3559,1774012508886292613,1774012508889623956,3331
3560,1774012508891276345,1774012508894626051,3349
3561,1774012508896411766,1774012508900663248,4251
3562,1774012508902288091,1774012508905692368,3404
3563,1774012508907425194,1774012508910938446,3513
3564,1774012508912718648,1774012508916592887,3874
3565,1774012508918320126,1774012508922621890,4301
3566,1774012508924372464,1774012508927882758,3510
3567,1774012508929691730,1774012508934174983,4483
3568,1774012508935862390,1774012508939220426,3358
3569,1774012508941022578,1774012508945290338,4267
3570,1774012508947093551,1774012508951508681,4415
3571,1774012508953216541,1774012508956732463,3515
3572,1774012508958518816,1774012508962977324,4458
3573,1774012508964180312,1774012508967640042,3459
3574,1774012508969139868,1774012508973481309,4341
3575,1774012508975377725,1774012508979466037,4088
3576,1774012508981144825,1774012508985573832,4429
3577,1774012508987390495,1774012508991210132,3819
3578,1774012508992967556,1774012508997457934,4490
3579,1774012508999294810,1774012509003171774,3876
3580,1774012509004848069,1774012509009238070,4390
3581,1774012509011082759,1774012509015044327,3961
3582,1774012509016744272,1774012509021453972,4709
3583,1774012509023403467,1774012509027261066,3857
3584,1774012509028920274,1774012509033501048,4580
3585,1774012509035381435,1774012509039016849,3635
3586,1774012509040693023,1774012509045068783,4375
3587,1774012509046985848,1774012509051184256,4198
3588,1774012509052861938,1774012509057208346,4346
3589,1774012509059051972,1774012509063489115,4437
3590,1774012509065329551,1774012509069855254,4525
3591,1774012509071604311,1774012509075764318,4160
3592,1774012509077495680,1774012509081357824,3862
3593,1774012509083204019,1774012509086514726,3310
3594,1774012509088222191,1774012509091780018,3557
3595,1774012509093216041,1774012509096517205,3301
3596,1774012509098201766,1774012509102489391,4287
3597,1774012509104186501,1774012509108517230,4330
3598,1774012509110033387,1774012509114233031,4199
3599,1774012509115978556,1774012509120203277,4224
3600,1774012509122018347,1774012509126375877,4357
3601,1774012509128219447,1774012509132806382,4586
3602,1774012509134666536,1774012509139003153,4336
3603,1774012509140710207,1774012509145153009,4442
3604,1774012509146976872,1774012509150769697,3792
3605,1774012509152707697,1774012509157115415,4407
3606,1774012509158814069,1774012509162890957,4076
3607,1774012509164566508,1774012509169049098,4482
3608,1774012509170887498,1774012509174998129,4110
3609,1774012509176733085,1774012509181200685,4467
3610,1774012509182869355,1774012509186321267,3451
3611,1774012509187756558,1774012509192081237,4324
3612,1774012509193728640,1774012509197926439,4197
3613,1774012509199500014,1774012509203756225,4256
3614,1774012509205389577,1774012509209795670,4406
3615,1774012509211320753,1774012509215829023,4508
3616,1774012509217562597,1774012509221971789,4409
3617,1774012509223451507,1774012509227312186,3860
3618,1774012509228953636,1774012509232515874,3562
3619,1774012509234091498,1774012509237393783,3302
3620,1774012509239000194,1774012509242432648,3432
3621,1774012509244022946,1774012509247422784,3399
3622,1774012509248975239,1774012509252554195,3578
3623,1774012509254400840,1774012509258736643,4335
3624,1774012509260495514,1774012509264804433,4308
3625,1774012509266466242,1774012509270649273,4183
3626,1774012509272369132,1774012509276590616,4221
3627,1774012509278516057,1774012509282662863,4146
3628,1774012509284448897,1774012509288895418,4446
3629,1774012509290694151,1774012509294732043,4037
3630,1774012509296460304,1774012509300742758,4282
3631,1774012509302469231,1774012509306523726,4054
3632,1774012509308184701,1774012509311958721,3774
3633,1774012509313840883,1774012509317771262,3930
3634,1774012509319464280,1774012509323898788,4434
3635,1774012509325894575,1774012509329653464,3758
3636,1774012509331601788,1774012509335009657,3407
3637,1774012509337030863,1774012509340603013,3572
3638,1774012509342543857,1774012509347010943,4467
3639,1774012509348632339,1774012509353084514,4452
3640,1774012509354634725,1774012509359056046,4421
3641,1774012509360771172,1774012509364093879,3322
3642,1774012509365672247,1774012509369453192,3780
3643,1774012509371151856,1774012509374738501,3586
3644,1774012509376431382,1774012509380595780,4164
3645,1774012509382465229,1774012509386826552,4361
3646,1774012509388390283,1774012509391704821,3314
3647,1774012509393253341,1774012509396973078,3719
3648,1774012509398620970,1774012509402854828,4233
3649,1774012509404512313,1774012509408575286,4062
3650,1774012509410389557,1774012509414346273,3956
3651,1774012509416034422,1774012509419863075,3828
3652,1774012509421511764,1774012509425289488,3777
3653,1774012509427099204,1774012509431282364,4183
3654,1774012509432935935,1774012509437007082,4071
3655,1774012509438765465,1774012509443134826,4369
3656,1774012509444884127,1774012509448666497,3782
3657,1774012509450321063,1774012509453842372,3521
3658,1774012509455581676,1774012509459627171,4045
3659,1774012509461194295,1774012509465192612,3998
3660,1774012509466852593,1774012509471657098,4804
3661,1774012509473325055,1774012509476722300,3397
3662,1774012509477904299,1774012509482255097,4350
3663,1774012509483955174,1774012509487858142,3902
3664,1774012509489530758,1774012509492868849,3338
3665,1774012509494394937,1774012509497992532,3597
3666,1774012509499531809,1774012509503593902,4062
3667,1774012509505267177,1774012509508682476,3415
3668,1774012509510156241,1774012509513471264,3315
3669,1774012509515081105,1774012509518910799,3829
3670,1774012509520530258,1774012509524579401,4049
3671,1774012509526257148,1774012509530426163,4169
3672,1774012509532079208,1774012509535508932,3429
3673,1774012509537207097,1774012509540543386,3336
3674,1774012509542190316,1774012509546342530,4152
3675,1774012509548155159,1774012509552465168,4310
3676,1774012509554189521,1774012509558360201,4170
3677,1774012509560373019,1774012509563970910,3597
3678,1774012509565636348,1774012509569925587,4289
3679,1774012509571615007,1774012509575635371,4020
3680,1774012509577521920,1774012509581780849,4258
3681,1774012509583591308,1774012509587404938,3813
3682,1774012509589404056,1774012509593677343,4273
3683,1774012509595466940,1774012509598955159,3488
3684,1774012509600670343,1774012509605086437,4416
3685,1774012509606838585,1774012509610431243,3592
3686,1774012509612119775,1774012509616440929,4321
3687,1774012509618154704,1774012509622126069,3971
3688,1774012509623924398,1774012509627453400,3529
3689,1774012509629108392,1774012509633515655,4407
3690,1774012509635309646,1774012509638496096,3186
3691,1774012509639697986,1774012509643428558,3730
3692,1774012509645057998,1774012509648632188,3574
3693,1774012509650321759,1774012509653701019,3379
3694,1774012509655266372,1774012509659185249,3918
3695,1774012509660743950,1774012509665031902,4287
3696,1774012509666790128,1774012509670726851,3936
3697,1774012509672473700,1774012509675843676,3369
3698,1774012509677467661,1774012509681188221,3720
3699,1774012509683004521,1774012509687075804,4071
3700,1774012509688851093,1774012509692884921,4033
3701,1774012509694581508,1774012509698809209,4227
3702,1774012509700569379,1774012509704982499,4413
3703,1774012509706838021,1774012509710994744,4156
3704,1774012509712813609,1774012509717214234,4400
3705,1774012509718888374,1774012509723488091,4599
3706,1774012509725189072,1774012509729325048,4135
3707,1774012509731050440,1774012509735504346,4453
3708,1774012509737185542,1774012509741339110,4153
3709,1774012509742965152,1774012509747616134,4650
3710,1774012509749453486,1774012509753578226,4124
3711,1774012509755320760,1774012509760032159,4711
3712,1774012509761659736,1774012509765371713,3711
3713,1774012509767064263,1774012509771470244,4405
3714,1774012509773109105,1774012509777703957,4594
3715,1774012509779485960,1774012509782938596,3452
3716,1774012509784656201,1774012509789076373,4420
3717,1774012509790762466,1774012509795196564,4434
3718,1774012509796937177,1774012509801166180,4229
3719,1774012509802908931,1774012509807009984,4101
3720,1774012509808776044,1774012509813107346,4331
3721,1774012509814761351,1774012509819012138,4250
3722,1774012509820986433,1774012509825026568,4040
3723,1774012509826719289,1774012509830996531,4277
3724,1774012509832719423,1774012509837318196,4598
3725,1774012509838984655,1774012509843152466,4167
3726,1774012509845061929,1774012509849639452,4577
3727,1774012509851519679,1774012509855334180,3814
3728,1774012509857420242,1774012509861706105,4285
3729,1774012509863466485,1774012509867578571,4112
3730,1774012509869369617,1774012509873726550,4356
3731,1774012509875452818,1774012509879261006,3808
3732,1774012509880955674,1774012509885505462,4549
3733,1774012509887234977,1774012509890706541,3471
3734,1774012509892473081,1774012509897085114,4612
3735,1774012509898721899,1774012509902374410,3652
3736,1774012509904102172,1774012509907360617,3258
3737,1774012509908980346,1774012509913096307,4115
3738,1774012509914884652,1774012509918797005,3912
3739,1774012509920532608,1774012509924275957,3743
3740,1774012509926018057,1774012509929616901,3598
3741,1774012509931226200,1774012509934589159,3362
3742,1774012509936384261,1774012509940600509,4216
3743,1774012509942306438,1774012509946044523,3738
3744,1774012509947828713,1774012509952192614,4363
3745,1774012509953946219,1774012509957948864,4002
3746,1774012509959766208,1774012509964241913,4475
3747,1774012509965834442,1774012509969169736,3335
3748,1774012509970953323,1774012509974527041,3573
3749,1774012509976200920,1774012509979700214,3499
3750,1774012509981386856,1774012509985454276,4067
3751,1774012509987219602,1774012509991165480,3945
3752,1774012509992980266,1774012509997522586,4542
3753,1774012509999221429,1774012510003064299,3842
3754,1774012510004858613,1774012510009409073,4550
3755,1774012510011104700,1774012510015048419,3943
3756,1774012510016875021,1774012510021347589,4472
3757,1774012510023134891,1774012510027591554,4456
3758,1774012510029377476,1774012510033553802,4176
3759,1774012510035247641,1774012510039071389,3823
3760,1774012510040745214,1774012510045239243,4494
3761,1774012510046820705,1774012510050149105,3328
3762,1774012510051758137,1774012510055527268,3769
3763,1774012510057259674,1774012510060569506,3309
3764,1774012510061763351,1774012510066047883,4284
3765,1774012510067553982,1774012510071847222,4293
3766,1774012510073488938,1774012510077991923,4502
3767,1774012510079630488,1774012510083899736,4269
3768,1774012510085533294,1774012510089520490,3987
3769,1774012510091198997,1774012510094596856,3397
3770,1774012510096539417,1774012510100229377,3689
3771,1774012510101975026,1774012510105916070,3941
3772,1774012510107768550,1774012510111886858,4118
3773,1774012510113622840,1774012510117796930,4174
3774,1774012510119612230,1774012510123805123,4192
3775,1774012510125608290,1774012510129870023,4261
3776,1774012510131907407,1774012510136049615,4142
3777,1774012510137721717,1774012510141879146,4157
3778,1774012510143512503,1774012510147741741,4229
3779,1774012510149532348,1774012510153653163,4120
3780,1774012510155276884,1774012510158913160,3636
3781,1774012510160785993,1774012510165175411,4389
3782,1774012510166958178,1774012510170798971,3840
3783,1774012510172453288,1774012510176282988,3829
3784,1774012510177939163,1774012510182205298,4266
3785,1774012510183868942,1774012510187060563,3191
3786,1774012510188612899,1774012510192133255,3520
3787,1774012510193926067,1774012510197183811,3257
3788,1774012510198745447,1774012510202375725,3630
3789,1774012510203900837,1774012510207863651,3962
3790,1774012510209487602,1774012510213531270,4043
3791,1774012510215151673,1774012510219352721,4201
3792,1774012510220960954,1774012510225181836,4220
3793,1774012510226843673,1774012510231253206,4409
3794,1774012510232861643,1774012510236490993,3629
3795,1774012510238334597,1774012510242771725,4437
3796,1774012510244497146,1774012510248376716,3879
3797,1774012510250083557,1774012510254386194,4302
3798,1774012510256339060,1774012510260504836,4165
3799,1774012510262240918,1774012510266536216,4295
3800,1774012510268189293,1774012510272560867,4371
3801,1774012510274316145,1774012510277726861,3410
3802,1774012510279856920,1774012510284406689,4549
3803,1774012510286117244,1774012510290379239,4261
3804,1774012510292316203,1774012510296679738,4363
3805,1774012510298385777,1774012510302988251,4602
3806,1774012510304749384,1774012510309196253,4446
3807,1774012510310864127,1774012510315343624,4479
3808,1774012510316961755,1774012510320474733,3512
3809,1774012510322022899,1774012510326495568,4472
3810,1774012510328131736,1774012510332288875,4157
3811,1774012510333867654,1774012510338211606,4343
3812,1774012510339879164,1774012510344256654,4377
3813,1774012510345996157,1774012510350297263,4301
3814,1774012510351955887,1774012510355733426,3777
3815,1774012510357402556,1774012510360777818,3375
3816,1774012510362416018,1774012510366584374,4168
3817,1774012510368213265,1774012510372064383,3851
3818,1774012510373721227,1774012510378162457,4441
3819,1774012510379837714,1774012510384022155,4184
3820,1774012510385752198,1774012510390143070,4390
3821,1774012510391863947,1774012510396032137,4168
3822,1774012510397630383,1774012510401979807,4349
3823,1774012510403713434,1774012510407455042,3741
3824,1774012510409108012,1774012510412768473,3660
3825,1774012510414761077,1774012510418882876,4121
3826,1774012510420610422,1774012510424355529,3745
3827,1774012510426006055,1774012510430336262,4330
3828,1774012510432258166,1774012510436089145,3830
3829,1774012510437691833,1774012510442283733,4591
3830,1774012510443919984,1774012510448451878,4531
3831,1774012510449962914,1774012510454501100,4538
3832,1774012510456121926,1774012510459632609,3510
3833,1774012510461058851,1774012510464576156,3517
3834,1774012510466037288,1774012510469607388,3570
3835,1774012510471027715,1774012510475221219,4193
3836,1774012510476804515,1774012510480418657,3614
3837,1774012510482016875,1774012510485420592,3403
3838,1774012510487062718,1774012510491380116,4317
3839,1774012510493001642,1774012510496587814,3586
3840,1774012510498339104,1774012510502730471,4391
3841,1774012510504382243,1774012510508318511,3936
3842,1774012510509979620,1774012510514345999,4366
3843,1774012510516422975,1774012510520313658,3890
3844,1774012510522144553,1774012510525877899,3733
3845,1774012510527923338,1774012510532401820,4478
3846,1774012510534231505,1774012510537876483,3644
3847,1774012510539741709,1774012510544152451,4410
3848,1774012510545936104,1774012510549569063,3632
3849,1774012510551440618,1774012510555012809,3572
3850,1774012510556930394,1774012510561070480,4140
3851,1774012510562975589,1774012510567062952,4087
3852,1774012510568914165,1774012510573098287,4184
3853,1774012510574755968,1774012510578252268,3496
3854,1774012510580040590,1774012510583874168,3833
3855,1774012510585638617,1774012510590116742,4478
3856,1774012510591927203,1774012510595498181,3570
3857,1774012510597183652,1774012510601639143,4455
3858,1774012510603388720,1774012510606957808,3569
3859,1774012510608505183,1774012510613173783,4668
3860,1774012510614835425,1774012510618928413,4092
3861,1774012510620668163,1774012510624994444,4326
3862,1774012510626896960,1774012510631323141,4426
3863,1774012510633399373,1774012510636987251,3587
3864,1774012510639012444,1774012510643076771,4064
3865,1774012510644901913,1774012510648722029,3820
3866,1774012510650488856,1774012510654961343,4472
3867,1774012510656828239,1774012510661133003,4304
3868,1774012510662875061,1774012510667308641,4433
3869,1774012510668942352,1774012510673239699,4297
3870,1774012510675257764,1774012510679654696,4396
3871,1774012510681584845,1774012510685634517,4049
3872,1774012510687457634,1774012510691742396,4284
3873,1774012510693481680,1774012510697447157,3965
3874,1774012510699124867,1774012510703490333,4365
3875,1774012510705387448,1774012510709216503,3829
3876,1774012510711095996,1774012510715739614,4643
3877,1774012510717697872,1774012510722200225,4502
3878,1774012510724024109,1774012510728706947,4682
3879,1774012510730210811,1774012510733758927,3548
3880,1774012510735230355,1774012510739752056,4521
3881,1774012510741365144,1774012510745073401,3708
3882,1774012510746604999,1774012510751048226,4443
3883,1774012510752594758,1774012510756542634,3947
3884,1774012510758064856,1774012510762248149,4183
3885,1774012510763835739,1774012510767496198,3660
3886,1774012510769118479,1774012510772504562,3386
3887,1774012510774133205,1774012510778066796,3933
3888,1774012510779699568,1774012510783711418,4011
3889,1774012510785399554,1774012510789892740,4493
3890,1774012510791676261,1774012510795607579,3931
3891,1774012510797217525,1774012510801429051,4211
3892,1774012510803067607,1774012510806514733,3447
3893,1774012510808147692,1774012510811567972,3420
3894,1774012510813195115,1774012510817054328,3859
3895,1774012510818939896,1774012510823255723,4315
3896,1774012510824881454,1774012510829264689,4383
3897,1774012510831402831,1774012510836273377,4870
3898,1774012510838091426,1774012510842590408,4498
3899,1774012510844104412,1774012510847570425,3466
3900,1774012510849290627,1774012510852989175,3698
3901,1774012510854365030,1774012510857722662,3357
3902,1774012510859301033,1774012510863229171,3928
3903,1774012510864622223,1774012510868768808,4146
3904,1774012510870335707,1774012510873864461,3528
3905,1774012510875152607,1774012510878306820,3154
3906,1774012510879744615,1774012510884227797,4483
3907,1774012510885808576,1774012510889455275,3646
3908,1774012510891225162,1774012510894654426,3429
3909,1774012510896268479,1774012510899708418,3439
3910,1774012510901359800,1774012510905116735,3756
3911,1774012510906771301,1774012510910322766,3551
3912,1774012510911993214,1774012510916117823,4124
3913,1774012510917723854,1774012510921815416,4091
3914,1774012510923444771,1774012510926778712,3333
3915,1774012510928555197,1774012510932540107,3984
3916,1774012510934208853,1774012510937902859,3694
3917,1774012510939721463,1774012510944102386,4380
3918,1774012510945843103,1774012510949794343,3951
3919,1774012510951633958,1774012510956090479,4456
3920,1774012510957871017,1774012510961787622,3916
3921,1774012510963457131,1774012510967164477,3707
3922,1774012510968818266,1774012510973151744,4333
3923,1774012510974820628,1774012510978581602,3760
3924,1774012510980191373,1774012510984407714,4216
3925,1774012510986097952,1774012510990051910,3953
3926,1774012510991747853,1774012510995431315,3683
3927,1774012510997192543,1774012511000522128,3329
3928,1774012511002061495,1774012511006496589,4435
3929,1774012511007894913,1774012511012187713,4292
3930,1774012511013582532,1774012511017041485,3458
3931,1774012511018388934,1774012511021749067,3360
3932,1774012511023382171,1774012511026792212,3410
3933,1774012511028387485,1774012511032631901,4244
3934,1774012511034270557,1774012511038099447,3828
3935,1774012511039706397,1774012511043864616,4158
3936,1774012511045625749,1774012511049853777,4228
3937,1774012511051528023,1774012511055795438,4267
3938,1774012511057659869,1774012511061763834,4103
3939,1774012511063536090,1774012511067818995,4282
3940,1774012511069725439,1774012511073775295,4049
3941,1774012511075455821,1774012511079662391,4206
3942,1774012511081370432,1774012511085618886,4248
3943,1774012511087276951,1774012511091718213,4441
3944,1774012511093592726,1774012511097840425,4247
3945,1774012511099751314,1774012511104397759,4646
3946,1774012511106290273,1774012511110715111,4424
3947,1774012511112770664,1774012511117387777,4617
3948,1774012511119077978,1774012511122968321,3890
3949,1774012511124632326,1774012511129088925,4456
3950,1774012511130552688,1774012511134640060,4087
3951,1774012511136044762,1774012511139669819,3625
3952,1774012511141008850,1774012511144727408,3718
3953,1774012511146371460,1774012511149680029,3308
3954,1774012511151101990,1774012511154829342,3727
3955,1774012511156537573,1774012511160023230,3485
3956,1774012511161712354,1774012511165284342,3571
3957,1774012511166799918,1774012511170874447,4074
3958,1774012511172493732,1774012511175654655,3160
3959,1774012511177328872,1774012511181674924,4346
3960,1774012511183342176,1774012511187536624,4194
3961,1774012511189258811,1774012511192743998,3485
3962,1774012511194250039,1774012511198049107,3799
3963,1774012511199841286,1774012511203816971,3975
3964,1774012511205609549,1774012511209552543,3942
3965,1774012511211184871,1774012511214558149,3373
3966,1774012511216197273,1774012511219658066,3460
3967,1774012511221391651,1774012511225632732,4241
3968,1774012511227278296,1774012511230712581,3434
3969,1774012511232369744,1774012511235819421,3449
3970,1774012511237484589,1774012511241505139,4020
3971,1774012511243159053,1774012511246569626,3410
3972,1774012511248210410,1774012511251504015,3293
3973,1774012511253138507,1774012511257579681,4441
3974,1774012511259289318,1774012511263175789,3886
3975,1774012511264728475,1774012511269175678,4447
3976,1774012511270479024,1774012511274610324,4131
3977,1774012511276070189,1774012511279971033,3900
3978,1774012511281508700,1774012511286058317,4549
3979,1774012511287589442,1774012511291114357,3524
3980,1774012511292751114,1774012511296273037,3521
3981,1774012511297611150,1774012511301392685,3781
3982,1774012511302965330,1774012511306515577,3550
3983,1774012511308140851,1774012511312405897,4265
3984,1774012511314024845,1774012511317962783,3937
3985,1774012511319835789,1774012511324232329,4396
3986,1774012511326066509,1774012511330046396,3979
3987,1774012511331918216,1774012511335980475,4062
3988,1774012511337655405,1774012511341833896,4178
3989,1774012511343682999,1774012511348021966,4338
3990,1774012511349742706,1774012511353982515,4239
3991,1774012511355822384,1774012511360225289,4402
3992,1774012511361890484,1774012511365900374,4009
3993,1774012511367626511,1774012511372031167,4404
3994,1774012511373727502,1774012511377558024,3830
3995,1774012511379420002,1774012511383912532,4492
3996,1774012511385639757,1774012511390112285,4472
3997,1774012511391973180,1774012511396405892,4432
3998,1774012511398113889,1774012511401764482,3650
3999,1774012511403274163,1774012511406682945,3408
4000,1774012511408195867,1774012511412275399,4079
4001,1774012511413942525,1774012511417543838,3601
4002,1774012511418994471,1774012511423002273,4007
4003,1774012511424722993,1774012511428946396,4223
4004,1774012511430263986,1774012511433991702,3727
4005,1774012511435679441,1774012511439252868,3573
4006,1774012511440795764,1774012511444929189,4133
4007,1774012511446534846,1774012511450254056,3719
4008,1774012511451956005,1774012511456173520,4217
4009,1774012511457742970,1774012511461144668,3401
4010,1774012511462828478,1774012511467317677,4489
4011,1774012511468994054,1774012511473087723,4093
4012,1774012511474827371,1774012511478607491,3780
4013,1774012511480272688,1774012511483748635,3475
4014,1774012511485449857,1774012511489563304,4113
4015,1774012511491368621,1774012511495036829,3668
4016,1774012511496729762,1774012511501030248,4300
4017,1774012511502680656,1774012511506883914,4203
4018,1774012511508516182,1774012511512882414,4366
4019,1774012511514501758,1774012511518417054,3915
4020,1774012511520042634,1774012511523956964,3914
4021,1774012511525572208,1774012511529815555,4243
4022,1774012511531556566,1774012511535812561,4255
4023,1774012511537503703,1774012511541022398,3518
4024,1774012511542526610,1774012511547032063,4505
4025,1774012511548604095,1774012511552165440,3561
4026,1774012511553461934,1774012511556783162,3321
4027,1774012511558345331,1774012511562357539,4012
4028,1774012511564017436,1774012511568004686,3987
4029,1774012511569620262,1774012511572994478,3374
4030,1774012511574436892,1774012511578720245,4283
4031,1774012511580542782,1774012511584338178,3795
4032,1774012511586143289,1774012511590154164,4010
4033,1774012511591850069,1774012511595844516,3994
4034,1774012511597534093,1774012511601795221,4261
4035,1774012511603480674,1774012511608039963,4559
4036,1774012511609775493,1774012511614110766,4335
4037,1774012511615857653,1774012511619634021,3776
4038,1774012511621318479,1774012511625638425,4319
4039,1774012511627437465,1774012511631337557,3900
4040,1774012511633034377,1774012511637517813,4483
4041,1774012511639449119,1774012511644126446,4677
4042,1774012511645897073,1774012511649617258,3720
4043,1774012511651766148,1774012511656313043,4546
4044,1774012511658290267,1774012511662652292,4362
4045,1774012511664397495,1774012511668582834,4185
4046,1774012511670315472,1774012511674805596,4490
4047,1774012511676264661,1774012511680180614,3915
4048,1774012511681947807,1774012511685357650,3409
4049,1774012511686737038,1774012511691275976,4538
4050,1774012511692815001,1774012511696518806,3703
4051,1774012511698031829,1774012511701484994,3453
4052,1774012511703106949,1774012511707476132,4369
4053,1774012511709048513,1774012511712502111,3453
4054,1774012511714090482,1774012511718438753,4348
4055,1774012511720166822,1774012511723497934,3331
4056,1774012511725090555,1774012511728607852,3517
4057,1774012511730267838,1774012511734520186,4252
4058,1774012511736206568,1774012511740173305,3966
4059,1774012511741856910,1774012511746232205,4375
4060,1774012511747859909,1774012511751714913,3855
4061,1774012511753350012,1774012511757793236,4443
4062,1774012511759560859,1774012511763730621,4169
4063,1774012511765545563,1774012511769985211,4439
4064,1774012511771876513,1774012511775961744,4085
4065,1774012511777649652,1774012511782076023,4426
4066,1774012511783904083,1774012511787895626,3991
4067,1774012511789618342,1774012511793922076,4303
4068,1774012511795837328,1774012511800188850,4351
4069,1774012511801947621,1774012511806352618,4404
4070,1774012511808036479,1774012511811975511,3939
4071,1774012511813527625,1774012511817927322,4399
4072,1774012511819274074,1774012511823543492,4269
4073,1774012511825067649,1774012511828636725,3569
4074,1774012511830247380,1774012511833495403,3248
4075,1774012511834991357,1774012511838302924,3311
4076,1774012511840063628,1774012511843938554,3874
4077,1774012511845556722,1774012511848932612,3375
4078,1774012511850618263,1774012511855045470,4427
4079,1774012511856693589,1774012511860817771,4124
4080,1774012511862413224,1774012511866658603,4245
4081,1774012511868307978,1774012511872546075,4238
4082,1774012511874261567,1774012511878366216,4104
4083,1774012511880018133,1774012511884348715,4330
4084,1774012511886087295,1774012511890457828,4370
4085,1774012511892176689,1774012511896839779,4663
4086,1774012511898546099,1774012511903024280,4478
4087,1774012511904827760,1774012511909338477,4510
4088,1774012511910963425,1774012511914516012,3552
4089,1774012511916186995,1774012511920422042,4235
4090,1774012511922071977,1774012511925707433,3635
4091,1774012511927473191,1774012511931616394,4143
4092,1774012511933522092,1774012511937164081,3641
4093,1774012511939064066,1774012511942673086,3609
4094,1774012511944336405,1774012511948484014,4147
4095,1774012511950237570,1774012511953690888,3453
4096,1774012511955413611,1774012511959835775,4422
4097,1774012511961463650,1774012511965072126,3608
4098,1774012511966726781,1774012511970628219,3901
4099,1774012511972226241,1774012511975817248,3591
4100,1774012511977095508,1774012511981595509,4500
4101,1774012511983305335,1774012511986877545,3572
4102,1774012511988439748,1774012511991785705,3345
4103,1774012511993469135,1774012511997303282,3834
4104,1774012511999104793,1774012512003058345,3953
4105,1774012512004723126,1774012512008702620,3979
4106,1774012512010435665,1774012512014609803,4174
4107,1774012512016252721,1774012512020371213,4118
4108,1774012512022436089,1774012512026573859,4137
4109,1774012512028241203,1774012512032285515,4044
4110,1774012512034198580,1774012512037932526,3733
4111,1774012512039579355,1774012512043995441,4416
4112,1774012512045597407,1774012512049413823,3816
4113,1774012512051080663,1774012512055361708,4281
4114,1774012512057251793,1774012512060970725,3718
4115,1774012512062805444,1774012512067185723,4380
4116,1774012512068984222,1774012512073061939,4077
4117,1774012512074923339,1774012512079333743,4410
4118,1774012512081059918,1774012512085045584,3985
4119,1774012512086840403,1774012512090236890,3396
4120,1774012512091882815,1774012512095874989,3992
4121,1774012512097228511,1774012512101638380,4409
4122,1774012512103455395,1774012512106829087,3373
4123,1774012512107964031,1774012512111527641,3563
4124,1774012512112898459,1774012512116377846,3479
4125,1774012512118051592,1774012512121635467,3583
4126,1774012512123305022,1774012512126916296,3611
4127,1774012512128514966,1774012512132501981,3987
4128,1774012512134329935,1774012512138491214,4161
4129,1774012512140096365,1774012512144189411,4093
4130,1774012512146131068,1774012512149835332,3704
4131,1774012512151551321,1774012512155460875,3909
4132,1774012512157117474,1774012512161062901,3945
4133,1774012512162753809,1774012512167281829,4528
4134,1774012512168985499,1774012512172906706,3921
4135,1774012512174685077,1774012512179099996,4414
4136,1774012512180925444,1774012512184613311,3687
4137,1774012512186279181,1774012512189668801,3389
4138,1774012512191659070,1774012512195477345,3818
4139,1774012512197336950,1774012512201234460,3897
4140,1774012512202961352,1774012512207054621,4093
4141,1774012512208722356,1774012512212778856,4056
4142,1774012512214418985,1774012512218754738,4335
4143,1774012512220407883,1774012512224728409,4320
4144,1774012512226294672,1774012512229706114,3411
4145,1774012512231314720,1774012512235325916,4011
4146,1774012512236980750,1774012512241012061,4031
4147,1774012512242748551,1774012512247345768,4597
4148,1774012512248858702,1774012512251935009,3076
4149,1774012512253371274,1774012512256831900,3460
4150,1774012512258271550,1774012512262426199,4154
4151,1774012512263898538,1774012512267436522,3537
4152,1774012512269099130,1774012512273585481,4486
4153,1774012512275288337,1774012512278781681,3493
4154,1774012512280575107,1774012512284854935,4279
4155,1774012512286588889,1774012512290534178,3945
4156,1774012512292279706,1774012512296727311,4447
4157,1774012512298470786,1774012512302834485,4363
4158,1774012512304513602,1774012512308790012,4276
4159,1774012512310426202,1774012512314236847,3810
4160,1774012512315881946,1774012512320205287,4323
4161,1774012512321974062,1774012512325602931,3628
4162,1774012512327361802,1774012512330859758,3497
4163,1774012512332556867,1774012512337010401,4453
4164,1774012512338761287,1774012512342668988,3907
4165,1774012512344522329,1774012512348948645,4426
4166,1774012512350828930,1774012512354554658,3725
4167,1774012512356220469,1774012512360460585,4240
4168,1774012512362187577,1774012512366656892,4469
4169,1774012512368133278,1774012512372677006,4543
4170,1774012512374452777,1774012512378248646,3795
4171,1774012512379862762,1774012512384217022,4354
4172,1774012512385753817,1774012512389775846,4022
4173,1774012512391466769,1774012512395720064,4253
4174,1774012512397382259,1774012512401065890,3683
4175,1774012512402772544,1774012512407164949,4392
4176,1774012512408930311,1774012512413140448,4210
4177,1774012512414952669,1774012512419163993,4211
4178,1774012512421045491,1774012512425296739,4251
4179,1774012512426993267,1774012512431168769,4175
4180,1774012512432900485,1774012512436520726,3620
4181,1774012512438182544,1774012512442400181,4217
4182,1774012512444091532,1774012512447929592,3838
4183,1774012512449812189,1774012512454257764,4445
4184,1774012512456214860,1774012512460639480,4424
4185,1774012512462390837,1774012512466668428,4277
4186,1774012512468629491,1774012512472975602,4346
4187,1774012512474874613,1774012512479242356,4367
4188,1774012512481003654,1774012512485559728,4556
4189,1774012512487338134,1774012512491893467,4555
4190,1774012512493709210,1774012512497839501,4130
4191,1774012512499606046,1774012512504383735,4777
4192,1774012512506071585,1774012512510662274,4590
4193,1774012512512370668,1774012512516671809,4301
4194,1774012512518363364,1774012512521799019,3435
4195,1774012512523455256,1774012512526892848,3437
4196,1774012512528517496,1774012512531838170,3320
4197,1774012512533421626,1774012512536894360,3472
4198,1774012512538438711,1774012512542234397,3795
4199,1774012512543840638,1774012512547953777,4113
4200,1774012512549571837,1774012512553441436,3869
4201,1774012512555228539,1774012512559508859,4280
4202,1774012512561359743,1774012512564699000,3339
4203,1774012512566359512,1774012512570499360,4139
4204,1774012512572115498,1774012512575589297,3473
4205,1774012512577242427,1774012512580624553,3382
4206,1774012512582306300,1774012512586583088,4276
4207,1774012512588228301,1774012512592078512,3850
4208,1774012512593691986,1774012512598121114,4429
4209,1774012512600069823,1774012512604020020,3950
4210,1774012512605733668,1774012512610253670,4520
4211,1774012512612186295,1774012512616081799,3895
4212,1774012512617756919,1774012512622001760,4244
4213,1774012512623892977,1774012512627919578,4026
4214,1774012512629676272,1774012512633917877,4241
4215,1774012512635817039,1774012512639558098,3741
4216,1774012512641142808,1774012512644545590,3402
4217,1774012512646199278,1774012512649848774,3649
4218,1774012512651459997,1774012512655394116,3934
4219,1774012512657025861,1774012512660722414,3696
4220,1774012512662395262,1774012512665687318,3292
4221,1774012512667325291,1774012512671122135,3796
4222,1774012512672753466,1774012512676487494,3734
4223,1774012512678186080,1774012512682581716,4395
4224,1774012512684375558,1774012512688694687,4319
4225,1774012512690401000,1774012512694848875,4447
4226,1774012512696471872,1774012512700432624,3960
4227,1774012512702187333,1774012512706635961,4448
4228,1774012512708608763,1774012512712850181,4241
4229,1774012512714946022,1774012512719245305,4299
4230,1774012512721009968,1774012512724636466,3626
4231,1774012512726542017,1774012512731109769,4567
4232,1774012512733081096,1774012512736641419,3560
4233,1774012512738530902,1774012512742887664,4356
4234,1774012512745060881,1774012512749070085,4009
4235,1774012512750832080,1774012512755178545,4346
4236,1774012512757445101,1774012512761213408,3768
4237,1774012512762879187,1774012512767354056,4474
4238,1774012512769597147,1774012512773375883,3778
4239,1774012512775266324,1774012512779690986,4424
4240,1774012512781468602,1774012512785254100,3785
4241,1774012512786888409,1774012512791377780,4489
4242,1774012512793067812,1774012512796736688,3668
4243,1774012512798576597,1774012512801950324,3373
4244,1774012512803569430,1774012512808222359,4652
4245,1774012512809865790,1774012512813494823,3629
4246,1774012512815206904,1774012512818735860,3528
4247,1774012512820429289,1774012512824554892,4125
4248,1774012512826230382,1774012512830899005,4668
4249,1774012512832819738,1774012512836710622,3890
4250,1774012512838463405,1774012512842737679,4274
4251,1774012512844520358,1774012512848705002,4184
4252,1774012512850765539,1774012512855240651,4475
4253,1774012512856874838,1774012512860555262,3680
4254,1774012512862126802,1774012512865620329,3493
4255,1774012512867376914,1774012512871535844,4158
4256,1774012512873181230,1774012512877087605,3906
4257,1774012512878783965,1774012512883079129,4295
4258,1774012512884751204,1774012512888875806,4124
4259,1774012512890613431,1774012512894889713,4276
4260,1774012512896560231,1774012512900792473,4232
4261,1774012512902579646,1774012512907234777,4655
4262,1774012512909014226,1774012512913119399,4105
4263,1774012512914770291,1774012512919179265,4408
4264,1774012512920927049,1774012512925249444,4322
4265,1774012512926895804,1774012512931198342,4302
4266,1774012512932939917,1774012512937462016,4522
4267,1774012512939201302,1774012512942649779,3448
4268,1774012512944222835,1774012512948232272,4009
4269,1774012512949503662,1774012512953144281,3640
4270,1774012512954692063,1774012512958415485,3723
4271,1774012512960105071,1774012512963209939,3104
4272,1774012512964856165,1774012512968883501,4027
4273,1774012512970528682,1774012512974316761,3788
4274,1774012512975936509,1774012512980018632,4082
4275,1774012512981826291,1774012512985921299,4095
4276,1774012512987654187,1774012512991881147,4226
4277,1774012512993886989,1774012512997895953,4008
4278,1774012512999613444,1774012513003982327,4368
4279,1774012513005804753,1774012513009890046,4085
4280,1774012513011557738,1774012513015535922,3978
4281,1774012513017349271,1774012513021510359,4161
4282,1774012513023175843,1774012513027343975,4168
4283,1774012513028944208,1774012513033273039,4328
4284,1774012513034912000,1774012513039137119,4225
4285,1774012513040956230,1774012513045248204,4291
4286,1774012513046899287,1774012513051271654,4372
4287,1774012513052957707,1774012513057475131,4517
4288,1774012513058973420,1774012513063465367,4491
4289,1774012513065240891,1774012513068381102,3140
4290,1774012513069920916,1774012513074406516,4485
4291,1774012513076038060,1774012513079724866,3686
4292,1774012513081006215,1774012513084916077,3909
4293,1774012513086655332,1774012513090362530,3707
4294,1774012513092099647,1774012513095559939,3460
4295,1774012513097227767,1774012513101281662,4053
4296,1774012513102918543,1774012513106532890,3614
4297,1774012513108185695,1774012513112003418,3817
4298,1774012513113743916,1774012513117957574,4213
4299,1774012513119720290,1774012513124093608,4373
4300,1774012513126067375,1774012513129935418,3868
4301,1774012513131743747,1774012513136105806,4362
4302,1774012513137940971,1774012513142022169,4081
4303,1774012513143852142,1774012513147291801,3439
4304,1774012513148917758,1774012513152697240,3779
4305,1774012513154431524,1774012513157796964,3365
4306,1774012513159470893,1774012513162901224,3430
4307,1774012513164768787,1774012513168822664,4053
4308,1774012513170533649,1774012513174249138,3715
4309,1774012513175977096,1774012513180529828,4552
4310,1774012513182207996,1774012513186036814,3828
4311,1774012513187756265,1774012513192175461,4419
4312,1774012513193861177,1774012513197327168,3465
4313,1774012513199001966,1774012513202402393,3400
4314,1774012513203970215,1774012513208216759,4246
4315,1774012513209339405,1774012513212716588,3377
4316,1774012513214247797,1774012513217769862,3522
4317,1774012513218919086,1774012513222029301,3110
4318,1774012513223551097,1774012513227902264,4351
4319,1774012513229508458,1774012513233627044,4118
4320,1774012513235432833,1774012513239847384,4414
4321,1774012513241486027,1774012513245316543,3830
4322,1774012513246950521,1774012513251292571,4342
4323,1774012513253092363,1774012513256999309,3906
4324,1774012513258742629,1774012513262369529,3626
4325,1774012513264156502,1774012513268533921,4377
4326,1774012513270439802,1774012513274913734,4473
4327,1774012513276731654,1774012513281022723,4291
4328,1774012513282815103,1774012513286913046,4097
4329,1774012513288622833,1774012513293063333,4440
4330,1774012513294854222,1774012513298936199,4081
4331,1774012513300643373,1774012513305244247,4600
4332,1774012513306909128,1774012513310424446,3515
4333,1774012513312138965,1774012513315741230,3602
4334,1774012513317445914,1774012513321153906,3707
4335,1774012513322894639,1774012513327299081,4404
4336,1774012513328923642,1774012513332718874,3795
4337,1774012513334387852,1774012513338522509,4134
4338,1774012513340019637,1774012513343517782,3498
4339,1774012513345206284,1774012513348492843,3286
4340,1774012513350077063,1774012513353379233,3302
4341,1774012513355022700,1774012513358291760,3269
4342,1774012513359844297,1774012513363769119,3924
4343,1774012513365386897,1774012513369059793,3672
4344,1774012513370819809,1774012513374466030,3646
4345,1774012513376051038,1774012513379496536,3445
4346,1774012513381131284,1774012513384744321,3613
4347,1774012513386371144,1774012513389725557,3354
4348,1774012513391543337,1774012513395740407,4197
4349,1774012513397472685,1774012513401495819,4023
4350,1774012513403329455,1774012513407925381,4595
4351,1774012513409719350,1774012513413506943,3787
4352,1774012513415335327,1774012513419757580,4422
4353,1774012513421543717,1774012513425236945,3693
4354,1774012513426961018,1774012513430615021,3654
4355,1774012513432439667,1774012513436608167,4168
4356,1774012513438274600,1774012513441764997,3490
4357,1774012513443409875,1774012513447726393,4316
4358,1774012513449372516,1774012513453220124,3847
4359,1774012513454876659,1774012513459068450,4191
4360,1774012513460729600,1774012513464902264,4172
4361,1774012513466586250,1774012513470282457,3696
4362,1774012513471828713,1774012513475333776,3505
4363,1774012513476967473,1774012513480315272,3347
4364,1774012513481910046,1774012513486408977,4498
4365,1774012513488077921,1774012513491476198,3398
4366,1774012513493142778,1774012513496986170,3843
4367,1774012513498655238,1774012513502860915,4205
4368,1774012513504564325,1774012513508896370,4332
4369,1774012513510658504,1774012513514735965,4077
4370,1774012513516396929,1774012513520653447,4256
4371,1774012513522362513,1774012513526506961,4144
4372,1774012513528255677,1774012513532527844,4272
4373,1774012513534356398,1774012513538535449,4179
4374,1774012513540308129,1774012513544540909,4232
4375,1774012513546385719,1774012513550626938,4241
4376,1774012513552361566,1774012513555857148,3495
4377,1774012513557508693,1774012513561854831,4346
4378,1774012513563838144,1774012513567884747,4046
4379,1774012513569689673,1774012513573522766,3833
4380,1774012513575178228,1774012513579247620,4069
4381,1774012513580868606,1774012513585247300,4378
4382,1774012513586990506,1774012513591450964,4460
4383,1774012513593194790,1774012513597550317,4355
4384,1774012513599165821,1774012513602996924,3831
4385,1774012513604745320,1774012513609139680,4394
4386,1774012513610851098,1774012513614230130,3379
4387,1774012513615984467,1774012513620417833,4433
4388,1774012513621812436,1774012513625392606,3580
4389,1774012513627185184,1774012513631388932,4203
4390,1774012513633120576,1774012513636522788,3402
4391,1774012513638093773,1774012513642098278,4004
4392,1774012513643794951,1774012513648068649,4273
4393,1774012513649813725,1774012513654018889,4205
4394,1774012513655756799,1774012513660345613,4588
4395,1774012513662182219,1774012513666459852,4277
4396,1774012513668278141,1774012513672879811,4601
4397,1774012513674584641,1774012513678912817,4328
4398,1774012513680706955,1774012513685059372,4352
4399,1774012513686732312,1774012513691061526,4329
4400,1774012513692932746,1774012513697020755,4088
4401,1774012513698718837,1774012513703122870,4404
4402,1774012513704827281,1774012513708845160,4017
4403,1774012513710603426,1774012513714967922,4364
4404,1774012513716714989,1774012513720996952,4281
4405,1774012513722843903,1774012513726612771,3768
4406,1774012513728367267,1774012513731913579,3546
4407,1774012513733809401,1774012513737233692,3424
4408,1774012513738907032,1774012513742586843,3679
4409,1774012513744368597,1774012513747977282,3608
4410,1774012513749724983,1774012513754077675,4352
4411,1774012513755674891,1774012513760263440,4588
4412,1774012513761941168,1774012513766311947,4370
4413,1774012513767873167,1774012513771493691,3620
4414,1774012513773065829,1774012513777024072,3958
4415,1774012513778762338,1774012513782869001,4106
4416,1774012513784557686,1774012513788859205,4301
4417,1774012513790811041,1774012513794976410,4165
4418,1774012513796853456,1774012513801250654,4397
4419,1774012513802908385,1774012513807039239,4130
4420,1774012513808941043,1774012513813429293,4488
4421,1774012513815112625,1774012513818659024,3546
4422,1774012513820620135,1774012513825140382,4520
4423,1774012513826967259,1774012513830567895,3600
4424,1774012513832496629,1774012513837095509,4598
4425,1774012513838984749,1774012513842569594,3584
4426,1774012513844396184,1774012513848881346,4485
4427,1774012513850678361,1774012513854970603,4292
4428,1774012513856925694,1774012513861325745,4400
4429,1774012513862956686,1774012513866602343,3645
4430,1774012513868416296,1774012513872774564,4358
4431,1774012513874774545,1774012513878142477,3367
4432,1774012513879642728,1774012513884235683,4592
4433,1774012513885901693,1774012513889592384,3690
4434,1774012513891242715,1774012513894779552,3536
4435,1774012513896537760,1774012513901053427,4515
4436,1774012513902556429,1774012513905943728,3387
4437,1774012513907483993,1774012513910965861,3481
4438,1774012513912701410,1774012513916873474,4172
4439,1774012513918459730,1774012513922714258,4254
4440,1774012513924320389,1774012513928525717,4205
4441,1774012513930131121,1774012513934508942,4377
4442,1774012513936203831,1774012513940542562,4338
4443,1774012513942217331,1774012513945684554,3467
4444,1774012513947560340,1774012513952002629,4442
4445,1774012513953832808,1774012513958005513,4172
4446,1774012513959962671,1774012513964517334,4554
4447,1774012513966189664,1774012513970511881,4322
4448,1774012513972356654,1774012513976516702,4160
4449,1774012513978304073,1774012513982692544,4388
4450,1774012513984580104,1774012513989068276,4488
4451,1774012513990875078,1774012513995250617,4375
4452,1774012513997215826,1774012514001634714,4418
4453,1774012514003446601,1774012514007627301,4180
4454,1774012514009440140,1774012514013658858,4218
4455,1774012514015510746,1774012514019715391,4204
4456,1774012514021392815,1774012514025774020,4381
4457,1774012514027489261,1774012514030981278,3492
4458,1774012514032621647,1774012514037081586,4459
4459,1774012514038560912,1774012514041964082,3403
4460,1774012514043688594,1774012514047254868,3566
4461,1774012514048879697,1774012514052819136,3939
4462,1774012514054493071,1774012514058690862,4197
4463,1774012514060309994,1774012514063716251,3406
4464,1774012514065435122,1774012514069817304,4382
4465,1774012514071565649,1774012514075374422,3808
4466,1774012514077015052,1774012514081200007,4184
4467,1774012514082852690,1774012514086801176,3948
4468,1774012514088501401,1774012514092742219,4240
4469,1774012514094484515,1774012514098530894,4046
4470,1774012514100217803,1774012514104507297,4289
4471,1774012514106134441,1774012514109631883,3497
4472,1774012514111384657,1774012514115594990,4210
4473,1774012514117274540,1774012514121441954,4167
4474,1774012514123596220,1774012514127811844,4215
4475,1774012514129521591,1774012514133889900,4368
4476,1774012514135639945,1774012514140135367,4495
4477,1774012514141775682,1774012514145462244,3686
4478,1774012514147260618,1774012514151643049,4382
4479,1774012514153326923,1774012514157689063,4362
4480,1774012514159415619,1774012514162817549,3401
4481,1774012514164535518,1774012514168079058,3543
4482,1774012514169864800,1774012514173317246,3452
4483,1774012514174657451,1774012514178115200,3457
4484,1774012514179458081,1774012514183481107,4023
4485,1774012514185097709,1774012514188883864,3786
4486,1774012514190476990,1774012514194559694,4082
4487,1774012514196226544,1774012514199822890,3596
4488,1774012514201516115,1774012514206108502,4592
4489,1774012514207732590,1774012514211921161,4188
4490,1774012514213543248,1774012514217729674,4186
4491,1774012514219378260,1774012514223145058,3766
4492,1774012514224838319,1774012514228930713,4092
4493,1774012514230629098,1774012514234487439,3858
4494,1774012514236230674,1774012514240099928,3869
4495,1774012514241766335,1774012514245334079,3567
4496,1774012514247002501,1774012514250625534,3623
4497,1774012514252256166,1774012514256734414,4478
4498,1774012514258393919,1774012514262105539,3711
4499,1774012514263730749,1774012514267940076,4209
4500,1774012514269558232,1774012514273284549,3726
4501,1774012514274971319,1774012514279053764,4082
4502,1774012514280793693,1774012514285162495,4368
4503,1774012514286817469,1774012514291235644,4418
4504,1774012514292770505,1774012514295967353,3196
4505,1774012514297551223,1774012514300821307,3270
4506,1774012514302428793,1774012514305859169,3430
4507,1774012514307044173,1774012514309973496,2929
4508,1774012514311464075,1774012514315668184,4204
4509,1774012514317257406,1774012514321034853,3777
4510,1774012514322616122,1774012514326875832,4259
4511,1774012514328532708,1774012514332956154,4423
4512,1774012514334623123,1774012514338998463,4375
4513,1774012514340835060,1774012514344834489,3999
4514,1774012514346747332,1774012514350418823,3671
4515,1774012514352309734,1774012514355946001,3636
4516,1774012514357591770,1774012514361760515,4168
4517,1774012514363485977,1774012514367359574,3873
4518,1774012514369018261,1774012514372655144,3636
4519,1774012514374459219,1774012514378134437,3675
4520,1774012514379809593,1774012514383977428,4167
4521,1774012514385688027,1774012514389662555,3974
4522,1774012514391323109,1774012514395554969,4231
4523,1774012514397282964,1774012514401527399,4244
4524,1774012514403174191,1774012514407330510,4156
4525,1774012514409057696,1774012514413677759,4620
4526,1774012514415500107,1774012514419749746,4249
4527,1774012514421506157,1774012514425965420,4459
4528,1774012514427509836,1774012514431216826,3706
4529,1774012514432715077,1774012514437254702,4539
4530,1774012514438855949,1774012514443200798,4344
4531,1774012514444992696,1774012514448710978,3718
4532,1774012514450421385,1774012514453857533,3436
4533,1774012514455096687,1774012514459435066,4338
4534,1774012514461122771,1774012514464580269,3457
4535,1774012514466257460,1774012514469859385,3601
4536,1774012514471604830,1774012514475761772,4156
4537,1774012514477408599,1774012514480740165,3331
4538,1774012514482394820,1774012514486663208,4268
4539,1774012514488298970,1774012514492140089,3841
4540,1774012514493882211,1774012514497558073,3675
4541,1774012514499343583,1774012514503746535,4402
4542,1774012514505455280,1774012514509176851,3721
4543,1774012514510969865,1774012514515494111,4524
4544,1774012514517467046,1774012514521617120,4150
4545,1774012514523569537,1774012514527907008,4337
4546,1774012514529771724,1774012514534039962,4268
4547,1774012514535764995,1774012514539958431,4193
4548,1774012514541971021,1774012514546026044,4055
4549,1774012514547864251,1774012514552063287,4199
4550,1774012514554029641,1774012514558510398,4480
4551,1774012514560240359,1774012514564598939,4358
4552,1774012514566197071,1774012514570728771,4531
4553,1774012514572145936,1774012514576543926,4397
4554,1774012514577969341,1774012514582240325,4270
4555,1774012514583779144,1774012514587967551,4188
4556,1774012514589698156,1774012514593978636,4280
4557,1774012514595527914,1774012514599869592,4341
4558,1774012514601526861,1774012514605971733,4444
4559,1774012514607768721,1774012514611977511,4208
4560,1774012514613970591,1774012514618327986,4357
4561,1774012514620266435,1774012514623758900,3492
4562,1774012514625607032,1774012514630079413,4472
4563,1774012514632042447,1774012514636549926,4507
4564,1774012514638401216,1774012514642939059,4537
4565,1774012514644925103,1774012514648893569,3968
4566,1774012514650804116,1774012514655364956,4560
4567,1774012514657034218,1774012514661388128,4353
4568,1774012514663058125,1774012514667514597,4456
4569,1774012514669465953,1774012514673689177,4223
4570,1774012514675488736,1774012514679912754,4424
4571,1774012514681635405,1774012514685507270,3871
4572,1774012514687459147,1774012514691759504,4300
4573,1774012514693502283,1774012514697907822,4405
4574,1774012514699590559,1774012514702937587,3347
4575,1774012514704601102,1774012514708619445,4018
4576,1774012514710297249,1774012514713660414,3363
4577,1774012514715030911,1774012514719585696,4554
4578,1774012514721214244,1774012514725243403,4029
4579,1774012514726969957,1774012514730614940,3644
4580,1774012514732140883,1774012514735727536,3586
4581,1774012514737403747,1774012514740785317,3381
4582,1774012514742433015,1774012514745753363,3320
4583,1774012514747387649,1774012514751640240,4252
4584,1774012514753286222,1774012514757047152,3760
4585,1774012514758719089,1774012514763059069,4339
4586,1774012514764879588,1774012514768987923,4108
4587,1774012514770685635,1774012514775052037,4366
4588,1774012514776992152,1774012514781018229,4026
4589,1774012514782899514,1774012514787268825,4369
4590,1774012514789000128,1774012514793445729,4445
4591,1774012514795119541,1774012514799466674,4347
4592,1774012514801153330,1774012514805333655,4180
4593,1774012514807038232,1774012514811358869,4320
4594,1774012514813167556,1774012514816856393,3688
4595,1774012514818703701,1774012514823122071,4418
4596,1774012514824939997,1774012514829153174,4213
4597,1774012514830987205,1774012514835490728,4503
4598,1774012514837186929,1774012514840744570,3557
4599,1774012514842577297,1774012514846718381,4141
4600,1774012514848468634,1774012514852943103,4474
4601,1774012514854563734,1774012514857980420,3416
4602,1774012514859534220,1774012514864222832,4688
4603,1774012514865908535,1774012514869694361,3785
4604,1774012514871259222,1774012514875553939,4294
4605,1774012514877173056,1774012514880945109,3772
4606,1774012514882661859,1774012514887021495,4359
4607,1774012514888759720,1774012514892928869,4169
4608,1774012514894860889,1774012514899054945,4194
4609,1774012514900756547,1774012514904761789,4005
4610,1774012514906752019,1774012514911419852,4667
4611,1774012514913521083,1774012514917976039,4454
4612,1774012514919823756,1774012514923607129,3783
4613,1774012514925359911,1774012514929666655,4306
4614,1774012514931662624,1774012514936168343,4505
4615,1774012514937834381,1774012514941610222,3775
4616,1774012514943556254,1774012514948118933,4562
4617,1774012514949838551,1774012514954362730,4524
4618,1774012514956118220,1774012514960374977,4256
4619,1774012514962081351,1774012514966591568,4510
4620,1774012514968485972,1774012514972925547,4439
4621,1774012514974629167,1774012514978843902,4214
4622,1774012514980603964,1774012514985145749,4541
4623,1774012514986853548,1774012514990617139,3763
4624,1774012514992369552,1774012514996631130,4261
4625,1774012514998396197,1774012515002710769,4314
4626,1774012515004469663,1774012515008900525,4430
4627,1774012515010500119,1774012515014886456,4386
4628,1774012515016514018,1774012515020705582,4191
4629,1774012515022375170,1774012515026748162,4372
4630,1774012515028478326,1774012515032667693,4189
4631,1774012515034416132,1774012515038633037,4216
4632,1774012515040675188,1774012515044930194,4255
4633,1774012515046928009,1774012515051281660,4353
4634,1774012515052950260,1774012515057203565,4253
4635,1774012515059015116,1774012515063427738,4412
4636,1774012515065204874,1774012515069011329,3806
4637,1774012515070685951,1774012515075159167,4473
4638,1774012515077013707,1774012515081367288,4353
4639,1774012515083053436,1774012515087434344,4380
4640,1774012515089289796,1774012515092912172,3622
4641,1774012515094792386,1774012515099140630,4348
4642,1774012515100980226,1774012515104736135,3755
4643,1774012515106466467,1774012515110914379,4447
4644,1774012515112595499,1774012515116316420,3720
4645,1774012515118032626,1774012515121539849,3507
4646,1774012515123161538,1774012515127549652,4388
4647,1774012515129140826,1774012515133432627,4291
4648,1774012515135330106,1774012515138987939,3657
4649,1774012515140515358,1774012515144331807,3816
4650,1774012515145968901,1774012515149504091,3535
4651,1774012515151080034,1774012515154527725,3447
4652,1774012515156124431,1774012515159715062,3590
4653,1774012515161417508,1774012515164955991,3538
4654,1774012515166632267,1774012515170464081,3831
4655,1774012515172347592,1774012515175669261,3321
4656,1774012515177229194,1774012515181562221,4333
4657,1774012515183432912,1774012515187001181,3568
4658,1774012515188685899,1774012515192841668,4155
4659,1774012515194930006,1774012515198543600,3613
4660,1774012515200160092,1774012515203723271,3563
4661,1774012515205444713,1774012515210043087,4598
4662,1774012515211766625,1774012515215359580,3592
4663,1774012515216977759,1774012515221254417,4276
4664,1774012515222861929,1774012515227080504,4218
4665,1774012515228866925,1774012515233180114,4313
4666,1774012515234878489,1774012515239002535,4124
4667,1774012515240806579,1774012515245302864,4496
4668,1774012515247121365,1774012515251047671,3926
4669,1774012515252716631,1774012515256338998,3622
4670,1774012515258030170,1774012515262580650,4550
4671,1774012515264099804,1774012515267642578,3542
4672,1774012515269344361,1774012515272744976,3400
4673,1774012515274353421,1774012515277535204,3181
4674,1774012515279222911,1774012515282983833,3760
4675,1774012515284615970,1774012515288277302,3661
4676,1774012515289769631,1774012515293718313,3948
4677,1774012515295275682,1774012515299252412,3976
4678,1774012515300897802,1774012515304807496,3909
4679,1774012515306447036,1774012515309846209,3399
4680,1774012515311723435,1774012515315961331,4237
4681,1774012515317700548,1774012515321826548,4126
4682,1774012515323609511,1774012515328002208,4392
4683,1774012515329748738,1774012515333783597,4034
4684,1774012515335571493,1774012515339921516,4350
4685,1774012515341638509,1774012515345861062,4222
4686,1774012515347748872,1774012515352272743,4523
4687,1774012515354067629,1774012515358042542,3974
4688,1774012515359883907,1774012515364249471,4365
4689,1774012515366015527,1774012515369774829,3759
4690,1774012515371515844,1774012515376042904,4527
4691,1774012515377759072,1774012515382132549,4373
4692,1774012515384128642,1774012515387504821,3376
4693,1774012515389155840,1774012515393471211,4315
4694,1774012515395167797,1774012515398634821,3467
4695,1774012515400452368,1774012515404297878,3845
4696,1774012515406022344,1774012515409955501,3933
4697,1774012515411721929,1774012515415793115,4071
4698,1774012515417525715,1774012515421769754,4244
4699,1774012515423411146,1774012515427134647,3723
4700,1774012515428911582,1774012515433101915,4190
4701,1774012515434663984,1774012515438904616,4240
4702,1774012515440603169,1774012515445036887,4433
4703,1774012515446757652,1774012515450895235,4137
4704,1774012515452797980,1774012515457305106,4507
4705,1774012515459018457,1774012515463331635,4313
4706,1774012515465136509,1774012515469445036,4308
4707,1774012515471092707,1774012515475378669,4285
4708,1774012515477046090,1774012515481196513,4150
4709,1774012515482815458,1774012515487110369,4294
4710,1774012515488728814,1774012515492992468,4263
4711,1774012515494899666,1774012515499388695,4489
4712,1774012515501116052,1774012515505592090,4476
4713,1774012515507379869,1774012515511267144,3887
4714,1774012515513002508,1774012515517502398,4499
4715,1774012515519290919,1774012515523720112,4429
4716,1774012515525578738,1774012515529707885,4129
4717,1774012515531415475,1774012515535894234,4478
4718,1774012515537530837,1774012515541622798,4091
4719,1774012515543303262,1774012515547789141,4485
4720,1774012515549593888,1774012515553136942,3543
4721,1774012515554786221,1774012515557956241,3170
4722,1774012515559650789,1774012515563470495,3819
4723,1774012515565100796,1774012515568908055,3807
4724,1774012515570574780,1774012515574322812,3748
4725,1774012515576146702,1774012515580284372,4137
4726,1774012515581908299,1774012515585998351,4090
4727,1774012515587726626,1774012515592124644,4398
4728,1774012515593815126,1774012515598081364,4266
4729,1774012515599849713,1774012515604064735,4215
4730,1774012515605779665,1774012515609917352,4137
4731,1774012515611623535,1774012515616172827,4549
4732,1774012515617905820,1774012515622192804,4286
4733,1774012515623880335,1774012515628171636,4291
4734,1774012515629832442,1774012515634068726,4236
4735,1774012515635908919,1774012515640254758,4345
4736,1774012515641958340,1774012515646245288,4286
4737,1774012515647963240,1774012515652140026,4176
4738,1774012515653872730,1774012515658168127,4295
4739,1774012515659971889,1774012515664184081,4212
4740,1774012515665848964,1774012515670242716,4393
4741,1774012515671901803,1774012515676177722,4275
4742,1774012515677951814,1774012515682368902,4417
4743,1774012515684147043,1774012515688393754,4246
4744,1774012515690036953,1774012515693885846,3848
4745,1774012515695555475,1774012515700233178,4677
4746,1774012515701896936,1774012515706037758,4140
4747,1774012515707601207,1774012515712073971,4472
4748,1774012515713942057,1774012515718319966,4377
4749,1774012515719946720,1774012515724261292,4314
4750,1774012515725905277,1774012515729958644,4053
4751,1774012515731777328,1774012515735977864,4200
4752,1774012515737761032,1774012515742076238,4315
4753,1774012515743751984,1774012515748068262,4316
4754,1774012515749875684,1774012515754148692,4273
4755,1774012515756114475,1774012515760423826,4309
4756,1774012515762153098,1774012515766533193,4380
4757,1774012515768355958,1774012515772704919,4348
4758,1774012515774449654,1774012515778806411,4356
4759,1774012515780545155,1774012515784783616,4238
4760,1774012515786520235,1774012515790836599,4316
4761,1774012515792551386,1774012515796993519,4442
4762,1774012515798824581,1774012515802730192,3905
4763,1774012515804522761,1774012515808996348,4473
4764,1774012515810650470,1774012515815126825,4476
4765,1774012515816757048,1774012515820581706,3824
4766,1774012515822243039,1774012515825737903,3494
4767,1774012515827096566,1774012515830370867,3274
4768,1774012515832027413,1774012515835370552,3343
4769,1774012515837056053,1774012515840546671,3490
4770,1774012515842120161,1774012515845887867,3767
4771,1774012515847624315,1774012515852145382,4521
4772,1774012515853985085,1774012515857593013,3607
4773,1774012515859297453,1774012515863509767,4212
4774,1774012515865349449,1774012515869456805,4107
4775,1774012515871081201,1774012515874537381,3456
4776,1774012515876168332,1774012515879596926,3428
4777,1774012515881225026,1774012515885376723,4151
4778,1774012515886991837,1774012515890617395,3625
4779,1774012515892239607,1774012515896377409,4137
4780,1774012515897989906,1774012515901905473,3915
4781,1774012515903692493,1774012515908169537,4477
4782,1774012515909809583,1774012515913737374,3927
4783,1774012515915595668,1774012515920346843,4751
4784,1774012515922056585,1774012515926160994,4104
4785,1774012515928069598,1774012515931860916,3791
4786,1774012515933773377,1774012515938385808,4612
4787,1774012515940170766,1774012515944532747,4361
4788,1774012515946191004,1774012515949982906,3791
4789,1774012515951607971,1774012515956021592,4413
4790,1774012515957765485,1774012515961845308,4079
4791,1774012515963515235,1774012515967459390,3944
4792,1774012515969152052,1774012515973537743,4385
4793,1774012515975128460,1774012515978924807,3796
4794,1774012515980592876,1774012515984896620,4303
4795,1774012515986610676,1774012515990514199,3903
4796,1774012515992295767,1774012515996635157,4339
4797,1774012515998442713,1774012516002179831,3737
4798,1774012516003801401,1774012516008167280,4365
4799,1774012516009952713,1774012516014021107,4068
4800,1774012516015916231,1774012516020327031,4410
4801,1774012516022572287,1774012516026217463,3645
4802,1774012516027937819,1774012516031685340,3747
4803,1774012516033351552,1774012516036926530,3574
4804,1774012516038620418,1774012516042497065,3876
4805,1774012516044137837,1774012516047999016,3861
4806,1774012516049675568,1774012516053536137,3860
4807,1774012516055276981,1774012516059618830,4341
4808,1774012516061523974,1774012516065301155,3777
4809,1774012516067009526,1774012516071349514,4339
4810,1774012516073041026,1774012516076485256,3444
4811,1774012516078208771,1774012516081913451,3704
4812,1774012516083559196,1774012516086933420,3374
4813,1774012516088556256,1774012516092991248,4434
4814,1774012516094606243,1774012516098371963,3765
4815,1774012516100091393,1774012516103648549,3557
4816,1774012516105426497,1774012516109108178,3681
4817,1774012516110647950,1774012516113776291,3128
4818,1774012516115308831,1774012516119464504,4155
4819,1774012516121140449,1774012516125493628,4353
4820,1774012516127375789,1774012516131664990,4289
4821,1774012516133579618,1774012516137901619,4322
4822,1774012516139768613,1774012516144108172,4339
4823,1774012516145989588,1774012516150341448,4351
4824,1774012516152132673,1774012516156340280,4207
4825,1774012516157903709,1774012516162011600,4107
4826,1774012516163801522,1774012516167921978,4120
4827,1774012516169614934,1774012516174267655,4652
4828,1774012516176061589,1774012516180297133,4235
4829,1774012516182314488,1774012516186423255,4108
4830,1774012516188316936,1774012516192415397,4098
4831,1774012516194321268,1774012516197868768,3547
4832,1774012516199742898,1774012516203991955,4249
4833,1774012516205768905,1774012516209627256,3858
4834,1774012516211372564,1774012516215955810,4583
4835,1774012516217542430,1774012516221228345,3685
4836,1774012516222612485,1774012516226299857,3687
4837,1774012516228011844,1774012516231417045,3405
4838,1774012516232867533,1774012516236552273,3684
4839,1774012516238108855,1774012516242406241,4297
4840,1774012516244051538,1774012516247275611,3224
4841,1774012516248894678,1774012516253046425,4151
4842,1774012516254834988,1774012516258382236,3547
4843,1774012516260181918,1774012516264559608,4377
4844,1774012516266231190,1774012516270095098,3863
4845,1774012516271839874,1774012516275761232,3921
4846,1774012516277519910,1774012516281154651,3634
4847,1774012516282868661,1774012516287168726,4300
4848,1774012516288858079,1774012516292805245,3947
4849,1774012516294454096,1774012516297956415,3502
4850,1774012516299603067,1774012516303919217,4316
4851,1774012516305820360,1774012516309452320,3631
4852,1774012516311144908,1774012516315427222,4282
4853,1774012516317465991,1774012516321236730,3770
4854,1774012516322937279,1774012516327259636,4322
4855,1774012516329380151,1774012516333375345,3995
4856,1774012516335254322,1774012516339879889,4625
4857,1774012516341831678,1774012516345946829,4115
4858,1774012516347743789,1774012516352211817,4468
4859,1774012516353972045,1774012516358001498,4029
4860,1774012516359543836,1774012516363701562,4157
4861,1774012516365215572,1774012516369178844,3963
4862,1774012516370800717,1774012516374078756,3278
4863,1774012516375464032,1774012516378753510,3289
4864,1774012516380181189,1774012516383526962,3345
4865,1774012516385102917,1774012516389364818,4261
4866,1774012516391091663,1774012516394524400,3432
4867,1774012516396275958,1774012516400739808,4463
4868,1774012516402375192,1774012516406168939,3793
4869,1774012516407832895,1774012516412092681,4259
4870,1774012516413800097,1774012516417497248,3697
4871,1774012516419175166,1774012516423748258,4573
4872,1774012516425570657,1774012516429751204,4180
4873,1774012516431577103,1774012516435960805,4383
4874,1774012516437893134,1774012516441620571,3727
4875,1774012516443265720,1774012516447556528,4290
4876,1774012516449576235,1774012516453736181,4159
4877,1774012516455512329,1774012516459913994,4401
4878,1774012516461701029,1774012516465667654,3966
4879,1774012516467358355,1774012516471118209,3759
4880,1774012516472887016,1774012516476665063,3778
4881,1774012516478514476,1774012516482612512,4098
4882,1774012516484354057,1774012516488163182,3809
4883,1774012516489952231,1774012516494354809,4402
4884,1774012516495987553,1774012516499894943,3907
4885,1774012516501576068,1774012516506022368,4446
4886,1774012516507698329,1774012516511419049,3720
4887,1774012516512991507,1774012516516321608,3330
4888,1774012516518014097,1774012516522354710,4340
4889,1774012516524040632,1774012516527490140,3449
4890,1774012516529177991,1774012516532784398,3606
4891,1774012516534496360,1774012516538639809,4143
4892,1774012516540349413,1774012516544838080,4488
4893,1774012516546711212,1774012516551201986,4490
4894,1774012516552891918,1774012516557049016,4157
4895,1774012516558942338,1774012516563377261,4434
4896,1774012516565055886,1774012516569429001,4373
4897,1774012516571129899,1774012516574540908,3411
4898,1774012516576378743,1774012516580964265,4585
4899,1774012516582614548,1774012516587017305,4402
4900,1774012516588754963,1774012516593087765,4332
4901,1774012516594817538,1774012516598556904,3739
4902,1774012516600273666,1774012516604518619,4244
4903,1774012516606356602,1774012516609798958,3442
4904,1774012516611695455,1774012516615979358,4283
4905,1774012516617649469,1774012516621439540,3790
4906,1774012516623200617,1774012516626778913,3578
4907,1774012516628515905,1774012516632208663,3692
4908,1774012516633700942,1774012516638133054,4432
4909,1774012516639789051,1774012516643914830,4125
4910,1774012516645383767,1774012516649185124,3801
4911,1774012516650889436,1774012516655350241,4460
4912,1774012516656942187,1774012516661452970,4510
4913,1774012516663092046,1774012516667139310,4047
4914,1774012516668949623,1774012516673354559,4404
4915,1774012516675315059,1774012516679538655,4223
4916,1774012516681380223,1774012516685759271,4379
4917,1774012516687444767,1774012516690925102,3480
4918,1774012516692939014,1774012516697517524,4578
4919,1774012516699203497,1774012516702759676,3556
4920,1774012516704470494,1774012516708734576,4264
4921,1774012516710453755,1774012516714203750,3749
4922,1774012516715854129,1774012516719637147,3783
4923,1774012516721449702,1774012516725634939,4185
4924,1774012516727499009,1774012516731175650,3676
4925,1774012516732919888,1774012516737185458,4265
4926,1774012516738971047,1774012516743230681,4259
4927,1774012516744913992,1774012516749233883,4319
4928,1774012516751168043,1774012516755447233,4279
4929,1774012516757237107,1774012516761635908,4398
4930,1774012516763388563,1774012516767839361,4450
4931,1774012516769541549,1774012516772914011,3372
4932,1774012516774527145,1774012516778975735,4448
4933,1774012516780591089,1774012516784970421,4379
4934,1774012516786738998,1774012516790101265,3362
4935,1774012516791829022,1774012516795560477,3731
4936,1774012516797387271,1774012516800728045,3340
4937,1774012516802339066,1774012516806625228,4286
4938,1774012516808244229,1774012516811713188,3468
4939,1774012516813375180,1774012516817085149,3709
4940,1774012516818809574,1774012516822995462,4185
4941,1774012516824751166,1774012516829093351,4342
4942,1774012516830742068,1774012516835345797,4603
4943,1774012516837041192,1774012516840965138,3923
4944,1774012516842606772,1774012516846881675,4274
4945,1774012516848539001,1774012516852582317,4043
4946,1774012516854210508,1774012516858092306,3881
4947,1774012516859835381,1774012516864192201,4356
4948,1774012516865830174,1774012516870130227,4300
4949,1774012516872166538,1774012516876893435,4726
4950,1774012516878668368,1774012516883350925,4682
4951,1774012516885116003,1774012516889063071,3947
4952,1774012516890687649,1774012516894873467,4185
4953,1774012516896739133,1774012516900818944,4079
4954,1774012516902535211,1774012516906846709,4311
4955,1774012516908538973,1774012516911917600,3378
4956,1774012516913276098,1774012516917615903,4339
4957,1774012516919338688,1774012516923071112,3732
4958,1774012516924740294,1774012516929270806,4530
4959,1774012516930935576,1774012516934847135,3911
4960,1774012516936435193,1774012516940720736,4285
4961,1774012516942431411,1774012516946230968,3799
4962,1774012516947962913,1774012516952109226,4146
4963,1774012516953626601,1774012516957567704,3941
4964,1774012516959281236,1774012516963457225,4175
4965,1774012516965135203,1774012516968602474,3467
4966,1774012516970582531,1774012516974871994,4289
4967,1774012516976511023,1774012516980214334,3703
4968,1774012516981969008,1774012516986153243,4184
4969,1774012516987820927,1774012516991747465,3926
4970,1774012516993492361,1774012516997853410,4361
4971,1774012516999611417,1774012517003632701,4021
4972,1774012517005453439,1774012517009999652,4546
4973,1774012517011709570,1774012517015619019,3909
4974,1774012517017364812,1774012517021212098,3847
4975,1774012517022914940,1774012517026991259,4076
4976,1774012517028936422,1774012517033137377,4200
4977,1774012517034812289,1774012517039464478,4652
4978,1774012517041428039,1774012517045349576,3921
4979,1774012517046995439,1774012517051303268,4307
4980,1774012517052898300,1774012517056885376,3987
4981,1774012517058566580,1774012517062653782,4087
4982,1774012517064282309,1774012517067757136,3474
4983,1774012517069188638,1774012517073406875,4218
4984,1774012517074970450,1774012517078979803,4009
4985,1774012517080526684,1774012517084873172,4346
4986,1774012517086502582,1774012517090687292,4184
4987,1774012517092413861,1774012517096478023,4064
4988,1774012517098109216,1774012517102220042,4110
4989,1774012517103836087,1774012517107489640,3653
4990,1774012517109172844,1774012517113126884,3954
4991,1774012517114872311,1774012517118563723,3691
4992,1774012517120232571,1774012517124550410,4317
4993,1774012517126409795,1774012517130070098,3660
4994,1774012517131769704,1774012517135996923,4227
4995,1774012517137685688,1774012517141479656,3793
4996,1774012517143169398,1774012517147372897,4203
4997,1774012517149084693,1774012517152609464,3524
4998,1774012517154365559,1774012517158641676,4276
4999,1774012517160281354,1774012517164154860,3873
5000,1774012517165805328,1774012517169486220,3680
5001,1774012517171183247,1774012517175361185,4177
5002,1774012517177161493,1774012517181525876,4364
5003,1774012517183182502,1774012517186742743,3560
5004,1774012517188346314,1774012517192765547,4419
5005,1774012517194570992,1774012517198095171,3524
5006,1774012517199548404,1774012517202799354,3250
5007,1774012517204427078,1774012517207809672,3382
5008,1774012517209377294,1774012517212920143,3542
5009,1774012517214368268,1774012517218505029,4136
5010,1774012517220077129,1774012517223468030,3390
5011,1774012517224951894,1774012517229088424,4136
5012,1774012517230802016,1774012517234847947,4045
5013,1774012517236546747,1774012517240853373,4306
5014,1774012517242687417,1774012517246554021,3866
5015,1774012517248565998,1774012517252954912,4388
5016,1774012517254874152,1774012517258969890,4095
5017,1774012517260657980,1774012517264910825,4252
5018,1774012517266697890,1774012517269985269,3287
5019,1774012517271957493,1774012517275656972,3699
5020,1774012517277369952,1774012517281216211,3846
5021,1774012517282878080,1774012517286634536,3756
5022,1774012517288330258,1774012517291739606,3409
5023,1774012517293407015,1774012517297570045,4163
5024,1774012517299201318,1774012517302907872,3706
5025,1774012517304592897,1774012517308520026,3927
5026,1774012517310213341,1774012517314443854,4230
5027,1774012517316074596,1774012517319445122,3370
5028,1774012517320707097,1774012517324424896,3717
5029,1774012517325895982,1774012517329081571,3185
5030,1774012517330840140,1774012517334051523,3211
5031,1774012517335739869,1774012517339287012,3547
5032,1774012517340904625,1774012517344941696,4037
5033,1774012517346172259,1774012517350260602,4088
5034,1774012517351964808,1774012517355688151,3723
5035,1774012517357480390,1774012517360812637,3332
5036,1774012517362563096,1774012517366796152,4233
5037,1774012517368366082,1774012517372202608,3836
5038,1774012517373918135,1774012517378371697,4453
5039,1774012517380349375,1774012517384528382,4179
5040,1774012517386163527,1774012517389678167,3514
5041,1774012517391462420,1774012517395813728,4351
5042,1774012517397501418,1774012517401512078,4010
5043,1774012517403206222,1774012517406627876,3421
5044,1774012517408358574,1774012517412812068,4453
5045,1774012517414779856,1774012517419113196,4333
5046,1774012517420793659,1774012517425067407,4273
5047,1774012517427025339,1774012517431564252,4538
5048,1774012517433288076,1774012517437166345,3878
5049,1774012517439115425,1774012517443468984,4353
5050,1774012517445294620,1774012517449750281,4455
5051,1774012517451383163,1774012517455857809,4474
5052,1774012517457512129,1774012517461948829,4436
5053,1774012517463674332,1774012517467775660,4101
5054,1774012517469424317,1774012517472839972,3415
5055,1774012517474521853,1774012517477965333,3443
5056,1774012517479565197,1774012517484131068,4565
5057,1774012517485954900,1774012517489792122,3837
5058,1774012517491457245,1774012517495776635,4319
5059,1774012517497465954,1774012517501668555,4202
5060,1774012517503395947,1774012517507622393,4226
5061,1774012517509429554,1774012517513560677,4131
5062,1774012517515299700,1774012517519544457,4244
5063,1774012517521188397,1774012517524815405,3627
5064,1774012517526696139,1774012517530450733,3754
5065,1774012517532086297,1774012517536052784,3966
5066,1774012517537734716,1774012517542121398,4386
5067,1774012517543888135,1774012517547896199,4008
5068,1774012517549614469,1774012517553825427,4210
5069,1774012517555496845,1774012517559728916,4232
5070,1774012517561551000,1774012517565759060,4208
5071,1774012517567866617,1774012517572333503,4466
5072,1774012517574036882,1774012517577723444,3686
5073,1774012517579502206,1774012517583910086,4407
5074,1774012517585481317,1774012517589970920,4489
5075,1774012517591608448,1774012517595835185,4226
5076,1774012517597750251,1774012517601467919,3717
5077,1774012517603175182,1774012517606558987,3383
5078,1774012517608221756,1774012517612078114,3856
5079,1774012517613675040,1774012517617208719,3533
5080,1774012517618922468,1774012517622458805,3536
5081,1774012517624223426,1774012517628405120,4181
5082,1774012517630070847,1774012517634415567,4344
5083,1774012517636218235,1774012517640376033,4157
5084,1774012517642071078,1774012517646262091,4191
5085,1774012517648127278,1774012517652265287,4138
5086,1774012517653863767,1774012517658073787,4210
5087,1774012517659729838,1774012517663388323,3658
5088,1774012517665089515,1774012517669526612,4437
5089,1774012517671327161,1774012517674780249,3453
5090,1774012517676455739,1774012517680869372,4413
5091,1774012517682744002,1774012517686631459,3887
5092,1774012517688275914,1774012517692768496,4492
5093,1774012517694451888,1774012517697872270,3420
5094,1774012517699531127,1774012517703791205,4260
5095,1774012517705544619,1774012517709567527,4022
5096,1774012517711266565,1774012517715651153,4384
5097,1774012517717252907,1774012517721040159,3787
5098,1774012517722739867,1774012517726295029,3555
5099,1774012517727921622,1774012517732362432,4440
5100,1774012517734061684,1774012517737437486,3375
5101,1774012517739105225,1774012517743670433,4565
5102,1774012517745319596,1774012517749157271,3837
5103,1774012517750785791,1774012517754427652,3641
5104,1774012517756040641,1774012517759661136,3620
5105,1774012517761372056,1774012517764697356,3325
5106,1774012517766276928,1774012517770510633,4233
5107,1774012517772178627,1774012517776397810,4219
5108,1774012517778101441,1774012517781616203,3514
5109,1774012517783630957,1774012517787980014,4349
5110,1774012517789725633,1774012517794065777,4340
5111,1774012517796052359,1774012517800372558,4320
5112,1774012517802023235,1774012517806624331,4601
5113,1774012517808636612,1774012517812953989,4317
5114,1774012517814732118,1774012517818820351,4088
5115,1774012517820660432,1774012517825096429,4435
5116,1774012517826735771,1774012517830728811,3993
5117,1774012517832387017,1774012517836697538,4310
5118,1774012517838460979,1774012517842509502,4048
5119,1774012517844200901,1774012517847781676,3580
5120,1774012517849448774,1774012517853249114,3800
5121,1774012517854978961,1774012517858949040,3970
5122,1774012517860538246,1774012517865008407,4470
5123,1774012517866597389,1774012517870767206,4169
5124,1774012517872592406,1774012517877079919,4487
5125,1774012517878822574,1774012517882806140,3983
5126,1774012517884506831,1774012517889042682,4535
5127,1774012517890599975,1774012517894757940,4157
5128,1774012517896221527,1774012517899523790,3302
5129,1774012517901317257,1774012517904590266,3273
5130,1774012517906281190,1774012517910736747,4455
5131,1774012517912384239,1774012517915777287,3393
5132,1774012517917466630,1774012517921878691,4412
5133,1774012517923554530,1774012517927297155,3742
5134,1774012517929043512,1774012517933554457,4510
5135,1774012517935214964,1774012517939211879,3996
5136,1774012517940941297,1774012517945310582,4369
5137,1774012517947147451,1774012517951401138,4253
5138,1774012517953160673,1774012517957633343,4472
5139,1774012517959530941,1774012517963900426,4369
5140,1774012517965859381,1774012517969713370,3853
5141,1774012517971370045,1774012517975702481,4332
5142,1774012517977608110,1774012517982046613,4438
5143,1774012517983812815,1774012517988397559,4584
5144,1774012517990182706,1774012517994379790,4197
5145,1774012517996101839,1774012518000657645,4555
5146,1774012518002309416,1774012518006568115,4258
5147,1774012518008375263,1774012518012810552,4435
5148,1774012518014320434,1774012518018711968,4391
5149,1774012518020363837,1774012518023870062,3506
5150,1774012518025411144,1774012518029177967,3766
5151,1774012518030817658,1774012518034465194,3647
5152,1774012518036053429,1774012518039555493,3502
5153,1774012518041171963,1774012518044968208,3796
5154,1774012518046727463,1774012518050296989,3569
5155,1774012518051980985,1774012518056162521,4181
5156,1774012518057760092,1774012518061752080,3991
5157,1774012518063422696,1774012518067758707,4336
5158,1774012518069685383,1774012518073683734,3998
5159,1774012518075382815,1774012518079785830,4403
5160,1774012518081497185,1774012518085797954,4300
5161,1774012518087501110,1774012518091686003,4184
5162,1774012518093474891,1774012518096968109,3493
5163,1774012518098671646,1774012518102737477,4065
5164,1774012518104411356,1774012518108211740,3800
5165,1774012518110042359,1774012518114372237,4329
5166,1774012518116038853,1774012518119526521,3487
5167,1774012518121459260,1774012518125777864,4318
5168,1774012518127488526,1774012518131260653,3772
5169,1774012518133071144,1774012518137774888,4703
5170,1774012518139497992,1774012518142736645,3238
5171,1774012518144333988,1774012518147769232,3435
5172,1774012518149313925,1774012518153751505,4437
5173,1774012518155465288,1774012518158864619,3399
5174,1774012518160570899,1774012518164205008,3634
5175,1774012518165673027,1774012518168958935,3285
5176,1774012518170581964,1774012518173926046,3344
5177,1774012518175460376,1774012518179862808,4402
5178,1774012518181620901,1774012518186016299,4395
5179,1774012518187650684,1774012518191955741,4305
5180,1774012518193649525,1774012518197882500,4232
5181,1774012518199678139,1774012518203976778,4298
5182,1774012518205751121,1774012518210144304,4393
5183,1774012518211785521,1774012518216193164,4407
5184,1774012518217739384,1774012518221195909,3456
5185,1774012518222840723,1774012518227225118,4384
5186,1774012518228818193,1774012518232372909,3554
5187,1774012518234165681,1774012518237998849,3833
5188,1774012518239826846,1774012518243437530,3610
5189,1774012518245100326,1774012518249516279,4415
5190,1774012518251418303,1774012518255192151,3773
5191,1774012518256884531,1774012518261205671,4321
5192,1774012518262984333,1774012518267007476,4023
5193,1774012518268862673,1774012518273250426,4387
5194,1774012518274891645,1774012518279224753,4333
5195,1774012518280896914,1774012518285343156,4446
5196,1774012518286988333,1774012518290650787,3662
5197,1774012518292127301,1774012518295525270,3397
5198,1774012518297177048,1774012518301308586,4131
5199,1774012518303062291,1774012518306543523,3481
5200,1774012518308150996,1774012518312516656,4365
5201,1774012518314254344,1774012518317770202,3515
5202,1774012518319478699,1774012518324020218,4541
5203,1774012518325721888,1774012518329282619,3560
5204,1774012518331063060,1774012518334648527,3585
5205,1774012518336440614,1774012518340673152,4232
5206,1774012518342594612,1774012518346831392,4236
5207,1774012518348553260,1774012518353180487,4627
5208,1774012518354894684,1774012518359148263,4253
5209,1774012518360858127,1774012518365302227,4444
5210,1774012518366948207,1774012518371314232,4366
5211,1774012518372969565,1774012518376604389,3634
5212,1774012518378267692,1774012518382520577,4252
5213,1774012518384208460,1774012518388486596,4278
5214,1774012518390191644,1774012518393912473,3720
5215,1774012518395643371,1774012518400060163,4416
5216,1774012518401781186,1774012518405781904,4000
5217,1774012518407531279,1774012518411896519,4365
5218,1774012518413637827,1774012518418116255,4478
5219,1774012518419518108,1774012518424071926,4553
5220,1774012518425719963,1774012518430317831,4597
5221,1774012518431933378,1774012518435830559,3897
5222,1774012518437687401,1774012518441238000,3550
5223,1774012518442952457,1774012518447377247,4424
5224,1774012518448721415,1774012518452344741,3623
5225,1774012518453997677,1774012518457738482,3740
5226,1774012518459364963,1774012518463631142,4266
5227,1774012518465318941,1774012518469717009,4398
5228,1774012518471470882,1774012518475169929,3699
5229,1774012518476823163,1774012518481024041,4200
5230,1774012518482670349,1774012518486801045,4130
5231,1774012518488550365,1774012518492848833,4298
5232,1774012518494616885,1774012518498746545,4129
5233,1774012518500509736,1774012518504843784,4334
5234,1774012518506687298,1774012518510847311,4160
5235,1774012518512677245,1774012518516606357,3929
5236,1774012518518602896,1774012518523080487,4477
5237,1774012518524984574,1774012518529467956,4483
5238,1774012518531409738,1774012518535640234,4230
5239,1774012518537568918,1774012518541945097,4376
5240,1774012518543808113,1774012518547833394,4025
5241,1774012518549602518,1774012518554266405,4663
5242,1774012518555869196,1774012518560323683,4454
5243,1774012518561954363,1774012518566346419,4392
5244,1774012518568069341,1774012518571988223,3918
5245,1774012518573607125,1774012518577423986,3816
5246,1774012518578994611,1774012518583371911,4377
5247,1774012518584835669,1774012518588486319,3650
5248,1774012518590136259,1774012518593720445,3584
5249,1774012518595311389,1774012518599092871,3781
5250,1774012518600733715,1774012518604929404,4195
5251,1774012518606678339,1774012518610650840,3972
5252,1774012518612282509,1774012518616126306,3843
5253,1774012518617740912,1774012518622425072,4684
5254,1774012518624134000,1774012518628419471,4285
5255,1774012518630140554,1774012518634426648,4286
5256,1774012518636141723,1774012518640731137,4589
5257,1774012518642828285,1774012518646935062,4106
5258,1774012518648707441,1774012518653212785,4505
5259,1774012518654969738,1774012518658984184,4014
5260,1774012518660806298,1774012518665027122,4220
5261,1774012518666798903,1774012518670948606,4149
5262,1774012518672776624,1774012518677140339,4363
5263,1774012518678938406,1774012518682959362,4020
5264,1774012518684806591,1774012518689064735,4258
5265,1774012518690533157,1774012518695004345,4471
5266,1774012518696530470,1774012518700966328,4435
5267,1774012518702470392,1774012518706064431,3594
5268,1774012518707906226,1774012518712371661,4465
5269,1774012518714048381,1774012518718008167,3959
5270,1774012518719667112,1774012518724115074,4447
5271,1774012518725705934,1774012518729560692,3854
5272,1774012518731456224,1774012518735786411,4330
5273,1774012518737680368,1774012518741234777,3554
5274,1774012518742933259,1774012518747345588,4412
5275,1774012518749059968,1774012518753167873,4107
5276,1774012518754946914,1774012518759428055,4481
5277,1774012518761168736,1774012518764802016,3633
5278,1774012518766683809,1774012518770545259,3861
5279,1774012518772222927,1774012518776059048,3836
5280,1774012518777728588,1774012518781662986,3934
5281,1774012518783326697,1774012518787528858,4202
5282,1774012518789210559,1774012518792711597,3501
5283,1774012518794391871,1774012518798795830,4403
5284,1774012518800634257,1774012518805031585,4397
5285,1774012518806729628,1774012518811052938,4323
5286,1774012518812709712,1774012518816427091,3717
5287,1774012518818171567,1774012518822515725,4344
5288,1774012518824279237,1774012518828153982,3874
5289,1774012518829813221,1774012518834019845,4206
5290,1774012518835695141,1774012518839519593,3824
5291,1774012518841197597,1774012518845684993,4487
5292,1774012518847389534,1774012518851978569,4589
5293,1774012518853721821,1774012518857765484,4043
5294,1774012518859393978,1774012518862734563,3340
5295,1774012518864296372,1774012518867799596,3503
5296,1774012518869476035,1774012518872882063,3406
5297,1774012518874532151,1774012518878258063,3725
5298,1774012518879976030,1774012518883580854,3604
5299,1774012518885478711,1774012518890472065,4993
5300,1774012518892250097,1774012518896954622,4704
5301,1774012518898704149,1774012518903060263,4356
5302,1774012518904797414,1774012518909052075,4254
5303,1774012518910825768,1774012518915356055,4530
5304,1774012518917253500,1774012518921510076,4256
5305,1774012518923331742,1774012518926931895,3600
5306,1774012518928692437,1774012518933145108,4452
5307,1774012518934890993,1774012518938560527,3669
5308,1774012518940432384,1774012518944882702,4450
5309,1774012518946638168,1774012518950821827,4183
5310,1774012518952762315,1774012518956537608,3775
5311,1774012518958160787,1774012518961692295,3531
5312,1774012518963507182,1774012518966909201,3402
5313,1774012518968616134,1774012518973060179,4444
5314,1774012518974552095,1774012518978230665,3678
5315,1774012518979585032,1774012518984061621,4476
5316,1774012518985595453,1774012518989690462,4095
5317,1774012518991164365,1774012518994759845,3595
5318,1774012518996251559,1774012518999748749,3497
5319,1774012519001462579,1774012519005628014,4165
5320,1774012519007252862,1774012519011535003,4282
5321,1774012519013265429,1774012519017511605,4246
5322,1774012519019195044,1774012519023044056,3849
5323,1774012519024689546,1774012519029243068,4553
5324,1774012519030925405,1774012519035393910,4468
5325,1774012519037163277,1774012519041661954,4498
5326,1774012519043506476,1774012519047993897,4487
5327,1774012519049828300,1774012519053982933,4154
5328,1774012519055729692,1774012519060236925,4507
5329,1774012519062254729,1774012519066125327,3870
5330,1774012519067789489,1774012519072063257,4273
5331,1774012519073841336,1774012519077923543,4082
5332,1774012519079755591,1774012519083986844,4231
5333,1774012519085730001,1774012519089962412,4232
5334,1774012519091948057,1774012519096225961,4277
5335,1774012519097896000,1774012519102014242,4118
5336,1774012519103629236,1774012519108247959,4618
5337,1774012519109896986,1774012519113991877,4094
5338,1774012519115769692,1774012519120295168,4525
5339,1774012519121958803,1774012519125836809,3878
5340,1774012519127448979,1774012519130682158,3233
5341,1774012519132058421,1774012519136291212,4232
5342,1774012519137918850,1774012519141938636,4019
5343,1774012519143509941,1774012519147252600,3742
5344,1774012519148982281,1774012519153230333,4248
5345,1774012519154878294,1774012519158767336,3889
5346,1774012519160389908,1774012519163755323,3365
5347,1774012519165536465,1774012519170123269,4586
5348,1774012519171796378,1774012519175423585,3627
5349,1774012519177069012,1774012519181406356,4337
5350,1774012519183166301,1774012519187024578,3858
5351,1774012519188691083,1774012519192987811,4296
5352,1774012519194633717,1774012519198652210,4018
5353,1774012519200581139,1774012519204946553,4365
5354,1774012519206713457,1774012519210850602,4137
5355,1774012519212661262,1774012519217051034,4389
5356,1774012519218952916,1774012519222553826,3600
5357,1774012519224147377,1774012519228427672,4280
5358,1774012519230090055,1774012519233562107,3472
5359,1774012519235219184,1774012519238588994,3369
5360,1774012519240262239,1774012519244800447,4538
5361,1774012519246259131,1774012519249580809,3321
5362,1774012519251247809,1774012519255882131,4634
5363,1774012519257522723,1774012519260815673,3292
5364,1774012519262455607,1774012519266909760,4454
5365,1774012519268323543,1774012519272576721,4253
5366,1774012519274154251,1774012519278453979,4299
5367,1774012519280163409,1774012519284429808,4266
5368,1774012519286380991,1774012519290550020,4169
5369,1774012519292362232,1774012519296508212,4145
5370,1774012519298133792,1774012519302365415,4231
5371,1774012519304175831,1774012519308318602,4142
5372,1774012519309983754,1774012519313616452,3632
5373,1774012519315309977,1774012519319736241,4426
5374,1774012519321612929,1774012519325924858,4311
5375,1774012519327691299,1774012519332008309,4317
5376,1774012519333709312,1774012519338041924,4332
5377,1774012519339952423,1774012519343608467,3656
5378,1774012519345590934,1774012519349961267,4370
5379,1774012519351735235,1774012519355380129,3644
5380,1774012519357393069,1774012519361627242,4234
5381,1774012519363353130,1774012519367114231,3761
5382,1774012519368951909,1774012519373502666,4550
5383,1774012519375210751,1774012519379053001,3842
5384,1774012519380719788,1774012519385093015,4373
5385,1774012519386682823,1774012519390841435,4158
5386,1774012519392622465,1774012519396885780,4263
5387,1774012519398521631,1774012519402019278,3497
5388,1774012519403766354,1774012519407430396,3664
5389,1774012519409110250,1774012519413318127,4207
5390,1774012519414657012,1774012519418430199,3773
5391,1774012519420099570,1774012519424054152,3954
5392,1774012519425824642,1774012519429569750,3745
5393,1774012519431219385,1774012519435368194,4148
5394,1774012519436954022,1774012519441037079,4083
5395,1774012519442811511,1774012519447423899,4612
5396,1774012519449050451,1774012519453223175,4172
5397,1774012519455010629,1774012519459285079,4274
5398,1774012519460908780,1774012519465222946,4314
5399,1774012519467109250,1774012519471501740,4392
5400,1774012519473197205,1774012519476762024,3564
5401,1774012519478479886,1774012519481995239,3515
5402,1774012519483670787,1774012519487945014,4274
5403,1774012519489612035,1774012519493372317,3760
5404,1774012519495027119,1774012519498562038,3534
5405,1774012519500434884,1774012519504471207,4036
5406,1774012519506066972,1774012519509997094,3930
5407,1774012519511676827,1774012519516034906,4358
5408,1774012519517708627,1774012519521891525,4182
5409,1774012519523581684,1774012519528167913,4586
5410,1774012519529781256,1774012519533862597,4081
5411,1774012519535541341,1774012519539355524,3814
5412,1774012519541061976,1774012519545469460,4407
5413,1774012519546888488,1774012519550397483,3508
5414,1774012519551990672,1774012519555607367,3616
5415,1774012519557200551,1774012519561035446,3834
5416,1774012519562888238,1774012519566941638,4053
5417,1774012519568584692,1774012519572833727,4249
5418,1774012519574476739,1774012519578506001,4029
5419,1774012519580185193,1774012519584486749,4301
5420,1774012519586105305,1774012519589538296,3432
5421,1774012519591191723,1774012519595312649,4120
5422,1774012519597238827,1774012519601020496,3781
5423,1774012519602694574,1774012519606685932,3991
5424,1774012519608617598,1774012519612639879,4022
5425,1774012519614469229,1774012519618514779,4045
5426,1774012519620242630,1774012519624748037,4505
5427,1774012519626783360,1774012519630959538,4176
5428,1774012519632855437,1774012519637063093,4207
5429,1774012519638899852,1774012519643148518,4248
5430,1774012519644816786,1774012519649111565,4294
5431,1774012519650956967,1774012519654733487,3776
5432,1774012519656195624,1774012519660685369,4489
5433,1774012519662342228,1774012519666572636,4230
5434,1774012519668064838,1774012519672382435,4317
5435,1774012519673932420,1774012519678430896,4498
5436,1774012519680122538,1774012519683617889,3495
5437,1774012519685268690,1774012519688801088,3532
5438,1774012519690364035,1774012519694516807,4152
5439,1774012519696207779,1774012519699736520,3528
5440,1774012519701464401,1774012519705916759,4452
5441,1774012519707704123,1774012519711603401,3899
5442,1774012519713304146,1774012519716761237,3457
5443,1774012519718864070,1774012519723179103,4315
5444,1774012519724906746,1774012519728540098,3633
5445,1774012519730433502,1774012519734226889,3793
5446,1774012519735898947,1774012519739914545,4015
5447,1774012519741605846,1774012519746085976,4480
5448,1774012519747841962,1774012519751887273,4045
5449,1774012519753585551,1774012519758057264,4471
5450,1774012519759867824,1774012519763985032,4117
5451,1774012519765775157,1774012519769901438,4126
5452,1774012519771654237,1774012519776027961,4373
5453,1774012519777733577,1774012519782474146,4740
5454,1774012519784193589,1774012519788559658,4366
5455,1774012519790239156,1774012519794679006,4439
5456,1774012519796421366,1774012519800775878,4354
5457,1774012519802425498,1774012519806304602,3879
5458,1774012519807933558,1774012519812267628,4334
5459,1774012519814002962,1774012519817527167,3524
5460,1774012519819103437,1774012519822415048,3311
5461,1774012519824045051,1774012519828198632,4153
5462,1774012519829983880,1774012519833479738,3495
5463,1774012519835154209,1774012519838480391,3326
5464,1774012519840233623,1774012519844024124,3790
5465,1774012519845873409,1774012519849528183,3654
5466,1774012519851180685,1774012519854881197,3700
5467,1774012519856824810,1774012519861311416,4486
5468,1774012519863235789,1774012519867421577,4185
5469,1774012519869132849,1774012519873462041,4329
5470,1774012519875161884,1774012519879736058,4574
5471,1774012519881457398,1774012519885905931,4448
5472,1774012519887608481,1774012519892132064,4523
5473,1774012519893773780,1774012519897868562,4094
5474,1774012519899793597,1774012519904099867,4306
5475,1774012519905799235,1774012519910180322,4381
5476,1774012519912076207,1774012519916255201,4178
5477,1774012519917945353,1774012519922136379,4191
5478,1774012519924068889,1774012519927804926,3736
5479,1774012519929580290,1774012519933792090,4211
5480,1774012519935432170,1774012519939753047,4320
5481,1774012519942215818,1774012519947453182,5237
5482,1774012519949518537,1774012519954553325,5034
5483,1774012519956488115,1774012519974666260,18178
5484,1774012519975981593,1774012519980985910,5004
5485,1774012519982516812,1774012519986436200,3919
5486,1774012519988373080,1774012519992903600,4530
5487,1774012519994660686,1774012519999265032,4604
5488,1774012520001048357,1774012520005382175,4333
5489,1774012520007317383,1774012520011689781,4372
5490,1774012520013519524,1774012520017855457,4335
5491,1774012520019685908,1774012520023610614,3924
5492,1774012520025332099,1774012520029569835,4237
5493,1774012520031297959,1774012520035282229,3984
5494,1774012520037235651,1774012520041573822,4338
5495,1774012520043287175,1774012520046913481,3626
5496,1774012520048721446,1774012520053077820,4356
5497,1774012520054873187,1774012520058596302,3723
5498,1774012520060461274,1774012520064771352,4310
5499,1774012520066444860,1774012520070547170,4102
5500,1774012520072424713,1774012520076830548,4405
5501,1774012520078562888,1774012520082344081,3781
5502,1774012520084075527,1774012520088487283,4411
5503,1774012520090207351,1774012520093831420,3624
5504,1774012520095585480,1774012520100088077,4502
5505,1774012520101586009,1774012520106293798,4707
5506,1774012520108069654,1774012520111664430,3594
5507,1774012520113357234,1774012520117191053,3833
5508,1774012520118805403,1774012520122618363,3812
5509,1774012520124254266,1774012520128609028,4354
5510,1774012520130365247,1774012520133868397,3503
5511,1774012520135516399,1774012520139789982,4273
5512,1774012520141505547,1774012520145729875,4224
5513,1774012520147459754,1774012520151779507,4319
5514,1774012520153547491,1774012520157321528,3774
5515,1774012520159317166,1774012520163545732,4228
5516,1774012520165338403,1774012520169748245,4409
5517,1774012520171365660,1774012520175691559,4325
5518,1774012520177377229,1774012520181531539,4154
5519,1774012520183273314,1774012520187440567,4167
5520,1774012520189069091,1774012520193120775,4051
5521,1774012520194861577,1774012520199255290,4393
5522,1774012520201017375,1774012520204703766,3686
5523,1774012520206523226,1774012520210960336,4437
5524,1774012520212656244,1774012520216616038,3959
5525,1774012520218678292,1774012520222928501,4250
5526,1774012520224283662,1774012520227514174,3230
5527,1774012520228801386,1774012520232411571,3610
5528,1774012520234068210,1774012520237256033,3187
5529,1774012520238679758,1774012520241913648,3233
5530,1774012520243553704,1774012520247415985,3862
5531,1774012520248919105,1774012520252835737,3916
5532,1774012520254439311,1774012520258346203,3906
5533,1774012520260009562,1774012520263429942,3420
5534,1774012520265155477,1774012520268670680,3515
5535,1774012520270491849,1774012520274638389,4146
5536,1774012520276452572,1774012520280509079,4056
5537,1774012520282164980,1774012520286175707,4010
5538,1774012520287871715,1774012520291524802,3653
5539,1774012520293197155,1774012520297481960,4284
5540,1774012520299198345,1774012520303315752,4117
5541,1774012520304939200,1774012520309069221,4130
5542,1774012520310831232,1774012520314872863,4041
5543,1774012520316635160,1774012520320807296,4172
5544,1774012520322521530,1774012520326806799,4285
5545,1774012520328730311,1774012520332944646,4214
5546,1774012520334728435,1774012520338977433,4248
5547,1774012520340717042,1774012520344913589,4196
5548,1774012520346693559,1774012520350369710,3676
5549,1774012520352037947,1774012520356387692,4349
5550,1774012520358014375,1774012520362389680,4375
5551,1774012520364060335,1774012520368029227,3968
5552,1774012520369693871,1774012520373957392,4263
5553,1774012520375547623,1774012520379722608,4174
5554,1774012520381318643,1774012520384777902,3459
5555,1774012520386476755,1774012520390118018,3641
5556,1774012520391587842,1774012520395668078,4080
5557,1774012520397287586,1774012520401104132,3816
5558,1774012520402678762,1774012520406336276,3657
5559,1774012520408021981,1774012520411921215,3899
5560,1774012520413571694,1774012520417922246,4350
5561,1774012520419713470,1774012520423356974,3643
5562,1774012520424917514,1774012520428957139,4039
5563,1774012520430715106,1774012520434950127,4235
5564,1774012520436717759,1774012520441114560,4396
5565,1774012520442803188,1774012520447375058,4571
5566,1774012520449557929,1774012520453559314,4001
5567,1774012520455315262,1774012520459716556,4401
5568,1774012520461673741,1774012520469207108,7533
5569,1774012520470923218,1774012520475029296,4106
5570,1774012520476641845,1774012520480986302,4344
5571,1774012520482805405,1774012520486951003,4145
5572,1774012520488578247,1774012520493048695,4470
5573,1774012520494832312,1774012520499411444,4579
5574,1774012520501177020,1774012520504955292,3778
5575,1774012520506599186,1774012520511184544,4585
5576,1774012520512831782,1774012520516818833,3987
5577,1774012520518428258,1774012520521956100,3527
5578,1774012520523727280,1774012520528068709,4341
5579,1774012520529761306,1774012520534000727,4239
5580,1774012520535706663,1774012520539870039,4163
5581,1774012520541439903,1774012520545072182,3632
5582,1774012520546857383,1774012520551033084,4175
5583,1774012520552759969,1774012520556989935,4229
5584,1774012520558844752,1774012520563120525,4275
5585,1774012520564874620,1774012520569233015,4358
5586,1774012520570966799,1774012520574942868,3976
5587,1774012520576813553,1774012520581261023,4447
5588,1774012520583013936,1774012520587041272,4027
5589,1774012520588825453,1774012520593339045,4513
5590,1774012520595185417,1774012520598791621,3606
5591,1774012520600652359,1774012520604953527,4301
5592,1774012520606638635,1774012520610772420,4133
5593,1774012520612387590,1774012520615779913,3392
5594,1774012520617605366,1774012520621350367,3745
5595,1774012520623008302,1774012520626956070,3947
5596,1774012520628669869,1774012520633137353,4467
5597,1774012520634912914,1774012520639355405,4442
5598,1774012520641063120,1774012520644579994,3516
5599,1774012520646160771,1774012520650124002,3963
5600,1774012520651787493,1774012520654957260,3169
5601,1774012520656822885,1774012520660048183,3225
5602,1774012520661691159,1774012520664924746,3233
5603,1774012520666458422,1774012520670790465,4332
5604,1774012520672391243,1774012520676547184,4155
5605,1774012520678137682,1774012520681682865,3545
5606,1774012520683346360,1774012520687766984,4420
5607,1774012520689410209,1774012520693139708,3729
5608,1774012520694757854,1774012520699177877,4420
5609,1774012520700901278,1774012520704459294,3558
5610,1774012520706077501,1774012520709976466,3898
5611,1774012520711587884,1774012520715564448,3976
5612,1774012520717407016,1774012520721583918,4176
5613,1774012520723314358,1774012520726855053,3540
5614,1774012520728641867,1774012520732984644,4342
5615,1774012520734635835,1774012520738511440,3875
5616,1774012520740429366,1774012520745009429,4580
5617,1774012520746713299,1774012520750425899,3712
5618,1774012520752376089,1774012520756814221,4438
5619,1774012520758513818,1774012520762300027,3786
5620,1774012520764217991,1774012520768558928,4340
5621,1774012520770385693,1774012520774938883,4553
5622,1774012520776223683,1774012520780331908,4108
5623,1774012520781964036,1774012520785957093,3993
5624,1774012520787588140,1774012520792234814,4646
5625,1774012520793887264,1774012520798102401,4215
5626,1774012520799817272,1774012520803651571,3834
5627,1774012520805306627,1774012520808568057,3261
5628,1774012520810290828,1774012520813630376,3339
5629,1774012520815413291,1774012520819695745,4282
5630,1774012520821468263,1774012520825257206,3788
5631,1774012520826909141,1774012520831246992,4337
5632,1774012520833324141,1774012520837259513,3935
5633,1774012520838947578,1774012520842904593,3957
5634,1774012520844594893,1774012520848771840,4176
5635,1774012520850427380,1774012520854751240,4323
5636,1774012520856600332,1774012520860935330,4334
5637,1774012520862737487,1774012520866987818,4250
5638,1774012520868702036,1774012520872805692,4103
5639,1774012520874734211,1774012520879169308,4435
5640,1774012520880920343,1774012520885080265,4159
5641,1774012520886812016,1774012520891206175,4394
5642,1774012520893138773,1774012520896608065,3469
5643,1774012520898376145,1774012520903079842,4703
5644,1774012520904969420,1774012520908834341,3864
5645,1774012520910526992,1774012520913904868,3377
5646,1774012520915114120,1774012520918365281,3251
5647,1774012520919981635,1774012520923080767,3099
5648,1774012520924577777,1774012520928974827,4397
5649,1774012520930485435,1774012520934816806,4331
5650,1774012520936415603,1774012520940551222,4135
5651,1774012520942164504,1774012520945917586,3753
5652,1774012520947542079,1774012520952086738,4544
5653,1774012520953814011,1774012520958226064,4412
5654,1774012520959995399,1774012520964399228,4403
5655,1774012520966133325,1774012520970063892,3930
5656,1774012520971866697,1774012520976139510,4272
5657,1774012520977824986,1774012520981620784,3795
5658,1774012520983391305,1774012520987672598,4281
5659,1774012520989432655,1774012520993314102,3881
5660,1774012520994954647,1774012520998996609,4041
5661,1774012521000765792,1774012521005117461,4351
5662,1774012521006759239,1774012521010630305,3871
5663,1774012521012358766,1774012521016822196,4463
5664,1774012521018505280,1774012521022096746,3591
5665,1774012521023752055,1774012521028134444,4382
5666,1774012521029797278,1774012521033707229,3909
5667,1774012521035448412,1774012521039814408,4365
5668,1774012521041507230,1774012521045173035,3665
5669,1774012521046864144,1774012521051470340,4606
5670,1774012521053163770,1774012521056950844,3787
5671,1774012521058573689,1774012521062977499,4403
5672,1774012521064613880,1774012521068976519,4362
5673,1774012521070585250,1774012521073990357,3405
5674,1774012521075835235,1774012521079265843,3430
5675,1774012521080650042,1774012521084734845,4084
5676,1774012521086360733,1774012521089722744,3362
5677,1774012521091355049,1774012521094765052,3410
5678,1774012521096414925,1774012521101051033,4636
5679,1774012521102776424,1774012521106911780,4135
5680,1774012521108766116,1774012521113366083,4599
5681,1774012521115186930,1774012521119021633,3834
5682,1774012521120913504,1774012521125374984,4461
5683,1774012521127169984,1774012521131049189,3879
5684,1774012521132985423,1774012521137386909,4401
5685,1774012521139400259,1774012521143194755,3794
5686,1774012521145156834,1774012521149764987,4608
5687,1774012521151520720,1774012521155397642,3876
5688,1774012521157166615,1774012521161463994,4297
5689,1774012521163112367,1774012521166908901,3796
5690,1774012521168806716,1774012521173110383,4303
5691,1774012521174966672,1774012521178955561,3988
5692,1774012521180801723,1774012521184369798,3568
5693,1774012521185799344,1774012521190115150,4315
5694,1774012521191746151,1774012521195499777,3753
5695,1774012521197157856,1774012521201603534,4445
5696,1774012521203157922,1774012521206502549,3344
5697,1774012521208091536,1774012521212469562,4378
5698,1774012521213652426,1774012521216793235,3140
5699,1774012521218298943,1774012521222070018,3771
5700,1774012521223621382,1774012521228094533,4473
5701,1774012521229756548,1774012521233724620,3968
5702,1774012521235271957,1774012521239560754,4288
5703,1774012521241133095,1774012521244547726,3414
5704,1774012521246203156,1774012521250595136,4391
5705,1774012521252339103,1774012521255950471,3611
5706,1774012521257610603,1774012521261906364,4295
5707,1774012521263775234,1774012521267434594,3659
5708,1774012521269094891,1774012521273364572,4269
5709,1774012521275079100,1774012521279045563,3966
5710,1774012521280598290,1774012521284977700,4379
5711,1774012521286848335,1774012521290540359,3692
5712,1774012521292468990,1774012521296310520,3841
5713,1774012521297972972,1774012521301484040,3511
5714,1774012521303128983,1774012521306855659,3726
5715,1774012521308569383,1774012521312627029,4057
5716,1774012521314493043,1774012521318258441,3765
5717,1774012521319916916,1774012521324363592,4446
5718,1774012521326080720,1774012521330013244,3932
5719,1774012521331639276,1774012521336105461,4466
5720,1774012521337722734,1774012521341560277,3837
5721,1774012521343268441,1774012521347817924,4549
5722,1774012521349521320,1774012521352877248,3355
5723,1774012521354480792,1774012521357935049,3454
5724,1774012521359596201,1774012521363304179,3707
5725,1774012521364968581,1774012521368950104,3981
5726,1774012521370660812,1774012521374928804,4267
5727,1774012521376757297,1774012521381090513,4333
5728,1774012521382918790,1774012521387019858,4101
5729,1774012521388870712,1774012521393316150,4445
5730,1774012521395011784,1774012521399055201,4043
5731,1774012521400796798,1774012521404636402,3839
5732,1774012521406275000,1774012521409825181,3550
5733,1774012521411685914,1774012521415554499,3868
5734,1774012521417409316,1774012521421595151,4185
5735,1774012521423354705,1774012521426835752,3481
5736,1774012521428584457,1774012521433211812,4627
5737,1774012521434972904,1774012521438726055,3753
5738,1774012521440534584,1774012521444340945,3806
5739,1774012521446149379,1774012521450225251,4075
5740,1774012521452019605,1774012521456175470,4155
5741,1774012521458015915,1774012521461553802,3537
5742,1774012521463357732,1774012521467638111,4280
5743,1774012521469323144,1774012521473114900,3791
5744,1774012521484620315,1774012521488847029,4226
5745,1774012521490506005,1774012521493871291,3365
5746,1774012521495435730,1774012521500010433,4574
5747,1774012521501582062,1774012521505384132,3802
5748,1774012521506954033,1774012521511193408,4239
5749,1774012521512874351,1774012521516905605,4031
5750,1774012521518753218,1774012521523416559,4663
5751,1774012521525058696,1774012521529135566,4076
5752,1774012521530922343,1774012521534906823,3984
5753,1774012521536668851,1774012521540833858,4165
5754,1774012521542563571,1774012521545953623,3390
5755,1774012521547737401,1774012521552135585,4398
5756,1774012521553775714,1774012521557621224,3845
5757,1774012521559407560,1774012521562910497,3502
5758,1774012521564759521,1774012521568814582,4055
5759,1774012521570519298,1774012521574262963,3743
5760,1774012521575934447,1774012521579939205,4004
5761,1774012521581696461,1774012521585330407,3633
5762,1774012521586994262,1774012521591245293,4251
5763,1774012521592888018,1774012521596759895,3871
5764,1774012521598429894,1774012521602595939,4166
5765,1774012521604455908,1774012521608501290,4045
5766,1774012521610196182,1774012521614524465,4328
5767,1774012521616216715,1774012521619330384,3113
5768,1774012521620940526,1774012521624504099,3563
5769,1774012521626015983,1774012521630270681,4254
5770,1774012521631973501,1774012521635298651,3325
5771,1774012521636947188,1774012521640438854,3491
5772,1774012521642007356,1774012521645377341,3369
5773,1774012521647022871,1774012521650963764,3940
5774,1774012521652628172,1774012521656357667,3729
5775,1774012521658021896,1774012521662242850,4220
5776,1774012521663983615,1774012521668046194,4062
5777,1774012521669718205,1774012521674117928,4399
5778,1774012521675882682,1774012521680298622,4415
5779,1774012521682105124,1774012521685635470,3530
5780,1774012521687521518,1774012521691993589,4472
5781,1774012521693780159,1774012521697830074,4049
5782,1774012521699667074,1774012521703889457,4222
5783,1774012521705781397,1774012521709848247,4066
5784,1774012521711712635,1774012521716073433,4360
5785,1774012521717828772,1774012521722067449,4238
5786,1774012521723885491,1774012521728338743,4453
5787,1774012521730027883,1774012521734151415,4123
5788,1774012521736114454,1774012521740379866,4265
5789,1774012521742066980,1774012521746339355,4272
5790,1774012521748081625,1774012521751318742,3237
5791,1774012521752986016,1774012521757142927,4156
5792,1774012521758772829,1774012521763158002,4385
5793,1774012521764926817,1774012521767915052,2988
5794,1774012521769363203,1774012521772632935,3269
5795,1774012521774283796,1774012521778385087,4101
5796,1774012521780120687,1774012521784195650,4074
5797,1774012521786125746,1774012521790302251,4176
5798,1774012521791939604,1774012521796329576,4389
5799,1774012521798087199,1774012521802318397,4231
5800,1774012521803952908,1774012521808102443,4149
5801,1774012521809729292,1774012521813522889,3793
5802,1774012521815194691,1774012521819107790,3913
5803,1774012521820929953,1774012521825060432,4130
5804,1774012521826834768,1774012521830893700,4058
5805,1774012521832594299,1774012521836523816,3929
5806,1774012521838177324,1774012521842427261,4249
5807,1774012521844339968,1774012521848372655,4032
5808,1774012521850175377,1774012521854605514,4430
5809,1774012521856369589,1774012521860163681,3794
5810,1774012521861838152,1774012521865881466,4043
5811,1774012521867582877,1774012521871703354,4120
5812,1774012521873355068,1774012521877480717,4125
5813,1774012521879174822,1774012521883472164,4297
5814,1774012521885039455,1774012521888488214,3448
5815,1774012521889971183,1774012521894280041,4308
5816,1774012521895984563,1774012521900279225,4294
5817,1774012521901828324,1774012521905136276,3307
5818,1774012521906909249,1774012521910890263,3981
5819,1774012521912479521,1774012521916749780,4270
5820,1774012521918338266,1774012521922216639,3878
5821,1774012521923870255,1774012521928038059,4167
5822,1774012521929712233,1774012521934052509,4340
5823,1774012521935716899,1774012521939709705,3992
5824,1774012521941533621,1774012521945300277,3766
5825,1774012521947114172,1774012521951428208,4314
5826,1774012521953123887,1774012521957742216,4618
5827,1774012521959919389,1774012521964376040,4456
5828,1774012521966163282,1774012521969630335,3467
5829,1774012521971506047,1774012521975854182,4348
5830,1774012521977595122,1774012521981375269,3780
5831,1774012521983343424,1774012521987657169,4313
5832,1774012521989292578,1774012521993415658,4123
5833,1774012521995459261,1774012521999781810,4322
5834,1774012522001667727,1774012522005984095,4316
5835,1774012522007686148,1774012522011882638,4196
5836,1774012522013609272,1774012522017728198,4118
5837,1774012522019425339,1774012522023776923,4351
5838,1774012522025324995,1774012522029876343,4551
5839,1774012522031685456,1774012522036062298,4376
5840,1774012522037392818,1774012522041820646,4427
5841,1774012522043462061,1774012522047797869,4335
5842,1774012522049121448,1774012522053552270,4430
5843,1774012522055233778,1774012522059435555,4201
5844,1774012522061069472,1774012522065392850,4323
5845,1774012522067209215,1774012522071395804,4186
5846,1774012522073016624,1774012522077188335,4171
5847,1774012522078999992,1774012522082598241,3598
5848,1774012522084362760,1774012522088661305,4298
5849,1774012522090611370,1774012522094372735,3761
5850,1774012522096246967,1774012522099765634,3518
5851,1774012522101474142,1774012522105828712,4354
5852,1774012522107803628,1774012522111518975,3715
5853,1774012522113171039,1774012522116692247,3521
5854,1774012522118369010,1774012522122750584,4381
5855,1774012522124257936,1774012522127813145,3555
5856,1774012522129483526,1774012522133866274,4382
5857,1774012522135539140,1774012522139742072,4202
5858,1774012522141798563,1774012522146125953,4327
5859,1774012522147789750,1774012522151921389,4131
5860,1774012522153763464,1774012522158319404,4555
5861,1774012522159923435,1774012522163181258,3257
5862,1774012522164835918,1774012522169097011,4261
5863,1774012522170220511,1774012522173293799,3073
5864,1774012522174882074,1774012522179121234,4239
5865,1774012522180307841,1774012522184020486,3712
5866,1774012522185350441,1774012522188821184,3470
5867,1774012522190460774,1774012522194569907,4109
5868,1774012522196143326,1774012522200043210,3899
5869,1774012522201678246,1774012522205797545,4119
5870,1774012522207567599,1774012522212045015,4477
5871,1774012522213833719,1774012522218123730,4290
5872,1774012522219802360,1774012522224129316,4326
5873,1774012522225975841,1774012522230198874,4223
5874,1774012522231834763,1774012522235967067,4132
5875,1774012522237447316,1774012522241689003,4241
5876,1774012522243264396,1774012522247009474,3745
5877,1774012522248591273,1774012522253016352,4425
5878,1774012522254771696,1774012522258775023,4003
5879,1774012522260519206,1774012522264333992,3814
5880,1774012522265976443,1774012522269601283,3624
5881,1774012522271341361,1774012522274868280,3526
5882,1774012522276639569,1774012522280903367,4263
5883,1774012522282737222,1774012522286393219,3655
5884,1774012522288026512,1774012522292211858,4185
5885,1774012522293855056,1774012522297750125,3895
5886,1774012522299446083,1774012522302718586,3272
5887,1774012522304268746,1774012522307580586,3311
5888,1774012522309336095,1774012522312956938,3620
5889,1774012522314631234,1774012522319078499,4447
5890,1774012522320740689,1774012522324879243,4138
5891,1774012522326442759,1774012522329890497,3447
5892,1774012522331481779,1774012522335957332,4475
5893,1774012522337547543,1774012522341587641,4040
5894,1774012522343226981,1774012522346945033,3718
5895,1774012522348775025,1774012522353102213,4327
5896,1774012522354760185,1774012522358391076,3630
5897,1774012522360270470,1774012522364527200,4256
5898,1774012522366195428,1774012522369963267,3767
5899,1774012522371819482,1774012522376203422,4383
5900,1774012522377864480,1774012522381405480,3541
5901,1774012522383343643,1774012522387711008,4367
5902,1774012522389334736,1774012522393542417,4207
5903,1774012522395410356,1774012522399629791,4219
5904,1774012522401352564,1774012522405568515,4215
5905,1774012522407406523,1774012522411632111,4225
5906,1774012522413258164,1774012522417505138,4246
5907,1774012522419413457,1774012522423732555,4319
5908,1774012522425476241,1774012522428840070,3363
5909,1774012522430479127,1774012522434224320,3745
5910,1774012522435752214,1774012522440166103,4413
5911,1774012522441948493,1774012522445538373,3589
5912,1774012522446997082,1774012522450697986,3700
5913,1774012522452377438,1774012522456475606,4098
5914,1774012522458155292,1774012522461631788,3476
5915,1774012522463301960,1774012522467080384,3778
5916,1774012522468701534,1774012522472450505,3748
5917,1774012522473924633,1774012522477476007,3551
5918,1774012522479193695,1774012522483550759,4357
5919,1774012522485211008,1774012522489001183,3790
5920,1774012522490662372,1774012522494783971,4121
5921,1774012522496535650,1774012522500104182,3568
5922,1774012522501756747,1774012522505783790,4027
5923,1774012522507406014,1774012522511107765,3701
5924,1774012522512783441,1774012522516896341,4112
5925,1774012522518526512,1774012522522572207,4045
5926,1774012522524179953,1774012522528316008,4136
5927,1774012522530034508,1774012522533494669,3460
5928,1774012522535316994,1774012522539598408,4281
5929,1774012522541335924,1774012522545174286,3838
5930,1774012522546963575,1774012522550511250,3547
5931,1774012522552180670,1774012522555927036,3746
5932,1774012522557710815,1774012522561856104,4145
5933,1774012522563439899,1774012522567860058,4420
5934,1774012522569358502,1774012522572626556,3268
5935,1774012522574308455,1774012522578275570,3967
5936,1774012522579934388,1774012522583777045,3842
5937,1774012522585378013,1774012522589571779,4193
5938,1774012522590631458,1774012522594245204,3613
5939,1774012522595824231,1774012522599322134,3497
5940,1774012522600898988,1774012522605030301,4131
5941,1774012522606637682,1774012522609851208,3213
5942,1774012522611479365,1774012522615215177,3735
5943,1774012522616843465,1774012522620963479,4120
5944,1774012522622678369,1774012522626608747,3930
5945,1774012522628359958,1774012522632736163,4376
5946,1774012522634514990,1774012522638429460,3914
5947,1774012522640093243,1774012522644533248,4440
5948,1774012522646284699,1774012522650363892,4079
5949,1774012522652032902,1774012522656354977,4322
5950,1774012522658045232,1774012522662412272,4367
5951,1774012522664075779,1774012522668425692,4349
5952,1774012522670087402,1774012522674337870,4250
5953,1774012522675982670,1774012522680112363,4129
5954,1774012522681772844,1774012522686069324,4296
5955,1774012522687849492,1774012522691900455,4050
5956,1774012522693754380,1774012522698130012,4375
5957,1774012522699801566,1774012522703505450,3703
5958,1774012522705160189,1774012522708597410,3437
5959,1774012522710118138,1774012522714570575,4452
5960,1774012522716219446,1774012522719765215,3545
5961,1774012522721335617,1774012522724742042,3406
5962,1774012522725994301,1774012522730284382,4290
5963,1774012522731911341,1774012522736381064,4469
5964,1774012522738021488,1774012522742337497,4316
5965,1774012522744036335,1774012522748279241,4242
5966,1774012522749916594,1774012522754215875,4299
5967,1774012522755885611,1774012522760233043,4347
5968,1774012522761865713,1774012522766218599,4352
5969,1774012522767892170,1774012522772538647,4646
5970,1774012522774400425,1774012522778772473,4372
5971,1774012522780460769,1774012522784592052,4131
5972,1774012522786501580,1774012522790869092,4367
5973,1774012522792599054,1774012522796972859,4373
5974,1774012522798725254,1774012522803055921,4330
5975,1774012522804732433,1774012522809042642,4310
5976,1774012522810949547,1774012522815293826,4344
5977,1774012522816951973,1774012522821052278,4100
5978,1774012522822762357,1774012522827268668,4506
5979,1774012522828954921,1774012522832690940,3736
5980,1774012522834399237,1774012522837944322,3545
5981,1774012522839579515,1774012522843858630,4279
5982,1774012522845525881,1774012522849352352,3826
5983,1774012522851013158,1774012522855330037,4316
5984,1774012522856952444,1774012522861447083,4494
5985,1774012522863342881,1774012522867091697,3748
5986,1774012522868729445,1774012522873083876,4354
5987,1774012522874806412,1774012522879146706,4340
5988,1774012522880940691,1774012522884658745,3718
5989,1774012522886355636,1774012522890651976,4296
5990,1774012522892250884,1774012522896114036,3863
5991,1774012522897911136,1774012522901477803,3566
5992,1774012522903384017,1774012522906707811,3323
5993,1774012522908370304,1774012522912321032,3950
5994,1774012522914211723,1774012522918973586,4761
5995,1774012522920723703,1774012522924725658,4001
5996,1774012522926419683,1774012522930901768,4482
5997,1774012522932525063,1774012522936414923,3889
5998,1774012522938280893,1774012522942513795,4232
5999,1774012522944130976,1774012522948043906,3912
6000,1774012522949737429,1774012522953747177,4009
6001,1774012522955525370,1774012522959730287,4204
6002,1774012522961448021,1774012522965893686,4445
6003,1774012522967663646,1774012522972123617,4459
6004,1774012522973797174,1774012522977872206,4075
6005,1774012522979635801,1774012522984165498,4529
6006,1774012522985705423,1774012522989076411,3370
6007,1774012522990744761,1774012522994189472,3444
6008,1774012522995806859,1774012522999540134,3733
6009,1774012523001262957,1774012523004591554,3328
6010,1774012523006126617,1774012523009985582,3858
6011,1774012523011751797,1774012523015507497,3755
6012,1774012523017078591,1774012523020785498,3706
6013,1774012523022560870,1774012523026083800,3522
6014,1774012523027952086,1774012523032084196,4132
6015,1774012523033893184,1774012523038443205,4550
6016,1774012523040310868,1774012523044669012,4358
6017,1774012523046519975,1774012523050861294,4341
6018,1774012523052520305,1774012523056766322,4246
6019,1774012523058505535,1774012523062682811,4177
6020,1774012523064365212,1774012523068667314,4302
6021,1774012523070373108,1774012523074218199,3845
6022,1774012523075885409,1774012523080396269,4510
6023,1774012523082064364,1774012523085632574,3568
6024,1774012523087458334,1774012523091937864,4479
6025,1774012523093807812,1774012523097549112,3741
6026,1774012523099361935,1774012523103605859,4243
6027,1774012523105484178,1774012523109131160,3646
6028,1774012523110847738,1774012523115285603,4437
6029,1774012523116933137,1774012523120452649,3519
6030,1774012523122080376,1774012523125628746,3548
6031,1774012523127343850,1774012523131493890,4150
6032,1774012523133136958,1774012523136584580,3447
6033,1774012523138245902,1774012523142121385,3875
6034,1774012523143636750,1774012523147773535,4136
6035,1774012523149401649,1774012523152863175,3461
6036,1774012523154595637,1774012523158206647,3611
6037,1774012523159955239,1774012523164259592,4304
6038,1774012523165957035,1774012523169639543,3682
6039,1774012523171331488,1774012523175688994,4357
6040,1774012523177365305,1774012523181273361,3908
6041,1774012523182944231,1774012523187411987,4467
6042,1774012523189096527,1774012523193043876,3947
6043,1774012523194714651,1774012523199053859,4339
6044,1774012523200801776,1774012523204649507,3847
6045,1774012523206319444,1774012523210205143,3885
6046,1774012523211852848,1774012523216012849,4160
6047,1774012523217896313,1774012523222231527,4335
6048,1774012523223905749,1774012523228293533,4387
6049,1774012523230013057,1774012523234179439,4166
6050,1774012523235676475,1774012523239913629,4237
6051,1774012523241488833,1774012523245490078,4001
6052,1774012523247102619,1774012523251737045,4634
6053,1774012523253417421,1774012523257258648,3841
6054,1774012523258927810,1774012523262891226,3963
6055,1774012523264521282,1774012523268500967,3979
6056,1774012523270117668,1774012523273668481,3550
6057,1774012523275192819,1774012523279699151,4506
6058,1774012523281133633,1774012523284622882,3489
6059,1774012523286277096,1774012523289864232,3587
6060,1774012523291508947,1774012523295622560,4113
6061,1774012523297548249,1774012523301511036,3962
6062,1774012523303399225,1774012523307305592,3906
6063,1774012523309029746,1774012523313125724,4095
6064,1774012523314844305,1774012523318607640,3763
6065,1774012523320306630,1774012523324891884,4585
6066,1774012523326556534,1774012523330379137,3822
6067,1774012523332189430,1774012523336452034,4262
6068,1774012523338210107,1774012523342583841,4373
6069,1774012523344262054,1774012523348585363,4323
6070,1774012523350363367,1774012523354542129,4178
6071,1774012523356159023,1774012523360205385,4046
6072,1774012523362029104,1774012523366262663,4233
6073,1774012523367935424,1774012523372134401,4198
6074,1774012523373947110,1774012523378356159,4409
6075,1774012523380060557,1774012523384058638,3998
6076,1774012523385699232,1774012523390155716,4456
6077,1774012523391699894,1774012523395071699,3371
6078,1774012523396598203,1774012523400428093,3829
6079,1774012523402092843,1774012523406538031,4445
6080,1774012523408385829,1774012523411893869,3508
6081,1774012523413563338,1774012523418043838,4480
6082,1774012523419681488,1774012523423842816,4161
6083,1774012523425530859,1774012523429318300,3787
6084,1774012523430950157,1774012523434633900,3683
6085,1774012523436452036,1774012523440779189,4327
6086,1774012523442496752,1774012523446306148,3809
6087,1774012523448011716,1774012523452279325,4267
6088,1774012523453945895,1774012523458547011,4601
6089,1774012523460353160,1774012523464673591,4320
6090,1774012523466591337,1774012523471335823,4744
6091,1774012523473028171,1774012523476947110,3918
6092,1774012523478606422,1774012523482786148,4179
6093,1774012523484686595,1774012523489130186,4443
6094,1774012523490819406,1774012523495371929,4552
6095,1774012523497052766,1774012523501284529,4231
6096,1774012523502965581,1774012523507092421,4126
6097,1774012523508900782,1774012523513591956,4691
6098,1774012523515384219,1774012523519271417,3887
6099,1774012523521021204,1774012523525450613,4429
6100,1774012523527199694,1774012523531018319,3818
6101,1774012523532588797,1774012523537073950,4485
6102,1774012523538599375,1774012523542694253,4094
6103,1774012523544217846,1774012523548514296,4296
6104,1774012523550179132,1774012523554531789,4352
6105,1774012523556085447,1774012523560480297,4394
6106,1774012523562127215,1774012523565694139,3566
6107,1774012523567272490,1774012523570755445,3482
6108,1774012523572333523,1774012523576559750,4226
6109,1774012523578170766,1774012523581859974,3689
6110,1774012523583864021,1774012523587614021,3750
6111,1774012523589521807,1774012523593852918,4331
6112,1774012523595761301,1774012523599585277,3823
6113,1774012523601376326,1774012523605605370,4229
6114,1774012523607355660,1774012523611191047,3835
6115,1774012523612845041,1774012523617088715,4243
6116,1774012523618708304,1774012523622660473,3952
6117,1774012523624277776,1774012523627767808,3490
6118,1774012523629396528,1774012523633505033,4108
6119,1774012523635162166,1774012523639140123,3977
6120,1774012523640771786,1774012523644892168,4120
6121,1774012523646597917,1774012523650770740,4172
6122,1774012523652453958,1774012523656698202,4244
6123,1774012523658446913,1774012523663041949,4595
6124,1774012523664682418,1774012523669068363,4385
6125,1774012523670769692,1774012523674843502,4073
6126,1774012523676553641,1774012523679864994,3311
6127,1774012523681555526,1774012523686063106,4507
6128,1774012523687684073,1774012523691207677,3523
6129,1774012523692516658,1774012523695926473,3409
6130,1774012523697555017,1774012523701061310,3506
6131,1774012523702778546,1774012523706935225,4156
6132,1774012523708743121,1774012523712447707,3704
6133,1774012523714111732,1774012523717599394,3487
6134,1774012523719445970,1774012523723672150,4226
6135,1774012523725292542,1774012523728975671,3683
6136,1774012523730848554,1774012523735194469,4345
6137,1774012523736834340,1774012523741250592,4416
6138,1774012523742939138,1774012523747359816,4420
6139,1774012523748971016,1774012523753381187,4410
6140,1774012523755052399,1774012523759336251,4283
6141,1774012523760956742,1774012523765279578,4322
6142,1774012523766905487,1774012523771164589,4259
6143,1774012523772799885,1774012523777082300,4282
6144,1774012523778918823,1774012523782858984,3940
6145,1774012523784583987,1774012523789091525,4507
6146,1774012523790988107,1774012523795246518,4258
6147,1774012523796941166,1774012523801439853,4498
6148,1774012523803200697,1774012523807443590,4242
6149,1774012523809085111,1774012523813492777,4407
6150,1774012523815311034,1774012523819201780,3890
6151,1774012523820568179,1774012523824926006,4357
6152,1774012523826431494,1774012523830256270,3824
6153,1774012523831894677,1774012523835564476,3669
6154,1774012523837298678,1774012523840789570,3490
6155,1774012523842484700,1774012523846656809,4172
6156,1774012523848305238,1774012523851696997,3391
6157,1774012523853327803,1774012523857019322,3691
6158,1774012523858907244,1774012523862942271,4035
6159,1774012523864825281,1774012523869386639,4561
6160,1774012523871075231,1774012523874653108,3577
6161,1774012523876558482,1774012523880861488,4303
6162,1774012523882625944,1774012523886528490,3902
6163,1774012523888191300,1774012523892455206,4263
6164,1774012523894076233,1774012523898036207,3959
6165,1774012523899856244,1774012523904434962,4578
6166,1774012523906130359,1774012523909683889,3553
6167,1774012523911532340,1774012523915886433,4354
6168,1774012523917636603,1774012523921978596,4341
6169,1774012523923917244,1774012523928399608,4482
6170,1774012523930192754,1774012523933946486,3753
6171,1774012523935583898,1774012523940056504,4472
6172,1774012523941840463,1774012523946146234,4305
6173,1774012523947664095,1774012523951109471,3445
6174,1774012523952926947,1774012523957461192,4534
6175,1774012523959113677,1774012523962774312,3660
6176,1774012523964609087,1774012523968124658,3515
6177,1774012523969752736,1774012523973350470,3597
6178,1774012523975006227,1774012523979418029,4411
6179,1774012523981054108,1774012523985298915,4244
6180,1774012523986890265,1774012523991313162,4422
6181,1774012523992923942,1774012523996941867,4017
6182,1774012523998714452,1774012524003064647,4350
6183,1774012524004765577,1774012524009023806,4258
6184,1774012524010798818,1774012524015190250,4391
6185,1774012524016857205,1774012524021133733,4276
6186,1774012524022858916,1774012524027263382,4404
6187,1774012524028915087,1774012524032603022,3687
6188,1774012524034470901,1774012524038851068,4380
6189,1774012524040597615,1774012524044979033,4381
6190,1774012524046894510,1774012524051354989,4460
6191,1774012524053018085,1774012524057205636,4187
6192,1774012524058956657,1774012524063249244,4292
6193,1774012524064905239,1774012524069296411,4391
6194,1774012524071044249,1774012524074382357,3338
6195,1774012524076078555,1774012524079612538,3533
6196,1774012524081096709,1774012524084540117,3443
6197,1774012524086314683,1774012524090891209,4576
6198,1774012524092517648,1774012524095799439,3281
6199,1774012524097442285,1774012524101297645,3855
6200,1774012524102925856,1774012524106414287,3488
6201,1774012524107895632,1774012524112173292,4277
6202,1774012524113775747,1774012524117289501,3513
6203,1774012524118975639,1774012524122456213,3480
6204,1774012524124190631,1774012524128574509,4383
6205,1774012524130350502,1774012524134182616,3832
6206,1774012524135834760,1774012524139996361,4161
6207,1774012524141719334,1774012524145963890,4244
6208,1774012524147727765,1774012524152237112,4509
6209,1774012524154187334,1774012524158559328,4371
6210,1774012524160286289,1774012524164511214,4224
6211,1774012524166284571,1774012524170561600,4277
6212,1774012524172528867,1774012524176836670,4307
6213,1774012524178736549,1774012524183037934,4301
6214,1774012524184908139,1774012524189192020,4283
6215,1774012524190887313,1774012524194577255,3689
6216,1774012524196173581,1774012524200432176,4258
6217,1774012524202065209,1774012524205740767,3675
6218,1774012524207981311,1774012524212580299,4598
6219,1774012524214396494,1774012524218921159,4524
6220,1774012524220460344,1774012524223924637,3464
6221,1774012524225546616,1774012524229425946,3879
6222,1774012524231118452,1774012524234363152,3244
6223,1774012524235911408,1774012524239579396,3667
6224,1774012524240861768,1774012524244002819,3141
6225,1774012524245518475,1774012524249563743,4045
6226,1774012524251176422,1774012524254619480,3443
6227,1774012524256208860,1774012524260384919,4176
6228,1774012524261955707,1774012524265593929,3638
6229,1774012524267378739,1774012524271393940,4015
6230,1774012524273088111,1774012524277530236,4442
6231,1774012524279203883,1774012524282639094,3435
6232,1774012524284488566,1774012524288658945,4170
6233,1774012524290368589,1774012524294168959,3800
6234,1774012524295832137,1774012524300357938,4525
6235,1774012524302028007,1774012524305932924,3904
6236,1774012524307629594,1774012524312025329,4395
6237,1774012524313972266,1774012524318387652,4415
6238,1774012524320075561,1774012524324378319,4302
6239,1774012524325999574,1774012524330311153,4311
6240,1774012524331979064,1774012524336331920,4352
6241,1774012524338040495,1774012524341994935,3954
6242,1774012524343662071,1774012524348017003,4354
6243,1774012524349816846,1774012524353764972,3948
6244,1774012524355500562,1774012524359023231,3522
6245,1774012524360678860,1774012524365000556,4321
6246,1774012524366551471,1774012524369841276,3289
6247,1774012524371395889,1774012524374820742,3424
6248,1774012524376530971,1774012524380927739,4396
6249,1774012524382609408,1774012524386376095,3766
6250,1774012524387933946,1774012524392333454,4399
6251,1774012524394026153,1774012524397907411,3881
6252,1774012524399552583,1774012524404013467,4460
6253,1774012524405682993,1774012524409793301,4110
6254,1774012524411514941,1774012524415528474,4013
6255,1774012524417219098,1774012524421627006,4407
6256,1774012524423500496,1774012524428155772,4655
6257,1774012524430109588,1774012524434355560,4245
6258,1774012524436052198,1774012524440512890,4460
6259,1774012524442204300,1774012524446344774,4140
6260,1774012524448054800,1774012524452513991,4459
6261,1774012524454177205,1774012524458526161,4348
6262,1774012524460327364,1774012524464768239,4440
6263,1774012524466793956,1774012524471039421,4245
6264,1774012524472782239,1774012524477494240,4712
6265,1774012524479206517,1774012524483485537,4279
6266,1774012524485218214,1774012524489764456,4546
6267,1774012524491460939,1774012524495790503,4329
6268,1774012524497440783,1774012524501265388,3824
6269,1774012524502909358,1774012524506164807,3255
6270,1774012524507876906,1774012524511497466,3620
6271,1774012524513216151,1774012524517790980,4574
6272,1774012524519187549,1774012524522677066,3489
6273,1774012524524282072,1774012524528262337,3980
6274,1774012524530145911,1774012524534506630,4360
6275,1774012524536167577,1774012524540475565,4307
6276,1774012524542370064,1774012524546510242,4140
6277,1774012524548346695,1774012524552471408,4124
6278,1774012524554159292,1774012524558560119,4400
6279,1774012524560489652,1774012524564780262,4290
6280,1774012524566494125,1774012524570663523,4169
6281,1774012524572404447,1774012524576583033,4178
6282,1774012524578496526,1774012524582714137,4217
6283,1774012524584472091,1774012524588072181,3600
6284,1774012524590028390,1774012524593650660,3622
6285,1774012524595527799,1774012524599856536,4328
6286,1774012524601539097,1774012524605369903,3830
6287,1774012524607052160,1774012524610981514,3929
6288,1774012524612641771,1774012524616433954,3792
6289,1774012524618406884,1774012524622752935,4346
6290,1774012524624463409,1774012524628778658,4315
6291,1774012524630363324,1774012524634678999,4315
6292,1774012524636354115,1774012524640081265,3727
6293,1774012524641739871,1774012524645948705,4208
6294,1774012524647531909,1774012524650901131,3369
6295,1774012524652626057,1774012524656757005,4130
6296,1774012524658588237,1774012524662875367,4287
6297,1774012524664570518,1774012524668291291,3720
6298,1774012524669988373,1774012524674503789,4515
6299,1774012524676145956,1774012524679658062,3512
6300,1774012524681548563,1774012524685860548,4311
6301,1774012524687690507,1774012524691566921,3876
6302,1774012524693376051,1774012524697315363,3939
6303,1774012524698946879,1774012524702995516,4048
6304,1774012524704864122,1774012524708613634,3749
6305,1774012524710347068,1774012524714615829,4268
6306,1774012524716267093,1774012524719799206,3532
6307,1774012524721521048,1774012524726007775,4486
6308,1774012524727787571,1774012524732123448,4335
6309,1774012524733880453,1774012524738360168,4479
6310,1774012524740144227,1774012524744120173,3975
6311,1774012524745952067,1774012524750080385,4128
6312,1774012524751798240,1774012524756011334,4213
6313,1774012524757914349,1774012524762529201,4614
6314,1774012524764230882,1774012524767815912,3585
6315,1774012524769526841,1774012524773750199,4223
6316,1774012524775509975,1774012524779356366,3846
6317,1774012524781053963,1774012524784838718,3784
6318,1774012524786464765,1774012524790344185,3879
6319,1774012524791948181,1774012524796301755,4353
6320,1774012524798047488,1774012524802394631,4347
6321,1774012524804308718,1774012524807769318,3460
6322,1774012524809532735,1774012524813837113,4304
6323,1774012524815736909,1774012524819576553,3839
6324,1774012524821456362,1774012524825655927,4199
6325,1774012524827353956,1774012524830880773,3526
6326,1774012524832589231,1774012524837096004,4506
6327,1774012524838832015,1774012524842507545,3675
6328,1774012524844168752,1774012524847757887,3589
6329,1774012524849456515,1774012524853633760,4177
6330,1774012524855372316,1774012524859260952,3888
6331,1774012524860976846,1774012524865509457,4532
6332,1774012524867209256,1774012524871203789,3994
6333,1774012524872998103,1774012524877486918,4488
6334,1774012524879207874,1774012524883261825,4053
6335,1774012524885171132,1774012524889608970,4437
6336,1774012524891364806,1774012524895325044,3960
6337,1774012524896973727,1774012524901271792,4298
6338,1774012524902999404,1774012524907148356,4148
6339,1774012524908857902,1774012524913212794,4354
6340,1774012524914899143,1774012524918529041,3629
6341,1774012524920225410,1774012524923962526,3737
6342,1774012524925575090,1774012524930057960,4482
6343,1774012524931732234,1774012524935717646,3985
6344,1774012524937166252,1774012524941367429,4201
6345,1774012524943051692,1774012524946906836,3855
6346,1774012524948612052,1774012524952752392,4140
6347,1774012524954479077,1774012524958892063,4412
6348,1774012524960542297,1774012524964387827,3845
6349,1774012524966171413,1774012524970658306,4486
6350,1774012524972451809,1774012524976927254,4475
6351,1774012524978822281,1774012524983205855,4383
6352,1774012524984876393,1774012524989524330,4647
6353,1774012524991222470,1774012524995509199,4286
6354,1774012524997293350,1774012525001119082,3825
6355,1774012525002801405,1774012525007364539,4563
6356,1774012525009268224,1774012525013354377,4086
6357,1774012525015021838,1774012525019236091,4214
6358,1774012525020998110,1774012525025067417,4069
6359,1774012525026870444,1774012525031140561,4270
6360,1774012525032917984,1774012525036524507,3606
6361,1774012525038375270,1774012525042090276,3715
6362,1774012525043795883,1774012525047533238,3737
6363,1774012525049172960,1774012525053659720,4486
6364,1774012525054939219,1774012525058200106,3260
6365,1774012525059600851,1774012525063900275,4299
6366,1774012525065518237,1774012525069283636,3765
6367,1774012525070862862,1774012525074468306,3605
6368,1774012525076050721,1774012525080520353,4469
6369,1774012525082178790,1774012525085737151,3558
6370,1774012525087421175,1774012525091788338,4367
6371,1774012525093454514,1774012525097248682,3794
6372,1774012525098899830,1774012525103165930,4266
6373,1774012525104792204,1774012525108869910,4077
6374,1774012525110508265,1774012525113923261,3414
6375,1774012525115811751,1774012525120129690,4317
6376,1774012525121739036,1774012525125449057,3710
6377,1774012525127096965,1774012525131425576,4328
6378,1774012525133445081,1774012525137351304,3906
6379,1774012525139026074,1774012525143111523,4085
6380,1774012525145055179,1774012525149113805,4058
6381,1774012525150857736,1774012525154930068,4072
6382,1774012525156584880,1774012525160730078,4145
6383,1774012525162484943,1774012525166584145,4099
6384,1774012525168544317,1774012525172700056,4155
6385,1774012525174476983,1774012525178927862,4450
6386,1774012525180595113,1774012525185029368,4434
6387,1774012525186618720,1774012525190691250,4072
6388,1774012525192391003,1774012525195829650,3438
6389,1774012525197462345,1774012525201935804,4473
6390,1774012525203770485,1774012525207332260,3561
6391,1774012525209007124,1774012525213546316,4539
6392,1774012525215411217,1774012525219190418,3779
6393,1774012525220908758,1774012525225124629,4215
6394,1774012525226885385,1774012525231244818,4359
6395,1774012525233024566,1774012525237508777,4484
6396,1774012525239174682,1774012525243551453,4376
6397,1774012525245281919,1774012525248715659,3433
6398,1774012525250305667,1774012525253592978,3287
6399,1774012525255085157,1774012525258648555,3563
6400,1774012525260440989,1774012525264685109,4244
6401,1774012525266491793,1774012525270238908,3747
6402,1774012525271901494,1774012525275874981,3973
6403,1774012525277622982,1774012525281781213,4158
6404,1774012525283477766,1774012525287411560,3933
6405,1774012525289311172,1774012525293602977,4291
6406,1774012525295304360,1774012525299317045,4012
6407,1774012525301052486,1774012525305520941,4468
6408,1774012525307200610,1774012525311542303,4341
6409,1774012525313335558,1774012525317487329,4151
6410,1774012525319166805,1774012525323348708,4181
6411,1774012525324943690,1774012525329351465,4407
6412,1774012525331089948,1774012525335517050,4427
6413,1774012525337160196,1774012525341129984,3969
6414,1774012525342767766,1774012525347365374,4597
6415,1774012525349158215,1774012525353279049,4120
6416,1774012525354970855,1774012525359350084,4379
6417,1774012525361045475,1774012525365328546,4283
6418,1774012525367071429,1774012525371378982,4307
6419,1774012525373001020,1774012525377421855,4420
6420,1774012525379146282,1774012525383390413,4244
6421,1774012525385084323,1774012525389533024,4448
6422,1774012525391179375,1774012525395338688,4159
6423,1774012525396963759,1774012525401465339,4501
6424,1774012525403235348,1774012525407408906,4173
6425,1774012525409168118,1774012525413614653,4446
6426,1774012525415551631,1774012525419748764,4197
6427,1774012525421529844,1774012525426057535,4527
6428,1774012525427992461,1774012525432057424,4064
6429,1774012525433785788,1774012525438010271,4224
6430,1774012525439907017,1774012525444210490,4303
6431,1774012525446130467,1774012525450633055,4502
6432,1774012525452390737,1774012525456842111,4451
6433,1774012525458449911,1774012525462983027,4533
6434,1774012525464606823,1774012525468619508,4012
6435,1774012525470186379,1774012525474779616,4593
6436,1774012525476376026,1774012525480692156,4316
6437,1774012525482436750,1774012525487172318,4735
6438,1774012525488786273,1774012525492800280,4014
6439,1774012525494381336,1774012525498594111,4212
6440,1774012525500348803,1774012525504530677,4181
6441,1774012525506376615,1774012525510640644,4264
6442,1774012525512275141,1774012525516515321,4240
6443,1774012525518479047,1774012525522927990,4448
6444,1774012525524579555,1774012525528828886,4249
6445,1774012525530841760,1774012525535296985,4455
6446,1774012525536936338,1774012525541030851,4094
6447,1774012525542968078,1774012525547413982,4445
6448,1774012525549092370,1774012525552807747,3715
6449,1774012525554629863,1774012525559112304,4482
6450,1774012525560853375,1774012525565173683,4320
6451,1774012525566910537,1774012525570529815,3619
6452,1774012525572199871,1774012525576519122,4319
6453,1774012525578480875,1774012525582650577,4169
6454,1774012525584470790,1774012525588962689,4491
6455,1774012525590699374,1774012525594252488,3553
6456,1774012525596032793,1774012525599962297,3929
6457,1774012525601557168,1774012525605972935,4415
6458,1774012525607641905,1774012525611306919,3665
6459,1774012525612988722,1774012525616130252,3141
6460,1774012525617543843,1774012525621013567,3469
6461,1774012525622751499,1774012525626362524,3611
6462,1774012525627939707,1774012525631501979,3562
6463,1774012525633109689,1774012525636975466,3865
6464,1774012525638614639,1774012525642530290,3915
6465,1774012525644194444,1774012525648424811,4230
6466,1774012525650150857,1774012525654343402,4192
6467,1774012525656230589,1774012525660611364,4380
6468,1774012525662349058,1774012525666340855,3991
6469,1774012525668043533,1774012525672412434,4368
6470,1774012525674105266,1774012525678041084,3935
6471,1774012525679723632,1774012525684424614,4700
6472,1774012525686110247,1774012525690038171,3927
6473,1774012525691880767,1774012525696438616,4557
6474,1774012525698053804,1774012525702072788,4018
6475,1774012525703813664,1774012525708327408,4513
6476,1774012525709996892,1774012525713961196,3964
6477,1774012525715838680,1774012525720437911,4599
6478,1774012525722085359,1774012525726036521,3951
6479,1774012525727749448,1774012525732447413,4697
6480,1774012525734170418,1774012525738039524,3869
6481,1774012525739757823,1774012525744114656,4356
6482,1774012525745840841,1774012525749310411,3469
6483,1774012525750648648,1774012525753996481,3347
6484,1774012525755689551,1774012525759410299,3720
6485,1774012525760828049,1774012525764773548,3945
6486,1774012525766341807,1774012525770460942,4119
6487,1774012525772149473,1774012525776151451,4001
6488,1774012525777937015,1774012525782209132,4272
6489,1774012525784102777,1774012525788011750,3908
6490,1774012525789724192,1774012525794111273,4387
6491,1774012525795789877,1774012525799947517,4157
6492,1774012525801623923,1774012525805525840,3901
6493,1774012525807182737,1774012525811287530,4104
6494,1774012525813150284,1774012525817493354,4343
6495,1774012525819296385,1774012525822998940,3702
6496,1774012525824894158,1774012525829125425,4231
6497,1774012525831026892,1774012525835408562,4381
6498,1774012525837230802,1774012525841440167,4209
6499,1774012525843106573,1774012525847351122,4244
6500,1774012525848977918,1774012525852622037,3644
6501,1774012525854380052,1774012525858691160,4311
6502,1774012525860443273,1774012525864697925,4254
6503,1774012525866498330,1774012525870916349,4418
6504,1774012525872596957,1774012525876396970,3800
6505,1774012525878058799,1774012525881282737,3223
6506,1774012525882971240,1774012525886865588,3894
6507,1774012525888395417,1774012525892189739,3794
6508,1774012525893796470,1774012525898222308,4425
6509,1774012525899570696,1774012525902885684,3314
6510,1774012525904506600,1774012525908301475,3794
6511,1774012525909824225,1774012525914064505,4240
6512,1774012525915718614,1774012525919828232,4109
6513,1774012525921474880,1774012525925751545,4276
6514,1774012525927548331,1774012525931960312,4411
6515,1774012525933695423,1774012525937924917,4229
6516,1774012525939744426,1774012525944011219,4266
6517,1774012525946056302,1774012525950053933,3997
6518,1774012525951807240,1774012525956348141,4540
6519,1774012525958165394,1774012525962471165,4305
6520,1774012525964266785,1774012525968435014,4168
6521,1774012525970075437,1774012525974071456,3996
6522,1774012525975889777,1774012525980622659,4732
6523,1774012525982355692,1774012525986791773,4436
6524,1774012525988628349,1774012525992971880,4343
6525,1774012525994632465,1774012525999001890,4369
6526,1774012526000799737,1774012526004875398,4075
6527,1774012526006681555,1774012526011072220,4390
6528,1774012526012656888,1774012526016043136,3386
6529,1774012526017776962,1774012526022177924,4400
6530,1774012526023818424,1774012526027470080,3651
6531,1774012526029154938,1774012526033098984,3944
6532,1774012526034761982,1774012526038455714,3693
6533,1774012526040053325,1774012526043514950,3461
6534,1774012526045130968,1774012526049205337,4074
6535,1774012526050863767,1774012526054497968,3634
6536,1774012526056157506,1774012526060455037,4297
6537,1774012526062103439,1774012526066490866,4387
6538,1774012526068103681,1774012526072520820,4417
6539,1774012526074295345,1774012526078494415,4199
6540,1774012526080168870,1774012526084310929,4142
6541,1774012526085964287,1774012526089654271,3689
6542,1774012526091280827,1774012526095579082,4298
6543,1774012526097531062,1774012526101209949,3678
6544,1774012526103008241,1774012526107331151,4322
6545,1774012526109146702,1774012526113375907,4229
6546,1774012526115094457,1774012526119050650,3956
6547,1774012526120889202,1774012526124709148,3819
6548,1774012526126374342,1774012526130916949,4542
6549,1774012526132769723,1774012526136437288,3667
6550,1774012526138140295,1774012526142588710,4448
6551,1774012526144518679,1774012526147783044,3264
6552,1774012526149064586,1774012526152275260,3210
6553,1774012526153919979,1774012526157877864,3957
6554,1774012526159470177,1774012526163940758,4470
6555,1774012526165642593,1774012526169382613,3740
6556,1774012526170928078,1774012526174536342,3608
6557,1774012526176109171,1774012526180401473,4292
6558,1774012526182070322,1774012526186012439,3942
6559,1774012526187782505,1774012526192393788,4611
6560,1774012526194428343,1774012526198607572,4179
6561,1774012526200262963,1774012526204859000,4596
6562,1774012526206792945,1774012526210528253,3735
6563,1774012526212225184,1774012526216819790,4594
6564,1774012526218658606,1774012526223086646,4428
6565,1774012526224826753,1774012526229098290,4271
6566,1774012526231041204,1774012526235366238,4325
6567,1774012526237063958,1774012526241098047,4034
6568,1774012526242818463,1774012526247454473,4636
6569,1774012526249032545,1774012526252853670,3821
6570,1774012526254522470,1774012526258960443,4437
6571,1774012526260795973,1774012526264980605,4184
6572,1774012526266860164,1774012526271322344,4462
6573,1774012526272970397,1774012526277527233,4556
6574,1774012526279293910,1774012526282880856,3586
6575,1774012526284657416,1774012526289109507,4452
6576,1774012526290848335,1774012526295112107,4263
6577,1774012526296656757,1774012526301231246,4574
6578,1774012526302862873,1774012526306284112,3421
6579,1774012526307920103,1774012526311215430,3295
6580,1774012526312883716,1774012526317214856,4331
6581,1774012526318865652,1774012526322355328,3489
6582,1774012526324223756,1774012526327742449,3518
6583,1774012526329340989,1774012526333143577,3802
6584,1774012526334792368,1774012526338723835,3931
6585,1774012526340371316,1774012526344423128,4051
6586,1774012526346082084,1774012526349636154,3554
6587,1774012526351315364,1774012526355687552,4372
6588,1774012526357300994,1774012526361006659,3705
6589,1774012526362800559,1774012526366951681,4151
6590,1774012526368953149,1774012526372994127,4040
6591,1774012526374842423,1774012526379213056,4370
6592,1774012526380966274,1774012526384826164,3859
6593,1774012526386603080,1774012526390977698,4374
6594,1774012526392727283,1774012526396559680,3832
6595,1774012526398386619,1774012526402858884,4472
6596,1774012526404638687,1774012526409441548,4802
6597,1774012526411199971,1774012526415673691,4473
6598,1774012526417460861,1774012526422028220,4567
6599,1774012526423792264,1774012526428396019,4603
6600,1774012526430078605,1774012526433590139,3511
6601,1774012526435143828,1774012526439554816,4410
6602,1774012526441282068,1774012526445534059,4251
6603,1774012526447084591,1774012526451625140,4540
6604,1774012526453314063,1774012526457095965,3781
6605,1774012526458751790,1774012526462883455,4131
6606,1774012526464590766,1774012526468914760,4323
6607,1774012526470682583,1774012526474889582,4206
6608,1774012526476694839,1774012526481330995,4636
6609,1774012526488292748,1774012526492776666,4483
6610,1774012526494530762,1774012526498820355,4289
6611,1774012526500747739,1774012526505287077,4539
6612,1774012526506963682,1774012526511262733,4299
6613,1774012526513217915,1774012526517556939,4339
6614,1774012526519526790,1774012526523873794,4347
6615,1774012526525802462,1774012526529870177,4067
6616,1774012526531559184,1774012526535872026,4312
6617,1774012526537864894,1774012526541992763,4127
6618,1774012526543735816,1774012526548015001,4279
6619,1774012526549889343,1774012526554136223,4246
6620,1774012526555880208,1774012526560360544,4480
6621,1774012526562043865,1774012526565855997,3812
6622,1774012526567461677,1774012526571989726,4528
6623,1774012526573691333,1774012526577029674,3338
6624,1774012526578661205,1774012526583036618,4375
6625,1774012526584636842,1774012526588421637,3784
6626,1774012526590136419,1774012526594341405,4204
6627,1774012526595917524,1774012526599716968,3799
6628,1774012526601464093,1774012526605699558,4235
6629,1774012526607482177,1774012526611698807,4216
6630,1774012526613681177,1774012526617510751,3829
6631,1774012526619169073,1774012526622700244,3531
6632,1774012526624373406,1774012526628301172,3927
6633,1774012526629943450,1774012526634058605,4115
6634,1774012526635963112,1774012526639611808,3648
6635,1774012526641413977,1774012526645613883,4199
6636,1774012526647350841,1774012526651202793,3851
6637,1774012526652957703,1774012526656611034,3653
6638,1774012526658681374,1774012526662908671,4227
6639,1774012526664824943,1774012526669197923,4372
6640,1774012526671072956,1774012526675052875,3979
6641,1774012526676709556,1774012526681235256,4525
6642,1774012526683089456,1774012526687103913,4014
6643,1774012526688977177,1774012526693485223,4508
6644,1774012526695262510,1774012526698765878,3503
6645,1774012526700512491,1774012526704968462,4455
6646,1774012526706566437,1774012526711050022,4483
6647,1774012526712675789,1774012526717076235,4400
6648,1774012526718880893,1774012526722569845,3688
6649,1774012526724150642,1774012526727481954,3331
6650,1774012526729197888,1774012526733672319,4474
6651,1774012526735271901,1774012526739470246,4198
6652,1774012526740979288,1774012526744896412,3917
6653,1774012526746836058,1774012526751070906,4234
6654,1774012526752683838,1774012526756420244,3736
6655,1774012526758657773,1774012526762933798,4276
6656,1774012526764665691,1774012526768387075,3721
6657,1774012526770436177,1774012526774685813,4249
6658,1774012526776612973,1774012526780548415,3935
6659,1774012526782521866,1774012526786243896,3722
6660,1774012526788016769,1774012526792067618,4050
6661,1774012526793890309,1774012526797630860,3740
6662,1774012526799527512,1774012526803974171,4446
6663,1774012526805882039,1774012526810338821,4456
6664,1774012526812106127,1774012526816196314,4090
6665,1774012526817989082,1774012526821830418,3841
6666,1774012526823649098,1774012526828052593,4403
6667,1774012526829690658,1774012526833857044,4166
6668,1774012526835548810,1774012526839907377,4358
6669,1774012526841754871,1774012526846285950,4531
6670,1774012526847885312,1774012526851454605,3569
6671,1774012526853188506,1774012526856584188,3395
6672,1774012526858088949,1774012526862277387,4188
6673,1774012526863876745,1774012526867871966,3995
6674,1774012526869274608,1774012526873551908,4277
6675,1774012526875360439,1774012526878787791,3427
6676,1774012526880020795,1774012526883650079,3629
6677,1774012526885470511,1774012526889689696,4219
6678,1774012526891365106,1774012526894891207,3526
6679,1774012526896613726,1774012526901145429,4531
6680,1774012526902891887,1774012526907239945,4348
6681,1774012526908990035,1774012526913398072,4408
6682,1774012526915167716,1774012526918752504,3584
6683,1774012526920851474,1774012526925280985,4429
6684,1774012526926959232,1774012526930662485,3703
6685,1774012526932396184,1774012526935872754,3476
6686,1774012526937671698,1774012526942131267,4459
6687,1774012526943888350,1774012526948033891,4145
6688,1774012526949998673,1774012526954605122,4606
6689,1774012526956265867,1774012526959829051,3563
6690,1774012526961603785,1774012526966054237,4450
6691,1774012526967874167,1774012526971447502,3573
6692,1774012526973165297,1774012526976805836,3640
6693,1774012526978460300,1774012526982616128,4155
6694,1774012526984380833,1774012526987815671,3434
6695,1774012526989206205,1774012526993609841,4403
6696,1774012526995308984,1774012526999738119,4429
6697,1774012527001186662,1774012527004976495,3789
6698,1774012527006672779,1774012527011030479,4357
6699,1774012527012728834,1774012527016972682,4243
6700,1774012527018692383,1774012527023015397,4323
6701,1774012527024757007,1774012527029079277,4322
6702,1774012527030903281,1774012527034826159,3922
6703,1774012527036598327,1774012527040963123,4364
6704,1774012527042678716,1774012527046911269,4232
6705,1774012527048768983,1774012527053116525,4347
6706,1774012527054881513,1774012527059348757,4467
6707,1774012527061245817,1774012527065778516,4532
6708,1774012527067665542,1774012527072076006,4410
6709,1774012527073748016,1774012527078340274,4592
6710,1774012527080316827,1774012527084290635,3973
6711,1774012527085980665,1774012527090337762,4357
6712,1774012527092048688,1774012527096540711,4492
6713,1774012527098305653,1774012527102745919,4440
6714,1774012527104603326,1774012527109076026,4472
6715,1774012527110457179,1774012527113775523,3318
6716,1774012527115488014,1774012527119287273,3799
6717,1774012527120914158,1774012527124630591,3716
6718,1774012527126189477,1774012527130039350,3849
6719,1774012527131449939,1774012527134696687,3246
6720,1774012527136200416,1774012527139268378,3067
6721,1774012527140773839,1774012527144455667,3681
6722,1774012527146077599,1774012527149451567,3373
6723,1774012527151090074,1774012527154711182,3621
6724,1774012527156338274,1774012527160206522,3868
6725,1774012527161800678,1774012527166126506,4325
6726,1774012527167776180,1774012527172031214,4255
6727,1774012527173735266,1774012527177617708,3882
6728,1774012527179401226,1774012527183592193,4190
6729,1774012527185250723,1774012527189166864,3916
6730,1774012527190846267,1774012527195364958,4518
6731,1774012527197068303,1774012527201538094,4469
6732,1774012527203225473,1774012527207761692,4536
6733,1774012527209526460,1774012527213918704,4392
6734,1774012527215642304,1774012527219772917,4130
6735,1774012527221488736,1774012527225746386,4257
6736,1774012527227726636,1774012527231858033,4131
6737,1774012527233635952,1774012527238098176,4462
6738,1774012527240027696,1774012527243712051,3684
6739,1774012527245213022,1774012527249889004,4675
6740,1774012527251482995,1774012527255609400,4126
6741,1774012527257311841,1774012527261412431,4100
6742,1774012527262877770,1774012527266214782,3337
6743,1774012527267757730,1774012527272069828,4312
6744,1774012527273838285,1774012527278145548,4307
6745,1774012527279819782,1774012527283898421,4078
6746,1774012527285518459,1774012527289218671,3700
6747,1774012527290991347,1774012527294625097,3633
6748,1774012527296463044,1774012527300542630,4079
6749,1774012527302392516,1774012527306480450,4087
6750,1774012527308096564,1774012527312359788,4263
6751,1774012527313962485,1774012527318268241,4305
6752,1774012527320043718,1774012527324492670,4448
6753,1774012527326275688,1774012527330357070,4081
6754,1774012527332072523,1774012527336390906,4318
6755,1774012527338035743,1774012527342339694,4303
6756,1774012527344129765,1774012527348684652,4554
6757,1774012527350534750,1774012527354653238,4118
6758,1774012527356386413,1774012527359991957,3605
6759,1774012527361813204,1774012527366073687,4260
6760,1774012527367767696,1774012527371431807,3664
6761,1774012527373362001,1774012527376814145,3452
6762,1774012527378651036,1774012527383008546,4357
6763,1774012527384666121,1774012527388001101,3334
6764,1774012527389723256,1774012527394059111,4335
6765,1774012527395715580,1774012527399367578,3651
6766,1774012527400982708,1774012527405367766,4385
6767,1774012527406982207,1774012527410936043,3953
6768,1774012527412464240,1774012527416332111,3867
6769,1774012527418025406,1774012527422261163,4235
6770,1774012527423951241,1774012527428404105,4452
6771,1774012527429990022,1774012527434469850,4479
6772,1774012527436268228,1774012527440532163,4263
6773,1774012527442459327,1774012527446755720,4296
6774,1774012527448537446,1774012527452669895,4132
6775,1774012527454401085,1774012527459164862,4763
6776,1774012527461099815,1774012527464651231,3551
6777,1774012527466478922,1774012527471147133,4668
6778,1774012527473117200,1774012527477278453,4161
6779,1774012527478943399,1774012527483296663,4353
6780,1774012527484990454,1774012527489872360,4881
6781,1774012527491632565,1774012527496426802,4794
6782,1774012527498098037,1774012527502507865,4409
6783,1774012527504388941,1774012527508661466,4272
6784,1774012527510362997,1774012527514182674,3819
6785,1774012527515953833,1774012527520455913,4502
6786,1774012527522039129,1774012527525889384,3850
6787,1774012527527701293,1774012527532181916,4480
6788,1774012527533806213,1774012527538028622,4222
6789,1774012527539672871,1774012527542973067,3300
6790,1774012527544599505,1774012527549154842,4555
6791,1774012527550830138,1774012527554535602,3705
6792,1774012527556106535,1774012527559968336,3861
6793,1774012527561589384,1774012527565892183,4302
6794,1774012527567550165,1774012527571545591,3995
6795,1774012527573327709,1774012527577638347,4310
6796,1774012527579265909,1774012527583437825,4171
6797,1774012527585101186,1774012527588538210,3437
6798,1774012527590394279,1774012527594665815,4271
6799,1774012527596522030,1774012527600318220,3796
6800,1774012527602191533,1774012527606473955,4282
6801,1774012527608239761,1774012527612619828,4380
6802,1774012527614556432,1774012527619024488,4468
6803,1774012527620718919,1774012527624805183,4086
6804,1774012527626722917,1774012527631008256,4285
6805,1774012527632723649,1774012527636847973,4124
6806,1774012527638787287,1774012527642531455,3744
6807,1774012527644495744,1774012527648612239,4116
6808,1774012527650351797,1774012527654205285,3853
6809,1774012527655931912,1774012527660331779,4399
6810,1774012527661812788,1774012527665735473,3922
6811,1774012527667413595,1774012527672024164,4610
6812,1774012527673635592,1774012527677347267,3711
6813,1774012527679016553,1774012527683074372,4057
6814,1774012527684762579,1774012527688001747,3239
6815,1774012527689709903,1774012527693275623,3565
6816,1774012527695030490,1774012527699029458,3998
6817,1774012527700851350,1774012527704994548,4143
6818,1774012527706712182,1774012527711112982,4400
6819,1774012527712864967,1774012527716955267,4090
6820,1774012527718668748,1774012527723059350,4390
6821,1774012527724812253,1774012527728933911,4121
6822,1774012527730889108,1774012527735373349,4484
6823,1774012527737188361,1774012527741141761,3953
6824,1774012527742834286,1774012527746771864,3937
6825,1774012527748490393,1774012527752631180,4140
6826,1774012527754379263,1774012527758270951,3891
6827,1774012527759933158,1774012527763623769,3690
6828,1774012527765456879,1774012527769609674,4152
6829,1774012527771314073,1774012527775307173,3993
6830,1774012527776987534,1774012527781322409,4334
6831,1774012527782970265,1774012527787330509,4360
6832,1774012527789125250,1774012527792571443,3446
6833,1774012527794231421,1774012527798585946,4354
6834,1774012527800144172,1774012527804518108,4373
6835,1774012527806107369,1774012527809482456,3375
6836,1774012527811079069,1774012527814471099,3392
6837,1774012527816168376,1774012527820789408,4621
6838,1774012527822426540,1774012527825613215,3186
6839,1774012527827088695,1774012527830695974,3607
6840,1774012527832333518,1774012527836160146,3826
6841,1774012527837701696,1774012527841746993,4045
6842,1774012527843574913,1774012527848025513,4450
6843,1774012527849749249,1774012527853762033,4012
6844,1774012527855740474,1774012527860143636,4403
6845,1774012527861813901,1774012527865986645,4172
6846,1774012527867832626,1774012527872221299,4388
6847,1774012527873883172,1774012527877972221,4089
6848,1774012527879825103,1774012527883900628,4075
6849,1774012527885586519,1774012527889394742,3808
6850,1774012527891378153,1774012527896161453,4783
6851,1774012527897843642,1774012527901468386,3624
6852,1774012527903446526,1774012527907866725,4420
6853,1774012527909568435,1774012527913786785,4218
6854,1774012527915618277,1774012527920040352,4422
6855,1774012527922031224,1774012527926228827,4197
6856,1774012527927906788,1774012527932461084,4554
6857,1774012527934096315,1774012527938546556,4450
6858,1774012527940221586,1774012527944779163,4557
6859,1774012527946366397,1774012527950104390,3737
6860,1774012527951862845,1774012527955459563,3596
6861,1774012527956896988,1774012527961184377,4287
6862,1774012527962805248,1774012527966084897,3279
6863,1774012527967744437,1774012527971504821,3760
6864,1774012527973156561,1774012527977000099,3843
6865,1774012527978758386,1774012527982435377,3676
6866,1774012527984098436,1774012527988439176,4340
6867,1774012527990094980,1774012527994689153,4594
6868,1774012527996400110,1774012528000907583,4507
6869,1774012528002574350,1774012528006848721,4274
6870,1774012528008587674,1774012528013064718,4477
6871,1774012528014768542,1774012528019159472,4390
6872,1774012528021021973,1774012528025424335,4402
6873,1774012528027187704,1774012528030971378,3783
6874,1774012528032896901,1774012528037475017,4578
6875,1774012528039167835,1774012528042821993,3654
6876,1774012528044723010,1774012528049201225,4478
6877,1774012528051040770,1774012528054896811,3856
6878,1774012528056855816,1774012528061424253,4568
6879,1774012528063166043,1774012528066716364,3550
6880,1774012528068532318,1774012528072963577,4431
6881,1774012528074702820,1774012528078485064,3782
6882,1774012528080262684,1774012528084836039,4573
6883,1774012528086561383,1774012528090829900,4268
6884,1774012528092478561,1774012528096864261,4385
6885,1774012528098363462,1774012528101948239,3584
6886,1774012528103637771,1774012528107289191,3651
6887,1774012528108896219,1774012528113214488,4318
6888,1774012528114920922,1774012528118423833,3502
6889,1774012528120125061,1774012528123695031,3569
6890,1774012528125447002,1774012528129624369,4177
6891,1774012528131547502,1774012528135932578,4385
6892,1774012528137637072,1774012528141404584,3767
6893,1774012528143068872,1774012528146681832,3612
6894,1774012528148376886,1774012528152352257,3975
6895,1774012528154133964,1774012528158441835,4307
6896,1774012528160172738,1774012528163697962,3525
6897,1774012528165490000,1774012528169752757,4262
6898,1774012528171460970,1774012528174793718,3332
6899,1774012528176491907,1774012528180938968,4447
6900,1774012528182754637,1774012528186811675,4057
6901,1774012528188563374,1774012528192998035,4434
6902,1774012528194940489,1774012528199632603,4692
6903,1774012528201535843,1774012528205709421,4173
6904,1774012528207427819,1774012528210785579,3357
6905,1774012528212592133,1774012528217011818,4419
6906,1774012528218771344,1774012528223120302,4348
6907,1774012528224863387,1774012528228336791,3473
6908,1774012528230006697,1774012528234080083,4073
6909,1774012528235753859,1774012528239452298,3698
6910,1774012528240972450,1774012528245039737,4067
6911,1774012528246664401,1774012528251211140,4546
6912,1774012528252868625,1774012528256486716,3618
6913,1774012528258044318,1774012528262318423,4274
6914,1774012528263951719,1774012528267422479,3470
6915,1774012528269117139,1774012528272551544,3434
6916,1774012528274173888,1774012528278371546,4197
6917,1774012528280003359,1774012528283956118,3952
6918,1774012528285670789,1774012528290011822,4341
6919,1774012528291937328,1774012528295961854,4024
6920,1774012528297692704,1774012528302079165,4386
6921,1774012528303772148,1774012528307405600,3633
6922,1774012528309137148,1774012528313529218,4392
6923,1774012528315203060,1774012528318725383,3522
6924,1774012528320618193,1774012528324957244,4339
6925,1774012528326624211,1774012528330204215,3580
6926,1774012528331924141,1774012528336242307,4318
6927,1774012528337910746,1774012528341433300,3522
6928,1774012528343156410,1774012528347589866,4433
6929,1774012528349175860,1774012528353687654,4511
6930,1774012528355406738,1774012528359659557,4252
6931,1774012528361292037,1774012528364525609,3233
6932,1774012528366217893,1774012528369736784,3518
6933,1774012528371361162,1774012528374808105,3446
6934,1774012528376529542,1774012528380334481,3804
6935,1774012528382039037,1774012528386398825,4359
6936,1774012528388131577,1774012528392465732,4334
6937,1774012528394176684,1774012528398368120,4191
6938,1774012528400003475,1774012528403562875,3559
6939,1774012528405216127,1774012528409380464,4164
6940,1774012528411082676,1774012528415088155,4005
6941,1774012528416876897,1774012528421307362,4430
6942,1774012528422985368,1774012528426716748,3731
6943,1774012528428779902,1774012528433112276,4332
6944,1774012528434783672,1774012528438592466,3808
6945,1774012528440570311,1774012528444770876,4200
6946,1774012528446509309,1774012528450297095,3787
6947,1774012528452166567,1774012528456388114,4221
6948,1774012528458084896,1774012528461704376,3619
6949,1774012528463374297,1774012528467875916,4501
6950,1774012528469619423,1774012528474040619,4421
6951,1774012528476014340,1774012528480502451,4488
6952,1774012528482330525,1774012528487029718,4699
6953,1774012528488848019,1774012528493054655,4206
6954,1774012528494852487,1774012528498428525,3576
6955,1774012528500156759,1774012528504691605,4534
6956,1774012528506378225,1774012528509857680,3479
6957,1774012528511176909,1774012528514570920,3394
6958,1774012528516246677,1774012528519463162,3216
6959,1774012528520988485,1774012528525068582,4080
6960,1774012528526641654,1774012528530476373,3834
6961,1774012528532105000,1774012528536377643,4272
6962,1774012528538037837,1774012528542268727,4230
6963,1774012528543947492,1774012528548536633,4589
6964,1774012528550212694,1774012528554510302,4297
6965,1774012528556177151,1774012528559706791,3529
6966,1774012528561573795,1774012528565859899,4286
6967,1774012528567559160,1774012528572297024,4737
6968,1774012528574142800,1774012528578485996,4343
6969,1774012528580283731,1774012528584740110,4456
6970,1774012528586467594,1774012528590692551,4224
6971,1774012528592386839,1774012528596594020,4207
6972,1774012528598348935,1774012528602544123,4195
6973,1774012528604451387,1774012528608980637,4529
6974,1774012528610935377,1774012528615194068,4258
6975,1774012528616986099,1774012528621428572,4442
6976,1774012528623151226,1774012528627540903,4389
6977,1774012528629229323,1774012528633410579,4181
6978,1774012528634986321,1774012528639464019,4477
6979,1774012528641141966,1774012528644718738,3576
6980,1774012528646362767,1774012528649786821,3424
6981,1774012528651395966,1774012528654754569,3358
6982,1774012528656412497,1774012528659778847,3366
6983,1774012528661317066,1774012528665435772,4118
6984,1774012528667165176,1774012528670628667,3463
6985,1774012528672351861,1774012528676880927,4529
6986,1774012528678575392,1774012528682377016,3801
6987,1774012528684059181,1774012528688344541,4285
6988,1774012528690094405,1774012528694148108,4053
6989,1774012528696241492,1774012528700519173,4277
6990,1774012528702278125,1774012528706371604,4093
6991,1774012528708045750,1774012528711861595,3815
6992,1774012528713652029,1774012528717877099,4225
6993,1774012528719558260,1774012528723392943,3834
6994,1774012528725192267,1774012528728819443,3627
6995,1774012528730771732,1774012528734928773,4157
6996,1774012528736666299,1774012528741081925,4415
6997,1774012528742862786,1774012528747078655,4215
6998,1774012528748747254,1774012528753021984,4274
6999,1774012528754965455,1774012528758740699,3775
7000,1774012528760672281,1774012528764981566,4309
7001,1774012528766545044,1774012528770975521,4430
7002,1774012528772539227,1774012528777046166,4506
7003,1774012528778679362,1774012528783002830,4323
7004,1774012528784336733,1774012528787917531,3580
7005,1774012528789571356,1774012528793696013,4124
7006,1774012528795357430,1774012528799063276,3705
7007,1774012528800680707,1774012528804469353,3788
7008,1774012528806231698,1774012528810125972,3894
7009,1774012528811812102,1774012528816355718,4543
7010,1774012528818119008,1774012528822289596,4170
7011,1774012528823982011,1774012528828073343,4091
7012,1774012528829767199,1774012528834018981,4251
7013,1774012528835864157,1774012528840148813,4284
7014,1774012528841812487,1774012528845610238,3797
7015,1774012528847522574,1774012528851702044,4179
7016,1774012528853567133,1774012528857426184,3859
7017,1774012528859336611,1774012528863610747,4274
7018,1774012528865369450,1774012528869237292,3867
7019,1774012528870995704,1774012528875376797,4381
7020,1774012528877041839,1774012528881350100,4308
7021,1774012528883128455,1774012528887608942,4480
7022,1774012528889457302,1774012528893211851,3754
7023,1774012528894872998,1774012528899483908,4610
7024,1774012528901267909,1774012528904720978,3453
7025,1774012528906418290,1774012528910906989,4488
7026,1774012528912650825,1774012528916304062,3653
7027,1774012528917989110,1774012528921383954,3394
7028,1774012528922953751,1774012528927175741,4221
7029,1774012528928794350,1774012528932519549,3725
7030,1774012528934159475,1774012528937602286,3442
7031,1774012528939229121,1774012528943096084,3866
7032,1774012528944756296,1774012528948710117,3953
7033,1774012528950355939,1774012528953827081,3471
7034,1774012528955789942,1774012528960522648,4732
7035,1774012528962254309,1774012528966571064,4316
7036,1774012528968366421,1774012528972871340,4504
7037,1774012528974666209,1774012528978829121,4162
7038,1774012528980594267,1774012528984741563,4147
7039,1774012528986464214,1774012528989991531,3527
7040,1774012528991655646,1774012528996280430,4624
7041,1774012528998032153,1774012529001549346,3517
7042,1774012529003291428,1774012529007528956,4237
7043,1774012529009205827,1774012529013355745,4149
7044,1774012529015054768,1774012529019367649,4312
7045,1774012529020998867,1774012529025034764,4035
7046,1774012529026991893,1774012529031543969,4552
7047,1774012529033129269,1774012529037673422,4544
7048,1774012529039293922,1774012529043748171,4454
7049,1774012529045375891,1774012529049416336,4040
7050,1774012529051148719,1774012529055136121,3987
7051,1774012529056788619,1774012529060843617,4054
7052,1774012529062555649,1774012529065976114,3420
7053,1774012529067489217,1774012529072019575,4530
7054,1774012529073611950,1774012529077040759,3428
7055,1774012529078784028,1774012529082629065,3845
7056,1774012529084308454,1774012529088248839,3940
7057,1774012529090178043,1774012529094091215,3913
7058,1774012529095751546,1774012529099857256,4105
7059,1774012529101673507,1774012529105524731,3851
7060,1774012529107167023,1774012529111400108,4233
7061,1774012529113041087,1774012529117008535,3967
7062,1774012529118946688,1774012529123085336,4138
7063,1774012529125042194,1774012529129091745,4049
7064,1774012529130788730,1774012529135478179,4689
7065,1774012529137439644,1774012529141178700,3739
7066,1774012529142930552,1774012529147461083,4530
7067,1774012529149476822,1774012529153261989,3785
7068,1774012529154920059,1774012529159302697,4382
7069,1774012529160976486,1774012529164897510,3921
7070,1774012529166612556,1774012529171265750,4653
7071,1774012529173068251,1774012529176668831,3600
7072,1774012529178346225,1774012529182859198,4512
7073,1774012529184383715,1774012529187774940,3391
7074,1774012529189285259,1774012529193057022,3771
7075,1774012529194594827,1774012529198146578,3551
7076,1774012529199861898,1774012529203577207,3715
7077,1774012529205188321,1774012529209164289,3975
7078,1774012529210935380,1774012529214942434,4007
7079,1774012529216580092,1774012529220284765,3704
7080,1774012529222009494,1774012529225669814,3660
7081,1774012529227370925,1774012529231684934,4314
7082,1774012529233557552,1774012529237371446,3813
7083,1774012529239162489,1774012529243396786,4234
7084,1774012529245230770,1774012529249384260,4153
7085,1774012529251072896,1774012529255107283,4034
7086,1774012529256900772,1774012529260835573,3934
7087,1774012529262455486,1774012529266842758,4387
7088,1774012529268518180,1774012529272229154,3710
7089,1774012529273876999,1774012529278439418,4562
7090,1774012529280331573,1774012529283841569,3509
7091,1774012529285814670,1774012529290204739,4390
7092,1774012529291892722,1774012529295477357,3584
7093,1774012529297196807,1774012529301466766,4269
7094,1774012529303156260,1774012529306700246,3543
7095,1774012529308358660,1774012529311870924,3512
7096,1774012529313443494,1774012529317001940,3558
7097,1774012529318608383,1774012529322419066,3810
7098,1774012529324049263,1774012529328212805,4163
7099,1774012529329863432,1774012529334036902,4173
7100,1774012529335366015,1774012529339271546,3905
7101,1774012529340947591,1774012529345460333,4512
7102,1774012529347156604,1774012529351569411,4412
7103,1774012529353297971,1774012529357535217,4237
7104,1774012529359218088,1774012529363551074,4332
7105,1774012529365288054,1774012529369593009,4304
7106,1774012529371286761,1774012529375408573,4121
7107,1774012529377219434,1774012529380928603,3709
7108,1774012529382811597,1774012529387041158,4229
7109,1774012529388719476,1774012529392450252,3730
7110,1774012529394247307,1774012529398528228,4280
7111,1774012529400171995,1774012529404072198,3900
7112,1774012529405954885,1774012529410352942,4398
7113,1774012529412192352,1774012529416053753,3861
7114,1774012529417901590,1774012529422274380,4372
7115,1774012529424040433,1774012529428042258,4001
7116,1774012529429913787,1774012529434277362,4363
7117,1774012529436138506,1774012529440187512,4049
7118,1774012529442268755,1774012529446745692,4476
7119,1774012529448485694,1774012529452580477,4094
7120,1774012529454331585,1774012529458725060,4393
7121,1774012529460465346,1774012529463906502,3441
7122,1774012529465537374,1774012529468892065,3354
7123,1774012529470570909,1774012529474710489,4139
7124,1774012529476345155,1774012529479718400,3373
7125,1774012529481004985,1774012529484076396,3071
7126,1774012529485560782,1774012529489253070,3692
7127,1774012529490756493,1774012529495113101,4356
7128,1774012529496737651,1774012529500951609,4213
7129,1774012529502577646,1774012529506518780,3941
7130,1774012529508259938,1774012529512480961,4221
7131,1774012529514270820,1774012529517793054,3522
7132,1774012529519498768,1774012529523368863,3870
7133,1774012529525049522,1774012529529255246,4205
7134,1774012529530963817,1774012529534609468,3645
7135,1774012529536333604,1774012529540582755,4249
7136,1774012529542483522,1774012529546406169,3922
7137,1774012529548061395,1774012529552418586,4357
7138,1774012529554141724,1774012529558295370,4153
7139,1774012529560009912,1774012529564511444,4501
7140,1774012529566281104,1774012529570256081,3974
7141,1774012529571916681,1774012529576316644,4399
7142,1774012529578279849,1774012529582066677,3786
7143,1774012529583722055,1774012529588273361,4551
7144,1774012529589965848,1774012529594491024,4525
7145,1774012529596317260,1774012529600816798,4499
7146,1774012529602578580,1774012529606441461,3862
7147,1774012529608119969,1774012529611708799,3588
7148,1774012529613398918,1774012529617600554,4201
7149,1774012529619076819,1774012529623459331,4382
7150,1774012529625185936,1774012529628590630,3404
7151,1774012529630200943,1774012529633713954,3513
7152,1774012529635355838,1774012529638887782,3531
7153,1774012529640573316,1774012529644738948,4165
7154,1774012529646462031,1774012529650233434,3771
7155,1774012529651969497,1774012529656312306,4342
7156,1774012529658015103,1774012529661686979,3671
7157,1774012529663401325,1774012529666966073,3564
7158,1774012529668813802,1774012529673346689,4532
7159,1774012529675030350,1774012529678606269,3575
7160,1774012529680284789,1774012529684518803,4234
7161,1774012529686153847,1774012529690282442,4128
7162,1774012529692052979,1774012529696250823,4197
7163,1774012529697900953,1774012529702438987,4538
7164,1774012529704367377,1774012529708622526,4255
7165,1774012529710620457,1774012529714761542,4141
7166,1774012529716451961,1774012529720684053,4232
7167,1774012529722478181,1774012529726897522,4419
7168,1774012529728562326,1774012529733016995,4454
7169,1774012529734596248,1774012529738452670,3856
7170,1774012529739938238,1774012529744357635,4419
7171,1774012529745938880,1774012529750440931,4502
7172,1774012529751847700,1774012529755783274,3935
7173,1774012529757453461,1774012529760872612,3419
7174,1774012529762609992,1774012529767079891,4469
7175,1774012529768746178,1774012529772406370,3660
7176,1774012529774041682,1774012529777525453,3483
7177,1774012529779168518,1774012529783435266,4266
7178,1774012529785103725,1774012529789038923,3935
7179,1774012529790709849,1774012529795106712,4396
7180,1774012529796906335,1774012529801446829,4540
7181,1774012529803148134,1774012529806737062,3588
7182,1774012529808615264,1774012529812512221,3896
7183,1774012529814207921,1774012529818377860,4169
7184,1774012529820001794,1774012529824310232,4308
7185,1774012529825983562,1774012529829691156,3707
7186,1774012529831394162,1774012529834971832,3577
7187,1774012529836837656,1774012529841095394,4257
7188,1774012529842754894,1774012529846432352,3677
7189,1774012529848296955,1774012529852396661,4099
7190,1774012529854443382,1774012529858378770,3935
7191,1774012529860341162,1774012529864168053,3826
7192,1774012529865922868,1774012529870051972,4129
7193,1774012529871408809,1774012529874713877,3305
7194,1774012529876380329,1774012529880268959,3888
7195,1774012529881827535,1774012529886141191,4313
7196,1774012529887775722,1774012529891770007,3994
7197,1774012529893149517,1774012529896422203,3272
7198,1774012529898083096,1774012529901907435,3824
7199,1774012529903605878,1774012529907935796,4329
7200,1774012529909818338,1774012529914096395,4278
7201,1774012529915951401,1774012529920257982,4306
7202,1774012529921942586,1774012529926167701,4225
7203,1774012529928075083,1774012529932484917,4409
7204,1774012529934264536,1774012529938493084,4228
7205,1774012529940174412,1774012529944419423,4245
7206,1774012529946095643,1774012529949815882,3720
7207,1774012529951524752,1774012529955875759,4351
7208,1774012529957570415,1774012529961915508,4345
7209,1774012529963689034,1774012529968100810,4411
7210,1774012529969822892,1774012529974160349,4337
7211,1774012529976025062,1774012529980395433,4370
7212,1774012529982163537,1774012529986445841,4282
7213,1774012529988289800,1774012529992620712,4330
7214,1774012529994408889,1774012529998661889,4253
7215,1774012530000505741,1774012530004103150,3597
7216,1774012530005688779,1774012530009836525,4147
7217,1774012530011279636,1774012530015164238,3884
7218,1774012530016856193,1774012530020111991,3255
7219,1774012530021822634,1774012530025622698,3800
7220,1774012530027290362,1774012530030775551,3485
7221,1774012530032326190,1774012530035501328,3175
7222,1774012530037096233,1774012530041246168,4149
7223,1774012530042930600,1774012530046473993,3543
7224,1774012530048294224,1774012530052479399,4185
7225,1774012530054156203,1774012530057660147,3503
7226,1774012530059503117,1774012530063831583,4328
7227,1774012530065513167,1774012530069764924,4251
7228,1774012530071731989,1774012530075899988,4167
7229,1774012530077839707,1774012530082098251,4258
7230,1774012530083869578,1774012530087949559,4079
7231,1774012530089864283,1774012530094152080,4287
7232,1774012530095946822,1774012530099735138,3788
7233,1774012530101549993,1774012530105805434,4255
7234,1774012530107802930,1774012530111436794,3633
7235,1774012530113087174,1774012530116682623,3595
7236,1774012530118352936,1774012530121897175,3544
7237,1774012530123962669,1774012530128032065,4069
7238,1774012530129833601,1774012530133456891,3623
7239,1774012530135163925,1774012530138542454,3378
7240,1774012530140207163,1774012530143710852,3503
7241,1774012530145349357,1774012530149920074,4570
7242,1774012530151691902,1774012530156091211,4399
7243,1774012530157673954,1774012530162240690,4566
7244,1774012530163619833,1774012530166932068,3312
7245,1774012530168562749,1774012530171817813,3255
7246,1774012530173404897,1774012530176767646,3362
7247,1774012530178299761,1774012530181742080,3442
7248,1774012530183316454,1774012530186719830,3403
7249,1774012530188368216,1774012530192593848,4225
7250,1774012530194430433,1774012530198674698,4244
7251,1774012530200294763,1774012530204439148,4144
7252,1774012530206074800,1774012530210355102,4280
7253,1774012530211987376,1774012530216280139,4292
7254,1774012530217995307,1774012530222328535,4333
7255,1774012530223987105,1774012530228215929,4228
7256,1774012530229863143,1774012530234002944,4139
7257,1774012530235681486,1774012530239607000,3925
7258,1774012530241299393,1774012530245462374,4162
7259,1774012530247116822,1774012530250724018,3607
7260,1774012530252623411,1774012530257369923,4746
7261,1774012530259046039,1774012530262989806,3943
7262,1774012530264756450,1774012530268766050,4009
7263,1774012530270556391,1774012530274857874,4301
7264,1774012530276492552,1774012530280942576,4450
7265,1774012530282567793,1774012530286686441,4118
7266,1774012530288211236,1774012530291273253,3062
7267,1774012530292632759,1774012530296571837,3939
7268,1774012530298238714,1774012530301467666,3228
7269,1774012530303051118,1774012530306630862,3579
7270,1774012530308237425,1774012530312536929,4299
7271,1774012530314246279,1774012530318306338,4060
7272,1774012530320073000,1774012530324510015,4437
7273,1774012530326344565,1774012530330942491,4597
7274,1774012530332742314,1774012530336660913,3918
7275,1774012530338492129,1774012530342735183,4243
7276,1774012530344565263,1774012530348565621,4000
7277,1774012530350523962,1774012530354927368,4403
7278,1774012530356979525,1774012530360727473,3747
7279,1774012530362527627,1774012530366894149,4366
7280,1774012530368899073,1774012530372673595,3774
7281,1774012530374631266,1774012530379054482,4423
7282,1774012530380917035,1774012530384556960,3639
7283,1774012530386504718,1774012530390743444,4238
7284,1774012530392566831,1774012530396765663,4198
7285,1774012530398925812,1774012530403392934,4467
7286,1774012530405069286,1774012530409382299,4313
7287,1774012530411196360,1774012530415574859,4378
7288,1774012530417269895,1774012530420626158,3356
7289,1774012530422261436,1774012530425795929,3534
7290,1774012530427269429,1774012530431434964,4165
7291,1774012530433070063,1774012530437125638,4055
7292,1774012530438855630,1774012530443084001,4228
7293,1774012530444789279,1774012530448823412,4034
7294,1774012530450463630,1774012530453911542,3447
7295,1774012530455498475,1774012530460098029,4599
7296,1774012530461872647,1774012530465555337,3682
7297,1774012530467376372,1774012530471765019,4388
7298,1774012530473464561,1774012530477811120,4346
7299,1774012530479733665,1774012530484112437,4378
7300,1774012530485776160,1774012530489486106,3709
7301,1774012530491303360,1774012530495858521,4555
7302,1774012530497606668,1774012530501953381,4346
7303,1774012530503621463,1774012530508132879,4511
7304,1774012530509973421,1774012530514330688,4357
7305,1774012530516133049,1774012530520383424,4250
7306,1774012530522060361,1774012530526294752,4234
7307,1774012530528159338,1774012530532339492,4180
7308,1774012530534006264,1774012530538247094,4240
7309,1774012530540191211,1774012530544397057,4205
7310,1774012530546079152,1774012530550585085,4505
7311,1774012530552563250,1774012530556078884,3515
7312,1774012530557707058,1774012530561074486,3367
7313,1774012530562578716,1774012530567174415,4595
7314,1774012530568932667,1774012530572094109,3161
7315,1774012530573684912,1774012530576953386,3268
7316,1774012530578358224,1774012530582294719,3936
7317,1774012530583818573,1774012530587395474,3576
7318,1774012530589049104,1774012530592509542,3460
7319,1774012530594062734,1774012530598024665,3961
7320,1774012530599560588,1774012530603437835,3877
7321,1774012530605054096,1774012530608963393,3909
7322,1774012530610659936,1774012530614868528,4208
7323,1774012530616606376,1774012530621173132,4566
7324,1774012530622917316,1774012530627036634,4119
7325,1774012530628925361,1774012530633355465,4430
7326,1774012530635149124,1774012530639044015,3894
7327,1774012530640975609,1774012530645418577,4442
7328,1774012530647264883,1774012530651022219,3757
7329,1774012530652692642,1774012530657128720,4436
7330,1774012530658914612,1774012530663347972,4433
7331,1774012530665115864,1774012530669469288,4353
7332,1774012530671227030,1774012530675152769,3925
7333,1774012530676898749,1774012530681362859,4464
7334,1774012530683128667,1774012530686993611,3864
7335,1774012530688789849,1774012530693225241,4435
7336,1774012530694880662,1774012530698594577,3713
7337,1774012530700160154,1774012530703891399,3731
7338,1774012530705706606,1774012530709896638,4190
7339,1774012530711541649,1774012530715131821,3590
7340,1774012530716622654,1774012530721041086,4418
7341,1774012530722660021,1774012530726954693,4294
7342,1774012530728621234,1774012530732029627,3408
7343,1774012530733841625,1774012530738349136,4507
7344,1774012530740129759,1774012530743715428,3585
7345,1774012530745350262,1774012530748860710,3510
7346,1774012530750537037,1774012530754527661,3990
7347,1774012530756373984,1774012530760325225,3951
7348,1774012530762289846,1774012530766421399,4131
7349,1774012530768053791,1774012530771672703,3618
7350,1774012530773368230,1774012530776868605,3500
7351,1774012530778582314,1774012530782800769,4218
7352,1774012530784453291,1774012530788182825,3729
7353,1774012530789908154,1774012530794512214,4604
7354,1774012530796189113,1774012530800025184,3836
7355,1774012530801687387,1774012530806173519,4486
7356,1774012530807913218,1774012530812074401,4161
7357,1774012530813757003,1774012530818465666,4708
7358,1774012530820189182,1774012530823992690,3803
7359,1774012530825837161,1774012530830333366,4496
7360,1774012530832092952,1774012530835640009,3547
7361,1774012530837346467,1774012530840679115,3332
7362,1774012530842392561,1774012530846571261,4178
7363,1774012530848366990,1774012530852376531,4009
7364,1774012530853931544,1774012530858130696,4199
7365,1774012530859866082,1774012530863917252,4051
7366,1774012530865508092,1774012530869007734,3499
7367,1774012530870747705,1774012530875122201,4374
7368,1774012530876921011,1774012530880798280,3877
7369,1774012530882784288,1774012530886639914,3855
7370,1774012530888288918,1774012530892530525,4241
7371,1774012530894409015,1774012530898251092,3842
7372,1774012530900068289,1774012530904528359,4460
7373,1774012530906424097,1774012530910234078,3809
7374,1774012530912138216,1774012530916670035,4531
7375,1774012530918515607,1774012530922266176,3750
7376,1774012530924240221,1774012530928607691,4367
7377,1774012530930321752,1774012530934058963,3737
7378,1774012530935818068,1774012530940333913,4515
7379,1774012530942004480,1774012530945722762,3718
7380,1774012530947484412,1774012530951347803,3863
7381,1774012530953033594,1774012530957071205,4037
7382,1774012530958732755,1774012530962382392,3649
7383,1774012530963899280,1774012530968300590,4401
7384,1774012530969943092,1774012530974724188,4781
7385,1774012530976353516,1774012530980342130,3988
7386,1774012530982000312,1774012530986466022,4465
7387,1774012530988132997,1774012530992072940,3939
7388,1774012530993733529,1774012530997843451,4109
7389,1774012530999293723,1774012531002980660,3686
7390,1774012531004834021,1774012531008640673,3806
7391,1774012531010244716,1774012531014939243,4694
7392,1774012531016740751,1774012531020503338,3762
7393,1774012531022165703,1774012531025791191,3625
7394,1774012531027447734,1774012531031697506,4249
7395,1774012531033510483,1774012531037450330,3939
7396,1774012531039194645,1774012531043116758,3922
7397,1774012531044820694,1774012531048704876,3884
7398,1774012531050476194,1774012531054567504,4091
7399,1774012531056287559,1774012531060186627,3899
7400,1774012531061831624,1774012531066112241,4280
7401,1774012531068044953,1774012531072404316,4359
7402,1774012531074059557,1774012531077719145,3659
7403,1774012531079602907,1774012531084098491,4495
7404,1774012531085959423,1774012531090227928,4268
7405,1774012531092082851,1774012531096625488,4542
7406,1774012531098381476,1774012531102618545,4237
7407,1774012531104436366,1774012531108866539,4430
7408,1774012531110599554,1774012531114353147,3753
7409,1774012531116024136,1774012531120441362,4417
7410,1774012531122069880,1774012531126518354,4448
7411,1774012531128328237,1774012531131949910,3621
7412,1774012531133625579,1774012531137673765,4048
7413,1774012531139349533,1774012531143246578,3897
7414,1774012531144891365,1774012531148519786,3628
7415,1774012531150387463,1774012531154719936,4332
7416,1774012531156412378,1774012531160218119,3805
7417,1774012531161879143,1774012531166164701,4285
7418,1774012531167983421,1774012531172038260,4054
7419,1774012531173768069,1774012531178235621,4467
7420,1774012531180006459,1774012531183969722,3963
7421,1774012531185743056,1774012531190400104,4657
7422,1774012531192081742,1774012531196056926,3975
7423,1774012531197966344,1774012531202551869,4585
7424,1774012531204331947,1774012531208211131,3879
7425,1774012531209871321,1774012531214400611,4529
7426,1774012531216193016,1774012531220242526,4049
7427,1774012531221914533,1774012531226261932,4347
7428,1774012531227987022,1774012531231763085,3776
7429,1774012531233665484,1774012531238055367,4389
7430,1774012531239691633,1774012531243308739,3617
7431,1774012531244997947,1774012531248929688,3931
7432,1774012531250640553,1774012531254684862,4044
7433,1774012531256176263,1774012531260139155,3962
7434,1774012531261662302,1774012531265400860,3738
7435,1774012531266905703,1774012531270228834,3323
7436,1774012531271764867,1774012531275722274,3957
7437,1774012531277244237,1774012531281090212,3845
7438,1774012531282809450,1774012531286870791,4061
7439,1774012531288511932,1774012531292941512,4429
7440,1774012531294734009,1774012531299263223,4529
7441,1774012531301117559,1774012531304873648,3756
7442,1774012531306749106,1774012531310855064,4105
7443,1774012531312612045,1774012531316561500,3949
7444,1774012531318363186,1774012531322767657,4404
7445,1774012531324716857,1774012531328814538,4097
7446,1774012531330552036,1774012531334920065,4368
7447,1774012531336683162,1774012531340819321,4136
7448,1774012531342573756,1774012531347074490,4500
7449,1774012531348894041,1774012531352614483,3720
7450,1774012531354280139,1774012531358594415,4314
7451,1774012531360452804,1774012531364516341,4063
7452,1774012531366211469,1774012531369753192,3541
7453,1774012531371532822,1774012531374919986,3387
7454,1774012531376797045,1774012531381353629,4556
7455,1774012531382989050,1774012531387088450,4099
7456,1774012531388874604,1774012531392611394,3736
7457,1774012531394316034,1774012531397703170,3387
7458,1774012531399324180,1774012531402649930,3325
7459,1774012531404158186,1774012531408441998,4283
7460,1774012531410303873,1774012531415065482,4761
7461,1774012531416632599,1774012531420882103,4249
7462,1774012531422621257,1774012531426980930,4359
7463,1774012531428722990,1774012531432882531,4159
7464,1774012531434669441,1774012531438793767,4124
7465,1774012531440500371,1774012531444827054,4326
7466,1774012531446531455,1774012531450667713,4136
7467,1774012531452355922,1774012531456404859,4048
7468,1774012531458111534,1774012531462425798,4314
7469,1774012531464072524,1774012531467610485,3537
7470,1774012531469447762,1774012531473021538,3573
7471,1774012531474670166,1774012531478819434,4149
7472,1774012531480680683,1774012531484797860,4117
7473,1774012531486505274,1774012531490744911,4239
7474,1774012531498013760,1774012531502122681,4108
7475,1774012531504148105,1774012531508107536,3959
7476,1774012531509753870,1774012531514258942,4505
7477,1774012531515889623,1774012531520024612,4134
7478,1774012531521730846,1774012531526360989,4630
7479,1774012531527952971,1774012531531614537,3661
7480,1774012531533253837,1774012531536527028,3273
7481,1774012531538384773,1774012531542811497,4426
7482,1774012531544419068,1774012531547992556,3573
7483,1774012531549704748,1774012531553459090,3754
7484,1774012531555055148,1774012531558676873,3621
7485,1774012531560311940,1774012531564325389,4013
7486,1774012531566011084,1774012531570267791,4256
7487,1774012531571930527,1774012531576189547,4259
7488,1774012531577836536,1774012531582066378,4229
7489,1774012531583843223,1774012531587962156,4118
7490,1774012531589744800,1774012531593998994,4254
7491,1774012531595704681,1774012531599897707,4193
7492,1774012531601800442,1774012531606354496,4554
7493,1774012531608110232,1774012531612116806,4006
7494,1774012531613969164,1774012531618536204,4567
7495,1774012531620286509,1774012531624216500,3929
7496,1774012531625866422,1774012531630247463,4381
7497,1774012531631982156,1774012531636013376,4031
7498,1774012531637921384,1774012531641625321,3703
7499,1774012531643419400,1774012531647598288,4178
7500,1774012531649509771,1774012531653348591,3838
7501,1774012531654999331,1774012531659425730,4426
7502,1774012531661134246,1774012531665595845,4461
7503,1774012531667251773,1774012531670922803,3671
7504,1774012531672584082,1774012531676222166,3638
7505,1774012531677859093,1774012531682119974,4260
7506,1774012531683707810,1774012531687653103,3945
7507,1774012531689231065,1774012531693435961,4204
7508,1774012531694946519,1774012531699321244,4374
7509,1774012531701025531,1774012531705439507,4413
7510,1774012531707019515,1774012531710759264,3739
7511,1774012531712606465,1774012531717080911,4474
7512,1774012531718745296,1774012531722621106,3875
7513,1774012531724398354,1774012531728722336,4323
7514,1774012531730458512,1774012531734097015,3638
7515,1774012531735881264,1774012531740403809,4522
7516,1774012531742099560,1774012531745853142,3753
7517,1774012531747616855,1774012531751876074,4259
7518,1774012531753548831,1774012531757581020,4032
7519,1774012531759307329,1774012531762843016,3535
7520,1774012531764547359,1774012531769032291,4484
7521,1774012531770936592,1774012531774938116,4001
7522,1774012531776714913,1774012531781196591,4481
7523,1774012531782928635,1774012531786609222,3680
7524,1774012531788271039,1774012531792824158,4553
7525,1774012531794675043,1774012531799073199,4398
7526,1774012531800725226,1774012531805086032,4360
7527,1774012531806835237,1774012531810484982,3649
7528,1774012531812157683,1774012531816122769,3965
7529,1774012531817684084,1774012531821035109,3351
7530,1774012531822813614,1774012531827381925,4568
7531,1774012531829049570,1774012531832607872,3558
7532,1774012531834420559,1774012531838735472,4314
7533,1774012531840470415,1774012531844423293,3952
7534,1774012531846324476,1774012531850601758,4277
7535,1774012531852284234,1774012531855770087,3485
7536,1774012531857374092,1774012531861146003,3771
7537,1774012531862813841,1774012531867026336,4212
7538,1774012531868838833,1774012531872834800,3995
7539,1774012531874574778,1774012531878745793,4171
7540,1774012531880433083,1774012531884690162,4257
7541,1774012531886389055,1774012531890482264,4093
7542,1774012531892108584,1774012531896251389,4142
7543,1774012531897891011,1774012531901878069,3987
7544,1774012531903525703,1774012531908032011,4506
7545,1774012531909706316,1774012531914033317,4327
7546,1774012531915894898,1774012531920209189,4314
7547,1774012531922142331,1774012531925988607,3846
7548,1774012531927767432,1774012531932365195,4597
7549,1774012531934118699,1774012531938545190,4426
7550,1774012531940273752,1774012531943496413,3222
7551,1774012531944741728,1774012531948536761,3795
7552,1774012531950260497,1774012531953563503,3303
7553,1774012531955214409,1774012531958321418,3107
7554,1774012531959889697,1774012531964268195,4378
7555,1774012531966068375,1774012531969712491,3644
7556,1774012531971411263,1774012531975731755,4320
7557,1774012531977379740,1774012531980962790,3583
7558,1774012531982707938,1774012531987179870,4471
7559,1774012531988824296,1774012531992641373,3817
7560,1774012531994372610,1774012531998658914,4286
7561,1774012532000499568,1774012532004668459,4168
7562,1774012532006423260,1774012532010691057,4267
7563,1774012532012445415,1774012532016695025,4249
7564,1774012532018433458,1774012532023136728,4703
7565,1774012532025061750,1774012532029107738,4045
7566,1774012532030778285,1774012532035414355,4636
7567,1774012532037104775,1774012532041052978,3948
7568,1774012532043045127,1774012532047534239,4489
7569,1774012532049168317,1774012532052993218,3824
7570,1774012532054850992,1774012532059389462,4538
7571,1774012532061075421,1774012532065036648,3961
7572,1774012532066701095,1774012532071181341,4480
7573,1774012532072879662,1774012532076787710,3908
7574,1774012532078484337,1774012532082676494,4192
7575,1774012532084493539,1774012532088901725,4408
7576,1774012532090464589,1774012532093844818,3380
7577,1774012532095581415,1774012532099624941,4043
7578,1774012532101378453,1774012532104805898,3427
7579,1774012532106452584,1774012532110069386,3616
7580,1774012532111815004,1774012532115457356,3642
7581,1774012532117004012,1774012532121258811,4254
7582,1774012532122855441,1774012532126909970,4054
7583,1774012532128714317,1774012532132987304,4272
7584,1774012532134634769,1774012532138699912,4065
7585,1774012532140474553,1774012532144624501,4149
7586,1774012532146297857,1774012532149899719,3601
7587,1774012532151651968,1774012532156034317,4382
7588,1774012532157942056,1774012532161527916,3585
7589,1774012532163316821,1774012532166945378,3628
7590,1774012532168758985,1774012532172888889,4129
7591,1774012532174736867,1774012532179322207,4585
7592,1774012532181086566,1774012532184938697,3852
7593,1774012532186637883,1774012532190855753,4217
7594,1774012532192555130,1774012532196627211,4072
7595,1774012532198380492,1774012532202718955,4338
7596,1774012532204567439,1774012532209177672,4610
7597,1774012532210866075,1774012532215372823,4506
7598,1774012532217026360,1774012532221036782,4010
7599,1774012532222840027,1774012532227370333,4530
7600,1774012532228919564,1774012532233025041,4105
7601,1774012532234699341,1774012532238990151,4290
7602,1774012532240807261,1774012532244896336,4089
7603,1774012532246505873,1774012532249912046,3406
7604,1774012532251476533,1774012532255406274,3929
7605,1774012532257237321,1774012532261267601,4030
7606,1774012532263069874,1774012532267516261,4446
7607,1774012532269219357,1774012532273440895,4221
7608,1774012532275174473,1774012532279465149,4290
7609,1774012532281242664,1774012532285408900,4166
7610,1774012532287005528,1774012532291279007,4273
7611,1774012532292964094,1774012532297096481,4132
7612,1774012532298765349,1774012532303351134,4585
7613,1774012532305325895,1774012532309187024,3861
7614,1774012532310824308,1774012532315241868,4417
7615,1774012532317002017,1774012532321088229,4086
7616,1774012532322751684,1774012532327348254,4596
7617,1774012532329087018,1774012532333162527,4075
7618,1774012532334839155,1774012532339189677,4350
7619,1774012532340937702,1774012532344881906,3944
7620,1774012532346634139,1774012532351055258,4421
7621,1774012532352765528,1774012532356099207,3333
7622,1774012532357722345,1774012532361408826,3686
7623,1774012532363010535,1774012532366455952,3445
7624,1774012532367712017,1774012532371204352,3492
7625,1774012532372550789,1774012532376612665,4061
7626,1774012532378341671,1774012532381827611,3485
7627,1774012532383493089,1774012532387790984,4297
7628,1774012532389426843,1774012532393427298,4000
7629,1774012532395212141,1774012532399544501,4332
7630,1774012532401310463,1774012532405883572,4573
7631,1774012532407842644,1774012532412067627,4224
7632,1774012532413584795,1774012532417632520,4047
7633,1774012532419462161,1774012532423891523,4429
7634,1774012532425858872,1774012532429573809,3714
7635,1774012532431272590,1774012532434902269,3629
7636,1774012532436636233,1774012532440883665,4247
7637,1774012532442553211,1774012532446999971,4446
7638,1774012532448698507,1774012532452883292,4184
7639,1774012532454558086,1774012532458986226,4428
7640,1774012532460838209,1774012532464978010,4139
7641,1774012532466717571,1774012532471147001,4429
7642,1774012532472878280,1774012532476698657,3820
7643,1774012532478429757,1774012532481834709,3404
7644,1774012532483463380,1774012532487951169,4487
7645,1774012532489605656,1774012532494125813,4520
7646,1774012532495673247,1774012532500107762,4434
7647,1774012532501835662,1774012532505394011,3558
7648,1774012532507016356,1774012532510528910,3512
7649,1774012532512158513,1774012532516480713,4322
7650,1774012532518114724,1774012532521708855,3594
7651,1774012532523345263,1774012532527093376,3748
7652,1774012532528895903,1774012532533232551,4336
7653,1774012532534886218,1774012532539368259,4482
7654,1774012532541216183,1774012532545529301,4313
7655,1774012532547218232,1774012532550924419,3706
7656,1774012532552860905,1774012532557255148,4394
7657,1774012532558911951,1774012532563063293,4151
7658,1774012532564916005,1774012532569185596,4269
7659,1774012532570865101,1774012532574928453,4063
7660,1774012532576905184,1774012532581191046,4285
7661,1774012532582865360,1774012532586534923,3669
7662,1774012532588378324,1774012532592762400,4384
7663,1774012532594483880,1774012532598713436,4229
7664,1774012532600517353,1774012532604974191,4456
7665,1774012532606902665,1774012532610727849,3825
7666,1774012532612492626,1774012532616794171,4301
7667,1774012532618533812,1774012532622997022,4463
7668,1774012532624580515,1774012532629253348,4672
7669,1774012532630877116,1774012532635340906,4463
7670,1774012532636861359,1774012532641276478,4415
7671,1774012532642995223,1774012532647279240,4284
7672,1774012532648951713,1774012532653381995,4430
7673,1774012532655013850,1774012532658539980,3526
7674,1774012532660098574,1774012532663556996,3458
7675,1774012532665368195,1774012532669593663,4225
7676,1774012532671224891,1774012532674681177,3456
7677,1774012532676360488,1774012532680743046,4382
7678,1774012532682452912,1774012532686197689,3744
7679,1774012532687970625,1774012532692202163,4231
7680,1774012532693931072,1774012532698067868,4136
7681,1774012532699896478,1774012532704343971,4447
7682,1774012532706297958,1774012532709895111,3597
7683,1774012532711953923,1774012532716338938,4385
7684,1774012532718108714,1774012532722190856,4082
7685,1774012532724220977,1774012532728738633,4517
7686,1774012532730514960,1774012532734312202,3797
7687,1774012532736178511,1774012532740733280,4554
7688,1774012532742511335,1774012532746546715,4035
7689,1774012532748388415,1774012532752701901,4313
7690,1774012532754361721,1774012532758798507,4436
7691,1774012532760491855,1774012532763974237,3482
7692,1774012532765610410,1774012532770154114,4543
7693,1774012532771723254,1774012532776315929,4592
7694,1774012532778015937,1774012532782470163,4454
7695,1774012532783954219,1774012532787268421,3314
7696,1774012532788799692,1774012532792120851,3321
7697,1774012532793669368,1774012532797850996,4181
7698,1774012532799530595,1774012532803403221,3872
7699,1774012532805073136,1774012532808868224,3795
7700,1774012532810572330,1774012532814766104,4193
7701,1774012532816407044,1774012532820215710,3808
7702,1774012532821899220,1774012532826371326,4472
7703,1774012532828037724,1774012532831630621,3592
7704,1774012532833360198,1774012532837855697,4495
7705,1774012532839693763,1774012532843835645,4141
7706,1774012532845678658,1774012532850193167,4514
7707,1774012532851836244,1774012532856016389,4180
7708,1774012532857702502,1774012532861600974,3898
7709,1774012532863520516,1774012532867732152,4211
7710,1774012532869685466,1774012532873988220,4302
7711,1774012532875769857,1774012532879917370,4147
7712,1774012532881684850,1774012532886126000,4441
7713,1774012532887915359,1774012532891953175,4037
7714,1774012532893706420,1774012532897558828,3852
7715,1774012532899367278,1774012532903918386,4551
7716,1774012532905663599,1774012532909157961,3494
7717,1774012532910848905,1774012532915203618,4354
7718,1774012532916722533,1774012532920531430,3808
7719,1774012532922216773,1774012532925545858,3329
7720,1774012532927132164,1774012532931085861,3953
7721,1774012532932659299,1774012532936395525,3736
7722,1774012532937951435,1774012532941514848,3563
7723,1774012532943240653,1774012532947417863,4177
7724,1774012532949073942,1774012532953265051,4191
7725,1774012532954984221,1774012532959207849,4223
7726,1774012532960820158,1774012532964884163,4064
7727,1774012532966915485,1774012532971268236,4352
7728,1774012532973022964,1774012532977146614,4123
7729,1774012532979112816,1774012532983703239,4590
7730,1774012532985613849,1774012532990702098,5088
7731,1774012532992602794,1774012532996373911,3771
7732,1774012532998048445,1774012533001686290,3637
7733,1774012533003301506,1774012533006761724,3460
7734,1774012533008405842,1774012533012676939,4271
7735,1774012533014358795,1774012533018036089,3677
7736,1774012533019676397,1774012533024002186,4325
7737,1774012533025924832,1774012533030112282,4187
7738,1774012533031893116,1774012533036213408,4320
7739,1774012533038027223,1774012533042039112,4011
7740,1774012533043857774,1774012533048209065,4351
7741,1774012533049909232,1774012533053548842,3639
7742,1774012533055209276,1774012533058539976,3330
7743,1774012533060070052,1774012533064068548,3998
7744,1774012533065697966,1774012533068989260,3291
7745,1774012533070565004,1774012533074917463,4352
7746,1774012533076505409,1774012533080748740,4243
7747,1774012533082440209,1774012533086939593,4499
7748,1774012533088874333,1774012533093348040,4473
7749,1774012533095117931,1774012533099004086,3886
7750,1774012533100953566,1774012533105512176,4558
7751,1774012533107185376,1774012533111423585,4238
7752,1774012533113171126,1774012533117427505,4256
7753,1774012533119114337,1774012533123583055,4468
7754,1774012533125577173,1774012533129841428,4264
7755,1774012533131677618,1774012533136294451,4616
7756,1774012533137992888,1774012533141634754,3641
7757,1774012533143306018,1774012533147931476,4625
7758,1774012533149951549,1774012533154194916,4243
7759,1774012533155861947,1774012533160182560,4320
7760,1774012533162070661,1774012533166362017,4291
7761,1774012533168047898,1774012533172222103,4174
7762,1774012533173920376,1774012533178321884,4401
7763,1774012533179522897,1774012533182843700,3320
7764,1774012533184446280,1774012533188320152,3873
7765,1774012533189939791,1774012533193477641,3537
7766,1774012533195047411,1774012533198552214,3504
7767,1774012533200073232,1774012533204461643,4388
7768,1774012533206323244,1774012533209865464,3542
7769,1774012533211485815,1774012533215266393,3780
7770,1774012533216887016,1774012533220880677,3993
7771,1774012533222551459,1774012533227046635,4495
7772,1774012533228688396,1774012533232724014,4035
7773,1774012533234696884,1774012533239230747,4533
7774,1774012533240953311,1774012533245028139,4074
7775,1774012533247004609,1774012533251521874,4517
7776,1774012533253182270,1774012533257032594,3850
7777,1774012533259213563,1774012533263613789,4400
7778,1774012533265334289,1774012533269171324,3837
7779,1774012533270529465,1774012533274013624,3484
7780,1774012533275736255,1774012533280052258,4316
7781,1774012533281675888,1774012533285388907,3713
7782,1774012533287012728,1774012533291226034,4213
7783,1774012533292857273,1774012533296962551,4105
7784,1774012533298752863,1774012533302976898,4224
7785,1774012533304703051,1774012533308672681,3969
7786,1774012533310492535,1774012533313885404,3392
7787,1774012533315634464,1774012533319383307,3748
7788,1774012533320930934,1774012533324865179,3934
7789,1774012533326573935,1774012533329944752,3370
7790,1774012533331586292,1774012533335249091,3662
7791,1774012533336779806,1774012533340463513,3683
7792,1774012533342004242,1774012533346443238,4438
7793,1774012533348196276,1774012533351674980,3478
7794,1774012533353279862,1774012533356728674,3448
7795,1774012533358465934,1774012533362811729,4345
7796,1774012533364468868,1774012533368345134,3876
7797,1774012533370033815,1774012533374528853,4495
7798,1774012533376198666,1774012533380054636,3855
7799,1774012533381889238,1774012533385540931,3651
7800,1774012533387212676,1774012533391474668,4261
7801,1774012533393332761,1774012533396763329,3430
7802,1774012533398586590,1774012533403036382,4449
7803,1774012533404698871,1774012533408330199,3631
7804,1774012533410056058,1774012533414512903,4456
7805,1774012533416192065,1774012533420457967,4265
7806,1774012533422095983,1774012533425575438,3479
7807,1774012533427353552,1774012533431578426,4224
7808,1774012533433384527,1774012533436932167,3547
7809,1774012533438589208,1774012533442930774,4341
7810,1774012533444699054,1774012533448446641,3747
7811,1774012533450129848,1774012533454586609,4456
7812,1774012533456354613,1774012533460345167,3990
7813,1774012533462003294,1774012533466447707,4444
7814,1774012533468107600,1774012533472212043,4104
7815,1774012533473523654,1774012533477840649,4316
7816,1774012533479491146,1774012533484111830,4620
7817,1774012533485807358,1774012533490018188,4210
7818,1774012533491665401,1774012533496032614,4367
7819,1774012533497833439,1774012533502067310,4233
7820,1774012533504120512,1774012533507866718,3746
7821,1774012533509532530,1774012533513785642,4253
7822,1774012533515475995,1774012533519438848,3962
7823,1774012533521093343,1774012533525454120,4360
7824,1774012533527225741,1774012533531397782,4172
7825,1774012533533360991,1774012533537313801,3952
7826,1774012533539219801,1774012533543239669,4019
7827,1774012533545265859,1774012533549651286,4385
7828,1774012533551332861,1774012533555262299,3929
7829,1774012533557107478,1774012533561444274,4336
7830,1774012533563196224,1774012533567140963,3944
7831,1774012533568960520,1774012533573377319,4416
7832,1774012533575023564,1774012533578631153,3607
7833,1774012533580519334,1774012533585058036,4538
7834,1774012533586765198,1774012533591158464,4393
7835,1774012533592870883,1774012533597228598,4357
7836,1774012533598904543,1774012533602426705,3522
7837,1774012533604144121,1774012533607770447,3626
7838,1774012533609282445,1774012533613430436,4147
7839,1774012533615181164,1774012533618377680,3196
7840,1774012533619923743,1774012533623430589,3506
7841,1774012533625281139,1774012533629118754,3837
7842,1774012533630780829,1774012533635249880,4469
7843,1774012533637218987,1774012533641018675,3799
7844,1774012533642743930,1774012533647014094,4270
7845,1774012533648932910,1774012533653056713,4123
7846,1774012533654837447,1774012533659243134,4405
7847,1774012533661138333,1774012533665037914,3899
7848,1774012533666788371,1774012533671062571,4274
7849,1774012533672928862,1774012533677028149,4099
7850,1774012533678988206,1774012533683292176,4303
7851,1774012533685062422,1774012533688884061,3821
7852,1774012533690511023,1774012533694835556,4324
7853,1774012533696604431,1774012533700719955,4115
7854,1774012533702521432,1774012533705929514,3408
7855,1774012533707669690,1774012533711490072,3820
7856,1774012533713174227,1774012533716924600,3750
7857,1774012533718749070,1774012533722785249,4036
7858,1774012533724337293,1774012533728280252,3942
7859,1774012533729957278,1774012533734341027,4383
7860,1774012533736038380,1774012533739773893,3735
7861,1774012533741359294,1774012533745995516,4636
7862,1774012533747518447,1774012533751611040,4092
7863,1774012533753258943,1774012533757575318,4316
7864,1774012533759202340,1774012533763283585,4081
7865,1774012533765071930,1774012533769239347,4167
7866,1774012533771027360,1774012533775387014,4359
7867,1774012533777074229,1774012533781415151,4340
7868,1774012533783058288,1774012533787402529,4344
7869,1774012533789084199,1774012533792704989,3620
7870,1774012533794604569,1774012533798386107,3781
7871,1774012533800144526,1774012533804523281,4378
7872,1774012533806430958,1774012533810517869,4086
7873,1774012533812161060,1774012533815897095,3736
7874,1774012533817764229,1774012533822018161,4253
7875,1774012533823908652,1774012533827528821,3620
7876,1774012533829170448,1774012533832815113,3644
7877,1774012533834777349,1774012533838894564,4117
7878,1774012533840663499,1774012533844461903,3798
7879,1774012533846277630,1774012533850407417,4129
7880,1774012533852082348,1774012533856035205,3952
7881,1774012533857732172,1774012533862126643,4394
7882,1774012533863754565,1774012533867869598,4115
7883,1774012533869544680,1774012533873663267,4118
7884,1774012533875278172,1774012533879523741,4245
7885,1774012533881056368,1774012533885544157,4487
7886,1774012533886952280,1774012533890593947,3641
7887,1774012533892213418,1774012533895613491,3400
7888,1774012533897162967,1774012533900625621,3462
7889,1774012533902445576,1774012533906662475,4216
7890,1774012533908327075,1774012533911747090,3420
7891,1774012533913498653,1774012533916873183,3374
7892,1774012533918474990,1774012533922564931,4089
7893,1774012533924361773,1774012533928049600,3687
7894,1774012533929706914,1774012533934052720,4345
7895,1774012533935864300,1774012533940050377,4186
7896,1774012533941758204,1774012533946047045,4288
7897,1774012533947835282,1774012533952015140,4179
7898,1774012533953842351,1774012533958390073,4547
7899,1774012533960413454,1774012533964170315,3756
7900,1774012533965841500,1774012533970494171,4652
7901,1774012533972208791,1774012533975998419,3789
7902,1774012533977595044,1774012533982065088,4470
7903,1774012533984022757,1774012533987896458,3873
7904,1774012533989657899,1774012533993975066,4317
7905,1774012533995694163,1774012534000273524,4579
7906,1774012534001914600,1774012534006342414,4427
7907,1774012534008215654,1774012534011306364,3090
7908,1774012534012845010,1774012534016742893,3897
7909,1774012534018303578,1774012534022640344,4336
7910,1774012534024211860,1774012534027587892,3376
7911,1774012534029267758,1774012534032738389,3470
7912,1774012534034282628,1774012534037737736,3455
7913,1774012534039386871,1774012534042803946,3417
7914,1774012534044382349,1774012534048183110,3800
7915,1774012534049856130,1774012534053512889,3656
7916,1774012534055248838,1774012534059560034,4311
7917,1774012534061435605,1774012534065631707,4196
7918,1774012534067613337,1774012534072017249,4403
7919,1774012534073884480,1774012534078239361,4354
7920,1774012534080011093,1774012534084344143,4333
7921,1774012534086162498,1774012534090444961,4282
7922,1774012534092139396,1774012534096727766,4588
7923,1774012534098572673,1774012534102636206,4063
7924,1774012534104360482,1774012534108630394,4269
7925,1774012534110724773,1774012534114636089,3911
7926,1774012534116346589,1774012534120667891,4321
7927,1774012534122371987,1774012534125824516,3452
7928,1774012534127466214,1774012534130881624,3415
7929,1774012534132618566,1774012534137047990,4429
7930,1774012534138680159,1774012534142094983,3414
7931,1774012534143698764,1774012534147801772,4103
7932,1774012534149485065,1774012534152815454,3330
7933,1774012534154608545,1774012534158986147,4377
7934,1774012534160593126,1774012534164762728,4169
7935,1774012534166355265,1774012534169722296,3367
7936,1774012534171273300,1774012534174819177,3545
7937,1774012534176336108,1774012534180584536,4248
7938,1774012534182385621,1774012534186697996,4312
7939,1774012534188379236,1774012534192735572,4356
7940,1774012534194423627,1774012534198390596,3966
7941,1774012534200070853,1774012534204396780,4325
7942,1774012534205971833,1774012534209635115,3663
7943,1774012534211344276,1774012534215609675,4265
7944,1774012534217305466,1774012534221605376,4299
7945,1774012534223295699,1774012534227669935,4374
7946,1774012534229425301,1774012534233654472,4229
7947,1774012534235286288,1774012534239585486,4299
7948,1774012534241336591,1774012534244863647,3527
7949,1774012534246774077,1774012534250554791,3780
7950,1774012534252313398,1774012534255800387,3486
7951,1774012534257480377,1774012534261176439,3696
7952,1774012534262911740,1774012534266545235,3633
7953,1774012534268267453,1774012534272102682,3835
7954,1774012534273419415,1774012534276765793,3346
7955,1774012534278285735,1774012534282113325,3827
7956,1774012534283614298,1774012534286890997,3276
7957,1774012534288346429,1774012534291958259,3611
7958,1774012534293530178,1774012534297464452,3934
7959,1774012534298807217,1774012534303457739,4650
7960,1774012534305120521,1774012534308816011,3695
7961,1774012534310501517,1774012534314063391,3561
7962,1774012534315700288,1774012534320109623,4409
7963,1774012534321855940,1774012534326365118,4509
7964,1774012534328262354,1774012534332487114,4224
7965,1774012534334445203,1774012534339072332,4627
7966,1774012534340969142,1774012534344668678,3699
7967,1774012534346657588,1774012534350903452,4245
7968,1774012534352619125,1774012534356784791,4165
7969,1774012534358767870,1774012534363023245,4255
7970,1774012534364963591,1774012534369073612,4110
7971,1774012534370813891,1774012534375525944,4712
7972,1774012534377252367,1774012534380825927,3573
7973,1774012534382671328,1774012534386685369,4014
7974,1774012534388538309,1774012534392708006,4169
7975,1774012534394485989,1774012534399042129,4556
7976,1774012534400829932,1774012534404558743,3728
7977,1774012534406268069,1774012534409765688,3497
7978,1774012534411570067,1774012534416122940,4552
7979,1774012534417738385,1774012534422086506,4348
7980,1774012534423567243,1774012534426922198,3354
7981,1774012534428064124,1774012534432130429,4066
7982,1774012534433640121,1774012534437871115,4230
7983,1774012534439117027,1774012534442829347,3712
7984,1774012534444596759,1774012534448519798,3923
7985,1774012534450168999,1774012534454361356,4192
7986,1774012534456170359,1774012534460730509,4560
7987,1774012534462448739,1774012534466133972,3685
7988,1774012534467968304,1774012534472698200,4729
7989,1774012534474486006,1774012534478926441,4440
7990,1774012534480620953,1774012534485095617,4474
7991,1774012534487140465,1774012534491622697,4482
7992,1774012534493365925,1774012534497565430,4199
7993,1774012534499651830,1774012534503938848,4287
7994,1774012534505716778,1774012534510036989,4320
7995,1774012534511975221,1774012534516424461,4449
7996,1774012534518120092,1774012534522091369,3971
7997,1774012534523959708,1774012534528514547,4554
7998,1774012534530235548,1774012534533871620,3636
7999,1774012534535910639,1774012534540347485,4436
8000,1774012534542059044,1774012534545588894,3529
8001,1774012534547348666,1774012534551901303,4552
8002,1774012534553290786,1774012534557230313,3939
8003,1774012534558978117,1774012534562341660,3363
8004,1774012534563873906,1774012534567692450,3818
8005,1774012534569002194,1774012534572866513,3864
8006,1774012534574525307,1774012534578233030,3707
8007,1774012534579831185,1774012534583787197,3956
8008,1774012534585414625,1774012534589829653,4415
8009,1774012534591460261,1774012534595552283,4092
8010,1774012534597182243,1774012534601411825,4229
8011,1774012534603065915,1774012534607412626,4346
8012,1774012534609062852,1774012534613365731,4302
8013,1774012534615327068,1774012534619378794,4051
8014,1774012534621184472,1774012534624731616,3547
8015,1774012534626500522,1774012534631024765,4524
8016,1774012534632709066,1774012534637030578,4321
8017,1774012534638922919,1774012534643187291,4264
8018,1774012534644913090,1774012534649456670,4543
8019,1774012534651456568,1774012534656004317,4547
8020,1774012534657958678,1774012534662483900,4525
8021,1774012534664197772,1774012534667821499,3623
8022,1774012534669511859,1774012534674013665,4501
8023,1774012534675828016,1774012534679789545,3961
8024,1774012534681575214,1774012534686190851,4615
8025,1774012534687915649,1774012534691471932,3556
8026,1774012534693263526,1774012534696670290,3406
8027,1774012534698119311,1774012534701554537,3435
8028,1774012534703145103,1774012534707056774,3911
8029,1774012534708702080,1774012534712894732,4192
8030,1774012534714508359,1774012534718379362,3871
8031,1774012534719946685,1774012534724303689,4357
8032,1774012534725914112,1774012534729817904,3903
8033,1774012534731872028,1774012534736346834,4474
8034,1774012534738073622,1774012534742171731,4098
8035,1774012534744027655,1774012534748561110,4533
8036,1774012534750433325,1774012534754323760,3890
8037,1774012534756050014,1774012534760526008,4475
8038,1774012534762180577,1774012534765865819,3685
8039,1774012534767591015,1774012534771628131,4037
8040,1774012534773356994,1774012534776872702,3515
8041,1774012534778566547,1774012534782716159,4149
8042,1774012534784586743,1774012534788617067,4030
8043,1774012534790382742,1774012534794351956,3969
8044,1774012534796092663,1774012534800266958,4174
8045,1774012534801945200,1774012534806078658,4133
8046,1774012534807724285,1774012534811964186,4239
8047,1774012534813670965,1774012534817779972,4109
8048,1774012534819538262,1774012534822983426,3445
8049,1774012534824752569,1774012534829123805,4371
8050,1774012534830943411,1774012534834596360,3652
8051,1774012534836104864,1774012534840671418,4566
8052,1774012534842296649,1774012534845812907,3516
8053,1774012534847512634,1774012534850995962,3483
8054,1774012534852681115,1774012534857075092,4393
8055,1774012534858757102,1774012534862441919,3684
8056,1774012534864202785,1774012534867728652,3525
8057,1774012534869555863,1774012534873381005,3825
8058,1774012534874993902,1774012534878612371,3618
8059,1774012534880361315,1774012534883909929,3548
8060,1774012534885667762,1774012534889749295,4081
8061,1774012534891412290,1774012534895205333,3793
8062,1774012534896965646,1774012534901335499,4369
8063,1774012534903278820,1774012534906955041,3676
8064,1774012534908816249,1774012534913244251,4428
8065,1774012534914991669,1774012534918546562,3554
8066,1774012534920203593,1774012534924606016,4402
8067,1774012534926360754,1774012534929918272,3557
8068,1774012534931582532,1774012534935429337,3846
8069,1774012534937209682,1774012534941259689,4050
8070,1774012534943173645,1774012534947468155,4294
8071,1774012534949306450,1774012534952897841,3591
8072,1774012534954593848,1774012534959028952,4435
8073,1774012534960850614,1774012534964461905,3611
8074,1774012534966214157,1774012534970513271,4299
8075,1774012534972315428,1774012534975735099,3419
8076,1774012534977394791,1774012534981207844,3813
8077,1774012534982869833,1774012534987228704,4358
8078,1774012534988697177,1774012534992724095,4026
8079,1774012534994405310,1774012534998948195,4542
8080,1774012535000714457,1774012535004960087,4245
8081,1774012535006588549,1774012535011142815,4554
8082,1774012535012803822,1774012535016468787,3664
8083,1774012535018085394,1774012535022356325,4270
8084,1774012535024071269,1774012535027687517,3616
8085,1774012535029340091,1774012535033055026,3714
8086,1774012535034866330,1774012535038418881,3552
8087,1774012535040216135,1774012535044140714,3924
8088,1774012535045782045,1774012535050002502,4220
8089,1774012535051744088,1774012535055373800,3629
8090,1774012535057158169,1774012535061428037,4269
8091,1774012535063179666,1774012535066862876,3683
8092,1774012535068505502,1774012535073324509,4819
8093,1774012535075116779,1774012535078761436,3644
8094,1774012535080466553,1774012535085127659,4661
8095,1774012535086918368,1774012535090668115,3749
8096,1774012535092372444,1774012535096765227,4392
8097,1774012535098401377,1774012535103058835,4657
8098,1774012535104851999,1774012535108597912,3745
8099,1774012535110239400,1774012535114417164,4177
8100,1774012535115973751,1774012535120067225,4093
8101,1774012535121702973,1774012535125929735,4226
8102,1774012535127583626,1774012535131990722,4407
8103,1774012535133801500,1774012535137447892,3646
8104,1774012535139175940,1774012535143476633,4300
8105,1774012535145286026,1774012535149380901,4094
8106,1774012535151130871,1774012535154610315,3479
8107,1774012535156232804,1774012535159911260,3678
8108,1774012535161641197,1774012535165506019,3864
8109,1774012535167169266,1774012535171141691,3972
8110,1774012535172838611,1774012535176955750,4117
8111,1774012535178554285,1774012535182430708,3876
8112,1774012535184093215,1774012535188334928,4241
8113,1774012535190024936,1774012535193882745,3857
8114,1774012535195682258,1774012535200030038,4347
8115,1774012535201702962,1774012535205437062,3734
8116,1774012535207271447,1774012535211795282,4523
8117,1774012535213517308,1774012535218090268,4572
8118,1774012535220099053,1774012535224522831,4423
8119,1774012535226192212,1774012535229747085,3554
8120,1774012535231628377,1774012535236119039,4490
8121,1774012535237855202,1774012535241578536,3723
8122,1774012535243249763,1774012535247910581,4660
8123,1774012535249554303,1774012535253969845,4415
8124,1774012535255688565,1774012535259071681,3383
8125,1774012535260715316,1774012535264141625,3426
8126,1774012535265756725,1774012535270118266,4361
8127,1774012535271740434,1774012535275663487,3923
8128,1774012535277346123,1774012535281509688,4163
8129,1774012535283247297,1774012535286777680,3530
8130,1774012535288615864,1774012535293127265,4511
8131,1774012535294875113,1774012535298590336,3715
8132,1774012535300285986,1774012535303960299,3674
8133,1774012535305724232,1774012535310184016,4459
8134,1774012535311966306,1774012535315690416,3724
8135,1774012535317391293,1774012535321047253,3655
8136,1774012535322787629,1774012535327012256,4224
8137,1774012535328771239,1774012535332885375,4114
8138,1774012535334677368,1774012535338583835,3906
8139,1774012535340379723,1774012535344642111,4262
8140,1774012535346393298,1774012535350623492,4230
8141,1774012535352329262,1774012535357133800,4804
8142,1774012535359036163,1774012535363639586,4603
8143,1774012535365551514,1774012535370153409,4601
8144,1774012535371929513,1774012535375432517,3503
8145,1774012535377244713,1774012535380779185,3534
8146,1774012535382582280,1774012535386221512,3639
8147,1774012535387899589,1774012535391922182,4022
8148,1774012535393675330,1774012535397874522,4199
8149,1774012535399600788,1774012535403544892,3944
8150,1774012535405279370,1774012535409863214,4583
8151,1774012535411658341,1774012535415683528,4025
8152,1774012535417372527,1774012535421869792,4497
8153,1774012535423837022,1774012535427800464,3963
8154,1774012535429844270,1774012535434399151,4554
8155,1774012535436279123,1774012535440032637,3753
8156,1774012535441888865,1774012535446584365,4695
8157,1774012535448608265,1774012535453404963,4796
8158,1774012535455209758,1774012535459674685,4464
8159,1774012535461364213,1774012535465753825,4389
8160,1774012535467871850,1774012535472194764,4322
8161,1774012535473852388,1774012535478350837,4498
8162,1774012535480066919,1774012535484246124,4179
8163,1774012535486158930,1774012535490553178,4394
8164,1774012535492216577,1774012535496389900,4173
8165,1774012535498312625,1774012535502879938,4567
8166,1774012535504531960,1774012535508709058,4177
8167,1774012535510560839,1774012535515201415,4640
8168,1774012535516853904,1774012535521282375,4428
8169,1774012535522754251,1774012535526548523,3794
8170,1774012535528276657,1774012535532218858,3942
8171,1774012535533749159,1774012535537526445,3777
8172,1774012535539151235,1774012535543712709,4561
8173,1774012535545428933,1774012535549192197,3763
8174,1774012535550755434,1774012535554991578,4236
8175,1774012535556634896,1774012535560676654,4041
8176,1774012535562441707,1774012535566059887,3618
8177,1774012535567696163,1774012535571824733,4128
8178,1774012535573590042,1774012535578108494,4518
8179,1774012535579808808,1774012535583862321,4053
8180,1774012535585510181,1774012535589810218,4300
8181,1774012535591572506,1774012535595837695,4265
8182,1774012535597465553,1774012535601666849,4201
8183,1774012535603318611,1774012535607712708,4394
8184,1774012535609419476,1774012535613222395,3802
8185,1774012535614855520,1774012535618524335,3668
8186,1774012535620267662,1774012535624522952,4255
8187,1774012535626183982,1774012535630388121,4204
8188,1774012535631941376,1774012535636300514,4359
8189,1774012535637974026,1774012535641947109,3973
8190,1774012535643797118,1774012535648357204,4560
8191,1774012535650014474,1774012535653913164,3898
8192,1774012535655426518,1774012535659982874,4556
8193,1774012535661671619,1774012535666175134,4503
8194,1774012535667621639,1774012535671730398,4108
8195,1774012535673409961,1774012535677668024,4258
8196,1774012535678940154,1774012535682341065,3400
8197,1774012535683954571,1774012535688416654,4462
8198,1774012535690051587,1774012535694218902,4167
8199,1774012535696126952,1774012535699998730,3871
8200,1774012535701754941,1774012535705503070,3748
8201,1774012535707391414,1774012535712074468,4683
8202,1774012535713797239,1774012535717866387,4069
8203,1774012535719729365,1774012535724304895,4575
8204,1774012535726032199,1774012535730293059,4260
8205,1774012535732241371,1774012535737169619,4928
8206,1774012535739036718,1774012535743241599,4204
8207,1774012535745404442,1774012535750612463,5208
8208,1774012535752581672,1774012535758091339,5509
8209,1774012535760307886,1774012535765593310,5285
8210,1774012535767614265,1774012535771857099,4242
8211,1774012535773688996,1774012535778380084,4691
8212,1774012535780144317,1774012535784394386,4250
8213,1774012535786108465,1774012535789989827,3881
8214,1774012535791945912,1774012535795944146,3998
8215,1774012535797638812,1774012535801322867,3684
8216,1774012535803098494,1774012535806835448,3736
8217,1774012535808622244,1774012535812840715,4218
8218,1774012535814703457,1774012535818243089,3539
8219,1774012535819976854,1774012535824271783,4294
8220,1774012535825775443,1774012535829618642,3843
8221,1774012535831300392,1774012535835869470,4569
8222,1774012535837733771,1774012535841619165,3885
8223,1774012535843386832,1774012535847075370,3688
8224,1774012535848818497,1774012535853280443,4461
8225,1774012535855082114,1774012535860068041,4985
8226,1774012535861933445,1774012535866852406,4918
8227,1774012535868842621,1774012535873735938,4893
8228,1774012535875551647,1774012535880001364,4449
8229,1774012535881908842,1774012535886485034,4576
8230,1774012535888240328,1774012535891914119,3673
8231,1774012535893770532,1774012535898524721,4754
8232,1774012535900306089,1774012535903994968,3688
8233,1774012535905745913,1774012535910545696,4799
8234,1774012535912341759,1774012535915995115,3653
8235,1774012535917929438,1774012535922160354,4230
8236,1774012535923890547,1774012535927623131,3732
8237,1774012535929348193,1774012535932744301,3396
8238,1774012535934515667,1774012535939059758,4544
8239,1774012535940721133,1774012535944726690,4005
8240,1774012535946405780,1774012535950636880,4231
8241,1774012535952353375,1774012535956363902,4010
8242,1774012535958058130,1774012535961669695,3611
8243,1774012535963474707,1774012535967865658,4390
8244,1774012535969631086,1774012535973601954,3970
8245,1774012535975302716,1774012535979620727,4318
8246,1774012535981322941,1774012535985938633,4615
8247,1774012535988052848,1774012535992356793,4303
8248,1774012535994304927,1774012535998570985,4266
8249,1774012536000599705,1774012536004507138,3907
8250,1774012536006215180,1774012536010232180,4017
8251,1774012536012362948,1774012536016315759,3952
8252,1774012536018214812,1774012536022546463,4331
8253,1774012536024193256,1774012536027821710,3628
8254,1774012536029615897,1774012536033940371,4324
8255,1774012536035942327,1774012536039998715,4056
8256,1774012536041897204,1774012536046721022,4823
8257,1774012536048864967,1774012536053327309,4462
8258,1774012536055012826,1774012536059857608,4844
8259,1774012536061598182,1774012536066054553,4456
8260,1774012536067941926,1774012536072885783,4943
8261,1774012536074605004,1774012536078458719,3853
8262,1774012536080210943,1774012536084915610,4704
8263,1774012536086637794,1774012536090445670,3807
8264,1774012536092148809,1774012536095860178,3711
8265,1774012536097593868,1774012536101294041,3700
8266,1774012536103014541,1774012536107452722,4438
8267,1774012536109014960,1774012536113625586,4610
8268,1774012536115397830,1774012536119534263,4136
8269,1774012536121287870,1774012536125765549,4477
8270,1774012536127497340,1774012536131968047,4470
8271,1774012536133689483,1774012536137913538,4224
8272,1774012536139607930,1774012536143844340,4236
8273,1774012536145619503,1774012536149766430,4146
8274,1774012536151429188,1774012536155639064,4209
8275,1774012536157454327,1774012536161683718,4229
8276,1774012536163275818,1774012536167471456,4195
8277,1774012536169231373,1774012536173807585,4576
8278,1774012536175635502,1774012536180280256,4644
8279,1774012536182020924,1774012536186016139,3995
8280,1774012536187707053,1774012536192028929,4321
8281,1774012536193639192,1774012536197680595,4041
8282,1774012536199465342,1774012536203881334,4415
8283,1774012536205651677,1774012536209717783,4066
8284,1774012536211459110,1774012536215015698,3556
8285,1774012536216791730,1774012536221461299,4669
8286,1774012536223175537,1774012536227115119,3939
8287,1774012536228617850,1774012536232374263,3756
8288,1774012536233949481,1774012536238314936,4365
8289,1774012536239930621,1774012536243425856,3495
8290,1774012536245113498,1774012536248812918,3699
8291,1774012536250436822,1774012536255120136,4683
8292,1774012536256827861,1774012536260504391,3676
8293,1774012536262256775,1774012536266738908,4482
8294,1774012536268488998,1774012536272371593,3882
8295,1774012536274393940,1774012536279332345,4938
8296,1774012536281074012,1774012536284669017,3595
8297,1774012536286323912,1774012536290733644,4409
8298,1774012536292473901,1774012536296478881,4004
8299,1774012536298261516,1774012536302760925,4499
8300,1774012536304535911,1774012536308917767,4381
8301,1774012536310741094,1774012536315397429,4656
8302,1774012536317240882,1774012536321274666,4033
8303,1774012536322977815,1774012536327307899,4330
8304,1774012536328948243,1774012536333000666,4052
8305,1774012536334926228,1774012536339562179,4635
8306,1774012536341447224,1774012536345534289,4087
8307,1774012536347342044,1774012536351781684,4439
8308,1774012536353430692,1774012536357353610,3922
8309,1774012536359116321,1774012536363336198,4219
8310,1774012536365003591,1774012536369000849,3997
8311,1774012536370718230,1774012536375377968,4659
8312,1774012536377105958,1774012536381773564,4667
8313,1774012536383613429,1774012536388030124,4416
8314,1774012536389927094,1774012536394024397,4097
8315,1774012536395912086,1774012536400511754,4599
8316,1774012536402246413,1774012536405882874,3636
8317,1774012536407756269,1774012536412146007,4389
8318,1774012536413843947,1774012536417559604,3715
8319,1774012536419443575,1774012536423931851,4488
8320,1774012536425892657,1774012536429679757,3787
8321,1774012536431394146,1774012536435870267,4476
8322,1774012536437600852,1774012536441282376,3681
8323,1774012536442962727,1774012536447244429,4281
8324,1774012536448915445,1774012536452767235,3851
8325,1774012536454488287,1774012536459062540,4574
8326,1774012536460858893,1774012536465121756,4262
8327,1774012536466807030,1774012536470697036,3890
8328,1774012536472371172,1774012536476848229,4477
8329,1774012536478545432,1774012536482801015,4255
8330,1774012536484482653,1774012536488848252,4365
8331,1774012536490528877,1774012536494984973,4456
8332,1774012536505694003,1774012536509465092,3771
8333,1774012536511116197,1774012536514702911,3586
8334,1774012536516347477,1774012536520191348,3843
8335,1774012536521726884,1774012536525560303,3833
8336,1774012536527531102,1774012536531043124,3512
8337,1774012536532601351,1774012536536672975,4071
8338,1774012536538392307,1774012536543124332,4732
8339,1774012536544868647,1774012536549469361,4600
8340,1774012536551184689,1774012536554636725,3452
8341,1774012536556286504,1774012536560507787,4221
8342,1774012536562296282,1774012536566221544,3925
8343,1774012536567838450,1774012536572027457,4189
8344,1774012536573863191,1774012536578071994,4208
8345,1774012536579893513,1774012536584179339,4285
8346,1774012536585932207,1774012536589928128,3995
8347,1774012536591796106,1774012536596128721,4332
8348,1774012536597954406,1774012536602230242,4275
8349,1774012536603882508,1774012536608243388,4360
8350,1774012536610251046,1774012536614030076,3779
8351,1774012536615756592,1774012536620122143,4365
8352,1774012536621956183,1774012536625993931,4037
8353,1774012536627724737,1774012536632020555,4295
8354,1774012536633775489,1774012536638150973,4375
8355,1774012536639889846,1774012536643466534,3576
8356,1774012536645148833,1774012536648867072,3718
8357,1774012536650667509,1774012536654070013,3402
8358,1774012536655869121,1774012536659553221,3684
8359,1774012536661086892,1774012536664963468,3876
8360,1774012536666664006,1774012536670740564,4076
8361,1774012536672472652,1774012536676711046,4238
8362,1774012536678373272,1774012536683000027,4626
8363,1774012536684870427,1774012536689331303,4460
8364,1774012536691040665,1774012536695060998,4020
8365,1774012536696938265,1774012536700604439,3666
8366,1774012536702392512,1774012536706613221,4220
8367,1774012536708472832,1774012536712750394,4277
8368,1774012536714424922,1774012536718670118,4245
8369,1774012536720455291,1774012536724757353,4302
8370,1774012536726519570,1774012536730744337,4224
8371,1774012536732888179,1774012536736509078,3620
8372,1774012536738176518,1774012536742621861,4445
8373,1774012536744397009,1774012536748273198,3876
8374,1774012536749893712,1774012536754446891,4553
8375,1774012536756275458,1774012536760183198,3907
8376,1774012536761859838,1774012536766340376,4480
8377,1774012536768268885,1774012536772855205,4586
8378,1774012536774441934,1774012536778660706,4218
8379,1774012536780486888,1774012536784342230,3855
8380,1774012536785973340,1774012536790205211,4231
8381,1774012536791895165,1774012536796015964,4120
8382,1774012536797630942,1774012536801977986,4347
8383,1774012536803592277,1774012536807895407,4303
8384,1774012536809485540,1774012536813874458,4388
8385,1774012536815522445,1774012536819733218,4210
8386,1774012536821521149,1774012536826079949,4558
8387,1774012536827869416,1774012536832443620,4574
8388,1774012536834129496,1774012536838447035,4317
8389,1774012536840286839,1774012536844549062,4262
8390,1774012536846270472,1774012536850658873,4388
8391,1774012536852555977,1774012536856800109,4244
8392,1774012536858580676,1774012536863082584,4501
8393,1774012536864744205,1774012536868852349,4108
8394,1774012536870576576,1774012536875203883,4627
8395,1774012536877151709,1774012536880724732,3573
8396,1774012536882459034,1774012536887095397,4636
8397,1774012536888963493,1774012536892726323,3762
8398,1774012536894536119,1774012536899019165,4483
8399,1774012536900942936,1774012536904623823,3680
8400,1774012536906412960,1774012536911029015,4616
8401,1774012536912754485,1774012536917073857,4319
8402,1774012536918852588,1774012536923157633,4305
8403,1774012536924841079,1774012536929384881,4543
8404,1774012536930910487,1774012536935302336,4391
8405,1774012536936893322,1774012536940591773,3698
8406,1774012536942355679,1774012536945818899,3463
8407,1774012536947405669,1774012536950827359,3421
8408,1774012536952600796,1774012536956712182,4111
8409,1774012536958527848,1774012536962435820,3907
8410,1774012536964206870,1774012536968330021,4123
8411,1774012536969926678,1774012536973931679,4005
8412,1774012536975750554,1774012536979536682,3786
8413,1774012536981458522,1774012536985231084,3772
8414,1774012536986892826,1774012536991117467,4224
8415,1774012536992763219,1774012536996876518,4113
8416,1774012536998512293,1774012537002686327,4174
8417,1774012537004312441,1774012537008396453,4084
8418,1774012537010192805,1774012537014946804,4753
8419,1774012537016924405,1774012537021730162,4805
8420,1774012537023298377,1774012537027295827,3997
8421,1774012537028989411,1774012537033176825,4187
8422,1774012537034774788,1774012537039179686,4404
8423,1774012537040891002,1774012537044895141,4004
8424,1774012537046319411,1774012537050952123,4632
8425,1774012537052691248,1774012537056699672,4008
8426,1774012537058240659,1774012537062863902,4623
8427,1774012537064245200,1774012537068124626,3879
8428,1774012537069614019,1774012537074088008,4473
8429,1774012537075477692,1774012537079142763,3665
8430,1774012537080771998,1774012537084241986,3469
8431,1774012537086016380,1774012537089572007,3555
8432,1774012537091419674,1774012537094861286,3441
8433,1774012537096559764,1774012537100773306,4213
8434,1774012537102437145,1774012537106006394,3569
8435,1774012537107708997,1774012537111861172,4152
8436,1774012537113738867,1774012537117506849,3767
8437,1774012537119397847,1774012537123894976,4497
8438,1774012537125772813,1774012537129486331,3713
8439,1774012537131192377,1774012537135688278,4495
8440,1774012537137544424,1774012537141379438,3835
8441,1774012537143050409,1774012537147478187,4427
8442,1774012537149153100,1774012537152729637,3576
8443,1774012537154450727,1774012537157923204,3472
8444,1774012537159617794,1774012537163969279,4351
8445,1774012537165620568,1774012537169389183,3768
8446,1774012537171119680,1774012537175018278,3898
8447,1774012537176821294,1774012537180811496,3990
8448,1774012537182496525,1774012537186811465,4314
8449,1774012537188533585,1774012537192768496,4234
8450,1774012537194296379,1774012537198791179,4494
8451,1774012537200282177,1774012537204313908,4031
8452,1774012537205914007,1774012537209265597,3351
8453,1774012537210907172,1774012537214518263,3611
8454,1774012537216213675,1774012537220237035,4023
8455,1774012537221879596,1774012537225852692,3973
8456,1774012537227604017,1774012537232032424,4428
8457,1774012537233813472,1774012537237950153,4136
8458,1774012537239839721,1774012537243741913,3902
8459,1774012537245574975,1774012537249955259,4380
8460,1774012537251705987,1774012537255679963,3973
8461,1774012537257554279,1774012537262147378,4593
8462,1774012537263955709,1774012537267638421,3682
8463,1774012537269571633,1774012537274384613,4812
8464,1774012537276104203,1774012537279580424,3476
8465,1774012537281011971,1774012537285464764,4452
8466,1774012537287232432,1774012537291306553,4074
8467,1774012537292897243,1774012537297274519,4377
8468,1774012537299171816,1774012537302798070,3626
8469,1774012537304445545,1774012537308286586,3841
8470,1774012537309945396,1774012537313544515,3599
8471,1774012537315233534,1774012537319707124,4473
8472,1774012537321447887,1774012537324986291,3538
8473,1774012537326570084,1774012537330722824,4152
8474,1774012537332556950,1774012537336987550,4430
8475,1774012537338618271,1774012537342480411,3862
8476,1774012537344135220,1774012537347999093,3863
8477,1774012537349556247,1774012537353321281,3765
8478,1774012537354763964,1774012537358860845,4096
8479,1774012537360487787,1774012537364564564,4076
8480,1774012537366430325,1774012537371045586,4615
8481,1774012537372939349,1774012537376621310,3681
8482,1774012537378447643,1774012537383108839,4661
8483,1774012537384950475,1774012537388749032,3798
8484,1774012537390499106,1774012537395079892,4580
8485,1774012537396843389,1774012537400673597,3830
8486,1774012537402465324,1774012537406875394,4410
8487,1774012537408587923,1774012537412456707,3868
8488,1774012537414096858,1774012537417696808,3599
8489,1774012537419567797,1774012537423723125,4155
8490,1774012537425471253,1774012537429524110,4052
8491,1774012537431205506,1774012537435519889,4314
8492,1774012537437171649,1774012537441169798,3998
8493,1774012537442823204,1774012537446946309,4123
8494,1774012537448611395,1774012537453009921,4398
8495,1774012537454666174,1774012537459145210,4479
8496,1774012537460688787,1774012537465173096,4484
8497,1774012537466827804,1774012537470803993,3976
8498,1774012537472489673,1774012537476396808,3907
8499,1774012537478014308,1774012537481985408,3971
8500,1774012537483570770,1774012537487979402,4408
8501,1774012537489577991,1774012537492983464,3405
8502,1774012537494364767,1774012537498727790,4363
8503,1774012537500410222,1774012537504931598,4521
8504,1774012537506857881,1774012537510992662,4134
8505,1774012537512727022,1774012537517121113,4394
8506,1774012537518953980,1774012537523286034,4332
8507,1774012537524965308,1774012537529326719,4361
8508,1774012537531000545,1774012537535278147,4277
8509,1774012537537075899,1774012537541374510,4298
8510,1774012537543091275,1774012537546943743,3852
8511,1774012537549052405,1774012537553621517,4569
8512,1774012537555556514,1774012537559903269,4346
8513,1774012537561935327,1774012537565965893,4030
8514,1774012537567948718,1774012537572290234,4341
8515,1774012537574172403,1774012537578084790,3912
8516,1774012537579927629,1774012537583535845,3608
8517,1774012537585270751,1774012537589487111,4216
8518,1774012537591182151,1774012537594912679,3730
8519,1774012537596578550,1774012537599970811,3392
8520,1774012537601632755,1774012537605547404,3914
8521,1774012537607220700,1774012537611125860,3905
8522,1774012537612782970,1774012537616854644,4071
8523,1774012537618148424,1774012537621694141,3545
8524,1774012537623395726,1774012537627130277,3734
8525,1774012537628585220,1774012537633024545,4439
8526,1774012537634556563,1774012537638289472,3732
8527,1774012537639940366,1774012537643458838,3518
8528,1774012537645201303,1774012537649559865,4358
8529,1774012537651331753,1774012537654888892,3557
8530,1774012537656607003,1774012537661117339,4510
8531,1774012537662908762,1774012537666542965,3634
8532,1774012537668187350,1774012537671714385,3527
8533,1774012537673446500,1774012537677728751,4282
8534,1774012537679482878,1774012537683298593,3815
8535,1774012537684939944,1774012537689296914,4356
8536,1774012537691251250,1774012537695140085,3888
8537,1774012537696873091,1774012537701330093,4457
8538,1774012537703121434,1774012537707177031,4055
8539,1774012537708991267,1774012537713103290,4112
8540,1774012537714948104,1774012537719061435,4113
8541,1774012537720840708,1774012537725337136,4496
8542,1774012537727088988,1774012537731063712,3974
8543,1774012537732818136,1774012537737467584,4649
8544,1774012537739177132,1774012537743582373,4405
8545,1774012537745351801,1774012537748870647,3518
8546,1774012537750472759,1774012537754214293,3741
8547,1774012537755864403,1774012537760165990,4301
8548,1774012537761920991,1774012537765970998,4050
8549,1774012537767517469,1774012537771835242,4317
8550,1774012537773456401,1774012537777678310,4221
8551,1774012537779321353,1774012537783487841,4166
8552,1774012537785017569,1774012537789374391,4356
8553,1774012537791210722,1774012537794816370,3605
8554,1774012537796532003,1774012537800864291,4332
8555,1774012537802852907,1774012537807315040,4462
8556,1774012537809005827,1774012537813335929,4330
8557,1774012537814952526,1774012537818963050,4010
8558,1774012537820588552,1774012537824155778,3567
8559,1774012537826020266,1774012537830548021,4527
8560,1774012537832371280,1774012537835908816,3537
8561,1774012537837689272,1774012537841987433,4298
8562,1774012537843747263,1774012537847447861,3700
8563,1774012537849236739,1774012537853542724,4305
8564,1774012537855251136,1774012537859055238,3804
8565,1774012537860842096,1774012537865529212,4687
8566,1774012537867204468,1774012537871000065,3795
8567,1774012537872672638,1774012537877018286,4345
8568,1774012537878823508,1774012537882928978,4105
8569,1774012537884575350,1774012537889165041,4589
8570,1774012537890522181,1774012537894871839,4349
8571,1774012537896111527,1774012537900545769,4434
8572,1774012537902133059,1774012537905752403,3619
8573,1774012537907437736,1774012537911194180,3756
8574,1774012537912919139,1774012537917145163,4226
8575,1774012537918853427,1774012537923105639,4252
8576,1774012537924727328,1774012537928502998,3775
8577,1774012537930217249,1774012537934528660,4311
8578,1774012537936168381,1774012537939721787,3553
8579,1774012537941400643,1774012537945629373,4228
8580,1774012537947381452,1774012537951075891,3694
8581,1774012537952714642,1774012537956658109,3943
8582,1774012537958371362,1774012537962698044,4326
8583,1774012537964353328,1774012537967733824,3380
8584,1774012537969482927,1774012537973709723,4226
8585,1774012537975521900,1774012537979293283,3771
8586,1774012537981068992,1774012537985448786,4379
8587,1774012537987348842,1774012537991253044,3904
8588,1774012537992931698,1774012537996696501,3764
8589,1774012537998365154,1774012538002483800,4118
8590,1774012538004173522,1774012538007710246,3536
8591,1774012538009416105,1774012538012736495,3320
8592,1774012538014491807,1774012538017943569,3451
8593,1774012538019659314,1774012538023678074,4018
8594,1774012538025261248,1774012538028440232,3178
8595,1774012538030401249,1774012538034620800,4219
8596,1774012538036304851,1774012538039768269,3463
8597,1774012538041390773,1774012538044869069,3478
8598,1774012538046543704,1774012538049995335,3451
8599,1774012538051771624,1774012538055823460,4051
8600,1774012538057533681,1774012538061840319,4306
8601,1774012538063486000,1774012538067559084,4073
8602,1774012538069236329,1774012538073427109,4190
8603,1774012538075079554,1774012538079298455,4218
8604,1774012538081175521,1774012538085400700,4225
8605,1774012538087079518,1774012538091247504,4167
8606,1774012538093073160,1774012538097354194,4281
8607,1774012538099000987,1774012538103080849,4079
8608,1774012538104865974,1774012538109218535,4352
8609,1774012538110884669,1774012538114903738,4019
8610,1774012538116659720,1774012538121135780,4476
8611,1774012538122928358,1774012538127011658,4083
8612,1774012538128691472,1774012538133137287,4445
8613,1774012538134988446,1774012538138628537,3640
8614,1774012538140633275,1774012538144953416,4320
8615,1774012538146797271,1774012538151232916,4435
8616,1774012538152739669,1774012538157044067,4304
8617,1774012538158532096,1774012538162929967,4397
8618,1774012538164547085,1774012538168639495,4092
8619,1774012538170342286,1774012538173662893,3320
8620,1774012538175442758,1774012538178901229,3458
8621,1774012538180204928,1774012538184276941,4072
8622,1774012538185843551,1774012538189424418,3580
8623,1774012538191111951,1774012538195472358,4360
8624,1774012538197143956,1774012538201187559,4043
8625,1774012538202857405,1774012538207192123,4334
8626,1774012538209005029,1774012538213341172,4336
8627,1774012538215400697,1774012538219686368,4285
8628,1774012538221620841,1774012538226160244,4539
8629,1774012538227826255,1774012538232176801,4350
8630,1774012538234052378,1774012538238597201,4544
8631,1774012538240281842,1774012538244635606,4353
8632,1774012538246527853,1774012538250691714,4163
8633,1774012538252470837,1774012538256835798,4364
8634,1774012538258716804,1774012538262822130,4105
8635,1774012538264509328,1774012538268998514,4489
8636,1774012538270828798,1774012538274882591,4053
8637,1774012538276593386,1774012538281210869,4617
8638,1774012538282594166,1774012538286057226,3463
8639,1774012538287735174,1774012538291641406,3906
8640,1774012538293031824,1774012538296405006,3373
8641,1774012538297827352,1774012538302244416,4417
8642,1774012538303939166,1774012538307690586,3751
8643,1774012538308886448,1774012538312438404,3551
8644,1774012538314079469,1774012538318499862,4420
8645,1774012538320079440,1774012538323561654,3482
8646,1774012538325163065,1774012538329430151,4267
8647,1774012538331036514,1774012538334562967,3526
8648,1774012538336377809,1774012538340637552,4259
8649,1774012538342313314,1774012538345821877,3508
8650,1774012538347528347,1774012538351742440,4214
8651,1774012538353428015,1774012538357243632,3815
8652,1774012538359028905,1774012538363535866,4506
8653,1774012538365184615,1774012538368883042,3698
8654,1774012538370835007,1774012538375280865,4445
8655,1774012538376955365,1774012538380559023,3603
8656,1774012538382338389,1774012538386707986,4369
8657,1774012538388450955,1774012538392400531,3949
8658,1774012538394230544,1774012538398909455,4678
8659,1774012538400718729,1774012538404507192,3788
8660,1774012538406378236,1774012538410637749,4259
8661,1774012538412338143,1774012538416078122,3739
8662,1774012538418009876,1774012538422457797,4447
8663,1774012538424196110,1774012538428008259,3812
8664,1774012538429642769,1774012538434312546,4669
8665,1774012538435910112,1774012538440313443,4403
8666,1774012538441576777,1774012538444949279,3372
8667,1774012538446596118,1774012538450413885,3817
8668,1774012538451962749,1774012538455198634,3235
8669,1774012538456687644,1774012538461030359,4342
8670,1774012538462638442,1774012538466379864,3741
8671,1774012538468004645,1774012538471966789,3962
8672,1774012538473603426,1774012538477623705,4020
8673,1774012538479318729,1774012538482833417,3514
8674,1774012538484496125,1774012538488965062,4468
8675,1774012538490943154,1774012538494703259,3760
8676,1774012538496423845,1774012538500814915,4391
8677,1774012538502726364,1774012538506441339,3714
8678,1774012538508266945,1774012538512519830,4252
8679,1774012538514414562,1774012538518161342,3746
8680,1774012538519851661,1774012538524226998,4375
8681,1774012538525950911,1774012538530133932,4183
8682,1774012538531982981,1774012538536404006,4421
8683,1774012538538273873,1774012538542103139,3829
8684,1774012538543793901,1774012538548406883,4612
8685,1774012538550312733,1774012538554288943,3976
8686,1774012538556137928,1774012538560288738,4150
8687,1774012538562059821,1774012538566016695,3956
8688,1774012538567540556,1774012538570937474,3396
8689,1774012538572389329,1774012538576436730,4047
8690,1774012538577839865,1774012538581256243,3416
8691,1774012538582914046,1774012538586603219,3689
8692,1774012538588273684,1774012538591989050,3715
8693,1774012538593445734,1774012538596494497,3048
8694,1774012538597987157,1774012538602304274,4317
8695,1774012538603809237,1774012538607349872,3540
8696,1774012538608910208,1774012538612600287,3690
8697,1774012538614253703,1774012538618062503,3808
8698,1774012538619848240,1774012538623873031,4024
8699,1774012538625508942,1774012538629299364,3790
8700,1774012538630949150,1774012538635476039,4526
8701,1774012538637113551,1774012538641170181,4056
8702,1774012538642894930,1774012538647559826,4664
8703,1774012538649231332,1774012538653367174,4135
8704,1774012538655043409,1774012538659477727,4434
8705,1774012538661189759,1774012538664666046,3476
8706,1774012538666557373,1774012538671033594,4476
8707,1774012538672868904,1774012538677274636,4405
8708,1774012538678935299,1774012538682613476,3678
8709,1774012538684510585,1774012538688678179,4167
8710,1774012538690589292,1774012538695145322,4556
8711,1774012538696913231,1774012538701424996,4511
8712,1774012538703161961,1774012538707362264,4200
8713,1774012538709050227,1774012538713416151,4365
8714,1774012538714942452,1774012538719355200,4412
8715,1774012538720989748,1774012538724741603,3751
8716,1774012538726202664,1774012538730269295,4066
8717,1774012538731785850,1774012538736041796,4255
8718,1774012538737595154,1774012538742001044,4405
8719,1774012538743633096,1774012538747622190,3989
8720,1774012538749303933,1774012538752890765,3586
8721,1774012538754887225,1774012538758620508,3733
8722,1774012538760253535,1774012538764276988,4023
8723,1774012538765940715,1774012538769622160,3681
8724,1774012538771469620,1774012538775778665,4309
8725,1774012538777483572,1774012538781560025,4076
8726,1774012538783435013,1774012538787659152,4224
8727,1774012538789287295,1774012538792980929,3693
8728,1774012538794984506,1774012538799406566,4422
8729,1774012538801072444,1774012538804534963,3462
8730,1774012538806597519,1774012538811179283,4581
8731,1774012538813111094,1774012538817551015,4439
8732,1774012538819339968,1774012538823620976,4281
8733,1774012538825313237,1774012538828890758,3577
8734,1774012538830597303,1774012538835119995,4522
8735,1774012538836846993,1774012538841141637,4294
8736,1774012538842884590,1774012538847232517,4347
8737,1774012538848850473,1774012538852879733,4029
8738,1774012538854560254,1774012538859155339,4595
8739,1774012538860996458,1774012538864395109,3398
8740,1774012538865924617,1774012538869227456,3302
8741,1774012538870907403,1774012538875265818,4358
8742,1774012538876885380,1774012538880511279,3625
8743,1774012538882288677,1774012538885747627,3458
8744,1774012538887566501,1774012538891601418,4034
8745,1774012538893219116,1774012538896687142,3468
8746,1774012538898344216,1774012538901896581,3552
8747,1774012538903752422,1774012538908111360,4358
8748,1774012538909846323,1774012538913584348,3738
8749,1774012538915521930,1774012538920131606,4609
8750,1774012538921831187,1774012538925642649,3811
8751,1774012538927491118,1774012538932066386,4575
8752,1774012538933734312,1774012538937636293,3901
8753,1774012538939398799,1774012538942954353,3555
8754,1774012538944878071,1774012538948856259,3978
8755,1774012538950816380,1774012538954631541,3815
8756,1774012538956538923,1774012538960686042,4147
8757,1774012538962400612,1774012538966480606,4079
8758,1774012538968194329,1774012538972598486,4404
8759,1774012538974353155,1774012538978520306,4167
8760,1774012538980251739,1774012538983864596,3612
8761,1774012538985662522,1774012538989957038,4294
8762,1774012538991582400,1774012538995661976,4079
8763,1774012538997383587,1774012539001651484,4267
8764,1774012539003307099,1774012539006760308,3453
8765,1774012539008441554,1774012539012327285,3885
8766,1774012539014050698,1774012539018317357,4266
8767,1774012539020008971,1774012539023424993,3416
8768,1774012539025170615,1774012539029997614,4826
8769,1774012539031903229,1774012539036060297,4157
8770,1774012539037487861,1774012539042043799,4555
8771,1774012539043753121,1774012539047807530,4054
8772,1774012539049653848,1774012539054122840,4468
8773,1774012539056041990,1774012539060566053,4524
8774,1774012539062371029,1774012539066882781,4511
8775,1774012539068633855,1774012539072811109,4177
8776,1774012539074767146,1774012539079295509,4528
8777,1774012539081040550,1774012539085477047,4436
8778,1774012539087247510,1774012539091507418,4259
8779,1774012539093189987,1774012539096811475,3621
8780,1774012539098721978,1774012539102916276,4194
8781,1774012539104796525,1774012539108447337,3650
8782,1774012539110119506,1774012539114608057,4488
8783,1774012539116389631,1774012539120769433,4379
8784,1774012539122500537,1774012539125904925,3404
8785,1774012539127749490,1774012539131971527,4222
8786,1774012539133747840,1774012539138155016,4407
8787,1774012539139830740,1774012539144052443,4221
8788,1774012539145512888,1774012539149370803,3857
8789,1774012539151242401,1774012539155383096,4140
8790,1774012539157205263,1774012539161004270,3799
8791,1774012539162629727,1774012539166932402,4302
8792,1774012539168507950,1774012539172934778,4426
8793,1774012539174662872,1774012539178189338,3526
8794,1774012539180161050,1774012539184640933,4479
8795,1774012539186350319,1774012539189805122,3454
8796,1774012539191669110,1774012539196330532,4661
8797,1774012539198100222,1774012539201773399,3673
8798,1774012539203536642,1774012539207381472,3844
8799,1774012539209024383,1774012539213023830,3999
8800,1774012539214754762,1774012539219433184,4678
8801,1774012539221146146,1774012539225028518,3882
8802,1774012539226728394,1774012539231194651,4466
8803,1774012539232811608,1774012539236881290,4069
8804,1774012539238520056,1774012539242789341,4269
8805,1774012539244529258,1774012539248516477,3987
8806,1774012539250175170,1774012539253724606,3549
8807,1774012539255457007,1774012539259974806,4517
8808,1774012539261732491,1774012539265543108,3810
8809,1774012539267181285,1774012539270594798,3413
8810,1774012539272370359,1774012539275784035,3413
8811,1774012539277506356,1774012539280992765,3486
8812,1774012539282440699,1774012539285992765,3552
8813,1774012539287673035,1774012539291718535,4045
8814,1774012539293203774,1774012539297089803,3886
8815,1774012539298772409,1774012539303165455,4393
8816,1774012539304878660,1774012539309373948,4495
8817,1774012539311184029,1774012539315532595,4348
8818,1774012539317213198,1774012539321066110,3852
8819,1774012539322750393,1774012539327276621,4526
8820,1774012539329011625,1774012539333270863,4259
8821,1774012539335033116,1774012539339439769,4406
8822,1774012539341155967,1774012539345498488,4342
8823,1774012539347387317,1774012539351631405,4244
8824,1774012539353463716,1774012539357860920,4397
8825,1774012539359515223,1774012539363885286,4370
8826,1774012539365866865,1774012539370356531,4489
8827,1774012539372339142,1774012539376746517,4407
8828,1774012539378476028,1774012539381918155,3442
8829,1774012539383562590,1774012539387923475,4360
8830,1774012539389604169,1774012539392908695,3304
8831,1774012539394690259,1774012539398483539,3793
8832,1774012539400035913,1774012539403492679,3456
8833,1774012539405119435,1774012539409311574,4192
8834,1774012539410937147,1774012539415030895,4093
8835,1774012539416685779,1774012539421386683,4700
8836,1774012539422948006,1774012539426602533,3654
8837,1774012539428160918,1774012539431706746,3545
8838,1774012539433429283,1774012539436831986,3402
8839,1774012539438448078,1774012539442257664,3809
8840,1774012539443980058,1774012539448402814,4422
8841,1774012539450283550,1774012539453885426,3601
8842,1774012539455730277,1774012539460251426,4521
8843,1774012539462207756,1774012539466127304,3919
8844,1774012539467867257,1774012539472287115,4419
8845,1774012539474175985,1774012539478488975,4312
8846,1774012539480196369,1774012539483944146,3747
8847,1774012539485736994,1774012539490013790,4276
8848,1774012539491786764,1774012539495554067,3767
8849,1774012539497399745,1774012539501579888,4180
8850,1774012539503234716,1774012539507100618,3865
8851,1774012539508844063,1774012539513234974,4390
8852,1774012539514959250,1774012539518914471,3955
8853,1774012539520743100,1774012539525125356,4382
8854,1774012539526770866,1774012539530762432,3991
8855,1774012539532430500,1774012539536837395,4406
8856,1774012539538510097,1774012539542689135,4179
8857,1774012539544495631,1774012539547801930,3306
8858,1774012539549378924,1774012539553005821,3626
8859,1774012539554522834,1774012539559187186,4664
8860,1774012539560511503,1774012539564019003,3507
8861,1774012539565538846,1774012539569474105,3935
8862,1774012539571182804,1774012539575327467,4144
8863,1774012539576964594,1774012539580969855,4005
8864,1774012539582715496,1774012539587074836,4359
8865,1774012539588931227,1774012539593038486,4107
8866,1774012539594883648,1774012539599239430,4355
8867,1774012539600862822,1774012539605016320,4153
8868,1774012539606925558,1774012539611666668,4741
8869,1774012539613519960,1774012539617351502,3831
8870,1774012539619072090,1774012539623603026,4530
8871,1774012539625350568,1774012539629163018,3812
8872,1774012539631090069,1774012539635440320,4350
8873,1774012539637136778,1774012539641244459,4107
8874,1774012539642987254,1774012539647288342,4301
8875,1774012539649045963,1774012539653407038,4361
8876,1774012539655333270,1774012539659793390,4460
8877,1774012539661522082,1774012539665036379,3514
8878,1774012539666852057,1774012539671367133,4515
8879,1774012539673027277,1774012539676984706,3957
8880,1774012539678700127,1774012539683145950,4445
8881,1774012539684567989,1774012539688088402,3520
8882,1774012539689662121,1774012539693363650,3701
8883,1774012539695075465,1774012539698930180,3854
8884,1774012539700462599,1774012539704548843,4086
8885,1774012539706107547,1774012539709970466,3862
8886,1774012539711505516,1774012539715727114,4221
8887,1774012539717358253,1774012539721450119,4091
8888,1774012539723094365,1774012539726697441,3603
8889,1774012539728390543,1774012539732626498,4235
8890,1774012539734381363,1774012539738070844,3689
8891,1774012539739891455,1774012539744325679,4434
8892,1774012539746425658,1774012539750123125,3697
8893,1774012539751770242,1774012539756059785,4289
8894,1774012539757705649,1774012539761467115,3761
8895,1774012539763121636,1774012539766611120,3489
8896,1774012539768231602,1774012539772470216,4238
8897,1774012539774131176,1774012539778103648,3972
8898,1774012539779750974,1774012539784369359,4618
8899,1774012539786343654,1774012539790665285,4321
8900,1774012539792369689,1774012539796514985,4145
8901,1774012539798294382,1774012539802534117,4239
8902,1774012539804274200,1774012539808615838,4341
8903,1774012539810228201,1774012539813676122,3447
8904,1774012539815325692,1774012539819873362,4547
8905,1774012539821475091,1774012539824917337,3442
8906,1774012539826518398,1774012539830582430,4064
8907,1774012539832026557,1774012539835425900,3399
8908,1774012539836935187,1774012539840450126,3514
8909,1774012539842110304,1774012539846098869,3988
8910,1774012539847652250,1774012539851586743,3934
8911,1774012539853224996,1774012539857444258,4219
8912,1774012539859073944,1774012539862604621,3530
8913,1774012539864214978,1774012539868379093,4164
8914,1774012539870097071,1774012539874220101,4123
8915,1774012539875894558,1774012539879960612,4066
8916,1774012539881731040,1774012539886058722,4327
8917,1774012539887888611,1774012539892441490,4552
8918,1774012539894188274,1774012539898511578,4323
8919,1774012539900260489,1774012539904544775,4284
8920,1774012539906227392,1774012539910510209,4282
8921,1774012539912440894,1774012539916661493,4220
8922,1774012539918446385,1774012539922997455,4551
8923,1774012539924851299,1774012539928983370,4132
8924,1774012539930833852,1774012539935336385,4502
8925,1774012539937247261,1774012539940640606,3393
8926,1774012539942429404,1774012539946788761,4359
8927,1774012539948459149,1774012539952124184,3665
8928,1774012539953669737,1774012539957418356,3748
8929,1774012539959080289,1774012539962584824,3504
8930,1774012539964315814,1774012539968486949,4171
8931,1774012539970124843,1774012539973804263,3679
8932,1774012539975475047,1774012539979190998,3715
8933,1774012539980796205,1774012539985013285,4217
8934,1774012539986900674,1774012539991319671,4418
8935,1774012539993078267,1774012539997288934,4210
8936,1774012539999133120,1774012540002979213,3846
8937,1774012540004699308,1774012540008386950,3687
8938,1774012540009983799,1774012540013541928,3558
8939,1774012540015320689,1774012540018782564,3461
8940,1774012540020433292,1774012540024385843,3952
8941,1774012540026070943,1774012540029743809,3672
8942,1774012540031553944,1774012540035607291,4053
8943,1774012540037447202,1774012540040846196,3398
8944,1774012540042492848,1774012540046716471,4223
8945,1774012540048359844,1774012540051815337,3455
8946,1774012540053441780,1774012540057707234,4265
8947,1774012540059453127,1774012540063945122,4491
8948,1774012540065628829,1774012540069993119,4364
8949,1774012540071803863,1774012540075781177,3977
8950,1774012540077164574,1774012540081670561,4505
8951,1774012540083334834,1774012540087511579,4176
8952,1774012540089062069,1774012540093490597,4428
8953,1774012540095099462,1774012540099104775,4005
8954,1774012540100894094,1774012540104212123,3318
8955,1774012540105838514,1774012540109900404,4061
8956,1774012540111467447,1774012540114802346,3334
8957,1774012540116297709,1774012540119761654,3463
8958,1774012540121452714,1774012540124814015,3361
8959,1774012540126484475,1774012540130908930,4424
8960,1774012540132758368,1774012540136426761,3668
8961,1774012540138116724,1774012540141597047,3480
8962,1774012540143352103,1774012540147359479,4007
8963,1774012540148996957,1774012540152938484,3941
8964,1774012540154827380,1774012540159066016,4238
8965,1774012540161002731,1774012540164962396,3959
8966,1774012540166611897,1774012540171066456,4454
8967,1774012540172773598,1774012540176856160,4082
8968,1774012540178568739,1774012540182965183,4396
8969,1774012540184815705,1774012540189046167,4230
8970,1774012540190747737,1774012540195132628,4384
8971,1774012540197005007,1774012540201000599,3995
8972,1774012540202695626,1774012540206976131,4280
8973,1774012540208810308,1774012540212954243,4143
8974,1774012540214531954,1774012540218368297,3836
8975,1774012540219994457,1774012540224479705,4485
8976,1774012540226173473,1774012540229652092,3478
8977,1774012540231439507,1774012540235199961,3760
8978,1774012540236918544,1774012540240985897,4067
8979,1774012540242623542,1774012540246201774,3578
8980,1774012540247876528,1774012540252338803,4462
8981,1774012540254068499,1774012540257536157,3467
8982,1774012540259126926,1774012540263454877,4327
8983,1774012540265212778,1774012540269398640,4185
8984,1774012540271183000,1774012540275514901,4331
8985,1774012540277182927,1774012540280907049,3724
8986,1774012540282556522,1774012540286865241,4308
8987,1774012540288336290,1774012540291919631,3583
8988,1774012540293546669,1774012540297880003,4333
8989,1774012540299491315,1774012540303718896,4227
8990,1774012540305406187,1774012540309146540,3740
8991,1774012540310772940,1774012540315215834,4442
8992,1774012540317061941,1774012540321032535,3970
8993,1774012540322747010,1774012540327023499,4276
8994,1774012540328920312,1774012540332526923,3606
8995,1774012540334313465,1774012540338508593,4195
8996,1774012540340434833,1774012540344236122,3801
8997,1774012540345915931,1774012540350199849,4283
8998,1774012540351963454,1774012540356474804,4511
8999,1774012540358152034,1774012540362206917,4054
9000,1774012540363931359,1774012540367224478,3293
9001,1774012540368787976,1774012540372983371,4195
9002,1774012540374708451,1774012540377991627,3283
9003,1774012540379879651,1774012540384335942,4456
9004,1774012540385958010,1774012540389328850,3370
9005,1774012540390984762,1774012540394541648,3556
9006,1774012540396095256,1774012540399816985,3721
9007,1774012540401434216,1774012540404927450,3493
9008,1774012540406742667,1774012540410538377,3795
9009,1774012540412217473,1774012540416076808,3859
9010,1774012540417940404,1774012540422162790,4222
9011,1774012540423840648,1774012540427572529,3731
9012,1774012540429525541,1774012540433976581,4451
9013,1774012540435760051,1774012540439970100,4210
9014,1774012540441867414,1774012540446100956,4233
9015,1774012540447785500,1774012540451845505,4060
9016,1774012540453961724,1774012540458295538,4333
9017,1774012540459953423,1774012540463957945,4004
9018,1774012540465592316,1774012540469833666,4241
9019,1774012540471461068,1774012540475636674,4175
9020,1774012540477491552,1774012540481732477,4240
9021,1774012540483529611,1774012540487689523,4159
9022,1774012540489616771,1774012540494102622,4485
9023,1774012540495792455,1774012540499805736,4013
9024,1774012540501284816,1774012540505709810,4424
9025,1774012540507406694,1774012540510789070,3382
9026,1774012540512451309,1774012540515826304,3374
9027,1774012540517422254,1774012540520891765,3469
9028,1774012540522493017,1774012540525895901,3402
9029,1774012540527295092,1774012540531472064,4176
9030,1774012540533049109,1774012540536980344,3931
9031,1774012540538712870,1774012540543047110,4334
9032,1774012540544633978,1774012540548578611,3944
9033,1774012540550414635,1774012540554713833,4299
9034,1774012540556355731,1774012540559798680,3442
9035,1774012540561420203,1774012540565092757,3672
9036,1774012540566876163,1774012540571293255,4417
9037,1774012540572951497,1774012540576528204,3576
9038,1774012540578205028,1774012540581826118,3621
9039,1774012540583910234,1774012540587597317,3687
9040,1774012540589329918,1774012540593480531,4150
9041,1774012540595193503,1774012540599184001,3990
9042,1774012540600807030,1774012540604483891,3676
9043,1774012540606194582,1774012540610425943,4231
9044,1774012540612077582,1774012540615753635,3676
9045,1774012540617829073,1774012540622237944,4408
9046,1774012540623903409,1774012540628205382,4301
9047,1774012540630007434,1774012540634435747,4428
9048,1774012540636023021,1774012540639758057,3735
9049,1774012540641468819,1774012540645943787,4474
9050,1774012540647462596,1774012540651419207,3956
9051,1774012540652995666,1774012540656682559,3686
9052,1774012540658414028,1774012540661891670,3477
9053,1774012540663663943,1774012540668242868,4578
9054,1774012540669925237,1774012540673841318,3916
9055,1774012540675443604,1774012540678832686,3389
9056,1774012540680467929,1774012540683898257,3430
9057,1774012540685669529,1774012540689861992,4192
9058,1774012540691572727,1774012540695237967,3665
9059,1774012540697022639,1774012540701308231,4285
9060,1774012540702934055,1774012540706940650,4006
9061,1774012540708717557,1774012540713327646,4610
9062,1774012540715154970,1774012540719045293,3890
9063,1774012540720740252,1774012540725505210,4764
9064,1774012540727193057,1774012540731112839,3919
9065,1774012540732777468,1774012540737295259,4517
9066,1774012540738973156,1774012540742886268,3913
9067,1774012540744519853,1774012540748892231,4372
9068,1774012540750728384,1774012540754727797,3999
9069,1774012540756534312,1774012540761009474,4475
9070,1774012540762890862,1774012540766735354,3844
9071,1774012540768549715,1774012540772934003,4384
9072,1774012540774430316,1774012540778778087,4347
9073,1774012540780302845,1774012540784666938,4364
9074,1774012540786249926,1774012540790596454,4346
9075,1774012540792249879,1774012540796848262,4598
9076,1774012540798517890,1774012540802456347,3938
9077,1774012540804166779,1774012540808495695,4328
9078,1774012540810066876,1774012540814459789,4392
9079,1774012540816086609,1774012540820457384,4370
9080,1774012540822084980,1774012540826365666,4280
9081,1774012540828047129,1774012540832442193,4395
9082,1774012540834280789,1774012540838421034,4140
9083,1774012540840152266,1774012540844510480,4358
9084,1774012540846256180,1774012540850131542,3875
9085,1774012540851897818,1774012540856348787,4450
9086,1774012540858122314,1774012540862521731,4399
9087,1774012540864207041,1774012540867701186,3494
9088,1774012540869452666,1774012540873036304,3583
9089,1774012540874902431,1774012540879026298,4123
9090,1774012540880667167,1774012540884428369,3761
9091,1774012540886484969,1774012540890674985,4190
9092,1774012540892365453,1774012540896165860,3800
9093,1774012540897909086,1774012540901683856,3774
9094,1774012540903463211,1774012540907667801,4204
9095,1774012540909419319,1774012540913132067,3712
9096,1774012540914771396,1774012540918968856,4197
9097,1774012540920581334,1774012540924403577,3822
9098,1774012540926029751,1774012540929798339,3768
9099,1774012540931465128,1774012540934816162,3351
9100,1774012540936428923,1774012540940824453,4395
9101,1774012540942436168,1774012540946169954,3733
9102,1774012540947780502,1774012540951569514,3789
9103,1774012540953257710,1774012540956992510,3734
9104,1774012540958586173,1774012540962663741,4077
9105,1774012540964451842,1774012540968934390,4482
9106,1774012540970808246,1774012540975141051,4332
9107,1774012540976845097,1774012540981001328,4156
9108,1774012540982885672,1774012540987666668,4780
9109,1774012540989447810,1774012540993692140,4244
9110,1774012540995518317,1774012540999948661,4430
9111,1774012541001708809,1774012541005690850,3982
9112,1774012541007341320,1774012541011627134,4285
9113,1774012541013238829,1774012541016700212,3461
9114,1774012541018437518,1774012541022486929,4049
9115,1774012541024175485,1774012541027821561,3646
9116,1774012541029567630,1774012541033899284,4331
9117,1774012541035172959,1774012541039573786,4400
9118,1774012541041413405,1774012541045356855,3943
9119,1774012541047056107,1774012541051972018,4915
9120,1774012541053563488,1774012541057570374,4006
9121,1774012541059192268,1774012541062909976,3717
9122,1774012541064612522,1774012541068527189,3914
9123,1774012541070141052,1774012541074501394,4360
9124,1774012541076026056,1774012541080719797,4693
9125,1774012541082500561,1774012541086961868,4461
9126,1774012541088880539,1774012541093184803,4304
9127,1774012541095093968,1774012541099158336,4064
9128,1774012541101020893,1774012541105766485,4745
9129,1774012541107622072,1774012541111427998,3805
9130,1774012541113282161,1774012541117193912,3911
9131,1774012541119075349,1774012541123059370,3984
9132,1774012541124927808,1774012541129715587,4787
9133,1774012541131559748,1774012541136368258,4808
9134,1774012541138293213,1774012541142435845,4142
9135,1774012541144460469,1774012541149008422,4547
9136,1774012541150828054,1774012541154788862,3960
9137,1774012541156886670,1774012541161591457,4704
9138,1774012541163356213,1774012541167197670,3841
9139,1774012541169214389,1774012541173871494,4657
9140,1774012541175930729,1774012541180306486,4375
9141,1774012541182239107,1774012541185913979,3674
9142,1774012541187785116,1774012541191565947,3780
9143,1774012541193546147,1774012541198213394,4667
9144,1774012541199896400,1774012541203241395,3344
9145,1774012541205048683,1774012541209740731,4692
9146,1774012541211583928,1774012541215643039,4059
9147,1774012541217316544,1774012541222103827,4787
9148,1774012541223866907,1774012541227586080,3719
9149,1774012541229411215,1774012541234047661,4636
9150,1774012541235725885,1774012541239708877,3982
9151,1774012541241436985,1774012541245857130,4420
9152,1774012541247567352,1774012541251445842,3878
9153,1774012541253309238,1774012541257922799,4613
9154,1774012541259691070,1774012541263697857,4006
9155,1774012541265372703,1774012541269842806,4470
9156,1774012541271576880,1774012541275552923,3976
9157,1774012541277335509,1774012541281353378,4017
9158,1774012541283160032,1774012541286803978,3643
9159,1774012541288572736,1774012541293204560,4631
9160,1774012541294835496,1774012541298930311,4094
9161,1774012541300630790,1774012541304628883,3998
9162,1774012541306377665,1774012541310621625,4243
9163,1774012541312264533,1774012541316691525,4426
9164,1774012541318363538,1774012541322682617,4319
9165,1774012541324376889,1774012541327803248,3426
9166,1774012541329538216,1774012541334007507,4469
9167,1774012541335687711,1774012541339546884,3859
9168,1774012541341242636,1774012541344765918,3523
9169,1774012541346465505,1774012541350784859,4319
9170,1774012541352500677,1774012541357133299,4632
9171,1774012541358929995,1774012541362333285,3403
9172,1774012541363994126,1774012541368188661,4194
9173,1774012541369960147,1774012541373715274,3755
9174,1774012541375626901,1774012541380207241,4580
9175,1774012541381991167,1774012541385994988,4003
9176,1774012541387792506,1774012541392068395,4275
9177,1774012541393912138,1774012541398077123,4164
9178,1774012541399773771,1774012541403613155,3839
9179,1774012541405377593,1774012541409090377,3712
9180,1774012541410919874,1774012541414939242,4019
9181,1774012541416765673,1774012541420630895,3865
9182,1774012541422430001,1774012541426877077,4447
9183,1774012541428569243,1774012541432603413,4034
9184,1774012541434385108,1774012541438577085,4191
9185,1774012541440284075,1774012541444249444,3965
9186,1774012541445970906,1774012541450366234,4395
9187,1774012541452084784,1774012541456055378,3970
9188,1774012541457890151,1774012541462270127,4379
9189,1774012541463956714,1774012541468001521,4044
9190,1774012541469726001,1774012541474162142,4436
9191,1774012541475779152,1774012541479863209,4084
9192,1774012541481495886,1774012541485374554,3878
9193,1774012541487134954,1774012541490363680,3228
9194,1774012541491795046,1774012541496050914,4255
9195,1774012541497464465,1774012541500790511,3326
9196,1774012541502383579,1774012541506866972,4483
9197,1774012541508499912,1774012541512121576,3621
9198,1774012541514046591,1774012541518065530,4018
9199,1774012541519886290,1774012541523515961,3629
9200,1774012541525269607,1774012541529271857,4002
9201,1774012541530969102,1774012541535470181,4501
9202,1774012541537136145,1774012541541044858,3908
9203,1774012541542906097,1774012541547377322,4471
9204,1774012541549067044,1774012541552778068,3711
9205,1774012541554526159,1774012541559090362,4564
9206,1774012541560728698,1774012541564409194,3680
9207,1774012541566079077,1774012541570883956,4804
9208,1774012541572516956,1774012541576331344,3814
9209,1774012541577958705,1774012541581559102,3600
9210,1774012541583295005,1774012541587438656,4143
9211,1774012541589082800,1774012541593241227,4158
9212,1774012541594973811,1774012541599155017,4181
9213,1774012541600854405,1774012541605126084,4271
9214,1774012541606725193,1774012541611077997,4352
9215,1774012541612787806,1774012541617188023,4400
9216,1774012541618892755,1774012541622564352,3671
9217,1774012541624363762,1774012541627952888,3589
9218,1774012541629709949,1774012541633525218,3815
9219,1774012541635145633,1774012541639718459,4572
9220,1774012541641189678,1774012541645371877,4182
9221,1774012541647042266,1774012541651602947,4560
9222,1774012541653283741,1774012541657226915,3943
9223,1774012541658910525,1774012541662522072,3611
9224,1774012541664196859,1774012541668510094,4313
9225,1774012541670158768,1774012541673841343,3682
9226,1774012541675500524,1774012541679915506,4414
9227,1774012541681597809,1774012541685478877,3881
9228,1774012541687331369,1774012541691632041,4300
9229,1774012541693210154,1774012541696989123,3778
9230,1774012541698811964,1774012541703350858,4538
9231,1774012541704971319,1774012541708732287,3760
9232,1774012541710718658,1774012541714981405,4262
9233,1774012541716703778,1774012541720903201,4199
9234,1774012541722736564,1774012541726603660,3867
9235,1774012541728487192,1774012541732884514,4397
9236,1774012541734766121,1774012541739028989,4262
9237,1774012541740722270,1774012541745054294,4332
9238,1774012541746704635,1774012541750471469,3766
9239,1774012541752010737,1774012541756339218,4328
9240,1774012541757613796,1774012541761868322,4254
9241,1774012541763531015,1774012541767899259,4368
9242,1774012541769450645,1774012541773991380,4540
9243,1774012541775575018,1774012541778990894,3415
9244,1774012541780753870,1774012541785279260,4525
9245,1774012541786999619,1774012541791077058,4077
9246,1774012541792922000,1774012541796840885,3918
9247,1774012541798733878,1774012541803387378,4653
9248,1774012541805236945,1774012541809075516,3838
9249,1774012541810727936,1774012541815206760,4478
9250,1774012541816853066,1774012541820968653,4115
9251,1774012541822603531,1774012541827114024,4510
9252,1774012541828933932,1774012541832830116,3896
9253,1774012541834599387,1774012541839168375,4568
9254,1774012541840869452,1774012541844609753,3740
9255,1774012541846500686,1774012541850938734,4438
9256,1774012541852925505,1774012541857413962,4488
9257,1774012541859169691,1774012541863740046,4570
9258,1774012541865535242,1774012541869471204,3935
9259,1774012541871127668,1774012541874902439,3774
9260,1774012541876611649,1774012541879965064,3353
9261,1774012541881599968,1774012541885432222,3832
9262,1774012541887180496,1774012541890503041,3322
9263,1774012541892134493,1774012541895397155,3262
9264,1774012541897028794,1774012541901088602,4059
9265,1774012541902749422,1774012541907177309,4427
9266,1774012541908601923,1774012541912153822,3551
9267,1774012541913804396,1774012541917983706,4179
9268,1774012541919908257,1774012541923556996,3648
9269,1774012541925157080,1774012541928714099,3557
9270,1774012541930336048,1774012541933790948,3454
9271,1774012541935438446,1774012541939844433,4405
9272,1774012541941612120,1774012541945862763,4250
9273,1774012541947571485,1774012541952141356,4569
9274,1774012541953819909,1774012541958084648,4264
9275,1774012541959860734,1774012541963721825,3861
9276,1774012541965543980,1774012541969893624,4349
9277,1774012541971640662,1774012541975478454,3837
9278,1774012541977171298,1774012541981464181,4292
9279,1774012541983478133,1774012541987726676,4248
9280,1774012541989658172,1774012541994007135,4348
9281,1774012541995750451,1774012542000465153,4714
9282,1774012542002166577,1774012542006524738,4358
9283,1774012542008134734,1774012542012279997,4145
9284,1774012542014060616,1774012542018481596,4420
9285,1774012542020155037,1774012542024481331,4326
9286,1774012542025982759,1774012542029406163,3423
9287,1774012542031005475,1774012542034569072,3563
9288,1774012542036189426,1774012542039857978,3668
9289,1774012542041569890,1774012542045266983,3697
9290,1774012542046747330,1774012542051123602,4376
9291,1774012542052737133,1774012542056360037,3622
9292,1774012542057939675,1774012542061511262,3571
9293,1774012542063210620,1774012542067493723,4283
9294,1774012542069159360,1774012542073601723,4442
9295,1774012542075417154,1774012542079212371,3795
9296,1774012542080934110,1774012542085216960,4282
9297,1774012542086938045,1774012542090985029,4046
9298,1774012542092752589,1774012542097138759,4386
9299,1774012542098821995,1774012542102616846,3794
9300,1774012542104358150,1774012542107864015,3505
9301,1774012542109560172,1774012542113700032,4139
9302,1774012542115384800,1774012542119205803,3821
9303,1774012542120972846,1774012542125566288,4593
9304,1774012542127366542,1774012542131354350,3987
9305,1774012542132973672,1774012542137241042,4267
9306,1774012542138883424,1774012542142527071,3643
9307,1774012542144242210,1774012542148507171,4264
9308,1774012542150160482,1774012542154009616,3849
9309,1774012542155833533,1774012542159889518,4055
9310,1774012542161534031,1774012542165055512,3521
9311,1774012542166738344,1774012542170568802,3830
9312,1774012542172280422,1774012542176212917,3932
9313,1774012542177768457,1774012542181464987,3696
9314,1774012542182883005,1774012542186507182,3624
9315,1774012542188126704,1774012542192491331,4364
9316,1774012542194157849,1774012542198085873,3928
9317,1774012542199748148,1774012542204235244,4487
9318,1774012542205886344,1774012542209805874,3919
9319,1774012542211762624,1774012542216179797,4417
9320,1774012542217857699,1774012542221853574,3995
9321,1774012542223907069,1774012542228399266,4492
9322,1774012542230080393,1774012542233995911,3915
9323,1774012542235960042,1774012542240425605,4465
9324,1774012542242118087,1774012542246139500,4021
9325,1774012542247981674,1774012542252412896,4431
9326,1774012542254070555,1774012542258306481,4235
9327,1774012542259985829,1774012542264395105,4409
9328,1774012542266051885,1774012542270016883,3964
9329,1774012542271853377,1774012542276354355,4500
9330,1774012542278097830,1774012542282573415,4475
9331,1774012542284551004,1774012542288889969,4338
9332,1774012542290613022,1774012542294891436,4278
9333,1774012542296602573,1774012542301149482,4546
9334,1774012542302822495,1774012542306969778,4147
9335,1774012542308581070,1774012542311850543,3269
9336,1774012542313530610,1774012542317995130,4464
9337,1774012542319379844,1774012542322591578,3211
9338,1774012542324095348,1774012542327563410,3468
9339,1774012542329085032,1774012542333388546,4303
9340,1774012542334987484,1774012542338515197,3527
9341,1774012542340143001,1774012542344493717,4350
9342,1774012542346195507,1774012542349774426,3578
9343,1774012542351475596,1774012542355739308,4263
9344,1774012542357638572,1774012542361514971,3876
9345,1774012542363198454,1774012542367431286,4232
9346,1774012542369422848,1774012542373253737,3830
9347,1774012542374919198,1774012542379156027,4236
9348,1774012542380886838,1774012542384668222,3781
9349,1774012542386574520,1774012542390861742,4287
9350,1774012542392756336,1774012542396398728,3642
9351,1774012542398063007,1774012542402305555,4242
9352,1774012542404009493,1774012542408411256,4401
9353,1774012542410114503,1774012542413754808,3640
9354,1774012542415436884,1774012542418883959,3447
9355,1774012542420544719,1774012542424231403,3686
9356,1774012542425832850,1774012542429987375,4154
9357,1774012542431743022,1774012542435440859,3697
9358,1774012542437193037,1774012542440728042,3535
9359,1774012542442471922,1774012542445903227,3431
9360,1774012542447287791,1774012542450705323,3417
9361,1774012542452455413,1774012542456400404,3944
9362,1774012542458059088,1774012542462713398,4654
9363,1774012542464438527,1774012542467885217,3446
9364,1774012542469569729,1774012542473422979,3853
9365,1774012542475102450,1774012542479300501,4198
9366,1774012542480929096,1774012542485207536,4278
9367,1774012542487000078,1774012542490831464,3831
9368,1774012542492774441,1774012542497248242,4473
9369,1774012542499004500,1774012542502642007,3637
9370,1774012542504300321,1774012542508562062,4261
9371,1774012542510187047,1774012542513985707,3798
9372,1774012542515591872,1774012542519926749,4334
9373,1774012542521570917,1774012542525938019,4367
9374,1774012542527568120,1774012542531849005,4280
9375,1774012542533490197,1774012542537502063,4011
9376,1774012542539341194,1774012542542641787,3300
9377,1774012542544271636,1774012542548535104,4263
9378,1774012542550312867,1774012542554492213,4179
9379,1774012542556121413,1774012542560269005,4147
9380,1774012542561954969,1774012542565983414,4028
9381,1774012542567638672,1774012542572029676,4391
9382,1774012542573698826,1774012542578334427,4635
9383,1774012542580006602,1774012542584312760,4306
9384,1774012542586024761,1774012542589582520,3557
9385,1774012542591216222,1774012542595543663,4327
9386,1774012542597174543,1774012542600741131,3566
9387,1774012542602499905,1774012542606358074,3858
9388,1774012542607983798,1774012542612062457,4078
9389,1774012542613806175,1774012542617748570,3942
9390,1774012542619412619,1774012542623710398,4297
9391,1774012542625802271,1774012542629733539,3931
9392,1774012542631458265,1774012542635606572,4148
9393,1774012542637270453,1774012542640886089,3615
9394,1774012542642869361,1774012542647363458,4494
9395,1774012542649124251,1774012542652722051,3597
9396,1774012542654458906,1774012542659058045,4599
9397,1774012542660793880,1774012542664850556,4056
9398,1774012542666784294,1774012542671192030,4407
9399,1774012542672852579,1774012542676906310,4053
9400,1774012542678616818,1774012542683085398,4468
9401,1774012542684869377,1774012542689159569,4290
9402,1774012542690937518,1774012542694674373,3736
9403,1774012542696362487,1774012542700827151,4464
9404,1774012542702656245,1774012542706495982,3839
9405,1774012542708238227,1774012542712619753,4381
9406,1774012542714381902,1774012542718867372,4485
9407,1774012542720589864,1774012542725014487,4424
9408,1774012542726624460,1774012542730168894,3544
9409,1774012542731801869,1774012542735472796,3670
9410,1774012542737086352,1774012542740636418,3550
9411,1774012542742249420,1774012542746487944,4238
9412,1774012542748279152,1774012542751746042,3466
9413,1774012542753393058,1774012542757443750,4050
9414,1774012542759333629,1774012542762936395,3602
9415,1774012542764899965,1774012542768917086,4017
9416,1774012542770624485,1774012542774481279,3856
9417,1774012542776148167,1774012542780635099,4486
9418,1774012542782369605,1774012542786310460,3940
9419,1774012542788053963,1774012542791742167,3688
9420,1774012542793465760,1774012542797680612,4214
9421,1774012542799430094,1774012542803627248,4197
9422,1774012542805460311,1774012542809659058,4198
9423,1774012542811354453,1774012542815607737,4253
9424,1774012542817361883,1774012542821515765,4153
9425,1774012542823183132,1774012542827611423,4428
9426,1774012542829632110,1774012542833806389,4174
9427,1774012542835789067,1774012542840187000,4397
9428,1774012542841844208,1774012542845742067,3897
9429,1774012542847501486,1774012542851701181,4199
9430,1774012542853372980,1774012542857562557,4189
9431,1774012542859200819,1774012542863534390,4333
9432,1774012542865223629,1774012542868549300,3325
9433,1774012542870063574,1774012542874671337,4607
9434,1774012542876203379,1774012542879879697,3676
9435,1774012542881595140,1774012542885933165,4338
9436,1774012542887450415,1774012542890803828,3353
9437,1774012542892391739,1774012542895839426,3447
9438,1774012542897520103,1774012542901015690,3495
9439,1774012542902687727,1774012542906966718,4278
9440,1774012542908782730,1774012542912476451,3693
9441,1774012542914196895,1774012542918390070,4193
9442,1774012542920058274,1774012542923990867,3932
9443,1774012542925638162,1774012542930071924,4433
9444,1774012542931714577,1774012542935426153,3711
9445,1774012542937261063,1774012542940731995,3470
9446,1774012542942676537,1774012542947122211,4445
9447,1774012542948864148,1774012542953275021,4410
9448,1774012542954922393,1774012542959203756,4281
9449,1774012542961002957,1774012542965269806,4266
9450,1774012542966899686,1774012542971023661,4123
9451,1774012542972741487,1774012542977090605,4349
9452,1774012542978890500,1774012542983285413,4394
9453,1774012542984963276,1774012542989186510,4223
9454,1774012542990942983,1774012542995343040,4400
9455,1774012542996987381,1774012543001399898,4412
9456,1774012543003031576,1774012543007330659,4299
9457,1774012543009008055,1774012543013255531,4247
9458,1774012543014843686,1774012543018999976,4156
9459,1774012543020666782,1774012543024918849,4252
9460,1774012543026552054,1774012543030354811,3802
9461,1774012543032072545,1774012543035638111,3565
9462,1774012543037548759,1774012543041476675,3927
9463,1774012543043139050,1774012543047353411,4214
9464,1774012543049009986,1774012543053076335,4066
9465,1774012543054844235,1774012543059718608,4874
9466,1774012543061606927,1774012543065705766,4098
9467,1774012543067295542,1774012543071842056,4546
9468,1774012543073602825,1774012543077630003,4027
9469,1774012543079460840,1774012543083757794,4296
9470,1774012543085397955,1774012543089251999,3854
9471,1774012543091132205,1774012543095563735,4431
9472,1774012543097157425,1774012543101150111,3992
9473,1774012543102886330,1774012543106326610,3440
9474,1774012543107833699,1774012543112278892,4445
9475,1774012543113950549,1774012543118411381,4460
9476,1774012543120145870,1774012543124379265,4233
9477,1774012543126027847,1774012543130578640,4550
9478,1774012543132345390,1774012543135830439,3485
9479,1774012543137574797,1774012543141072189,3497
9480,1774012543142776458,1774012543147399299,4622
9481,1774012543149082004,1774012543153419403,4337
9482,1774012543155230933,1774012543159770307,4539
9483,1774012543161504199,1774012543165962013,4457
9484,1774012543167778502,1774012543172315053,4536
9485,1774012543174031600,1774012543178429470,4397
9486,1774012543180136221,1774012543184458990,4322
9487,1774012543186166059,1774012543190513814,4347
9488,1774012543192219329,1774012543196632387,4413
9489,1774012543198345068,1774012543201912731,3567
9490,1774012543203592254,1774012543207974305,4382
9491,1774012543209687221,1774012543213827235,4140
9492,1774012543215592601,1774012543219395280,3802
9493,1774012543221279061,1774012543225175204,3896
9494,1774012543226988317,1774012543231395060,4406
9495,1774012543233176004,1774012543237001346,3825
9496,1774012543238818253,1774012543243228449,4410
9497,1774012543245173773,1774012543249082266,3908
9498,1774012543250921328,1774012543255424405,4503
9499,1774012543257167480,1774012543260903262,3735
9500,1774012543262540670,1774012543266968905,4428
9501,1774012543268500801,1774012543272031275,3530
9502,1774012543273548729,1774012543277445504,3896
9503,1774012543279147741,1774012543283438993,4291
9504,1774012543285139321,1774012543289146293,4006
9505,1774012543290824230,1774012543294467961,3643
9506,1774012543296057413,1774012543300726651,4669
9507,1774012543302429026,1774012543306309531,3880
9508,1774012543307864321,1774012543312100910,4236
9509,1774012543313796982,1774012543318144885,4347
9510,1774012543319745515,1774012543323877694,4132
9511,1774012543325563591,1774012543330046764,4483
9512,1774012543331838472,1774012543336378044,4539
9513,1774012543337955224,1774012543342214216,4258
9514,1774012543343985601,1774012543348282042,4296
9515,1774012543350024790,1774012543354400236,4375
9516,1774012543356094975,1774012543360274310,4179
9517,1774012543361933697,1774012543366101428,4167
9518,1774012543367859196,1774012543372082594,4223
9519,1774012543373697742,1774012543378182918,4485
9520,1774012543379892561,1774012543384270846,4378
9521,1774012543385930471,1774012543390136266,4205
9522,1774012543391889480,1774012543396376752,4487
9523,1774012543397900900,1774012543401825477,3924
9524,1774012543403065623,1774012543407296610,4230
9525,1774012543408878862,1774012543413402321,4523
9526,1774012543415051450,1774012543418331142,3279
9527,1774012543419808848,1774012543423368381,3559
9528,1774012543424953517,1774012543429113475,4159
9529,1774012543430753907,1774012543434443028,3689
9530,1774012543436265052,1774012543440627142,4362
9531,1774012543442251916,1774012543446226235,3974
9532,1774012543447927315,1774012543452492348,4565
9533,1774012543454201121,1774012543458099677,3898
9534,1774012543459703075,1774012543464186130,4483
9535,1774012543465836584,1774012543470016467,4179
9536,1774012543472001117,1774012543476341393,4340
9537,1774012543478000201,1774012543481975278,3975
9538,1774012543483850593,1774012543488277353,4426
9539,1774012543489929453,1774012543493607434,3677
9540,1774012543495409218,1774012543499724226,4315
9541,1774012543501379408,1774012543505526026,4146
9542,1774012543507244609,1774012543511442523,4197
9543,1774012543513171274,1774012543517253339,4082
9544,1774012543518992992,1774012543523496215,4503
9545,1774012543525170034,1774012543529087770,3917
9546,1774012543530879729,1774012543534543879,3664
9547,1774012543536351998,1774012543540720457,4368
9548,1774012543542340189,1774012543546326143,3985
9549,1774012543547995801,1774012543552451015,4455
9550,1774012543554173256,1774012543558101539,3928
9551,1774012543559736527,1774012543564110945,4374
9552,1774012543565595523,1774012543569411368,3815
9553,1774012543570978587,1774012543575418516,4439
9554,1774012543577344987,1774012543581620926,4275
9555,1774012543583433371,1774012543587105713,3672
9556,1774012543588816781,1774012543593390545,4573
9557,1774012543595189449,1774012543598732531,3543
9558,1774012543600478649,1774012543603895348,3416
9559,1774012543605567386,1774012543609786723,4219
9560,1774012543611552795,1774012543615418811,3866
9561,1774012543617074523,1774012543621167232,4092
9562,1774012543622809566,1774012543626768843,3959
9563,1774012543628408857,1774012543632764089,4355
9564,1774012543634404730,1774012543638437115,4032
9565,1774012543640131990,1774012543643641128,3509
9566,1774012543645411559,1774012543649701153,4289
9567,1774012543651351215,1774012543655188144,3836
9568,1774012543656952378,1774012543661368481,4416
9569,1774012543663160393,1774012543667040952,3880
9570,1774012543668727991,1774012543673139017,4411
9571,1774012543674892924,1774012543678950950,4058
9572,1774012543680466414,1774012543684978368,4511
9573,1774012543686631127,1774012543690379941,3748
9574,1774012543691970479,1774012543695442524,3472
9575,1774012543697107486,1774012543701013129,3905
9576,1774012543702643113,1774012543706250405,3607
9577,1774012543707888846,1774012543712140108,4251
9578,1774012543713913285,1774012543717902368,3989
9579,1774012543719568748,1774012543723816271,4247
9580,1774012543725566136,1774012543729754285,4188
9581,1774012543731640165,1774012543735992902,4352
9582,1774012543737686955,1774012543741689692,4002
9583,1774012543743596657,1774012543747869210,4272
9584,1774012543749561064,1774012543753712140,4151
9585,1774012543755446508,1774012543759774903,4328
9586,1774012543761414025,1774012543765434877,4020
9587,1774012543767072291,1774012543770610291,3538
9588,1774012543772271927,1774012543776477446,4205
9589,1774012543778078428,1774012543781662011,3583
9590,1774012543783312203,1774012543786864579,3552
9591,1774012543788503623,1774012543792605105,4101
9592,1774012543794312503,1774012543797727107,3414
9593,1774012543799486450,1774012543804019235,4532
9594,1774012543805670936,1774012543810184501,4513
9595,1774012543811850562,1774012543815918400,4067
9596,1774012543817604821,1774012543821194513,3589
9597,1774012543822865647,1774012543826403888,3538
9598,1774012543828081630,1774012543832222827,4141
9599,1774012543834087251,1774012543837447081,3359
9600,1774012543839138467,1774012543842668001,3529
9601,1774012543844029732,1774012543848227526,4197
9602,1774012543849794493,1774012543853592956,3798
9603,1774012543855240536,1774012543858685044,3444
9604,1774012543860273620,1774012543864577726,4304
9605,1774012543866219555,1774012543869676808,3457
9606,1774012543871336594,1774012543874940353,3603
9607,1774012543876756952,1774012543880805931,4048
9608,1774012543882493440,1774012543886748482,4255
9609,1774012543888473602,1774012543892513367,4039
9610,1774012543894218869,1774012543898091460,3872
9611,1774012543899752375,1774012543904092853,4340
9612,1774012543906029418,1774012543910006310,3976
9613,1774012543911755079,1774012543916338251,4583
9614,1774012543918324982,1774012543922085001,3760
9615,1774012543923745845,1774012543927571921,3826
9616,1774012543929286890,1774012543933531944,4245
9617,1774012543935197480,1774012543939128312,3930
9618,1774012543940964177,1774012543945492824,4528
9619,1774012543947183002,1774012543950318248,3135
9620,1774012543951946950,1774012543956332809,4385
9621,1774012543958080913,1774012543961434977,3354
9622,1774012543963162554,1774012543966590224,3427
9623,1774012543968241023,1774012543972483806,4242
9624,1774012543974171537,1774012543978085531,3913
9625,1774012543979718374,1774012543983915748,4197
9626,1774012543985520296,1774012543989573034,4052
9627,1774012543991198651,1774012543994691928,3493
9628,1774012543996356088,1774012544000589970,4233
9629,1774012544002416764,1774012544006310806,3894
9630,1774012544008106236,1774012544012631386,4525
9631,1774012544014340481,1774012544018231805,3891
9632,1774012544019923806,1774012544024357051,4433
9633,1774012544026140740,1774012544030028907,3888
9634,1774012544031751917,1774012544036199349,4447
9635,1774012544037889284,1774012544042117622,4228
9636,1774012544043855950,1774012544048146865,4290
9637,1774012544049787980,1774012544053822740,4034
9638,1774012544055530859,1774012544059841671,4310
9639,1774012544061563055,1774012544065378472,3815
9640,1774012544067038427,1774012544071176075,4137
9641,1774012544072852919,1774012544076818925,3966
9642,1774012544078682090,1774012544083154873,4472
9643,1774012544085017290,1774012544088674583,3657
9644,1774012544090428936,1774012544093845824,3416
9645,1774012544095376454,1774012544098781566,3405
9646,1774012544100357463,1774012544103612734,3255
9647,1774012544105049060,1774012544108388021,3338
9648,1774012544110034689,1774012544114430939,4396
9649,1774012544115987997,1774012544119658900,3670
9650,1774012544121318895,1774012544124620041,3301
9651,1774012544126253173,1774012544130611594,4358
9652,1774012544132258689,1774012544136465561,4206
9653,1774012544138235657,1774012544142375240,4139
9654,1774012544144112785,1774012544148268035,4155
9655,1774012544149900596,1774012544154342561,4441
9656,1774012544156103072,1774012544160553729,4450
9657,1774012544162485666,1774012544166730514,4244
9658,1774012544168513329,1774012544172946779,4433
9659,1774012544174839201,1774012544179200609,4361
9660,1774012544180999677,1774012544185421179,4421
9661,1774012544187126575,1774012544190773047,3646
9662,1774012544192472671,1774012544196963014,4490
9663,1774012544198796212,1774012544202853710,4057
9664,1774012544204676042,1774012544209006756,4330
9665,1774012544210686311,1774012544214720479,4034
9666,1774012544216462372,1774012544221089700,4627
9667,1774012544222844158,1774012544227239396,4395
9668,1774012544228829744,1774012544232944527,4114
9669,1774012544234534678,1774012544237948693,3414
9670,1774012544239557866,1774012544243298921,3741
9671,1774012544244855664,1774012544249221364,4365
9672,1774012544250983970,1774012544254634706,3650
9673,1774012544256469387,1774012544260385250,3915
9674,1774012544262187961,1774012544266218785,4030
9675,1774012544267859073,1774012544272035879,4176
9676,1774012544273798718,1774012544277999769,4201
9677,1774012544279684495,1774012544283410085,3725
9678,1774012544285098953,1774012544289305177,4206
9679,1774012544291110081,1774012544295030173,3920
9680,1774012544296733910,1774012544301299377,4565
9681,1774012544303080614,1774012544307349206,4268
9682,1774012544308930603,1774012544312455702,3525
9683,1774012544314110248,1774012544318656101,4545
9684,1774012544320455231,1774012544324617927,4162
9685,1774012544326592055,1774012544331117105,4525
9686,1774012544332800240,1774012544337514782,4714
9687,1774012544339324716,1774012544343623941,4299
9688,1774012544345358162,1774012544349335324,3977
9689,1774012544351349050,1774012544355193869,3844
9690,1774012544357042884,1774012544361600200,4557
9691,1774012544363561011,1774012544367414409,3853
9692,1774012544369069309,1774012544373412230,4342
9693,1774012544375095899,1774012544378960629,3864
9694,1774012544380824567,1774012544384235843,3411
9695,1774012544385817987,1774012544388984265,3166
9696,1774012544390558440,1774012544394942406,4383
9697,1774012544396897042,1774012544400695119,3798
9698,1774012544402530588,1774012544406970379,4439
9699,1774012544408897585,1774012544412602423,3704
9700,1774012544414342992,1774012544417944391,3601
9701,1774012544419751704,1774012544423945810,4194
9702,1774012544425775470,1774012544429550245,3774
9703,1774012544431215748,1774012544435448308,4232
9704,1774012544437416068,1774012544441503474,4087
9705,1774012544443188297,1774012544447547242,4358
9706,1774012544449413576,1774012544453800405,4386
9707,1774012544455550047,1774012544459724249,4174
9708,1774012544461651663,1774012544466053887,4402
9709,1774012544467716002,1774012544471822386,4106
9710,1774012544473732182,1774012544478188410,4456
9711,1774012544479800518,1774012544483377240,3576
9712,1774012544485065928,1774012544489576451,4510
9713,1774012544491360225,1774012544495736545,4376
9714,1774012544497601181,1774012544502005322,4404
9715,1774012544503715383,1774012544507600633,3885
9716,1774012544509082578,1774012544513334504,4251
9717,1774012544514806897,1774012544518173974,3367
9718,1774012544519916242,1774012544523255720,3339
9719,1774012544524997912,1774012544528324149,3326
9720,1774012544529980339,1774012544533266533,3286
9721,1774012544534959841,1774012544539282327,4322
9722,1774012544541115655,1774012544545266411,4150
9723,1774012544547320690,1774012544551527897,4207
9724,1774012544553427873,1774012544557656457,4228
9725,1774012544559601424,1774012544563992860,4391
9726,1774012544565747629,1774012544570171889,4424
9727,1774012544571950166,1774012544576184258,4234
9728,1774012544578074297,1774012544582400849,4326
9729,1774012544584261071,1774012544588652967,4391
9730,1774012544590514748,1774012544594812837,4298
9731,1774012544596563849,1774012544600259858,3696
9732,1774012544602041785,1774012544606375127,4333
9733,1774012544608159710,1774012544612394460,4234
9734,1774012544614008611,1774012544618490818,4482
9735,1774012544620214745,1774012544623791883,3577
9736,1774012544625631482,1774012544630077122,4445
9737,1774012544631781909,1774012544635401601,3619
9738,1774012544637028425,1774012544640746551,3718
9739,1774012544642442361,1774012544645914116,3471
9740,1774012544647625502,1774012544651686154,4060
9741,1774012544653422815,1774012544656476321,3053
9742,1774012544657973605,1774012544661893463,3919
9743,1774012544663458042,1774012544667825214,4367
9744,1774012544669399780,1774012544672929263,3529
9745,1774012544674595960,1774012544678962961,4367
9746,1774012544680690394,1774012544684428274,3737
9747,1774012544686181042,1774012544690398893,4217
9748,1774012544692041349,1774012544695961566,3920
9749,1774012544697675719,1774012544702121297,4445
9750,1774012544704106392,1774012544708052550,3946
9751,1774012544709741972,1774012544714235357,4493
9752,1774012544715963028,1774012544719875788,3912
9753,1774012544721617101,1774012544725492156,3875
9754,1774012544727269886,1774012544731586123,4316
9755,1774012544733256566,1774012544736793146,3536
9756,1774012544738406440,1774012544742122977,3716
9757,1774012544743844466,1774012544747806127,3961
9758,1774012544749483613,1774012544753934158,4450
9759,1774012544755722637,1774012544760022030,4299
9760,1774012544761724141,1774012544765898444,4174
9761,1774012544767764000,1774012544771740580,3976
9762,1774012544773411652,1774012544776741454,3329
9763,1774012544778415858,1774012544781825573,3409
9764,1774012544783467679,1774012544787562017,4094
9765,1774012544789179731,1774012544792527443,3347
9766,1774012544794284687,1774012544797777859,3493
9767,1774012544799423147,1774012544803160440,3737
9768,1774012544804486746,1774012544808257631,3770
9769,1774012544809853589,1774012544814257120,4403
9770,1774012544816111432,1774012544820219814,4108
9771,1774012544822018838,1774012544826283921,4265
9772,1774012544827866555,1774012544832123806,4257
9773,1774012544833844988,1774012544837780038,3935
9774,1774012544839484651,1774012544843038607,3553
9775,1774012544844914898,1774012544849352465,4437
9776,1774012544851114595,1774012544854686245,3571
9777,1774012544856633073,1774012544860745874,4112
9778,1774012544862459643,1774012544866610073,4150
9779,1774012544868369923,1774012544872327902,3957
9780,1774012544873947212,1774012544877731207,3783
9781,1774012544879731538,1774012544884021307,4289
9782,1774012544885819517,1774012544890157787,4338
9783,1774012544892033466,1774012544896093270,4059
9784,1774012544897889719,1774012544901926072,4036
9785,1774012544903668687,1774012544907744109,4075
9786,1774012544909483803,1774012544913388056,3904
9787,1774012544915066347,1774012544918637801,3571
9788,1774012544920238604,1774012544924328008,4089
9789,1774012544925721789,1774012544929566344,3844
9790,1774012544931121333,1774012544934738468,3617
9791,1774012544936209678,1774012544939687648,3477
9792,1774012544941401873,1774012544944756944,3355
9793,1774012544946484525,1774012544950127462,3642
9794,1774012544951948934,1774012544956469850,4520
9795,1774012544958217895,1774012544961820087,3602
9796,1774012544963535362,1774012544968186875,4651
9797,1774012544970024403,1774012544973548768,3524
9798,1774012544975197770,1774012544978872314,3674
9799,1774012544980795095,1774012544984983837,4188
9800,1774012544986711133,1774012544990380828,3669
9801,1774012544992270248,1774012544996435571,4165
9802,1774012544998106818,1774012545002083928,3977
9803,1774012545003929334,1774012545008265491,4336
9804,1774012545010029728,1774012545014073604,4043
9805,1774012545015985932,1774012545020544075,4558
9806,1774012545022333592,1774012545026225718,3892
9807,1774012545028187376,1774012545032518534,4331
9808,1774012545034188416,1774012545038049082,3860
9809,1774012545039972915,1774012545044330611,4357
9810,1774012545045967609,1774012545050044007,4076
9811,1774012545051801915,1774012545056344168,4542
9812,1774012545058026013,1774012545061927750,3901
9813,1774012545063652941,1774012545067026534,3373
9814,1774012545068723149,1774012545073525908,4802
9815,1774012545075250233,1774012545079851396,4601
9816,1774012545081499458,1774012545085554477,4055
9817,1774012545087138519,1774012545091592451,4453
9818,1774012545093328429,1774012545097761024,4432
9819,1774012545099502688,1774012545103883610,4380
9820,1774012545105596740,1774012545109563900,3967
9821,1774012545111407711,1774012545115991496,4583
9822,1774012545117737394,1774012545121854255,4116
9823,1774012545123735552,1774012545128371866,4636
9824,1774012545130101575,1774012545133841680,3740
9825,1774012545135700920,1774012545140327741,4626
9826,1774012545142036662,1774012545146443414,4406
9827,1774012545148139021,1774012545152448474,4309
9828,1774012545154211769,1774012545158510815,4299
9829,1774012545160183815,1774012545164437504,4253
9830,1774012545166206376,1774012545170442357,4235
9831,1774012545172362302,1774012545176576435,4214
9832,1774012545178297065,1774012545182200396,3903
9833,1774012545183983919,1774012545188528231,4544
9834,1774012545189957814,1774012545193622459,3664
9835,1774012545195576937,1774012545200297239,4720
9836,1774012545201985903,1774012545206508365,4522
9837,1774012545207856159,1774012545212166880,4310
9838,1774012545213682627,1774012545217452881,3770
9839,1774012545218940720,1774012545222532556,3591
9840,1774012545224173143,1774012545228082320,3909
9841,1774012545229763269,1774012545234047271,4284
9842,1774012545235790758,1774012545240299775,4509
9843,1774012545242018366,1774012545246082198,4063
9844,1774012545247770497,1774012545252137616,4367
9845,1774012545253776506,1774012545257703889,3927
9846,1774012545259346144,1774012545263593642,4247
9847,1774012545265210568,1774012545269337309,4126
9848,1774012545271312247,1774012545274783224,3470
9849,1774012545276617969,1774012545281072898,4454
9850,1774012545282885960,1774012545286535896,3649
9851,1774012545288217315,1774012545292525030,4307
9852,1774012545294361802,1774012545298161957,3800
9853,1774012545300222426,1774012545304827371,4604
9854,1774012545306469665,1774012545310357425,3887
9855,1774012545312065935,1774012545315550095,3484
9856,1774012545317212334,1774012545321657004,4444
9857,1774012545323382813,1774012545327780755,4397
9858,1774012545329492307,1774012545333046529,3554
9859,1774012545334803795,1774012545338295440,3491
9860,1774012545339901646,1774012545343976968,4075
9861,1774012545345537179,1774012545349386730,3849
9862,1774012545351076542,1774012545355533300,4456
9863,1774012545357122426,1774012545360797104,3674
9864,1774012545362446318,1774012545366944511,4498
9865,1774012545368630776,1774012545373110003,4479
9866,1774012545374810039,1774012545379250932,4440
9867,1774012545381018555,1774012545385554977,4536
9868,1774012545387330248,1774012545391488072,4157
9869,1774012545393101701,1774012545397581679,4479
9870,1774012545399424102,1774012545403680498,4256
9871,1774012545405388703,1774012545409661297,4272
9872,1774012545411453284,1774012545415651720,4198
9873,1774012545417454212,1774012545421674994,4220
9874,1774012545423358720,1774012545427573726,4215
9875,1774012545429508695,1774012545433891434,4382
9876,1774012545435657569,1774012545439944204,4286
9877,1774012545441726229,1774012545446118531,4392
9878,1774012545447787030,1774012545452030635,4243
9879,1774012545453845564,1774012545458445154,4599
9880,1774012545460165728,1774012545463555596,3389
9881,1774012545465112792,1774012545469525954,4413
9882,1774012545471034790,1774012545475518362,4483
9883,1774012545477306939,1774012545481160184,3853
9884,1774012545482903041,1774012545487343401,4440
9885,1774012545488720543,1774012545493127487,4406
9886,1774012545494552083,1774012545498290680,3738
9887,1774012545499840036,1774012545503604107,3764
9888,1774012545505360429,1774012545509090623,3730
9889,1774012545510804084,1774012545514717805,3913
9890,1774012545516453007,1774012545520640254,4187
9891,1774012545522342312,1774012545525763533,3421
9892,1774012545527440874,1774012545531742025,4301
9893,1774012545533633287,1774012545537946776,4313
9894,1774012545539720675,1774012545544191574,4470
9895,1774012545545959938,1774012545550204829,4244
9896,1774012545551852249,1774012545555407538,3555
9897,1774012545557025107,1774012545560734321,3709
9898,1774012545562522643,1774012545566942599,4419
9899,1774012545568755756,1774012545573005764,4250
9900,1774012545574912319,1774012545579374696,4462
9901,1774012545581049444,1774012545585400641,4351
9902,1774012545587263101,1774012545591064678,3801
9903,1774012545592944509,1774012545597340284,4395
9904,1774012545598984884,1774012545602587615,3602
9905,1774012545604403992,1774012545608778155,4374
9906,1774012545610319416,1774012545614185729,3866
9907,1774012545615770333,1774012545619292389,3522
9908,1774012545620863459,1774012545624458763,3595
9909,1774012545626006238,1774012545629442451,3436
9910,1774012545631171074,1774012545635517462,4346
9911,1774012545637137916,1774012545641144820,4006
9912,1774012545642820679,1774012545647003060,4182
9913,1774012545648725207,1774012545652830235,4105
9914,1774012545654604183,1774012545659046742,4442
9915,1774012545660715924,1774012545665345993,4630
9916,1774012545666986540,1774012545670549684,3563
9917,1774012545672196055,1774012545675911888,3715
9918,1774012545677725488,1774012545681973179,4247
9919,1774012545683673762,1774012545687466740,3792
9920,1774012545689165557,1774012545692755431,3589
9921,1774012545694512015,1774012545698723515,4211
9922,1774012545700592643,1774012545704886733,4294
9923,1774012545706605363,1774012545710979342,4373
9924,1774012545712606876,1774012545716912221,4305
9925,1774012545718634492,1774012545722923293,4288
9926,1774012545724702640,1774012545729068104,4365
9927,1774012545730761053,1774012545735084145,4323
9928,1774012545736913560,1774012545741256714,4343
9929,1774012545742926447,1774012545747357802,4431
9930,1774012545748906018,1774012545753283776,4377
9931,1774012545755013995,1774012545758355918,3341
9932,1774012545759848066,1774012545763407827,3559
9933,1774012545765070971,1774012545768607634,3536
9934,1774012545770298398,1774012545773898374,3599
9935,1774012545775430605,1774012545779622457,4191
9936,1774012545781343788,1774012545785174326,3830
9937,1774012545786767324,1774012545790802733,4035
9938,1774012545792502467,1774012545796696827,4194
9939,1774012545798549583,1774012545802825997,4276
9940,1774012545804624081,1774012545808874036,4249
9941,1774012545810833310,1774012545815227013,4393
9942,1774012545817036021,1774012545821212419,4176
9943,1774012545823084742,1774012545827506473,4421
9944,1774012545829187207,1774012545833581389,4394
9945,1774012545835579974,1774012545840083376,4503
9946,1774012545841947611,1774012545846009254,4061
9947,1774012545847767026,1774012545852106210,4339
9948,1774012545853771359,1774012545857767607,3996
9949,1774012545859527865,1774012545863910206,4382
9950,1774012545865693210,1774012545869749383,4056
9951,1774012545871859486,1774012545876357885,4498
9952,1774012545877941458,1774012545882013030,4071
9953,1774012545883908456,1774012545887652430,3743
9954,1774012545889239978,1774012545893478134,4238
9955,1774012545895142570,1774012545899664472,4521
9956,1774012545901247200,1774012545904500547,3253
9957,1774012545906367821,1774012545909840877,3473
9958,1774012545911439172,1774012545915608266,4169
9959,1774012545917478544,1774012545921945383,4466
9960,1774012545923675139,1774012545928039849,4364
9961,1774012545929839907,1774012545934306737,4466
9962,1774012545936090124,1774012545940363419,4273
9963,1774012545942160866,1774012545946621319,4460
9964,1774012545948329595,1774012545952490958,4161
9965,1774012545954256685,1774012545958403654,4146
9966,1774012545960210437,1774012545964369397,4158
9967,1774012545966050358,1774012545970542166,4491
9968,1774012545972542231,1774012545976781921,4239
9969,1774012545978766254,1774012545983116317,4350
9970,1774012545985097856,1774012545989217949,4120
9971,1774012545991103259,1774012545995450330,4347
9972,1774012545997276630,1774012546001400696,4124
9973,1774012546003627842,1774012546008082266,4454
9974,1774012546009851115,1774012546013780687,3929
9975,1774012546015506948,1774012546019923858,4416
9976,1774012546021543648,1774012546025701654,4158
9977,1774012546027196687,1774012546030513801,3317
9978,1774012546032248845,1774012546036822593,4573
9979,1774012546038402595,1774012546041916230,3513
9980,1774012546043379325,1774012546046797433,3418
9981,1774012546048317491,1774012546052036909,3719
9982,1774012546053896540,1774012546058178819,4282
9983,1774012546059990144,1774012546064515096,4524
9984,1774012546066468819,1774012546070386398,3917
9985,1774012546072132655,1774012546076674557,4541
9986,1774012546078595349,1774012546082548813,3953
9987,1774012546084398919,1774012546088878269,4479
9988,1774012546090683459,1774012546094325959,3642
9989,1774012546096074780,1774012546100530767,4455
9990,1774012546102283088,1774012546106441148,4158
9991,1774012546108158775,1774012546112677247,4518
9992,1774012546114548459,1774012546118482234,3933
9993,1774012546120090210,1774012546124516298,4426
9994,1774012546126381858,1774012546130310164,3928
9995,1774012546131986656,1774012546136353715,4367
9996,1774012546138358379,1774012546142259201,3900
9997,1774012546143955737,1774012546148510730,4554
9998,1774012546150097528,1774012546153541220,3443
9999,1774012546155274393,1774012546158757638,3483
10000,1774012546160263138,1774012546163697577,3434
10001,1774012546165577717,1774012546169710155,4132
10002,1774012546171345495,1774012546174821915,3476
10003,1774012546176484669,1774012546181081831,4597
10004,1774012546182406400,1774012546186563484,4157
10005,1774012546188154772,1774012546191563497,3408
10006,1774012546193051329,1774012546197405153,4353
10007,1774012546199221907,1774012546203011886,3789
10008,1774012546204705157,1774012546208971348,4266
10009,1774012546210728322,1774012546214784883,4056
10010,1774012546216442778,1774012546220683823,4241
10011,1774012546222476760,1774012546225945598,3468
10012,1774012546227586297,1774012546231627704,4041
10013,1774012546233337164,1774012546237164416,3827
10014,1774012546238777611,1774012546242364494,3586
10015,1774012546244094131,1774012546247620247,3526
10016,1774012546249299415,1774012546253857908,4558
10017,1774012546255630741,1774012546259340741,3710
10018,1774012546260986819,1774012546265460847,4474
10019,1774012546267115027,1774012546270993667,3878
10020,1774012546272842372,1774012546277175453,4333
10021,1774012546278962396,1774012546282994069,4031
10022,1774012546284752277,1774012546289204121,4451
10023,1774012546290899205,1774012546294946187,4046
10024,1774012546296649940,1774012546300547336,3897
10025,1774012546302110478,1774012546306357582,4247
10026,1774012546307689633,1774012546311576068,3886
10027,1774012546313063687,1774012546316314478,3250
10028,1774012546317736228,1774012546322007256,4271
10029,1774012546323619736,1774012546327229601,3609
10030,1774012546328766971,1774012546332300371,3533
10031,1774012546333995754,1774012546338124271,4128
10032,1774012546339729829,1774012546344097939,4368
10033,1774012546345869722,1774012546350234970,4365
10034,1774012546351905494,1774012546355867472,3961
10035,1774012546357597346,1774012546361968851,4371
10036,1774012546363619613,1774012546367920075,4300
10037,1774012546369583826,1774012546373843745,4259
10038,1774012546375654424,1774012546380004451,4350
10039,1774012546381569020,1774012546385956916,4387
10040,1774012546387685321,1774012546391767781,4082
10041,1774012546393514917,1774012546397749028,4234
10042,1774012546399486220,1774012546403656609,4170
10043,1774012546405584825,1774012546409890012,4305
10044,1774012546411735588,1774012546416275765,4540
10045,1774012546417964351,1774012546421881497,3917
10046,1774012546423490144,1774012546427926407,4436
10047,1774012546429528582,1774012546432899847,3371
10048,1774012546434371408,1774012546438773842,4402
10049,1774012546440397024,1774012546444022168,3625
10050,1774012546445254284,1774012546448462933,3208
10051,1774012546450041042,1774012546453759639,3718
10052,1774012546455472816,1774012546458964273,3491
10053,1774012546460624748,1774012546465269994,4645
10054,1774012546466848101,1774012546470676245,3828
10055,1774012546472440624,1774012546476323060,3882
10056,1774012546478082926,1774012546482124969,4042
10057,1774012546483985679,1774012546487661387,3675
10058,1774012546489391113,1774012546493078918,3687
10059,1774012546494944555,1774012546499167305,4222
10060,1774012546501051495,1774012546504754467,3702
10061,1774012546506580229,1774012546510442689,3862
10062,1774012546512169985,1774012546515936722,3766
10063,1774012546517813063,1774012546522165262,4352
10064,1774012546523777712,1774012546527412426,3634
10065,1774012546529251098,1774012546533555201,4304
10066,1774012546535237030,1774012546539610167,4373
10067,1774012546541577318,1774012546545546722,3969
10068,1774012546547325373,1774012546551640127,4314
10069,1774012546553591430,1774012546557921460,4330
10070,1774012546559688557,1774012546564164831,4476
10071,1774012546566037945,1774012546569567751,3529
10072,1774012546571173449,1774012546575100808,3927
10073,1774012546576824801,1774012546580852466,4027
10074,1774012546582638370,1774012546586105624,3467
10075,1774012546587795277,1774012546591227908,3432
10076,1774012546592943405,1774012546596786694,3843
10077,1774012546598356381,1774012546602326724,3970
10078,1774012546604111705,1774012546608462329,4350
10079,1774012546610373216,1774012546614672233,4299
10080,1774012546616563156,1774012546620850414,4287
10081,1774012546622838026,1774012546627078150,4240
10082,1774012546628896063,1774012546633409092,4513
10083,1774012546635400634,1774012546639692505,4291
10084,1774012546641480323,1774012546646198922,4718
10085,1774012546647958347,1774012546651922256,3963
10086,1774012546653679600,1774012546658816716,5137
10087,1774012546660650883,1774012546665357222,4706
10088,1774012546667162357,1774012546671180895,4018
10089,1774012546672842617,1774012546676704110,3861
10090,1774012546678462881,1774012546683054352,4591
10091,1774012546684853033,1774012546688626643,3773
10092,1774012546690362949,1774012546694959928,4596
10093,1774012546696568788,1774012546700340632,3771
10094,1774012546701983910,1774012546706470562,4486
10095,1774012546707947545,1774012546711836278,3888
10096,1774012546713450381,1774012546717925509,4475
10097,1774012546719568036,1774012546723700301,4132
10098,1774012546725395621,1774012546729360685,3965
10099,1774012546731088042,1774012546734744575,3656
10100,1774012546736312882,1774012546740514292,4201
10101,1774012546742219899,1774012546746608791,4388
10102,1774012546748414003,1774012546752854666,4440
10103,1774012546754740080,1774012546758963136,4223
10104,1774012546760757868,1774012546764684040,3926
10105,1774012546766407946,1774012546770924292,4516
10106,1774012546772788398,1774012546776781038,3992
10107,1774012546778520516,1774012546782344757,3824
10108,1774012546784214003,1774012546788611799,4397
10109,1774012546790544025,1774012546794844509,4300
10110,1774012546796743642,1774012546800688747,3945
10111,1774012546802365089,1774012546806623938,4258
10112,1774012546808565575,1774012546812531454,3965
10113,1774012546814394040,1774012546818570530,4176
10114,1774012546820293984,1774012546823704027,3410
10115,1774012546825358639,1774012546828878268,3519
10116,1774012546830487638,1774012546834818508,4330
10117,1774012546836726988,1774012546840406567,3679
10118,1774012546842079423,1774012546846452406,4372
10119,1774012546848132100,1774012546852023900,3891
10120,1774012546853700770,1774012546857810435,4109
10121,1774012546859142939,1774012546862133880,2990
10122,1774012546863618716,1774012546867326318,3707
10123,1774012546868953780,1774012546872580388,3626
10124,1774012546874074758,1774012546878008019,3933
10125,1774012546879566363,1774012546883797660,4231
10126,1774012546885395256,1774012546889708360,4313
10127,1774012546891346562,1774012546895244243,3897
10128,1774012546896972912,1774012546900469964,3497
10129,1774012546902082942,1774012546906364844,4281
10130,1774012546908200926,1774012546911944671,3743
10131,1774012546913721951,1774012546918114956,4393
10132,1774012546919834482,1774012546923967008,4132
10133,1774012546925681994,1774012546929977615,4295
10134,1774012546931760713,1774012546935891343,4130
10135,1774012546937606621,1774012546941938370,4331
10136,1774012546943729918,1774012546948004726,4274
10137,1774012546949758726,1774012546954317371,4558
10138,1774012546956118650,1774012546960006610,3887
10139,1774012546961838104,1774012546966263890,4425
10140,1774012546968130322,1774012546972018185,3887
10141,1774012546973716040,1774012546978091401,4375
10142,1774012546979441261,1774012546983566054,4124
10143,1774012546985211987,1774012546988733415,3521
10144,1774012546990286521,1774012546993629598,3343
10145,1774012546995101841,1774012546999191445,4089
10146,1774012547000798061,1774012547004873549,4075
10147,1774012547006622636,1774012547010022607,3399
10148,1774012547011768769,1774012547015466686,3697
10149,1774012547017153405,1774012547020765817,3612
10150,1774012547022562115,1774012547026947219,4385
10151,1774012547028717888,1774012547032601730,3883
10152,1774012547034308184,1774012547037920305,3612
10153,1774012547039784366,1774012547044116909,4332
10154,1774012547045774400,1774012547049551801,3777
10155,1774012547051253081,1774012547055659910,4406
10156,1774012547057355550,1774012547061563483,4207
10157,1774012547063208205,1774012547067512967,4304
10158,1774012547069158424,1774012547072587205,3428
10159,1774012547074223196,1774012547077604721,3381
10160,1774012547079403909,1774012547084016730,4612
10161,1774012547085838257,1774012547090595595,4757
10162,1774012547092375468,1774012547096599316,4223
10163,1774012547098335566,1774012547102539658,4204
10164,1774012547104259172,1774012547108526351,4267
10165,1774012547110194263,1774012547113446832,3252
10166,1774012547114931802,1774012547119365187,4433
10167,1774012547121097941,1774012547125131334,4033
10168,1774012547126872977,1774012547131351374,4478
10169,1774012547133097017,1774012547136880713,3783
10170,1774012547138639893,1774012547142673153,4033
10171,1774012547144566331,1774012547148998066,4431
10172,1774012547150734365,1774012547154493077,3758
10173,1774012547156276193,1774012547161472324,5196
10174,1774012547163441232,1774012547167116531,3675
10175,1774012547168819509,1774012547173286607,4467
10176,1774012547175004775,1774012547178603004,3598
10177,1774012547180283498,1774012547184740251,4456
10178,1774012547186506125,1774012547190676117,4169
10179,1774012547192395083,1774012547197069624,4674
10180,1774012547198978573,1774012547202820446,3841
10181,1774012547204509614,1774012547208806884,4297
10182,1774012547210700634,1774012547214453951,3753
10183,1774012547216179296,1774012547219996168,3816
10184,1774012547221835694,1774012547225982620,4146
10185,1774012547227746435,1774012547231737285,3990
10186,1774012547233461926,1774012547237752346,4290
10187,1774012547239459932,1774012547243512054,4052
10188,1774012547245153920,1774012547249389914,4235
10189,1774012547251044078,1774012547255393860,4349
10190,1774012547257089823,1774012547260708250,3618
10191,1774012547262550827,1774012547266374281,3823
10192,1774012547268035608,1774012547271386404,3350
10193,1774012547272835993,1774012547276499170,3663
10194,1774012547278136504,1774012547281539851,3403
10195,1774012547283088728,1774012547286782486,3693
10196,1774012547288455236,1774012547292347767,3892
10197,1774012547294167602,1774012547298215096,4047
10198,1774012547300041412,1774012547304018584,3977
10199,1774012547305719287,1774012547309944150,4224
10200,1774012547311964627,1774012547315893197,3928
10201,1774012547317727861,1774012547321378124,3650
10202,1774012547323133050,1774012547327584488,4451
10203,1774012547329280908,1774012547332817772,3536
10204,1774012547334520848,1774012547339052809,4531
10205,1774012547340835411,1774012547344522918,3687
10206,1774012547346215237,1774012547349984152,3768
10207,1774012547351723179,1774012547356017591,4294
10208,1774012547357852215,1774012547362024583,4172
10209,1774012547363838099,1774012547367692202,3854
10210,1774012547369494606,1774012547373753094,4258
10211,1774012547375597892,1774012547379582201,3984
10212,1774012547381565759,1774012547385750179,4184
10213,1774012547387606969,1774012547392169830,4562
10214,1774012547393846155,1774012547397506303,3660
10215,1774012547399376303,1774012547402981210,3604
10216,1774012547404757222,1774012547408930337,4173
10217,1774012547410813509,1774012547414560170,3746
10218,1774012547416277994,1774012547420707130,4429
10219,1774012547422467896,1774012547426949683,4481
10220,1774012547428873528,1774012547433105234,4231
10221,1774012547434868202,1774012547439525341,4657
10222,1774012547441389037,1774012547445468533,4079
10223,1774012547447454217,1774012547452019840,4565
10224,1774012547453797948,1774012547457654167,3856
10225,1774012547459484067,1774012547463895176,4411
10226,1774012547465617370,1774012547469522295,3904
10227,1774012547471287093,1774012547475702651,4415
10228,1774012547477513039,1774012547481792068,4279
10229,1774012547483709027,1774012547487611707,3902
10230,1774012547489287854,1774012547492724879,3437
10231,1774012547494456699,1774012547498014286,3557
10232,1774012547499701803,1774012547503862501,4160
10233,1774012547505570021,1774012547509476922,3906
10234,1774012547511103342,1774012547515341537,4238
10235,1774012547517007965,1774012547520992142,3984
10236,1774012547522641716,1774012547527039318,4397
10237,1774012547528847273,1774012547532922919,4075
10238,1774012547534642879,1774012547538853832,4210
10239,1774012547540582536,1774012547544481870,3899
10240,1774012547546226642,1774012547549722697,3496
10241,1774012547551352358,1774012547554772275,3419
10242,1774012547556470431,1774012547561022828,4552
10243,1774012547562623064,1774012547566220936,3597
10244,1774012547568021763,1774012547572424772,4403
10245,1774012547574090103,1774012547577600308,3510
10246,1774012547579175093,1774012547582660554,3485
10247,1774012547584353456,1774012547588522896,4169
10248,1774012547590148035,1774012547593993982,3845
10249,1774012547595613125,1774012547600107897,4494
10250,1774012547601822947,1774012547605862942,4039
10251,1774012547607738790,1774012547612083359,4344
10252,1774012547613983250,1774012547618229905,4246
10253,1774012547619995978,1774012547624236322,4240
10254,1774012547625971819,1774012547630077700,4105
10255,1774012547631888027,1774012547636424088,4536
10256,1774012547638151027,1774012547642043934,3892
10257,1774012547643812110,1774012547648062086,4249
10258,1774012547650031404,1774012547653708664,3677
10259,1774012547655496552,1774012547659744725,4248
10260,1774012547661654392,1774012547665483868,3829
10261,1774012547667208677,1774012547671621883,4413
10262,1774012547673476649,1774012547677176952,3700
10263,1774012547678877230,1774012547683479083,4601
10264,1774012547685038127,1774012547688546267,3508
10265,1774012547690276067,1774012547693887939,3611
10266,1774012547695179220,1774012547698502338,3323
10267,1774012547700224615,1774012547704455869,4231
10268,1774012547706040368,1774012547709528262,3487
10269,1774012547711140798,1774012547715490479,4349
10270,1774012547717339968,1774012547721575521,4235
10271,1774012547723271533,1774012547726869008,3597
10272,1774012547728740003,1774012547733084127,4344
10273,1774012547734752530,1774012547739173424,4420
10274,1774012547741043344,1774012547745385839,4342
10275,1774012547747147924,1774012547750750025,3602
10276,1774012547752454691,1774012547756114484,3659
10277,1774012547757754334,1774012547761448473,3694
10278,1774012547763099776,1774012547766617526,3517
10279,1774012547768315755,1774012547772572667,4256
10280,1774012547774350021,1774012547778571324,4221
10281,1774012547780480667,1774012547784638656,4157
10282,1774012547786353170,1774012547790819600,4466
10283,1774012547792577826,1774012547796719299,4141
10284,1774012547798698750,1774012547803161089,4462
10285,1774012547804929701,1774012547808495440,3565
10286,1774012547810325597,1774012547814967325,4641
10287,1774012547816744773,1774012547820986454,4241
10288,1774012547822748217,1774012547826509577,3761
10289,1774012547828167854,1774012547831703191,3535
10290,1774012547833331127,1774012547836858465,3527
10291,1774012547838551127,1774012547842766179,4215
10292,1774012547844438214,1774012547848247294,3809
10293,1774012547849904493,1774012547854370642,4466
10294,1774012547856078376,1774012547860040816,3962
10295,1774012547861794109,1774012547865429512,3635
10296,1774012547867094457,1774012547870773526,3679
10297,1774012547872483552,1774012547876521937,4038
10298,1774012547878189017,1774012547882119086,3930
10299,1774012547883921601,1774012547888280981,4359
10300,1774012547889945848,1774012547893542992,3597
10301,1774012547895451314,1774012547899751188,4299
10302,1774012547901578840,1774012547906036638,4457
10303,1774012547907939120,1774012547912329567,4390
10304,1774012547913979040,1774012547918027923,4048
10305,1774012547919781852,1774012547923404420,3622
10306,1774012547925072666,1774012547928542833,3470
10307,1774012547930431016,1774012547934891464,4460
10308,1774012547936604533,1774012547940393671,3789
10309,1774012547942099939,1774012547946515187,4415
10310,1774012547948096476,1774012547952059002,3962
10311,1774012547953566093,1774012547958002597,4436
10312,1774012547959788857,1774012547963724052,3935
10313,1774012547965316593,1774012547968789411,3472
10314,1774012547970466449,1774012547974813559,4347
10315,1774012547976402271,1774012547980293722,3891
10316,1774012547982056544,1774012547986385242,4328
10317,1774012547988089688,1774012547992109368,4019
10318,1774012547993875554,1774012547998242569,4367
10319,1774012547999919448,1774012548004164339,4244
