iter,start_ns,end_ns,duration_us
1,1774013994876123127,1774013994880210240,4087
2,1774013994881639003,1774013994885241453,3602
3,1774013994886783130,1774013994891419190,4636
4,1774013994892999382,1774013994896776806,3777
5,1774013994898649249,1774013994902383513,3734
6,1774013994904063785,1774013994908772318,4708
7,1774013994910480282,1774013994914798463,4318
8,1774013994916355197,1774013994920447521,4092
9,1774013994922285635,1774013994925839156,3553
10,1774013994927405715,1774013994931087144,3681
11,1774013994932597579,1774013994936312886,3715
12,1774013994937788160,1774013994942346998,4558
13,1774013994943925954,1774013994947865660,3939
14,1774013994949440869,1774013994953938940,4498
15,1774013994955686156,1774013994959397013,3710
16,1774013994961027715,1774013994965131305,4103
17,1774013994966750216,1774013994971068283,4318
18,1774013994972846014,1774013994977144479,4298
19,1774013994978729098,1774013994982863686,4134
20,1774013994984457785,1774013994988898396,4440
21,1774013994990806173,1774013994995176187,4370
22,1774013994996749971,1774013995001794413,5044
23,1774013995003205608,1774013995007084529,3878
24,1774013995008832868,1774013995013315310,4482
25,1774013995014828894,1774013995018130958,3302
26,1774013995019661833,1774013995023407060,3745
27,1774013995024851329,1774013995028320046,3468
28,1774013995029522061,1774013995032838226,3316
29,1774013995034348261,1774013995037778956,3430
30,1774013995039621016,1774013995043945273,4324
31,1774013995045594018,1774013995049078680,3484
32,1774013995050651728,1774013995055037458,4385
33,1774013995056716877,1774013995061032572,4315
34,1774013995062602298,1774013995066701261,4098
35,1774013995068332127,1774013995071989660,3657
36,1774013995073668744,1774013995077448925,3780
37,1774013995078922921,1774013995082868935,3946
38,1774013995084470048,1774013995089237712,4767
39,1774013995091025066,1774013995096082326,5057
40,1774013995097924444,1774013995102395757,4471
41,1774013995104183754,1774013995108387784,4204
42,1774013995110036579,1774013995114254854,4218
43,1774013995115744060,1774013995119402755,3658
44,1774013995121060295,1774013995125096695,4036
45,1774013995126843152,1774013995130696474,3853
46,1774013995132257758,1774013995136737767,4480
47,1774013995138243592,1774013995141449470,3205
48,1774013995142616311,1774013995146583288,3966
49,1774013995148280300,1774013995152721849,4441
50,1774013995153981536,1774013995157536096,3554
51,1774013995159191298,1774013995163589506,4398
52,1774013995165092840,1774013995168536961,3444
53,1774013995170240957,1774013995173890487,3649
54,1774013995175510509,1774013995179248579,3738
55,1774013995180820399,1774013995184384784,3564
56,1774013995185944331,1774013995191010768,5066
57,1774013995192868585,1774013995196771243,3902
58,1774013995198739731,1774013995203818972,5079
59,1774013995205834420,1774013995209659587,3825
60,1774013995211271455,1774013995215006616,3735
61,1774013995216745401,1774013995220844163,4098
62,1774013995222628279,1774013995226343420,3715
63,1774013995227830995,1774013995231809830,3978
64,1774013995233341070,1774013995236740517,3399
65,1774013995238227948,1774013995241866608,3638
66,1774013995243455271,1774013995246799266,3343
67,1774013995248296226,1774013995252455656,4159
68,1774013995254072395,1774013995257599737,3527
69,1774013995259139011,1774013995263402596,4263
70,1774013995265089920,1774013995269344171,4254
71,1774013995270975049,1774013995274516614,3541
72,1774013995276271116,1774013995280767485,4496
73,1774013995282003967,1774013995285157177,3153
74,1774013995286464996,1774013995290043807,3578
75,1774013995291708488,1774013995295663994,3955
76,1774013995297087360,1774013995300553311,3465
77,1774013995302255216,1774013995306044555,3789
78,1774013995307871796,1774013995312340994,4469
79,1774013995313833041,1774013995318001219,4168
80,1774013995319664604,1774013995324200365,4535
81,1774013995325742753,1774013995329942537,4199
82,1774013995331537815,1774013995335159599,3621
83,1774013995336766333,1774013995341054409,4288
84,1774013995342719737,1774013995346873351,4153
85,1774013995348383120,1774013995351622398,3239
86,1774013995353111063,1774013995357252701,4141
87,1774013995358918952,1774013995362834067,3915
88,1774013995364387966,1774013995368372053,3984
89,1774013995369962250,1774013995373888864,3926
90,1774013995375495288,1774013995379301878,3806
91,1774013995380904289,1774013995385007780,4103
92,1774013995386565879,1774013995391058888,4493
93,1774013995392783609,1774013995397236665,4453
94,1774013995398985038,1774013995403832988,4847
95,1774013995405731532,1774013995410521400,4789
96,1774013995412416414,1774013995416022796,3606
97,1774013995417595503,1774013995421175815,3580
98,1774013995422939764,1774013995427430048,4490
99,1774013995428868575,1774013995432362641,3494
100,1774013995433969141,1774013995438290425,4321
101,1774013995439629859,1774013995443314205,3684
102,1774013995444927636,1774013995448424951,3497
103,1774013995449912096,1774013995454311539,4399
104,1774013995456094091,1774013995459910283,3816
105,1774013995461502440,1774013995465742019,4239
106,1774013995467282707,1774013995471720531,4437
107,1774013995473420039,1774013995477771057,4351
108,1774013995479322986,1774013995483548415,4225
109,1774013995485203212,1774013995489787375,4584
110,1774013995491426918,1774013995495634121,4207
111,1774013995497219388,1774013995501381183,4161
112,1774013995502930474,1774013995507384139,4453
113,1774013995509057733,1774013995513068329,4010
114,1774013995514611235,1774013995518189598,3578
115,1774013995519799961,1774013995523454406,3654
116,1774013995525074642,1774013995528475968,3401
117,1774013995530025042,1774013995533786549,3761
118,1774013995535359973,1774013995539876470,4516
119,1774013995541391798,1774013995544778886,3387
120,1774013995546420443,1774013995549706058,3285
121,1774013995551337604,1774013995555844870,4507
122,1774013995557512043,1774013995561324308,3812
123,1774013995562549364,1774013995565718235,3168
124,1774013995567044784,1774013995570377014,3332
125,1774013995571943687,1774013995575404756,3461
126,1774013995576776941,1774013995580371700,3594
127,1774013995581880322,1774013995586175108,4294
128,1774013995587825662,1774013995591553769,3728
129,1774013995593200576,1774013995597405394,4204
130,1774013995598941866,1774013995602402522,3460
131,1774013995603844938,1774013995608074329,4229
132,1774013995609715895,1774013995613561878,3845
133,1774013995615089139,1774013995619183020,4093
134,1774013995620657905,1774013995625198879,4540
135,1774013995626859848,1774013995630384072,3524
136,1774013995631985997,1774013995636187563,4201
137,1774013995637808088,1774013995641516274,3708
138,1774013995643108594,1774013995647285403,4176
139,1774013995648831563,1774013995652624486,3792
140,1774013995654251997,1774013995658853359,4601
141,1774013995660471822,1774013995664449943,3978
142,1774013995666015987,1774013995669869265,3853
143,1774013995671208433,1774013995674749220,3540
144,1774013995676331651,1774013995679541056,3209
145,1774013995681159712,1774013995685235764,4076
146,1774013995686828960,1774013995690571309,3742
147,1774013995691880953,1774013995696342009,4461
148,1774013995698171617,1774013995702468075,4296
149,1774013995704124403,1774013995707800871,3676
150,1774013995709475827,1774013995713085303,3609
151,1774013995714375809,1774013995718086289,3710
152,1774013995719822584,1774013995723616520,3793
153,1774013995725363571,1774013995729204036,3840
154,1774013995730972947,1774013995735550170,4577
155,1774013995737249304,1774013995741449522,4200
156,1774013995743123489,1774013995747357993,4234
157,1774013995748863133,1774013995752707522,3844
158,1774013995754323842,1774013995758037503,3713
159,1774013995759728513,1774013995763369499,3640
160,1774013995764858749,1774013995768745297,3886
161,1774013995770367025,1774013995774459201,4092
162,1774013995776049029,1774013995779947443,3898
163,1774013995781511615,1774013995785444938,3933
164,1774013995787128307,1774013995791616270,4487
165,1774013995793130824,1774013995797313274,4182
166,1774013995798849507,1774013995802997051,4147
167,1774013995804479199,1774013995809021151,4541
168,1774013995810671171,1774013995815141597,4470
169,1774013995816956493,1774013995822110680,5154
170,1774013995823956611,1774013995828163646,4207
171,1774013995829763028,1774013995833152997,3389
172,1774013995834548238,1774013995837832936,3284
173,1774013995839623709,1774013995843215749,3592
174,1774013995844522467,1774013995847881600,3359
175,1774013995849496832,1774013995852879235,3382
176,1774013995854362454,1774013995858699281,4336
177,1774013995860251374,1774013995863941306,3689
178,1774013995865493809,1774013995869776870,4283
179,1774013995871538407,1774013995875725078,4186
180,1774013995877262139,1774013995881295787,4033
181,1774013995882873379,1774013995886917099,4043
182,1774013995888718967,1774013995892841848,4122
183,1774013995894419559,1774013995898704600,4285
184,1774013995900283496,1774013995904790571,4507
185,1774013995906433822,1774013995910735267,4301
186,1774013995912280901,1774013995916382035,4101
187,1774013995917848991,1774013995922166616,4317
188,1774013995923826893,1774013995928076714,4249
189,1774013995929702011,1774013995933827699,4125
190,1774013995935452575,1774013995939475915,4023
191,1774013995941072629,1774013995944516946,3444
192,1774013995946128872,1774013995950342953,4214
193,1774013995951903462,1774013995956394181,4490
194,1774013995958027705,1774013995962384848,4357
195,1774013995964028571,1774013995967432222,3403
196,1774013995968737496,1774013995972837365,4099
197,1774013995974425144,1774013995978510618,4085
198,1774013995980084653,1774013995983515663,3431
199,1774013995985161074,1774013995988806715,3645
200,1774013995990255333,1774013995994507534,4252
201,1774013995996064525,1774013995999508725,3444
202,1774013996001028188,1774013996004909671,3881
203,1774013996006602409,1774013996010360415,3758
204,1774013996011911657,1774013996015380739,3469
205,1774013996016952517,1774013996020457193,3504
206,1774013996022188020,1774013996026138449,3950
207,1774013996027689886,1774013996031553563,3863
208,1774013996033081374,1774013996037167291,4085
209,1774013996038912126,1774013996042440640,3528
210,1774013996043983590,1774013996048305508,4321
211,1774013996049853159,1774013996053942460,4089
212,1774013996055759319,1774013996060094137,4334
213,1774013996061754636,1774013996065598751,3844
214,1774013996067155612,1774013996071586837,4431
215,1774013996073229565,1774013996077404859,4175
216,1774013996078928065,1774013996083233752,4305
217,1774013996084807708,1774013996088457500,3649
218,1774013996089794519,1774013996093250002,3455
219,1774013996094900265,1774013996099350078,4449
220,1774013996100889803,1774013996104657887,3768
221,1774013996106399787,1774013996109938975,3539
222,1774013996111631570,1774013996115006045,3374
223,1774013996116531644,1774013996119810909,3279
224,1774013996121307490,1774013996125587662,4280
225,1774013996126956263,1774013996130799392,3843
226,1774013996132419621,1774013996136151031,3731
227,1774013996137628539,1774013996141140359,3511
228,1774013996142736892,1774013996146524498,3787
229,1774013996148123169,1774013996152435660,4312
230,1774013996154009904,1774013996157511278,3501
231,1774013996159162247,1774013996163437050,4274
232,1774013996164990667,1774013996168412361,3421
233,1774013996169919372,1774013996174488042,4568
234,1774013996176178260,1774013996179998908,3820
235,1774013996181533099,1774013996184832839,3299
236,1774013996186403457,1774013996190044092,3640
237,1774013996191686302,1774013996195610239,3923
238,1774013996197164244,1774013996200823231,3658
239,1774013996202389853,1774013996206136453,3746
240,1774013996207799319,1774013996211934274,4134
241,1774013996213478740,1774013996216794482,3315
242,1774013996218406826,1774013996222714917,4308
243,1774013996224365714,1774013996228145291,3779
244,1774013996229697105,1774013996232874713,3177
245,1774013996233943582,1774013996236946462,3002
246,1774013996238421514,1774013996241884499,3462
247,1774013996243488238,1774013996247207482,3719
248,1774013996248757977,1774013996252344758,3586
249,1774013996253670019,1774013996257342295,3672
250,1774013996258748879,1774013996262351371,3602
251,1774013996263879301,1774013996267799102,3919
252,1774013996269435429,1774013996273966058,4530
253,1774013996275623151,1774013996279797950,4174
254,1774013996281361121,1774013996285553349,4192
255,1774013996287181596,1774013996290755830,3574
256,1774013996292356181,1774013996295715797,3359
257,1774013996297329471,1774013996300604477,3275
258,1774013996302196400,1774013996306552237,4355
259,1774013996308139827,1774013996311552417,3412
260,1774013996313107711,1774013996316504452,3396
261,1774013996318105117,1774013996322248483,4143
262,1774013996323877715,1774013996327437052,3559
263,1774013996328927376,1774013996332793785,3866
264,1774013996334316189,1774013996338602696,4286
265,1774013996340223317,1774013996344039032,3815
266,1774013996345562676,1774013996349727834,4165
267,1774013996351290039,1774013996355833470,4543
268,1774013996357455590,1774013996361634958,4179
269,1774013996363317711,1774013996367690981,4373
270,1774013996369264124,1774013996373529938,4265
271,1774013996375136312,1774013996378366563,3230
272,1774013996379819422,1774013996383126853,3307
273,1774013996384526126,1774013996388611959,4085
274,1774013996390008658,1774013996393552838,3544
275,1774013996395040378,1774013996399124658,4084
276,1774013996400761145,1774013996405488730,4727
277,1774013996407066800,1774013996410891410,3824
278,1774013996412426124,1774013996415950936,3524
279,1774013996417689825,1774013996422414991,4725
280,1774013996424135058,1774013996427723865,3588
281,1774013996429316631,1774013996433433820,4117
282,1774013996435006599,1774013996438794837,3788
283,1774013996440498743,1774013996444702397,4203
284,1774013996446211918,1774013996450368001,4156
285,1774013996451866587,1774013996455932993,4066
286,1774013996457708976,1774013996461998427,4289
287,1774013996463590334,1774013996467479332,3888
288,1774013996469113323,1774013996472777841,3664
289,1774013996474377716,1774013996478132539,3754
290,1774013996479670904,1774013996483562229,3891
291,1774013996485174389,1774013996489562353,4387
292,1774013996491239385,1774013996494725176,3485
293,1774013996496402474,1774013996500858755,4456
294,1774013996502439854,1774013996506011537,3571
295,1774013996507444114,1774013996510931159,3487
296,1774013996512553910,1774013996516373646,3819
297,1774013996517989421,1774013996521238837,3249
298,1774013996522681279,1774013996526851474,4170
299,1774013996528372812,1774013996531984567,3611
300,1774013996533533048,1774013996538150734,4617
301,1774013996539895641,1774013996544092497,4196
302,1774013996545688468,1774013996549834307,4145
303,1774013996551388480,1774013996555879188,4490
304,1774013996557574137,1774013996561844220,4270
305,1774013996563391883,1774013996567498818,4106
306,1774013996569113733,1774013996573664301,4550
307,1774013996575370576,1774013996579143534,3772
308,1774013996580713203,1774013996584841953,4128
309,1774013996586430922,1774013996591027638,4596
310,1774013996592599555,1774013996596794140,4194
311,1774013996598399275,1774013996602527637,4128
312,1774013996604083920,1774013996607873419,3789
313,1774013996609527204,1774013996613783074,4255
314,1774013996615340856,1774013996618725467,3384
315,1774013996620289033,1774013996625033872,4744
316,1774013996626634314,1774013996630224461,3590
317,1774013996631833450,1774013996635128477,3295
318,1774013996636719487,1774013996640110635,3391
319,1774013996641222135,1774013996645567051,4344
320,1774013996647094692,1774013996650203203,3108
321,1774013996651782615,1774013996655355808,3573
322,1774013996656945727,1774013996660554089,3608
323,1774013996662174890,1774013996665864634,3689
324,1774013996667195343,1774013996671808008,4612
325,1774013996673458903,1774013996677765837,4306
326,1774013996679289028,1774013996682967916,3678
327,1774013996684523135,1774013996688598063,4074
328,1774013996690129794,1774013996694478866,4349
329,1774013996695987599,1774013996700143676,4156
330,1774013996701735447,1774013996705412241,3676
331,1774013996706888051,1774013996710546481,3658
332,1774013996712114890,1774013996716177787,4062
333,1774013996717725065,1774013996721544706,3819
334,1774013996723214976,1774013996727478563,4263
335,1774013996729116496,1774013996732472376,3355
336,1774013996733997142,1774013996738037319,4040
337,1774013996739796478,1774013996743719099,3922
338,1774013996745308198,1774013996749026049,3717
339,1774013996750564544,1774013996754220668,3656
340,1774013996755813770,1774013996759456049,3642
341,1774013996761030128,1774013996764946840,3916
342,1774013996766518138,1774013996769819885,3301
343,1774013996771305186,1774013996774835656,3530
344,1774013996776454178,1774013996780359005,3904
345,1774013996781807979,1774013996786207515,4399
346,1774013996787919549,1774013996792270411,4350
347,1774013996793837516,1774013996797392503,3554
348,1774013996799002306,1774013996803212414,4210
349,1774013996804751941,1774013996808496404,3744
350,1774013996810138365,1774013996814471829,4333
351,1774013996816083273,1774013996819559963,3476
352,1774013996821491857,1774013996825918975,4427
353,1774013996827501460,1774013996831458919,3957
354,1774013996833070773,1774013996837373057,4302
355,1774013996839143655,1774013996842700525,3556
356,1774013996844316457,1774013996848609563,4293
357,1774013996850129270,1774013996853651359,3522
358,1774013996855397187,1774013996859758112,4360
359,1774013996861286075,1774013996864606586,3320
360,1774013996866057527,1774013996870465488,4407
361,1774013996872294703,1774013996876489513,4194
362,1774013996878149485,1774013996882268123,4118
363,1774013996883824786,1774013996887963766,4138
364,1774013996889710974,1774013996893315770,3604
365,1774013996894918216,1774013996899085922,4167
366,1774013996900606225,1774013996904176853,3570
367,1774013996905643632,1774013996910161309,4517
368,1774013996911627070,1774013996915214638,3587
369,1774013996916881997,1774013996920712473,3830
370,1774013996922442223,1774013996926597119,4154
371,1774013996928032436,1774013996931800501,3768
372,1774013996933460823,1774013996937188196,3727
373,1774013996938936315,1774013996943251482,4315
374,1774013996944788546,1774013996948758243,3969
375,1774013996950271868,1774013996953582018,3310
376,1774013996955402167,1774013996958846420,3444
377,1774013996960405850,1774013996963798242,3392
378,1774013996965357544,1774013996969804450,4446
379,1774013996971730195,1774013996975999771,4269
380,1774013996977553063,1774013996981471393,3918
381,1774013996983087872,1774013996987425378,4337
382,1774013996989219579,1774013996993418540,4198
383,1774013996994964540,1774013996999155149,4190
384,1774013997000726256,1774013997005291576,4565
385,1774013997006959716,1774013997010582973,3623
386,1774013997012163690,1774013997015627397,3463
387,1774013997017197453,1774013997021435963,4238
388,1774013997023171163,1774013997026979078,3807
389,1774013997028497691,1774013997032586892,4089
390,1774013997034098807,1774013997038222672,4123
391,1774013997039698477,1774013997043353114,3654
392,1774013997044886335,1774013997048316579,3430
393,1774013997049598023,1774013997053304787,3706
394,1774013997054985979,1774013997059333080,4347
395,1774013997060893911,1774013997064975667,4081
396,1774013997066531854,1774013997070689733,4157
397,1774013997072230861,1774013997075733048,3502
398,1774013997077273714,1774013997081658215,4384
399,1774013997083144104,1774013997086526411,3382
400,1774013997088319939,1774013997091917998,3598
401,1774013997093680592,1774013997097881316,4200
402,1774013997099434664,1774013997102988647,3553
403,1774013997104688314,1774013997108486331,3798
404,1774013997110119860,1774013997113552232,3432
405,1774013997115101052,1774013997119368007,4266
406,1774013997121067198,1774013997125377917,4310
407,1774013997127065510,1774013997130840172,3774
408,1774013997132382847,1774013997136552410,4169
409,1774013997138276629,1774013997142453572,4176
410,1774013997144050839,1774013997148438458,4387
411,1774013997150004263,1774013997154382215,4377
412,1774013997156072563,1774013997160375181,4302
413,1774013997161924722,1774013997165770524,3845
414,1774013997167409976,1774013997170960527,3550
415,1774013997172487173,1774013997177238067,4750
416,1774013997178709534,1774013997181909113,3199
417,1774013997183387101,1774013997186844654,3457
418,1774013997188511488,1774013997192431288,3919
419,1774013997193921478,1774013997197634480,3713
420,1774013997199088570,1774013997203302195,4213
421,1774013997205021238,1774013997208544185,3522
422,1774013997210093843,1774013997213689777,3595
423,1774013997215116603,1774013997219316160,4199
424,1774013997221035360,1774013997224600659,3565
425,1774013997226188767,1774013997230427180,4238
426,1774013997231959354,1774013997235466324,3506
427,1774013997237049240,1774013997241502431,4453
428,1774013997243163771,1774013997246869477,3705
429,1774013997248436916,1774013997252307914,3870
430,1774013997253948575,1774013997258421375,4472
431,1774013997260101992,1774013997264380743,4278
432,1774013997265959237,1774013997269483412,3524
433,1774013997271206419,1774013997274824837,3618
434,1774013997276462834,1774013997280831024,4368
435,1774013997282443321,1774013997285844842,3401
436,1774013997287482575,1774013997291968344,4485
437,1774013997293566240,1774013997296862668,3296
438,1774013997298422899,1774013997302555336,4132
439,1774013997304164479,1774013997308025656,3861
440,1774013997309558586,1774013997313253880,3695
441,1774013997314876835,1774013997318287867,3411
442,1774013997320008960,1774013997324617597,4608
443,1774013997326250951,1774013997330764137,4513
444,1774013997332345691,1774013997335798787,3453
445,1774013997337544197,1774013997341259621,3715
446,1774013997342793289,1774013997347071556,4278
447,1774013997348690917,1774013997352460084,3769
448,1774013997354039469,1774013997357758606,3719
449,1774013997359317852,1774013997363544204,4226
450,1774013997365214892,1774013997368703768,3488
451,1774013997370297410,1774013997374301469,4004
452,1774013997375902249,1774013997379365140,3462
453,1774013997380938506,1774013997385142687,4204
454,1774013997386808970,1774013997390965083,4156
455,1774013997392655424,1774013997396778001,4122
456,1774013997398300361,1774013997402370379,4070
457,1774013997404034602,1774013997407626707,3592
458,1774013997409199581,1774013997413462944,4263
459,1774013997414896290,1774013997418864701,3968
460,1774013997420435906,1774013997424859647,4423
461,1774013997426315998,1774013997429729650,3413
462,1774013997431264230,1774013997435479424,4215
463,1774013997437017022,1774013997441156083,4139
464,1774013997442861917,1774013997446346194,3484
465,1774013997447903536,1774013997451537307,3633
466,1774013997453067562,1774013997457789785,4722
467,1774013997459344903,1774013997462816248,3471
468,1774013997464253290,1774013997468079091,3825
469,1774013997469699002,1774013997473876492,4177
470,1774013997475279397,1774013997479510274,4230
471,1774013997481078660,1774013997484458768,3380
472,1774013997485955479,1774013997490623525,4668
473,1774013997492229942,1774013997495959692,3729
474,1774013997497536163,1774013997501654254,4118
475,1774013997503122855,1774013997507599518,4476
476,1774013997509332611,1774013997513060030,3727
477,1774013997514612912,1774013997519084871,4471
478,1774013997520818249,1774013997525447657,4629
479,1774013997527092842,1774013997530829511,3736
480,1774013997532467722,1774013997537471840,5004
481,1774013997539398758,1774013997544240984,4842
482,1774013997545977954,1774013997550578231,4600
483,1774013997552329608,1774013997557542310,5212
484,1774013997559359152,1774013997564047151,4687
485,1774013997565742845,1774013997569861513,4118
486,1774013997572994743,1774013997578930418,5935
487,1774013997580748596,1774013997609290068,28541
488,1774013997615145989,1774013997623834456,8688
489,1774013997636861066,1774013997654896656,18035
490,1774013997656686149,1774013997660830181,4144
491,1774013997662533913,1774013997667700355,5166
492,1774013997669897537,1774013997674863840,4966
493,1774013997676487073,1774013997682214049,5726
494,1774013997683796870,1774013997687820402,4023
495,1774013997689449483,1774013997694140604,4691
496,1774013997695853894,1774013997700922428,5068
497,1774013997702830275,1774013997707616400,4786
498,1774013997709315217,1774013997713135893,3820
499,1774013997715037010,1774013997720102335,5065
500,1774013997721823321,1774013997726957856,5134
501,1774013997728745280,1774013997733533729,4788
502,1774013997735287274,1774013997740179075,4891
503,1774013997742407219,1774013997746963512,4556
504,1774013997748835794,1774013997752838889,4003
505,1774013997755085535,1774013997759338471,4252
506,1774013997760859489,1774013997765515101,4655
507,1774013997767218974,1774013997772622319,5403
508,1774013997774514824,1774013997778458269,3943
509,1774013997780173877,1774013997784875858,4701
510,1774013997786595460,1774013997790835997,4240
511,1774013997792660923,1774013997797190090,4529
512,1774013997798602936,1774013997803171116,4568
513,1774013997804757552,1774013997808670767,3913
514,1774013997810400493,1774013997813887485,3486
515,1774013997815521311,1774013997819180038,3658
516,1774013997820739474,1774013997824920137,4180
517,1774013997826550854,1774013997830843428,4292
518,1774013997832440324,1774013997836303732,3863
519,1774013997837992018,1774013997842872351,4880
520,1774013997844470279,1774013997848289572,3819
521,1774013997849874702,1774013997854540919,4666
522,1774013997856359361,1774013997860567068,4207
523,1774013997862167539,1774013997866373592,4206
524,1774013997867866797,1774013997872196507,4329
525,1774013997874024141,1774013997878141223,4117
526,1774013997879788508,1774013997883754518,3966
527,1774013997885338540,1774013997889312980,3974
528,1774013997890917527,1774013997894483942,3566
529,1774013997896054390,1774013997899914388,3859
530,1774013997901493232,1774013997905844437,4351
531,1774013997907547506,1774013997911878631,4331
532,1774013997913425846,1774013997917456143,4030
533,1774013997919124145,1774013997923824168,4700
534,1774013997925421241,1774013997928868073,3446
535,1774013997930427952,1774013997933727768,3299
536,1774013997935353959,1774013997939084557,3730
537,1774013997940493634,1774013997943835031,3341
538,1774013997945427820,1774013997949264721,3836
539,1774013997950775654,1774013997954041467,3265
540,1774013997955421666,1774013997959015258,3593
541,1774013997960631367,1774013997964302380,3671
542,1774013997965905034,1774013997969812779,3907
543,1774013997971854487,1774013997976337587,4483
544,1774013997977918628,1774013997981430039,3511
545,1774013997983072374,1774013997987491007,4418
546,1774013997989097391,1774013997992643837,3546
547,1774013997994192679,1774013997997716763,3524
548,1774013997999307538,1774013998002740908,3433
549,1774013998004500269,1774013998008640433,4140
550,1774013998010203097,1774013998013595042,3391
551,1774013998015201775,1774013998019741946,4540
552,1774013998021509385,1774013998025567791,4058
553,1774013998027145024,1774013998030484193,3339
554,1774013998031961896,1774013998036315890,4353
555,1774013998038118795,1774013998042030994,3912
556,1774013998043598330,1774013998047984810,4386
557,1774013998049577476,1774013998053352187,3774
558,1774013998055053638,1774013998058599112,3545
559,1774013998060207946,1774013998063615095,3407
560,1774013998065253216,1774013998068576015,3322
561,1774013998070268248,1774013998074319207,4050
562,1774013998075773348,1774013998080202417,4429
563,1774013998081682134,1774013998086011595,4329
564,1774013998087535032,1774013998091060347,3525
565,1774013998092674737,1774013998096343572,3668
566,1774013998097815088,1774013998101787032,3971
567,1774013998103450343,1774013998107147530,3697
568,1774013998108755886,1774013998112400486,3644
569,1774013998113947135,1774013998118203790,4256
570,1774013998119815683,1774013998123777287,3961
571,1774013998125377131,1774013998129562267,4185
572,1774013998131135570,1774013998135508525,4372
573,1774013998137203886,1774013998141581159,4377
574,1774013998143215790,1774013998146489432,3273
575,1774013998148076003,1774013998152490507,4414
576,1774013998154133560,1774013998158521836,4388
577,1774013998160267991,1774013998163570727,3302
578,1774013998165111204,1774013998169388500,4277
579,1774013998171285746,1774013998174755320,3469
580,1774013998176541513,1774013998181210267,4668
581,1774013998182954064,1774013998186699674,3745
582,1774013998188577292,1774013998192713333,4136
583,1774013998194436742,1774013998198838779,4402
584,1774013998200468431,1774013998205155971,4687
585,1774013998206772301,1774013998210809514,4037
586,1774013998212469790,1774013998216289880,3820
587,1774013998217788413,1774013998221913483,4125
588,1774013998223152669,1774013998226474940,3322
589,1774013998227920088,1774013998231844324,3924
590,1774013998233441304,1774013998236895434,3454
591,1774013998238690422,1774013998242421499,3731
592,1774013998244014916,1774013998248215478,4200
593,1774013998250028748,1774013998253849256,3820
594,1774013998255601537,1774013998259891063,4289
595,1774013998261641813,1774013998265362689,3720
596,1774013998267014568,1774013998271861127,4846
597,1774013998274014377,1774013998277843043,3828
598,1774013998279566919,1774013998283986503,4419
599,1774013998285764592,1774013998290540315,4775
600,1774013998292245195,1774013998296564656,4319
601,1774013998298375742,1774013998302874678,4498
602,1774013998304860485,1774013998309467734,4607
603,1774013998311052002,1774013998314614738,3562
604,1774013998316419937,1774013998321209392,4789
605,1774013998323069385,1774013998326696598,3627
606,1774013998328326284,1774013998332436491,4110
607,1774013998334048021,1774013998337959407,3911
608,1774013998339527679,1774013998344118609,4590
609,1774013998345584484,1774013998349532010,3947
610,1774013998351153878,1774013998354719865,3565
611,1774013998356227601,1774013998360544176,4316
612,1774013998362098443,1774013998365489083,3390
613,1774013998367052728,1774013998371259785,4207
614,1774013998372839716,1774013998376883185,4043
615,1774013998378464837,1774013998381843616,3378
616,1774013998383484381,1774013998386829562,3345
617,1774013998388566849,1774013998392971127,4404
618,1774013998394603266,1774013998398051988,3448
619,1774013998399693680,1774013998403512121,3818
620,1774013998405207844,1774013998409240649,4032
621,1774013998410856809,1774013998415124873,4268
622,1774013998416769495,1774013998421084064,4314
623,1774013998422877069,1774013998427424927,4547
624,1774013998429173097,1774013998433792259,4619
625,1774013998435537699,1774013998440522930,4985
626,1774013998442065919,1774013998445555449,3489
627,1774013998447191361,1774013998450928946,3737
628,1774013998452565283,1774013998456138992,3573
629,1774013998457859071,1774013998461422394,3563
630,1774013998463158685,1774013998467560176,4401
631,1774013998469258426,1774013998473719348,4460
632,1774013998475166532,1774013998479063070,3896
633,1774013998480507012,1774013998484610383,4103
634,1774013998486149744,1774013998490310260,4160
635,1774013998491893405,1774013998495182839,3289
636,1774013998496729108,1774013998501246108,4517
637,1774013998502798115,1774013998506271568,3473
638,1774013998507790128,1774013998512045550,4255
639,1774013998513659045,1774013998517403329,3744
640,1774013998518994436,1774013998523068323,4073
641,1774013998524859103,1774013998528969634,4110
642,1774013998530554817,1774013998534153318,3598
643,1774013998535831066,1774013998540730361,4899
644,1774013998542619366,1774013998547019057,4399
645,1774013998548722736,1774013998553097618,4374
646,1774013998554989715,1774013998558609324,3619
647,1774013998560375587,1774013998564932573,4556
648,1774013998566741515,1774013998571000297,4258
649,1774013998572810515,1774013998577247169,4436
650,1774013998578857830,1774013998582883163,4025
651,1774013998584615590,1774013998588825376,4209
652,1774013998590518159,1774013998594384805,3866
653,1774013998596004501,1774013998600357640,4353
654,1774013998602033237,1774013998605913265,3880
655,1774013998607514143,1774013998612066687,4552
656,1774013998613612885,1774013998617998882,4385
657,1774013998619761933,1774013998623452334,3690
658,1774013998625166082,1774013998629007290,3841
659,1774013998630286222,1774013998633849313,3563
660,1774013998635555974,1774013998639080129,3524
661,1774013998640593999,1774013998643868183,3274
662,1774013998645424279,1774013998649629173,4204
663,1774013998651251721,1774013998655255021,4003
664,1774013998656860461,1774013998661204088,4343
665,1774013998662925648,1774013998667237850,4312
666,1774013998668935481,1774013998672919035,3983
667,1774013998674690024,1774013998679461657,4771
668,1774013998681105050,1774013998684806180,3701
669,1774013998686784697,1774013998690751783,3967
670,1774013998692883452,1774013998696369128,3485
671,1774013998698191535,1774013998702708427,4516
672,1774013998704133990,1774013998707743341,3609
673,1774013998709441305,1774013998713496135,4054
674,1774013998715149657,1774013998719301372,4151
675,1774013998721261090,1774013998725027107,3766
676,1774013998726777372,1774013998730930030,4152
677,1774013998732720586,1774013998736684224,3963
678,1774013998738632049,1774013998742159198,3527
679,1774013998743831994,1774013998748139715,4307
680,1774013998749846503,1774013998753406086,3559
681,1774013998754988117,1774013998758897907,3909
682,1774013998760209915,1774013998763639046,3429
683,1774013998765039492,1774013998769087475,4047
684,1774013998770698764,1774013998774113984,3415
685,1774013998775726365,1774013998780070094,4343
686,1774013998781567090,1774013998785514706,3947
687,1774013998787204489,1774013998790866925,3662
688,1774013998792662846,1774013998796791689,4128
689,1774013998798455456,1774013998802294914,3839
690,1774013998804240830,1774013998807906757,3665
691,1774013998809653372,1774013998814008123,4354
692,1774013998815683630,1774013998819329355,3645
693,1774013998821298682,1774013998824815209,3516
694,1774013998826440819,1774013998830913600,4472
695,1774013998832661635,1774013998836604416,3942
696,1774013998838491612,1774013998842762729,4271
697,1774013998844675594,1774013998849158767,4483
698,1774013998850994520,1774013998855508800,4514
699,1774013998857340867,1774013998861519420,4178
700,1774013998863301796,1774013998867977519,4675
701,1774013998869895677,1774013998873878963,3983
702,1774013998875705577,1774013998880043612,4338
703,1774013998881689903,1774013998885848796,4158
704,1774013998887360466,1774013998890767737,3407
705,1774013998892167866,1774013998895744701,3576
706,1774013998897280346,1774013998901688772,4408
707,1774013998903029681,1774013998906680934,3651
708,1774013998908053574,1774013998912599530,4545
709,1774013998914211505,1774013998918302150,4090
710,1774013998919850900,1774013998923716463,3865
711,1774013998925337345,1774013998928919952,3582
712,1774013998930562631,1774013998933877161,3314
713,1774013998935549388,1774013998940444257,4894
714,1774013998942186124,1774013998946604247,4418
715,1774013998948315510,1774013998952551561,4236
716,1774013998954347059,1774013998957920438,3573
717,1774013998959713240,1774013998964256668,4543
718,1774013998966041244,1774013998970260662,4219
719,1774013998972321368,1774013998976756074,4434
720,1774013998978561146,1774013998982535625,3974
721,1774013998984227622,1774013998988550991,4323
722,1774013998990392623,1774013998994516651,4124
723,1774013998996161616,1774013999000741104,4579
724,1774013999002702738,1774013999007157235,4454
725,1774013999008896003,1774013999012975514,4079
726,1774013999014618117,1774013999018766976,4148
727,1774013999020681105,1774013999024435591,3754
728,1774013999026000757,1774013999030265635,4264
729,1774013999031902772,1774013999035953886,4051
730,1774013999037284913,1774013999040751417,3466
731,1774013999042208806,1774013999045863396,3654
732,1774013999047270298,1774013999051392641,4122
733,1774013999052843459,1774013999056213790,3370
734,1774013999057710031,1774013999061487005,3776
735,1774013999063319022,1774013999067556276,4237
736,1774013999069312918,1774013999074077174,4764
737,1774013999075752565,1774013999079934672,4182
738,1774013999081718485,1774013999086130308,4411
739,1774013999087877264,1774013999092106045,4228
740,1774013999093781078,1774013999097474554,3693
741,1774013999098890346,1774013999103604558,4714
742,1774013999105394256,1774013999109280817,3886
743,1774013999110832631,1774013999115121342,4288
744,1774013999116820421,1774013999121608693,4788
745,1774013999123301174,1774013999127536961,4235
746,1774013999129138980,1774013999133116448,3977
747,1774013999134822434,1774013999139132849,4310
748,1774013999140804473,1774013999144519263,3714
749,1774013999146214813,1774013999150628614,4413
750,1774013999152278915,1774013999156838993,4560
751,1774013999158450706,1774013999163029490,4578
752,1774013999164546963,1774013999169068403,4521
753,1774013999170561316,1774013999174195703,3634
754,1774013999175468681,1774013999178889505,3420
755,1774013999180232947,1774013999184196534,3963
756,1774013999185845046,1774013999189469609,3624
757,1774013999190739062,1774013999194829647,4090
758,1774013999196389394,1774013999199738269,3348
759,1774013999201383589,1774013999205284904,3901
760,1774013999206950513,1774013999211134744,4184
761,1774013999212699978,1774013999216344096,3644
762,1774013999217960979,1774013999221783182,3822
763,1774013999223181396,1774013999227058438,3877
764,1774013999228662640,1774013999231930094,3267
765,1774013999233447607,1774013999237918589,4470
766,1774013999239755134,1774013999243523411,3768
767,1774013999245195529,1774013999249596724,4401
768,1774013999251296648,1774013999254837244,3540
769,1774013999256475971,1774013999260976419,4500
770,1774013999262561300,1774013999266709155,4147
771,1774013999268430490,1774013999272231857,3801
772,1774013999273903246,1774013999278374796,4471
773,1774013999280014569,1774013999283651006,3636
774,1774013999285531383,1774013999289579696,4048
775,1774013999291323170,1774013999295144435,3821
776,1774013999296959851,1774013999301491816,4531
777,1774013999303279469,1774013999307431527,4152
778,1774013999308710592,1774013999312915737,4205
779,1774013999314633893,1774013999319084662,4450
780,1774013999320826718,1774013999324524137,3697
781,1774013999326084891,1774013999330730230,4645
782,1774013999332423229,1774013999336170013,3746
783,1774013999337667093,1774013999341515292,3848
784,1774013999343106694,1774013999346589215,3482
785,1774013999348204072,1774013999351864089,3660
786,1774013999353613320,1774013999358281883,4668
787,1774013999360017802,1774013999363923806,3906
788,1774013999365698089,1774013999370387586,4689
789,1774013999372370509,1774013999376403519,4033
790,1774013999378050145,1774013999382424196,4374
791,1774013999384450527,1774013999388571307,4120
792,1774013999390363122,1774013999394706886,4343
793,1774013999396631932,1774013999400929747,4297
794,1774013999402747253,1774013999407498187,4750
795,1774013999409199474,1774013999413597593,4398
796,1774013999415243437,1774013999419473398,4229
797,1774013999421364191,1774013999425631721,4267
798,1774013999427356080,1774013999431703687,4347
799,1774013999433420972,1774013999437633745,4212
800,1774013999439231765,1774013999443678555,4446
801,1774013999445325637,1774013999449534910,4209
802,1774013999451264859,1774013999455025735,3760
803,1774013999456414830,1774013999459875351,3460
804,1774013999461450877,1774013999465050875,3599
805,1774013999466692602,1774013999471367257,4674
806,1774013999472997132,1774013999476572704,3575
807,1774013999478257100,1774013999482862053,4604
808,1774013999484548770,1774013999488451345,3902
809,1774013999490193654,1774013999494075162,3881
810,1774013999495679209,1774013999499980473,4301
811,1774013999501766413,1774013999505621334,3854
812,1774013999507253262,1774013999511707681,4454
813,1774013999513413344,1774013999517401392,3988
814,1774013999519120365,1774013999523860589,4740
815,1774013999525550938,1774013999529376463,3825
816,1774013999531108921,1774013999535600659,4491
817,1774013999537568174,1774013999541520473,3952
818,1774013999543195308,1774013999547511636,4316
819,1774013999549142837,1774013999552581973,3439
820,1774013999554211965,1774013999557955856,3743
821,1774013999559730202,1774013999564429849,4699
822,1774013999566182401,1774013999570662596,4480
823,1774013999572154265,1774013999575312803,3158
824,1774013999576952563,1774013999580767329,3814
825,1774013999582270077,1774013999585930907,3660
826,1774013999587776829,1774013999591519834,3743
827,1774013999593132325,1774013999597404678,4272
828,1774013999598961746,1774013999602856451,3894
829,1774013999604548812,1774013999608061667,3512
830,1774013999609808925,1774013999613786829,3977
831,1774013999615355598,1774013999618834442,3478
832,1774013999620615123,1774013999624525496,3910
833,1774013999626201760,1774013999630425215,4223
834,1774013999632022104,1774013999635804805,3782
835,1774013999637696678,1774013999642076117,4379
836,1774013999643804155,1774013999648057352,4253
837,1774013999649718838,1774013999653987474,4268
838,1774013999655718843,1774013999660035229,4316
839,1774013999661786067,1774013999666043324,4257
840,1774013999668199781,1774013999672728873,4529
841,1774013999674592491,1774013999678145272,3552
842,1774013999679849175,1774013999684258110,4408
843,1774013999685880854,1774013999689884964,4004
844,1774013999691774489,1774013999696327620,4553
845,1774013999697942189,1774013999702243484,4301
846,1774013999704001163,1774013999707731552,3730
847,1774013999709174793,1774013999713755934,4581
848,1774013999715139789,1774013999718764018,3624
849,1774013999720451027,1774013999724850440,4399
850,1774013999726492855,1774013999729997600,3504
851,1774013999731545466,1774013999735361036,3815
852,1774013999736716635,1774013999741203479,4486
853,1774013999742803083,1774013999746656230,3853
854,1774013999748264230,1774013999752465293,4201
855,1774013999754101792,1774013999759178885,5077
856,1774013999760993559,1774013999765278181,4284
857,1774013999767158568,1774013999771534607,4376
858,1774013999773411049,1774013999777723660,4312
859,1774013999779549723,1774013999784384435,4834
860,1774013999786366997,1774013999790720410,4353
861,1774013999792576236,1774013999796753709,4177
862,1774013999798516890,1774013999802445516,3928
863,1774013999804179226,1774013999808555721,4376
864,1774013999810299905,1774013999814659430,4359
865,1774013999816272939,1774013999821036530,4763
866,1774013999822861866,1774013999827041631,4179
867,1774013999828674357,1774013999832498790,3824
868,1774013999834308939,1774013999838792964,4484
869,1774013999840607459,1774013999844723486,4116
870,1774013999846486831,1774013999850939620,4452
871,1774013999852621119,1774013999857341080,4719
872,1774013999859003482,1774013999863516971,4513
873,1774013999865393330,1774013999868898149,3504
874,1774013999870559279,1774013999874886834,4327
875,1774013999876658317,1774013999880187565,3529
876,1774013999881718023,1774013999886217519,4499
877,1774013999887955180,1774013999892210877,4255
878,1774013999893979041,1774013999898851965,4872
879,1774013999900595838,1774013999905080559,4484
880,1774013999906750402,1774013999911054502,4304
881,1774013999912784747,1774013999917180100,4395
882,1774013999918821427,1774013999923392909,4571
883,1774013999925086316,1774013999929343602,4257
884,1774013999931053787,1774013999935032587,3978
885,1774013999936700385,1774013999940909024,4208
886,1774013999942719381,1774013999947066702,4347
887,1774013999948846070,1774013999953038274,4192
888,1774013999954997677,1774013999959018845,4021
889,1774013999960715544,1774013999964465603,3750
890,1774013999966117992,1774013999970391653,4273
891,1774013999972216188,1774013999975820598,3604
892,1774013999977483805,1774013999982272469,4788
893,1774013999984004703,1774013999988085149,4080
894,1774013999989537298,1774013999993283849,3746
895,1774013999994737457,1774013999999175049,4437
896,1774014000000832637,1774014000004430351,3597
897,1774014000006229724,1774014000010426788,4197
898,1774014000011802676,1774014000015892484,4089
899,1774014000017418615,1774014000021291643,3873
900,1774014000022859152,1774014000027105825,4246
901,1774014000028802179,1774014000032741087,3938
902,1774014000034279094,1774014000038283166,4004
903,1774014000039952016,1774014000043546887,3594
904,1774014000045080577,1774014000049402530,4321
905,1774014000051084655,1774014000054875498,3790
906,1774014000056581121,1774014000060996802,4415
907,1774014000062671665,1774014000066993060,4321
908,1774014000068658449,1774014000072772809,4114
909,1774014000074429835,1774014000078411325,3981
910,1774014000080197889,1774014000084782004,4584
911,1774014000087018192,1774014000091028395,4010
912,1774014000092823352,1774014000097630009,4806
913,1774014000099364529,1774014000104104443,4739
914,1774014000105958775,1774014000112005325,6046
915,1774014000113625357,1774014000118785746,5160
916,1774014000121173726,1774014000138101695,16927
917,1774014000143083347,1774014000161955492,18872
918,1774014000163464553,1774014000167522857,4058
919,1774014000169899321,1774014000175016809,5117
920,1774014000176305831,1774014000179917613,3611
921,1774014000181274606,1774014000184742752,3468
922,1774014000186161568,1774014000189575525,3413
923,1774014000190960397,1774014000194483505,3523
924,1774014000196194626,1774014000200295610,4100
925,1774014000201978809,1774014000206017595,4038
926,1774014000207931853,1774014000211743867,3812
927,1774014000213494275,1774014000217920775,4426
928,1774014000219517969,1774014000223408904,3890
929,1774014000225081151,1774014000229261893,4180
930,1774014000230981806,1774014000234767562,3785
931,1774014000236553605,1774014000240962921,4409
932,1774014000242850055,1774014000246501096,3651
933,1774014000248268994,1774014000253236156,4967
934,1774014000255171887,1774014000259974110,4802
935,1774014000261958302,1774014000266662681,4704
936,1774014000268459326,1774014000272461168,4001
937,1774014000274127732,1774014000278291798,4164
938,1774014000279860161,1774014000283434501,3574
939,1774014000285179997,1774014000289165411,3985
940,1774014000290813801,1774014000294834814,4021
941,1774014000296541864,1774014000301548475,5006
942,1774014000303156907,1774014000307073313,3916
943,1774014000308739217,1774014000312004155,3264
944,1774014000313682436,1774014000317223009,3540
945,1774014000318851241,1774014000322250052,3398
946,1774014000323941020,1774014000327400150,3459
947,1774014000328800839,1774014000332503685,3702
948,1774014000334131009,1774014000338001675,3870
949,1774014000339491912,1774014000343482683,3990
950,1774014000345240257,1774014000349778975,4538
951,1774014000351749466,1774014000355831198,4081
952,1774014000357588883,1774014000362408312,4819
953,1774014000364300317,1774014000368018592,3718
954,1774014000369775021,1774014000374464747,4689
955,1774014000376169472,1774014000379597781,3428
956,1774014000381316116,1774014000384905727,3589
957,1774014000386659434,1774014000390861585,4202
958,1774014000392535542,1774014000396066404,3530
959,1774014000397780835,1774014000401884073,4103
960,1774014000403633765,1774014000407806552,4172
961,1774014000409563183,1774014000413757515,4194
962,1774014000415539270,1774014000419394369,3855
963,1774014000421296898,1774014000425895991,4599
964,1774014000427846197,1774014000431509738,3663
965,1774014000433158089,1774014000437302846,4144
966,1774014000439144849,1774014000443875849,4731
967,1774014000445570528,1774014000449292388,3721
968,1774014000450839744,1774014000454811822,3972
969,1774014000456237423,1774014000460502474,4265
970,1774014000462174884,1774014000465631272,3456
971,1774014000467204317,1774014000470492529,3288
972,1774014000472310371,1774014000475860349,3549
973,1774014000477473517,1774014000481322141,3848
974,1774014000482942227,1774014000487193829,4251
975,1774014000488959272,1774014000493700374,4741
976,1774014000495470263,1774014000498992349,3522
977,1774014000500822249,1774014000505882054,5059
978,1774014000507881586,1774014000512308902,4427
979,1774014000514317859,1774014000519046184,4728
980,1774014000520828678,1774014000525176318,4347
981,1774014000526972048,1774014000530984573,4012
982,1774014000532769752,1774014000536627962,3858
983,1774014000538578093,1774014000542995757,4417
984,1774014000544551752,1774014000548372701,3820
985,1774014000550071453,1774014000554566145,4494
986,1774014000556296880,1774014000559810173,3513
987,1774014000561432260,1774014000565905711,4473
988,1774014000568149194,1774014000572123605,3974
989,1774014000573711885,1774014000577518142,3806
990,1774014000579040250,1774014000582216227,3175
991,1774014000583467141,1774014000586835479,3368
992,1774014000588496821,1774014000591838751,3341
993,1774014000593074235,1774014000596856821,3782
994,1774014000598203898,1774014000602763431,4559
995,1774014000604519323,1774014000608464133,3944
996,1774014000609968218,1774014000614254776,4286
997,1774014000615896172,1774014000620274054,4377
998,1774014000622755657,1774014000626911477,4155
999,1774014000628661038,1774014000633316046,4655
1000,1774014000634994755,1774014000639032407,4037
1001,1774014000640973614,1774014000645747064,4773
1002,1774014000647498049,1774014000651702483,4204
1003,1774014000653122517,1774014000657967938,4845
1004,1774014000659601564,1774014000663962031,4360
1005,1774014000665755945,1774014000669820632,4064
1006,1774014000671787899,1774014000676032161,4244
1007,1774014000677896529,1774014000682609556,4713
1008,1774014000684590724,1774014000688467439,3876
1009,1774014000690390332,1774014000695289153,4898
1010,1774014000697130246,1774014000701029340,3899
1011,1774014000702954422,1774014000707399637,4445
1012,1774014000709221258,1774014000714130676,4909
1013,1774014000715962002,1774014000720335281,4373
1014,1774014000722282925,1774014000726526867,4243
1015,1774014000728289640,1774014000732063638,3773
1016,1774014000733956947,1774014000738624615,4667
1017,1774014000740566870,1774014000746078779,5511
1018,1774014000748010476,1774014000752145375,4134
1019,1774014000754106976,1774014000758829563,4722
1020,1774014000760904816,1774014000765966502,5061
1021,1774014000768231269,1774014000773093538,4862
1022,1774014000775062118,1774014000780071312,5009
1023,1774014000781906915,1774014000786330542,4423
1024,1774014000788631669,1774014000793222802,4591
1025,1774014000795183600,1774014000799839721,4656
1026,1774014000801857541,1774014000807697958,5840
1027,1774014000809882330,1774014000814223863,4341
1028,1774014000816331266,1774014000821992715,5661
1029,1774014000823979337,1774014000829587884,5608
1030,1774014000831495525,1774014000836055300,4559
1031,1774014000838355027,1774014000842715932,4360
1032,1774014000844800756,1774014000849699560,4898
1033,1774014000851549087,1774014000857344454,5795
1034,1774014000859288201,1774014000863078646,3790
1035,1774014000864979602,1774014000870107298,5127
1036,1774014000872014614,1774014000876417397,4402
1037,1774014000878412948,1774014000883983364,5570
1038,1774014000885777502,1774014000891269439,5491
1039,1774014000893407446,1774014000898641317,5233
1040,1774014000900682735,1774014000905143952,4461
1041,1774014000907241944,1774014000911602389,4360
1042,1774014000913638345,1774014000919197214,5558
1043,1774014000921212675,1774014000926734839,5522
1044,1774014000928788825,1774014000933186629,4397
1045,1774014000935266703,1774014000939580076,4313
1046,1774014000941298595,1774014000946020132,4721
1047,1774014000948004127,1774014000952834512,4830
1048,1774014000954844460,1774014000959766966,4922
1049,1774014000961727235,1774014000966714264,4987
1050,1774014000968717377,1774014000973371297,4653
1051,1774014000975475061,1774014000980555543,5080
1052,1774014000982503014,1774014000987263882,4760
1053,1774014000989425308,1774014000993520015,4094
1054,1774014000995463244,1774014001000773884,5310
1055,1774014001002596359,1774014001008012762,5416
1056,1774014001009710779,1774014001014796294,5085
1057,1774014001016898389,1774014001021307487,4409
1058,1774014001023267053,1774014001027877864,4610
1059,1774014001029640965,1774014001034922007,5281
1060,1774014001036842437,1774014001041283393,4440
1061,1774014001043073618,1774014001047622246,4548
1062,1774014001049739099,1774014001054504503,4765
1063,1774014001056564925,1774014001061738801,5173
1064,1774014001063772203,1774014001069016040,5243
1065,1774014001071192398,1774014001076698587,5506
1066,1774014001078818464,1774014001083615385,4796
1067,1774014001085831463,1774014001090999036,5167
1068,1774014001092917793,1774014001097900545,4982
1069,1774014001099931944,1774014001104348000,4416
1070,1774014001106467398,1774014001111035792,4568
1071,1774014001112813055,1774014001118041526,5228
1072,1774014001120097772,1774014001125441359,5343
1073,1774014001127485145,1774014001132231285,4746
1074,1774014001134139883,1774014001139104698,4964
1075,1774014001141023019,1774014001144937491,3914
1076,1774014001146829203,1774014001151317897,4488
1077,1774014001152940263,1774014001157225662,4285
1078,1774014001159316413,1774014001163870500,4554
1079,1774014001165713284,1774014001170460371,4747
1080,1774014001172237108,1774014001177479963,5242
1081,1774014001179199018,1774014001183525341,4326
1082,1774014001185056875,1774014001189910380,4853
1083,1774014001191840244,1774014001196909869,5069
1084,1774014001198954265,1774014001204189878,5235
1085,1774014001206271613,1774014001211543345,5271
1086,1774014001213435171,1774014001217706049,4270
1087,1774014001219972274,1774014001225177853,5205
1088,1774014001227058043,1774014001231227775,4169
1089,1774014001233247249,1774014001237327577,4080
1090,1774014001239131010,1774014001243266905,4135
1091,1774014001245120558,1774014001250307966,5187
1092,1774014001252161111,1774014001256127598,3966
1093,1774014001257995992,1774014001262933103,4937
1094,1774014001264811537,1774014001269066147,4254
1095,1774014001271090300,1774014001275450679,4360
1096,1774014001277227160,1774014001281725668,4498
1097,1774014001283535562,1774014001287962769,4427
1098,1774014001289846742,1774014001294047206,4200
1099,1774014001295939983,1774014001300088620,4148
1100,1774014001302248442,1774014001308493661,6245
1101,1774014001310735702,1774014001315909976,5174
1102,1774014001318046080,1774014001324544660,6498
1103,1774014001326548761,1774014001331629337,5080
1104,1774014001334085216,1774014001341868600,7783
1105,1774014001344973954,1774014001353406156,8432
1106,1774014001356690804,1774014001363534673,6843
1107,1774014001366066696,1774014001371916416,5849
1108,1774014001374141823,1774014001380358944,6217
1109,1774014001383516093,1774014001392311156,8795
1110,1774014001396684977,1774014001405900427,9215
1111,1774014001409656447,1774014001419097436,9440
1112,1774014001423434698,1774014001431560296,8125
1113,1774014001435423331,1774014001443366946,7943
1114,1774014001446382430,1774014001453689694,7307
1115,1774014001458610229,1774014001469814127,11203
1116,1774014001473193878,1774014001481907545,8713
1117,1774014001485979898,1774014001494005367,8025
1118,1774014001497260392,1774014001503708288,6447
1119,1774014001506899748,1774014001513333800,6434
1120,1774014001516387084,1774014001523409093,7022
1121,1774014001525933216,1774014001531455449,5522
1122,1774014001534231464,1774014001540837664,6606
1123,1774014001544015705,1774014001549667753,5652
1124,1774014001552426958,1774014001558746735,6319
1125,1774014001561204754,1774014001566387586,5182
1126,1774014001568789294,1774014001574796182,6006
1127,1774014001577309235,1774014001583407443,6098
1128,1774014001585659700,1774014001590686713,5027
1129,1774014001593141512,1774014001597942634,4801
1130,1774014001600209460,1774014001605939078,5729
1131,1774014001608257587,1774014001613382844,5125
1132,1774014001615734932,1774014001621387994,5653
1133,1774014001623518650,1774014001628761610,5242
1134,1774014001630735947,1774014001635594372,4858
1135,1774014001637593120,1774014001643115865,5522
1136,1774014001645176306,1774014001649348011,4171
1137,1774014001651417024,1774014001656752010,5334
1138,1774014001658489797,1774014001663591536,5101
1139,1774014001665589318,1774014001670352308,4762
1140,1774014001672271622,1774014001676748639,4477
1141,1774014001678682092,1774014001682920743,4238
1142,1774014001684787499,1774014001689133639,4346
1143,1774014001691225810,1774014001695877927,4652
1144,1774014001697808832,1774014001702825461,5016
1145,1774014001704978434,1774014001709253563,4275
1146,1774014001711463950,1774014001716164339,4700
1147,1774014001718267595,1774014001723293134,5025
1148,1774014001725234745,1774014001729252661,4017
1149,1774014001731272330,1774014001735966477,4694
1150,1774014001737874959,1774014001742606116,4731
1151,1774014001744381500,1774014001748702381,4320
1152,1774014001750595881,1774014001755099159,4503
1153,1774014001757112779,1774014001761024076,3911
1154,1774014001762773370,1774014001766669125,3895
1155,1774014001768685160,1774014001772680347,3995
1156,1774014001774600117,1774014001778871840,4271
1157,1774014001780578862,1774014001784548941,3970
1158,1774014001786441536,1774014001790851112,4409
1159,1774014001792592113,1774014001796054624,3462
1160,1774014001797682594,1774014001801512667,3830
1161,1774014001803242592,1774014001807092452,3849
1162,1774014001808853393,1774014001812828035,3974
1163,1774014001814542478,1774014001818197088,3654
1164,1774014001819916947,1774014001824609684,4692
1165,1774014001826444419,1774014001830788783,4344
1166,1774014001832863131,1774014001837612194,4749
1167,1774014001839699049,1774014001844381522,4682
1168,1774014001846178480,1774014001850011163,3832
1169,1774014001851771664,1774014001856435968,4664
1170,1774014001858178460,1774014001862523897,4345
1171,1774014001864213813,1774014001868547944,4334
1172,1774014001870231023,1774014001874352510,4121
1173,1774014001876410077,1774014001881154100,4744
1174,1774014001883012841,1774014001886751852,3739
1175,1774014001888521939,1774014001892586334,4064
1176,1774014001894270212,1774014001898084188,3813
1177,1774014001899991001,1774014001904084925,4093
1178,1774014001905972963,1774014001910011754,4038
1179,1774014001911704294,1774014001915746848,4042
1180,1774014001917354671,1774014001921687468,4332
1181,1774014001923351966,1774014001926870340,3518
1182,1774014001928546887,1774014001933205194,4658
1183,1774014001934839406,1774014001939215608,4376
1184,1774014001940911316,1774014001944986320,4075
1185,1774014001946468215,1774014001950067458,3599
1186,1774014001951684107,1774014001955458767,3774
1187,1774014001957095461,1774014001960689786,3594
1188,1774014001962318234,1774014001966211134,3892
1189,1774014001967908618,1774014001971669844,3761
1190,1774014001973339099,1774014001976897112,3558
1191,1774014001978540275,1774014001982859240,4318
1192,1774014001984587980,1774014001988501242,3913
1193,1774014001990258685,1774014001994880930,4622
1194,1774014001996802782,1774014002001777777,4974
1195,1774014002003552830,1774014002008074712,4521
1196,1774014002009928302,1774014002013977657,4049
1197,1774014002015712181,1774014002019720159,4007
1198,1774014002021443090,1774014002025962073,4518
1199,1774014002027714111,1774014002031900982,4186
1200,1774014002033901328,1774014002038209790,4308
1201,1774014002040034427,1774014002044151634,4117
1202,1774014002045958902,1774014002050147904,4189
1203,1774014002051897443,1774014002055638440,3740
1204,1774014002057573320,1774014002061812434,4239
1205,1774014002063588268,1774014002067980066,4391
1206,1774014002069704727,1774014002074129835,4425
1207,1774014002075771943,1774014002079574267,3802
1208,1774014002081396957,1774014002084864905,3467
1209,1774014002086604454,1774014002091102791,4498
1210,1774014002092717567,1774014002096311101,3593
1211,1774014002098025039,1774014002101924226,3899
1212,1774014002103557190,1774014002106895387,3338
1213,1774014002108705966,1774014002112873267,4167
1214,1774014002114639742,1774014002118347315,3707
1215,1774014002120011844,1774014002124533078,4521
1216,1774014002126297879,1774014002130517494,4219
1217,1774014002132239994,1774014002136463776,4223
1218,1774014002138242700,1774014002142350149,4107
1219,1774014002144142529,1774014002148311376,4168
1220,1774014002150339448,1774014002154422653,4083
1221,1774014002156164310,1774014002159867365,3703
1222,1774014002161671244,1774014002165528717,3857
1223,1774014002167200157,1774014002171144787,3944
1224,1774014002172838732,1774014002177199629,4360
1225,1774014002178829180,1774014002183078894,4249
1226,1774014002184634288,1774014002188901438,4267
1227,1774014002190565257,1774014002194899688,4334
1228,1774014002196543033,1774014002200467911,3924
1229,1774014002202005441,1774014002205607523,3602
1230,1774014002207176193,1774014002210796748,3620
1231,1774014002212349489,1774014002216028769,3679
1232,1774014002217655753,1774014002221148306,3492
1233,1774014002222546027,1774014002226971313,4425
1234,1774014002228616615,1774014002232425825,3809
1235,1774014002233903746,1774014002238318402,4414
1236,1774014002239885642,1774014002243941901,4056
1237,1774014002245547156,1774014002250029611,4482
1238,1774014002251568683,1774014002256030505,4461
1239,1774014002257783366,1774014002262325359,4541
1240,1774014002264057770,1774014002268168701,4110
1241,1774014002269996929,1774014002273919931,3923
1242,1774014002275869122,1774014002280063371,4194
1243,1774014002281840702,1774014002285891941,4051
1244,1774014002287777463,1774014002291940230,4162
1245,1774014002293633923,1774014002297661926,4028
1246,1774014002299485496,1774014002303770821,4285
1247,1774014002305528171,1774014002310052240,4524
1248,1774014002311827506,1774014002316236225,4408
1249,1774014002318028386,1774014002322533481,4505
1250,1774014002324621440,1774014002328441659,3820
1251,1774014002330347162,1774014002334224859,3877
1252,1774014002335977891,1774014002339872541,3894
1253,1774014002341497444,1774014002346067215,4569
1254,1774014002347774820,1774014002351919934,4145
1255,1774014002353697240,1774014002357326626,3629
1256,1774014002358877192,1774014002363318751,4441
1257,1774014002365078091,1774014002369534751,4456
1258,1774014002371198031,1774014002375454988,4256
1259,1774014002377295744,1774014002380992923,3697
1260,1774014002382661224,1774014002386223296,3562
1261,1774014002387980070,1774014002392485406,4505
1262,1774014002394334319,1774014002397939108,3604
1263,1774014002399884137,1774014002404499062,4614
1264,1774014002406225737,1774014002409897330,3671
1265,1774014002411891299,1774014002416511389,4620
1266,1774014002418143264,1774014002421696686,3553
1267,1774014002423525495,1774014002427936898,4411
1268,1774014002429613103,1774014002433384237,3771
1269,1774014002435056633,1774014002438814017,3757
1270,1774014002440587498,1774014002444642272,4054
1271,1774014002446364437,1774014002450151776,3787
1272,1774014002451938602,1774014002455821547,3882
1273,1774014002457526641,1774014002462247118,4720
1274,1774014002464041788,1774014002468758866,4717
1275,1774014002470471025,1774014002473921477,3450
1276,1774014002475592226,1774014002480055141,4462
1277,1774014002481602233,1774014002485469940,3867
1278,1774014002486964943,1774014002490312530,3347
1279,1774014002491917441,1774014002496460759,4543
1280,1774014002498158010,1774014002501960287,3802
1281,1774014002503126149,1774014002506538313,3412
1282,1774014002508388844,1774014002512770616,4381
1283,1774014002514420638,1774014002518625801,4205
1284,1774014002520422699,1774014002524740731,4318
1285,1774014002526550406,1774014002530650709,4100
1286,1774014002532496089,1774014002536723292,4227
1287,1774014002538509238,1774014002542494532,3985
1288,1774014002544232857,1774014002548474311,4241
1289,1774014002550170393,1774014002553929057,3758
1290,1774014002555670725,1774014002560121619,4450
1291,1774014002561809434,1774014002565990222,4180
1292,1774014002567760055,1774014002572221051,4460
1293,1774014002574009322,1774014002578240924,4231
1294,1774014002579908382,1774014002584184050,4275
1295,1774014002585946846,1774014002590414576,4467
1296,1774014002592235466,1774014002595885118,3649
1297,1774014002597697159,1774014002602041851,4344
1298,1774014002603764440,1774014002607429763,3665
1299,1774014002609178309,1774014002613640131,4461
1300,1774014002615457502,1774014002619195987,3738
1301,1774014002620902992,1774014002624382877,3479
1302,1774014002625847105,1774014002629481081,3633
1303,1774014002631275382,1774014002635480878,4205
1304,1774014002637114963,1774014002640409274,3294
1305,1774014002641851837,1774014002646024211,4172
1306,1774014002647392706,1774014002650882470,3489
1307,1774014002652462623,1774014002656003949,3541
1308,1774014002657626892,1774014002662182518,4555
1309,1774014002664198194,1774014002668034562,3836
1310,1774014002669730319,1774014002674109061,4378
1311,1774014002675881151,1774014002679669309,3788
1312,1774014002681344982,1774014002684899510,3554
1313,1774014002686579026,1774014002690813149,4234
1314,1774014002692561175,1774014002696427316,3866
1315,1774014002698251033,1774014002701837045,3586
1316,1774014002703546322,1774014002707805383,4259
1317,1774014002709498870,1774014002713384183,3885
1318,1774014002715044506,1774014002719294842,4250
1319,1774014002720943137,1774014002724949989,4006
1320,1774014002726785153,1774014002731073412,4288
1321,1774014002732727174,1774014002736466722,3739
1322,1774014002738311292,1774014002742605743,4294
1323,1774014002744267660,1774014002748579429,4311
1324,1774014002750635162,1774014002754341652,3706
1325,1774014002756155345,1774014002760108156,3952
1326,1774014002761718200,1774014002765464290,3746
1327,1774014002767033837,1774014002771043634,4009
1328,1774014002772667692,1774014002776059082,3391
1329,1774014002777590167,1774014002782040464,4450
1330,1774014002783785700,1774014002787599232,3813
1331,1774014002789203995,1774014002793167549,3963
1332,1774014002794886281,1774014002798990787,4104
1333,1774014002800574231,1774014002804374692,3800
1334,1774014002806091283,1774014002810368746,4277
1335,1774014002812093214,1774014002815952542,3859
1336,1774014002817639504,1774014002821829959,4190
1337,1774014002823532417,1774014002828470478,4938
1338,1774014002830254743,1774014002834574062,4319
1339,1774014002836345732,1774014002840741696,4395
1340,1774014002842436507,1774014002846592224,4155
1341,1774014002848277572,1774014002852404032,4126
1342,1774014002854090757,1774014002857540930,3450
1343,1774014002859375980,1774014002862866894,3490
1344,1774014002864609635,1774014002868656628,4046
1345,1774014002870441547,1774014002873968854,3527
1346,1774014002875615113,1774014002879593466,3978
1347,1774014002881363460,1774014002885245934,3882
1348,1774014002886921131,1774014002891355486,4434
1349,1774014002893124522,1774014002897571244,4446
1350,1774014002899355456,1774014002902885207,3529
1351,1774014002904573044,1774014002908587184,4014
1352,1774014002909897840,1774014002913881411,3983
1353,1774014002915237894,1774014002918674909,3437
1354,1774014002920373132,1774014002924976832,4603
1355,1774014002926556888,1774014002930147298,3590
1356,1774014002931738891,1774014002935834655,4095
1357,1774014002937450303,1774014002941558632,4108
1358,1774014002943294459,1774014002947635604,4341
1359,1774014002949373654,1774014002953430866,4057
1360,1774014002955102307,1774014002959751115,4648
1361,1774014002961659606,1774014002965534247,3874
1362,1774014002967190259,1774014002970850130,3659
1363,1774014002972522448,1774014002976875224,4352
1364,1774014002978582432,1774014002982520759,3938
1365,1774014002984169306,1774014002987821641,3652
1366,1774014002989855658,1774014002994085252,4229
1367,1774014002995775575,1774014002999758076,3982
1368,1774014003001709492,1774014003006123630,4414
1369,1774014003007819279,1774014003011631233,3811
1370,1774014003013462789,1774014003017759253,4296
1371,1774014003019695788,1774014003023509200,3813
1372,1774014003025173646,1774014003029669301,4495
1373,1774014003031395347,1774014003035137680,3742
1374,1774014003036946746,1774014003041489973,4543
1375,1774014003043135032,1774014003047560690,4425
1376,1774014003049365595,1774014003053868960,4503
1377,1774014003055625001,1774014003060064679,4439
1378,1774014003061784178,1774014003066286535,4502
1379,1774014003068120652,1774014003071991544,3870
1380,1774014003073866529,1774014003078347413,4480
1381,1774014003080090533,1774014003083704833,3614
1382,1774014003085461217,1774014003089040880,3579
1383,1774014003090824006,1774014003094983773,4159
1384,1774014003096712928,1774014003100452001,3739
1385,1774014003102473704,1774014003106651378,4177
1386,1774014003108460274,1774014003112414012,3953
1387,1774014003113998994,1774014003117822715,3823
1388,1774014003119410709,1774014003123718873,4308
1389,1774014003125375643,1774014003129504491,4128
1390,1774014003131224473,1774014003134658044,3433
1391,1774014003136303763,1774014003140180455,3876
1392,1774014003141841744,1774014003145482721,3640
1393,1774014003147207619,1774014003151247309,4039
1394,1774014003152908436,1774014003156522741,3614
1395,1774014003158394578,1774014003162689353,4294
1396,1774014003164403560,1774014003169069262,4665
1397,1774014003170844298,1774014003174934122,4089
1398,1774014003176667051,1774014003181017894,4350
1399,1774014003182719587,1774014003186154280,3434
1400,1774014003187743047,1774014003191281547,3538
1401,1774014003192998059,1774014003196538435,3540
1402,1774014003198210877,1774014003202861733,4650
1403,1774014003204663285,1774014003208528272,3864
1404,1774014003210253983,1774014003213975209,3721
1405,1774014003215677998,1774014003219934748,4256
1406,1774014003221688353,1774014003225543033,3854
1407,1774014003227187450,1774014003230854519,3667
1408,1774014003232752271,1774014003237019387,4267
1409,1774014003238736937,1774014003242639319,3902
1410,1774014003244612595,1774014003248957748,4345
1411,1774014003250703499,1774014003254720679,4017
1412,1774014003256671556,1774014003261351473,4679
1413,1774014003263074333,1774014003266781855,3707
1414,1774014003268608938,1774014003272940525,4331
1415,1774014003274669018,1774014003278568330,3899
1416,1774014003280455246,1774014003284909108,4453
1417,1774014003286685721,1774014003290629751,3944
1418,1774014003292386344,1774014003296021141,3634
1419,1774014003297713663,1774014003302062383,4348
1420,1774014003303785202,1774014003307634801,3849
1421,1774014003309224658,1774014003312714377,3489
1422,1774014003314548592,1774014003318873922,4325
1423,1774014003320532596,1774014003324226654,3694
1424,1774014003326119659,1774014003329890454,3770
1425,1774014003331142716,1774014003335267661,4124
1426,1774014003337017162,1774014003340621307,3604
1427,1774014003342307038,1774014003347062242,4755
1428,1774014003348858006,1774014003353026099,4168
1429,1774014003354634550,1774014003359144725,4510
1430,1774014003360855221,1774014003364876033,4020
1431,1774014003366535917,1774014003371173684,4637
1432,1774014003372927302,1774014003376807135,3879
1433,1774014003378871290,1774014003383414089,4542
1434,1774014003385165504,1774014003388916273,3750
1435,1774014003390751852,1774014003395278346,4526
1436,1774014003397069892,1774014003401114436,4044
1437,1774014003402933284,1774014003407880740,4947
1438,1774014003409911850,1774014003414054562,4142
1439,1774014003415940910,1774014003420282871,4341
1440,1774014003422187827,1774014003425953340,3765
1441,1774014003427674079,1774014003432463004,4788
1442,1774014003434245727,1774014003438167538,3921
1443,1774014003440298255,1774014003445232129,4933
1444,1774014003446960452,1774014003450764897,3804
1445,1774014003452304097,1774014003456142274,3838
1446,1774014003457727889,1774014003462958840,5230
1447,1774014003464289142,1774014003468374614,4085
1448,1774014003469882904,1774014003473939114,4056
1449,1774014003475849538,1774014003481017486,5167
1450,1774014003482726113,1774014003487103640,4377
1451,1774014003488957680,1774014003493530853,4573
1452,1774014003495441693,1774014003500073621,4631
1453,1774014003502364217,1774014003507760500,5396
1454,1774014003509764030,1774014003514688785,4924
1455,1774014003516739594,1774014003521978147,5238
1456,1774014003524003159,1774014003528054493,4051
1457,1774014003529862841,1774014003535124143,5261
1458,1774014003537577884,1774014003542299786,4721
1459,1774014003544056220,1774014003548402401,4346
1460,1774014003550362930,1774014003555024078,4661
1461,1774014003556910818,1774014003560808488,3897
1462,1774014003562747922,1774014003567544992,4797
1463,1774014003569491564,1774014003574715534,5223
1464,1774014003576593123,1774014003581287570,4694
1465,1774014003583180060,1774014003587083719,3903
1466,1774014003588700295,1774014003593414243,4713
1467,1774014003595137833,1774014003600190047,5052
1468,1774014003601842362,1774014003606282377,4440
1469,1774014003607974533,1774014003612045721,4071
1470,1774014003613890681,1774014003618902002,5011
1471,1774014003621113613,1774014003625000386,3886
1472,1774014003626792652,1774014003630865455,4072
1473,1774014003632721406,1774014003636983744,4262
1474,1774014003638740261,1774014003643870128,5129
1475,1774014003645816586,1774014003650318415,4501
1476,1774014003652291666,1774014003657052131,4760
1477,1774014003658993097,1774014003664109891,5116
1478,1774014003665998090,1774014003671210311,5212
1479,1774014003673231182,1774014003677640593,4409
1480,1774014003679797269,1774014003684851646,5054
1481,1774014003686856786,1774014003691731579,4874
1482,1774014003693606804,1774014003698551458,4944
1483,1774014003700452214,1774014003704760701,4308
1484,1774014003706754995,1774014003710926054,4171
1485,1774014003712869682,1774014003717280696,4411
1486,1774014003719130655,1774014003723853567,4722
1487,1774014003725631786,1774014003730503919,4872
1488,1774014003731951693,1774014003736562892,4611
1489,1774014003738153750,1774014003742717956,4564
1490,1774014003744442944,1774014003748486919,4043
1491,1774014003750232858,1774014003754519017,4286
1492,1774014003756182933,1774014003759804579,3621
1493,1774014003761681759,1774014003765784459,4102
1494,1774014003767550026,1774014003771902898,4352
1495,1774014003773739258,1774014003778626296,4887
1496,1774014003780405743,1774014003784383267,3977
1497,1774014003786177416,1774014003790916916,4739
1498,1774014003792706963,1774014003796903456,4196
1499,1774014003798823489,1774014003803320330,4496
1500,1774014003805058313,1774014003809128743,4070
1501,1774014003810824642,1774014003815436802,4612
1502,1774014003817251970,1774014003820969215,3717
1503,1774014003822792479,1774014003827857390,5064
1504,1774014003829895429,1774014003834734331,4838
1505,1774014003836608093,1774014003840787111,4179
1506,1774014003842634613,1774014003847188877,4554
1507,1774014003848904720,1774014003852779944,3875
1508,1774014003854482738,1774014003858984769,4502
1509,1774014003860846012,1774014003865243466,4397
1510,1774014003867083229,1774014003870890831,3807
1511,1774014003872735753,1774014003877372799,4637
1512,1774014003878993416,1774014003882582759,3589
1513,1774014003884034376,1774014003888041651,4007
1514,1774014003889926083,1774014003894839771,4913
1515,1774014003896543284,1774014003900607449,4064
1516,1774014003902075107,1774014003906573796,4498
1517,1774014003908375481,1774014003912372112,3996
1518,1774014003913997607,1774014003918560215,4562
1519,1774014003920431598,1774014003925140885,4709
1520,1774014003926938718,1774014003930692366,3753
1521,1774014003932514034,1774014003936874753,4360
1522,1774014003938873323,1774014003943497143,4623
1523,1774014003945329544,1774014003950223441,4893
1524,1774014003952042001,1774014003956576599,4534
1525,1774014003958600351,1774014003962553505,3953
1526,1774014003964515230,1774014003968976870,4461
1527,1774014003970787235,1774014003974654214,3866
1528,1774014003976524376,1774014003981183398,4659
1529,1774014003982911887,1774014003986653318,3741
1530,1774014003988501656,1774014003992905811,4404
1531,1774014003994896886,1774014003998751773,3854
1532,1774014004000709536,1774014004005266612,4557
1533,1774014004007113272,1774014004010838810,3725
1534,1774014004012595910,1774014004016398105,3802
1535,1774014004017872276,1774014004022366798,4494
1536,1774014004024138681,1774014004027796893,3658
1537,1774014004029241336,1774014004033529053,4287
1538,1774014004035152642,1774014004038908206,3755
1539,1774014004040536926,1774014004044473082,3936
1540,1774014004046134180,1774014004049908289,3774
1541,1774014004051516606,1774014004055951910,4435
1542,1774014004057683503,1774014004061685534,4002
1543,1774014004063580105,1774014004068000880,4420
1544,1774014004069887090,1774014004073866954,3979
1545,1774014004075782862,1774014004080073856,4290
1546,1774014004081833287,1774014004085745426,3912
1547,1774014004087499789,1774014004092699342,5199
1548,1774014004094635742,1774014004099008010,4372
1549,1774014004101091849,1774014004106366129,5274
1550,1774014004108285103,1774014004112845469,4560
1551,1774014004114617623,1774014004119374773,4757
1552,1774014004121831534,1774014004126348796,4517
1553,1774014004128332436,1774014004133459454,5127
1554,1774014004135390980,1774014004140457273,5066
1555,1774014004142571474,1774014004147162496,4591
1556,1774014004148983632,1774014004153931744,4948
1557,1774014004155880023,1774014004160350015,4469
1558,1774014004161982421,1774014004166598448,4616
1559,1774014004168362185,1774014004173558544,5196
1560,1774014004175560578,1774014004180805017,5244
1561,1774014004182790618,1774014004187256503,4465
1562,1774014004189384800,1774014004194307246,4922
1563,1774014004196500504,1774014004200741644,4241
1564,1774014004202846342,1774014004208255646,5409
1565,1774014004210271820,1774014004214725123,4453
1566,1774014004216607420,1774014004221396364,4788
1567,1774014004223389512,1774014004228610294,5220
1568,1774014004230775901,1774014004235936737,5160
1569,1774014004238019299,1774014004243540506,5521
1570,1774014004245676122,1774014004250076346,4400
1571,1774014004252359549,1774014004257662090,5302
1572,1774014004259948955,1774014004264442737,4493
1573,1774014004266515821,1774014004271601208,5085
1574,1774014004273895877,1774014004280041785,6145
1575,1774014004282099218,1774014004286616307,4517
1576,1774014004288677864,1774014004294311964,5634
1577,1774014004296172824,1774014004300640436,4467
1578,1774014004302439436,1774014004306511720,4072
1579,1774014004308484809,1774014004313302109,4817
1580,1774014004315481381,1774014004320270803,4789
1581,1774014004321934870,1774014004326382506,4447
1582,1774014004328626787,1774014004333798429,5171
1583,1774014004335912935,1774014004341465974,5553
1584,1774014004343768243,1774014004349188529,5420
1585,1774014004351308097,1774014004356226653,4918
1586,1774014004358292366,1774014004363480538,5188
1587,1774014004365803814,1774014004370461155,4657
1588,1774014004372702821,1774014004377739587,5036
1589,1774014004379884652,1774014004385572661,5688
1590,1774014004388074991,1774014004392602349,4527
1591,1774014004394903123,1774014004399879331,4976
1592,1774014004402670427,1774014004407338547,4668
1593,1774014004409242241,1774014004414136790,4894
1594,1774014004416568336,1774014004422352104,5783
1595,1774014004424598479,1774014004429387675,4789
1596,1774014004431282590,1774014004436212047,4929
1597,1774014004438287643,1774014004442269914,3982
1598,1774014004444157709,1774014004449279833,5122
1599,1774014004451068302,1774014004455111592,4043
1600,1774014004457001354,1774014004460922717,3921
1601,1774014004462717464,1774014004466886102,4168
1602,1774014004468744458,1774014004473467898,4723
1603,1774014004475197865,1774014004479172917,3975
1604,1774014004480982966,1774014004485547687,4564
1605,1774014004487281405,1774014004492463219,5181
1606,1774014004494392228,1774014004498547094,4154
1607,1774014004500592626,1774014004505009997,4417
1608,1774014004506873686,1774014004511755611,4881
1609,1774014004513784766,1774014004518302588,4517
1610,1774014004520300900,1774014004524701301,4400
1611,1774014004526636202,1774014004530820327,4184
1612,1774014004532782900,1774014004537026436,4243
1613,1774014004538878075,1774014004542982308,4104
1614,1774014004545041999,1774014004549425602,4383
1615,1774014004551498998,1774014004556778953,5279
1616,1774014004559090573,1774014004564056426,4965
1617,1774014004566079195,1774014004571428561,5349
1618,1774014004573438068,1774014004577701011,4262
1619,1774014004579657275,1774014004584914606,5257
1620,1774014004586455743,1774014004590143758,3688
1621,1774014004591963905,1774014004596440226,4476
1622,1774014004598296003,1774014004602541682,4245
1623,1774014004604629003,1774014004609104697,4475
1624,1774014004610850780,1774014004615007965,4157
1625,1774014004616598224,1774014004621471868,4873
1626,1774014004623422205,1774014004628927360,5505
1627,1774014004631086432,1774014004636589416,5502
1628,1774014004638722989,1774014004644079420,5356
1629,1774014004646380178,1774014004651262971,4882
1630,1774014004653452412,1774014004659613167,6160
1631,1774014004661748295,1774014004667015408,5267
1632,1774014004669195183,1774014004674159034,4963
1633,1774014004676166382,1774014004681792568,5626
1634,1774014004683809228,1774014004688917277,5108
1635,1774014004690844388,1774014004695182338,4337
1636,1774014004697325516,1774014004701244476,3918
1637,1774014004703448664,1774014004708608660,5159
1638,1774014004710855688,1774014004715138873,4283
1639,1774014004717254363,1774014004722094945,4840
1640,1774014004723982839,1774014004727897496,3914
1641,1774014004729681014,1774014004734596741,4915
1642,1774014004736349751,1774014004741319398,4969
1643,1774014004743050850,1774014004747413320,4362
1644,1774014004749147636,1774014004753185201,4037
1645,1774014004755001714,1774014004759225634,4223
1646,1774014004760753884,1774014004765536399,4782
1647,1774014004767179258,1774014004771006441,3827
1648,1774014004772802947,1774014004776955048,4152
1649,1774014004778791439,1774014004783592334,4800
1650,1774014004785528013,1774014004790283530,4755
1651,1774014004792171776,1774014004796741941,4570
1652,1774014004798599333,1774014004803438047,4838
1653,1774014004804989976,1774014004809151505,4161
1654,1774014004811177250,1774014004815822881,4645
1655,1774014004817812736,1774014004822245617,4432
1656,1774014004824284768,1774014004828909497,4624
1657,1774014004830854138,1774014004835840646,4986
1658,1774014004837749462,1774014004843087639,5338
1659,1774014004844947743,1774014004849762967,4815
1660,1774014004851620887,1774014004856147934,4527
1661,1774014004857909357,1774014004862555903,4646
1662,1774014004864310813,1774014004868424037,4113
1663,1774014004870175548,1774014004874803880,4628
1664,1774014004876576012,1774014004880535799,3959
1665,1774014004882323096,1774014004885932534,3609
1666,1774014004887765708,1774014004892326527,4560
1667,1774014004894152997,1774014004898005757,3852
1668,1774014004899842157,1774014004904597396,4755
1669,1774014004906289338,1774014004910910509,4621
1670,1774014004912616591,1774014004917190982,4574
1671,1774014004919085126,1774014004924015726,4930
1672,1774014004925889545,1774014004929875114,3985
1673,1774014004931729696,1774014004936184977,4455
1674,1774014004937993986,1774014004942637832,4643
1675,1774014004944414772,1774014004948717224,4302
1676,1774014004950402965,1774014004955146147,4743
1677,1774014004957084654,1774014004962037325,4952
1678,1774014004964081091,1774014004968973996,4892
1679,1774014004970821587,1774014004975416303,4594
1680,1774014004977262429,1774014004982040394,4777
1681,1774014004983927795,1774014004988659934,4732
1682,1774014004990623398,1774014004994685860,4062
1683,1774014004996658054,1774014005000854608,4196
1684,1774014005002818309,1774014005007721379,4903
1685,1774014005009495597,1774014005014903765,5408
1686,1774014005016655287,1774014005022048940,5393
1687,1774014005023976279,1774014005029341543,5365
1688,1774014005031163866,1774014005035865683,4701
1689,1774014005037745639,1774014005041980699,4235
1690,1774014005043806205,1774014005047866744,4060
1691,1774014005049669041,1774014005055142369,5473
1692,1774014005057160226,1774014005062205820,5045
1693,1774014005064159845,1774014005069073132,4913
1694,1774014005071203473,1774014005075263278,4059
1695,1774014005077148939,1774014005082356782,5207
1696,1774014005084348871,1774014005088722654,4373
1697,1774014005090918431,1774014005095387390,4468
1698,1774014005097563694,1774014005102131098,4567
1699,1774014005104294720,1774014005109502446,5207
1700,1774014005111671661,1774014005116312598,4640
1701,1774014005118202478,1774014005122914973,4712
1702,1774014005125089438,1774014005129722002,4632
1703,1774014005131639869,1774014005136475100,4835
1704,1774014005138564232,1774014005144143536,5579
1705,1774014005146180691,1774014005150329119,4148
1706,1774014005152392047,1774014005158066329,5674
1707,1774014005160204348,1774014005165437875,5233
1708,1774014005167667334,1774014005171879050,4211
1709,1774014005173734876,1774014005178467734,4732
1710,1774014005180133862,1774014005184894036,4760
1711,1774014005187017121,1774014005192145297,5128
1712,1774014005194177685,1774014005198805143,4627
1713,1774014005200852638,1774014005206798395,5945
1714,1774014005209033663,1774014005213839658,4805
1715,1774014005216073848,1774014005221916630,5842
1716,1774014005224115055,1774014005229426006,5310
1717,1774014005231895945,1774014005237679370,5783
1718,1774014005239781787,1774014005245635691,5853
1719,1774014005247897125,1774014005253253177,5356
1720,1774014005255386391,1774014005260166541,4780
1721,1774014005262381368,1774014005267804029,5422
1722,1774014005269793110,1774014005275410132,5617
1723,1774014005277522029,1774014005282414874,4892
1724,1774014005284536862,1774014005290126095,5589
1725,1774014005292390574,1774014005297213451,4822
1726,1774014005299372620,1774014005304077970,4705
1727,1774014005306239762,1774014005313134703,6894
1728,1774014005316339617,1774014005324488882,8149
1729,1774014005328425398,1774014005337711903,9286
1730,1774014005340979990,1774014005350472096,9492
1731,1774014005354116407,1774014005360845984,6729
1732,1774014005364134560,1774014005371138179,7003
1733,1774014005374276763,1774014005383240841,8964
1734,1774014005387229877,1774014005395840621,8610
1735,1774014005399832007,1774014005409418770,9586
1736,1774014005413582157,1774014005423535796,9953
1737,1774014005427090656,1774014005435747758,8657
1738,1774014005439694233,1774014005446902277,7208
1739,1774014005450076363,1774014005456119932,6043
1740,1774014005459170242,1774014005466441917,7271
1741,1774014005469147572,1774014005475829561,6681
1742,1774014005478186669,1774014005483909267,5722
1743,1774014005486260683,1774014005492979875,6719
1744,1774014005495185120,1774014005500008503,4823
1745,1774014005502177560,1774014005507752120,5574
1746,1774014005510308445,1774014005516602636,6294
1747,1774014005518836936,1774014005524808547,5971
1748,1774014005526913842,1774014005531846222,4932
1749,1774014005534321631,1774014005540393624,6071
1750,1774014005542504055,1774014005548416917,5912
1751,1774014005550838538,1774014005555767602,4929
1752,1774014005558251896,1774014005563003031,4751
1753,1774014005565270297,1774014005571550831,6280
1754,1774014005574014112,1774014005579224075,5209
1755,1774014005581553556,1774014005587545567,5992
1756,1774014005589920707,1774014005595626166,5705
1757,1774014005597880736,1774014005602885390,5004
1758,1774014005605091389,1774014005610634829,5543
1759,1774014005612836163,1774014005617893546,5057
1760,1774014005620178407,1774014005625925977,5747
1761,1774014005628094614,1774014005633352306,5257
1762,1774014005635473950,1774014005640944761,5470
1763,1774014005643521596,1774014005648716885,5195
1764,1774014005650269503,1774014005655770306,5500
1765,1774014005657879897,1774014005663358709,5478
1766,1774014005665512164,1774014005670174358,4662
1767,1774014005672251126,1774014005677069477,4818
1768,1774014005679092189,1774014005683463485,4371
1769,1774014005685599214,1774014005690255449,4656
1770,1774014005692666876,1774014005697624563,4957
1771,1774014005699956345,1774014005705171977,5215
1772,1774014005707584192,1774014005713728411,6144
1773,1774014005716087438,1774014005721914023,5826
1774,1774014005724042442,1774014005729316403,5273
1775,1774014005731410405,1774014005737173366,5762
1776,1774014005739452942,1774014005744335184,4882
1777,1774014005746658351,1774014005752016514,5358
1778,1774014005754217464,1774014005759769892,5552
1779,1774014005762093915,1774014005766611188,4517
1780,1774014005768693421,1774014005773711636,5018
1781,1774014005776083495,1774014005782297311,6213
1782,1774014005784590835,1774014005789501838,4911
1783,1774014005791790207,1774014005797363345,5573
1784,1774014005799815810,1774014005804961623,5145
1785,1774014005806869614,1774014005811359268,4489
1786,1774014005813373903,1774014005818108465,4734
1787,1774014005820517506,1774014005825526013,5008
1788,1774014005827614561,1774014005832564162,4949
1789,1774014005834490580,1774014005839255300,4764
1790,1774014005841316227,1774014005847172793,5856
1791,1774014005849472209,1774014005854483117,5010
1792,1774014005856693762,1774014005862387070,5693
1793,1774014005864638610,1774014005870586871,5948
1794,1774014005872868081,1774014005878887924,6019
1795,1774014005881083817,1774014005886228564,5144
1796,1774014005887884067,1774014005893607851,5723
1797,1774014005895915745,1774014005901290589,5374
1798,1774014005903495901,1774014005909477669,5981
1799,1774014005911643377,1774014005916853304,5209
1800,1774014005919018885,1774014005923874831,4855
1801,1774014005926182084,1774014005931371089,5189
1802,1774014005933567978,1774014005939047829,5479
1803,1774014005941016575,1774014005946680655,5664
1804,1774014005948656774,1774014005953080400,4423
1805,1774014005955232670,1774014005960258017,5025
1806,1774014005961984990,1774014005967700079,5715
1807,1774014005969553527,1774014005974922958,5369
1808,1774014005977151370,1774014005982026055,4874
1809,1774014005984180179,1774014005988793283,4613
1810,1774014005990994024,1774014005995571122,4577
1811,1774014005997821730,1774014006002898887,5077
1812,1774014006005083382,1774014006010487502,5404
1813,1774014006012624290,1774014006018253820,5629
1814,1774014006020640624,1774014006025504147,4863
1815,1774014006027730871,1774014006033200570,5469
1816,1774014006035314848,1774014006041152386,5837
1817,1774014006043286430,1774014006048561768,5275
1818,1774014006050578623,1774014006056122969,5544
1819,1774014006058440854,1774014006063899104,5458
1820,1774014006066074926,1774014006071440710,5365
1821,1774014006073587405,1774014006078904132,5316
1822,1774014006081556100,1774014006087073568,5517
1823,1774014006089275737,1774014006093737789,4462
1824,1774014006095901248,1774014006100100927,4199
1825,1774014006102073370,1774014006107327116,5253
1826,1774014006109303627,1774014006113459873,4156
1827,1774014006115709308,1774014006120139828,4430
1828,1774014006122386359,1774014006126950834,4564
1829,1774014006128760607,1774014006133338879,4578
1830,1774014006135499247,1774014006140677369,5178
1831,1774014006142914402,1774014006147531242,4616
1832,1774014006149579390,1774014006155337573,5758
1833,1774014006157817034,1774014006162629962,4812
1834,1774014006164849247,1774014006170271941,5422
1835,1774014006172396267,1774014006177927013,5530
1836,1774014006179996227,1774014006184398824,4402
1837,1774014006186505043,1774014006192173562,5668
1838,1774014006194470004,1774014006199526968,5056
1839,1774014006201610840,1774014006206903109,5292
1840,1774014006209082849,1774014006213939795,4856
1841,1774014006216342373,1774014006221741561,5399
1842,1774014006224070809,1774014006229259426,5188
1843,1774014006231487314,1774014006236967480,5480
1844,1774014006239013726,1774014006244066179,5052
1845,1774014006245999491,1774014006250878699,4879
1846,1774014006253078079,1774014006258431295,5353
1847,1774014006260274962,1774014006264975238,4700
1848,1774014006266856978,1774014006271469252,4612
1849,1774014006273242386,1774014006277373452,4131
1850,1774014006279342518,1774014006283864782,4522
1851,1774014006286106280,1774014006291225017,5118
1852,1774014006293425117,1774014006298514073,5088
1853,1774014006300456546,1774014006306151700,5695
1854,1774014006308403719,1774014006313127769,4724
1855,1774014006315131726,1774014006320771261,5639
1856,1774014006322874427,1774014006328523631,5649
1857,1774014006330500836,1774014006335444106,4943
1858,1774014006337552164,1774014006342482487,4930
1859,1774014006344763444,1774014006349759652,4996
1860,1774014006351899884,1774014006357637729,5737
1861,1774014006360049034,1774014006365801912,5752
1862,1774014006368017074,1774014006372491919,4474
1863,1774014006374535088,1774014006379859879,5324
1864,1774014006382081102,1774014006386623886,4542
1865,1774014006388859698,1774014006394334904,5475
1866,1774014006396325329,1774014006401717389,5392
1867,1774014006403475414,1774014006408057449,4582
1868,1774014006412146675,1774014006416317903,4171
1869,1774014006418333049,1774014006423923251,5590
1870,1774014006425969260,1774014006430520183,4550
1871,1774014006432244012,1774014006437103308,4859
1872,1774014006439069795,1774014006443971701,4901
1873,1774014006445973279,1774014006451273724,5300
1874,1774014006453278427,1774014006458095837,4817
1875,1774014006460113721,1774014006465469184,5355
1876,1774014006467475339,1774014006472643652,5168
1877,1774014006474684835,1774014006479588322,4903
1878,1774014006481836545,1774014006486770589,4934
1879,1774014006488749094,1774014006493171892,4422
1880,1774014006495538686,1774014006500853504,5314
1881,1774014006502894243,1774014006507464574,4570
1882,1774014006509332174,1774014006513749766,4417
1883,1774014006515578861,1774014006519812902,4234
1884,1774014006521797771,1774014006526717959,4920
1885,1774014006528657624,1774014006533651873,4994
1886,1774014006535711775,1774014006540282158,4570
1887,1774014006542028067,1774014006547077516,5049
1888,1774014006548922922,1774014006552975516,4052
1889,1774014006554790826,1774014006559681610,4890
1890,1774014006561478387,1774014006566670998,5192
1891,1774014006568534827,1774014006572364948,3830
1892,1774014006574329436,1774014006578918843,4589
1893,1774014006580699458,1774014006584968452,4268
1894,1774014006586898162,1774014006591158144,4259
1895,1774014006592954509,1774014006597616248,4661
1896,1774014006599543701,1774014006603668275,4124
1897,1774014006605490724,1774014006609824571,4333
1898,1774014006611871106,1774014006615876153,4005
1899,1774014006617777499,1774014006622248852,4471
1900,1774014006624229595,1774014006627972382,3742
1901,1774014006629757830,1774014006633918761,4160
1902,1774014006635914154,1774014006639853595,3939
1903,1774014006641678243,1774014006646279154,4600
1904,1774014006648245502,1774014006651956488,3710
1905,1774014006653704235,1774014006658277022,4572
1906,1774014006660292128,1774014006664884749,4592
1907,1774014006666843195,1774014006671767427,4924
1908,1774014006673554792,1774014006678266481,4711
1909,1774014006679874207,1774014006683857277,3983
1910,1774014006685544191,1774014006689224393,3680
1911,1774014006690781836,1774014006695460297,4678
1912,1774014006697078592,1774014006700571853,3493
1913,1774014006702048220,1774014006706908686,4860
1914,1774014006708847526,1774014006713077749,4230
1915,1774014006714760331,1774014006719619715,4859
1916,1774014006721459595,1774014006725674639,4215
1917,1774014006727506262,1774014006732247669,4741
1918,1774014006734060773,1774014006738605437,4544
1919,1774014006740429554,1774014006744687477,4257
1920,1774014006746494376,1774014006750929969,4435
1921,1774014006752866047,1774014006756736359,3870
1922,1774014006758541448,1774014006763331380,4789
1923,1774014006765347323,1774014006770568552,5221
1924,1774014006772749735,1774014006777682742,4933
1925,1774014006779726864,1774014006784723276,4996
1926,1774014006786868565,1774014006791691735,4823
1927,1774014006793802942,1774014006798348318,4545
1928,1774014006800243345,1774014006805416931,5173
1929,1774014006807441326,1774014006812316033,4874
1930,1774014006814240012,1774014006819131885,4891
1931,1774014006820928509,1774014006825082239,4153
1932,1774014006827034240,1774014006830944464,3910
1933,1774014006832767145,1774014006837942077,5174
1934,1774014006840077763,1774014006844088370,4010
1935,1774014006845922738,1774014006850799962,4877
1936,1774014006852760285,1774014006856930830,4170
1937,1774014006858701736,1774014006863742649,5040
1938,1774014006865723981,1774014006870760328,5036
1939,1774014006872747760,1774014006877619197,4871
1940,1774014006879498074,1774014006884413959,4915
1941,1774014006886339072,1774014006890908335,4569
1942,1774014006892951172,1774014006897257035,4305
1943,1774014006899140124,1774014006904417931,5277
1944,1774014006906498113,1774014006911416968,4918
1945,1774014006913283196,1774014006917946290,4663
1946,1774014006919876773,1774014006924913886,5037
1947,1774014006926707124,1774014006930980835,4273
1948,1774014006932777885,1774014006937589232,4811
1949,1774014006939509197,1774014006943965639,4456
1950,1774014006945835253,1774014006949956438,4121
1951,1774014006951841322,1774014006956595188,4753
1952,1774014006958628885,1774014006963043926,4415
1953,1774014006964915014,1774014006969153040,4238
1954,1774014006970948135,1774014006974940404,3992
1955,1774014006976797929,1774014006981011022,4213
1956,1774014006982571106,1774014006986264812,3693
1957,1774014006988258001,1774014006992370366,4112
1958,1774014006993950990,1774014006997585387,3634
1959,1774014006999141364,1774014007003562388,4421
1960,1774014007005304155,1774014007009176171,3872
1961,1774014007010974343,1774014007015876946,4902
1962,1774014007017679752,1774014007021651403,3971
1963,1774014007023500344,1774014007028296831,4796
1964,1774014007030314730,1774014007034503647,4188
1965,1774014007036344105,1774014007041137692,4793
1966,1774014007042996997,1774014007047395628,4398
1967,1774014007049154619,1774014007053668663,4514
1968,1774014007055434772,1774014007059577575,4142
1969,1774014007061489108,1774014007066177783,4688
1970,1774014007067970242,1774014007071937711,3967
1971,1774014007073806417,1774014007078460051,4653
1972,1774014007080135763,1774014007083998528,3862
1973,1774014007085948365,1774014007090019724,4071
1974,1774014007091776543,1774014007095761628,3985
1975,1774014007097629717,1774014007101750229,4120
1976,1774014007103531946,1774014007108276740,4744
1977,1774014007110103939,1774014007114406529,4302
1978,1774014007116240629,1774014007120110760,3870
1979,1774014007121768511,1774014007125714364,3945
1980,1774014007127553032,1774014007131326653,3773
1981,1774014007132737816,1774014007136342331,3604
1982,1774014007137998920,1774014007142531857,4532
1983,1774014007144371908,1774014007147926248,3554
1984,1774014007149604886,1774014007153826680,4221
1985,1774014007155598810,1774014007159785472,4186
1986,1774014007161627732,1774014007166109511,4481
1987,1774014007168068081,1774014007172052546,3984
1988,1774014007173844234,1774014007178564451,4720
1989,1774014007180565975,1774014007185343599,4777
1990,1774014007187234395,1774014007191542841,4308
1991,1774014007193208021,1774014007197362134,4154
1992,1774014007199157506,1774014007204214510,5057
1993,1774014007206218116,1774014007210418531,4200
1994,1774014007212391243,1774014007216782714,4391
1995,1774014007218768002,1774014007223236602,4468
1996,1774014007225241185,1774014007230275866,5034
1997,1774014007232242084,1774014007236813852,4571
1998,1774014007238884077,1774014007243142366,4258
1999,1774014007244995466,1774014007249357971,4362
2000,1774014007251058653,1774014007255605820,4547
2001,1774014007257338431,1774014007261813000,4474
2002,1774014007263506896,1774014007268031515,4524
2003,1774014007269697928,1774014007274491512,4793
2004,1774014007276284670,1774014007280527332,4242
2005,1774014007282153965,1774014007286415409,4261
2006,1774014007288329696,1774014007292441566,4111
2007,1774014007294352413,1774014007298767016,4414
2008,1774014007300678657,1774014007305544728,4866
2009,1774014007307412468,1774014007312269178,4856
2010,1774014007314192444,1774014007318412955,4220
2011,1774014007320309609,1774014007324932496,4622
2012,1774014007326876918,1774014007332055953,5179
2013,1774014007334180899,1774014007338424818,4243
2014,1774014007340536258,1774014007345908660,5372
2015,1774014007347886971,1774014007353404408,5517
2016,1774014007355316070,1774014007360044278,4728
2017,1774014007362004328,1774014007366665348,4661
2018,1774014007368570260,1774014007373046632,4476
2019,1774014007374915289,1774014007379027231,4111
2020,1774014007380877684,1774014007385908080,5030
2021,1774014007387552424,1774014007391924925,4372
2022,1774014007393870275,1774014007399144155,5273
2023,1774014007401090623,1774014007405334389,4243
2024,1774014007407107131,1774014007411294244,4187
2025,1774014007412845184,1774014007416472879,3627
2026,1774014007418161929,1774014007422176143,4014
2027,1774014007423998270,1774014007427858845,3860
2028,1774014007429694957,1774014007434481701,4786
2029,1774014007436452664,1774014007440661989,4209
2030,1774014007442454496,1774014007446299934,3845
2031,1774014007448206083,1774014007453121814,4915
2032,1774014007455000331,1774014007459976868,4976
2033,1774014007461947478,1774014007466038239,4090
2034,1774014007468297488,1774014007472354572,4057
2035,1774014007474181334,1774014007478665751,4484
2036,1774014007480537297,1774014007485760355,5223
2037,1774014007487706190,1774014007492625043,4918
2038,1774014007494710817,1774014007499179544,4468
2039,1774014007501169894,1774014007505635811,4465
2040,1774014007507470728,1774014007512212561,4741
2041,1774014007514042664,1774014007518354026,4311
2042,1774014007520191664,1774014007524890330,4698
2043,1774014007526725694,1774014007530990768,4265
2044,1774014007532795278,1774014007537633281,4838
2045,1774014007539642972,1774014007544795424,5152
2046,1774014007546668471,1774014007551744410,5075
2047,1774014007553629493,1774014007557590412,3960
2048,1774014007559421819,1774014007564214876,4793
2049,1774014007565907413,1774014007571070144,5162
2050,1774014007573177528,1774014007577497903,4320
2051,1774014007579364349,1774014007583874864,4510
2052,1774014007585902877,1774014007590113459,4210
2053,1774014007592051212,1774014007597109750,5058
2054,1774014007598951559,1774014007604045002,5093
2055,1774014007605961666,1774014007610580583,4618
2056,1774014007612558584,1774014007617809295,5250
2057,1774014007619712303,1774014007623735521,4023
2058,1774014007625533590,1774014007630080575,4546
2059,1774014007631941793,1774014007636865546,4923
2060,1774014007638753046,1774014007643440222,4687
2061,1774014007645281456,1774014007650718130,5436
2062,1774014007652814843,1774014007658562219,5747
2063,1774014007660619031,1774014007666082913,5463
2064,1774014007668221774,1774014007672921492,4699
2065,1774014007675226448,1774014007680893023,5666
2066,1774014007682794385,1774014007687959697,5165
2067,1774014007690173664,1774014007695053385,4879
2068,1774014007696994698,1774014007702022917,5028
2069,1774014007704130897,1774014007710627921,6497
2070,1774014007712764038,1774014007718524439,5760
2071,1774014007720585933,1774014007727081667,6495
2072,1774014007729215461,1774014007735140338,5924
2073,1774014007737759811,1774014007743475420,5715
2074,1774014007745852958,1774014007751898990,6046
2075,1774014007754223207,1774014007759597503,5374
2076,1774014007762099934,1774014007767179462,5079
2077,1774014007769412156,1774014007774658946,5246
2078,1774014007776883022,1774014007782112793,5229
2079,1774014007784426436,1774014007789703981,5277
2080,1774014007791763827,1774014007796611624,4847
2081,1774014007798725890,1774014007803588541,4862
2082,1774014007806027391,1774014007810917718,4890
2083,1774014007812968592,1774014007818064686,5096
2084,1774014007820330374,1774014007825120209,4789
2085,1774014007827074446,1774014007831293466,4219
2086,1774014007833245411,1774014007838611571,5366
2087,1774014007840537871,1774014007845586419,5048
2088,1774014007847681580,1774014007852011875,4330
2089,1774014007853859845,1774014007857903095,4043
2090,1774014007859663362,1774014007863936621,4273
2091,1774014007865790720,1774014007869986995,4196
2092,1774014007871874301,1774014007876122623,4248
2093,1774014007877842243,1774014007882523548,4681
2094,1774014007884537527,1774014007889436203,4898
2095,1774014007891373923,1774014007895885778,4511
2096,1774014007897839231,1774014007902753302,4914
2097,1774014007904725035,1774014007909829317,5104
2098,1774014007911840994,1774014007915974179,4133
2099,1774014007917809895,1774014007921946778,4136
2100,1774014007923972449,1774014007927832248,3859
2101,1774014007929909271,1774014007934051423,4142
2102,1774014007935973823,1774014007939969707,3995
2103,1774014007941795107,1774014007945985994,4190
2104,1774014007947942398,1774014007951940601,3998
2105,1774014007953989916,1774014007957945880,3955
2106,1774014007959810451,1774014007963787006,3976
2107,1774014007965771331,1774014007969574142,3802
2108,1774014007971493799,1774014007976257339,4763
2109,1774014007977967985,1774014007982732260,4764
2110,1774014007984573852,1774014007989502463,4928
2111,1774014007991336867,1774014007995102022,3765
2112,1774014007996693036,1774014008001013306,4320
2113,1774014008002751330,1774014008006511959,3760
2114,1774014008008256494,1774014008012944243,4687
2115,1774014008014739309,1774014008019557450,4818
2116,1774014008021382443,1774014008026199503,4817
2117,1774014008028070626,1774014008032239772,4169
2118,1774014008034159811,1774014008038538504,4378
2119,1774014008040538281,1774014008045089744,4551
2120,1774014008046866620,1774014008051207501,4340
2121,1774014008053529920,1774014008057853290,4323
2122,1774014008060541429,1774014008065992049,5450
2123,1774014008068163602,1774014008073973821,5810
2124,1774014008076333530,1774014008081249580,4916
2125,1774014008083215965,1774014008088154944,4938
2126,1774014008090104296,1774014008094132775,4028
2127,1774014008096420018,1774014008100950976,4530
2128,1774014008103119535,1774014008107267759,4148
2129,1774014008109165651,1774014008114441525,5275
2130,1774014008116092293,1774014008120795088,4702
2131,1774014008122409931,1774014008126220517,3810
2132,1774014008128211537,1774014008132381823,4170
2133,1774014008134374791,1774014008138880160,4505
2134,1774014008140823259,1774014008145981498,5158
2135,1774014008147909435,1774014008151997882,4088
2136,1774014008153878865,1774014008158527246,4648
2137,1774014008160556103,1774014008165209465,4653
2138,1774014008167141954,1774014008171585780,4443
2139,1774014008173786521,1774014008179145289,5358
2140,1774014008181215508,1774014008185965958,4750
2141,1774014008187881864,1774014008192910440,5028
2142,1774014008194916734,1774014008199807884,4891
2143,1774014008201883233,1774014008206780262,4897
2144,1774014008208941311,1774014008214066741,5125
2145,1774014008215970602,1774014008220386458,4415
2146,1774014008222686036,1774014008228074806,5388
2147,1774014008230072902,1774014008235347284,5274
2148,1774014008237540320,1774014008242347512,4807
2149,1774014008244125720,1774014008248081471,3955
2150,1774014008250290694,1774014008255054423,4763
2151,1774014008256864486,1774014008261477263,4612
2152,1774014008263129519,1774014008266878211,3748
2153,1774014008268211476,1774014008272235376,4023
2154,1774014008273966085,1774014008278930068,4963
2155,1774014008280753267,1774014008285200382,4447
2156,1774014008287137871,1774014008292337522,5199
2157,1774014008294208397,1774014008300159110,5950
2158,1774014008302235916,1774014008307053633,4817
2159,1774014008308823695,1774014008313960481,5136
2160,1774014008315875780,1774014008320846119,4970
2161,1774014008322729671,1774014008327715136,4985
2162,1774014008329719622,1774014008334827128,5107
2163,1774014008336711399,1774014008341494463,4783
2164,1774014008343412143,1774014008347581175,4169
2165,1774014008349628774,1774014008354962988,5334
2166,1774014008356949510,1774014008361435796,4486
2167,1774014008363420253,1774014008368536414,5116
2168,1774014008370527731,1774014008375787147,5259
2169,1774014008377653499,1774014008382170885,4517
2170,1774014008384009265,1774014008388227634,4218
2171,1774014008390096331,1774014008394497443,4401
2172,1774014008396398798,1774014008400757973,4359
2173,1774014008402669114,1774014008406520168,3851
2174,1774014008408097683,1774014008411947578,3849
2175,1774014008413575550,1774014008417989843,4414
2176,1774014008419652887,1774014008423495229,3842
2177,1774014008425438469,1774014008429331770,3893
2178,1774014008431159583,1774014008435345872,4186
2179,1774014008437191663,1774014008441612284,4420
2180,1774014008443802877,1774014008448155559,4352
2181,1774014008449997477,1774014008454850730,4853
2182,1774014008457040920,1774014008461725272,4684
2183,1774014008463866253,1774014008468297030,4430
2184,1774014008470224275,1774014008475024478,4800
2185,1774014008477260871,1774014008482122525,4861
2186,1774014008484117520,1774014008489303487,5185
2187,1774014008491417629,1774014008496509721,5092
2188,1774014008498489857,1774014008504178784,5688
2189,1774014008506290417,1774014008511040875,4750
2190,1774014008513505978,1774014008518663860,5157
2191,1774014008520898416,1774014008525690153,4791
2192,1774014008527637569,1774014008532065639,4428
2193,1774014008533992060,1774014008538572421,4580
2194,1774014008540541339,1774014008546114731,5573
2195,1774014008547957774,1774014008552152668,4194
2196,1774014008554273762,1774014008559050744,4776
2197,1774014008560756930,1774014008564919402,4162
2198,1774014008566396121,1774014008571106014,4709
2199,1774014008573235308,1774014008577170223,3934
2200,1774014008579174662,1774014008583325778,4151
2201,1774014008585526549,1774014008590118554,4592
2202,1774014008592134121,1774014008597230483,5096
2203,1774014008599244812,1774014008604245495,5000
2204,1774014008606333368,1774014008610865563,4532
2205,1774014008612926704,1774014008617717413,4790
2206,1774014008619870758,1774014008625524042,5653
2207,1774014008628092770,1774014008634357250,6264
2208,1774014008636536553,1774014008642213105,5676
2209,1774014008644474127,1774014008649722975,5248
2210,1774014008651916303,1774014008657983886,6067
2211,1774014008660054512,1774014008665260711,5206
2212,1774014008667278372,1774014008671987099,4708
2213,1774014008674504039,1774014008679489713,4985
2214,1774014008681700340,1774014008686915895,5215
2215,1774014008689418205,1774014008696146728,6728
2216,1774014008698923009,1774014008706631337,7708
2217,1774014008709641122,1774014008718621976,8980
2218,1774014008722195490,1774014008731329092,9133
2219,1774014008734102913,1774014008741083944,6981
2220,1774014008745156491,1774014008756027678,10871
2221,1774014008760386877,1774014008767748708,7361
2222,1774014008771391617,1774014008779759795,8368
2223,1774014008783099199,1774014008790318758,7219
2224,1774014008793421148,1774014008799821939,6400
2225,1774014008802683551,1774014008809417891,6734
2226,1774014008812048843,1774014008819176257,7127
2227,1774014008821846202,1774014008827290970,5444
2228,1774014008829940681,1774014008835535167,5594
2229,1774014008838109964,1774014008844246471,6136
2230,1774014008846845824,1774014008851838040,4992
2231,1774014008854052495,1774014008859052814,5000
2232,1774014008861137319,1774014008866737439,5600
2233,1774014008868978675,1774014008873655493,4676
2234,1774014008875608709,1774014008880292022,4683
2235,1774014008882457399,1774014008887119455,4662
2236,1774014008889161828,1774014008894169284,5007
2237,1774014008896237926,1774014008901081528,4843
2238,1774014008903262378,1774014008907577480,4315
2239,1774014008909283564,1774014008914146362,4862
2240,1774014008916121331,1774014008920951100,4829
2241,1774014008922600119,1774014008927179729,4579
2242,1774014008929078701,1774014008934080260,5001
2243,1774014008936234489,1774014008940586817,4352
2244,1774014008942561222,1774014008947421835,4860
2245,1774014008949520755,1774014008955034120,5513
2246,1774014008956980807,1774014008962272727,5291
2247,1774014008964215115,1774014008969437404,5222
2248,1774014008971623143,1774014008976868099,5244
2249,1774014008978961713,1774014008983626796,4665
2250,1774014008985774993,1774014008990626857,4851
2251,1774014008992630644,1774014008997851278,5220
2252,1774014008999997207,1774014009004746563,4749
2253,1774014009006805956,1774014009011628918,4822
2254,1774014009013499186,1774014009018310711,4811
2255,1774014009020405866,1774014009025510516,5104
2256,1774014009027071244,1774014009031871236,4799
2257,1774014009033554086,1774014009038724384,5170
2258,1774014009040617953,1774014009044970819,4352
2259,1774014009046942765,1774014009051542015,4599
2260,1774014009053247949,1774014009058484838,5236
2261,1774014009060500405,1774014009065256653,4756
2262,1774014009066860835,1774014009071261786,4400
2263,1774014009073160140,1774014009077982567,4822
2264,1774014009080075495,1774014009085614027,5538
2265,1774014009087754053,1774014009093690752,5936
2266,1774014009096034418,1774014009101467164,5432
2267,1774014009103890208,1774014009109778041,5887
2268,1774014009111986702,1774014009117120178,5133
2269,1774014009119351523,1774014009124139469,4787
2270,1774014009126177440,1774014009130691111,4513
2271,1774014009132888750,1774014009137573858,4685
2272,1774014009139743186,1774014009144215676,4472
2273,1774014009146310767,1774014009151292857,4982
2274,1774014009153162396,1774014009158075679,4913
2275,1774014009160113319,1774014009164896943,4783
2276,1774014009166873372,1774014009171410976,4537
2277,1774014009173446111,1774014009178576138,5130
2278,1774014009180728956,1774014009185903259,5174
2279,1774014009187893714,1774014009192978395,5084
2280,1774014009195014284,1774014009200111219,5096
2281,1774014009202101582,1774014009206825241,4723
2282,1774014009208772586,1774014009213116828,4344
2283,1774014009214987393,1774014009220381865,5394
2284,1774014009222495151,1774014009227051878,4556
2285,1774014009228977476,1774014009233859440,4881
2286,1774014009235973347,1774014009240986345,5012
2287,1774014009242995912,1774014009247353212,4357
2288,1774014009249456903,1774014009254120445,4663
2289,1774014009256218075,1774014009261409469,5191
2290,1774014009263551298,1774014009268206390,4655
2291,1774014009270260451,1774014009274759810,4499
2292,1774014009276965691,1774014009282054974,5089
2293,1774014009283918031,1774014009288090330,4172
2294,1774014009290166510,1774014009295073960,4907
2295,1774014009297122105,1774014009302186325,5064
2296,1774014009304182798,1774014009309052091,4869
2297,1774014009311209419,1774014009315258596,4049
2298,1774014009316992295,1774014009321847636,4855
2299,1774014009323874079,1774014009328456546,4582
2300,1774014009330239179,1774014009333975638,3736
2301,1774014009335856391,1774014009340603943,4747
2302,1774014009342353330,1774014009346883515,4530
2303,1774014009348573595,1774014009352876909,4303
2304,1774014009354787732,1774014009358301628,3513
2305,1774014009360018819,1774014009363785715,3766
2306,1774014009365571109,1774014009369812753,4241
2307,1774014009371607502,1774014009376385914,4778
2308,1774014009378505736,1774014009383742748,5237
2309,1774014009385845987,1774014009390687553,4841
2310,1774014009392617185,1774014009396779855,4162
2311,1774014009398750572,1774014009403862891,5112
2312,1774014009405755964,1774014009410699353,4943
2313,1774014009412584066,1774014009417022474,4438
2314,1774014009418832467,1774014009423365336,4532
2315,1774014009425297213,1774014009429464343,4167
2316,1774014009431258568,1774014009436001096,4742
2317,1774014009437834149,1774014009442350211,4516
2318,1774014009444112240,1774014009448950185,4837
2319,1774014009450819273,1774014009455234584,4415
2320,1774014009457085952,1774014009461716807,4630
2321,1774014009463340400,1774014009466894512,3554
2322,1774014009468247740,1774014009472345712,4097
2323,1774014009474084521,1774014009477814910,3730
2324,1774014009479396522,1774014009483208101,3811
2325,1774014009485128628,1774014009489276702,4148
2326,1774014009490753075,1774014009495669705,4916
2327,1774014009497407539,1774014009501926063,4518
2328,1774014009503801049,1774014009508639169,4838
2329,1774014009510419322,1774014009515207469,4788
2330,1774014009517150564,1774014009522176796,5026
2331,1774014009523988260,1774014009528832862,4844
2332,1774014009530801129,1774014009535855739,5054
2333,1774014009537995548,1774014009542843149,4847
2334,1774014009544624267,1774014009549732257,5107
2335,1774014009551780111,1774014009557013053,5232
2336,1774014009558894598,1774014009563537093,4642
2337,1774014009565480003,1774014009569845455,4365
2338,1774014009571608586,1774014009576007845,4399
2339,1774014009577818997,1774014009582334660,4515
2340,1774014009584354197,1774014009588711883,4357
2341,1774014009590443998,1774014009594789826,4345
2342,1774014009596419949,1774014009600989834,4569
2343,1774014009602626007,1774014009607024933,4398
2344,1774014009608871731,1774014009613365974,4494
2345,1774014009615089886,1774014009618978830,3888
2346,1774014009620308351,1774014009624585504,4277
2347,1774014009626432271,1774014009631024694,4592
2348,1774014009632801134,1774014009636756936,3955
2349,1774014009638490260,1774014009642713793,4223
2350,1774014009644515598,1774014009648772740,4257
2351,1774014009650780059,1774014009654890409,4110
2352,1774014009656846589,1774014009661861066,5014
2353,1774014009663958031,1774014009668797828,4839
2354,1774014009670847859,1774014009675840668,4992
2355,1774014009677834390,1774014009682009831,4175
2356,1774014009683998812,1774014009688656830,4658
2357,1774014009690608964,1774014009694932069,4323
2358,1774014009696973070,1774014009702309701,5336
2359,1774014009704266599,1774014009708909548,4642
2360,1774014009710841988,1774014009715478194,4636
2361,1774014009717259337,1774014009721496645,4237
2362,1774014009723408840,1774014009728116879,4708
2363,1774014009730045647,1774014009734184789,4139
2364,1774014009736264627,1774014009740256020,3991
2365,1774014009742286704,1774014009746634318,4347
2366,1774014009748535215,1774014009753779356,5244
2367,1774014009755838844,1774014009760494123,4655
2368,1774014009761972761,1774014009765917542,3944
2369,1774014009768014705,1774014009772562232,4547
2370,1774014009774416673,1774014009778190082,3773
2371,1774014009779943845,1774014009784577302,4633
2372,1774014009786469706,1774014009790415159,3945
2373,1774014009792400836,1774014009797563796,5162
2374,1774014009799608382,1774014009804618384,5010
2375,1774014009806792831,1774014009811951764,5158
2376,1774014009813858280,1774014009818538723,4680
2377,1774014009820559011,1774014009825523595,4964
2378,1774014009827422695,1774014009831770240,4347
2379,1774014009833874403,1774014009838635667,4761
2380,1774014009840417676,1774014009844623984,4206
2381,1774014009846607045,1774014009851617809,5010
2382,1774014009853522008,1774014009858192574,4670
2383,1774014009860416399,1774014009865346325,4929
2384,1774014009867235781,1774014009871883947,4648
2385,1774014009873688778,1774014009878303347,4614
2386,1774014009880241002,1774014009884011659,3770
2387,1774014009885554827,1774014009889120950,3566
2388,1774014009890822990,1774014009894812943,3989
2389,1774014009896610736,1774014009900797595,4186
2390,1774014009902173684,1774014009906041985,3868
2391,1774014009907841655,1774014009911951964,4110
2392,1774014009913571755,1774014009917917181,4345
2393,1774014009919760253,1774014009923902467,4142
2394,1774014009925338250,1774014009930231033,4892
2395,1774014009931879130,1774014009936557402,4678
2396,1774014009938565896,1774014009943595805,5029
2397,1774014009945686025,1774014009950686734,5000
2398,1774014009952604303,1774014009957141800,4537
2399,1774014009958965630,1774014009963594230,4628
2400,1774014009965383706,1774014009969658660,4274
2401,1774014009972408665,1774014009977232813,4824
2402,1774014009979078846,1774014009983412587,4333
2403,1774014009985262451,1774014009989951146,4688
2404,1774014009991877337,1774014009996637751,4760
2405,1774014009998510210,1774014010002964543,4454
2406,1774014010004922416,1774014010009051829,4129
2407,1774014010010831368,1774014010015797234,4965
2408,1774014010017887901,1774014010022568336,4680
2409,1774014010024480953,1774014010028974402,4493
2410,1774014010030604108,1774014010034534531,3930
2411,1774014010036296223,1774014010041350606,5054
2412,1774014010042914681,1774014010046981720,4067
2413,1774014010049034630,1774014010053412534,4377
2414,1774014010055521578,1774014010059408889,3887
2415,1774014010061388143,1774014010065489485,4101
2416,1774014010067326889,1774014010071337616,4010
2417,1774014010073213038,1774014010078213398,5000
2418,1774014010080163405,1774014010085844476,5681
2419,1774014010087915377,1774014010092346645,4431
2420,1774014010094387082,1774014010098558425,4171
2421,1774014010100593368,1774014010105993216,5399
2422,1774014010107963248,1774014010112523549,4560
2423,1774014010114511046,1774014010120027860,5516
2424,1774014010122238256,1774014010126703998,4465
2425,1774014010128652606,1774014010133752358,5099
2426,1774014010136742009,1774014010142688394,5946
2427,1774014010144979942,1774014010149566544,4586
2428,1774014010151584973,1774014010157218386,5633
2429,1774014010159524573,1774014010164863649,5339
2430,1774014010167438728,1774014010172120178,4681
2431,1774014010174571656,1774014010180341245,5769
2432,1774014010182111343,1774014010186608752,4497
2433,1774014010188566435,1774014010193699241,5132
2434,1774014010195594140,1774014010200171282,4577
2435,1774014010202329625,1774014010207461601,5131
2436,1774014010209570883,1774014010215009785,5438
2437,1774014010217108200,1774014010222251841,5143
2438,1774014010224750515,1774014010230735297,5984
2439,1774014010232936012,1774014010238022095,5086
2440,1774014010240424387,1774014010245638575,5214
2441,1774014010248035584,1774014010253367614,5332
2442,1774014010255774944,1774014010260673470,4898
2443,1774014010262965624,1774014010268789558,5823
2444,1774014010270921023,1774014010276805309,5884
2445,1774014010279124144,1774014010283857309,4733
2446,1774014010286019757,1774014010290823766,4804
2447,1774014010292917490,1774014010297702250,4784
2448,1774014010300273242,1774014010305280142,5006
2449,1774014010307232168,1774014010312422104,5189
2450,1774014010314416099,1774014010318825504,4409
2451,1774014010320702285,1774014010325550895,4848
2452,1774014010327413407,1774014010332474767,5061
2453,1774014010334599313,1774014010338847749,4248
2454,1774014010340671074,1774014010344883599,4212
2455,1774014010346816648,1774014010351781689,4965
2456,1774014010353516177,1774014010357556120,4039
2457,1774014010359373188,1774014010363701036,4327
2458,1774014010365487950,1774014010369745753,4257
2459,1774014010371592919,1774014010375978677,4385
2460,1774014010377894189,1774014010382095545,4201
2461,1774014010383987704,1774014010388421430,4433
2462,1774014010390667890,1774014010395663503,4995
2463,1774014010397872297,1774014010402628270,4755
2464,1774014010404847823,1774014010409485228,4637
2465,1774014010411625352,1774014010416369400,4744
2466,1774014010418341245,1774014010423409459,5068
2467,1774014010425445611,1774014010430206679,4761
2468,1774014010432697001,1774014010437290255,4593
2469,1774014010439331805,1774014010444470855,5139
2470,1774014010446662549,1774014010452165865,5503
2471,1774014010454238413,1774014010459354666,5116
2472,1774014010461376859,1774014010465873969,4497
2473,1774014010467485961,1774014010471352046,3866
2474,1774014010473056906,1774014010477455672,4398
2475,1774014010479621948,1774014010483883911,4261
2476,1774014010486009573,1774014010491620940,5611
2477,1774014010493720178,1774014010497902100,4181
2478,1774014010499602466,1774014010504209962,4607
2479,1774014010506013011,1774014010510721635,4708
2480,1774014010512771016,1774014010517621444,4850
2481,1774014010519805714,1774014010525108240,5302
2482,1774014010527404587,1774014010532699062,5294
2483,1774014010534850205,1774014010540653869,5803
2484,1774014010543255287,1774014010548321334,5066
2485,1774014010550567020,1774014010556642692,6075
2486,1774014010558840843,1774014010564467640,5626
2487,1774014010567038446,1774014010572954029,5915
2488,1774014010575052906,1774014010580099300,5046
2489,1774014010582366140,1774014010588101407,5735
2490,1774014010590548047,1774014010596270496,5722
2491,1774014010598373439,1774014010603442339,5068
2492,1774014010606067230,1774014010611590483,5523
2493,1774014010613303054,1774014010617620738,4317
2494,1774014010620446642,1774014010625778120,5331
2495,1774014010627456478,1774014010631723910,4267
2496,1774014010633980722,1774014010639420172,5439
2497,1774014010641308245,1774014010645691477,4383
2498,1774014010647747898,1774014010652317687,4569
2499,1774014010654357146,1774014010659709936,5352
2500,1774014010661904651,1774014010666729820,4825
2501,1774014010669092169,1774014010673961182,4869
2502,1774014010676522948,1774014010681853636,5330
2503,1774014010683995415,1774014010689983781,5988
2504,1774014010692067557,1774014010697507725,5440
2505,1774014010699608558,1774014010705206352,5597
2506,1774014010707312622,1774014010712607823,5295
2507,1774014010714926501,1774014010719902431,4975
2508,1774014010722029573,1774014010726994477,4964
2509,1774014010729090174,1774014010733501567,4411
2510,1774014010735480588,1774014010739927901,4447
2511,1774014010741850768,1774014010746702091,4851
2512,1774014010748630092,1774014010753132381,4502
2513,1774014010755036043,1774014010759919009,4882
2514,1774014010762017411,1774014010766588320,4570
2515,1774014010768616999,1774014010773772080,5155
2516,1774014010775430401,1774014010780723965,5293
2517,1774014010782277400,1774014010787517271,5239
2518,1774014010789160223,1774014010793925897,4765
2519,1774014010795662208,1774014010799973538,4311
2520,1774014010801955466,1774014010807401710,5446
2521,1774014010809268363,1774014010814379268,5110
2522,1774014010816610716,1774014010821155136,4544
2523,1774014010823160397,1774014010828113274,4952
2524,1774014010830105006,1774014010834718879,4613
2525,1774014010836921087,1774014010842333501,5412
2526,1774014010844340695,1774014010848547845,4207
2527,1774014010850698567,1774014010855253637,4555
2528,1774014010857480848,1774014010863074411,5593
2529,1774014010865316972,1774014010869902821,4585
2530,1774014010871849673,1774014010876468789,4619
2531,1774014010878618688,1774014010882778302,4159
2532,1774014010884862821,1774014010889117546,4254
2533,1774014010891249733,1774014010895336445,4086
2534,1774014010897215326,1774014010901362937,4147
2535,1774014010903062574,1774014010907765720,4703
2536,1774014010909527246,1774014010914251398,4724
2537,1774014010915998147,1774014010920623964,4625
2538,1774014010922183518,1774014010927328225,5144
2539,1774014010929007794,1774014010934122748,5114
2540,1774014010935840269,1774014010940522725,4682
2541,1774014010942423696,1774014010946626267,4202
2542,1774014010948412770,1774014010952268814,3856
2543,1774014010954022624,1774014010957997531,3974
2544,1774014010959824993,1774014010964749838,4924
2545,1774014010966727332,1774014010971485366,4758
2546,1774014010973337436,1774014010977594893,4257
2547,1774014010979349120,1774014010984212505,4863
2548,1774014010986172390,1774014010990171290,3998
2549,1774014010992058745,1774014010996055577,3996
2550,1774014010997922141,1774014011002228669,4306
2551,1774014011004298631,1774014011009188685,4890
2552,1774014011010941442,1774014011015459753,4518
2553,1774014011017315312,1774014011021867091,4551
2554,1774014011023798378,1774014011027798312,3999
2555,1774014011029730398,1774014011034409482,4679
2556,1774014011036131068,1774014011040033393,3902
2557,1774014011041873304,1774014011045829142,3955
2558,1774014011047768109,1774014011052144542,4376
2559,1774014011053930744,1774014011057606757,3676
2560,1774014011059296514,1774014011062969112,3672
2561,1774014011064559457,1774014011068572611,4013
2562,1774014011070185793,1774014011074479487,4293
2563,1774014011075926958,1774014011079950762,4023
2564,1774014011081798832,1774014011085769483,3970
2565,1774014011087531963,1774014011091197766,3665
2566,1774014011092924263,1774014011097446844,4522
2567,1774014011099277355,1774014011102991826,3714
2568,1774014011104840758,1774014011109173104,4332
2569,1774014011110839447,1774014011114831593,3992
2570,1774014011116677944,1774014011120672318,3994
2571,1774014011122287608,1774014011126284506,3996
2572,1774014011128166585,1774014011132313594,4147
2573,1774014011134106159,1774014011138275489,4169
2574,1774014011140237837,1774014011144254931,4017
2575,1774014011146037649,1774014011150301587,4263
2576,1774014011152053455,1774014011155953937,3900
2577,1774014011157787708,1774014011161787413,3999
2578,1774014011163951130,1774014011168065933,4114
2579,1774014011169897204,1774014011174520123,4622
2580,1774014011176212540,1774014011180606674,4394
2581,1774014011182511512,1774014011187397763,4886
2582,1774014011189140210,1774014011193875788,4735
2583,1774014011195669481,1774014011200287307,4617
2584,1774014011202095473,1774014011206195955,4100
2585,1774014011208118483,1774014011212049588,3931
2586,1774014011213819740,1774014011218560893,4741
2587,1774014011220357106,1774014011224675641,4318
2588,1774014011226238496,1774014011230083321,3844
2589,1774014011231949761,1774014011236518228,4568
2590,1774014011238363323,1774014011242206205,3842
2591,1774014011244069003,1774014011248455813,4386
2592,1774014011250427822,1774014011254305609,3877
2593,1774014011256139925,1774014011260583417,4443
2594,1774014011262526232,1774014011266779508,4253
2595,1774014011268907133,1774014011273197417,4290
2596,1774014011275085997,1774014011279516674,4430
2597,1774014011281579103,1774014011286474469,4895
2598,1774014011288359831,1774014011293068687,4708
2599,1774014011295060347,1774014011299707153,4646
2600,1774014011301604323,1774014011306442935,4838
2601,1774014011308263638,1774014011312876571,4612
2602,1774014011314801859,1774014011319389429,4587
2603,1774014011321200501,1774014011325585681,4385
2604,1774014011327436310,1774014011331901319,4465
2605,1774014011333507118,1774014011337172496,3665
2606,1774014011339017007,1774014011342891675,3874
2607,1774014011344606201,1774014011348936272,4330
2608,1774014011350653810,1774014011354570775,3916
2609,1774014011356161452,1774014011360884751,4723
2610,1774014011362595664,1774014011366879610,4283
2611,1774014011368494823,1774014011372711778,4216
2612,1774014011374480314,1774014011378005705,3525
2613,1774014011379894730,1774014011384589046,4694
2614,1774014011386467086,1774014011390014276,3547
2615,1774014011391891604,1774014011396619932,4728
2616,1774014011398559878,1774014011403078373,4518
2617,1774014011404989260,1774014011409199608,4210
2618,1774014011410907000,1774014011415162924,4255
2619,1774014011416981427,1774014011421489797,4508
2620,1774014011423426655,1774014011427923152,4496
2621,1774014011429722048,1774014011434172332,4450
2622,1774014011435918526,1774014011440352285,4433
2623,1774014011441972243,1774014011446373388,4401
2624,1774014011448429202,1774014011452737248,4308
2625,1774014011454486128,1774014011458620282,4134
2626,1774014011460623453,1774014011464921530,4298
2627,1774014011466738883,1774014011471128074,4389
2628,1774014011472804350,1774014011477230270,4425
2629,1774014011478912913,1774014011483175314,4262
2630,1774014011484920741,1774014011488940916,4020
2631,1774014011490592878,1774014011494854740,4261
2632,1774014011496333821,1774014011500509825,4176
2633,1774014011502050718,1774014011505589973,3539
2634,1774014011507214386,1774014011511468849,4254
2635,1774014011513211651,1774014011516676232,3464
2636,1774014011518327483,1774014011522900509,4573
2637,1774014011524622030,1774014011528872386,4250
2638,1774014011530757906,1774014011535097145,4339
2639,1774014011536950045,1774014011541062650,4112
2640,1774014011542719632,1774014011547230505,4510
2641,1774014011548891713,1774014011552925137,4033
2642,1774014011554838859,1774014011559447188,4608
2643,1774014011561104883,1774014011565050084,3945
2644,1774014011566873862,1774014011571582878,4709
2645,1774014011573323603,1774014011576888025,3564
2646,1774014011578641908,1774014011582846445,4204
2647,1774014011584686379,1774014011589127305,4440
2648,1774014011590901783,1774014011595046244,4144
2649,1774014011596871607,1774014011600980024,4108
2650,1774014011602606194,1774014011606785778,4179
2651,1774014011608407911,1774014011611643117,3235
2652,1774014011613269046,1774014011617481867,4212
2653,1774014011619016270,1774014011622269692,3253
2654,1774014011623698995,1774014011627838509,4139
2655,1774014011629337962,1774014011632548801,3210
2656,1774014011634184393,1774014011637733936,3549
2657,1774014011639296070,1774014011643135852,3839
2658,1774014011644733553,1774014011648823367,4089
2659,1774014011650542393,1774014011654888076,4345
2660,1774014011656609842,1774014011660667015,4057
2661,1774014011662407434,1774014011666794287,4386
2662,1774014011668441578,1774014011672144044,3702
2663,1774014011673833147,1774014011678179287,4346
2664,1774014011679842378,1774014011683879730,4037
2665,1774014011685622097,1774014011689396740,3774
2666,1774014011690999865,1774014011695155324,4155
2667,1774014011696755540,1774014011701173978,4418
2668,1774014011702984140,1774014011707711731,4727
2669,1774014011709658958,1774014011714386793,4727
2670,1774014011716111555,1774014011720500388,4388
2671,1774014011722320559,1774014011726196130,3875
2672,1774014011727905427,1774014011732415422,4509
2673,1774014011734122994,1774014011738012110,3889
2674,1774014011739827469,1774014011744095147,4267
2675,1774014011745771249,1774014011749758990,3987
2676,1774014011751447232,1774014011755086602,3639
2677,1774014011756723960,1774014011761015563,4291
2678,1774014011762602089,1774014011767081377,4479
2679,1774014011768795042,1774014011772563254,3768
2680,1774014011774262242,1774014011777817426,3555
2681,1774014011779446971,1774014011783620901,4173
2682,1774014011785192269,1774014011788636185,3443
2683,1774014011790280011,1774014011794229937,3949
2684,1774014011795887267,1774014011799879293,3992
2685,1774014011801609538,1774014011806228715,4619
2686,1774014011807913893,1774014011812182269,4268
2687,1774014011813924859,1774014011818822804,4897
2688,1774014011820583091,1774014011824530802,3947
2689,1774014011826225057,1774014011830981561,4756
2690,1774014011832876533,1774014011836564465,3687
2691,1774014011838494957,1774014011842414100,3919
2692,1774014011844222471,1774014011848441838,4219
2693,1774014011850089794,1774014011854733970,4644
2694,1774014011856537839,1774014011861008222,4470
2695,1774014011862803790,1774014011867912771,5108
2696,1774014011870064846,1774014011874578165,4513
2697,1774014011876395827,1774014011881135896,4740
2698,1774014011882948883,1774014011886685331,3736
2699,1774014011888378009,1774014011892206640,3828
2700,1774014011893771760,1774014011898577341,4805
2701,1774014011900107815,1774014011905337664,5229
2702,1774014011907005132,1774014011912042256,5037
2703,1774014011913580838,1774014011918160561,4579
2704,1774014011920157595,1774014011925169105,5011
2705,1774014011927140893,1774014011932259694,5118
2706,1774014011934285945,1774014011938883362,4597
2707,1774014011941054011,1774014011946017893,4963
2708,1774014011947951150,1774014011953562759,5611
2709,1774014011955638823,1774014011959998454,4359
2710,1774014011962053791,1774014011967467875,5414
2711,1774014011969515257,1774014011974994162,5478
2712,1774014011977133287,1774014011982517350,5384
2713,1774014011984629834,1774014011989426131,4796
2714,1774014011991459894,1774014011996576742,5116
2715,1774014011998724416,1774014012004483420,5759
2716,1774014012006629585,1774014012011665207,5035
2717,1774014012013616785,1774014012019068573,5451
2718,1774014012021280970,1774014012026935630,5654
2719,1774014012028936317,1774014012033867717,4931
2720,1774014012035700320,1774014012039839629,4139
2721,1774014012041621096,1774014012046171642,4550
2722,1774014012048138836,1774014012053765224,5626
2723,1774014012056057104,1774014012060533403,4476
2724,1774014012062590181,1774014012067225984,4635
2725,1774014012069220968,1774014012074259365,5038
2726,1774014012076332338,1774014012081950546,5618
2727,1774014012084047785,1774014012089282417,5234
2728,1774014012091599601,1774014012096552612,4953
2729,1774014012098865071,1774014012104046871,5181
2730,1774014012106163821,1774014012111314359,5150
2731,1774014012113589389,1774014012118000508,4411
2732,1774014012120219374,1774014012124532497,4313
2733,1774014012126621499,1774014012131322932,4701
2734,1774014012133205077,1774014012138156542,4951
2735,1774014012140226035,1774014012144324864,4098
2736,1774014012146287707,1774014012151300707,5013
2737,1774014012153021221,1774014012158014801,4993
2738,1774014012160032363,1774014012164124496,4092
2739,1774014012166060560,1774014012170760706,4700
2740,1774014012172725620,1774014012176588537,3862
2741,1774014012178268263,1774014012182875242,4606
2742,1774014012184580591,1774014012189700385,5119
2743,1774014012191444337,1774014012195399573,3955
2744,1774014012197335970,1774014012201075964,3739
2745,1774014012202750194,1774014012206734001,3983
2746,1774014012208351723,1774014012212523418,4171
2747,1774014012214308312,1774014012218598769,4290
2748,1774014012220398081,1774014012224509298,4111
2749,1774014012226328124,1774014012231174065,4845
2750,1774014012233039574,1774014012236907554,3867
2751,1774014012238792883,1774014012243296081,4503
2752,1774014012245099049,1774014012249774307,4675
2753,1774014012251628042,1774014012256337043,4709
2754,1774014012258206459,1774014012262246192,4039
2755,1774014012264130644,1774014012268574930,4444
2756,1774014012270525650,1774014012275386305,4860
2757,1774014012277084136,1774014012281299607,4215
2758,1774014012283154553,1774014012287432916,4278
2759,1774014012289204154,1774014012293436495,4232
2760,1774014012295195869,1774014012299446984,4251
2761,1774014012301359482,1774014012305378103,4018
2762,1774014012307397373,1774014012311913685,4516
2763,1774014012313955282,1774014012318994009,5038
2764,1774014012320869538,1774014012325092089,4222
2765,1774014012327107400,1774014012330836091,3728
2766,1774014012332217591,1774014012336627059,4409
2767,1774014012338330836,1774014012342381559,4050
2768,1774014012344401249,1774014012349163402,4762
2769,1774014012350973704,1774014012355160991,4187
2770,1774014012356679878,1774014012361873461,5193
2771,1774014012364073599,1774014012369636436,5562
2772,1774014012371581283,1774014012376698936,5117
2773,1774014012378713134,1774014012383751252,5038
2774,1774014012385849929,1774014012390493956,4644
2775,1774014012392728339,1774014012397949592,5221
2776,1774014012399871898,1774014012404991529,5119
2777,1774014012406898848,1774014012411640678,4741
2778,1774014012413831187,1774014012419108957,5277
2779,1774014012421180748,1774014012425153294,3972
2780,1774014012427312407,1774014012432454111,5141
2781,1774014012434597871,1774014012439687595,5089
2782,1774014012441884922,1774014012447078027,5193
2783,1774014012448986687,1774014012454050349,5063
2784,1774014012455920786,1774014012460194670,4273
2785,1774014012461892446,1774014012466331924,4439
2786,1774014012468111333,1774014012471891261,3779
2787,1774014012473453378,1774014012476921371,3467
2788,1774014012478467631,1774014012483187089,4719
2789,1774014012485144806,1774014012489571498,4426
2790,1774014012491265291,1774014012494990330,3725
2791,1774014012496536385,1774014012500895831,4359
2792,1774014012502853742,1774014012506986389,4132
2793,1774014012508826943,1774014012512996672,4169
2794,1774014012514932587,1774014012519399339,4466
2795,1774014012521329789,1774014012526468936,5139
2796,1774014012528429910,1774014012532620357,4190
2797,1774014012534524907,1774014012539583836,5058
2798,1774014012541566045,1774014012546502297,4936
2799,1774014012548446015,1774014012552899443,4453
2800,1774014012554862275,1774014012559966649,5104
2801,1774014012561858893,1774014012566786463,4927
2802,1774014012568743916,1774014012573699747,4955
2803,1774014012575549971,1774014012580057257,4507
2804,1774014012581983036,1774014012586776946,4793
2805,1774014012588765162,1774014012593800968,5035
2806,1774014012595839409,1774014012600844971,5005
2807,1774014012602871478,1774014012608233959,5362
2808,1774014012610245556,1774014012614322240,4076
2809,1774014012616067187,1774014012621086573,5019
2810,1774014012622909344,1774014012627618262,4708
2811,1774014012629368852,1774014012633646973,4278
2812,1774014012635545536,1774014012639880704,4335
2813,1774014012641947421,1774014012646234186,4286
2814,1774014012648043674,1774014012653298295,5254
2815,1774014012655199225,1774014012659798879,4599
2816,1774014012661934607,1774014012666712368,4777
2817,1774014012668965170,1774014012673946546,4981
2818,1774014012675903585,1774014012681000255,5096
2819,1774014012683178243,1774014012687999267,4821
2820,1774014012694318970,1774014012698830630,4511
2821,1774014012700721257,1774014012706215192,5493
2822,1774014012708258413,1774014012713197073,4938
2823,1774014012715332187,1774014012719499121,4166
2824,1774014012721380482,1774014012725836575,4456
2825,1774014012727807882,1774014012733001281,5193
2826,1774014012734986964,1774014012739165203,4178
2827,1774014012741218639,1774014012746175682,4957
2828,1774014012748161363,1774014012752263163,4101
2829,1774014012754129639,1774014012757747628,3617
2830,1774014012759594091,1774014012763573452,3979
2831,1774014012765524761,1774014012769611558,4086
2832,1774014012771515981,1774014012775979714,4463
2833,1774014012777613927,1774014012782497360,4883
2834,1774014012784558764,1774014012789366340,4807
2835,1774014012791152685,1774014012795271737,4119
2836,1774014012797156810,1774014012801388028,4231
2837,1774014012803372684,1774014012807307473,3934
2838,1774014012808991270,1774014012813020540,4029
2839,1774014012815132669,1774014012820546460,5413
2840,1774014012822562406,1774014012826668746,4106
2841,1774014012828226624,1774014012833675647,5449
2842,1774014012835739571,1774014012840735661,4996
2843,1774014012842543031,1774014012848124302,5581
2844,1774014012850105128,1774014012854151029,4045
2845,1774014012856110343,1774014012861437049,5326
2846,1774014012863599414,1774014012868690387,5090
2847,1774014012870894691,1774014012875522939,4628
2848,1774014012877659243,1774014012881993015,4333
2849,1774014012884018107,1774014012889347310,5329
2850,1774014012891476204,1774014012896015605,4539
2851,1774014012898008352,1774014012902546430,4538
2852,1774014012904363632,1774014012908626395,4262
2853,1774014012910812690,1774014012915704627,4891
2854,1774014012917779333,1774014012922393249,4613
2855,1774014012924303614,1774014012929691407,5387
2856,1774014012931821497,1774014012936639628,4818
2857,1774014012938654610,1774014012944025599,5370
2858,1774014012946061815,1774014012951102601,5040
2859,1774014012953150955,1774014012957736644,4585
2860,1774014012959748852,1774014012964582708,4833
2861,1774014012966651014,1774014012971102120,4451
2862,1774014012973061396,1774014012978075915,5014
2863,1774014012979976468,1774014012984700896,4724
2864,1774014012986815636,1774014012991378027,4562
2865,1774014012993246608,1774014012998389312,5142
2866,1774014013000323318,1774014013005081617,4758
2867,1774014013006883897,1774014013011299416,4415
2868,1774014013013102787,1774014013017190937,4088
2869,1774014013019196478,1774014013023528830,4332
2870,1774014013025375387,1774014013029634768,4259
2871,1774014013031894988,1774014013035987133,4092
2872,1774014013037957800,1774014013042681087,4723
2873,1774014013044501518,1774014013049393360,4891
2874,1774014013051228043,1774014013054816379,3588
2875,1774014013056605949,1774014013061404882,4798
2876,1774014013063240061,1774014013066989224,3749
2877,1774014013068633134,1774014013072279020,3645
2878,1774014013073816622,1774014013078601298,4784
2879,1774014013080338684,1774014013084477779,4139
2880,1774014013086249069,1774014013090096748,3847
2881,1774014013091843293,1774014013096794190,4950
2882,1774014013098743039,1774014013103563081,4820
2883,1774014013105451887,1774014013110132117,4680
2884,1774014013112087382,1774014013116867364,4779
2885,1774014013118808576,1774014013123883454,5074
2886,1774014013125968885,1774014013130125651,4156
2887,1774014013132027015,1774014013136894817,4867
2888,1774014013138749310,1774014013143137761,4388
2889,1774014013144972172,1774014013148853803,3881
2890,1774014013150624813,1774014013154542353,3917
2891,1774014013156258099,1774014013160921621,4663
2892,1774014013162695474,1774014013166562977,3867
2893,1774014013168306809,1774014013172833511,4526
2894,1774014013174627609,1774014013178548919,3921
2895,1774014013180555804,1774014013185222427,4666
2896,1774014013186982144,1774014013191636451,4654
2897,1774014013193398507,1774014013198108475,4709
2898,1774014013199871642,1774014013203442102,3570
2899,1774014013205157732,1774014013208966076,3808
2900,1774014013210684008,1774014013214476375,3792
2901,1774014013216235388,1774014013220921261,4685
2902,1774014013222759973,1774014013227370379,4610
2903,1774014013229093965,1774014013233809725,4715
2904,1774014013235679136,1774014013240013491,4334
2905,1774014013241817305,1774014013246666480,4849
2906,1774014013248565201,1774014013252909258,4344
2907,1774014013254865695,1774014013259131444,4265
2908,1774014013260899778,1774014013264971065,4071
2909,1774014013267040380,1774014013271512049,4471
2910,1774014013273229885,1774014013277021862,3791
2911,1774014013278852074,1774014013283390691,4538
2912,1774014013285060957,1774014013288806199,3745
2913,1774014013290560546,1774014013294574375,4013
2914,1774014013296586152,1774014013301033593,4447
2915,1774014013302888943,1774014013307441459,4552
2916,1774014013309210376,1774014013313199707,3989
2917,1774014013314933795,1774014013318724622,3790
2918,1774014013320565672,1774014013324713610,4147
2919,1774014013326333156,1774014013329781628,3448
2920,1774014013331463437,1774014013335883953,4420
2921,1774014013337704289,1774014013341980206,4275
2922,1774014013343615338,1774014013348103512,4488
2923,1774014013349813056,1774014013354170926,4357
2924,1774014013356008541,1774014013360451799,4443
2925,1774014013362211994,1774014013366709120,4497
2926,1774014013368578308,1774014013372811724,4233
2927,1774014013374521043,1774014013378703820,4182
2928,1774014013380378831,1774014013384552051,4173
2929,1774014013386202706,1774014013390381198,4178
2930,1774014013392068919,1774014013396446758,4377
2931,1774014013398070957,1774014013402093592,4022
2932,1774014013403996233,1774014013408251039,4254
2933,1774014013409938937,1774014013414621357,4682
2934,1774014013416369198,1774014013420576393,4207
2935,1774014013422493488,1774014013426916849,4423
2936,1774014013428859856,1774014013433355029,4495
2937,1774014013435025144,1774014013438596783,3571
2938,1774014013440639829,1774014013445102470,4462
2939,1774014013446834650,1774014013451303213,4468
2940,1774014013453114924,1774014013457434422,4319
2941,1774014013459173620,1774014013463424713,4251
2942,1774014013465028849,1774014013469078832,4049
2943,1774014013470811075,1774014013475237191,4426
2944,1774014013476823322,1774014013480677142,3853
2945,1774014013482324925,1774014013485590679,3265
2946,1774014013487257640,1774014013491665913,4408
2947,1774014013493177590,1774014013497472993,4295
2948,1774014013499080646,1774014013502687117,3606
2949,1774014013504505674,1774014013508974641,4468
2950,1774014013510853518,1774014013515327262,4473
2951,1774014013517156648,1774014013521509509,4352
2952,1774014013523381896,1774014013527582218,4200
2953,1774014013529365462,1774014013533656377,4290
2954,1774014013535367042,1774014013539531511,4164
2955,1774014013541323917,1774014013545680157,4356
2956,1774014013547287652,1774014013551440552,4152
2957,1774014013552991008,1774014013556547400,3556
2958,1774014013558196242,1774014013561837941,3641
2959,1774014013563544855,1774014013567575212,4030
2960,1774014013569363868,1774014013572955962,3592
2961,1774014013574617711,1774014013578569180,3951
2962,1774014013580195855,1774014013584127985,3932
2963,1774014013585741141,1774014013590363319,4622
2964,1774014013592045127,1774014013595952717,3907
2965,1774014013597698876,1774014013601995324,4296
2966,1774014013603844129,1774014013607751618,3907
2967,1774014013609463844,1774014013613868772,4404
2968,1774014013615486110,1774014013619231994,3745
2969,1774014013620836839,1774014013624482983,3646
2970,1774014013626131140,1774014013630703550,4572
2971,1774014013632270218,1774014013636460548,4190
2972,1774014013638091850,1774014013641629958,3538
2973,1774014013643314473,1774014013647778103,4463
2974,1774014013649484894,1774014013653864130,4379
2975,1774014013655807058,1774014013660081898,4274
2976,1774014013661752212,1774014013666091161,4338
2977,1774014013667824825,1774014013672146760,4321
2978,1774014013673924660,1774014013678475903,4551
2979,1774014013680296750,1774014013684520367,4223
2980,1774014013686285023,1774014013690585722,4300
2981,1774014013692509949,1774014013696739289,4229
2982,1774014013698663573,1774014013702986455,4322
2983,1774014013704897982,1774014013708987130,4089
2984,1774014013710795564,1774014013715212454,4416
2985,1774014013717035687,1774014013720982869,3947
2986,1774014013722865808,1774014013727278020,4412
2987,1774014013729054336,1774014013733485757,4431
2988,1774014013735186637,1774014013739044464,3857
2989,1774014013740754822,1774014013745150538,4395
2990,1774014013746751479,1774014013750798577,4047
2991,1774014013752435253,1774014013755920732,3485
2992,1774014013757726815,1774014013762226152,4499
2993,1774014013763901708,1774014013767593067,3691
2994,1774014013769294389,1774014013772584336,3289
2995,1774014013774361051,1774014013778437041,4075
2996,1774014013780158938,1774014013783675294,3516
2997,1774014013785430309,1774014013789729541,4299
2998,1774014013791332051,1774014013795244765,3912
2999,1774014013796803624,1774014013800477267,3673
3000,1774014013802145581,1774014013806125346,3979
3001,1774014013807764669,1774014013811874276,4109
3002,1774014013813583166,1774014013818066417,4483
3003,1774014013819876241,1774014013824034234,4157
3004,1774014013825839584,1774014013830171003,4331
3005,1774014013831816100,1774014013835563075,3746
3006,1774014013837344590,1774014013841188444,3843
3007,1774014013842829025,1774014013847232057,4403
3008,1774014013849049062,1774014013852725377,3676
3009,1774014013854391285,1774014013858333582,3942
3010,1774014013860036138,1774014013864142255,4106
3011,1774014013865815490,1774014013870199405,4383
3012,1774014013871863284,1774014013875550436,3687
3013,1774014013877270765,1774014013880681374,3410
3014,1774014013882061633,1774014013885897448,3835
3015,1774014013887468367,1774014013891490331,4021
3016,1774014013893198466,1774014013897295019,4096
3017,1774014013898880474,1774014013901923211,3042
3018,1774014013903498880,1774014013907573905,4075
3019,1774014013909116553,1774014013912937404,3820
3020,1774014013914494034,1774014013918596702,4102
3021,1774014013920247124,1774014013924486403,4239
3022,1774014013926191840,1774014013930023700,3831
3023,1774014013931593190,1774014013936018670,4425
3024,1774014013937708678,1774014013941989886,4281
3025,1774014013943618898,1774014013946916220,3297
3026,1774014013948434810,1774014013952407639,3972
3027,1774014013954047851,1774014013957986948,3939
3028,1774014013959775694,1774014013963960514,4184
3029,1774014013965754661,1774014013969860724,4106
3030,1774014013971582661,1774014013975226538,3643
3031,1774014013977039334,1774014013981326108,4286
3032,1774014013982993538,1774014013986615323,3621
3033,1774014013988504643,1774014013992971723,4467
3034,1774014013994929658,1774014013998887712,3958
3035,1774014014000795932,1774014014005242131,4446
3036,1774014014006977499,1774014014010598321,3620
3037,1774014014012615122,1774014014016897190,4282
3038,1774014014018624197,1774014014022210502,3586
3039,1774014014023884231,1774014014028328376,4444
3040,1774014014029998350,1774014014033858070,3859
3041,1774014014035490098,1774014014038938192,3448
3042,1774014014040440459,1774014014044273357,3832
3043,1774014014045837333,1774014014049806581,3969
3044,1774014014051467011,1774014014054869331,3402
3045,1774014014056614182,1774014014060446217,3832
3046,1774014014062044723,1774014014066016392,3971
3047,1774014014067667796,1774014014071784713,4116
3048,1774014014073458956,1774014014077558617,4099
3049,1774014014079194350,1774014014082903385,3709
3050,1774014014084722451,1774014014089125856,4403
3051,1774014014090750358,1774014014094538925,3788
3052,1774014014096208390,1774014014099870813,3662
3053,1774014014101746159,1774014014105982853,4236
3054,1774014014107857219,1774014014112294020,4436
3055,1774014014114104885,1774014014118220659,4115
3056,1774014014120127270,1774014014124710296,4583
3057,1774014014126447200,1774014014130238972,3791
3058,1774014014132267205,1774014014136090072,3822
3059,1774014014138067276,1774014014141770295,3703
3060,1774014014143476074,1774014014147059484,3583
3061,1774014014148753991,1774014014153478901,4724
3062,1774014014154890352,1774014014159011256,4120
3063,1774014014160501317,1774014014164861125,4359
3064,1774014014166473770,1774014014170201771,3728
3065,1774014014171709027,1774014014175503246,3794
3066,1774014014176875492,1774014014180229634,3354
3067,1774014014181816747,1774014014185476470,3659
3068,1774014014186984186,1774014014191085364,4101
3069,1774014014192860645,1774014014196702864,3842
3070,1774014014198595414,1774014014202857952,4262
3071,1774014014204423617,1774014014209003680,4580
3072,1774014014210805539,1774014014215259617,4454
3073,1774014014217004258,1774014014221626093,4621
3074,1774014014223481233,1774014014227765063,4283
3075,1774014014229727553,1774014014234388732,4661
3076,1774014014236051987,1774014014240277631,4225
3077,1774014014242211118,1774014014245859134,3648
3078,1774014014247618184,1774014014251851708,4233
3079,1774014014253533444,1774014014257477309,3943
3080,1774014014259321499,1774014014263614758,4293
3081,1774014014265294816,1774014014269484919,4190
3082,1774014014271117306,1774014014275422307,4305
3083,1774014014277147795,1774014014281404299,4256
3084,1774014014283172139,1774014014287449527,4277
3085,1774014014289135282,1774014014293275242,4139
3086,1774014014294993206,1774014014299149760,4156
3087,1774014014300871009,1774014014304698681,3827
3088,1774014014306328272,1774014014309970561,3642
3089,1774014014311788178,1774014014315584683,3796
3090,1774014014317269324,1774014014321224639,3955
3091,1774014014322979075,1774014014326660120,3681
3092,1774014014328187395,1774014014332828885,4641
3093,1774014014334746980,1774014014339099050,4352
3094,1774014014340851582,1774014014345294162,4442
3095,1774014014346966528,1774014014351586078,4619
3096,1774014014353332800,1774014014357399207,4066
3097,1774014014359373764,1774014014363785169,4411
3098,1774014014365498980,1774014014369425221,3926
3099,1774014014371502896,1774014014375782937,4280
3100,1774014014377555958,1774014014381529502,3973
3101,1774014014383173837,1774014014387620664,4446
3102,1774014014389546566,1774014014393516357,3969
3103,1774014014395206100,1774014014398865473,3659
3104,1774014014400733202,1774014014404990197,4256
3105,1774014014406749213,1774014014410595783,3846
3106,1774014014412302204,1774014014415788905,3486
3107,1774014014417530832,1774014014421364596,3833
3108,1774014014423246826,1774014014427574275,4327
3109,1774014014429420258,1774014014433706382,4286
3110,1774014014435367078,1774014014439488870,4121
3111,1774014014440997898,1774014014444361520,3363
3112,1774014014445858836,1774014014449453244,3594
3113,1774014014451009636,1774014014455062257,4052
3114,1774014014457031954,1774014014461035225,4003
3115,1774014014462617631,1774014014466432836,3815
3116,1774014014468029209,1774014014471676054,3646
3117,1774014014473369779,1774014014476846375,3476
3118,1774014014478509733,1774014014482978105,4468
3119,1774014014484876647,1774014014489505742,4629
3120,1774014014491212666,1774014014495200065,3987
3121,1774014014496977934,1774014014501357842,4379
3122,1774014014503320208,1774014014507284027,3963
3123,1774014014509090374,1774014014513823742,4733
3124,1774014014515741709,1774014014520721495,4979
3125,1774014014522535179,1774014014527441316,4906
3126,1774014014529311635,1774014014533281643,3970
3127,1774014014535116723,1774014014539661447,4544
3128,1774014014541468931,1774014014546072559,4603
3129,1774014014548134311,1774014014551912792,3778
3130,1774014014553694004,1774014014557840252,4146
3131,1774014014559605146,1774014014564184346,4579
3132,1774014014566133411,1774014014570874032,4740
3133,1774014014572406761,1774014014576225263,3818
3134,1774014014577941101,1774014014582518948,4577
3135,1774014014584297413,1774014014588005139,3707
3136,1774014014589854341,1774014014593691498,3837
3137,1774014014595442434,1774014014600258423,4815
3138,1774014014602145348,1774014014605840762,3695
3139,1774014014607619926,1774014014612396394,4776
3140,1774014014614124804,1774014014617943617,3818
3141,1774014014619899348,1774014014624258864,4359
3142,1774014014626050394,1774014014630065958,4015
3143,1774014014631990133,1774014014636822211,4832
3144,1774014014638913082,1774014014643542564,4629
3145,1774014014645341959,1774014014649870317,4528
3146,1774014014651712870,1774014014656288264,4575
3147,1774014014658039505,1774014014662546340,4506
3148,1774014014664288168,1774014014668885725,4597
3149,1774014014670611564,1774014014675046550,4434
3150,1774014014676893355,1774014014681395791,4502
3151,1774014014683104652,1774014014687413465,4308
3152,1774014014689111269,1774014014693324458,4213
3153,1774014014695095841,1774014014699411726,4315
3154,1774014014701286826,1774014014705679738,4392
3155,1774014014707266768,1774014014711414178,4147
3156,1774014014713216525,1774014014717612339,4395
3157,1774014014719089271,1774014014723634179,4544
3158,1774014014725281202,1774014014729534251,4253
3159,1774014014731173234,1774014014735177982,4004
3160,1774014014736856762,1774014014740970774,4114
3161,1774014014742577494,1774014014746965686,4388
3162,1774014014748841693,1774014014753063724,4222
3163,1774014014754720798,1774014014758963189,4242
3164,1774014014760944805,1774014014764833319,3888
3165,1774014014766787907,1774014014771545025,4757
3166,1774014014773191051,1774014014777355930,4164
3167,1774014014779229354,1774014014782969178,3739
3168,1774014014784878543,1774014014789324243,4445
3169,1774014014791209698,1774014014794705675,3495
3170,1774014014796350255,1774014014800565474,4215
3171,1774014014802395117,1774014014806197930,3802
3172,1774014014807937946,1774014014812194449,4256
3173,1774014014813820463,1774014014817557196,3736
3174,1774014014819376305,1774014014823797442,4421
3175,1774014014825449876,1774014014829447282,3997
3176,1774014014831197435,1774014014835576150,4378
3177,1774014014837309505,1774014014841409489,4099
3178,1774014014843236431,1774014014846727560,3491
3179,1774014014848408504,1774014014852460224,4051
3180,1774014014853811258,1774014014857168448,3357
3181,1774014014858732674,1774014014862860830,4128
3182,1774014014864194515,1774014014867624211,3429
3183,1774014014869364003,1774014014872807682,3443
3184,1774014014874427116,1774014014878205861,3778
3185,1774014014879878802,1774014014883416288,3537
3186,1774014014885070967,1774014014888990486,3919
3187,1774014014890601778,1774014014894361513,3759
3188,1774014014895968194,1774014014900378294,4410
3189,1774014014901975910,1774014014906068544,4092
3190,1774014014907675687,1774014014912097557,4421
3191,1774014014913896205,1774014014918060687,4164
3192,1774014014919860587,1774014014924379524,4518
3193,1774014014926040708,1774014014929666307,3625
3194,1774014014931444667,1774014014935855298,4410
3195,1774014014937770889,1774014014942176026,4405
3196,1774014014943819297,1774014014948401075,4581
3197,1774014014950073708,1774014014954534030,4460
3198,1774014014956370106,1774014014961024598,4654
3199,1774014014962787059,1774014014967249746,4462
3200,1774014014968932565,1774014014973397447,4464
3201,1774014014975048267,1774014014979406443,4358
3202,1774014014981151201,1774014014984673636,3522
3203,1774014014986280932,1774014014990849578,4568
3204,1774014014992493840,1774014014996973078,4479
3205,1774014014998793647,1774014015002082461,3288
3206,1774014015003716577,1774014015008128554,4411
3207,1774014015009602415,1774014015013449065,3846
3208,1774014015015172348,1774014015018814015,3641
3209,1774014015020442388,1774014015024429628,3987
3210,1774014015026048664,1774014015030390653,4341
3211,1774014015032086441,1774014015035750553,3664
3212,1774014015037447010,1774014015040933507,3486
3213,1774014015042620984,1774014015046469289,3848
3214,1774014015048136672,1774014015052033721,3897
3215,1774014015053641386,1774014015057684751,4043
3216,1774014015059318257,1774014015063435814,4117
3217,1774014015065073196,1774014015069331822,4258
3218,1774014015070961790,1774014015075477445,4515
3219,1774014015077186422,1774014015081434679,4248
3220,1774014015083228973,1774014015087455963,4226
3221,1774014015089025875,1774014015092944894,3919
3222,1774014015094725142,1774014015099238648,4513
