iter,start_ns,end_ns,duration_us
1,1774306164183295231,1774306164187625934,4330
2,1774306164189156639,1774306164192608343,3451
3,1774306164194230183,1774306164198109716,3879
4,1774306164199682868,1774306164203668790,3985
5,1774306164205159633,1774306164209337746,4178
6,1774306164210912522,1774306164215074544,4162
7,1774306164216518601,1774306164220305856,3787
8,1774306164221804489,1774306164225871782,4067
9,1774306164227420557,1774306164230832393,3411
10,1774306164232422191,1774306164236546351,4124
11,1774306164238099788,1774306164241599638,3499
12,1774306164243104747,1774306164246645170,3540
13,1774306164248173003,1774306164252308830,4135
14,1774306164253860101,1774306164258118979,4258
15,1774306164259691738,1774306164263450467,3758
16,1774306164264970599,1774306164268116278,3145
17,1774306164269756441,1774306164274102929,4346
18,1774306164275725056,1774306164279370920,3645
19,1774306164280915327,1774306164284073504,3158
20,1774306164285504079,1774306164289364174,3860
21,1774306164290964573,1774306164294618390,3653
22,1774306164296161425,1774306164299194930,3033
23,1774306164300740866,1774306164304483103,3742
24,1774306164306037309,1774306164309272556,3235
25,1774306164310797304,1774306164314946989,4149
26,1774306164316432014,1774306164320220043,3788
27,1774306164321755301,1774306164325877866,4122
28,1774306164327428517,1774306164330689146,3260
29,1774306164332263619,1774306164336358002,4094
30,1774306164337858791,1774306164341056837,3198
31,1774306164342447665,1774306164346256041,3808
32,1774306164347921614,1774306164351814584,3892
33,1774306164353313018,1774306164356773795,3460
34,1774306164358312642,1774306164362466946,4154
35,1774306164363969362,1774306164367170722,3201
36,1774306164368719167,1774306164372381091,3661
37,1774306164373892955,1774306164377565204,3672
38,1774306164379064285,1774306164382310017,3245
39,1774306164383856210,1774306164387482140,3625
40,1774306164389005294,1774306164392303667,3298
41,1774306164393831230,1774306164397981559,4150
42,1774306164399527036,1774306164403300026,3772
43,1774306164404836163,1774306164409140076,4303
44,1774306164410738295,1774306164414067397,3329
45,1774306164415513328,1774306164418996646,3483
46,1774306164420620700,1774306164424148869,3528
47,1774306164425631017,1774306164428809081,3178
48,1774306164430223112,1774306164433850917,3627
49,1774306164435306952,1774306164438924551,3617
50,1774306164440467608,1774306164444308221,3840
51,1774306164445846910,1774306164449770954,3924
52,1774306164451216087,1774306164454618040,3401
53,1774306164456242686,1774306164460395572,4152
54,1774306164461899828,1774306164465147927,3248
55,1774306164466682909,1774306164470479153,3796
56,1774306164471973249,1774306164475164534,3191
57,1774306164476637235,1774306164480659769,4022
58,1774306164482214232,1774306164486078615,3864
59,1774306164487581414,1774306164490953955,3372
60,1774306164492517184,1774306164496564484,4047
61,1774306164498106856,1774306164501564708,3457
62,1774306164503084230,1774306164507149732,4065
63,1774306164508642103,1774306164512075007,3432
64,1774306164513574024,1774306164517816367,4242
65,1774306164519396379,1774306164522854420,3458
66,1774306164524377180,1774306164528176933,3799
67,1774306164529702336,1774306164533025623,3323
68,1774306164534530991,1774306164538017141,3486
69,1774306164539661800,1774306164543707209,4045
70,1774306164545158211,1774306164548390280,3232
71,1774306164550021223,1774306164553331797,3310
72,1774306164554865587,1774306164558915492,4049
73,1774306164560456679,1774306164563996415,3539
74,1774306164565477381,1774306164568650955,3173
75,1774306164570127490,1774306164574291032,4163
76,1774306164575852895,1774306164579519352,3666
77,1774306164581046451,1774306164584315201,3268
78,1774306164585809762,1774306164589084984,3275
79,1774306164590541092,1774306164594022056,3480
80,1774306164595590641,1774306164598924043,3333
81,1774306164600454901,1774306164604275763,3820
82,1774306164605797602,1774306164609080254,3282
83,1774306164610522371,1774306164613933830,3411
84,1774306164615407277,1774306164619298210,3890
85,1774306164620814837,1774306164624447068,3632
86,1774306164625981070,1774306164629173481,3192
87,1774306164630666633,1774306164634665133,3998
88,1774306164636231331,1774306164640336570,4105
89,1774306164641874976,1774306164645924709,4049
90,1774306164647411822,1774306164651447600,4035
91,1774306164652964675,1774306164656143127,3178
92,1774306164657643316,1774306164660963687,3320
93,1774306164662475597,1774306164666563862,4088
94,1774306164668137618,1774306164672049561,3911
95,1774306164673650048,1774306164676925040,3274
96,1774306164678464006,1774306164682561569,4097
97,1774306164683829191,1774306164687958601,4129
98,1774306164689518544,1774306164692805391,3286
99,1774306164693914043,1774306164697071708,3157
100,1774306164698636139,1774306164701794181,3158
101,1774306164703217481,1774306164707106836,3889
102,1774306164708691550,1774306164712457704,3766
103,1774306164713814780,1774306164718124823,4310
104,1774306164719700906,1774306164722988398,3287
105,1774306164724576567,1774306164727917093,3340
106,1774306164729430523,1774306164732906292,3475
107,1774306164734496666,1774306164738334402,3837
108,1774306164739866310,1774306164743888792,4022
109,1774306164745311871,1774306164748788705,3476
110,1774306164750318153,1774306164753766431,3448
111,1774306164755308761,1774306164759151180,3842
112,1774306164760900150,1774306164764441127,3540
113,1774306164766045943,1774306164769357617,3311
114,1774306164770893844,1774306164775125839,4231
115,1774306164776667676,1774306164780819181,4151
116,1774306164782344278,1774306164786310227,3965
117,1774306164787794964,1774306164791881037,4086
118,1774306164793381944,1774306164796851816,3469
119,1774306164798388301,1774306164801832663,3444
120,1774306164803301148,1774306164807211627,3910
121,1774306164808618053,1774306164812737811,4119
122,1774306164814246025,1774306164817464763,3218
123,1774306164818810424,1774306164822100714,3290
124,1774306164823547664,1774306164827393697,3846
125,1774306164828839246,1774306164832129691,3290
126,1774306164833387871,1774306164837330856,3942
127,1774306164838720836,1774306164842447432,3726
128,1774306164843969709,1774306164847605625,3635
129,1774306164849099881,1774306164853022250,3922
130,1774306164854587528,1774306164857940743,3353
131,1774306164859464604,1774306164862891937,3427
132,1774306164864412695,1774306164868336988,3924
133,1774306164869854327,1774306164873081791,3227
134,1774306164874589809,1774306164878384904,3795
135,1774306164879896705,1774306164883088965,3192
136,1774306164884605412,1774306164888083451,3478
137,1774306164889546972,1774306164892939900,3392
138,1774306164894468451,1774306164898423494,3955
139,1774306164899936540,1774306164903532575,3596
140,1774306164905044171,1774306164909156599,4112
141,1774306164910675291,1774306164914391067,3715
142,1774306164915965188,1774306164919174646,3209
143,1774306164920609380,1774306164924341969,3732
144,1774306164925890277,1774306164929080604,3190
145,1774306164930684300,1774306164934383004,3698
146,1774306164935872567,1774306164939913621,4041
147,1774306164941489764,1774306164945754202,4264
148,1774306164947345787,1774306164951500900,4155
149,1774306164953060298,1774306164956339280,3278
150,1774306164957861671,1774306164961192812,3331
151,1774306164962683269,1774306164966479675,3796
152,1774306164968071079,1774306164971374238,3303
153,1774306164972880395,1774306164976501458,3621
154,1774306164978007473,1774306164981562425,3554
155,1774306164983105255,1774306164987211617,4106
156,1774306164988641025,1774306164991935596,3294
157,1774306164993409073,1774306164997495094,4086
158,1774306164999035485,1774306165002516679,3481
159,1774306165004068173,1774306165007236601,3168
160,1774306165008810181,1774306165012973180,4162
161,1774306165014437072,1774306165018543051,4105
162,1774306165020078684,1774306165024191230,4112
163,1774306165025637853,1774306165028943697,3305
164,1774306165030499103,1774306165033920023,3420
165,1774306165035456264,1774306165038940330,3484
166,1774306165040491520,1774306165044662687,4171
167,1774306165046147504,1774306165049940239,3792
168,1774306165051388388,1774306165055473543,4085
169,1774306165056989057,1774306165060594936,3605
170,1774306165062169231,1774306165066384509,4215
171,1774306165067886661,1774306165072061786,4175
172,1774306165073584203,1774306165076921480,3337
173,1774306165078512321,1774306165081974939,3462
174,1774306165083562430,1774306165086697337,3134
175,1774306165087995765,1774306165091271555,3275
176,1774306165092868140,1774306165096931772,4063
177,1774306165098363030,1774306165101863561,3500
178,1774306165103165399,1774306165106343028,3177
179,1774306165107757036,1774306165111095478,3338
180,1774306165112499150,1774306165116728722,4229
181,1774306165118324348,1774306165122147236,3822
182,1774306165123612621,1774306165127910767,4298
183,1774306165129412018,1774306165133315811,3903
184,1774306165134895709,1774306165138183847,3288
185,1774306165139704571,1774306165143443632,3739
186,1774306165144947487,1774306165148296165,3348
187,1774306165149814677,1774306165153909379,4094
188,1774306165155434665,1774306165159507459,4072
189,1774306165160998424,1774306165165110403,4111
190,1774306165166652815,1774306165169966836,3314
191,1774306165171435308,1774306165174951740,3516
192,1774306165176488726,1774306165180535981,4047
193,1774306165182033757,1774306165185187623,3153
194,1774306165186730012,1774306165190760318,4030
195,1774306165192305379,1774306165196324392,4019
196,1774306165197862778,1774306165201913990,4051
197,1774306165203435914,1774306165206836141,3400
198,1774306165208447663,1774306165212278461,3830
199,1774306165213712337,1774306165217064947,3352
200,1774306165218645310,1774306165222461980,3816
201,1774306165224045585,1774306165228374506,4328
202,1774306165229930893,1774306165233252558,3321
203,1774306165234661867,1774306165238942153,4280
204,1774306165240531389,1774306165244528820,3997
205,1774306165246059110,1774306165249299396,3240
206,1774306165250833905,1774306165254540179,3706
207,1774306165256043510,1774306165259558891,3515
208,1774306165261201509,1774306165265559704,4358
209,1774306165267127525,1774306165271059380,3931
210,1774306165272665332,1774306165276691896,4026
211,1774306165278400054,1774306165282155120,3755
212,1774306165283595466,1774306165287356304,3760
213,1774306165288957313,1774306165293086771,4129
214,1774306165294615512,1774306165297971992,3356
215,1774306165299550916,1774306165302901601,3350
216,1774306165304416758,1774306165307937475,3520
217,1774306165309356812,1774306165313512620,4155
218,1774306165315065695,1774306165318573884,3508
219,1774306165320113797,1774306165324253203,4139
220,1774306165325791354,1774306165329715834,3924
221,1774306165331215858,1774306165334725347,3509
222,1774306165336254453,1774306165340367297,4112
223,1774306165341891075,1774306165346170825,4279
224,1774306165347832451,1774306165351170620,3338
225,1774306165352544391,1774306165357187945,4643
226,1774306165358793815,1774306165362101297,3307
227,1774306165363496327,1774306165366998770,3502
228,1774306165368587115,1774306165371663596,3076
229,1774306165373139226,1774306165377182811,4043
230,1774306165378695683,1774306165382067156,3371
231,1774306165383566794,1774306165386976439,3409
232,1774306165388463337,1774306165392662125,4198
233,1774306165394188866,1774306165398046830,3857
234,1774306165399563919,1774306165402899096,3335
235,1774306165404401388,1774306165407881788,3480
236,1774306165409396092,1774306165413516298,4120
237,1774306165415065141,1774306165418985591,3920
238,1774306165420471174,1774306165423904773,3433
239,1774306165425505574,1774306165429565970,4060
240,1774306165431048544,1774306165434902008,3853
241,1774306165436442605,1774306165439829099,3386
242,1774306165441349026,1774306165445421395,4072
243,1774306165446955207,1774306165450831672,3876
244,1774306165452333762,1774306165455801248,3467
245,1774306165457365434,1774306165461481123,4115
246,1774306165463018640,1774306165466895085,3876
247,1774306165468412560,1774306165471792665,3380
248,1774306165473324529,1774306165477444414,4119
249,1774306165479021823,1774306165483195237,4173
250,1774306165484769296,1774306165488114157,3344
251,1774306165489665434,1774306165493161686,3496
252,1774306165494287920,1774306165497444930,3157
253,1774306165498858710,1774306165502153795,3295
254,1774306165503544665,1774306165507387478,3842
255,1774306165508542331,1774306165511563787,3021
256,1774306165513106266,1774306165516459808,3353
257,1774306165517994978,1774306165521580341,3585
258,1774306165523098025,1774306165526994693,3896
259,1774306165528599948,1774306165531784194,3184
260,1774306165533350338,1774306165537464794,4114
261,1774306165538928875,1774306165542867257,3938
262,1774306165544400212,1774306165548489070,4088
263,1774306165550026566,1774306165554162282,4135
264,1774306165555689638,1774306165559775963,4086
265,1774306165561311717,1774306165565319349,4007
266,1774306165566846350,1774306165570946424,4100
267,1774306165572456581,1774306165575832353,3375
268,1774306165577359007,1774306165581233671,3874
269,1774306165582793806,1774306165586033902,3240
270,1774306165587573453,1774306165591345298,3771
271,1774306165592872721,1774306165596904260,4031
272,1774306165598459784,1774306165602454586,3994
273,1774306165603983019,1774306165607832461,3849
274,1774306165609376145,1774306165613746314,4370
275,1774306165615146242,1774306165618330778,3184
276,1774306165619687363,1774306165623025895,3338
277,1774306165624200532,1774306165627707419,3506
278,1774306165629117898,1774306165632561507,3443
279,1774306165634006311,1774306165638344503,4338
280,1774306165639720560,1774306165643485423,3764
281,1774306165644891912,1774306165648124582,3232
282,1774306165649619382,1774306165653842572,4223
283,1774306165655324083,1774306165659109532,3785
284,1774306165660663797,1774306165663964196,3300
285,1774306165665504750,1774306165668979172,3474
286,1774306165670425049,1774306165674570373,4145
287,1774306165676134141,1774306165679705601,3571
288,1774306165681238843,1774306165685423711,4184
289,1774306165686924061,1774306165690140316,3216
290,1774306165691584894,1774306165695417429,3832
291,1774306165696978629,1774306165700182863,3204
292,1774306165701628700,1774306165705428887,3800
293,1774306165706942919,1774306165710956298,4013
294,1774306165712391294,1774306165716654160,4262
295,1774306165718193128,1774306165722447995,4254
296,1774306165723999847,1774306165728185852,4186
297,1774306165729614157,1774306165733837809,4223
298,1774306165735322305,1774306165739380440,4058
299,1774306165740940338,1774306165744123894,3183
300,1774306165745479955,1774306165749853253,4373
301,1774306165751351804,1774306165754724485,3372
302,1774306165756246269,1774306165759484145,3237
303,1774306165761092839,1774306165764412345,3319
304,1774306165765786895,1774306165769877683,4090
305,1774306165771477071,1774306165774899185,3422
306,1774306165776471258,1774306165780407598,3936
307,1774306165781918188,1774306165785507810,3589
308,1774306165787059676,1774306165791294946,4235
309,1774306165792844816,1774306165796601048,3756
310,1774306165798129070,1774306165802139856,4010
311,1774306165803728040,1774306165806959408,3231
312,1774306165808481643,1774306165812650045,4168
313,1774306165814188391,1774306165817979857,3791
314,1774306165819498585,1774306165823409440,3910
315,1774306165824944071,1774306165829060782,4116
316,1774306165830572452,1774306165833942897,3370
317,1774306165835488771,1774306165839207490,3718
318,1774306165840626588,1774306165844755070,4128
319,1774306165846360746,1774306165850427681,4066
320,1774306165851933102,1774306165855113869,3180
321,1774306165856696053,1774306165860441509,3745
322,1774306165861958694,1774306165865183562,3224
323,1774306165866728953,1774306165870045413,3316
324,1774306165871557549,1774306165875586544,4028
325,1774306165877092047,1774306165880688489,3596
326,1774306165882258124,1774306165885479375,3221
327,1774306165887004555,1774306165890192764,3188
328,1774306165891655112,1774306165895877007,4221
329,1774306165897498342,1774306165900592004,3093
330,1774306165902057852,1774306165905369901,3312
331,1774306165906865128,1774306165909946606,3081
332,1774306165911453765,1774306165915052488,3598
333,1774306165916533206,1774306165919962856,3429
334,1774306165921436163,1774306165924920836,3484
335,1774306165926403684,1774306165930580846,4177
336,1774306165932058490,1774306165935267056,3208
337,1774306165936791943,1774306165940062945,3271
338,1774306165941542184,1774306165945380265,3838
339,1774306165946877118,1774306165950891405,4014
340,1774306165952404994,1774306165955926122,3521
341,1774306165957519889,1774306165961009683,3489
342,1774306165962494965,1774306165965939911,3444
343,1774306165967442227,1774306165971626335,4184
344,1774306165973218909,1774306165977476414,4257
345,1774306165978988058,1774306165982556984,3568
346,1774306165984141826,1774306165988013894,3872
347,1774306165989586735,1774306165993466697,3879
348,1774306165994972323,1774306165999042922,4070
349,1774306166000536413,1774306166004643761,4107
350,1774306166006177003,1774306166010253460,4076
351,1774306166011805974,1774306166015832261,4026
352,1774306166017429752,1774306166020895318,3465
353,1774306166022488727,1774306166025858584,3369
354,1774306166027085104,1774306166030256924,3171
355,1774306166031662663,1774306166035314128,3651
356,1774306166036485016,1774306166040793923,4308
357,1774306166041949409,1774306166045931404,3981
358,1774306166047500328,1774306166050945229,3444
359,1774306166052458866,1774306166056475916,4017
360,1774306166058011486,1774306166061881932,3870
361,1774306166063418801,1774306166067487466,4068
362,1774306166069025678,1774306166072162599,3136
363,1774306166073684194,1774306166077867040,4182
364,1774306166079378333,1774306166082834874,3456
365,1774306166084377498,1774306166088530422,4152
366,1774306166090097572,1774306166094069121,3971
367,1774306166095675856,1774306166098965785,3289
368,1774306166100477422,1774306166104530365,4052
369,1774306166106136241,1774306166110000255,3864
370,1774306166111549039,1774306166115506674,3957
371,1774306166116983097,1774306166121096183,4113
372,1774306166122631391,1774306166126675444,4044
373,1774306166128128736,1774306166132303849,4175
374,1774306166133811859,1774306166137925647,4113
375,1774306166139448394,1774306166142855870,3407
376,1774306166144374561,1774306166148538440,4163
377,1774306166150130628,1774306166154468013,4337
378,1774306166156027821,1774306166159265385,3237
379,1774306166160835048,1774306166165089523,4254
380,1774306166166675908,1774306166170899689,4223
381,1774306166172483620,1774306166176447532,3963
382,1774306166177995016,1774306166182278998,4283
383,1774306166183714121,1774306166187630787,3916
384,1774306166189212815,1774306166193418712,4205
385,1774306166194940378,1774306166199001591,4061
386,1774306166200482787,1774306166203900646,3417
387,1774306166205437202,1774306166208867018,3429
388,1774306166210435279,1774306166214566648,4131
389,1774306166216079698,1774306166220213626,4133
390,1774306166221756723,1774306166225404884,3648
391,1774306166226936329,1774306166230660563,3724
392,1774306166232223122,1774306166236373229,4150
393,1774306166237966255,1774306166241148595,3182
394,1774306166242703593,1774306166246826709,4123
395,1774306166248339028,1774306166251647975,3308
396,1774306166253216257,1774306166256887248,3670
397,1774306166258442372,1774306166262503932,4061
398,1774306166264101512,1774306166267835500,3733
399,1774306166269416877,1774306166273433385,4016
400,1774306166275001117,1774306166278884843,3883
401,1774306166280417531,1774306166284140201,3722
402,1774306166285716442,1774306166288982190,3265
403,1774306166290612594,1774306166294000640,3388
404,1774306166295408265,1774306166298860390,3452
405,1774306166300482861,1774306166303703734,3220
406,1774306166305240754,1774306166308624882,3384
407,1774306166309903365,1774306166313722644,3819
408,1774306166315156387,1774306166318363792,3207
409,1774306166319878387,1774306166323145111,3266
410,1774306166324611164,1774306166327999838,3388
411,1774306166329613755,1774306166333682775,4069
412,1774306166335291055,1774306166338687563,3396
413,1774306166340234679,1774306166344313934,4079
414,1774306166345832170,1774306166349503959,3671
415,1774306166351033960,1774306166355165609,4131
416,1774306166356682931,1774306166360609423,3926
417,1774306166362081070,1774306166366347231,4266
418,1774306166367875530,1774306166372007948,4132
419,1774306166373431934,1774306166376878308,3446
420,1774306166378390204,1774306166382477962,4087
421,1774306166384020936,1774306166387888030,3867
422,1774306166389426076,1774306166393500106,4074
423,1774306166395067041,1774306166398570955,3503
424,1774306166400094929,1774306166404200539,4105
425,1774306166405703407,1774306166409748044,4044
426,1774306166411281162,1774306166415397205,4116
427,1774306166416908471,1774306166420802799,3894
428,1774306166422293198,1774306166426573043,4279
429,1774306166428120354,1774306166432384744,4264
430,1774306166433946390,1774306166437197384,3250
431,1774306166438601681,1774306166442856345,4254
432,1774306166444422601,1774306166447488534,3065
433,1774306166449039055,1774306166452286489,3247
434,1774306166453803876,1774306166457893553,4089
435,1774306166459336333,1774306166463416554,4080
436,1774306166464966311,1774306166468536664,3570
437,1774306166470071192,1774306166473279882,3208
438,1774306166474796007,1774306166478954372,4158
439,1774306166480524248,1774306166483913969,3389
440,1774306166485415334,1774306166489475550,4060
441,1774306166490996683,1774306166494570470,3573
442,1774306166496127790,1774306166500385689,4257
443,1774306166501911036,1774306166505487408,3576
444,1774306166507046126,1774306166510268708,3222
445,1774306166511689604,1774306166516059057,4369
446,1774306166517567543,1774306166521348091,3780
447,1774306166522880306,1774306166526937474,4057
448,1774306166528379044,1774306166531821722,3442
449,1774306166533387777,1774306166537206600,3818
450,1774306166538746035,1774306166542763294,4017
451,1774306166544221381,1774306166548298147,4076
452,1774306166549793710,1774306166553511152,3717
453,1774306166555098447,1774306166559288850,4190
454,1774306166560824373,1774306166564559373,3735
455,1774306166566089149,1774306166569346805,3257
456,1774306166570940715,1774306166575363598,4422
457,1774306166576924896,1774306166580011580,3086
458,1774306166581559093,1774306166585528022,3968
459,1774306166587031260,1774306166591063129,4031
460,1774306166592569708,1774306166596661275,4091
461,1774306166598179480,1774306166602309899,4130
462,1774306166603839385,1774306166607096023,3256
463,1774306166608652821,1774306166612462457,3809
464,1774306166614028235,1774306166618005537,3977
465,1774306166619544861,1774306166623578683,4033
466,1774306166625082639,1774306166628368901,3286
467,1774306166629918890,1774306166634111773,4192
468,1774306166635656621,1774306166639335342,3678
469,1774306166640844269,1774306166644037307,3193
470,1774306166645545856,1774306166649634864,4089
471,1774306166651110396,1774306166655035334,3924
472,1774306166656588012,1774306166660559097,3971
473,1774306166662060893,1774306166666255678,4194
474,1774306166667805784,1774306166671892819,4087
475,1774306166673410282,1774306166676847511,3437
476,1774306166678310953,1774306166681813858,3502
477,1774306166683331736,1774306166687101617,3769
478,1774306166688639752,1774306166692360324,3720
479,1774306166693932376,1774306166698099541,4167
480,1774306166699430792,1774306166702933215,3502
481,1774306166704508308,1774306166708702082,4193
482,1774306166710138287,1774306166714350955,4212
483,1774306166715927653,1774306166719366840,3439
484,1774306166720961040,1774306166724317151,3356
485,1774306166725830012,1774306166729175303,3345
486,1774306166730741051,1774306166734910876,4169
487,1774306166736472193,1774306166740236901,3764
488,1774306166741789448,1774306166745093589,3304
489,1774306166746603034,1774306166750701700,4098
490,1774306166752239998,1774306166756073367,3833
491,1774306166757534020,1774306166760908371,3374
492,1774306166762431084,1774306166766546038,4114
493,1774306166768095485,1774306166771516616,3421
494,1774306166773049400,1774306166777055010,4005
495,1774306166778693481,1774306166782786976,4093
496,1774306166784279619,1774306166787634510,3354
497,1774306166789189190,1774306166793273577,4084
498,1774306166794856499,1774306166798473101,3616
499,1774306166800024219,1774306166804054211,4029
500,1774306166805501967,1774306166809543775,4041
501,1774306166811078518,1774306166815210984,4132
502,1774306166816791373,1774306166820018702,3227
503,1774306166821528505,1774306166825770007,4241
504,1774306166827203973,1774306166831023396,3819
505,1774306166832504396,1774306166835837554,3333
506,1774306166837448778,1774306166840900595,3451
507,1774306166842365253,1774306166845454549,3089
508,1774306166846947589,1774306166850183101,3235
509,1774306166851808623,1774306166856083884,4275
510,1774306166857666848,1774306166861030882,3364
511,1774306166862542839,1774306166866561820,4018
512,1774306166868129850,1774306166872078334,3948
513,1774306166873628769,1774306166877642756,4013
514,1774306166879152204,1774306166883156634,4004
515,1774306166884741381,1774306166888099199,3357
516,1774306166889623014,1774306166892977398,3354
517,1774306166894475610,1774306166898113321,3637
518,1774306166899658828,1774306166903697405,4038
519,1774306166905186089,1774306166908713446,3527
520,1774306166910255007,1774306166914203834,3948
521,1774306166915785401,1774306166919862567,4077
522,1774306166921396835,1774306166925413814,4016
523,1774306166926924493,1774306166930874407,3949
524,1774306166932367483,1774306166935878203,3510
525,1774306166937421691,1774306166940794173,3372
526,1774306166942305539,1774306166945798392,3492
527,1774306166947333313,1774306166951481510,4148
528,1774306166952978000,1774306166956961258,3983
529,1774306166958554773,1774306166962818547,4263
530,1774306166964423776,1774306166968392806,3969
531,1774306166969958998,1774306166974340218,4381
532,1774306166975844895,1774306166980160299,4315
533,1774306166981785962,1774306166985367960,3581
534,1774306166986782950,1774306166990078343,3295
535,1774306166991710260,1774306166995070202,3359
536,1774306166996652981,1774306167000364130,3711
537,1774306167001879001,1774306167005541953,3662
538,1774306167007058246,1774306167011191850,4133
539,1774306167012719176,1774306167016635272,3916
540,1774306167018131569,1774306167022509581,4378
541,1774306167024090297,1774306167027972660,3882
542,1774306167029493631,1774306167032897637,3404
543,1774306167034398619,1774306167038431872,4033
544,1774306167039972890,1774306167043296672,3323
545,1774306167044800739,1774306167048076910,3276
546,1774306167049638057,1774306167053410727,3772
547,1774306167054935550,1774306167058926573,3991
548,1774306167060432565,1774306167064233976,3801
549,1774306167065781708,1774306167069483006,3701
550,1774306167071029228,1774306167074504288,3475
551,1774306167076058769,1774306167080326388,4267
552,1774306167081844358,1774306167085919350,4074
553,1774306167087444797,1774306167091484949,4040
554,1774306167093094335,1774306167096316004,3221
555,1774306167097742942,1774306167101976502,4233
556,1774306167103510524,1774306167106639667,3129
557,1774306167108265093,1774306167111737966,3472
558,1774306167112977262,1774306167116103092,3125
559,1774306167117727476,1774306167121406515,3679
560,1774306167122587973,1774306167125684240,3096
561,1774306167126853952,1774306167129977563,3123
562,1774306167131362123,1774306167135468647,4106
563,1774306167136992135,1774306167140627166,3635
564,1774306167142164441,1774306167145650495,3486
565,1774306167147137765,1774306167150576018,3438
566,1774306167152099277,1774306167156341397,4242
567,1774306167157832974,1774306167161079690,3246
568,1774306167162539150,1774306167166371860,3832
569,1774306167167922481,1774306167171864169,3941
570,1774306167173382100,1774306167176839992,3457
571,1774306167178359592,1774306167182406413,4046
572,1774306167183905777,1774306167187086744,3180
573,1774306167188567838,1774306167192635593,4067
574,1774306167194149258,1774306167198004864,3855
575,1774306167199605056,1774306167203690470,4085
576,1774306167205186157,1774306167208583242,3397
577,1774306167210079923,1774306167213293469,3213
578,1774306167214832900,1774306167218505362,3672
579,1774306167220071855,1774306167223988322,3916
580,1774306167225525910,1774306167229813106,4287
581,1774306167231237055,1774306167234749908,3512
582,1774306167235966707,1774306167239117122,3150
583,1774306167240436806,1774306167244293830,3857
584,1774306167245834613,1774306167250191169,4356
585,1774306167251777196,1774306167255084174,3306
586,1774306167256539020,1774306167259635096,3096
587,1774306167261143953,1774306167264449226,3305
588,1774306167266033314,1774306167269349271,3315
589,1774306167270918040,1774306167274684054,3766
590,1774306167276183793,1774306167280041966,3858
591,1774306167281515386,1774306167285708681,4193
592,1774306167287264084,1774306167290808645,3544
593,1774306167292308497,1774306167296152073,3843
594,1774306167297669214,1774306167301656342,3987
595,1774306167303179365,1774306167307310320,4130
596,1774306167308845158,1774306167312076263,3231
597,1774306167313597750,1774306167317305745,3707
598,1774306167318677719,1774306167322469548,3791
599,1774306167324029909,1774306167328100201,4070
600,1774306167329628972,1774306167333572621,3943
601,1774306167335090863,1774306167338653102,3562
602,1774306167340179065,1774306167344029060,3849
603,1774306167345497492,1774306167348947619,3450
604,1774306167350514069,1774306167354579644,4065
605,1774306167356141029,1774306167359686323,3545
606,1774306167361272311,1774306167365793703,4521
607,1774306167367402909,1774306167371241784,3838
608,1774306167372556529,1774306167377066764,4510
609,1774306167378476967,1774306167381542166,3065
610,1774306167382935416,1774306167386149983,3214
611,1774306167387437712,1774306167390660167,3222
612,1774306167392211642,1774306167396182209,3970
613,1774306167397488356,1774306167401359088,3870
614,1774306167402905364,1774306167406161600,3256
615,1774306167407704277,1774306167411438522,3734
616,1774306167413000960,1774306167417135904,4134
617,1774306167418683178,1774306167422698642,4015
618,1774306167424196790,1774306167428299657,4102
619,1774306167429826764,1774306167433992442,4165
620,1774306167435526020,1774306167438958279,3432
621,1774306167440434191,1774306167444489200,4055
622,1774306167446023224,1774306167449927448,3904
623,1774306167451492727,1774306167455580686,4087
624,1774306167457118795,1774306167460563172,3444
625,1774306167462078469,1774306167466029300,3950
626,1774306167467560899,1774306167471199578,3638
627,1774306167472640127,1774306167476498993,3858
628,1774306167478079346,1774306167482245312,4165
629,1774306167483667354,1774306167486954219,3286
630,1774306167488523371,1774306167492643746,4120
631,1774306167494152299,1774306167497636805,3484
632,1774306167499221987,1774306167502749503,3527
633,1774306167504297487,1774306167508521940,4224
634,1774306167509870342,1774306167513393494,3523
635,1774306167514954891,1774306167518737634,3782
636,1774306167520174479,1774306167523806055,3631
637,1774306167525401236,1774306167528886538,3485
638,1774306167530345349,1774306167533854490,3509
639,1774306167535374663,1774306167539489911,4115
640,1774306167541001484,1774306167545001935,4000
641,1774306167546493870,1774306167550691492,4197
642,1774306167552302126,1774306167556587447,4285
643,1774306167558203362,1774306167562487559,4284
644,1774306167564089935,1774306167568347065,4257
645,1774306167569986527,1774306167574106504,4119
646,1774306167575912140,1774306167579727077,3814
647,1774306167581362410,1774306167584949405,3586
648,1774306167586576118,1774306167590218242,3642
649,1774306167591845057,1774306167596172980,4327
650,1774306167597876567,1774306167601821121,3944
651,1774306167603493732,1774306167607591298,4097
652,1774306167609415055,1774306167613446895,4031
653,1774306167615382770,1774306167619746017,4363
654,1774306167621429666,1774306167625473674,4044
655,1774306167627138772,1774306167631700906,4562
656,1774306167633413037,1774306167637787481,4374
657,1774306167639482762,1774306167643836247,4353
658,1774306167645518299,1774306167649775908,4257
659,1774306167651549699,1774306167655851123,4301
660,1774306167657531043,1774306167661502042,3970
661,1774306167663105540,1774306167667428740,4323
662,1774306167668998647,1774306167673125356,4126
663,1774306167674698988,1774306167678114546,3415
664,1774306167679762490,1774306167684051852,4289
665,1774306167685805762,1774306167689999471,4193
666,1774306167691796898,1774306167695908736,4111
667,1774306167697528133,1774306167701838967,4310
668,1774306167703699075,1774306167707965080,4266
669,1774306167709689420,1774306167713172046,3482
670,1774306167714964620,1774306167719290405,4325
671,1774306167721126093,1774306167725387330,4261
672,1774306167727050561,1774306167731243921,4193
673,1774306167732858094,1774306167737017481,4159
674,1774306167738700450,1774306167742567291,3866
675,1774306167744217164,1774306167748167068,3949
676,1774306167749775872,1774306167753635742,3859
677,1774306167755218940,1774306167758885919,3666
678,1774306167760586446,1774306167764921894,4335
679,1774306167766528416,1774306167770788054,4259
680,1774306167772399159,1774306167776973834,4574
681,1774306167778717842,1774306167782595584,3877
682,1774306167784308989,1774306167788667822,4358
683,1774306167790243974,1774306167794323337,4079
684,1774306167795682835,1774306167800028130,4345
685,1774306167801751342,1774306167805472590,3721
686,1774306167806908975,1774306167811312143,4403
687,1774306167812907294,1774306167817102403,4195
688,1774306167818733897,1774306167822666727,3932
689,1774306167824241830,1774306167828452575,4210
690,1774306167830128455,1774306167834190268,4061
691,1774306167835848103,1774306167839734865,3886
692,1774306167841491865,1774306167845558481,4066
693,1774306167847198524,1774306167850194147,2995
694,1774306167851763771,1774306167855621017,3857
695,1774306167857304395,1774306167861531790,4227
696,1774306167863157780,1774306167867198944,4041
697,1774306167868687762,1774306167873007145,4319
698,1774306167874706334,1774306167878932110,4225
699,1774306167880796531,1774306167884927877,4131
700,1774306167886564848,1774306167890933977,4369
701,1774306167892671044,1774306167897106607,4435
702,1774306167898744960,1774306167903007599,4262
703,1774306167904576224,1774306167908917420,4341
704,1774306167910572276,1774306167913879421,3307
705,1774306167915577971,1774306167919019672,3441
706,1774306167920630687,1774306167924028094,3397
707,1774306167925599588,1774306167929104516,3504
708,1774306167930781073,1774306167934094195,3313
709,1774306167935614468,1774306167939480645,3866
710,1774306167940959124,1774306167944417869,3458
711,1774306167946097500,1774306167949777065,3679
712,1774306167951470643,1774306167954963666,3493
713,1774306167956493349,1774306167960723052,4229
714,1774306167962454847,1774306167966541002,4086
715,1774306167968252732,1774306167972381701,4128
716,1774306167974249451,1774306167978242173,3992
717,1774306167979959274,1774306167984280954,4321
718,1774306167986114742,1774306167990207323,4092
719,1774306167991854151,1774306167996268144,4413
720,1774306167998040220,1774306168001959872,3919
721,1774306168003622807,1774306168007813933,4191
722,1774306168009561561,1774306168013783000,4221
723,1774306168015461874,1774306168019184364,3722
724,1774306168020893306,1774306168024535384,3642
725,1774306168026440210,1774306168030217450,3777
726,1774306168031854493,1774306168035491176,3636
727,1774306168037239569,1774306168041399215,4159
728,1774306168043146582,1774306168046778484,3631
729,1774306168048431103,1774306168052726765,4295
730,1774306168054466577,1774306168058926247,4459
731,1774306168060588701,1774306168064931670,4342
732,1774306168066571151,1774306168070472613,3901
733,1774306168071990522,1774306168076170058,4179
734,1774306168077939964,1774306168082268360,4328
735,1774306168083889948,1774306168088297251,4407
736,1774306168090045912,1774306168093871228,3825
737,1774306168095506132,1774306168099645513,4139
738,1774306168101356587,1774306168105623301,4266
739,1774306168107297725,1774306168111042290,3744
740,1774306168112959008,1774306168117126025,4167
741,1774306168118776390,1774306168122718792,3942
742,1774306168124530434,1774306168128983898,4453
743,1774306168130590921,1774306168134615837,4024
744,1774306168136431755,1774306168140722880,4291
745,1774306168142463764,1774306168146520462,4056
746,1774306168148301132,1774306168152208571,3907
747,1774306168153892685,1774306168157920273,4027
748,1774306168159813056,1774306168163421097,3608
749,1774306168165076281,1774306168169218614,4142
750,1774306168170923030,1774306168174743021,3819
751,1774306168176393304,1774306168180756204,4362
752,1774306168182403615,1774306168186387021,3983
753,1774306168188191267,1774306168192635900,4444
754,1774306168194211841,1774306168198486544,4274
755,1774306168200121036,1774306168203897897,3776
756,1774306168205517796,1774306168209873975,4356
757,1774306168211463143,1774306168215937648,4474
758,1774306168217577956,1774306168221126907,3548
759,1774306168222808546,1774306168226218015,3409
760,1774306168227992492,1774306168232140661,4148
761,1774306168233838280,1774306168237131624,3293
762,1774306168238884488,1774306168243013637,4129
763,1774306168244584277,1774306168248390075,3805
764,1774306168250023464,1774306168253795713,3772
765,1774306168255522219,1774306168259893013,4370
766,1774306168261650066,1774306168265140662,3490
767,1774306168266939520,1774306168271442533,4503
768,1774306168273324721,1774306168277668286,4343
769,1774306168279548257,1774306168283844264,4296
770,1774306168285514481,1774306168289745821,4231
771,1774306168291638585,1774306168295900725,4262
772,1774306168297646919,1774306168301531967,3885
773,1774306168303498849,1774306168307970805,4471
774,1774306168309644820,1774306168313986679,4341
775,1774306168315693394,1774306168319963417,4270
776,1774306168321609579,1774306168325856520,4246
777,1774306168327524026,1774306168331148114,3624
778,1774306168332831555,1774306168337249973,4418
779,1774306168338881043,1774306168343041853,4160
780,1774306168344656548,1774306168348231423,3574
781,1774306168349698919,1774306168353979765,4280
782,1774306168355348157,1774306168359515573,4167
783,1774306168361204058,1774306168365011185,3807
784,1774306168366657222,1774306168370973792,4316
785,1774306168372760499,1774306168376267524,3507
786,1774306168377877851,1774306168381735978,3858
787,1774306168383453670,1774306168387508335,4054
788,1774306168389237999,1774306168393512163,4274
789,1774306168395250723,1774306168399337821,4087
790,1774306168401036087,1774306168405242951,4206
791,1774306168407124778,1774306168411234344,4109
792,1774306168412941379,1774306168417170710,4229
793,1774306168418882138,1774306168422732157,3850
794,1774306168424626376,1774306168428884369,4257
795,1774306168431056562,1774306168435590599,4534
796,1774306168437297953,1774306168441591066,4293
797,1774306168443544906,1774306168447522333,3977
798,1774306168449295546,1774306168453539294,4243
799,1774306168455352465,1774306168459215363,3862
800,1774306168460923317,1774306168465302393,4379
801,1774306168467115487,1774306168471005452,3889
802,1774306168472775822,1774306168476066884,3291
803,1774306168477464519,1774306168481030159,3565
804,1774306168482685233,1774306168486001967,3316
805,1774306168487529321,1774306168491244998,3715
806,1774306168492850212,1774306168496699705,3849
807,1774306168498276725,1774306168501942766,3666
808,1774306168503492240,1774306168506990876,3498
809,1774306168508688969,1774306168512140911,3451
810,1774306168513748230,1774306168517613196,3864
811,1774306168519209465,1774306168523135854,3926
812,1774306168524717435,1774306168529054893,4337
813,1774306168530765932,1774306168534858292,4092
814,1774306168536541273,1774306168540866889,4325
815,1774306168542573884,1774306168546622198,4048
816,1774306168548272711,1774306168552602976,4330
817,1774306168554527323,1774306168558747389,4220
818,1774306168560511416,1774306168565126534,4615
819,1774306168567013386,1774306168571070843,4057
820,1774306168572721408,1774306168576939906,4218
821,1774306168578809218,1774306168582471140,3661
822,1774306168584187357,1774306168588501173,4313
823,1774306168590483283,1774306168594577305,4094
824,1774306168596387808,1774306168600639747,4251
825,1774306168602332203,1774306168606557296,4225
826,1774306168608085749,1774306168612426450,4340
827,1774306168614138492,1774306168618251699,4113
828,1774306168619837960,1774306168623086022,3248
829,1774306168624705292,1774306168627633377,2928
830,1774306168628759352,1774306168632692715,3933
831,1774306168634458939,1774306168638658225,4199
832,1774306168640451097,1774306168644678093,4226
833,1774306168646361900,1774306168650027677,3665
834,1774306168651680541,1774306168655109066,3428
835,1774306168656848856,1774306168661052579,4203
836,1774306168662705969,1774306168666272871,3566
837,1774306168668164161,1774306168672648350,4484
838,1774306168674319753,1774306168678104211,3784
839,1774306168679955044,1774306168683529024,3573
840,1774306168685345114,1774306168689417594,4072
841,1774306168691148714,1774306168694942372,3793
842,1774306168696790972,1774306168701008335,4217
843,1774306168702789537,1774306168706396503,3606
844,1774306168708164745,1774306168712418468,4253
845,1774306168714042860,1774306168718181290,4138
846,1774306168719946329,1774306168724337917,4391
847,1774306168725978319,1774306168730147896,4169
848,1774306168731656926,1774306168735977471,4320
849,1774306168737646862,1774306168741741151,4094
850,1774306168743361574,1774306168747569830,4208
851,1774306168749275375,1774306168753561286,4285
852,1774306168755132549,1774306168758447983,3315
853,1774306168760083147,1774306168763997778,3914
854,1774306168765474750,1774306168769395077,3920
855,1774306168770961537,1774306168775043974,4082
856,1774306168776487547,1774306168780917779,4430
857,1774306168782619765,1774306168786432894,3813
858,1774306168788043445,1774306168792406740,4363
859,1774306168794068069,1774306168798215267,4147
860,1774306168799860309,1774306168803301173,3440
861,1774306168805229590,1774306168809506939,4277
862,1774306168811259554,1774306168815280692,4021
863,1774306168817094924,1774306168821449533,4354
864,1774306168823290677,1774306168827329630,4038
865,1774306168829109670,1774306168833507091,4397
866,1774306168835182712,1774306168838900196,3717
867,1774306168840714267,1774306168844978275,4264
868,1774306168846800512,1774306168851006286,4205
869,1774306168852729430,1774306168856951867,4222
870,1774306168858672026,1774306168862207488,3535
871,1774306168864042298,1774306168868627953,4585
872,1774306168870311643,1774306168874736893,4425
873,1774306168876409492,1774306168880377873,3968
874,1774306168882165084,1774306168886065957,3900
875,1774306168887747309,1774306168891099750,3352
876,1774306168892821011,1774306168896659598,3838
877,1774306168898073412,1774306168901267455,3194
878,1774306168902871643,1774306168906412025,3540
879,1774306168908024423,1774306168911601500,3577
880,1774306168913272264,1774306168917505729,4233
881,1774306168919246738,1774306168922911221,3664
882,1774306168924455852,1774306168928778943,4323
883,1774306168930447844,1774306168934440636,3992
884,1774306168936303436,1774306168940611724,4308
885,1774306168942410781,1774306168946662181,4251
886,1774306168948308443,1774306168952035820,3727
887,1774306168953852097,1774306168958084972,4232
888,1774306168959717693,1774306168963795176,4077
889,1774306168965460112,1774306168969721209,4261
890,1774306168971381606,1774306168975204160,3822
891,1774306168976820822,1774306168980997771,4176
892,1774306168982664251,1774306168986709383,4045
893,1774306168988311332,1774306168991904672,3593
894,1774306168993696004,1774306168998198876,4502
895,1774306168999891396,1774306169004252971,4361
896,1774306169005937924,1774306169010249776,4311
897,1774306169012056190,1774306169016119475,4063
898,1774306169017767617,1774306169022320305,4552
899,1774306169023970967,1774306169027761897,3790
900,1774306169029326497,1774306169033700380,4373
901,1774306169035083087,1774306169039335907,4252
902,1774306169040924438,1774306169044290827,3366
903,1774306169045870130,1774306169049109689,3239
904,1774306169050679151,1774306169054109099,3429
905,1774306169055699739,1774306169059842213,4142
906,1774306169061526843,1774306169065657708,4130
907,1774306169067392481,1774306169071544830,4152
908,1774306169073279081,1774306169076944792,3665
909,1774306169078697667,1774306169082959409,4261
910,1774306169084688783,1774306169088606303,3917
911,1774306169090464340,1774306169094929839,4465
912,1774306169096861123,1774306169100503266,3642
913,1774306169102274078,1774306169106650895,4376
914,1774306169108451641,1774306169112718977,4267
915,1774306169114582817,1774306169119108539,4525
916,1774306169120858914,1774306169124656480,3797
917,1774306169126402283,1774306169130691650,4289
918,1774306169132728027,1774306169136715198,3987
919,1774306169138380796,1774306169142682761,4301
920,1774306169144552938,1774306169149075166,4522
921,1774306169150837759,1774306169154256919,3419
922,1774306169156038824,1774306169160140975,4102
923,1774306169161670849,1774306169165148038,3477
924,1774306169166973239,1774306169170453063,3479
925,1774306169171869824,1774306169175376140,3506
926,1774306169177088596,1774306169180459886,3371
927,1774306169181772035,1774306169186037342,4265
928,1774306169187535105,1774306169191605307,4070
929,1774306169193280652,1774306169196915864,3635
930,1774306169198524927,1774306169202049058,3524
931,1774306169203638351,1774306169207755335,4116
932,1774306169209460109,1774306169213497172,4037
933,1774306169215248683,1774306169219401136,4152
934,1774306169221043568,1774306169224245324,3201
935,1774306169225843292,1774306169230208443,4365
936,1774306169232010480,1774306169235478834,3468
937,1774306169237086653,1774306169241426921,4340
938,1774306169243239826,1774306169247118512,3878
939,1774306169248773127,1774306169252434956,3661
940,1774306169254145487,1774306169258797007,4651
941,1774306169260750887,1774306169264175603,3424
942,1774306169265846685,1774306169269305283,3458
943,1774306169271171598,1774306169275289224,4117
944,1774306169277036558,1774306169281289406,4252
945,1774306169283158099,1774306169287220695,4062
946,1774306169288773758,1774306169293095220,4321
947,1774306169294607188,1774306169297887503,3280
948,1774306169299527452,1774306169303771938,4244
949,1774306169305458179,1774306169309838239,4380
950,1774306169311403386,1774306169315762060,4358
951,1774306169317371589,1774306169321100228,3728
952,1774306169322713588,1774306169326220853,3507
953,1774306169327938173,1774306169332152956,4214
954,1774306169333762432,1774306169337092671,3330
955,1774306169338919727,1774306169343059940,4140
956,1774306169344651590,1774306169348124824,3473
957,1774306169349756775,1774306169353719314,3962
958,1774306169355323660,1774306169359459891,4136
959,1774306169361086209,1774306169364906210,3820
960,1774306169366548131,1774306169370137372,3589
961,1774306169371930681,1774306169376333899,4403
962,1774306169378103889,1774306169381692058,3588
963,1774306169383375844,1774306169387913539,4537
964,1774306169389622698,1774306169393144864,3522
965,1774306169395026571,1774306169398882598,3856
966,1774306169400456323,1774306169404035981,3579
967,1774306169405919681,1774306169410235679,4315
968,1774306169411882704,1774306169415624355,3741
969,1774306169417416296,1774306169421142570,3726
970,1774306169422855596,1774306169427294448,4438
971,1774306169428977430,1774306169432734653,3757
972,1774306169434351885,1774306169438748849,4396
973,1774306169440485467,1774306169444489543,4004
974,1774306169446151193,1774306169449423080,3271
975,1774306169450707871,1774306169454276473,3568
976,1774306169455906398,1774306169459268607,3362
977,1774306169460805706,1774306169464212349,3406
978,1774306169465788069,1774306169469136381,3348
979,1774306169470863142,1774306169475039658,4176
980,1774306169476760876,1774306169480952412,4191
981,1774306169482572186,1774306169486783300,4211
982,1774306169488632920,1774306169492875818,4242
983,1774306169494551211,1774306169498858747,4307
984,1774306169500790141,1774306169505184401,4394
985,1774306169507104847,1774306169511209010,4104
986,1774306169513196151,1774306169517520178,4324
987,1774306169519172460,1774306169523328925,4156
988,1774306169525147434,1774306169528867946,3720
989,1774306169530590078,1774306169534839631,4249
990,1774306169536650550,1774306169540950045,4299
991,1774306169542747892,1774306169546910799,4162
992,1774306169548794302,1774306169552773097,3978
993,1774306169554492444,1774306169558768027,4275
994,1774306169560374200,1774306169564069058,3694
995,1774306169565752413,1774306169570087444,4335
996,1774306169571619206,1774306169574904978,3285
997,1774306169576452802,1774306169580821080,4368
998,1774306169582405986,1774306169585897119,3491
999,1774306169587466802,1774306169591839626,4372
1000,1774306169593523654,1774306169597422981,3899
1001,1774306169599004598,1774306169602377712,3373
1002,1774306169603985884,1774306169607612729,3626
1003,1774306169609415361,1774306169613340600,3925
1004,1774306169615057648,1774306169618470686,3413
1005,1774306169620249292,1774306169624671939,4422
1006,1774306169626329749,1774306169630546047,4216
1007,1774306169632216963,1774306169636621232,4404
1008,1774306169638278296,1774306169642022922,3744
1009,1774306169644035916,1774306169647504414,3468
1010,1774306169649377143,1774306169653594618,4217
1011,1774306169655492295,1774306169659221332,3729
1012,1774306169661079641,1774306169665285837,4206
1013,1774306169666975227,1774306169670715122,3739
1014,1774306169672483909,1774306169677048582,4564
1015,1774306169679014982,1774306169683275780,4260
1016,1774306169684915336,1774306169689080109,4164
1017,1774306169690963121,1774306169695081851,4118
1018,1774306169696834869,1774306169700377829,3542
1019,1774306169702144319,1774306169705589713,3445
1020,1774306169707196369,1774306169710660622,3464
1021,1774306169712321020,1774306169716708535,4387
1022,1774306169718460236,1774306169722706059,4245
1023,1774306169724416776,1774306169727808749,3391
1024,1774306169729189142,1774306169732346177,3157
1025,1774306169733901037,1774306169738065302,4164
1026,1774306169739632117,1774306169743592368,3960
1027,1774306169745188795,1774306169749550178,4361
1028,1774306169751287769,1774306169755251158,3963
1029,1774306169756828339,1774306169760139919,3311
1030,1774306169761739003,1774306169765904351,4165
1031,1774306169767503243,1774306169771010925,3507
1032,1774306169772618194,1774306169776955782,4337
1033,1774306169778650057,1774306169782405905,3755
1034,1774306169784207024,1774306169788678503,4471
1035,1774306169790347825,1774306169794711874,4364
1036,1774306169796562157,1774306169800911692,4349
1037,1774306169802910119,1774306169806773324,3863
1038,1774306169808479918,1774306169812826705,4346
1039,1774306169814487276,1774306169818489654,4002
1040,1774306169820211581,1774306169824940480,4728
1041,1774306169826627894,1774306169830947448,4319
1042,1774306169832778396,1774306169836435548,3657
1043,1774306169838169163,1774306169841997917,3828
1044,1774306169843513538,1774306169848160186,4646
1045,1774306169849824393,1774306169853173800,3349
1046,1774306169854712870,1774306169858266904,3554
1047,1774306169860132146,1774306169863495854,3363
1048,1774306169865298194,1774306169869344688,4046
1049,1774306169870939743,1774306169874442673,3502
1050,1774306169876073176,1774306169880533643,4460
1051,1774306169882266904,1774306169886012523,3745
1052,1774306169887653280,1774306169891811719,4158
1053,1774306169893587796,1774306169897557790,3969
1054,1774306169899093257,1774306169903445371,4352
1055,1774306169905116979,1774306169909307183,4190
1056,1774306169911083122,1774306169915461099,4377
1057,1774306169917233144,1774306169921202834,3969
1058,1774306169922934570,1774306169927330723,4396
1059,1774306169929071015,1774306169933215336,4144
1060,1774306169935049389,1774306169939557520,4508
1061,1774306169941501924,1774306169945764574,4262
1062,1774306169947691702,1774306169951875182,4183
1063,1774306169953561704,1774306169957909911,4348
1064,1774306169959711720,1774306169963947120,4235
1065,1774306169965704717,1774306169969904246,4199
1066,1774306169971609954,1774306169975795814,4185
1067,1774306169977452195,1774306169981782707,4330
1068,1774306169983352518,1774306169987880115,4527
1069,1774306169989519874,1774306169993880531,4360
1070,1774306169995344434,1774306169999729565,4385
1071,1774306170001290526,1774306170004762218,3471
1072,1774306170006342100,1774306170009910520,3568
1073,1774306170011470771,1774306170014938772,3468
1074,1774306170016531416,1774306170020726849,4195
1075,1774306170022469168,1774306170026788136,4318
1076,1774306170028524095,1774306170032990408,4466
1077,1774306170034746192,1774306170038701349,3955
1078,1774306170040529532,1774306170044959274,4429
1079,1774306170046958721,1774306170050394834,3436
1080,1774306170052061724,1774306170055956917,3895
1081,1774306170057789909,1774306170062024793,4234
1082,1774306170063641605,1774306170067604540,3962
1083,1774306170069244139,1774306170073703622,4459
1084,1774306170075446642,1774306170079532768,4086
1085,1774306170081218193,1774306170085103555,3885
1086,1774306170086767227,1774306170091003620,4236
1087,1774306170092651925,1774306170096593908,3941
1088,1774306170098528285,1774306170102863612,4335
1089,1774306170104514056,1774306170108521614,4007
1090,1774306170110239635,1774306170114652770,4413
1091,1774306170116351461,1774306170119775573,3424
1092,1774306170121233228,1774306170124749340,3516
1093,1774306170126388728,1774306170129528384,3139
1094,1774306170130939013,1774306170134014803,3075
1095,1774306170135344246,1774306170139502984,4158
1096,1774306170141056761,1774306170144758553,3701
1097,1774306170146318595,1774306170149905964,3587
1098,1774306170151400629,1774306170155534784,4134
1099,1774306170157176346,1774306170161429051,4252
1100,1774306170163046911,1774306170167357807,4310
1101,1774306170169041142,1774306170173166762,4125
1102,1774306170174912203,1774306170179159876,4247
1103,1774306170180832016,1774306170184927054,4095
1104,1774306170186598671,1774306170191047308,4448
1105,1774306170192730753,1774306170196490296,3759
1106,1774306170198490224,1774306170202319734,3829
1107,1774306170203955689,1774306170208344227,4388
1108,1774306170210330929,1774306170214170229,3839
1109,1774306170215935258,1774306170220300284,4365
1110,1774306170222144200,1774306170226134828,3990
1111,1774306170227923303,1774306170231427542,3504
1112,1774306170233401968,1774306170237477475,4075
1113,1774306170239160310,1774306170243512004,4351
1114,1774306170245375642,1774306170249723463,4347
1115,1774306170251340753,1774306170255707821,4367
1116,1774306170257322349,1774306170261311145,3988
1117,1774306170262917390,1774306170266613665,3696
1118,1774306170268286487,1774306170272657035,4370
1119,1774306170274250594,1774306170278669747,4419
1120,1774306170280169314,1774306170283397853,3228
1121,1774306170285069195,1774306170288813870,3744
1122,1774306170290481422,1774306170293945600,3464
1123,1774306170295537992,1774306170299816989,4278
1124,1774306170301544923,1774306170305474925,3930
1125,1774306170307183413,1774306170311585419,4402
1126,1774306170313213393,1774306170317191638,3978
1127,1774306170318832238,1774306170322290588,3458
1128,1774306170324026685,1774306170328381368,4354
1129,1774306170330014021,1774306170333619993,3605
1130,1774306170335286336,1774306170339552640,4266
1131,1774306170341245162,1774306170345419065,4173
1132,1774306170347111545,1774306170351425207,4313
1133,1774306170353088780,1774306170357297243,4208
1134,1774306170359029599,1774306170363504701,4475
1135,1774306170365247716,1774306170369053604,3805
1136,1774306170370725318,1774306170374968135,4242
1137,1774306170376637981,1774306170380997374,4359
1138,1774306170382666097,1774306170386945625,4279
1139,1774306170388582769,1774306170392819004,4236
1140,1774306170394389939,1774306170398765109,4375
1141,1774306170400290902,1774306170404748766,4457
1142,1774306170406434437,1774306170410727450,4293
1143,1774306170412388510,1774306170415707261,3318
1144,1774306170417068333,1774306170420658041,3589
1145,1774306170422269907,1774306170425569485,3299
1146,1774306170427182614,1774306170431533220,4350
1147,1774306170433292112,1774306170437524552,4232
1148,1774306170439197620,1774306170443604173,4406
1149,1774306170445364726,1774306170449557367,4192
1150,1774306170451222741,1774306170455656247,4433
1151,1774306170457388445,1774306170461544711,4156
1152,1774306170463420530,1774306170467048390,3627
1153,1774306170468970411,1774306170473261577,4291
1154,1774306170474933742,1774306170478390933,3457
1155,1774306170480075987,1774306170483472463,3396
1156,1774306170485135984,1774306170489384991,4249
1157,1774306170491016122,1774306170494615513,3599
1158,1774306170496249563,1774306170500408269,4158
1159,1774306170502114062,1774306170506293228,4179
1160,1774306170508065765,1774306170512332453,4266
1161,1774306170514206941,1774306170518337359,4130
1162,1774306170520094045,1774306170524526080,4432
1163,1774306170526230750,1774306170530602505,4371
1164,1774306170532211281,1774306170536570027,4358
1165,1774306170538236415,1774306170541960971,3724
1166,1774306170543612382,1774306170548106919,4494
1167,1774306170549697230,1774306170552676683,2979
1168,1774306170554024891,1774306170557344179,3319
1169,1774306170558824470,1774306170562950259,4125
1170,1774306170564571660,1774306170568704134,4132
1171,1774306170570354871,1774306170574638964,4284
1172,1774306170576344374,1774306170580583938,4239
1173,1774306170582457681,1774306170586763968,4306
1174,1774306170588572952,1774306170593071608,4498
1175,1774306170594783665,1774306170598826102,4042
1176,1774306170600554321,1774306170604356448,3802
1177,1774306170606135494,1774306170610606549,4471
1178,1774306170612248771,1774306170616082895,3834
1179,1774306170617744502,1774306170621972759,4228
1180,1774306170623742657,1774306170628164442,4421
1181,1774306170630013959,1774306170633564190,3550
1182,1774306170635501847,1774306170639343578,3841
1183,1774306170641182328,1774306170645530111,4347
1184,1774306170647517355,1774306170651199197,3681
1185,1774306170652898910,1774306170657132220,4233
1186,1774306170658822233,1774306170662349675,3527
1187,1774306170664064952,1774306170668508245,4443
1188,1774306170670242596,1774306170674412364,4169
1189,1774306170676078369,1774306170680403170,4324
1190,1774306170682120354,1774306170685971227,3850
1191,1774306170687654363,1774306170691900531,4246
1192,1774306170693449958,1774306170697307174,3857
1193,1774306170698833865,1774306170702918284,4084
1194,1774306170704722050,1774306170708088693,3366
1195,1774306170709698844,1774306170713254498,3555
1196,1774306170714995262,1774306170719350040,4354
1197,1774306170721146771,1774306170725024847,3878
1198,1774306170726661323,1774306170730569887,3908
1199,1774306170732254697,1774306170736356080,4101
1200,1774306170737950363,1774306170742076409,4126
1201,1774306170743481408,1774306170747707160,4225
1202,1774306170749385249,1774306170753664687,4279
1203,1774306170755318004,1774306170759486442,4168
1204,1774306170761154567,1774306170765308881,4154
1205,1774306170766941143,1774306170771072424,4131
1206,1774306170772902068,1774306170777056334,4154
1207,1774306170778628487,1774306170782452025,3823
1208,1774306170784342027,1774306170788642570,4300
1209,1774306170790370176,1774306170794193395,3823
1210,1774306170795954095,1774306170800406954,4452
1211,1774306170802123539,1774306170806280179,4156
1212,1774306170807762400,1774306170812012404,4250
1213,1774306170813629849,1774306170817446813,3816
1214,1774306170818869921,1774306170821886519,3016
1215,1774306170823474121,1774306170827133724,3659
1216,1774306170828736610,1774306170831907035,3170
1217,1774306170833484682,1774306170837749691,4265
1218,1774306170839342530,1774306170843080360,3737
1219,1774306170844776935,1774306170848202663,3425
1220,1774306170849907741,1774306170854141808,4234
1221,1774306170855734206,1774306170859285848,3551
1222,1774306170861024021,1774306170865253011,4228
1223,1774306170866926058,1774306170870997531,4071
1224,1774306170872599445,1774306170877067922,4468
1225,1774306170878748933,1774306170883083007,4334
1226,1774306170884946603,1774306170889292621,4346
1227,1774306170891014635,1774306170895199668,4185
1228,1774306170897030796,1774306170900689695,3658
1229,1774306170902358367,1774306170906594792,4236
1230,1774306170908275652,1774306170912003092,3727
1231,1774306170913692194,1774306170918085025,4392
1232,1774306170919738162,1774306170923422258,3684
1233,1774306170925466802,1774306170929923645,4456
1234,1774306170931722986,1774306170935468701,3745
1235,1774306170937201906,1774306170941614864,4412
1236,1774306170943255966,1774306170947434138,4178
1237,1774306170949268458,1774306170953426070,4157
1238,1774306170954938128,1774306170959209859,4271
1239,1774306170960472062,1774306170963706659,3234
1240,1774306170965257590,1774306170969625681,4368
1241,1774306170971206028,1774306170975215771,4009
1242,1774306170976897878,1774306170981068457,4170
1243,1774306170982693263,1774306170986207568,3514
1244,1774306170987961315,1774306170992407392,4446
1245,1774306170994054444,1774306170997857114,3802
1246,1774306170999485021,1774306171003918685,4433
1247,1774306171006033499,1774306171009992999,3959
1248,1774306171011627780,1774306171016168066,4540
1249,1774306171017961970,1774306171022196159,4234
1250,1774306171024194909,1774306171028493296,4298
1251,1774306171030329423,1774306171034665424,4336
1252,1774306171036397516,1774306171040872544,4475
1253,1774306171042547433,1774306171046176717,3629
1254,1774306171048191190,1774306171052595413,4404
1255,1774306171054276842,1774306171057998326,3721
1256,1774306171059911188,1774306171063740242,3829
1257,1774306171065396487,1774306171069414454,4017
1258,1774306171071132843,1774306171075283365,4150
1259,1774306171076972695,1774306171081157265,4184
1260,1774306171082772441,1774306171086151602,3379
1261,1774306171087784976,1774306171091779337,3994
1262,1774306171093194186,1774306171097198211,4004
1263,1774306171098482063,1774306171102708669,4226
1264,1774306171104153954,1774306171107850961,3697
1265,1774306171109478172,1774306171113584604,4106
1266,1774306171115290149,1774306171119396882,4106
1267,1774306171121039413,1774306171124494909,3455
1268,1774306171126281946,1774306171130509917,4227
1269,1774306171132248510,1774306171136218726,3970
1270,1774306171137907775,1774306171142088409,4180
1271,1774306171143730573,1774306171147614500,3883
1272,1774306171149261420,1774306171153631035,4369
1273,1774306171155280697,1774306171158847863,3567
1274,1774306171160558298,1774306171165008848,4450
1275,1774306171166760400,1774306171170666746,3906
1276,1774306171172516294,1774306171177026970,4510
1277,1774306171178773618,1774306171182792120,4018
1278,1774306171184525292,1774306171188939024,4413
1279,1774306171190727831,1774306171194796990,4069
1280,1774306171196574206,1774306171200968463,4394
1281,1774306171202628136,1774306171206912565,4284
1282,1774306171208491901,1774306171212924913,4433
1283,1774306171214559766,1774306171218036409,3476
1284,1774306171219769460,1774306171223674028,3904
1285,1774306171225269748,1774306171228684666,3414
1286,1774306171230197817,1774306171234490247,4292
1287,1774306171236058703,1774306171240161733,4103
1288,1774306171241583305,1774306171245647741,4064
1289,1774306171247188238,1774306171250782236,3593
1290,1774306171252564366,1774306171256798402,4234
1291,1774306171258478999,1774306171261961699,3482
1292,1774306171263851253,1774306171267985455,4134
1293,1774306171269606980,1774306171273595488,3988
1294,1774306171275215341,1774306171279293058,4077
1295,1774306171281010945,1774306171284291563,3280
1296,1774306171285860735,1774306171290007848,4147
1297,1774306171291700013,1774306171296182724,4482
1298,1774306171297921479,1774306171301516541,3595
1299,1774306171303375638,1774306171307465582,4089
1300,1774306171309288228,1774306171313727777,4439
1301,1774306171315453778,1774306171319425620,3971
1302,1774306171321179509,1774306171325569215,4389
1303,1774306171327399326,1774306171331743143,4343
1304,1774306171333526463,1774306171338095049,4568
1305,1774306171339817154,1774306171343893125,4075
1306,1774306171345549342,1774306171350041185,4491
1307,1774306171351545325,1774306171355408563,3863
1308,1774306171357037718,1774306171360369591,3331
1309,1774306171361983084,1774306171365372550,3389
1310,1774306171367003886,1774306171370369243,3365
1311,1774306171371999522,1774306171375682145,3682
1312,1774306171377278391,1774306171381049560,3771
1313,1774306171382583415,1774306171386855185,4271
1314,1774306171388645397,1774306171392294861,3649
1315,1774306171394037264,1774306171398763188,4725
1316,1774306171400456113,1774306171404019254,3563
1317,1774306171405848062,1774306171410145702,4297
1318,1774306171411706710,1774306171415270057,3563
1319,1774306171417025668,1774306171421380508,4354
1320,1774306171423038090,1774306171426636138,3598
1321,1774306171428273387,1774306171432103189,3829
1322,1774306171433743173,1774306171437861391,4118
1323,1774306171439522160,1774306171443228114,3705
1324,1774306171445038332,1774306171449382268,4343
1325,1774306171451058267,1774306171454614021,3555
1326,1774306171456471682,1774306171460749034,4277
1327,1774306171462489297,1774306171466112629,3623
1328,1774306171467784342,1774306171471984357,4200
1329,1774306171473635814,1774306171477172328,3536
1330,1774306171478951499,1774306171483259099,4307
1331,1774306171484999034,1774306171488310591,3311
1332,1774306171489869696,1774306171493424370,3554
1333,1774306171495110546,1774306171499661557,4551
1334,1774306171501284671,1774306171505053110,3768
1335,1774306171506695621,1774306171510187437,3491
1336,1774306171511738909,1774306171515598448,3859
1337,1774306171517349632,1774306171521414374,4064
1338,1774306171522914038,1774306171526631560,3717
1339,1774306171528326719,1774306171532637633,4310
1340,1774306171534344079,1774306171538596326,4252
1341,1774306171540482814,1774306171544705665,4222
1342,1774306171546465356,1774306171550618061,4152
1343,1774306171552466994,1774306171556790975,4323
1344,1774306171558430265,1774306171562368574,3938
1345,1774306171564164841,1774306171568050371,3885
1346,1774306171569857861,1774306171574105935,4248
1347,1774306171575808528,1774306171580116725,4308
1348,1774306171581927680,1774306171586031939,4104
1349,1774306171587790809,1774306171592507612,4716
1350,1774306171594204306,1774306171598506481,4302
1351,1774306171600373285,1774306171604687186,4313
1352,1774306171606328691,1774306171610644550,4315
1353,1774306171612491804,1774306171616923683,4431
1354,1774306171618519310,1774306171622671301,4151
1355,1774306171624388592,1774306171628791622,4403
1356,1774306171630542214,1774306171634576943,4034
1357,1774306171636126931,1774306171640513974,4387
1358,1774306171642100229,1774306171645145959,3045
1359,1774306171646886589,1774306171650273362,3386
1360,1774306171651685294,1774306171655154799,3469
1361,1774306171656625032,1774306171660900283,4275
1362,1774306171662533917,1774306171666034956,3501
1363,1774306171667881076,1774306171671258233,3377
1364,1774306171672895317,1774306171677057037,4161
1365,1774306171678695094,1774306171682208181,3513
1366,1774306171683862854,1774306171688273104,4410
1367,1774306171689922694,1774306171693610486,3687
1368,1774306171695213446,1774306171698918312,3704
1369,1774306171700788295,1774306171705016149,4227
1370,1774306171706748602,1774306171710280654,3532
1371,1774306171711927469,1774306171715636438,3708
1372,1774306171717333974,1774306171721601038,4267
1373,1774306171723273272,1774306171726986299,3713
1374,1774306171728629584,1774306171732924527,4294
1375,1774306171734440739,1774306171738088618,3647
1376,1774306171739684068,1774306171743992933,4308
1377,1774306171745705748,1774306171749401858,3696
1378,1774306171751017848,1774306171755100127,4082
1379,1774306171756724313,1774306171760241235,3516
1380,1774306171761976851,1774306171766399214,4422
1381,1774306171768037870,1774306171771718668,3680
1382,1774306171773458789,1774306171777114423,3655
1383,1774306171778688737,1774306171783030848,4342
1384,1774306171784538615,1774306171787994509,3455
1385,1774306171789685427,1774306171793171182,3485
1386,1774306171794720356,1774306171798079908,3359
1387,1774306171799717147,1774306171803993375,4276
1388,1774306171805582758,1774306171809429913,3847
1389,1774306171811142198,1774306171815359265,4217
1390,1774306171817025594,1774306171820996847,3971
1391,1774306171822782739,1774306171827229420,4446
1392,1774306171828939105,1774306171832899101,3959
1393,1774306171834552369,1774306171839036447,4484
1394,1774306171840744442,1774306171844571570,3827
1395,1774306171846504569,1774306171851094641,4590
1396,1774306171852843885,1774306171856879829,4035
1397,1774306171858540777,1774306171862928974,4388
1398,1774306171864618649,1774306171868733522,4114
1399,1774306171870459921,1774306171874749042,4289
1400,1774306171876487457,1774306171880466552,3979
1401,1774306171882175734,1774306171886613617,4437
1402,1774306171888165984,1774306171892161362,3995
1403,1774306171894109952,1774306171898680819,4570
1404,1774306171900392652,1774306171904675308,4282
1405,1774306171906320060,1774306171910529564,4209
1406,1774306171912139256,1774306171916193545,4054
1407,1774306171917724595,1774306171920824305,3099
1408,1774306171922419280,1774306171926692877,4273
1409,1774306171928234755,1774306171931657658,3422
1410,1774306171933373909,1774306171937613685,4239
1411,1774306171939172883,1774306171942942220,3769
1412,1774306171944611507,1774306171948796350,4184
1413,1774306171950443694,1774306171954163244,3719
1414,1774306171955960860,1774306171959379299,3418
1415,1774306171961046822,1774306171965383696,4336
1416,1774306171967021713,1774306171970385207,3363
1417,1774306171971993234,1774306171976132688,4139
1418,1774306171977862554,1774306171981417194,3554
1419,1774306171983087686,1774306171987252083,4164
1420,1774306171988870354,1774306171992731477,3861
1421,1774306171994558526,1774306171999027733,4469
1422,1774306172000777371,1774306172004482992,3705
1423,1774306172006210375,1774306172010129246,3918
1424,1774306172011789842,1774306172015708850,3919
1425,1774306172017362808,1774306172021386300,4023
1426,1774306172023052462,1774306172027221082,4168
1427,1774306172028938425,1774306172032391313,3452
1428,1774306172034019633,1774306172038503288,4483
1429,1774306172040160085,1774306172044741508,4581
1430,1774306172046456519,1774306172050863751,4407
1431,1774306172052554332,1774306172056129521,3575
1432,1774306172057809428,1774306172061608806,3799
1433,1774306172063183848,1774306172066854057,3670
1434,1774306172068520634,1774306172072828169,4307
1435,1774306172074427706,1774306172077969406,3541
1436,1774306172079761439,1774306172084026375,4264
1437,1774306172085706795,1774306172089234693,3527
1438,1774306172091038065,1774306172095383010,4344
1439,1774306172097118558,1774306172101079779,3961
1440,1774306172102740176,1774306172106962700,4222
1441,1774306172108581891,1774306172112611151,4029
1442,1774306172114278312,1774306172118609158,4330
1443,1774306172120270152,1774306172124480176,4210
1444,1774306172126164016,1774306172130367307,4203
1445,1774306172131998522,1774306172136207053,4208
1446,1774306172137933946,1774306172142140700,4206
1447,1774306172143757815,1774306172147829186,4071
1448,1774306172149609537,1774306172153885449,4275
1449,1774306172155619496,1774306172159723157,4103
1450,1774306172161265547,1774306172165024744,3759
1451,1774306172166677707,1774306172170922493,4244
1452,1774306172172612093,1774306172176545255,3933
1453,1774306172178145615,1774306172182500048,4354
1454,1774306172184208941,1774306172188408141,4199
1455,1774306172190114577,1774306172194517831,4403
1456,1774306172196088366,1774306172200270470,4182
1457,1774306172201821338,1774306172206154047,4332
1458,1774306172207807226,1774306172212028878,4221
1459,1774306172213693195,1774306172217617025,3923
1460,1774306172219339105,1774306172223747404,4408
1461,1774306172225479647,1774306172229159165,3679
1462,1774306172230915016,1774306172234243019,3328
1463,1774306172236091175,1774306172240403090,4311
1464,1774306172242051508,1774306172245811147,3759
1465,1774306172247761942,1774306172252105330,4343
1466,1774306172253742750,1774306172257553865,3811
1467,1774306172259494962,1774306172263889485,4394
1468,1774306172265558564,1774306172269500350,3941
1469,1774306172271361651,1774306172275889774,4528
1470,1774306172277536763,1774306172281512657,3975
1471,1774306172283435910,1774306172287719275,4283
1472,1774306172289392899,1774306172293541872,4148
1473,1774306172295405716,1774306172299932756,4527
1474,1774306172301636282,1774306172305662276,4025
1475,1774306172307548479,1774306172312074037,4525
1476,1774306172313533673,1774306172317299447,3765
1477,1774306172319067016,1774306172323544951,4477
1478,1774306172325072969,1774306172328794191,3721
1479,1774306172330505671,1774306172334085278,3579
1480,1774306172335746417,1774306172340116652,4370
1481,1774306172341615230,1774306172345035189,3419
1482,1774306172346689389,1774306172350155404,3466
1483,1774306172351753172,1774306172355699647,3946
1484,1774306172357329810,1774306172361704233,4374
1485,1774306172363328942,1774306172367489316,4160
1486,1774306172369206131,1774306172373441114,4234
1487,1774306172375070127,1774306172378558989,3488
1488,1774306172380393844,1774306172384658595,4264
1489,1774306172386288810,1774306172390005529,3716
1490,1774306172391711761,1774306172395975449,4263
1491,1774306172397610990,1774306172401557509,3946
1492,1774306172403451358,1774306172407774672,4323
1493,1774306172409410892,1774306172413345765,3934
1494,1774306172415563601,1774306172419997247,4433
1495,1774306172421790299,1774306172426011492,4221
1496,1774306172427660389,1774306172432092902,4432
1497,1774306172433770330,1774306172437943792,4173
1498,1774306172439583604,1774306172443269443,3685
1499,1774306172445101647,1774306172449614952,4513
1500,1774306172451341203,1774306172455806459,4465
1501,1774306172457454667,1774306172461709501,4254
1502,1774306172463041250,1774306172466672915,3631
1503,1774306172468338631,1774306172472753416,4414
1504,1774306172474206244,1774306172478322927,4116
1505,1774306172479966632,1774306172483372724,3406
1506,1774306172484821492,1774306172489020144,4198
1507,1774306172490723829,1774306172495090486,4366
1508,1774306172496920292,1774306172501115188,4194
1509,1774306172502949928,1774306172507125180,4175
1510,1774306172508907953,1774306172513092956,4185
1511,1774306172514793239,1774306172518963916,4170
1512,1774306172520580412,1774306172524255176,3674
1513,1774306172525890421,1774306172529214175,3323
1514,1774306172530820088,1774306172535001722,4181
1515,1774306172536697317,1774306172540223071,3525
1516,1774306172541824822,1774306172545962288,4137
1517,1774306172547562730,1774306172551540794,3978
1518,1774306172553532849,1774306172557062336,3529
1519,1774306172558685690,1774306172562963350,4277
1520,1774306172564601096,1774306172568100139,3499
1521,1774306172569903029,1774306172574038285,4135
1522,1774306172575733341,1774306172579645470,3912
1523,1774306172581263936,1774306172585573067,4309
1524,1774306172587312336,1774306172591438646,4126
1525,1774306172593058237,1774306172596564879,3506
1526,1774306172598181853,1774306172602598636,4416
1527,1774306172604177291,1774306172608040721,3863
1528,1774306172609632052,1774306172612831101,3199
1529,1774306172614527529,1774306172618742748,4215
1530,1774306172620390566,1774306172624070811,3680
1531,1774306172625678045,1774306172629207302,3529
1532,1774306172630777571,1774306172634313575,3536
1533,1774306172636058892,1774306172639818029,3759
1534,1774306172641497776,1774306172645807587,4309
1535,1774306172647794186,1774306172651677065,3882
1536,1774306172653298133,1774306172657853820,4555
1537,1774306172659753291,1774306172663502988,3749
1538,1774306172665125938,1774306172669086936,3960
1539,1774306172670709582,1774306172674065575,3355
1540,1774306172675641286,1774306172680046610,4405
1541,1774306172681706985,1774306172685891610,4184
1542,1774306172687503604,1774306172691689266,4185
1543,1774306172693471184,1774306172697591720,4120
1544,1774306172699307341,1774306172703661498,4354
1545,1774306172705557887,1774306172710072488,4514
1546,1774306172711751201,1774306172716157979,4406
1547,1774306172717862883,1774306172722107207,4244
1548,1774306172723838415,1774306172727161880,3323
1549,1774306172729019016,1774306172732503141,3484
1550,1774306172734098488,1774306172738777819,4679
1551,1774306172739978046,1774306172743298503,3320
1552,1774306172744876305,1774306172748480388,3604
1553,1774306172750014268,1774306172753292318,3278
1554,1774306172754704973,1774306172758112356,3407
1555,1774306172759710539,1774306172763947104,4236
1556,1774306172765478165,1774306172769588831,4110
1557,1774306172771309268,1774306172775577333,4268
1558,1774306172777288690,1774306172781432346,4143
1559,1774306172783117044,1774306172787277431,4160
1560,1774306172788898552,1774306172792297692,3399
1561,1774306172794023540,1774306172798082925,4059
1562,1774306172799720370,1774306172803516174,3795
1563,1774306172805235417,1774306172809037780,3802
1564,1774306172810800274,1774306172814833554,4033
1565,1774306172816455458,1774306172820260516,3805
1566,1774306172821875978,1774306172825346307,3470
1567,1774306172826987814,1774306172831243001,4255
1568,1774306172832848065,1774306172836165467,3317
1569,1774306172837852433,1774306172841614302,3761
1570,1774306172843324579,1774306172847203479,3878
1571,1774306172848898534,1774306172852618996,3720
1572,1774306172854202130,1774306172858174166,3972
1573,1774306172859826449,1774306172864042258,4215
1574,1774306172865653281,1774306172868847320,3194
1575,1774306172870422633,1774306172873801005,3378
1576,1774306172875415227,1774306172878887084,3471
1577,1774306172880419908,1774306172884772095,4352
1578,1774306172886363654,1774306172889782027,3418
1579,1774306172891439889,1774306172894896575,3456
1580,1774306172896432370,1774306172900444659,4012
1581,1774306172902052914,1774306172906301830,4248
1582,1774306172907933238,1774306172912055086,4121
1583,1774306172913658818,1774306172917678274,4019
1584,1774306172919313948,1774306172923628226,4314
1585,1774306172925259390,1774306172929453334,4193
1586,1774306172931060372,1774306172935152796,4092
1587,1774306172936780909,1774306172940297485,3516
1588,1774306172942042127,1774306172946164335,4122
1589,1774306172947812526,1774306172951492907,3680
1590,1774306172953252305,1774306172957482585,4230
1591,1774306172959146382,1774306172963407456,4261
1592,1774306172965136551,1774306172969486863,4350
1593,1774306172971415581,1774306172975519007,4103
1594,1774306172977306407,1774306172981197313,3890
1595,1774306172983022850,1774306172986601907,3579
1596,1774306172988452567,1774306172992940347,4487
1597,1774306172994626449,1774306172998100155,3473
1598,1774306172999791038,1774306173004005120,4214
1599,1774306173005636486,1774306173008995382,3358
1600,1774306173010697655,1774306173013909046,3211
1601,1774306173015523108,1774306173019885964,4362
1602,1774306173021358970,1774306173024830257,3471
1603,1774306173026388658,1774306173029682257,3293
1604,1774306173031056708,1774306173035494733,4438
1605,1774306173037169665,1774306173041169704,4000
1606,1774306173042794967,1774306173047055110,4260
1607,1774306173048876925,1774306173052950018,4073
1608,1774306173054726405,1774306173059096087,4369
1609,1774306173060956283,1774306173065177032,4220
1610,1774306173066852453,1774306173071062282,4209
1611,1774306173072753825,1774306173077050656,4296
1612,1774306173078717309,1774306173082256854,3539
1613,1774306173083874170,1774306173087366721,3492
1614,1774306173089027685,1774306173093306824,4279
1615,1774306173095056846,1774306173098797474,3740
1616,1774306173100448728,1774306173104186000,3737
1617,1774306173105852833,1774306173110048744,4195
1618,1774306173111860696,1774306173116088928,4228
1619,1774306173117749995,1774306173121395939,3645
1620,1774306173122933134,1774306173126808736,3875
1621,1774306173128504392,1774306173132926287,4421
1622,1774306173134560180,1774306173138513999,3953
1623,1774306173140075176,1774306173144469695,4394
1624,1774306173146143816,1774306173150267891,4124
1625,1774306173151791634,1774306173156242728,4451
1626,1774306173157892500,1774306173161364494,3471
1627,1774306173162939848,1774306173166507413,3567
1628,1774306173168294740,1774306173171985501,3690
1629,1774306173173774408,1774306173177997635,4223
1630,1774306173179628804,1774306173183113853,3485
1631,1774306173184708069,1774306173189036142,4328
1632,1774306173190779015,1774306173194862230,4083
1633,1774306173196529049,1774306173200686924,4157
1634,1774306173202432709,1774306173206649436,4216
1635,1774306173208425437,1774306173212619980,4194
1636,1774306173214380432,1774306173218669481,4289
1637,1774306173220346743,1774306173224206840,3860
1638,1774306173225971048,1774306173230472769,4501
1639,1774306173232150929,1774306173235856576,3705
1640,1774306173237604166,1774306173241967935,4363
1641,1774306173243588821,1774306173247510222,3921
1642,1774306173249185283,1774306173252975869,3790
1643,1774306173254851715,1774306173258456280,3604
1644,1774306173260146916,1774306173264607833,4460
1645,1774306173266328120,1774306173270705013,4376
1646,1774306173272315106,1774306173276576058,4260
1647,1774306173278169338,1774306173282343559,4174
1648,1774306173284033428,1774306173287234942,3201
1649,1774306173288656645,1774306173292006752,3350
1650,1774306173293647877,1774306173297444792,3796
1651,1774306173298846309,1774306173302338833,3492
1652,1774306173303947409,1774306173308344868,4397
1653,1774306173310045144,1774306173314198877,4153
1654,1774306173315808612,1774306173319325302,3516
1655,1774306173321083996,1774306173325254109,4170
1656,1774306173326845145,1774306173330546055,3700
1657,1774306173332355675,1774306173336761202,4405
1658,1774306173338383031,1774306173342610940,4227
1659,1774306173344483338,1774306173348803367,4320
1660,1774306173350449397,1774306173354663175,4213
1661,1774306173356574354,1774306173360868459,4294
1662,1774306173362537973,1774306173366502584,3964
1663,1774306173368426723,1774306173372934651,4507
1664,1774306173374592088,1774306173378187478,3595
1665,1774306173380127518,1774306173384482604,4355
1666,1774306173386202344,1774306173390025650,3823
1667,1774306173391708657,1774306173395337329,3628
1668,1774306173397000627,1774306173401187247,4186
1669,1774306173403070023,1774306173407381214,4311
1670,1774306173409149157,1774306173412639116,3489
1671,1774306173414038332,1774306173417743430,3705
1672,1774306173419436146,1774306173423432422,3996
1673,1774306173424992520,1774306173428816894,3824
1674,1774306173430303422,1774306173433596782,3293
1675,1774306173435231201,1774306173439326623,4095
1676,1774306173440900870,1774306173444250042,3349
1677,1774306173445685381,1774306173449105374,3419
1678,1774306173450819284,1774306173454559316,3740
1679,1774306173456186311,1774306173460141684,3955
1680,1774306173461773527,1774306173465969155,4195
1681,1774306173467608475,1774306173471934718,4326
1682,1774306173479008573,1774306173483114660,4106
1683,1774306173484743223,1774306173488949531,4206
1684,1774306173490625668,1774306173494863504,4237
1685,1774306173496572925,1774306173500747938,4175
1686,1774306173502568714,1774306173506701971,4133
1687,1774306173508612728,1774306173513108733,4496
1688,1774306173514809478,1774306173518508654,3699
1689,1774306173520303599,1774306173524560761,4257
1690,1774306173526328448,1774306173530706893,4378
1691,1774306173532688666,1774306173536964971,4276
1692,1774306173538527703,1774306173542844135,4316
1693,1774306173544606033,1774306173549006682,4400
1694,1774306173550656775,1774306173555156478,4499
1695,1774306173556765724,1774306173561286125,4520
1696,1774306173562846019,1774306173567246929,4400
1697,1774306173568952072,1774306173572212666,3260
1698,1774306173573856329,1774306173577395798,3539
1699,1774306173578944173,1774306173582253380,3309
1700,1774306173583782761,1774306173587056739,3273
1701,1774306173588911433,1774306173593013415,4101
1702,1774306173594621729,1774306173598473881,3852
1703,1774306173600160614,1774306173604611795,4451
1704,1774306173606326214,1774306173610049753,3723
1705,1774306173611882157,1774306173615394679,3512
1706,1774306173617067816,1774306173621109981,4042
1707,1774306173622757181,1774306173626888065,4130
1708,1774306173628660165,1774306173632134236,3474
1709,1774306173633828447,1774306173637965767,4137
1710,1774306173639574060,1774306173643397801,3823
1711,1774306173645035651,1774306173649441560,4405
1712,1774306173651147886,1774306173655258523,4110
1713,1774306173656951214,1774306173660731638,3780
1714,1774306173662501965,1774306173666742374,4240
1715,1774306173668392556,1774306173672748185,4355
1716,1774306173674641411,1774306173678800126,4158
1717,1774306173680550618,1774306173684066954,3516
1718,1774306173685830189,1774306173690264953,4434
1719,1774306173692066218,1774306173696589308,4523
1720,1774306173698276600,1774306173702573422,4296
1721,1774306173704321466,1774306173708583700,4262
1722,1774306173710194295,1774306173713902363,3708
1723,1774306173715533446,1774306173719060539,3527
1724,1774306173720676447,1774306173724044152,3367
1725,1774306173725615125,1774306173729661579,4046
1726,1774306173731443052,1774306173735462735,4019
1727,1774306173737155755,1774306173741843643,4687
1728,1774306173743499221,1774306173747515386,4016
1729,1774306173749132219,1774306173752509760,3377
1730,1774306173754166624,1774306173758502308,4335
1731,1774306173760192085,1774306173763828963,3636
1732,1774306173765522859,1774306173769035334,3512
1733,1774306173770643039,1774306173774715610,4072
1734,1774306173776332653,1774306173780058467,3725
1735,1774306173781619553,1774306173785874008,4254
1736,1774306173787501793,1774306173791280682,3778
1737,1774306173792843064,1774306173796637038,3793
1738,1774306173798227908,1774306173802418323,4190
1739,1774306173804106933,1774306173808262435,4155
1740,1774306173810015605,1774306173814647910,4632
1741,1774306173816466517,1774306173820824300,4357
1742,1774306173822436991,1774306173826874074,4437
1743,1774306173828474513,1774306173831850670,3376
1744,1774306173833553617,1774306173838060022,4506
1745,1774306173839773895,1774306173843199444,3425
1746,1774306173844863062,1774306173848592445,3729
1747,1774306173850235841,1774306173853444667,3208
1748,1774306173854971636,1774306173859192196,4220
1749,1774306173860755388,1774306173864968861,4213
1750,1774306173866529967,1774306173870011568,3481
1751,1774306173871729332,1774306173875812113,4082
1752,1774306173877547826,1774306173881702628,4154
1753,1774306173883326893,1774306173887477680,4150
1754,1774306173889097843,1774306173893180920,4083
1755,1774306173894868333,1774306173898333586,3465
1756,1774306173900060666,1774306173903663398,3602
1757,1774306173905465409,1774306173909645620,4180
1758,1774306173911326734,1774306173915128374,3801
1759,1774306173916881793,1774306173921159426,4277
1760,1774306173922781352,1774306173926755389,3974
1761,1774306173928488339,1774306173932683939,4195
1762,1774306173934301184,1774306173938312760,4011
1763,1774306173940108659,1774306173944295555,4186
1764,1774306173946107858,1774306173950140513,4032
1765,1774306173951816950,1774306173955433689,3616
1766,1774306173957296987,1774306173961638487,4341
1767,1774306173963397696,1774306173967768243,4370
1768,1774306173969381825,1774306173973664071,4282
1769,1774306173975397383,1774306173979047236,3649
1770,1774306173980642488,1774306173984078630,3436
1771,1774306173985626285,1774306173989633619,4007
1772,1774306173991264962,1774306173995221895,3956
1773,1774306173996850560,1774306174001155192,4304
1774,1774306174003133112,1774306174007222014,4088
1775,1774306174009161568,1774306174013561333,4399
1776,1774306174015206259,1774306174019331497,4125
1777,1774306174021109040,1774306174025491226,4382
1778,1774306174027115909,1774306174031325436,4209
1779,1774306174033112330,1774306174037457662,4345
1780,1774306174039161352,1774306174043306149,4144
1781,1774306174045099171,1774306174049579305,4480
1782,1774306174051256072,1774306174055329502,4073
1783,1774306174057012344,1774306174060515943,3503
1784,1774306174062356786,1774306174066793979,4437
1785,1774306174068569294,1774306174072214584,3645
1786,1774306174074175079,1774306174078640860,4465
1787,1774306174080293754,1774306174084091331,3797
1788,1774306174085780912,1774306174090085324,4304
1789,1774306174091813348,1774306174095413202,3599
1790,1774306174096821852,1774306174100246581,3424
1791,1774306174101882206,1774306174106479524,4597
1792,1774306174108158672,1774306174111641008,3482
1793,1774306174113453039,1774306174118065602,4612
1794,1774306174119583248,1774306174123533943,3950
1795,1774306174125048617,1774306174129490724,4442
1796,1774306174130958634,1774306174134608273,3649
1797,1774306174136199265,1774306174140024745,3825
1798,1774306174141796407,1774306174146043418,4247
1799,1774306174147689054,1774306174151561271,3872
1800,1774306174153180223,1774306174157321312,4141
1801,1774306174158945072,1774306174162624282,3679
1802,1774306174164238531,1774306174168032489,3793
1803,1774306174169706993,1774306174173185577,3478
1804,1774306174174854277,1774306174178938695,4084
1805,1774306174180542871,1774306174184504356,3961
1806,1774306174186273453,1774306174190517687,4244
1807,1774306174192122462,1774306174195905777,3783
1808,1774306174197558519,1774306174201682460,4123
1809,1774306174203458441,1774306174207813982,4355
1810,1774306174209504790,1774306174213204028,3699
1811,1774306174215022704,1774306174219567505,4544
1812,1774306174221394564,1774306174225211277,3816
1813,1774306174226928501,1774306174231417437,4488
1814,1774306174232868644,1774306174236782030,3913
1815,1774306174238256183,1774306174242778333,4522
1816,1774306174244415292,1774306174248352779,3937
1817,1774306174249802597,1774306174253585311,3782
1818,1774306174255186405,1774306174258899177,3712
1819,1774306174260464457,1774306174264899810,4435
1820,1774306174266453297,1774306174270474634,4021
1821,1774306174272180985,1774306174276222674,4041
1822,1774306174277882176,1774306174281397710,3515
1823,1774306174283128521,1774306174287716358,4587
1824,1774306174289379137,1774306174293753566,4374
1825,1774306174295480348,1774306174299869050,4388
1826,1774306174301529284,1774306174305179328,3650
1827,1774306174307131194,1774306174311562380,4431
1828,1774306174313432980,1774306174317606517,4173
1829,1774306174319508285,1774306174323269131,3760
1830,1774306174325122849,1774306174329209436,4086
1831,1774306174331008154,1774306174334900849,3892
1832,1774306174336546464,1774306174340190593,3644
1833,1774306174341845228,1774306174346238826,4393
1834,1774306174348016183,1774306174351885523,3869
1835,1774306174353760158,1774306174357589235,3829
1836,1774306174359289764,1774306174363546046,4256
1837,1774306174365528825,1774306174370343445,4814
1838,1774306174372317893,1774306174376741903,4424
1839,1774306174378346574,1774306174382580377,4233
1840,1774306174384277553,1774306174387927862,3650
1841,1774306174389560909,1774306174393030383,3469
1842,1774306174394878892,1774306174399101114,4222
1843,1774306174400497175,1774306174403740708,3243
1844,1774306174405303737,1774306174409421826,4118
1845,1774306174410996097,1774306174414922960,3926
1846,1774306174416616228,1774306174420005753,3389
1847,1774306174421543290,1774306174425963815,4420
1848,1774306174427837398,1774306174431642993,3805
1849,1774306174433488080,1774306174437937560,4449
1850,1774306174439696409,1774306174443093563,3397
1851,1774306174444791512,1774306174448326625,3535
1852,1774306174449962307,1774306174453397882,3435
1853,1774306174455022481,1774306174459026285,4003
1854,1774306174460639878,1774306174464173151,3533
1855,1774306174465810862,1774306174469957453,4146
1856,1774306174471560316,1774306174475395446,3835
1857,1774306174476995247,1774306174481115393,4120
1858,1774306174482757399,1774306174487037629,4280
1859,1774306174488629790,1774306174492772285,4142
1860,1774306174494505377,1774306174498619015,4113
1861,1774306174500408409,1774306174504695838,4287
1862,1774306174506314487,1774306174509948903,3634
1863,1774306174511592765,1774306174516010887,4418
1864,1774306174517661998,1774306174520988036,3326
1865,1774306174522674161,1774306174526021887,3347
1866,1774306174527476681,1774306174530836258,3359
1867,1774306174532558480,1774306174536936198,4377
1868,1774306174538619660,1774306174542218383,3598
1869,1774306174543777258,1774306174548141390,4364
1870,1774306174549815231,1774306174553132033,3316
1871,1774306174554725062,1774306174558079093,3354
1872,1774306174559783189,1774306174564208614,4425
1873,1774306174566137229,1774306174570118609,3981
1874,1774306174571786594,1774306174575955438,4168
1875,1774306174577960882,1774306174582170121,4209
1876,1774306174583789055,1774306174588188022,4398
1877,1774306174589974756,1774306174594026890,4052
1878,1774306174595685140,1774306174599978730,4293
1879,1774306174601693059,1774306174605865147,4172
1880,1774306174607531701,1774306174611645569,4113
1881,1774306174613489932,1774306174617754558,4264
1882,1774306174619416725,1774306174623585945,4169
1883,1774306174625312908,1774306174629477999,4165
1884,1774306174631218630,1774306174634913318,3694
1885,1774306174636566451,1774306174640262657,3696
1886,1774306174642086190,1774306174646698573,4612
1887,1774306174648317059,1774306174652054770,3737
1888,1774306174653913150,1774306174657738552,3825
1889,1774306174659376602,1774306174662911496,3534
1890,1774306174664324721,1774306174668799241,4474
1891,1774306174670479461,1774306174673770379,3290
1892,1774306174675251735,1774306174678512688,3260
1893,1774306174680194440,1774306174684440767,4246
1894,1774306174686028691,1774306174689197521,3168
1895,1774306174690843747,1774306174695214410,4370
1896,1774306174696849776,1774306174700203556,3353
1897,1774306174701876353,1774306174705410834,3534
1898,1774306174707084233,1774306174711245382,4161
1899,1774306174712937950,1774306174716907061,3969
1900,1774306174718565331,1774306174722447693,3882
1901,1774306174724189509,1774306174728349543,4160
1902,1774306174730011750,1774306174734218144,4206
1903,1774306174736019059,1774306174740102481,4083
1904,1774306174741753724,1774306174746528174,4774
1905,1774306174748172475,1774306174752241946,4069
1906,1774306174753993847,1774306174758181325,4187
1907,1774306174759814037,1774306174763775836,3961
1908,1774306174765381650,1774306174769463841,4082
1909,1774306174771208481,1774306174775349983,4141
1910,1774306174777097050,1774306174781432057,4335
1911,1774306174783099222,1774306174787485735,4386
1912,1774306174789126863,1774306174792540147,3413
1913,1774306174794121002,1774306174797933709,3812
1914,1774306174799720666,1774306174803063333,3342
1915,1774306174804690091,1774306174808895676,4205
1916,1774306174810587865,1774306174814485127,3897
1917,1774306174815649825,1774306174820411593,4761
1918,1774306174822101859,1774306174825979456,3877
1919,1774306174827702481,1774306174831159274,3456
1920,1774306174833006780,1774306174836705972,3699
1921,1774306174838337136,1774306174842387258,4050
1922,1774306174844039517,1774306174848258323,4218
1923,1774306174850071207,1774306174854255425,4184
1924,1774306174856137919,1774306174860586737,4448
1925,1774306174862255710,1774306174866491537,4235
1926,1774306174868203879,1774306174872219309,4015
1927,1774306174874022952,1774306174878314035,4291
1928,1774306174880033214,1774306174884175353,4142
1929,1774306174885968785,1774306174890187282,4218
1930,1774306174891906332,1774306174896182766,4276
1931,1774306174898007984,1774306174902174619,4166
1932,1774306174903954137,1774306174908280568,4326
1933,1774306174909918523,1774306174913687818,3769
1934,1774306174915295262,1774306174919644237,4348
1935,1774306174921356015,1774306174924780879,3424
1936,1774306174926383831,1774306174930028678,3644
1937,1774306174931644735,1774306174935686448,4041
1938,1774306174937242253,1774306174941280254,4038
1939,1774306174942758918,1774306174946177841,3418
1940,1774306174947821184,1774306174952212488,4391
1941,1774306174953601108,1774306174956969287,3368
1942,1774306174958575755,1774306174962562859,3987
1943,1774306174964071379,1774306174968259547,4188
1944,1774306174969945138,1774306174974082236,4137
1945,1774306174975729399,1774306174979243716,3514
1946,1774306174980943887,1774306174985154309,4210
1947,1774306174987012879,1774306174991373498,4360
1948,1774306174993209117,1774306174997633693,4424
1949,1774306174999449381,1774306175003828274,4378
1950,1774306175005563189,1774306175009994344,4431
1951,1774306175011712013,1774306175015983216,4271
1952,1774306175017777125,1774306175021993482,4216
1953,1774306175023800280,1774306175028072231,4271
1954,1774306175029791057,1774306175034173364,4382
1955,1774306175035928605,1774306175040141128,4212
1956,1774306175042017930,1774306175046069969,4052
1957,1774306175047731127,1774306175051976681,4245
1958,1774306175053728014,1774306175057919814,4191
1959,1774306175059808583,1774306175063129431,3320
1960,1774306175064551628,1774306175068493428,3941
1961,1774306175069987715,1774306175074207086,4219
1962,1774306175075736037,1774306175078995720,3259
1963,1774306175080384613,1774306175084839585,4454
1964,1774306175086474666,1774306175090487099,4012
1965,1774306175091959426,1774306175095313311,3353
1966,1774306175096935295,1774306175100285572,3350
1967,1774306175101868899,1774306175105603332,3734
1968,1774306175107252701,1774306175111257390,4004
1969,1774306175113015396,1774306175117031225,4015
1970,1774306175118668522,1774306175122737400,4068
1971,1774306175124508044,1774306175128891330,4383
1972,1774306175130731778,1774306175134867586,4135
1973,1774306175136558104,1774306175141050113,4492
1974,1774306175142947674,1774306175147079770,4132
1975,1774306175148706235,1774306175152328024,3621
1976,1774306175154151848,1774306175158374681,4222
1977,1774306175160035226,1774306175163722856,3687
1978,1774306175165436035,1774306175169621421,4185
1979,1774306175171482755,1774306175175563280,4080
1980,1774306175177319609,1774306175181720931,4401
1981,1774306175183467886,1774306175187547763,4079
1982,1774306175189338089,1774306175193767311,4429
1983,1774306175195487165,1774306175199755469,4268
1984,1774306175201563340,1774306175205869291,4305
1985,1774306175207512470,1774306175211174642,3662
1986,1774306175212836200,1774306175217159998,4323
1987,1774306175218716561,1774306175222920888,4204
1988,1774306175224528791,1774306175228257467,3728
1989,1774306175229725586,1774306175233157811,3432
1990,1774306175234919505,1774306175238133603,3214
1991,1774306175239700593,1774306175243455474,3754
1992,1774306175245366696,1774306175249567860,4201
1993,1774306175251243269,1774306175255045810,3802
1994,1774306175256816881,1774306175260481416,3664
1995,1774306175262127170,1774306175266198599,4071
1996,1774306175268012221,1774306175271843323,3831
1997,1774306175273464295,1774306175277768260,4303
1998,1774306175279694944,1774306175283241274,3546
1999,1774306175285014111,1774306175288793744,3779
2000,1774306175290557935,1774306175294500713,3942
2001,1774306175296131293,1774306175300480035,4348
2002,1774306175302211082,1774306175306391448,4180
2003,1774306175308482157,1774306175312939633,4457
2004,1774306175314643338,1774306175318630161,3986
2005,1774306175320409275,1774306175324996649,4587
2006,1774306175326888484,1774306175330619873,3731
2007,1774306175332112505,1774306175336538748,4426
2008,1774306175338176825,1774306175342480397,4303
2009,1774306175344203370,1774306175348688431,4485
2010,1774306175350433314,1774306175354497899,4064
2011,1774306175356254241,1774306175360032954,3778
2012,1774306175361627917,1774306175365099259,3471
2013,1774306175366663789,1774306175370155238,3491
2014,1774306175372025746,1774306175375295704,3269
2015,1774306175376971376,1774306175381324597,4353
2016,1774306175383033702,1774306175386908609,3874
2017,1774306175388599209,1774306175392953175,4353
2018,1774306175394627581,1774306175398719643,4092
2019,1774306175400611120,1774306175405096017,4484
2020,1774306175406781054,1774306175410472031,3690
2021,1774306175412198438,1774306175416579128,4380
2022,1774306175418435025,1774306175423241820,4806
2023,1774306175425080225,1774306175429670234,4590
2024,1774306175431381751,1774306175434603600,3221
2025,1774306175436516496,1774306175440030113,3513
2026,1774306175441714765,1774306175446123476,4408
2027,1774306175447799016,1774306175451595612,3796
2028,1774306175453246341,1774306175457449181,4202
2029,1774306175459258503,1774306175463367107,4108
2030,1774306175465258912,1774306175469861386,4602
2031,1774306175471554467,1774306175475494654,3940
2032,1774306175477057793,1774306175480486258,3428
2033,1774306175482130237,1774306175486357903,4227
2034,1774306175487962840,1774306175491313851,3351
2035,1774306175492849011,1774306175496333590,3484
2036,1774306175498013206,1774306175501656560,3643
2037,1774306175503309001,1774306175507353686,4044
2038,1774306175508902842,1774306175512332383,3429
2039,1774306175514003886,1774306175517674631,3670
2040,1774306175519457343,1774306175523422771,3965
2041,1774306175525078395,1774306175529108411,4030
2042,1774306175530740117,1774306175535034015,4293
2043,1774306175536641990,1774306175540110210,3468
2044,1774306175541939573,1774306175545580249,3640
2045,1774306175547285887,1774306175551270997,3985
2046,1774306175552938623,1774306175556438804,3500
2047,1774306175558258703,1774306175562546805,4288
2048,1774306175564236949,1774306175567969648,3732
2049,1774306175569617072,1774306175573524485,3907
2050,1774306175575180534,1774306175579214002,4033
2051,1774306175580914259,1774306175584668689,3754
2052,1774306175586281261,1774306175590512595,4231
2053,1774306175592112786,1774306175595813185,3700
2054,1774306175597434403,1774306175601617946,4183
2055,1774306175603307066,1774306175606865142,3558
2056,1774306175608420664,1774306175612719913,4299
2057,1774306175614331888,1774306175618619941,4288
2058,1774306175620334941,1774306175624716694,4381
2059,1774306175626346063,1774306175630287539,3941
2060,1774306175631847127,1774306175635132080,3284
2061,1774306175636329296,1774306175639909089,3579
2062,1774306175641457897,1774306175645356389,3898
2063,1774306175646913207,1774306175651060120,4146
2064,1774306175652658163,1774306175656842105,4183
2065,1774306175658539463,1774306175662765662,4226
2066,1774306175664423700,1774306175668833411,4409
2067,1774306175670638988,1774306175674323208,3684
2068,1774306175676129933,1774306175680552520,4422
2069,1774306175682531407,1774306175686579026,4047
2070,1774306175688223251,1774306175692584557,4361
2071,1774306175694599324,1774306175698968613,4369
2072,1774306175700798615,1774306175704292209,3493
2073,1774306175706041901,1774306175709512908,3471
2074,1774306175711233681,1774306175715319206,4085
2075,1774306175717165152,1774306175720924078,3758
2076,1774306175722856824,1774306175727081503,4224
2077,1774306175728732940,1774306175732259224,3526
2078,1774306175734256160,1774306175738530301,4274
2079,1774306175740147637,1774306175744297598,4149
2080,1774306175745949081,1774306175749634434,3685
2081,1774306175751205372,1774306175755523749,4318
2082,1774306175757086267,1774306175760309948,3223
2083,1774306175761819024,1774306175764897216,3078
2084,1774306175766368791,1774306175770581563,4212
2085,1774306175772172399,1774306175776108388,3935
2086,1774306175777662376,1774306175781049902,3387
2087,1774306175782584538,1774306175786798783,4214
2088,1774306175788448473,1774306175792646848,4198
2089,1774306175794187177,1774306175798507897,4320
2090,1774306175800135364,1774306175804420460,4285
2091,1774306175806153440,1774306175810491965,4338
2092,1774306175812231953,1774306175816176522,3944
2093,1774306175817851978,1774306175822425245,4573
2094,1774306175824265961,1774306175828535893,4269
2095,1774306175830328822,1774306175834590796,4261
2096,1774306175836336016,1774306175840414161,4078
2097,1774306175842191776,1774306175846480536,4288
2098,1774306175848320415,1774306175852580483,4260
2099,1774306175854388572,1774306175858533902,4145
2100,1774306175860270151,1774306175864218799,3948
2101,1774306175865892700,1774306175869336779,3444
2102,1774306175871034870,1774306175875092630,4057
2103,1774306175876807276,1774306175881150969,4343
2104,1774306175882662790,1774306175885966104,3303
2105,1774306175887573330,1774306175891393134,3819
2106,1774306175892966296,1774306175896981267,4014
2107,1774306175898615144,1774306175902861287,4246
2108,1774306175904440738,1774306175908088334,3647
2109,1774306175909712207,1774306175913004483,3292
2110,1774306175914717038,1774306175919051530,4334
2111,1774306175920653538,1774306175924253858,3600
2112,1774306175925884523,1774306175929952398,4067
2113,1774306175931774639,1774306175935253743,3479
2114,1774306175936846309,1774306175941012482,4166
2115,1774306175942625244,1774306175946555651,3930
2116,1774306175948217146,1774306175952592009,4374
2117,1774306175954265833,1774306175958352348,4086
2118,1774306175960097306,1774306175964575412,4478
2119,1774306175966229644,1774306175970298433,4068
2120,1774306175972047027,1774306175976460444,4413
2121,1774306175978188263,1774306175982008514,3820
2122,1774306175983961901,1774306175988298308,4336
2123,1774306175990028136,1774306175993498433,3470
2124,1774306175995296008,1774306175999825786,4529
2125,1774306176001492187,1774306176005053319,3561
2126,1774306176006905609,1774306176010399956,3494
2127,1774306176012246727,1774306176016279244,4032
2128,1774306176018067893,1774306176022217889,4149
2129,1774306176023975287,1774306176028172220,4196
2130,1774306176029737467,1774306176033596142,3858
2131,1774306176035202218,1774306176038446431,3244
2132,1774306176039945488,1774306176043952053,4006
2133,1774306176045341715,1774306176048858522,3516
2134,1774306176050468270,1774306176054548312,4080
2135,1774306176056005927,1774306176060441678,4435
2136,1774306176062291874,1774306176066211440,3919
2137,1774306176068196824,1774306176072662106,4465
2138,1774306176074352003,1774306176078340833,3988
2139,1774306176080058076,1774306176084386921,4328
2140,1774306176086080361,1774306176089837410,3757
2141,1774306176091625186,1774306176095090640,3465
2142,1774306176096771137,1774306176100773101,4001
2143,1774306176102491969,1774306176106690389,4198
2144,1774306176108427900,1774306176112231482,3803
2145,1774306176113952067,1774306176117384014,3431
2146,1774306176119066778,1774306176123350344,4283
2147,1774306176125152029,1774306176129017451,3865
2148,1774306176130650408,1774306176134930382,4279
2149,1774306176136806253,1774306176140544289,3738
2150,1774306176142274652,1774306176146690606,4415
2151,1774306176148340250,1774306176152039609,3699
2152,1774306176153771480,1774306176158096954,4325
2153,1774306176159732775,1774306176163000722,3267
2154,1774306176164619778,1774306176169016064,4396
2155,1774306176170574132,1774306176174521357,3947
2156,1774306176176124925,1774306176179864200,3739
2157,1774306176181497433,1774306176185956296,4458
2158,1774306176187562753,1774306176191118972,3556
2159,1774306176192787135,1774306176196305311,3518
2160,1774306176197941829,1774306176201262182,3320
2161,1774306176202928882,1774306176207123954,4195
2162,1774306176208752649,1774306176213024762,4272
2163,1774306176214704024,1774306176218974197,4270
2164,1774306176220587785,1774306176224597634,4009
2165,1774306176226236636,1774306176230791952,4555
2166,1774306176232439638,1774306176236476317,4036
2167,1774306176238127155,1774306176241850878,3723
2168,1774306176243572928,1774306176247765806,4192
2169,1774306176249453108,1774306176253100653,3647
2170,1774306176254855365,1774306176258325668,3470
2171,1774306176259984398,1774306176264656181,4671
2172,1774306176266354539,1774306176270241934,3887
2173,1774306176272040582,1774306176275853837,3813
2174,1774306176277452776,1774306176281619244,4166
2175,1774306176283252309,1774306176287308019,4055
2176,1774306176288969536,1774306176293435683,4466
2177,1774306176295044219,1774306176298343945,3299
2178,1774306176299986373,1774306176304304728,4318
2179,1774306176306099741,1774306176310557213,4457
2180,1774306176312470535,1774306176316788882,4318
2181,1774306176318490578,1774306176322008780,3518
2182,1774306176323632896,1774306176328132505,4499
2183,1774306176329743666,1774306176333193612,3449
2184,1774306176335012763,1774306176339233961,4221
2185,1774306176340992102,1774306176344814434,3822
2186,1774306176346584204,1774306176350901671,4317
2187,1774306176352545365,1774306176356182913,3637
2188,1774306176357985365,1774306176362162675,4177
2189,1774306176363880388,1774306176367755736,3875
2190,1774306176369567076,1774306176374097874,4530
2191,1774306176375817427,1774306176379457653,3640
2192,1774306176381393920,1774306176385748567,4354
2193,1774306176387444746,1774306176391164837,3720
2194,1774306176393060848,1774306176397477489,4416
2195,1774306176399140038,1774306176402835278,3695
2196,1774306176404584905,1774306176408660114,4075
2197,1774306176410240063,1774306176414296371,4056
2198,1774306176415938834,1774306176419580665,3641
2199,1774306176421383704,1774306176425718019,4334
2200,1774306176427315131,1774306176431041822,3726
2201,1774306176432658351,1774306176437173840,4515
2202,1774306176438660299,1774306176442626103,3965
2203,1774306176444306521,1774306176447762366,3455
2204,1774306176449418755,1774306176453889762,4471
2205,1774306176455508073,1774306176459205622,3697
2206,1774306176460730259,1774306176465133514,4403
2207,1774306176466759522,1774306176470720771,3961
2208,1774306176472425256,1774306176476052948,3627
2209,1774306176477842579,1774306176481434985,3592
2210,1774306176483083525,1774306176486973557,3890
2211,1774306176488740760,1774306176492882281,4141
2212,1774306176494502552,1774306176498579160,4076
2213,1774306176500249341,1774306176504220216,3970
2214,1774306176505987810,1774306176510318261,4330
2215,1774306176511998404,1774306176516286112,4287
2216,1774306176518033840,1774306176522231609,4197
2217,1774306176523916387,1774306176528182076,4265
2218,1774306176529899569,1774306176534212859,4313
2219,1774306176535926135,1774306176540172505,4246
2220,1774306176541932511,1774306176546145481,4212
2221,1774306176547801077,1774306176552164339,4363
2222,1774306176554049014,1774306176558323121,4274
2223,1774306176560024266,1774306176564154512,4130
2224,1774306176566120217,1774306176570503031,4382
2225,1774306176572170491,1774306176576317584,4147
2226,1774306176577930089,1774306176582431141,4501
2227,1774306176583961589,1774306176587954975,3993
2228,1774306176589453311,1774306176593091874,3638
2229,1774306176594732827,1774306176598868288,4135
2230,1774306176600367895,1774306176604660636,4292
2231,1774306176606307230,1774306176610002186,3694
2232,1774306176611499445,1774306176615049374,3549
2233,1774306176616706347,1774306176620124640,3418
2234,1774306176621688015,1774306176625187667,3499
2235,1774306176626881899,1774306176631120952,4239
2236,1774306176632802101,1774306176636527299,3725
2237,1774306176638135807,1774306176642263365,4127
2238,1774306176643948733,1774306176647996694,4047
2239,1774306176649932630,1774306176653966736,4034
2240,1774306176655591606,1774306176659486615,3895
2241,1774306176661106218,1774306176664514637,3408
2242,1774306176666117858,1774306176670343998,4226
2243,1774306176671949067,1774306176675641139,3692
2244,1774306176677201717,1774306176680830303,3628
2245,1774306176682516668,1774306176686516391,3999
2246,1774306176688126073,1774306176692113461,3987
2247,1774306176693739082,1774306176697186310,3447
2248,1774306176698942820,1774306176703347706,4404
2249,1774306176705086267,1774306176708920984,3834
2250,1774306176710672900,1774306176714261779,3588
2251,1774306176715782502,1774306176720008118,4225
2252,1774306176721602149,1774306176725331443,3729
2253,1774306176727030431,1774306176730760023,3729
2254,1774306176732476805,1774306176736522308,4045
2255,1774306176738083281,1774306176742429756,4346
2256,1774306176743991665,1774306176747688995,3697
2257,1774306176749418096,1774306176752868225,3450
2258,1774306176754485326,1774306176758099400,3614
2259,1774306176759587305,1774306176763665370,4078
2260,1774306176765318342,1774306176769196706,3878
2261,1774306176770888757,1774306176774341916,3453
2262,1774306176776114581,1774306176780425820,4311
2263,1774306176782290679,1774306176786084385,3793
2264,1774306176787724383,1774306176792012868,4288
2265,1774306176793649109,1774306176797472294,3823
2266,1774306176799113556,1774306176803433802,4320
2267,1774306176805295255,1774306176809635547,4340
2268,1774306176811315801,1774306176815299843,3984
2269,1774306176817028327,1774306176821257445,4229
2270,1774306176823110709,1774306176827546987,4436
2271,1774306176829344593,1774306176833105209,3760
2272,1774306176834637802,1774306176839080849,4443
2273,1774306176840626962,1774306176844896088,4269
2274,1774306176846473385,1774306176849764740,3291
2275,1774306176851351912,1774306176854715855,3363
2276,1774306176856208991,1774306176859360616,3151
2277,1774306176860941861,1774306176864381389,3439
2278,1774306176865977547,1774306176869878425,3900
2279,1774306176871442693,1774306176875299179,3856
2280,1774306176876815618,1774306176880070409,3254
2281,1774306176881732493,1774306176885204158,3471
2282,1774306176886908407,1774306176891074917,4166
2283,1774306176892690479,1774306176896514556,3824
2284,1774306176898212319,1774306176902618935,4406
2285,1774306176904345387,1774306176908541059,4195
2286,1774306176910494219,1774306176914875884,4381
2287,1774306176916568022,1774306176920823907,4255
2288,1774306176922623391,1774306176926959964,4336
2289,1774306176928612538,1774306176932866181,4253
2290,1774306176934806014,1774306176939208083,4402
2291,1774306176941070177,1774306176945188591,4118
2292,1774306176946945606,1774306176951181089,4235
2293,1774306176953076415,1774306176957323067,4246
2294,1774306176959078780,1774306176963294930,4216
2295,1774306176965252745,1774306176969602582,4349
2296,1774306176971384039,1774306176975814571,4430
2297,1774306176977637241,1774306176982005275,4368
2298,1774306176983644750,1774306176987027636,3382
2299,1774306176988503253,1774306176991865247,3361
2300,1774306176993505467,1774306176997594461,4088
2301,1774306176999290211,1774306177002710800,3420
2302,1774306177004311714,1774306177008065639,3753
2303,1774306177009555330,1774306177013870953,4315
2304,1774306177015626331,1774306177019721528,4095
2305,1774306177021528835,1774306177025829508,4300
2306,1774306177027886901,1774306177031842363,3955
2307,1774306177033497987,1774306177037825935,4327
2308,1774306177039597052,1774306177043591809,3994
2309,1774306177045232707,1774306177049377464,4144
2310,1774306177050977499,1774306177055148250,4170
2311,1774306177056742054,1774306177060161915,3419
2312,1774306177061747357,1774306177065126476,3379
2313,1774306177066853824,1774306177071013214,4159
2314,1774306177072603133,1774306177076743099,4139
2315,1774306177078437849,1774306177082222210,3784
2316,1774306177084037671,1774306177088492723,4455
2317,1774306177090347843,1774306177094741520,4393
2318,1774306177096375850,1774306177100564488,4188
2319,1774306177102374448,1774306177106628941,4254
2320,1774306177108310577,1774306177112573661,4263
2321,1774306177114381894,1774306177118823216,4441
2322,1774306177120429240,1774306177123773916,3344
2323,1774306177125476096,1774306177129524052,4047
2324,1774306177131190062,1774306177135353605,4163
2325,1774306177137009281,1774306177140335460,3326
2326,1774306177141965433,1774306177146579945,4614
2327,1774306177148135933,1774306177151905552,3769
2328,1774306177153658381,1774306177157063948,3405
2329,1774306177158547909,1774306177162847767,4299
2330,1774306177164502117,1774306177168820223,4318
2331,1774306177170480193,1774306177174655240,4175
2332,1774306177176401299,1774306177180785353,4384
2333,1774306177182415935,1774306177186484115,4068
2334,1774306177188466296,1774306177192769893,4303
2335,1774306177194488918,1774306177198541916,4052
2336,1774306177200454752,1774306177204912659,4457
2337,1774306177206772443,1774306177210686548,3914
2338,1774306177212327875,1774306177216723633,4395
2339,1774306177218523133,1774306177222526776,4003
2340,1774306177224561927,1774306177229148116,4586
2341,1774306177230881960,1774306177234530173,3648
2342,1774306177236245629,1774306177240394514,4148
2343,1774306177242128980,1774306177246464266,4335
2344,1774306177248160551,1774306177252906456,4745
2345,1774306177254582572,1774306177258424889,3842
2346,1774306177260083803,1774306177264556682,4472
2347,1774306177266270283,1774306177270671685,4401
2348,1774306177272315092,1774306177276625170,4310
2349,1774306177278278691,1774306177281775083,3496
2350,1774306177283328373,1774306177286826315,3497
2351,1774306177288360957,1774306177292601405,4240
2352,1774306177294176279,1774306177298205798,4029
2353,1774306177299908875,1774306177303423748,3514
2354,1774306177305206818,1774306177309306307,4099
2355,1774306177311060059,1774306177315402387,4342
2356,1774306177317241058,1774306177321008548,3767
2357,1774306177322831521,1774306177327237667,4406
2358,1774306177329021010,1774306177333308309,4287
2359,1774306177335029266,1774306177339342063,4312
2360,1774306177341397022,1774306177345431246,4034
2361,1774306177347194200,1774306177351581556,4387
2362,1774306177353386020,1774306177357366133,3980
2363,1774306177359318688,1774306177363607729,4289
2364,1774306177365464003,1774306177369432106,3968
2365,1774306177371504014,1774306177376061837,4557
2366,1774306177377854377,1774306177381851147,3996
2367,1774306177383556022,1774306177388112644,4556
2368,1774306177389934058,1774306177393409850,3475
2369,1774306177395149681,1774306177399737135,4587
2370,1774306177401076459,1774306177405410632,4334
2371,1774306177406891125,1774306177410421769,3530
2372,1774306177411615981,1774306177415360611,3744
2373,1774306177416704538,1774306177420749772,4045
2374,1774306177422399157,1774306177426645008,4245
2375,1774306177428278404,1774306177432457957,4179
2376,1774306177434034039,1774306177438773211,4739
2377,1774306177440414475,1774306177444297472,3882
2378,1774306177445826094,1774306177450170310,4344
2379,1774306177451711721,1774306177455026124,3314
2380,1774306177456692065,1774306177460170979,3478
2381,1774306177461974055,1774306177465318916,3344
2382,1774306177466929615,1774306177470929074,3999
2383,1774306177472501756,1774306177476039731,3537
2384,1774306177477682518,1774306177481800120,4117
2385,1774306177483499074,1774306177487272099,3773
2386,1774306177489052261,1774306177493117354,4065
2387,1774306177494734266,1774306177498218795,3484
2388,1774306177499866158,1774306177503275906,3409
2389,1774306177504831057,1774306177508653684,3822
2390,1774306177510350402,1774306177513897825,3547
2391,1774306177515513977,1774306177519728475,4214
2392,1774306177521474717,1774306177525760738,4286
2393,1774306177527575547,1774306177531827768,4252
2394,1774306177533472982,1774306177537561258,4088
2395,1774306177539245521,1774306177542792406,3546
2396,1774306177544332685,1774306177547983604,3650
2397,1774306177549696825,1774306177553459764,3762
2398,1774306177555076511,1774306177559147445,4070
2399,1774306177560783534,1774306177564013760,3230
2400,1774306177565672914,1774306177569236343,3563
2401,1774306177570772974,1774306177574787470,4014
2402,1774306177576572588,1774306177580645300,4072
2403,1774306177582469969,1774306177586627306,4157
2404,1774306177588357271,1774306177592448437,4091
2405,1774306177594309330,1774306177598533217,4223
2406,1774306177600373204,1774306177604501473,4128
2407,1774306177606393954,1774306177610956644,4562
2408,1774306177612299996,1774306177615463758,3163
2409,1774306177617147653,1774306177620943381,3795
2410,1774306177622577309,1774306177626758333,4181
2411,1774306177628434522,1774306177632293200,3858
2412,1774306177634000680,1774306177637421045,3420
2413,1774306177639083902,1774306177643055848,3971
2414,1774306177644719118,1774306177648281274,3562
2415,1774306177649930875,1774306177654104576,4173
2416,1774306177655921716,1774306177659716137,3794
2417,1774306177661388500,1774306177665345339,3956
2418,1774306177667048987,1774306177671157490,4108
2419,1774306177672852337,1774306177676918104,4065
2420,1774306177678572245,1774306177682357138,3784
2421,1774306177683944156,1774306177688342907,4398
2422,1774306177689907043,1774306177693176344,3269
2423,1774306177694574982,1774306177697748132,3173
2424,1774306177699311098,1774306177702630597,3319
2425,1774306177704352902,1774306177707998060,3645
2426,1774306177709753686,1774306177713899865,4146
2427,1774306177715568289,1774306177719678571,4110
2428,1774306177721545562,1774306177725893980,4348
2429,1774306177727585370,1774306177731126457,3541
2430,1774306177732773838,1774306177737076725,4302
2431,1774306177738734542,1774306177742310545,3576
2432,1774306177744206261,1774306177748562894,4356
2433,1774306177750314218,1774306177754489634,4175
2434,1774306177755719603,1774306177759987198,4267
2435,1774306177761712599,1774306177765867576,4154
2436,1774306177767471719,1774306177771502302,4030
2437,1774306177773139598,1774306177777314660,4175
2438,1774306177778969076,1774306177783211676,4242
2439,1774306177784844046,1774306177788158761,3314
2440,1774306177789777844,1774306177793612151,3834
2441,1774306177795214594,1774306177799013157,3798
2442,1774306177800605539,1774306177804832016,4226
2443,1774306177806510736,1774306177810479682,3968
2444,1774306177812061563,1774306177815362765,3301
2445,1774306177816797205,1774306177820999517,4202
2446,1774306177822646287,1774306177827078118,4431
2447,1774306177828603608,1774306177832829228,4225
2448,1774306177834333316,1774306177838671390,4338
2449,1774306177840240437,1774306177843602315,3361
2450,1774306177845270661,1774306177849658756,4388
2451,1774306177851303033,1774306177855091176,3788
2452,1774306177856817284,1774306177860420567,3603
2453,1774306177862110180,1774306177866331879,4221
2454,1774306177868014508,1774306177871906195,3891
2455,1774306177873534664,1774306177877345106,3810
2456,1774306177879007764,1774306177883096780,4089
2457,1774306177884753512,1774306177889077449,4323
2458,1774306177890821183,1774306177894849988,4028
2459,1774306177896521492,1774306177900791154,4269
2460,1774306177902440271,1774306177906150269,3709
2461,1774306177907828757,1774306177912141857,4313
2462,1774306177913879075,1774306177917674532,3795
2463,1774306177919433192,1774306177923597546,4164
2464,1774306177925447539,1774306177929635669,4188
2465,1774306177931422150,1774306177935831228,4409
2466,1774306177937882752,1774306177942259526,4376
2467,1774306177943857322,1774306177947134690,3277
2468,1774306177948727267,1774306177953283148,4555
2469,1774306177954773923,1774306177957981227,3207
2470,1774306177959603290,1774306177962812033,3208
2471,1774306177964441608,1774306177968351902,3910
2472,1774306177969948071,1774306177974039050,4090
2473,1774306177975554071,1774306177979015970,3461
2474,1774306177980828580,1774306177985078268,4249
2475,1774306177986803401,1774306177990916009,4112
2476,1774306177992697189,1774306177996947942,4250
2477,1774306177998602802,1774306178002587582,3984
2478,1774306178004445669,1774306178008694700,4249
2479,1774306178010613406,1774306178014814443,4201
2480,1774306178016502586,1774306178020833681,4331
2481,1774306178022594676,1774306178026786576,4191
2482,1774306178028587223,1774306178032718040,4130
2483,1774306178034563796,1774306178039120554,4556
2484,1774306178041054721,1774306178045097365,4042
2485,1774306178046781357,1774306178051159077,4377
2486,1774306178053158655,1774306178057667478,4508
2487,1774306178059472227,1774306178063696627,4224
2488,1774306178065570237,1774306178069912139,4341
2489,1774306178071578800,1774306178075907385,4328
2490,1774306178077582072,1774306178081942321,4360
2491,1774306178083630303,1774306178088039103,4408
2492,1774306178089785363,1774306178093217673,3432
2493,1774306178094553975,1774306178097832674,3278
2494,1774306178099518574,1774306178103640254,4121
2495,1774306178105356592,1774306178108958405,3601
2496,1774306178110494594,1774306178114003663,3509
2497,1774306178115626520,1774306178119105146,3478
2498,1774306178120810724,1774306178125056021,4245
2499,1774306178126678270,1774306178130109457,3431
2500,1774306178131797585,1774306178136050251,4252
2501,1774306178137907990,1774306178141327991,3420
2502,1774306178143087167,1774306178146818046,3730
2503,1774306178148469565,1774306178152514663,4045
2504,1774306178154483870,1774306178158679758,4195
2505,1774306178160428392,1774306178164405720,3977
2506,1774306178166441014,1774306178170642192,4201
2507,1774306178172341746,1774306178176601948,4260
2508,1774306178178493252,1774306178182632598,4139
2509,1774306178184286600,1774306178188332791,4046
2510,1774306178190210274,1774306178194516355,4306
2511,1774306178196235130,1774306178199987134,3752
2512,1774306178201853737,1774306178206283728,4429
2513,1774306178207952249,1774306178211664007,3711
2514,1774306178213275361,1774306178217590271,4314
2515,1774306178219212836,1774306178223469551,4256
2516,1774306178225061975,1774306178228617037,3555
2517,1774306178230233966,1774306178234675050,4441
2518,1774306178235899927,1774306178239260646,3360
2519,1774306178240770697,1774306178244078184,3307
2520,1774306178245592593,1774306178249493938,3901
2521,1774306178251091511,1774306178254690026,3598
2522,1774306178256397613,1774306178260786546,4388
2523,1774306178262399102,1774306178266052865,3653
2524,1774306178267623614,1774306178271056417,3432
2525,1774306178272781883,1774306178276207644,3425
2526,1774306178277737714,1774306178282041171,4303
2527,1774306178283939957,1774306178287878748,3938
2528,1774306178289507334,1774306178293997653,4490
2529,1774306178295796484,1774306178299322766,3526
2530,1774306178301096060,1774306178305587058,4490
2531,1774306178307191622,1774306178311086835,3895
2532,1774306178312758375,1774306178316590134,3831
2533,1774306178318305517,1774306178322551119,4245
2534,1774306178324413801,1774306178328550734,4136
2535,1774306178330290751,1774306178334713476,4422
2536,1774306178336566029,1774306178340579468,4013
2537,1774306178342309564,1774306178346373053,4063
2538,1774306178348193791,1774306178352768946,4575
2539,1774306178354395933,1774306178358369174,3973
2540,1774306178359996095,1774306178364091502,4095
2541,1774306178365577692,1774306178369635886,4058
2542,1774306178371312560,1774306178375610551,4297
2543,1774306178377261379,1774306178381386977,4125
2544,1774306178382964937,1774306178387114992,4150
2545,1774306178388673604,1774306178392108366,3434
2546,1774306178393517280,1774306178397070442,3553
2547,1774306178398738800,1774306178402924779,4185
2548,1774306178404552106,1774306178408009226,3457
2549,1774306178409737896,1774306178414031912,4294
2550,1774306178415620148,1774306178419810582,4190
2551,1774306178421669481,1774306178425806107,4136
2552,1774306178427364410,1774306178431518595,4154
2553,1774306178433179652,1774306178437547548,4367
2554,1774306178439315760,1774306178443562630,4246
2555,1774306178445377700,1774306178449528701,4151
2556,1774306178451174974,1774306178455172957,3997
2557,1774306178456816025,1774306178460258959,3442
2558,1774306178461927673,1774306178466078245,4150
2559,1774306178467757311,1774306178471688113,3930
2560,1774306178473372451,1774306178477590398,4217
2561,1774306178479211480,1774306178482640350,3428
2562,1774306178484388332,1774306178488719860,4331
2563,1774306178490436510,1774306178494963879,4527
2564,1774306178496572419,1774306178500941405,4368
2565,1774306178502559419,1774306178506021515,3462
2566,1774306178507642673,1774306178511975971,4333
2567,1774306178513445012,1774306178517439101,3994
2568,1774306178519014410,1774306178522400115,3385
2569,1774306178523957795,1774306178528300155,4342
2570,1774306178529956135,1774306178534199292,4243
2571,1774306178535845646,1774306178539915879,4070
2572,1774306178541661038,1774306178545856956,4195
2573,1774306178547568180,1774306178551705021,4136
2574,1774306178553423582,1774306178556973286,3549
2575,1774306178558652392,1774306178562787823,4135
2576,1774306178564569138,1774306178568136226,3567
2577,1774306178569768646,1774306178573893530,4124
2578,1774306178575693012,1774306178579628110,3935
2579,1774306178581405582,1774306178585847493,4441
2580,1774306178587531076,1774306178591646519,4115
2581,1774306178593379330,1774306178597667171,4287
2582,1774306178599250288,1774306178603385692,4135
2583,1774306178605105644,1774306178609388361,4282
2584,1774306178611097323,1774306178615218457,4121
2585,1774306178616911486,1774306178621377225,4465
2586,1774306178623133830,1774306178627246542,4112
2587,1774306178629048130,1774306178633530902,4482
2588,1774306178635240702,1774306178639091295,3850
2589,1774306178640713940,1774306178644425619,3711
2590,1774306178645972054,1774306178649424476,3452
2591,1774306178651115862,1774306178654548145,3432
2592,1774306178656218959,1774306178660693176,4474
2593,1774306178662205385,1774306178666520969,4315
2594,1774306178668130636,1774306178672185214,4054
2595,1774306178673948030,1774306178678114286,4166
2596,1774306178679729532,1774306178683999813,4270
2597,1774306178685742878,1774306178689200705,3457
2598,1774306178690865915,1774306178694879599,4013
2599,1774306178696724858,1774306178700593626,3868
2600,1774306178702283539,1774306178706496265,4212
2601,1774306178708345426,1774306178712975246,4629
2602,1774306178714766365,1774306178718993138,4226
2603,1774306178720659709,1774306178725173222,4513
2604,1774306178726952614,1774306178731147366,4194
2605,1774306178732937061,1774306178737205165,4268
2606,1774306178739098095,1774306178743336486,4238
2607,1774306178745415458,1774306178749311738,3896
2608,1774306178751147293,1774306178755453294,4306
2609,1774306178757091451,1774306178761395672,4304
2610,1774306178763047758,1774306178767445730,4397
2611,1774306178768977228,1774306178772858857,3881
2612,1774306178774537001,1774306178778122175,3585
2613,1774306178779616683,1774306178783729541,4112
2614,1774306178785028202,1774306178787979736,2951
2615,1774306178789661386,1774306178793941250,4279
2616,1774306178795535955,1774306178799011130,3475
2617,1774306178800610359,1774306178804970078,4359
2618,1774306178806768102,1774306178810644357,3876
2619,1774306178812259667,1774306178816459514,4199
2620,1774306178818101422,1774306178822208298,4106
2621,1774306178823839369,1774306178827947635,4108
2622,1774306178829594329,1774306178833671339,4077
2623,1774306178835512078,1774306178839875431,4363
2624,1774306178841526358,1774306178845762501,4236
2625,1774306178847428564,1774306178851561629,4133
2626,1774306178853367801,1774306178857720689,4352
2627,1774306178859445897,1774306178863107986,3662
2628,1774306178864781101,1774306178868340438,3559
2629,1774306178870213227,1774306178874247116,4033
2630,1774306178875921895,1774306178879949938,4028
2631,1774306178881543125,1774306178885572002,4028
2632,1774306178887255524,1774306178891553781,4298
2633,1774306178893183489,1774306178897537343,4353
2634,1774306178899182884,1774306178903472854,4289
2635,1774306178904989498,1774306178909201316,4211
2636,1774306178910656423,1774306178914002778,3346
2637,1774306178915428416,1774306178919761128,4332
2638,1774306178921351377,1774306178925706525,4355
2639,1774306178927211107,1774306178931584359,4373
2640,1774306178933181472,1774306178936812869,3631
2641,1774306178938393009,1774306178942787008,4393
2642,1774306178944556904,1774306178948668139,4111
2643,1774306178950304383,1774306178954525984,4221
2644,1774306178956272083,1774306178960540538,4268
2645,1774306178962240808,1774306178966547068,4306
2646,1774306178968229444,1774306178972632858,4403
2647,1774306178974331117,1774306178978613414,4282
2648,1774306178980376880,1774306178984603098,4226
2649,1774306178986272023,1774306178990696837,4424
2650,1774306178992566374,1774306178996521447,3955
2651,1774306178998219532,1774306179002694531,4474
2652,1774306179004422847,1774306179008405546,3982
2653,1774306179010222721,1774306179014632312,4409
2654,1774306179016461048,1774306179020731414,4270
2655,1774306179022391072,1774306179026709200,4318
2656,1774306179028586218,1774306179032760061,4173
2657,1774306179034409842,1774306179038870481,4460
2658,1774306179040550218,1774306179044949035,4398
2659,1774306179046811015,1774306179050997853,4186
2660,1774306179052663000,1774306179056725173,4062
2661,1774306179058402384,1774306179062712194,4309
2662,1774306179064278436,1774306179067329582,3051
2663,1774306179068872408,1774306179072109789,3237
2664,1774306179073608708,1774306179077059690,3450
2665,1774306179078766190,1774306179083178813,4412
2666,1774306179084935066,1774306179088501811,3566
2667,1774306179090208614,1774306179094658753,4450
2668,1774306179096508277,1774306179100093553,3585
2669,1774306179101954014,1774306179105747029,3793
2670,1774306179107783846,1774306179112119827,4335
2671,1774306179114001655,1774306179118185362,4183
2672,1774306179120132001,1774306179124329372,4197
2673,1774306179126412540,1774306179130646761,4234
2674,1774306179132488565,1774306179136023389,3534
2675,1774306179137728535,1774306179142072107,4343
2676,1774306179143738732,1774306179147570336,3831
2677,1774306179149285145,1774306179153741038,4455
2678,1774306179155462411,1774306179159516231,4053
2679,1774306179161161268,1774306179165521803,4360
2680,1774306179167456378,1774306179171427656,3971
2681,1774306179173068856,1774306179176618089,3549
2682,1774306179178279199,1774306179182699199,4420
2683,1774306179184221678,1774306179187943344,3721
2684,1774306179189595452,1774306179192909232,3313
2685,1774306179194597391,1774306179198209196,3611
2686,1774306179200051050,1774306179203399021,3347
2687,1774306179204992367,1774306179208834467,3842
2688,1774306179210332694,1774306179214010659,3677
2689,1774306179215699551,1774306179219982642,4283
2690,1774306179221902727,1774306179225243284,3340
2691,1774306179226890277,1774306179231425876,4535
2692,1774306179233181987,1774306179237179617,3997
2693,1774306179238808783,1774306179243378808,4570
2694,1774306179245159215,1774306179249089561,3930
2695,1774306179250820043,1774306179255052085,4232
2696,1774306179256748117,1774306179260269747,3521
2697,1774306179261940723,1774306179265442241,3501
2698,1774306179267153384,1774306179271564596,4411
2699,1774306179273268084,1774306179276996029,3727
2700,1774306179278667098,1774306179282253237,3586
2701,1774306179284135532,1774306179288190139,4054
2702,1774306179289918748,1774306179293724609,3805
2703,1774306179295578934,1774306179300038149,4459
2704,1774306179301660902,1774306179305565547,3904
2705,1774306179307422003,1774306179311939815,4517
2706,1774306179313664583,1774306179317546224,3881
2707,1774306179319247636,1774306179323676728,4429
2708,1774306179325312421,1774306179328990027,3677
2709,1774306179330508248,1774306179334597759,4089
2710,1774306179336294073,1774306179339796200,3502
2711,1774306179341429150,1774306179345032448,3603
2712,1774306179346458671,1774306179349583719,3125
2713,1774306179351046130,1774306179354345565,3299
2714,1774306179355928794,1774306179359621966,3693
2715,1774306179361186854,1774306179365235807,4048
2716,1774306179366850039,1774306179371035763,4185
2717,1774306179372658394,1774306179376925913,4267
2718,1774306179378562023,1774306179382855829,4293
2719,1774306179384522870,1774306179388774580,4251
2720,1774306179390397328,1774306179394697680,4300
2721,1774306179396460426,1774306179400055605,3595
2722,1774306179401739501,1774306179405237586,3498
2723,1774306179407051799,1774306179411335408,4283
2724,1774306179413186046,1774306179417454026,4267
2725,1774306179419399359,1774306179423684757,4285
2726,1774306179425323435,1774306179429588979,4265
2727,1774306179431417780,1774306179435675787,4258
2728,1774306179437313463,1774306179441309481,3996
2729,1774306179443087196,1774306179447781078,4693
2730,1774306179449542057,1774306179453063188,3521
2731,1774306179454684380,1774306179459108848,4424
2732,1774306179460553579,1774306179464027577,3473
2733,1774306179465484902,1774306179468557613,3072
2734,1774306179469977821,1774306179474058577,4080
2735,1774306179475320318,1774306179479284458,3964
2736,1774306179480686771,1774306179484015435,3328
2737,1774306179485525351,1774306179489373915,3848
2738,1774306179490987179,1774306179494972959,3985
2739,1774306179496597955,1774306179500020514,3422
2740,1774306179501708092,1774306179505547639,3839
2741,1774306179507288471,1774306179511490537,4202
2742,1774306179513130980,1774306179517452643,4321
2743,1774306179519168496,1774306179523717995,4549
2744,1774306179525391029,1774306179529726371,4335
2745,1774306179531383719,1774306179535740596,4356
2746,1774306179537451382,1774306179541858315,4406
2747,1774306179543883902,1774306179548057826,4173
2748,1774306179549728293,1774306179553603804,3875
2749,1774306179555414860,1774306179559191501,3776
2750,1774306179560890716,1774306179565025008,4134
2751,1774306179566718124,1774306179570766096,4047
2752,1774306179572504468,1774306179576750819,4246
2753,1774306179578404771,1774306179582394702,3989
2754,1774306179584156395,1774306179588712177,4555
2755,1774306179590398591,1774306179594490388,4091
2756,1774306179596223173,1774306179600692381,4469
2757,1774306179602233172,1774306179606046633,3813
2758,1774306179607651923,1774306179612113051,4461
2759,1774306179613754816,1774306179617129842,3375
2760,1774306179618714618,1774306179622887979,4173
2761,1774306179624409080,1774306179628294792,3885
2762,1774306179629980654,1774306179633395427,3414
2763,1774306179635007377,1774306179638530544,3523
2764,1774306179640268635,1774306179644365454,4096
2765,1774306179646254846,1774306179650151724,3896
2766,1774306179652047165,1774306179655391194,3344
2767,1774306179657068902,1774306179661276825,4207
2768,1774306179662923073,1774306179666726925,3803
2769,1774306179668331941,1774306179672611113,4279
2770,1774306179674573067,1774306179678587265,4014
2771,1774306179680499326,1774306179685039174,4539
2772,1774306179686939088,1774306179690790817,3851
2773,1774306179692968343,1774306179697162120,4193
2774,1774306179699000979,1774306179702735774,3734
2775,1774306179704532706,1774306179709051372,4518
2776,1774306179710784542,1774306179714616583,3832
2777,1774306179716294598,1774306179720491323,4196
2778,1774306179722237645,1774306179726634117,4396
2779,1774306179728412596,1774306179732712806,4300
2780,1774306179734066499,1774306179738610871,4544
2781,1774306179740075054,1774306179743320134,3245
2782,1774306179745012395,1774306179749460946,4448
2783,1774306179751108635,1774306179754563677,3455
2784,1774306179755979605,1774306179759860992,3881
2785,1774306179761423197,1774306179765901077,4477
2786,1774306179767589776,1774306179771776561,4186
2787,1774306179773357496,1774306179776874427,3516
2788,1774306179778480598,1774306179782811162,4330
2789,1774306179784573846,1774306179788214137,3640
2790,1774306179789936337,1774306179794238007,4301
2791,1774306179795917562,1774306179799813783,3896
2792,1774306179801437735,1774306179805755393,4317
2793,1774306179807476977,1774306179811469012,3992
2794,1774306179813308977,1774306179817603191,4294
2795,1774306179819343971,1774306179823147754,3803
2796,1774306179824773003,1774306179828323244,3550
2797,1774306179830031833,1774306179834214446,4182
2798,1774306179836016938,1774306179840236648,4219
2799,1774306179841947668,1774306179846427334,4479
2800,1774306179848476173,1774306179852207074,3730
2801,1774306179854062435,1774306179858158452,4096
2802,1774306179859925839,1774306179864316822,4390
2803,1774306179866023024,1774306179869356315,3333
2804,1774306179870942718,1774306179874656644,3713
2805,1774306179876258324,1774306179880182402,3924
2806,1774306179881787922,1774306179885159874,3371
2807,1774306179886775795,1774306179890932178,4156
2808,1774306179892537217,1774306179896423159,3885
2809,1774306179898092805,1774306179901473390,3380
2810,1774306179903115104,1774306179907573572,4458
2811,1774306179909216056,1774306179913491576,4275
2812,1774306179915240056,1774306179919049682,3809
2813,1774306179920764192,1774306179924427503,3663
2814,1774306179926150260,1774306179930482010,4331
2815,1774306179932125088,1774306179935755089,3630
2816,1774306179937378013,1774306179941603909,4225
2817,1774306179943424172,1774306179947247383,3823
2818,1774306179948896874,1774306179952998288,4101
2819,1774306179954658977,1774306179958182989,3524
2820,1774306179959901997,1774306179964150334,4248
2821,1774306179965793673,1774306179969192959,3399
2822,1774306179970784843,1774306179975043424,4258
2823,1774306179976638857,1774306179980482239,3843
2824,1774306179982195042,1774306179986411949,4216
2825,1774306179988034317,1774306179992111129,4076
2826,1774306179993798999,1774306179999467905,5668
2827,1774306180001158711,1774306180004682749,3524
2828,1774306180006351234,1774306180009807725,3456
2829,1774306180011543019,1774306180015692754,4149
2830,1774306180017003568,1774306180020307703,3304
2831,1774306180021882878,1774306180025082105,3199
2832,1774306180026399890,1774306180029460820,3060
2833,1774306180031011744,1774306180035198985,4187
2834,1774306180036780212,1774306180040604500,3824
2835,1774306180042174527,1774306180046443712,4269
2836,1774306180048167741,1774306180052311335,4143
2837,1774306180054096073,1774306180058403254,4307
2838,1774306180060092235,1774306180063608151,3515
2839,1774306180065354071,1774306180069075015,3720
2840,1774306180070743742,1774306180074978854,4235
2841,1774306180076643548,1774306180080587538,3943
2842,1774306180082251034,1774306180086610884,4359
2843,1774306180088439114,1774306180092604389,4165
2844,1774306180094358193,1774306180098517003,4158
2845,1774306180100283309,1774306180104650790,4367
2846,1774306180106288677,1774306180110647304,4358
2847,1774306180112418574,1774306180116632212,4213
2848,1774306180118368301,1774306180122621806,4253
2849,1774306180124528184,1774306180128782963,4254
2850,1774306180130572931,1774306180134917045,4344
2851,1774306180136494683,1774306180140127697,3633
2852,1774306180141925503,1774306180146146035,4220
2853,1774306180147764060,1774306180151411502,3647
2854,1774306180152983627,1774306180157295175,4311
2855,1774306180158805377,1774306180162086314,3280
2856,1774306180163766663,1774306180167272211,3505
2857,1774306180168896302,1774306180173065441,4169
2858,1774306180174699957,1774306180178082430,3382
2859,1774306180179780544,1774306180183990115,4209
2860,1774306180185643333,1774306180189589345,3946
2861,1774306180191359619,1774306180195566626,4207
2862,1774306180197266487,1774306180201053271,3786
2863,1774306180202785937,1774306180207013145,4227
2864,1774306180208618091,1774306180212181559,3563
2865,1774306180213817761,1774306180218000098,4182
2866,1774306180219550956,1774306180223561426,4010
2867,1774306180225343280,1774306180229797236,4453
2868,1774306180231435543,1774306180235522009,4086
2869,1774306180237351419,1774306180241716774,4365
2870,1774306180243317795,1774306180247096962,3779
2871,1774306180248956260,1774306180253166885,4210
2872,1774306180254849030,1774306180258989075,4140
2873,1774306180260655537,1774306180264998836,4343
2874,1774306180266735222,1774306180270929894,4194
2875,1774306180272535776,1774306180277055940,4520
2876,1774306180278726968,1774306180282238664,3511
2877,1774306180283894734,1774306180287298012,3403
2878,1774306180288921665,1774306180293418949,4497
2879,1774306180295026158,1774306180298549786,3523
2880,1774306180300118135,1774306180303435049,3316
2881,1774306180304974405,1774306180309090554,4116
2882,1774306180310722496,1774306180314887094,4164
2883,1774306180316480930,1774306180320713364,4232
2884,1774306180322430442,1774306180326706308,4275
2885,1774306180328345059,1774306180332508997,4163
2886,1774306180334174723,1774306180338507804,4333
2887,1774306180340278090,1774306180344603816,4325
2888,1774306180346375639,1774306180350563206,4187
2889,1774306180352310024,1774306180356910987,4600
2890,1774306180358619654,1774306180362576723,3957
2891,1774306180364244526,1774306180368607965,4363
2892,1774306180370441613,1774306180374207402,3765
2893,1774306180375934296,1774306180380519989,4585
2894,1774306180382474572,1774306180386536156,4061
2895,1774306180388234554,1774306180392583388,4348
2896,1774306180394486268,1774306180398567717,4081
2897,1774306180400392238,1774306180404821430,4429
2898,1774306180406544803,1774306180410186142,3641
2899,1774306180411796911,1774306180416125942,4329
2900,1774306180417800718,1774306180421424861,3624
2901,1774306180423013329,1774306180426514664,3501
2902,1774306180428168369,1774306180432469065,4300
2903,1774306180434137532,1774306180437551216,3413
2904,1774306180439156174,1774306180442545980,3389
2905,1774306180444118577,1774306180447526837,3408
2906,1774306180449185222,1774306180453155023,3969
2907,1774306180454968424,1774306180458319169,3350
2908,1774306180460123412,1774306180464352736,4229
2909,1774306180465955446,1774306180469293492,3338
2910,1774306180470901418,1774306180474819531,3918
2911,1774306180476476832,1774306180480901977,4425
2912,1774306180482504888,1774306180486918934,4414
2913,1774306180488641170,1774306180492962384,4321
2914,1774306180494778258,1774306180498273731,3495
2915,1774306180499908591,1774306180503753597,3845
2916,1774306180505456484,1774306180509546289,4089
2917,1774306180511230624,1774306180515487257,4256
2918,1774306180517209840,1774306180521458679,4248
2919,1774306180523076110,1774306180527397275,4321
2920,1774306180529389256,1774306180533262114,3872
2921,1774306180534955943,1774306180539189605,4233
2922,1774306180540911547,1774306180544386868,3475
2923,1774306180546108328,1774306180550402919,4294
2924,1774306180551849753,1774306180555698598,3848
2925,1774306180557327736,1774306180561215427,3887
2926,1774306180562659392,1774306180565764461,3105
2927,1774306180567492761,1774306180571510949,4018
2928,1774306180573210382,1774306180577719075,4508
2929,1774306180579417539,1774306180583528650,4111
2930,1774306180585191873,1774306180588502157,3310
2931,1774306180590267135,1774306180594479366,4212
2932,1774306180596270570,1774306180600109191,3838
2933,1774306180601772716,1774306180606132526,4359
2934,1774306180607895901,1774306180611663249,3767
2935,1774306180613320743,1774306180618034110,4713
2936,1774306180619662442,1774306180623631395,3968
2937,1774306180625271651,1774306180629738861,4467
2938,1774306180631575992,1774306180635627032,4051
2939,1774306180637294622,1774306180641757112,4462
2940,1774306180643505505,1774306180647481664,3976
2941,1774306180649140606,1774306180653323962,4183
2942,1774306180654943669,1774306180658219527,3275
2943,1774306180660031433,1774306180664178019,4146
2944,1774306180665783031,1774306180669303575,3520
2945,1774306180671058082,1774306180675087123,4029
2946,1774306180676742551,1774306180680593973,3851
2947,1774306180682331941,1774306180685997456,3665
2948,1774306180687623148,1774306180690844593,3221
2949,1774306180692444605,1774306180696092585,3647
2950,1774306180697628848,1774306180700919733,3290
2951,1774306180702573143,1774306180705903291,3330
2952,1774306180707409087,1774306180711767836,4358
2953,1774306180713400768,1774306180717858793,4458
2954,1774306180719464421,1774306180723011395,3546
2955,1774306180724602523,1774306180728047219,3444
2956,1774306180729760696,1774306180733894646,4133
2957,1774306180735569272,1774306180739448946,3879
2958,1774306180741235998,1774306180745571268,4335
2959,1774306180747272466,1774306180751432842,4160
2960,1774306180753270145,1774306180757171523,3901
2961,1774306180758895623,1774306180763146233,4250
2962,1774306180764700341,1774306180768800685,4100
2963,1774306180770498458,1774306180774395915,3897
2964,1774306180776032600,1774306180780049749,4017
2965,1774306180781719541,1774306180785795968,4076
2966,1774306180787412996,1774306180791237098,3824
2967,1774306180792902292,1774306180797001186,4098
2968,1774306180798570464,1774306180802411471,3841
2969,1774306180804027059,1774306180807319581,3292
2970,1774306180808943324,1774306180813128157,4184
2971,1774306180814905536,1774306180818684442,3778
2972,1774306180820301831,1774306180823701565,3399
2973,1774306180825299160,1774306180828901162,3602
2974,1774306180830486264,1774306180834790253,4303
2975,1774306180836462548,1774306180840748112,4285
2976,1774306180841822211,1774306180845320030,3497
2977,1774306180846761838,1774306180850798252,4036
2978,1774306180852492301,1774306180856980852,4488
2979,1774306180858539023,1774306180862403119,3864
2980,1774306180864048641,1774306180867780514,3731
2981,1774306180869431527,1774306180873755373,4323
2982,1774306180875410661,1774306180879010922,3600
2983,1774306180880708918,1774306180885187367,4478
2984,1774306180886893690,1774306180890332848,3439
2985,1774306180892025492,1774306180896157023,4131
2986,1774306180897856754,1774306180901891044,4034
2987,1774306180903520886,1774306180907658814,4137
2988,1774306180909392408,1774306180913351993,3959
2989,1774306180915123985,1774306180919421651,4297
2990,1774306180921303157,1774306180925339701,4036
2991,1774306180927016464,1774306180931376646,4360
2992,1774306180933319434,1774306180937318052,3998
2993,1774306180939034485,1774306180943397595,4363
2994,1774306180945368497,1774306180949262532,3894
2995,1774306180951019563,1774306180954664459,3644
2996,1774306180956329646,1774306180959936495,3606
2997,1774306180961657988,1774306180964924734,3266
2998,1774306180966561484,1774306180970078133,3516
2999,1774306180971712183,1774306180975159982,3447
3000,1774306180976761786,1774306180981008723,4246
3001,1774306180982769238,1774306180986653852,3884
3002,1774306180988223110,1774306180992540055,4316
3003,1774306180994041252,1774306180997402847,3361
3004,1774306180998910002,1774306181002975572,4065
3005,1774306181004602323,1774306181008365342,3763
3006,1774306181010034201,1774306181014276268,4242
3007,1774306181015892835,1774306181019406438,3513
3008,1774306181021057809,1774306181025097145,4039
3009,1774306181026932006,1774306181030406704,3474
3010,1774306181032132299,1774306181036424684,4292
3011,1774306181038092637,1774306181041899794,3807
3012,1774306181043630623,1774306181048014334,4383
3013,1774306181049684754,1774306181053628692,3943
3014,1774306181055395590,1774306181059188349,3792
3015,1774306181060942846,1774306181064500459,3557
3016,1774306181066145801,1774306181070335940,4190
3017,1774306181072155360,1774306181076455854,4300
3018,1774306181078191410,1774306181082479784,4288
3019,1774306181084395442,1774306181088203438,3807
3020,1774306181089864507,1774306181093343855,3479
3021,1774306181095123153,1774306181099561449,4438
3022,1774306181101164843,1774306181105926336,4761
3023,1774306181107569543,1774306181112036606,4467
3024,1774306181113721706,1774306181117245203,3523
3025,1774306181118782061,1774306181121722276,2940
3026,1774306181123096416,1774306181127184754,4088
3027,1774306181128891287,1774306181132230368,3339
3028,1774306181133805029,1774306181137171809,3366
3029,1774306181138709816,1774306181142985534,4275
3030,1774306181144799040,1774306181148971585,4172
3031,1774306181150801672,1774306181154836679,4035
3032,1774306181156469031,1774306181160082763,3613
3033,1774306181161741222,1774306181165087773,3346
3034,1774306181166719177,1774306181170181849,3462
3035,1774306181171851760,1774306181176002617,4150
3036,1774306181177563740,1774306181181473552,3909
3037,1774306181183100798,1774306181187292157,4191
3038,1774306181188937418,1774306181192335884,3398
3039,1774306181193960100,1774306181198135411,4175
3040,1774306181199837519,1774306181203609323,3771
3041,1774306181205266347,1774306181209490157,4223
3042,1774306181211327694,1774306181215094529,3766
3043,1774306181216773727,1774306181221073485,4299
3044,1774306181222731876,1774306181227256361,4524
3045,1774306181229121641,1774306181233456521,4334
3046,1774306181235054639,1774306181239366836,4312
3047,1774306181241017302,1774306181245302998,4285
3048,1774306181246835827,1774306181250616067,3780
3049,1774306181252327179,1774306181255672174,3344
3050,1774306181257334430,1774306181261473632,4139
3051,1774306181263071113,1774306181267702113,4631
3052,1774306181269400640,1774306181273104654,3704
3053,1774306181274655174,1774306181279015709,4360
3054,1774306181280740975,1774306181284965936,4224
3055,1774306181286546373,1774306181290765220,4218
3056,1774306181292490614,1774306181296681433,4190
3057,1774306181298534229,1774306181302829738,4295
3058,1774306181304543883,1774306181308605971,4062
3059,1774306181310289342,1774306181314198847,3909
3060,1774306181315963195,1774306181320607312,4644
3061,1774306181322516295,1774306181326236843,3720
3062,1774306181327964807,1774306181332450875,4486
3063,1774306181334274855,1774306181338129245,3854
3064,1774306181339735512,1774306181343958864,4223
3065,1774306181345800523,1774306181349723043,3922
3066,1774306181351376554,1774306181355744019,4367
3067,1774306181357734666,1774306181361670196,3935
3068,1774306181363556071,1774306181367898239,4342
3069,1774306181369580794,1774306181373555956,3975
3070,1774306181375207384,1774306181379582504,4375
3071,1774306181381186131,1774306181385385598,4199
3072,1774306181387069810,1774306181391408921,4339
3073,1774306181393031631,1774306181396482256,3450
3074,1774306181398012293,1774306181401921691,3909
3075,1774306181403632530,1774306181406961220,3328
3076,1774306181408543426,1774306181412018980,3475
3077,1774306181413514396,1774306181417931505,4417
3078,1774306181419618158,1774306181423791125,4172
3079,1774306181425513851,1774306181429703906,4190
3080,1774306181431371027,1774306181435299177,3928
3081,1774306181436940517,1774306181440418495,3477
3082,1774306181442196770,1774306181446036555,3839
3083,1774306181447756059,1774306181451941048,4184
3084,1774306181453577593,1774306181457295108,3717
3085,1774306181459340342,1774306181464041007,4700
3086,1774306181465709454,1774306181469321415,3611
3087,1774306181470998856,1774306181475214843,4215
3088,1774306181476810882,1774306181480733416,3922
3089,1774306181482346928,1774306181486441534,4094
3090,1774306181488324994,1774306181492390326,4065
3091,1774306181494262978,1774306181498577538,4314
3092,1774306181500199724,1774306181504217179,4017
3093,1774306181505911923,1774306181509378666,3466
3094,1774306181510857711,1774306181515329768,4472
3095,1774306181516834998,1774306181520343794,3508
3096,1774306181521702057,1774306181525853735,4151
3097,1774306181527423458,1774306181531685739,4262
3098,1774306181533157587,1774306181536545689,3388
3099,1774306181538211566,1774306181542672157,4460
3100,1774306181544262195,1774306181548033468,3771
3101,1774306181549708709,1774306181553032135,3323
3102,1774306181554613642,1774306181558259860,3646
3103,1774306181559901254,1774306181564175547,4274
3104,1774306181565747577,1774306181569706897,3959
3105,1774306181571501697,1774306181575828331,4326
3106,1774306181577428371,1774306181581329603,3901
3107,1774306181583232438,1774306181587746554,4514
3108,1774306181589389655,1774306181593027344,3637
3109,1774306181594719602,1774306181599233711,4514
3110,1774306181600929355,1774306181605120797,4191
3111,1774306181606798280,1774306181611262043,4463
3112,1774306181612906468,1774306181617198158,4291
3113,1774306181619054791,1774306181623320643,4265
3114,1774306181625046077,1774306181629150615,4104
3115,1774306181630940919,1774306181635296519,4355
3116,1774306181637131242,1774306181641181374,4050
3117,1774306181642898084,1774306181646399255,3501
3118,1774306181648092903,1774306181652564863,4471
3119,1774306181654213969,1774306181657999671,3785
3120,1774306181659665765,1774306181663937077,4271
3121,1774306181665600194,1774306181669086992,3486
3122,1774306181670694121,1774306181674517287,3823
3123,1774306181676131709,1774306181679513566,3381
3124,1774306181681046787,1774306181684656285,3609
3125,1774306181686249698,1774306181690138281,3888
3126,1774306181691827513,1774306181695660090,3832
3127,1774306181697318593,1774306181701575075,4256
3128,1774306181703240666,1774306181707366821,4126
3129,1774306181709184224,1774306181713601620,4417
3130,1774306181715303501,1774306181719135240,3831
3131,1774306181720819627,1774306181725207360,4387
3132,1774306181726871600,1774306181730492643,3621
3133,1774306181732183676,1774306181735865180,3681
3134,1774306181737613177,1774306181741438242,3825
3135,1774306181743074961,1774306181747031678,3956
3136,1774306181748729040,1774306181753026894,4297
3137,1774306181754638839,1774306181758685795,4046
3138,1774306181760455022,1774306181764793342,4338
3139,1774306181766468215,1774306181771468166,4999
3140,1774306181773157155,1774306181777429104,4271
3141,1774306181779024700,1774306181783287858,4263
3142,1774306181785008024,1774306181789195733,4187
3143,1774306181790830719,1774306181795158536,4327
3144,1774306181796731240,1774306181799936724,3205
3145,1774306181801222085,1774306181804815385,3593
3146,1774306181806373104,1774306181809696424,3323
3147,1774306181811180436,1774306181815185312,4004
3148,1774306181816765651,1774306181819905681,3140
3149,1774306181821439597,1774306181824864669,3425
3150,1774306181826434417,1774306181830089019,3654
3151,1774306181831682023,1774306181835394117,3712
3152,1774306181836995203,1774306181840367928,3372
3153,1774306181841968239,1774306181846151410,4183
3154,1774306181847763420,1774306181851156843,3393
3155,1774306181852753234,1774306181856965552,4212
3156,1774306181858662039,1774306181862994401,4332
3157,1774306181864653620,1774306181868520802,3867
3158,1774306181870235886,1774306181874553201,4317
3159,1774306181876355489,1774306181880631268,4275
3160,1774306181882230419,1774306181886633207,4402
3161,1774306181888508052,1774306181892837833,4329
3162,1774306181894494191,1774306181898816957,4322
3163,1774306181900753074,1774306181904995561,4242
3164,1774306181906538002,1774306181910520336,3982
3165,1774306181912409236,1774306181916882190,4472
3166,1774306181918515333,1774306181923023710,4508
3167,1774306181924708599,1774306181928163578,3454
3168,1774306181929905095,1774306181933636277,3731
3169,1774306181935229422,1774306181939013318,3783
3170,1774306181940299555,1774306181944588055,4288
3171,1774306181946228336,1774306181949419914,3191
3172,1774306181951081911,1774306181955558014,4476
3173,1774306181957065518,1774306181960371018,3305
3174,1774306181961919115,1774306181965291109,3371
3175,1774306181966950242,1774306181970466412,3516
3176,1774306181972154723,1774306181976299576,4144
3177,1774306181977907043,1774306181981695396,3788
3178,1774306181983297609,1774306181987188910,3891
3179,1774306181988797819,1774306181993033911,4236
3180,1774306181994634682,1774306181998719402,4084
3181,1774306182000408231,1774306182004714360,4306
3182,1774306182006428965,1774306182010274551,3845
3183,1774306182011970932,1774306182016476826,4505
3184,1774306182018189950,1774306182022396155,4206
3185,1774306182024251278,1774306182028618564,4367
3186,1774306182030261053,1774306182034287930,4026
3187,1774306182036044544,1774306182040381250,4336
3188,1774306182042085755,1774306182046196722,4110
3189,1774306182047931799,1774306182052235685,4303
3190,1774306182053896954,1774306182057246409,3349
3191,1774306182058992045,1774306182062253866,3261
3192,1774306182063930885,1774306182067353174,3422
3193,1774306182068969130,1774306182072764452,3795
3194,1774306182074405249,1774306182077619999,3214
3195,1774306182079186743,1774306182082960663,3773
3196,1774306182084598203,1774306182088774323,4176
3197,1774306182090351262,1774306182093970233,3618
3198,1774306182095560929,1774306182099012723,3451
3199,1774306182100595428,1774306182104072145,3476
3200,1774306182105734426,1774306182109696018,3961
3201,1774306182111347781,1774306182115811740,4463
3202,1774306182117424995,1774306182121778583,4353
3203,1774306182123531340,1774306182127860349,4329
3204,1774306182129608489,1774306182133920117,4311
3205,1774306182135582345,1774306182139784870,4202
3206,1774306182141587220,1774306182145979058,4391
3207,1774306182147639673,1774306182151699896,4060
3208,1774306182153474764,1774306182157915103,4440
3209,1774306182159574504,1774306182163579376,4004
3210,1774306182165321595,1774306182169547052,4225
3211,1774306182171258630,1774306182175460647,4202
3212,1774306182177211994,1774306182181585943,4373
3213,1774306182183293636,1774306182187537295,4243
3214,1774306182189255379,1774306182193010155,3754
3215,1774306182194620462,1774306182199103647,4483
3216,1774306182200771753,1774306182205243637,4471
3217,1774306182206870106,1774306182210546415,3676
3218,1774306182212302236,1774306182216332867,4030
3219,1774306182217986866,1774306182221318532,3331
3220,1774306182222846572,1774306182227107661,4261
3221,1774306182228486385,1774306182232797047,4310
3222,1774306182234376826,1774306182237992692,3615
3223,1774306182239640781,1774306182243179121,3538
3224,1774306182244984059,1774306182249197317,4213
3225,1774306182250831070,1774306182254141032,3309
3226,1774306182255746185,1774306182259373643,3627
3227,1774306182260959068,1774306182264955005,3995
3228,1774306182266554443,1774306182270370525,3816
3229,1774306182272071148,1774306182276323441,4252
3230,1774306182278051459,1774306182281576285,3524
3231,1774306182283362988,1774306182287598685,4235
3232,1774306182289365167,1774306182293004035,3638
3233,1774306182294663566,1774306182298888160,4224
3234,1774306182300522475,1774306182304407995,3885
3235,1774306182306137769,1774306182310402119,4264
3236,1774306182312154907,1774306182316276244,4121
3237,1774306182317932076,1774306182322133419,4201
3238,1774306182323775068,1774306182327459582,3684
3239,1774306182329441544,1774306182333927328,4485
3240,1774306182335777504,1774306182340125515,4348
3241,1774306182341793764,1774306182345214357,3420
3242,1774306182346779143,1774306182350158637,3379
3243,1774306182351837556,1774306182355085899,3248
3244,1774306182356584094,1774306182361105898,4521
3245,1774306182362511011,1774306182366183634,3672
3246,1774306182367701062,1774306182371297739,3596
3247,1774306182372965359,1774306182376602464,3637
3248,1774306182378264394,1774306182382024349,3759
3249,1774306182383653199,1774306182387433006,3779
3250,1774306182389045080,1774306182393193834,4148
3251,1774306182394897110,1774306182399087389,4190
3252,1774306182400805956,1774306182404890116,4084
3253,1774306182406547337,1774306182410732785,4185
3254,1774306182412496062,1774306182416672758,4176
3255,1774306182418399399,1774306182422592491,4193
3256,1774306182424269059,1774306182428540444,4271
3257,1774306182430217900,1774306182434453077,4235
3258,1774306182436234362,1774306182440483473,4249
3259,1774306182442182113,1774306182446341063,4158
3260,1774306182448152194,1774306182452492246,4340
3261,1774306182454361757,1774306182458542357,4180
3262,1774306182459913331,1774306182464009481,4096
3263,1774306182465557883,1774306182469797683,4239
3264,1774306182471528288,1774306182475479393,3951
3265,1774306182476830712,1774306182480761519,3930
3266,1774306182482538614,1774306182486980936,4442
3267,1774306182488667951,1774306182492103397,3435
3268,1774306182493623855,1774306182496935112,3311
3269,1774306182498535950,1774306182502523686,3987
3270,1774306182504127865,1774306182508411196,4283
3271,1774306182509927842,1774306182514087036,4159
3272,1774306182515947762,1774306182520208316,4260
3273,1774306182521824421,1774306182525210548,3386
3274,1774306182526811418,1774306182530296692,3485
3275,1774306182531992607,1774306182535746715,3754
3276,1774306182537356605,1774306182541051250,3694
3277,1774306182542728916,1774306182546598879,3869
3278,1774306182548320822,1774306182552502064,4181
3279,1774306182554232892,1774306182558081202,3848
3280,1774306182559761307,1774306182564001312,4240
3281,1774306182565842263,1774306182569350781,3508
3282,1774306182571039841,1774306182574851601,3811
3283,1774306182576513114,1774306182580562380,4049
3284,1774306182582278717,1774306182586559496,4280
3285,1774306182588380898,1774306182592440214,4059
3286,1774306182594306866,1774306182598504049,4197
3287,1774306182600233540,1774306182604301633,4068
3288,1774306182605793277,1774306182610256330,4463
3289,1774306182611879030,1774306182616135557,4256
3290,1774306182617784223,1774306182621574680,3790
3291,1774306182623016458,1774306182627219853,4203
3292,1774306182628786893,1774306182631797244,3010
3293,1774306182633076694,1774306182636923827,3847
3294,1774306182638158551,1774306182641396166,3237
3295,1774306182643041951,1774306182647296197,4254
3296,1774306182648841215,1774306182652626040,3784
3297,1774306182654321246,1774306182658548274,4227
3298,1774306182660070993,1774306182664119044,4048
3299,1774306182665826996,1774306182669682229,3855
3300,1774306182671397966,1774306182675050509,3652
3301,1774306182676643025,1774306182680108625,3465
3302,1774306182681757361,1774306182685272276,3514
3303,1774306182687037031,1774306182691202845,4165
3304,1774306182692902982,1774306182696741040,3838
3305,1774306182698444974,1774306182702881184,4436
3306,1774306182704589755,1774306182708522880,3933
3307,1774306182710133785,1774306182713949674,3815
3308,1774306182715485042,1774306182719247412,3762
3309,1774306182721081386,1774306182724994927,3913
3310,1774306182726715548,1774306182730648228,3932
3311,1774306182732540462,1774306182736533893,3993
3312,1774306182738209317,1774306182742511932,4302
3313,1774306182744346645,1774306182748361479,4014
3314,1774306182750148398,1774306182754498485,4350
3315,1774306182756076274,1774306182760476340,4400
3316,1774306182762006177,1774306182766365820,4359
3317,1774306182768012167,1774306182771477940,3465
3318,1774306182773045436,1774306182776242605,3197
3319,1774306182777328063,1774306182780855021,3526
3320,1774306182782442120,1774306182786668107,4225
3321,1774306182788339672,1774306182792214583,3874
3322,1774306182793854571,1774306182798243821,4389
3323,1774306182799887193,1774306182803723150,3835
3324,1774306182805355030,1774306182809624195,4269
3325,1774306182811408909,1774306182815176476,3767
3326,1774306182816811413,1774306182821142574,4331
3327,1774306182822960768,1774306182827110133,4149
3328,1774306182828773443,1774306182833012538,4239
3329,1774306182834937766,1774306182839175615,4237
3330,1774306182840942804,1774306182845202356,4259
3331,1774306182846987710,1774306182850519029,3531
3332,1774306182852334677,1774306182856849656,4514
3333,1774306182858478647,1774306182862076468,3597
3334,1774306182863785890,1774306182868117658,4331
3335,1774306182869803141,1774306182873739299,3936
3336,1774306182875424456,1774306182879870392,4445
3337,1774306182881458461,1774306182885712202,4253
3338,1774306182887369197,1774306182890564351,3195
3339,1774306182892248696,1774306182895814012,3565
3340,1774306182897214885,1774306182901470883,4255
3341,1774306182903128458,1774306182907363255,4234
3342,1774306182909001880,1774306182913036264,4034
3343,1774306182914650207,1774306182918136781,3486
3344,1774306182919676089,1774306182923560701,3884
3345,1774306182925377433,1774306182928916014,3538
3346,1774306182930532257,1774306182934140376,3608
3347,1774306182935838094,1774306182939698926,3860
3348,1774306182941338798,1774306182945492103,4153
3349,1774306182947195137,1774306182951473621,4278
3350,1774306182953159794,1774306182956832520,3672
3351,1774306182958718471,1774306182962340122,3621
3352,1774306182964066756,1774306182968249018,4182
3353,1774306182970118795,1774306182974271327,4152
3354,1774306182975861647,1774306182979976409,4114
3355,1774306182981771343,1774306182986018370,4247
3356,1774306182987757713,1774306182992272892,4515
3357,1774306182993964286,1774306182998406109,4441
3358,1774306183000390537,1774306183004850711,4460
3359,1774306183006696108,1774306183011016722,4320
3360,1774306183013108199,1774306183017551598,4443
3361,1774306183019312230,1774306183023708125,4395
3362,1774306183025298307,1774306183029105793,3807
3363,1774306183030690535,1774306183035117477,4426
3364,1774306183036646049,1774306183040247292,3601
3365,1774306183041952114,1774306183045216031,3263
3366,1774306183046795623,1774306183050456365,3660
3367,1774306183052069496,1774306183055462770,3393
3368,1774306183056950103,1774306183060393363,3443
3369,1774306183062093531,1774306183066209509,4115
3370,1774306183067986554,1774306183072185402,4198
3371,1774306183073885313,1774306183078018637,4133
3372,1774306183079705358,1774306183083632114,3926
3373,1774306183085277737,1774306183089049338,3771
3374,1774306183090818273,1774306183094448165,3629
3375,1774306183096143872,1774306183100213306,4069
3376,1774306183101867012,1774306183105709711,3842
3377,1774306183107357565,1774306183111791834,4434
3378,1774306183113484112,1774306183117527276,4043
3379,1774306183119307499,1774306183123749491,4441
3380,1774306183125567176,1774306183129703439,4136
3381,1774306183131366253,1774306183135686040,4319
3382,1774306183137495582,1774306183141616371,4120
3383,1774306183143310619,1774306183147552087,4241
3384,1774306183149208404,1774306183153390194,4181
3385,1774306183155110207,1774306183159409621,4299
3386,1774306183161090999,1774306183165131117,4040
3387,1774306183166748548,1774306183171123865,4375
3388,1774306183172814101,1774306183176194472,3380
3389,1774306183177871577,1774306183182078852,4207
3390,1774306183183486045,1774306183186761989,3275
3391,1774306183188400158,1774306183192730566,4330
3392,1774306183194401992,1774306183198402794,4000
3393,1774306183200054988,1774306183204459947,4404
3394,1774306183206136324,1774306183210294279,4157
3395,1774306183212072241,1774306183216158952,4086
3396,1774306183217850194,1774306183222081551,4231
3397,1774306183223818308,1774306183228209876,4391
3398,1774306183229927713,1774306183234197753,4270
3399,1774306183236034632,1774306183239690084,3655
3400,1774306183241321444,1774306183245427711,4106
3401,1774306183247108619,1774306183251298461,4189
3402,1774306183252926593,1774306183257114663,4188
3403,1774306183258769254,1774306183262439670,3670
3404,1774306183264221949,1774306183268536549,4314
3405,1774306183270206449,1774306183274001022,3794
3406,1774306183275929372,1774306183280151612,4222
3407,1774306183281915996,1774306183285753580,3837
3408,1774306183287586051,1774306183291965246,4379
3409,1774306183293442948,1774306183297488248,4045
3410,1774306183299078249,1774306183303578432,4500
3411,1774306183305056347,1774306183308893247,3836
3412,1774306183310575984,1774306183314978023,4402
3413,1774306183316717630,1774306183320060553,3342
3414,1774306183321637776,1774306183325754718,4116
3415,1774306183327402434,1774306183331428368,4025
3416,1774306183333110224,1774306183336323789,3213
3417,1774306183338050488,1774306183342215373,4164
3418,1774306183343991407,1774306183347705055,3713
3419,1774306183349354168,1774306183353671797,4317
3420,1774306183355327267,1774306183359478351,4151
3421,1774306183361190010,1774306183365429955,4239
3422,1774306183367110932,1774306183371379253,4268
3423,1774306183373030252,1774306183377577955,4547
3424,1774306183379294833,1774306183383776486,4481
3425,1774306183385562167,1774306183389910644,4348
3426,1774306183391768261,1774306183395951052,4182
3427,1774306183397589312,1774306183401715064,4125
3428,1774306183403415995,1774306183407075017,3659
3429,1774306183408721499,1774306183413014587,4293
3430,1774306183414838878,1774306183418687609,3848
3431,1774306183420489385,1774306183424939303,4449
3432,1774306183426634250,1774306183430927059,4292
3433,1774306183432593352,1774306183436551578,3958
3434,1774306183438215996,1774306183441987979,3771
3435,1774306183443641353,1774306183448074632,4433
3436,1774306183449534906,1774306183452824462,3289
3437,1774306183454101010,1774306183458496369,4395
3438,1774306183460008584,1774306183464284897,4276
3439,1774306183466124185,1774306183470205717,4081
3440,1774306183471939250,1774306183476542853,4603
3441,1774306183478247779,1774306183482859578,4611
3442,1774306183484496347,1774306183488536225,4039
3443,1774306183495823631,1774306183499945937,4122
3444,1774306183501744423,1774306183505905248,4160
3445,1774306183507689767,1774306183511893730,4203
3446,1774306183513636970,1774306183517127142,3490
3447,1774306183518761131,1774306183522197143,3436
3448,1774306183523932429,1774306183528149384,4216
3449,1774306183529859185,1774306183533587056,3727
3450,1774306183535380661,1774306183539886476,4505
3451,1774306183541734834,1774306183545599842,3865
3452,1774306183547190782,1774306183551412054,4221
3453,1774306183553307830,1774306183557400368,4092
3454,1774306183559243681,1774306183563583719,4340
3455,1774306183565326516,1774306183569380068,4053
3456,1774306183571044812,1774306183575336113,4291
3457,1774306183576825785,1774306183580996943,4171
3458,1774306183582494452,1774306183586934171,4439
3459,1774306183588741111,1774306183591890802,3149
3460,1774306183593349410,1774306183597448445,4099
3461,1774306183599162821,1774306183602845669,3682
3462,1774306183604531978,1774306183608715697,4183
3463,1774306183610372791,1774306183614294734,3921
3464,1774306183615963169,1774306183620423007,4459
3465,1774306183622129615,1774306183626192311,4062
3466,1774306183627907831,1774306183631531629,3623
3467,1774306183633162591,1774306183637470806,4308
3468,1774306183639364356,1774306183642997754,3633
3469,1774306183644892334,1774306183649175081,4282
3470,1774306183651024086,1774306183654817735,3793
3471,1774306183656410089,1774306183660051456,3641
3472,1774306183661921176,1774306183666146886,4225
3473,1774306183667847637,1774306183671618383,3770
3474,1774306183673267076,1774306183677089752,3822
3475,1774306183678764858,1774306183682812944,4048
3476,1774306183684460751,1774306183688584684,4123
3477,1774306183690360242,1774306183694446423,4086
3478,1774306183696259578,1774306183700286791,4027
3479,1774306183702159355,1774306183705492503,3333
3480,1774306183707042120,1774306183711536248,4494
3481,1774306183713150495,1774306183717005739,3855
3482,1774306183718675665,1774306183723182334,4506
3483,1774306183724899282,1774306183729334571,4435
3484,1774306183730735753,1774306183734023684,3287
3485,1774306183735704005,1774306183739131360,3427
3486,1774306183740699807,1774306183744145869,3446
3487,1774306183745754606,1774306183749132034,3377
3488,1774306183750704399,1774306183754814091,4109
3489,1774306183756422517,1774306183760334979,3912
3490,1774306183762171647,1774306183765480893,3309
3491,1774306183767078242,1774306183771520034,4441
3492,1774306183773120381,1774306183777737384,4617
3493,1774306183779397801,1774306183783569242,4171
3494,1774306183785243042,1774306183789411862,4168
3495,1774306183791126946,1774306183794742901,3615
3496,1774306183796444850,1774306183799973563,3528
3497,1774306183801701159,1774306183805587750,3886
3498,1774306183807182179,1774306183810840151,3657
3499,1774306183812498930,1774306183816200576,3701
3500,1774306183817832953,1774306183821630921,3797
3501,1774306183823256870,1774306183827484032,4227
3502,1774306183829117177,1774306183833124050,4006
3503,1774306183834787724,1774306183839034992,4247
3504,1774306183840795203,1774306183844967713,4172
3505,1774306183846585758,1774306183850882125,4296
3506,1774306183852300019,1774306183855486053,3186
3507,1774306183856776705,1774306183860608458,3831
3508,1774306183862041910,1774306183866044224,4002
3509,1774306183867248319,1774306183870513443,3265
3510,1774306183871785546,1774306183875993829,4208
3511,1774306183877653973,1774306183881877178,4223
3512,1774306183883600678,1774306183887802068,4201
3513,1774306183889447875,1774306183892966853,3518
3514,1774306183894499209,1774306183898695436,4196
3515,1774306183900384273,1774306183903952840,3568
3516,1774306183905586671,1774306183909547408,3960
3517,1774306183911241452,1774306183915532096,4290
3518,1774306183917167197,1774306183920783191,3615
3519,1774306183922444533,1774306183926724537,4280
3520,1774306183928336062,1774306183931861634,3525
3521,1774306183933484972,1774306183937323227,3838
3522,1774306183938831735,1774306183943059313,4227
3523,1774306183944768858,1774306183949029782,4260
3524,1774306183950600615,1774306183954146400,3545
3525,1774306183955967880,1774306183960176488,4208
3526,1774306183961901954,1774306183965654843,3752
3527,1774306183967356391,1774306183970953322,3596
3528,1774306183972629997,1774306183976974908,4344
3529,1774306183978695158,1774306183982111826,3416
3530,1774306183983825205,1774306183988360002,4534
3531,1774306183989923947,1774306183993083749,3159
3532,1774306183994512099,1774306183998732423,4220
3533,1774306184000330809,1774306184004176100,3845
3534,1774306184005689052,1774306184009436061,3747
3535,1774306184010917139,1774306184014720646,3803
3536,1774306184016243785,1774306184020117404,3873
3537,1774306184021880852,1774306184026082583,4201
3538,1774306184027743033,1774306184031252909,3509
3539,1774306184032893349,1774306184036492655,3599
3540,1774306184038365015,1774306184042735568,4370
3541,1774306184044382049,1774306184048077624,3695
3542,1774306184049983533,1774306184054215344,4231
3543,1774306184056070985,1774306184059946802,3875
3544,1774306184061741189,1774306184065989686,4248
3545,1774306184067753172,1774306184071883804,4130
3546,1774306184073503857,1774306184077140234,3636
3547,1774306184078868108,1774306184082508637,3640
3548,1774306184084191925,1774306184088364683,4172
3549,1774306184090033614,1774306184093641065,3607
3550,1774306184095343190,1774306184099626072,4282
3551,1774306184101283213,1774306184105388770,4105
3552,1774306184107049035,1774306184110673327,3624
3553,1774306184112106368,1774306184116767349,4660
3554,1774306184118398941,1774306184122395235,3996
3555,1774306184124050108,1774306184127810390,3760
3556,1774306184129477096,1774306184133915751,4438
3557,1774306184135382410,1774306184138743677,3361
3558,1774306184140176762,1774306184143845819,3669
3559,1774306184145192462,1774306184148889822,3697
3560,1774306184150560463,1774306184154002633,3442
3561,1774306184155723358,1774306184159251247,3527
3562,1774306184161040691,1774306184165392456,4351
3563,1774306184167047410,1774306184170972753,3925
3564,1774306184172735213,1774306184177289372,4554
3565,1774306184178940173,1774306184182855419,3915
3566,1774306184184608996,1774306184188949737,4340
3567,1774306184190703999,1774306184194366217,3662
3568,1774306184196127889,1774306184200587626,4459
3569,1774306184202350555,1774306184206576704,4226
3570,1774306184208422064,1774306184212700321,4278
3571,1774306184214351053,1774306184218698407,4347
3572,1774306184220310515,1774306184224087595,3777
3573,1774306184225731961,1774306184230438526,4706
3574,1774306184232171634,1774306184236247520,4075
3575,1774306184237933860,1774306184242103812,4169
3576,1774306184243674405,1774306184247219598,3545
3577,1774306184248954673,1774306184253257265,4302
3578,1774306184254983296,1774306184258778277,3794
3579,1774306184260435628,1774306184264363957,3928
3580,1774306184265979467,1774306184270173062,4193
3581,1774306184271713044,1774306184275193441,3480
3582,1774306184276875500,1774306184281290095,4414
3583,1774306184282925264,1774306184286196426,3271
3584,1774306184287867065,1774306184292067461,4200
3585,1774306184293749639,1774306184297143596,3393
3586,1774306184298741719,1774306184302264017,3522
3587,1774306184303982752,1774306184307393979,3411
3588,1774306184309017432,1774306184312391649,3374
3589,1774306184314058270,1774306184318235921,4177
3590,1774306184319858286,1774306184323621506,3763
3591,1774306184325280199,1774306184329477066,4196
3592,1774306184331258808,1774306184335429356,4170
3593,1774306184337174118,1774306184341678677,4504
3594,1774306184343430875,1774306184347410830,3979
3595,1774306184349194553,1774306184353557484,4362
3596,1774306184355228249,1774306184359165949,3937
3597,1774306184360803480,1774306184364957991,4154
3598,1774306184366578671,1774306184370720745,4142
3599,1774306184372318127,1774306184375957462,3639
3600,1774306184377645462,1774306184382407441,4761
3601,1774306184384235428,1774306184388535682,4300
3602,1774306184390211723,1774306184394606094,4394
3603,1774306184396328681,1774306184400648451,4319
3604,1774306184402307323,1774306184406819186,4511
3605,1774306184408479818,1774306184412682540,4202
3606,1774306184414364391,1774306184417900626,3536
3607,1774306184419552182,1774306184423107949,3555
3608,1774306184424649064,1774306184428725965,4076
3609,1774306184430338414,1774306184434240840,3902
3610,1774306184435865313,1774306184440064395,4199
3611,1774306184441744886,1774306184445936057,4191
3612,1774306184447566342,1774306184452094675,4528
3613,1774306184453841847,1774306184457942403,4100
3614,1774306184459599296,1774306184463105348,3506
3615,1774306184464746897,1774306184468944065,4197
3616,1774306184470565090,1774306184474355421,3790
3617,1774306184475959452,1774306184479343158,3383
3618,1774306184481035545,1774306184485171327,4135
3619,1774306184486872887,1774306184490657457,3784
3620,1774306184492289752,1774306184496659739,4369
3621,1774306184498334968,1774306184502555762,4220
3622,1774306184504456180,1774306184508819921,4363
3623,1774306184510708108,1774306184514551835,3843
3624,1774306184516232350,1774306184520695731,4463
3625,1774306184522428547,1774306184526937936,4509
3626,1774306184528725590,1774306184532529170,3803
3627,1774306184534136040,1774306184537639361,3503
3628,1774306184539287051,1774306184542866569,3579
3629,1774306184544485942,1774306184547846610,3360
3630,1774306184549426274,1774306184553698819,4272
3631,1774306184555290337,1774306184559711846,4421
3632,1774306184561312228,1774306184565055937,3743
3633,1774306184566721633,1774306184570809733,4088
3634,1774306184572524810,1774306184576498420,3973
3635,1774306184578279912,1774306184582526168,4246
3636,1774306184584272422,1774306184588168787,3896
3637,1774306184590097123,1774306184594458495,4361
3638,1774306184596144308,1774306184599808094,3663
3639,1774306184601691763,1774306184605961395,4269
3640,1774306184607617029,1774306184611942826,4325
3641,1774306184613786710,1774306184617961069,4174
3642,1774306184619989231,1774306184623599700,3610
3643,1774306184625475920,1774306184630025863,4549
3644,1774306184631731640,1774306184635426811,3695
3645,1774306184637251893,1774306184641687495,4435
3646,1774306184643332929,1774306184647040982,3708
3647,1774306184649004752,1774306184652657455,3652
3648,1774306184654497704,1774306184658930930,4433
3649,1774306184660944431,1774306184665254297,4309
3650,1774306184666915663,1774306184670890361,3974
3651,1774306184672618247,1774306184675942325,3324
3652,1774306184677622744,1774306184680671138,3048
3653,1774306184682304687,1774306184685833051,3528
3654,1774306184687126918,1774306184691235999,4109
3655,1774306184692801822,1774306184697084764,4282
3656,1774306184698600850,1774306184702771815,4170
3657,1774306184704313490,1774306184708532771,4219
3658,1774306184710303222,1774306184714527693,4224
3659,1774306184716263826,1774306184720624860,4361
3660,1774306184722355723,1774306184726690510,4334
3661,1774306184728367979,1774306184732104611,3736
3662,1774306184733955302,1774306184737497105,3541
3663,1774306184739209132,1774306184743513844,4304
3664,1774306184745513820,1774306184749801940,4288
3665,1774306184751598437,1774306184755988356,4389
3666,1774306184758185354,1774306184762357512,4172
3667,1774306184764096243,1774306184768209540,4113
3668,1774306184770261514,1774306184774610395,4348
3669,1774306184776409384,1774306184781015026,4605
3670,1774306184782740083,1774306184786878695,4138
3671,1774306184788447805,1774306184792569421,4121
3672,1774306184794216611,1774306184798475030,4258
3673,1774306184800179106,1774306184804541202,4362
3674,1774306184806136694,1774306184810515889,4379
3675,1774306184812094904,1774306184815462151,3367
3676,1774306184817022764,1774306184820255961,3233
3677,1774306184821924803,1774306184825696113,3771
3678,1774306184827486264,1774306184831456610,3970
3679,1774306184833133445,1774306184836630557,3497
3680,1774306184838395182,1774306184841987900,3592
3681,1774306184843633598,1774306184847813238,4179
3682,1774306184849346072,1774306184853330899,3984
3683,1774306184855194089,1774306184859055963,3861
3684,1774306184860728270,1774306184864909649,4181
3685,1774306184866701377,1774306184870796759,4095
3686,1774306184872477064,1774306184876592216,4115
3687,1774306184878310407,1774306184882851775,4541
3688,1774306184884585231,1774306184888865269,4280
3689,1774306184890688474,1774306184894891896,4203
3690,1774306184896568459,1774306184900659329,4090
3691,1774306184902396691,1774306184906774869,4378
3692,1774306184908461487,1774306184912497589,4036
3693,1774306184914220502,1774306184918500852,4280
3694,1774306184920387862,1774306184924802583,4414
3695,1774306184926415427,1774306184930631730,4216
3696,1774306184932302779,1774306184936510388,4207
3697,1774306184937913875,1774306184941303624,3389
3698,1774306184942769637,1774306184946316317,3546
3699,1774306184947933734,1774306184951128963,3195
3700,1774306184952236451,1774306184955376221,3139
3701,1774306184956823788,1774306184960904043,4080
3702,1774306184962471442,1774306184966314422,3842
3703,1774306184967854432,1774306184971158791,3304
3704,1774306184972686006,1774306184976049874,3363
3705,1774306184977746517,1774306184981647203,3900
3706,1774306184983236404,1774306184987261338,4024
3707,1774306184988865731,1774306184992221339,3355
3708,1774306184993835348,1774306184998069189,4233
3709,1774306184999951367,1774306185004104495,4153
3710,1774306185005852967,1774306185010121881,4268
3711,1774306185011970658,1774306185015345126,3374
3712,1774306185017155096,1774306185021232915,4077
3713,1774306185022959556,1774306185026482901,3523
3714,1774306185028099707,1774306185032455855,4356
3715,1774306185034087782,1774306185038276173,4188
3716,1774306185039935598,1774306185043465392,3529
3717,1774306185045118510,1774306185049796071,4677
3718,1774306185051595382,1774306185055207222,3611
3719,1774306185056851974,1774306185060569719,3717
3720,1774306185062309402,1774306185066519410,4210
3721,1774306185068292058,1774306185072784531,4492
3722,1774306185074386115,1774306185078398804,4012
3723,1774306185080065931,1774306185083823351,3757
3724,1774306185085496785,1774306185089734395,4237
3725,1774306185091177747,1774306185094898896,3721
3726,1774306185096610592,1774306185099978273,3367
3727,1774306185101618938,1774306185106022228,4403
3728,1774306185107609414,1774306185111161892,3552
3729,1774306185112803630,1774306185116672271,3868
3730,1774306185118389205,1774306185122428549,4039
3731,1774306185124048595,1774306185128182649,4134
3732,1774306185129938635,1774306185133535429,3596
3733,1774306185135421556,1774306185139887596,4466
3734,1774306185141535465,1774306185145170021,3634
3735,1774306185147043978,1774306185151313751,4269
3736,1774306185153101415,1774306185157265785,4164
3737,1774306185159187112,1774306185163308464,4121
3738,1774306185165186972,1774306185169422073,4235
3739,1774306185171050784,1774306185175279964,4229
3740,1774306185177106661,1774306185180753778,3647
3741,1774306185182528670,1774306185186777300,4248
3742,1774306185188715808,1774306185192283100,3567
3743,1774306185193977125,1774306185197582324,3605
3744,1774306185199273286,1774306185203662375,4389
3745,1774306185205304776,1774306185209595595,4290
3746,1774306185211175944,1774306185215536645,4360
3747,1774306185217171976,1774306185220748928,3576
3748,1774306185222460755,1774306185226966456,4505
3749,1774306185228747537,1774306185232661781,3914
3750,1774306185234269772,1774306185238632566,4362
3751,1774306185240088220,1774306185243748503,3660
3752,1774306185245244869,1774306185248893886,3649
3753,1774306185250451625,1774306185254636417,4184
3754,1774306185256327584,1774306185260502562,4174
3755,1774306185262150665,1774306185266474306,4323
3756,1774306185268186487,1774306185272387122,4200
3757,1774306185274171902,1774306185278343391,4171
3758,1774306185280182912,1774306185284495896,4312
3759,1774306185286241115,1774306185290697247,4456
3760,1774306185292632870,1774306185297016132,4383
3761,1774306185298657648,1774306185302851239,4193
3762,1774306185304507217,1774306185308943837,4436
3763,1774306185310722641,1774306185314319016,3596
3764,1774306185316116284,1774306185320491970,4375
3765,1774306185322194675,1774306185326471024,4276
3766,1774306185328237123,1774306185332402281,4165
3767,1774306185334250943,1774306185338680116,4429
3768,1774306185340456414,1774306185344670298,4213
3769,1774306185346262132,1774306185350657801,4395
3770,1774306185352192898,1774306185356622866,4429
3771,1774306185358186056,1774306185362653649,4467
3772,1774306185364246785,1774306185367992334,3745
3773,1774306185369805473,1774306185373468303,3662
3774,1774306185375055595,1774306185378391988,3336
3775,1774306185380075007,1774306185383738914,3663
3776,1774306185385320162,1774306185389511389,4191
3777,1774306185391108282,1774306185394820866,3712
3778,1774306185396684408,1774306185400487054,3802
3779,1774306185402160721,1774306185406571018,4410
3780,1774306185408248692,1774306185412379104,4130
3781,1774306185414261262,1774306185418871133,4609
3782,1774306185420545033,1774306185424488553,3943
3783,1774306185426406987,1774306185430815919,4408
3784,1774306185432737010,1774306185436559791,3822
3785,1774306185438350170,1774306185442813852,4463
3786,1774306185444744786,1774306185448562328,3817
3787,1774306185450427761,1774306185454887195,4459
3788,1774306185456761166,1774306185460633711,3872
3789,1774306185462266596,1774306185466644766,4378
3790,1774306185468439046,1774306185472457173,4018
3791,1774306185474103397,1774306185478408010,4304
3792,1774306185480238726,1774306185484256563,4017
3793,1774306185485965205,1774306185490660816,4695
3794,1774306185491937477,1774306185496334500,4397
3795,1774306185498008056,1774306185502453202,4445
3796,1774306185504023795,1774306185508419846,4396
3797,1774306185509858142,1774306185513997784,4139
3798,1774306185515429790,1774306185519849808,4420
3799,1774306185521499195,1774306185525355578,3856
3800,1774306185526923699,1774306185530397116,3473
3801,1774306185532043515,1774306185536114994,4071
3802,1774306185537771706,1774306185541660351,3888
3803,1774306185543311031,1774306185547530678,4219
3804,1774306185549245133,1774306185553262449,4017
3805,1774306185554894246,1774306185558382102,3487
3806,1774306185560112526,1774306185564594377,4481
3807,1774306185566271330,1774306185569945528,3674
3808,1774306185571551771,1774306185575987524,4435
3809,1774306185577869895,1774306185581604039,3734
3810,1774306185583318949,1774306185587648258,4329
3811,1774306185589439147,1774306185593005269,3566
3812,1774306185594683022,1774306185598177887,3494
3813,1774306185599954001,1774306185604385603,4431
3814,1774306185606244186,1774306185610009291,3765
3815,1774306185611646515,1774306185616047879,4401
3816,1774306185617948679,1774306185622008153,4059
3817,1774306185623747687,1774306185627186545,3438
3818,1774306185628960588,1774306185633298565,4337
3819,1774306185634825713,1774306185637953310,3127
3820,1774306185639543164,1774306185643263123,3719
3821,1774306185644858971,1774306185649439757,4580
3822,1774306185651069148,1774306185654732332,3663
3823,1774306185656432264,1774306185660622422,4190
3824,1774306185662198535,1774306185666215720,4017
3825,1774306185668055389,1774306185671419044,3363
3826,1774306185673119249,1774306185677135967,4016
3827,1774306185678791493,1774306185682342672,3551
3828,1774306185683976276,1774306185687981199,4004
3829,1774306185689673493,1774306185693530002,3856
3830,1774306185695273219,1774306185699637037,4363
3831,1774306185701532737,1774306185705494063,3961
3832,1774306185707236638,1774306185711584788,4348
3833,1774306185713219576,1774306185717523952,4304
3834,1774306185719295869,1774306185723636291,4340
3835,1774306185725529064,1774306185729606193,4077
3836,1774306185731293504,1774306185735711729,4418
3837,1774306185737566657,1774306185741878109,4311
3838,1774306185743546782,1774306185747170928,3624
3839,1774306185748935819,1774306185752511188,3575
3840,1774306185754232399,1774306185758477104,4244
3841,1774306185760149996,1774306185763547403,3397
3842,1774306185765194575,1774306185769582023,4387
3843,1774306185771159581,1774306185775472272,4312
3844,1774306185777077781,1774306185780858184,3780
3845,1774306185782569881,1774306185786994416,4424
3846,1774306185788420785,1774306185791780161,3359
3847,1774306185793326660,1774306185796679640,3352
3848,1774306185798321112,1774306185802143581,3822
3849,1774306185803832754,1774306185808056041,4223
3850,1774306185809728749,1774306185813554864,3826
3851,1774306185815183339,1774306185819470808,4287
3852,1774306185821096778,1774306185825025587,3928
3853,1774306185826646361,1774306185830896249,4249
3854,1774306185832644462,1774306185836207232,3562
3855,1774306185837897779,1774306185842456327,4558
3856,1774306185844231349,1774306185848292321,4060
3857,1774306185850016897,1774306185854345407,4328
3858,1774306185856102958,1774306185860219111,4116
3859,1774306185861930417,1774306185866177926,4247
3860,1774306185867915737,1774306185872114356,4198
3861,1774306185873776109,1774306185877938852,4162
3862,1774306185879682602,1774306185883749708,4067
3863,1774306185885409026,1774306185889787747,4378
3864,1774306185891501255,1774306185895132699,3631
3865,1774306185896762859,1774306185901045555,4282
3866,1774306185902596576,1774306185906464302,3867
3867,1774306185907916275,1774306185911248648,3332
3868,1774306185912801531,1774306185916183822,3382
3869,1774306185917550263,1774306185921966928,4416
3870,1774306185923705351,1774306185927853643,4148
3871,1774306185929445973,1774306185933658960,4212
3872,1774306185935272723,1774306185939417742,4145
3873,1774306185941036719,1774306185945265046,4228
3874,1774306185946937867,1774306185951122195,4184
3875,1774306185952997474,1774306185956475728,3478
3876,1774306185958162417,1774306185962463788,4301
3877,1774306185964282598,1774306185968177719,3895
3878,1774306185969811223,1774306185974042533,4231
3879,1774306185975650236,1774306185979206146,3555
3880,1774306185980848793,1774306185984994651,4145
3881,1774306185986645352,1774306185990866539,4221
3882,1774306185992515879,1774306185996740298,4224
3883,1774306185998662873,1774306186002304502,3641
3884,1774306186003959841,1774306186008058323,4098
3885,1774306186009719811,1774306186013505225,3785
3886,1774306186015113340,1774306186019243248,4129
3887,1774306186020837706,1774306186024641680,3803
3888,1774306186026361096,1774306186030685393,4324
3889,1774306186032347569,1774306186036645607,4298
3890,1774306186038230666,1774306186042629437,4398
3891,1774306186044179114,1774306186048111574,3932
3892,1774306186049658912,1774306186053012234,3353
3893,1774306186054630779,1774306186057876293,3245
3894,1774306186059300223,1774306186062434448,3134
3895,1774306186064002646,1774306186067287434,3284
3896,1774306186068465402,1774306186072926392,4460
3897,1774306186074643431,1774306186078163368,3519
3898,1774306186079954468,1774306186084152241,4197
3899,1774306186085886262,1774306186089566867,3680
3900,1774306186091377294,1774306186095741232,4363
3901,1774306186097403010,1774306186101550941,4147
3902,1774306186103408936,1774306186108015834,4606
3903,1774306186109717426,1774306186113766243,4048
3904,1774306186115751993,1774306186120156788,4404
3905,1774306186122019034,1774306186126025297,4006
3906,1774306186127816851,1774306186132203125,4386
3907,1774306186134003903,1774306186138061601,4057
3908,1774306186139779779,1774306186144301405,4521
3909,1774306186145977148,1774306186149826246,3849
3910,1774306186151687103,1774306186155941767,4254
3911,1774306186157582838,1774306186161582769,3999
3912,1774306186163313933,1774306186167209972,3896
3913,1774306186168943187,1774306186172298511,3355
3914,1774306186174005164,1774306186177742044,3736
3915,1774306186179346700,1774306186183320777,3974
3916,1774306186184912298,1774306186188216720,3304
3917,1774306186189959263,1774306186194388627,4429
3918,1774306186196047742,1774306186200474043,4426
3919,1774306186202050233,1774306186206286539,4236
3920,1774306186207930363,1774306186211213157,3282
3921,1774306186213030691,1774306186217396065,4365
3922,1774306186219121825,1774306186222807159,3685
3923,1774306186224493311,1774306186229013492,4520
3924,1774306186230795690,1774306186234342261,3546
3925,1774306186236062390,1774306186240708708,4646
3926,1774306186242426505,1774306186246238227,3811
3927,1774306186248039957,1774306186251788635,3748
3928,1774306186253433679,1774306186257127391,3693
3929,1774306186258758070,1774306186262534694,3776
3930,1774306186264465126,1774306186268556972,4091
3931,1774306186270437628,1774306186274845805,4408
3932,1774306186276499039,1774306186280469124,3970
3933,1774306186282492217,1774306186287019237,4527
3934,1774306186288670716,1774306186292535472,3864
3935,1774306186294366856,1774306186298494922,4128
3936,1774306186300459373,1774306186304917102,4457
3937,1774306186306765653,1774306186309924247,3158
3938,1774306186311427254,1774306186315802204,4374
3939,1774306186317345078,1774306186321035364,3690
3940,1774306186322507673,1774306186326956229,4448
3941,1774306186328685725,1774306186332801223,4115
3942,1774306186334408304,1774306186338730340,4322
3943,1774306186340180122,1774306186344711782,4531
3944,1774306186346496108,1774306186350503517,4007
3945,1774306186352155952,1774306186356484248,4328
3946,1774306186358326104,1774306186362036067,3709
3947,1774306186363710768,1774306186368034512,4323
3948,1774306186369836410,1774306186373750677,3914
3949,1774306186375417877,1774306186379119664,3701
3950,1774306186380923982,1774306186384975781,4051
3951,1774306186386576078,1774306186390475414,3899
3952,1774306186392092213,1774306186396804557,4712
3953,1774306186398423979,1774306186402525100,4101
3954,1774306186404239751,1774306186408728285,4488
3955,1774306186410496891,1774306186414388535,3891
3956,1774306186416298780,1774306186420006965,3708
3957,1774306186421672173,1774306186425839901,4167
3958,1774306186427502119,1774306186431448606,3946
3959,1774306186433140392,1774306186437546931,4406
3960,1774306186439499294,1774306186443776231,4276
3961,1774306186445535733,1774306186450094976,4559
3962,1774306186451744128,1774306186455556513,3812
3963,1774306186457153256,1774306186461543717,4390
3964,1774306186463133849,1774306186466934507,3800
3965,1774306186468436002,1774306186472095677,3659
3966,1774306186473406047,1774306186476533545,3127
3967,1774306186478078057,1774306186481415903,3337
3968,1774306186482997942,1774306186487228509,4230
3969,1774306186488765839,1774306186492110982,3345
3970,1774306186493905682,1774306186498125617,4219
3971,1774306186499746956,1774306186503532483,3785
3972,1774306186505268628,1774306186509003483,3734
3973,1774306186510649704,1774306186514152199,3502
3974,1774306186515793500,1774306186519577325,3783
3975,1774306186521169487,1774306186525123765,3954
3976,1774306186526722096,1774306186530619239,3897
3977,1774306186532255025,1774306186536720002,4464
3978,1774306186538326897,1774306186542559235,4232
3979,1774306186544366097,1774306186548573858,4207
3980,1774306186550206530,1774306186554446796,4240
3981,1774306186556119155,1774306186559973727,3854
3982,1774306186561638579,1774306186565853181,4214
3983,1774306186567709737,1774306186571964223,4254
3984,1774306186573623191,1774306186577755009,4131
3985,1774306186579464738,1774306186583996957,4532
3986,1774306186585692880,1774306186590120360,4427
3987,1774306186591785819,1774306186595365267,3579
3988,1774306186597030627,1774306186600490904,3460
3989,1774306186602260082,1774306186605593564,3333
3990,1774306186607080648,1774306186611256298,4175
3991,1774306186612879027,1774306186616172299,3293
3992,1774306186617637870,1774306186621981312,4343
3993,1774306186623830120,1774306186628009569,4179
3994,1774306186629634015,1774306186633111203,3477
3995,1774306186634779577,1774306186638917577,4138
3996,1774306186640487058,1774306186644731762,4244
3997,1774306186646523391,1774306186650902738,4379
3998,1774306186652546826,1774306186656767393,4220
3999,1774306186658436743,1774306186662629543,4192
4000,1774306186664373655,1774306186668059109,3685
4001,1774306186669705607,1774306186674006223,4300
4002,1774306186675827051,1774306186679744015,3916
4003,1774306186681378568,1774306186685616169,4237
4004,1774306186687468765,1774306186691467519,3998
4005,1774306186693135895,1774306186697464106,4328
4006,1774306186699329568,1774306186703484335,4154
4007,1774306186705150042,1774306186709478051,4328
4008,1774306186711314047,1774306186715520082,4206
4009,1774306186717193178,1774306186720576773,3383
4010,1774306186722066107,1774306186725407927,3341
4011,1774306186727110485,1774306186730455728,3345
4012,1774306186732062462,1774306186735741112,3678
4013,1774306186737353482,1774306186740437484,3084
4014,1774306186741612711,1774306186746023002,4410
4015,1774306186747533129,1774306186750988703,3455
4016,1774306186752526017,1774306186755969629,3443
4017,1774306186757544663,1774306186761677563,4132
4018,1774306186763337805,1774306186767312073,3974
4019,1774306186768951747,1774306186773312507,4360
4020,1774306186775299885,1774306186779417718,4117
4021,1774306186781107690,1774306186785563049,4455
4022,1774306186787167670,1774306186791269435,4101
4023,1774306186792989261,1774306186797102139,4112
4024,1774306186798988999,1774306186803272085,4283
4025,1774306186804925906,1774306186809231403,4305
4026,1774306186810944468,1774306186815050994,4106
4027,1774306186816471275,1774306186820713046,4241
4028,1774306186822316012,1774306186825902813,3586
4029,1774306186827721400,1774306186831831720,4110
4030,1774306186833464490,1774306186837049900,3585
4031,1774306186838695300,1774306186842304172,3608
4032,1774306186843932870,1774306186847633220,3700
4033,1774306186849327102,1774306186853644879,4317
4034,1774306186855091927,1774306186859067596,3975
4035,1774306186860775403,1774306186864430305,3654
4036,1774306186866078429,1774306186870479919,4401
4037,1774306186872083711,1774306186876133338,4049
4038,1774306186877811454,1774306186880897050,3085
4039,1774306186882449830,1774306186886587130,4137
4040,1774306186888223301,1774306186892357013,4133
4041,1774306186893908460,1774306186897355677,3447
4042,1774306186899050670,1774306186903031821,3981
4043,1774306186904634734,1774306186908489241,3854
4044,1774306186910327753,1774306186914566647,4238
4045,1774306186916332955,1774306186920470520,4137
4046,1774306186922271296,1774306186926039634,3768
4047,1774306186927636448,1774306186931970236,4333
4048,1774306186933621344,1774306186937222748,3601
4049,1774306186938847201,1774306186943262530,4415
4050,1774306186944943675,1774306186948722714,3779
4051,1774306186950635382,1774306186955057861,4422
4052,1774306186956746931,1774306186960926051,4179
4053,1774306186962734756,1774306186966959771,4225
4054,1774306186968597010,1774306186972670855,4073
4055,1774306186974629846,1774306186979110633,4480
4056,1774306186980772060,1774306186984989219,4217
4057,1774306186986871253,1774306186991325430,4454
4058,1774306186993052989,1774306186997402014,4349
4059,1774306186999072923,1774306187003467622,4394
4060,1774306187005109882,1774306187009000077,3890
4061,1774306187010701928,1774306187014353947,3652
4062,1774306187016104446,1774306187020304772,4200
4063,1774306187021842820,1774306187025092053,3249
4064,1774306187026597189,1774306187030981248,4384
4065,1774306187032698992,1774306187036373905,3674
4066,1774306187038056201,1774306187042330233,4274
4067,1774306187044063532,1774306187047597692,3534
4068,1774306187049486376,1774306187053753622,4267
4069,1774306187055391099,1774306187059127017,3735
4070,1774306187060778002,1774306187064563155,3785
4071,1774306187066455259,1774306187070555655,4100
4072,1774306187072518122,1774306187076934052,4415
4073,1774306187078830394,1774306187082592076,3761
4074,1774306187084596760,1774306187088900421,4303
4075,1774306187090650080,1774306187094913750,4263
4076,1774306187096561073,1774306187100792983,4231
4077,1774306187102437432,1774306187106960755,4523
4078,1774306187108646027,1774306187112662485,4016
4079,1774306187114295132,1774306187118936852,4641
4080,1774306187120617974,1774306187124856146,4238
4081,1774306187126589823,1774306187130078235,3488
4082,1774306187131369598,1774306187135330613,3961
4083,1774306187137052019,1774306187140478833,3426
4084,1774306187142140916,1774306187146050375,3909
4085,1774306187147824409,1774306187152337046,4512
4086,1774306187153935002,1774306187157293052,3358
4087,1774306187158872843,1774306187162825209,3952
4088,1774306187164421918,1774306187168092227,3670
4089,1774306187169657090,1774306187173198909,3541
4090,1774306187174817200,1774306187178275793,3458
4091,1774306187180087229,1774306187184331724,4244
4092,1774306187186021490,1774306187190133498,4112
4093,1774306187191736618,1774306187195229940,3493
4094,1774306187196901009,1774306187201075398,4174
4095,1774306187202763649,1774306187206397537,3633
4096,1774306187208404349,1774306187212860134,4455
4097,1774306187214659781,1774306187218201533,3541
4098,1774306187220027898,1774306187224459387,4431
4099,1774306187226112882,1774306187230164665,4051
4100,1774306187231923058,1774306187235833181,3910
4101,1774306187237481589,1774306187241444054,3962
4102,1774306187243124997,1774306187247468356,4343
4103,1774306187249087400,1774306187253153699,4066
4104,1774306187254790890,1774306187258728706,3937
4105,1774306187260457404,1774306187264837754,4380
4106,1774306187266485669,1774306187270858505,4372
4107,1774306187272569085,1774306187275956783,3387
4108,1774306187277426406,1774306187281700599,4274
4109,1774306187283233375,1774306187287418366,4184
4110,1774306187288687032,1774306187293039736,4352
4111,1774306187294603621,1774306187298853774,4250
4112,1774306187300395494,1774306187304652425,4256
4113,1774306187306208638,1774306187310620266,4411
4114,1774306187312308462,1774306187316775319,4466
4115,1774306187318804653,1774306187322982666,4178
4116,1774306187324659895,1774306187328925928,4266
4117,1774306187330792561,1774306187334853325,4060
4118,1774306187336713436,1774306187340712609,3999
4119,1774306187342381463,1774306187346667591,4286
4120,1774306187348361290,1774306187352242285,3880
4121,1774306187353880532,1774306187358240596,4360
4122,1774306187359905316,1774306187363416835,3511
4123,1774306187365102558,1774306187369543032,4440
4124,1774306187371213617,1774306187374864293,3650
4125,1774306187376530519,1774306187380649572,4119
4126,1774306187382248458,1774306187385890044,3641
4127,1774306187387553126,1774306187391731359,4178
4128,1774306187393383849,1774306187397522027,4138
4129,1774306187399426242,1774306187403953627,4527
4130,1774306187405450093,1774306187409883623,4433
4131,1774306187411566034,1774306187415557856,3991
4132,1774306187417197538,1774306187421097776,3900
4133,1774306187422755044,1774306187427073616,4318
4134,1774306187428624183,1774306187432392424,3768
4135,1774306187434022361,1774306187438268353,4245
4136,1774306187439849873,1774306187443239328,3389
4137,1774306187444800582,1774306187448179416,3378
4138,1774306187449872690,1774306187454269934,4397
4139,1774306187455894728,1774306187459292082,3397
4140,1774306187461037943,1774306187465268433,4230
4141,1774306187467297039,1774306187471011807,3714
4142,1774306187472859348,1774306187477082240,4222
4143,1774306187478739629,1774306187482401988,3662
4144,1774306187484096635,1774306187488238732,4142
4145,1774306187489946683,1774306187493779234,3832
4146,1774306187495625529,1774306187500013798,4388
4147,1774306187501894391,1774306187506385568,4491
4148,1774306187508220822,1774306187512892070,4671
4149,1774306187514552904,1774306187518085617,3532
4150,1774306187519826719,1774306187524305199,4478
4151,1774306187525925574,1774306187529692384,3766
4152,1774306187531373026,1774306187535748196,4375
4153,1774306187537468149,1774306187541453925,3985
4154,1774306187543157382,1774306187546338778,3181
4155,1774306187548068868,1774306187552468033,4399
4156,1774306187553802447,1774306187557285323,3482
4157,1774306187558497149,1774306187562927583,4430
4158,1774306187564635512,1774306187568750281,4114
4159,1774306187570283774,1774306187574356689,4072
4160,1774306187575989245,1774306187579610055,3620
4161,1774306187581238875,1774306187585642778,4403
4162,1774306187587253285,1774306187591456304,4203
4163,1774306187593087986,1774306187597198378,4110
4164,1774306187598806245,1774306187602187391,3381
4165,1774306187603995986,1774306187608477226,4481
4166,1774306187610255001,1774306187614181183,3926
4167,1774306187616045090,1774306187620298629,4253
4168,1774306187621982831,1774306187625750665,3767
4169,1774306187627354383,1774306187631098736,3744
4170,1774306187632748913,1774306187636970775,4221
4171,1774306187638928898,1774306187642628520,3699
4172,1774306187644265160,1774306187648555011,4289
4173,1774306187650463397,1774306187654923087,4459
4174,1774306187656615177,1774306187660844616,4229
4175,1774306187662612979,1774306187666533902,3920
4176,1774306187668113327,1774306187672429739,4316
4177,1774306187674116049,1774306187678221375,4105
4178,1774306187679698105,1774306187684108899,4410
4179,1774306187685772445,1774306187689985308,4212
4180,1774306187691378196,1774306187695672491,4294
4181,1774306187697150010,1774306187701440593,4290
4182,1774306187702879561,1774306187706270293,3390
4183,1774306187707778221,1774306187711616286,3838
4184,1774306187713063541,1774306187717246290,4182
4185,1774306187718856768,1774306187722968783,4112
4186,1774306187724627768,1774306187728807569,4179
4187,1774306187730449617,1774306187734440265,3990
4188,1774306187736102484,1774306187740591169,4488
4189,1774306187742469695,1774306187746681905,4212
4190,1774306187748328332,1774306187752147376,3819
4191,1774306187753836710,1774306187758298965,4462
4192,1774306187759918866,1774306187763825810,3906
4193,1774306187765532321,1774306187769915105,4382
4194,1774306187771945525,1774306187775371612,3426
4195,1774306187777022586,1774306187781198717,4176
4196,1774306187783105407,1774306187786736162,3630
4197,1774306187788304001,1774306187792678555,4374
4198,1774306187794298207,1774306187797933872,3635
4199,1774306187799427766,1774306187803166624,3738
4200,1774306187804838509,1774306187808754635,3916
4201,1774306187810383851,1774306187814342219,3958
4202,1774306187815962555,1774306187819188318,3225
4203,1774306187820748105,1774306187824768091,4019
4204,1774306187826278168,1774306187829668437,3390
4205,1774306187830968082,1774306187834233049,3264
4206,1774306187835450883,1774306187839741621,4290
4207,1774306187841350000,1774306187845039338,3689
4208,1774306187846554068,1774306187850667966,4113
4209,1774306187852283401,1774306187856501808,4218
4210,1774306187858104945,1774306187862158632,4053
4211,1774306187863762953,1774306187868023373,4260
4212,1774306187869733135,1774306187873789751,4056
4213,1774306187875331843,1774306187879419559,4087
4214,1774306187881024378,1774306187885073540,4049
4215,1774306187886708952,1774306187890926111,4217
4216,1774306187892540468,1774306187896818027,4277
4217,1774306187898429795,1774306187902777227,4347
4218,1774306187904510691,1774306187908845954,4335
4219,1774306187910591331,1774306187915016467,4425
4220,1774306187916799420,1774306187920458884,3659
4221,1774306187922353325,1774306187926647316,4293
4222,1774306187928448636,1774306187932832907,4384
4223,1774306187934574017,1774306187938820100,4246
4224,1774306187940518779,1774306187944197343,3678
4225,1774306187945936438,1774306187950401048,4464
4226,1774306187951981517,1774306187955350023,3368
4227,1774306187957088520,1774306187961427834,4339
4228,1774306187963038709,1774306187967024182,3985
4229,1774306187968479720,1774306187972733644,4253
4230,1774306187974358524,1774306187977752092,3393
4231,1774306187979472752,1774306187983634151,4161
4232,1774306187985246795,1774306187989138977,3892
4233,1774306187990823072,1774306187994231285,3408
4234,1774306187996047925,1774306188000289327,4241
4235,1774306188002087763,1774306188005986431,3898
4236,1774306188007624108,1774306188011969592,4345
4237,1774306188013556448,1774306188017558964,4002
4238,1774306188019260393,1774306188023727601,4467
4239,1774306188025411527,1774306188029209445,3797
4240,1774306188030988835,1774306188035165134,4176
4241,1774306188036868736,1774306188040293075,3424
4242,1774306188042061656,1774306188046411385,4349
4243,1774306188048142956,1774306188051907217,3764
4244,1774306188053782360,1774306188058103698,4321
4245,1774306188059777293,1774306188063609601,3832
4246,1774306188065478737,1774306188069819825,4341
4247,1774306188071504238,1774306188075523316,4019
4248,1774306188077298632,1774306188081676725,4378
4249,1774306188083341677,1774306188087638513,4296
4250,1774306188089186342,1774306188092843972,3657
4251,1774306188094438648,1774306188098854835,4416
4252,1774306188100403868,1774306188104030867,3626
4253,1774306188105724878,1774306188109065147,3340
4254,1774306188110581491,1774306188114987417,4405
4255,1774306188116591690,1774306188120485957,3894
4256,1774306188121999027,1774306188125132137,3133
4257,1774306188126886502,1774306188131209309,4322
4258,1774306188132859237,1774306188136573235,3713
4259,1774306188138431873,1774306188142927434,4495
4260,1774306188144873344,1774306188148697338,3823
4261,1774306188150479984,1774306188154446175,3966
4262,1774306188156361869,1774306188160742233,4380
4263,1774306188162683221,1774306188167089311,4406
4264,1774306188168750143,1774306188173119825,4369
4265,1774306188175154111,1774306188179404474,4250
4266,1774306188181134117,1774306188184989960,3855
4267,1774306188186710536,1774306188190950402,4239
4268,1774306188192590054,1774306188196617321,4027
4269,1774306188198435630,1774306188202747044,4311
4270,1774306188204381470,1774306188208096984,3715
4271,1774306188209959370,1774306188214228061,4268
4272,1774306188215894172,1774306188219542047,3647
4273,1774306188221207622,1774306188225035450,3827
4274,1774306188226727772,1774306188231148501,4420
4275,1774306188232950794,1774306188237381934,4431
4276,1774306188239027535,1774306188242931760,3904
4277,1774306188244542114,1774306188248074807,3532
4278,1774306188249765902,1774306188253934031,4168
4279,1774306188255595933,1774306188259606013,4010
4280,1774306188261177974,1774306188265447013,4269
4281,1774306188267013070,1774306188270242332,3229
4282,1774306188271813658,1774306188275597884,3784
4283,1774306188277218820,1774306188280761496,3542
4284,1774306188282439859,1774306188286803773,4363
4285,1774306188288478290,1774306188292007369,3529
4286,1774306188293854019,1774306188297427238,3573
4287,1774306188299105201,1774306188303489534,4384
4288,1774306188305419683,1774306188309535810,4116
4289,1774306188311332508,1774306188315574268,4241
4290,1774306188317428394,1774306188321545529,4117
4291,1774306188323237813,1774306188327469080,4231
4292,1774306188329128165,1774306188333217086,4088
4293,1774306188334934223,1774306188338613042,3678
4294,1774306188340452753,1774306188344899244,4446
4295,1774306188346616586,1774306188350057980,3441
4296,1774306188351952801,1774306188355463362,3510
4297,1774306188357204046,1774306188361733910,4529
4298,1774306188363478221,1774306188366972879,3494
4299,1774306188368774123,1774306188372090835,3316
4300,1774306188373694493,1774306188376981933,3287
4301,1774306188378667618,1774306188381948160,3280
4302,1774306188383221231,1774306188387603627,4382
4303,1774306188389013312,1774306188392385759,3372
4304,1774306188393933074,1774306188398053869,4120
4305,1774306188399486215,1774306188402986740,3500
4306,1774306188404752506,1774306188409030301,4277
4307,1774306188410629735,1774306188414310110,3680
4308,1774306188415995281,1774306188419579747,3584
4309,1774306188421343450,1774306188425506881,4163
4310,1774306188427137748,1774306188430970337,3832
4311,1774306188432591197,1774306188436792138,4200
4312,1774306188438411617,1774306188442367052,3955
4313,1774306188444093283,1774306188448528799,4435
4314,1774306188450211476,1774306188454586744,4375
4315,1774306188456289926,1774306188460657569,4367
4316,1774306188462324770,1774306188466533878,4209
4317,1774306188468308947,1774306188472668222,4359
4318,1774306188474327454,1774306188478590470,4263
4319,1774306188480340557,1774306188484393418,4052
4320,1774306188486129204,1774306188490690639,4561
4321,1774306188492345689,1774306188496638792,4293
4322,1774306188503697956,1774306188508093149,4395
4323,1774306188509723229,1774306188514233750,4510
4324,1774306188516037633,1774306188519756922,3719
4325,1774306188521288264,1774306188524675583,3387
4326,1774306188526059621,1774306188530398616,4338
4327,1774306188532177666,1774306188535577635,3399
4328,1774306188537434535,1774306188541573597,4139
4329,1774306188543283296,1774306188547069859,3786
4330,1774306188548710272,1774306188552238097,3527
4331,1774306188553958794,1774306188557781456,3822
4332,1774306188559531359,1774306188563559935,4028
4333,1774306188565275837,1774306188569408044,4132
4334,1774306188571120549,1774306188574481889,3361
4335,1774306188576232714,1774306188580549841,4317
4336,1774306188582445064,1774306188585994893,3549
4337,1774306188587653304,1774306188591879239,4225
4338,1774306188593687668,1774306188597298381,3610
4339,1774306188599246889,1774306188603643592,4396
4340,1774306188605292609,1774306188608930200,3637
4341,1774306188610781651,1774306188614927399,4145
4342,1774306188616618647,1774306188620519949,3901
4343,1774306188622464014,1774306188626755318,4291
4344,1774306188628571964,1774306188632561337,3989
4345,1774306188634450451,1774306188638897198,4446
4346,1774306188640533732,1774306188644487513,3953
4347,1774306188646114959,1774306188651128704,5013
4348,1774306188652782340,1774306188656673480,3891
4349,1774306188658394317,1774306188662914164,4519
4350,1774306188664580831,1774306188667928949,3348
4351,1774306188669517625,1774306188672706944,3189
4352,1774306188674245162,1774306188678640039,4394
4353,1774306188680323976,1774306188683813486,3489
4354,1774306188685602935,1774306188690080901,4477
4355,1774306188691925562,1774306188695808092,3882
4356,1774306188697506910,1774306188701793180,4286
4357,1774306188703568353,1774306188707814643,4246
4358,1774306188709544026,1774306188713827787,4283
4359,1774306188715677560,1774306188719287712,3610
4360,1774306188720941287,1774306188725166204,4224
4361,1774306188727048172,1774306188731376824,4328
4362,1774306188733246470,1774306188737481061,4234
4363,1774306188739426557,1774306188743542761,4116
4364,1774306188745402466,1774306188749784468,4382
4365,1774306188751639883,1774306188755548809,3908
4366,1774306188757301226,1774306188761642289,4341
4367,1774306188763570319,1774306188767756347,4186
4368,1774306188769438950,1774306188773938104,4499
4369,1774306188775396102,1774306188779444357,4048
4370,1774306188781258825,1774306188784744545,3485
4371,1774306188786339651,1774306188790756926,4417
4372,1774306188792408206,1774306188796711310,4303
4373,1774306188798328740,1774306188801611928,3283
4374,1774306188803186530,1774306188806491579,3305
4375,1774306188808111686,1774306188811582997,3471
4376,1774306188813162775,1774306188817370200,4207
4377,1774306188818966458,1774306188823270000,4303
4378,1774306188824937660,1774306188829175899,4238
4379,1774306188831086494,1774306188835527446,4440
4380,1774306188837216458,1774306188841452880,4236
4381,1774306188843326844,1774306188847460958,4134
4382,1774306188849307564,1774306188853399780,4092
4383,1774306188855206550,1774306188859546517,4339
4384,1774306188861239515,1774306188864949391,3709
4385,1774306188866808664,1774306188871089556,4280
4386,1774306188872733881,1774306188876555784,3821
4387,1774306188878312627,1774306188881964371,3651
4388,1774306188883591132,1774306188887314174,3723
4389,1774306188889089411,1774306188892740495,3651
4390,1774306188894433091,1774306188898516564,4083
4391,1774306188900243654,1774306188904274196,4030
4392,1774306188906075925,1774306188910334713,4258
4393,1774306188912125560,1774306188916203007,4077
4394,1774306188917900958,1774306188921163957,3262
4395,1774306188922950998,1774306188926302110,3351
4396,1774306188927990174,1774306188932248854,4258
4397,1774306188933582878,1774306188936722329,3139
4398,1774306188937797194,1774306188941124590,3327
4399,1774306188942742116,1774306188946634988,3892
4400,1774306188948143718,1774306188951321594,3177
4401,1774306188952941128,1774306188957261972,4320
4402,1774306188958930204,1774306188962751583,3821
4403,1774306188964376913,1774306188968673569,4296
4404,1774306188970319447,1774306188974442363,4122
4405,1774306188976203367,1774306188979957357,3753
4406,1774306188981694679,1774306188985871832,4177
4407,1774306188987619813,1774306188991580437,3960
4408,1774306188993250281,1774306188997756727,4506
4409,1774306188999443412,1774306189003432240,3988
4410,1774306189005078048,1774306189009487858,4409
4411,1774306189011201650,1774306189015314522,4112
4412,1774306189017041516,1774306189021307981,4266
4413,1774306189023051528,1774306189027315496,4263
4414,1774306189029023704,1774306189033109277,4085
4415,1774306189034985257,1774306189038584158,3598
4416,1774306189040395465,1774306189044684850,4289
4417,1774306189046349843,1774306189049955862,3606
4418,1774306189051664111,1774306189055607248,3943
4419,1774306189057286457,1774306189061080875,3794
4420,1774306189062616283,1774306189067047469,4431
4421,1774306189068653586,1774306189071928677,3275
4422,1774306189073559249,1774306189077202329,3643
4423,1774306189078775152,1774306189082908405,4133
4424,1774306189084388011,1774306189088359176,3971
4425,1774306189090002436,1774306189094171509,4169
4426,1774306189095824087,1774306189099528534,3704
4427,1774306189101198562,1774306189105298696,4100
4428,1774306189107028804,1774306189110533855,3505
4429,1774306189112358164,1774306189116783817,4425
4430,1774306189118441518,1774306189122126055,3684
4431,1774306189123927177,1774306189128212616,4285
4432,1774306189129915326,1774306189133640747,3725
4433,1774306189135529410,1774306189139818354,4288
4434,1774306189141497672,1774306189145527959,4030
4435,1774306189147187187,1774306189151589836,4402
4436,1774306189153353489,1774306189157058094,3704
4437,1774306189159012737,1774306189162535859,3523
4438,1774306189164265830,1774306189168568948,4303
4439,1774306189170588999,1774306189174202333,3613
4440,1774306189175858557,1774306189180085333,4226
4441,1774306189181827833,1774306189185293347,3465
4442,1774306189187059746,1774306189190957443,3897
4443,1774306189192587945,1774306189196195061,3607
4444,1774306189197899261,1774306189201333443,3434
4445,1774306189203083418,1774306189206854738,3771
4446,1774306189208593763,1774306189212579356,3985
4447,1774306189214181694,1774306189217937909,3756
4448,1774306189219203922,1774306189222836780,3632
4449,1774306189224606075,1774306189228618594,4012
4450,1774306189230316945,1774306189234246838,3929
4451,1774306189235925026,1774306189240145858,4220
4452,1774306189242004212,1774306189245539189,3534
4453,1774306189247193334,1774306189251453929,4260
4454,1774306189253076437,1774306189256925916,3849
4455,1774306189258825674,1774306189263138445,4312
4456,1774306189264785623,1774306189268340640,3555
4457,1774306189270006907,1774306189274146314,4139
4458,1774306189275736550,1774306189279525487,3788
4459,1774306189281124116,1774306189285419776,4295
4460,1774306189287093690,1774306189291194453,4100
4461,1774306189293167294,1774306189297535571,4368
4462,1774306189299309876,1774306189303550936,4241
4463,1774306189305570040,1774306189309910390,4340
4464,1774306189311649108,1774306189315582552,3933
4465,1774306189317491671,1774306189321972288,4480
4466,1774306189323729500,1774306189328060064,4330
4467,1774306189329802733,1774306189333174945,3372
4468,1774306189334844828,1774306189338230561,3385
4469,1774306189339796998,1774306189343640817,3843
4470,1774306189345174201,1774306189348557059,3382
4471,1774306189350127988,1774306189353731694,3603
4472,1774306189355317728,1774306189358514328,3196
4473,1774306189360080390,1774306189364298234,4217
4474,1774306189366025126,1774306189369806300,3781
4475,1774306189371451248,1774306189375683119,4231
4476,1774306189377529867,1774306189381899398,4369
4477,1774306189383595122,1774306189387986144,4391
4478,1774306189389662276,1774306189393917136,4254
4479,1774306189395567390,1774306189399549026,3981
4480,1774306189401564053,1774306189405187292,3623
4481,1774306189406996881,1774306189411464430,4467
4482,1774306189413270195,1774306189417393401,4123
4483,1774306189419155040,1774306189423490599,4335
4484,1774306189425263414,1774306189429031448,3768
4485,1774306189430733936,1774306189434384667,3650
4486,1774306189436110302,1774306189439904935,3794
4487,1774306189441556744,1774306189445728084,4171
4488,1774306189447540271,1774306189451641645,4101
4489,1774306189453376544,1774306189457674960,4298
4490,1774306189459496622,1774306189463561742,4065
4491,1774306189465288220,1774306189469740393,4452
4492,1774306189471452921,1774306189475370276,3917
4493,1774306189477065689,1774306189481482456,4416
4494,1774306189482996027,1774306189486475615,3479
4495,1774306189488131005,1774306189491887057,3756
4496,1774306189493360221,1774306189497269501,3909
4497,1774306189498854487,1774306189502513835,3659
4498,1774306189504083981,1774306189508352173,4268
4499,1774306189509963393,1774306189513296117,3332
4500,1774306189514962517,1774306189519596196,4633
4501,1774306189521258577,1774306189525027781,3769
4502,1774306189526804919,1774306189530656794,3851
4503,1774306189532242563,1774306189536358345,4115
4504,1774306189537948241,1774306189541997384,4049
4505,1774306189543646128,1774306189547209610,3563
4506,1774306189548903993,1774306189552883982,3979
4507,1774306189554553022,1774306189558504392,3951
4508,1774306189560236437,1774306189564299623,4063
4509,1774306189566087253,1774306189570168631,4081
4510,1774306189571877938,1774306189576125508,4247
4511,1774306189577875649,1774306189581620492,3744
4512,1774306189583398897,1774306189587584752,4185
4513,1774306189589312961,1774306189593359456,4046
4514,1774306189595100942,1774306189599602085,4501
4515,1774306189601167503,1774306189605438546,4271
4516,1774306189607084990,1774306189610387140,3302
4517,1774306189612023396,1774306189616414383,4390
4518,1774306189618007467,1774306189622413379,4405
4519,1774306189624054492,1774306189627852683,3798
4520,1774306189629561385,1774306189633054310,3492
4521,1774306189634651051,1774306189638790923,4139
4522,1774306189640275828,1774306189643975219,3699
4523,1774306189645649026,1774306189649773203,4124
4524,1774306189651390504,1774306189655660442,4269
4525,1774306189657411029,1774306189661715301,4304
4526,1774306189663387311,1774306189667740482,4353
4527,1774306189669657104,1774306189673910758,4253
4528,1774306189675666641,1774306189679162271,3495
4529,1774306189681145333,1774306189685477600,4332
4530,1774306189687155804,1774306189691135129,3979
4531,1774306189692964727,1774306189697202127,4237
4532,1774306189698838319,1774306189702615971,3777
4533,1774306189704585097,1774306189708503173,3918
4534,1774306189710263170,1774306189714700449,4437
4535,1774306189716651514,1774306189721015626,4364
4536,1774306189722596463,1774306189726793476,4197
4537,1774306189728591898,1774306189732819539,4227
4538,1774306189734542240,1774306189738844846,4302
4539,1774306189740478972,1774306189744807189,4328
4540,1774306189746317404,1774306189750632636,4315
4541,1774306189752290572,1774306189755698904,3408
4542,1774306189757433494,1774306189761889877,4456
4543,1774306189763478163,1774306189767483946,4005
4544,1774306189769153891,1774306189772901867,3747
4545,1774306189774541085,1774306189777987108,3446
4546,1774306189779557275,1774306189783014246,3456
4547,1774306189784603104,1774306189788104982,3501
4548,1774306189789732993,1774306189794110058,4377
4549,1774306189795756663,1774306189799242118,3485
4550,1774306189800820524,1774306189805044611,4224
4551,1774306189806619645,1774306189810803692,4184
4552,1774306189812504470,1774306189816810757,4306
4553,1774306189818472573,1774306189822646216,4173
4554,1774306189824390485,1774306189827960912,3570
4555,1774306189829641132,1774306189833845349,4204
4556,1774306189835468325,1774306189839055243,3586
4557,1774306189840702747,1774306189844581417,3878
4558,1774306189846240112,1774306189849857790,3617
4559,1774306189851488888,1774306189855655283,4166
4560,1774306189857252927,1774306189861231668,3978
4561,1774306189862836020,1774306189866248345,3412
4562,1774306189867868467,1774306189872200566,4332
4563,1774306189873886914,1774306189877148498,3261
4564,1774306189878669480,1774306189882929693,4260
4565,1774306189884364321,1774306189887716300,3351
4566,1774306189889171474,1774306189892488038,3316
4567,1774306189893954866,1774306189897127296,3172
4568,1774306189898546822,1774306189902072936,3526
4569,1774306189903687827,1774306189906874897,3187
4570,1774306189908429890,1774306189912133208,3703
4571,1774306189913676196,1774306189917887872,4211
4572,1774306189919503202,1774306189923624371,4121
4573,1774306189925236792,1774306189929455745,4218
4574,1774306189931154748,1774306189935405978,4251
4575,1774306189937126516,1774306189941337921,4211
4576,1774306189943007896,1774306189947280036,4272
4577,1774306189949014260,1774306189953323831,4309
4578,1774306189955015553,1774306189959200362,4184
4579,1774306189961209095,1774306189965431165,4222
4580,1774306189967056222,1774306189971190371,4134
4581,1774306189972940005,1774306189976329668,3389
4582,1774306189978015885,1774306189982332988,4317
4583,1774306189984017812,1774306189987645020,3627
4584,1774306189989294238,1774306189992986622,3692
4585,1774306189994623777,1774306189998346365,3722
4586,1774306189999987862,1774306190004362565,4374
4587,1774306190006032282,1774306190009792495,3760
4588,1774306190011427986,1774306190015270319,3842
4589,1774306190016868833,1774306190020927611,4058
4590,1774306190022667783,1774306190026694655,4026
4591,1774306190028262463,1774306190032497474,4235
4592,1774306190033937245,1774306190037415322,3478
4593,1774306190038976223,1774306190041992553,3016
4594,1774306190043431334,1774306190046482810,3051
4595,1774306190048037850,1774306190052046915,4009
4596,1774306190053616461,1774306190057246691,3630
4597,1774306190058830773,1774306190063139973,4309
4598,1774306190064808378,1774306190069184425,4376
4599,1774306190071040450,1774306190075322887,4282
4600,1774306190077013131,1774306190081179242,4166
4601,1774306190083147401,1774306190087340605,4193
4602,1774306190089006887,1774306190093121702,4114
4603,1774306190094556052,1774306190098676969,4120
4604,1774306190100438524,1774306190104581369,4142
4605,1774306190106368729,1774306190110425376,4056
4606,1774306190112125506,1774306190116530469,4404
4607,1774306190118209844,1774306190122653096,4443
4608,1774306190124389458,1774306190128567908,4178
4609,1774306190130197635,1774306190134657398,4459
4610,1774306190136383457,1774306190140641949,4258
4611,1774306190142542582,1774306190146164342,3621
4612,1774306190148053544,1774306190151473700,3420
4613,1774306190153133966,1774306190156558735,3424
4614,1774306190158275341,1774306190162904967,4629
4615,1774306190164456503,1774306190168288029,3831
4616,1774306190170030527,1774306190173471796,3441
4617,1774306190174923233,1774306190178349291,3426
4618,1774306190179763511,1774306190183043485,3279
4619,1774306190184627938,1774306190188117791,3489
4620,1774306190189741908,1774306190193365755,3623
4621,1774306190195000249,1774306190199196717,4196
4622,1774306190200753231,1774306190204633706,3880
4623,1774306190206316934,1774306190210613192,4296
4624,1774306190212220381,1774306190215940705,3720
4625,1774306190217915829,1774306190221214629,3298
4626,1774306190222826263,1774306190226988022,4161
4627,1774306190228797079,1774306190232291283,3494
4628,1774306190233946350,1774306190237431874,3485
4629,1774306190239053302,1774306190242395703,3342
4630,1774306190244018076,1774306190248219501,4201
4631,1774306190249845296,1774306190253242226,3396
4632,1774306190254850225,1774306190258247205,3396
4633,1774306190259871844,1774306190264260457,4388
4634,1774306190265882882,1774306190270255599,4372
4635,1774306190272008027,1774306190276160626,4152
4636,1774306190278076543,1774306190282300935,4224
4637,1774306190284059655,1774306190288399984,4340
4638,1774306190289994325,1774306190293348691,3354
4639,1774306190294989147,1774306190298425799,3436
4640,1774306190299908553,1774306190303898044,3989
4641,1774306190305595756,1774306190310021813,4426
4642,1774306190311375652,1774306190315441276,4065
4643,1774306190316950375,1774306190321393853,4443
4644,1774306190322973198,1774306190326151853,3178
4645,1774306190327716436,1774306190332054209,4337
4646,1774306190333720292,1774306190337634466,3914
4647,1774306190339368205,1774306190343722443,4354
4648,1774306190345454890,1774306190349353509,3898
4649,1774306190351054213,1774306190355586243,4532
4650,1774306190357306882,1774306190361357292,4050
4651,1774306190363032114,1774306190366554450,3522
4652,1774306190368372318,1774306190372709035,4336
4653,1774306190374352726,1774306190377984455,3631
4654,1774306190379635183,1774306190383847897,4212
4655,1774306190385661536,1774306190389183247,3521
4656,1774306190390880222,1774306190394846396,3966
4657,1774306190396597777,1774306190400638033,4040
4658,1774306190402489210,1774306190406774019,4284
4659,1774306190408461474,1774306190412820459,4358
4660,1774306190414745948,1774306190419091828,4345
4661,1774306190420741723,1774306190424584789,3843
4662,1774306190426303282,1774306190430819836,4516
4663,1774306190432497021,1774306190436145188,3648
4664,1774306190437644719,1774306190441116936,3472
4665,1774306190442962088,1774306190446773376,3811
4666,1774306190448397799,1774306190452060601,3662
4667,1774306190453759635,1774306190457164266,3404
4668,1774306190458734062,1774306190462437452,3703
4669,1774306190464107527,1774306190468297987,4190
4670,1774306190469850128,1774306190474003727,4153
4671,1774306190475673598,1774306190479989025,4315
4672,1774306190481624041,1774306190485085530,3461
4673,1774306190486715202,1774306190490084510,3369
4674,1774306190491907518,1774306190496066725,4159
4675,1774306190497663900,1774306190501028162,3364
4676,1774306190502626439,1774306190506770477,4144
4677,1774306190508458776,1774306190512550836,4092
4678,1774306190514260956,1774306190518024156,3763
4679,1774306190519582247,1774306190523160790,3578
4680,1774306190525098100,1774306190528896281,3798
4681,1774306190530542174,1774306190534164350,3622
4682,1774306190536046895,1774306190540119854,4072
4683,1774306190541770007,1774306190545329473,3559
4684,1774306190547011870,1774306190550984438,3972
4685,1774306190552810514,1774306190557056178,4245
4686,1774306190558722014,1774306190562481470,3759
4687,1774306190564093787,1774306190568042606,3948
4688,1774306190569700133,1774306190574018849,4318
4689,1774306190575938093,1774306190579450867,3512
4690,1774306190581136253,1774306190585673767,4537
4691,1774306190587162607,1774306190591218455,4055
4692,1774306190592914235,1774306190596460130,3545
4693,1774306190598110418,1774306190602470720,4360
4694,1774306190604038752,1774306190607876017,3837
4695,1774306190609525279,1774306190613171450,3646
4696,1774306190614891358,1774306190619244553,4353
4697,1774306190620935516,1774306190624819696,3884
4698,1774306190626466349,1774306190630920490,4454
4699,1774306190632610579,1774306190636196208,3585
4700,1774306190637944007,1774306190642242171,4298
4701,1774306190643952048,1774306190648121091,4169
4702,1774306190650035579,1774306190654314189,4278
4703,1774306190656024611,1774306190660167912,4143
4704,1774306190662166394,1774306190666384454,4218
4705,1774306190668312520,1774306190672588175,4275
4706,1774306190674464940,1774306190678653791,4188
4707,1774306190680452034,1774306190684822735,4370
4708,1774306190686473141,1774306190690935982,4462
4709,1774306190692854249,1774306190697028429,4174
4710,1774306190698677872,1774306190702992568,4314
4711,1774306190704630246,1774306190708963429,4333
4712,1774306190710607403,1774306190714617165,4009
4713,1774306190716217400,1774306190720656117,4438
4714,1774306190722214704,1774306190726240585,4025
4715,1774306190727912037,1774306190732258418,4346
4716,1774306190733946080,1774306190738019069,4072
4717,1774306190739591845,1774306190743870957,4279
4718,1774306190745437007,1774306190749638435,4201
4719,1774306190751262724,1774306190754942919,3680
4720,1774306190756762058,1774306190761003313,4241
4721,1774306190762543589,1774306190766580809,4037
4722,1774306190768426046,1774306190772792900,4366
4723,1774306190774560353,1774306190778656080,4095
4724,1774306190780538491,1774306190784850529,4312
4725,1774306190786501754,1774306190790488304,3986
4726,1774306190792092922,1774306190796476971,4384
4727,1774306190798292237,1774306190802425814,4133
4728,1774306190804054460,1774306190807721348,3666
4729,1774306190809385527,1774306190813609951,4224
4730,1774306190815264924,1774306190819517907,4252
4731,1774306190821135147,1774306190825384620,4249
4732,1774306190827036823,1774306190831484313,4447
4733,1774306190833145755,1774306190837516604,4370
4734,1774306190839173666,1774306190843597407,4423
4735,1774306190845131300,1774306190849012752,3881
4736,1774306190850347930,1774306190854609222,4261
4737,1774306190856070119,1774306190860088059,4017
4738,1774306190861889036,1774306190866346798,4457
4739,1774306190867736276,1774306190871007907,3271
4740,1774306190872554266,1774306190875983540,3429
4741,1774306190877508358,1774306190881335223,3826
4742,1774306190882911499,1774306190887112818,4201
4743,1774306190888721035,1774306190892868535,4147
4744,1774306190894631745,1774306190898824028,4192
4745,1774306190900475794,1774306190904796080,4320
4746,1774306190906494238,1774306190910787013,4292
4747,1774306190912434980,1774306190916891201,4456
4748,1774306190918559640,1774306190923092410,4532
4749,1774306190924823537,1774306190928525686,3702
4750,1774306190930153156,1774306190934646318,4493
4751,1774306190936413617,1774306190940630385,4216
4752,1774306190942285182,1774306190946699841,4414
4753,1774306190948495597,1774306190952818307,4322
4754,1774306190954506065,1774306190958823172,4317
4755,1774306190960580901,1774306190964831662,4250
4756,1774306190966586209,1774306190970821837,4235
4757,1774306190972634694,1774306190977034424,4399
4758,1774306190978652119,1774306190981980819,3328
4759,1774306190983200306,1774306190986456662,3256
4760,1774306190988187757,1774306190992191881,4004
4761,1774306190993956846,1774306190997295080,3338
4762,1774306190998685265,1774306191003165957,4480
4763,1774306191004786359,1774306191008655639,3869
4764,1774306191010258834,1774306191014539892,4281
4765,1774306191016092992,1774306191020223234,4130
4766,1774306191021975186,1774306191025379561,3404
4767,1774306191027075267,1774306191031414762,4339
4768,1774306191033137251,1774306191036821979,3684
4769,1774306191038544775,1774306191042947054,4402
4770,1774306191044615331,1774306191048479120,3863
4771,1774306191050205447,1774306191054744442,4538
4772,1774306191056476901,1774306191060434304,3957
4773,1774306191062129897,1774306191066347433,4217
4774,1774306191068051325,1774306191072323740,4272
4775,1774306191074013714,1774306191077600783,3587
4776,1774306191079265129,1774306191083464405,4199
4777,1774306191085363179,1774306191089060941,3697
4778,1774306191090736900,1774306191094917383,4180
4779,1774306191096814084,1774306191100805920,3991
4780,1774306191102762066,1774306191107094393,4332
4781,1774306191108732959,1774306191112295740,3562
4782,1774306191114053882,1774306191118421545,4367
4783,1774306191120065475,1774306191123649368,3583
4784,1774306191125201846,1774306191128586703,3384
4785,1774306191130168970,1774306191133699855,3530
4786,1774306191135344345,1774306191138757504,3413
4787,1774306191140323009,1774306191143357601,3034
4788,1774306191144882186,1774306191148163678,3281
4789,1774306191149704631,1774306191153729458,4024
4790,1774306191155268126,1774306191158951484,3683
4791,1774306191160554634,1774306191164769227,4214
4792,1774306191166427951,1774306191170083485,3655
4793,1774306191171950166,1774306191175403067,3452
4794,1774306191177014086,1774306191180807374,3793
4795,1774306191182466193,1774306191186079612,3613
4796,1774306191187682972,1774306191191505681,3822
4797,1774306191193217720,1774306191197634325,4416
4798,1774306191199320738,1774306191203551912,4231
4799,1774306191205295029,1774306191209406385,4111
4800,1774306191211097528,1774306191215398844,4301
4801,1774306191217139705,1774306191221521237,4381
4802,1774306191223409101,1774306191227746155,4337
4803,1774306191229472524,1774306191233740475,4267
4804,1774306191235402155,1774306191239674627,4272
4805,1774306191241369502,1774306191245763645,4394
4806,1774306191247566994,1774306191251935528,4368
4807,1774306191253567947,1774306191257783629,4215
4808,1774306191259571707,1774306191262994478,3422
4809,1774306191264761599,1774306191269186281,4424
4810,1774306191270787406,1774306191274325346,3537
4811,1774306191275945290,1774306191279079653,3134
4812,1774306191280766220,1774306191284966505,4200
4813,1774306191286545204,1774306191290795757,4250
4814,1774306191292528229,1774306191296836040,4307
4815,1774306191298550604,1774306191302819601,4268
4816,1774306191304472934,1774306191308614126,4141
4817,1774306191310222205,1774306191314431011,4208
4818,1774306191316133364,1774306191320535960,4402
4819,1774306191322298671,1774306191326540304,4241
4820,1774306191328395949,1774306191332690188,4294
4821,1774306191334401117,1774306191338501137,4100
4822,1774306191340151733,1774306191344540979,4389
4823,1774306191346289473,1774306191350564800,4275
4824,1774306191352341170,1774306191356108280,3767
4825,1774306191357781550,1774306191362038548,4256
4826,1774306191363768998,1774306191367618733,3849
4827,1774306191369273654,1774306191373623882,4350
4828,1774306191375259120,1774306191379531071,4271
4829,1774306191381419925,1774306191385447031,4027
4830,1774306191387149490,1774306191391545780,4396
4831,1774306191393300386,1774306191397670803,4370
4832,1774306191399297280,1774306191403422367,4125
4833,1774306191405175092,1774306191409045328,3870
4834,1774306191410422036,1774306191413703467,3281
4835,1774306191415187710,1774306191418988790,3801
4836,1774306191420593461,1774306191424141005,3547
4837,1774306191425682711,1774306191429026778,3344
4838,1774306191430720818,1774306191434995046,4274
4839,1774306191436562821,1774306191440158466,3595
4840,1774306191441936511,1774306191445737987,3801
4841,1774306191447329504,1774306191451486116,4156
4842,1774306191453323384,1774306191457764849,4441
4843,1774306191459399754,1774306191463222553,3822
4844,1774306191465083743,1774306191469505615,4421
4845,1774306191471216375,1774306191475603276,4386
4846,1774306191477294631,1774306191481195875,3901
4847,1774306191482925083,1774306191486395707,3470
4848,1774306191488150564,1774306191492272225,4121
4849,1774306191493954693,1774306191498305055,4350
4850,1774306191500205908,1774306191504353726,4147
4851,1774306191506312151,1774306191510683886,4371
4852,1774306191512417517,1774306191516833846,4416
4853,1774306191518580103,1774306191522756658,4176
4854,1774306191524541789,1774306191528588582,4046
4855,1774306191530260313,1774306191534695260,4434
4856,1774306191536402774,1774306191540198831,3796
4857,1774306191541826584,1774306191545216963,3390
4858,1774306191546488030,1774306191550239471,3751
4859,1774306191551651929,1774306191555937199,4285
4860,1774306191557508236,1774306191560941024,3432
4861,1774306191562448150,1774306191566376834,3928
4862,1774306191568159425,1774306191572143718,3984
4863,1774306191573848679,1774306191577740255,3891
4864,1774306191579386717,1774306191583604546,4217
4865,1774306191585502440,1774306191589585059,4082
4866,1774306191591246911,1774306191595498457,4251
4867,1774306191597312182,1774306191601282951,3970
4868,1774306191602905708,1774306191607104644,4198
4869,1774306191609083594,1774306191613214585,4130
4870,1774306191614848594,1774306191619106871,4258
4871,1774306191620851483,1774306191624628495,3777
4872,1774306191626413249,1774306191630722708,4309
4873,1774306191632494841,1774306191636487156,3992
4874,1774306191638197932,1774306191642505881,4307
4875,1774306191644297175,1774306191648521257,4224
4876,1774306191650387575,1774306191654698777,4311
4877,1774306191656378149,1774306191660465640,4087
4878,1774306191662301673,1774306191666729739,4428
4879,1774306191668366013,1774306191672753024,4387
4880,1774306191674364412,1774306191678242715,3878
4881,1774306191679947517,1774306191684024190,4076
4882,1774306191685454958,1774306191689850511,4395
4883,1774306191691562709,1774306191694784667,3221
4884,1774306191696576759,1774306191700982200,4405
4885,1774306191702571806,1774306191705991047,3419
4886,1774306191707580711,1774306191710997914,3417
4887,1774306191712604218,1774306191716573535,3969
4888,1774306191718403321,1774306191722091389,3688
4889,1774306191723726208,1774306191727911379,4185
4890,1774306191729657148,1774306191733799947,4142
4891,1774306191735383402,1774306191739453587,4070
4892,1774306191741147173,1774306191745779075,4631
4893,1774306191747822331,1774306191751991885,4169
4894,1774306191753843638,1774306191757954675,4111
4895,1774306191759848875,1774306191763936464,4087
4896,1774306191765624477,1774306191769518370,3893
4897,1774306191771365935,1774306191775670631,4304
4898,1774306191777313056,1774306191781598768,4285
4899,1774306191783373193,1774306191787693097,4319
4900,1774306191789472307,1774306191793821462,4349
4901,1774306191795560868,1774306191799603902,4043
4902,1774306191800924850,1774306191804287647,3362
4903,1774306191805915113,1774306191809630389,3715
4904,1774306191811199511,1774306191815455136,4255
4905,1774306191817079405,1774306191820786386,3706
4906,1774306191822200940,1774306191825843254,3642
4907,1774306191827420086,1774306191830578966,3158
4908,1774306191832100012,1774306191835796206,3696
4909,1774306191837373013,1774306191841262811,3889
4910,1774306191842850708,1774306191846581683,3730
4911,1774306191848193953,1774306191852402836,4208
4912,1774306191854003775,1774306191857809836,3806
4913,1774306191859541789,1774306191863809350,4267
4914,1774306191865467654,1774306191869723242,4255
4915,1774306191871437722,1774306191875626108,4188
4916,1774306191877308928,1774306191881543141,4234
4917,1774306191883305369,1774306191887593632,4288
4918,1774306191889340383,1774306191893564531,4224
4919,1774306191895339943,1774306191899264335,3924
4920,1774306191900917972,1774306191904427616,3509
4921,1774306191906217681,1774306191910306023,4088
4922,1774306191911944120,1774306191916096891,4152
4923,1774306191917907716,1774306191921377193,3469
4924,1774306191923138902,1774306191927584230,4445
4925,1774306191929212700,1774306191932916502,3703
4926,1774306191934505615,1774306191938062439,3556
4927,1774306191939671484,1774306191942821280,3149
4928,1774306191944381630,1774306191948789186,4407
4929,1774306191950299429,1774306191954208592,3909
4930,1774306191955720776,1774306191959974314,4253
4931,1774306191961470199,1774306191965744828,4274
4932,1774306191967355190,1774306191971598261,4243
4933,1774306191973296458,1774306191977383488,4087
4934,1774306191979004177,1774306191982207300,3203
4935,1774306191983819495,1774306191987301162,3481
4936,1774306191988897854,1774306191992945405,4047
4937,1774306191994587405,1774306191998463614,3876
4938,1774306192000127225,1774306192004182637,4055
4939,1774306192005944807,1774306192010111322,4166
4940,1774306192011753372,1774306192015391056,3637
4941,1774306192017195173,1774306192021213015,4017
4942,1774306192023049129,1774306192026951031,3901
4943,1774306192028702906,1774306192032948630,4245
4944,1774306192034608660,1774306192038504054,3895
4945,1774306192040285660,1774306192044675657,4389
4946,1774306192046492652,1774306192050469023,3976
4947,1774306192052166882,1774306192055940034,3773
4948,1774306192057594096,1774306192061292771,3698
4949,1774306192063016999,1774306192066834384,3817
4950,1774306192068489259,1774306192072489019,3999
4951,1774306192074184981,1774306192078301056,4116
4952,1774306192080052542,1774306192084449044,4396
4953,1774306192086068061,1774306192089838174,3770
4954,1774306192091450902,1774306192094980136,3529
4955,1774306192096649715,1774306192100296563,3646
4956,1774306192101916840,1774306192106124246,4207
4957,1774306192107620693,1774306192111719589,4098
4958,1774306192113444127,1774306192117822195,4378
4959,1774306192119608197,1774306192123590516,3982
4960,1774306192125203171,1774306192129567035,4363
4961,1774306192131176067,1774306192135186137,4010
4962,1774306192136861010,1774306192141136301,4275
4963,1774306192142829290,1774306192146841426,4012
4964,1774306192148484440,1774306192152469365,3984
4965,1774306192154256197,1774306192158568598,4312
4966,1774306192160295504,1774306192164680907,4385
4967,1774306192166507797,1774306192170979404,4471
4968,1774306192172875998,1774306192177310344,4434
4969,1774306192179136121,1774306192183433744,4297
4970,1774306192185207634,1774306192189318751,4111
4971,1774306192191136156,1774306192195440463,4304
4972,1774306192197408145,1774306192201399374,3991
4973,1774306192203140118,1774306192207627652,4487
4974,1774306192209413213,1774306192213463844,4050
4975,1774306192215100236,1774306192219201430,4101
4976,1774306192220826050,1774306192224185173,3359
4977,1774306192225937666,1774306192229561147,3623
4978,1774306192231270372,1774306192234745895,3475
4979,1774306192236298440,1774306192240525528,4227
4980,1774306192242158944,1774306192245930056,3771
4981,1774306192247556884,1774306192251744855,4187
4982,1774306192253490550,1774306192257423220,3932
4983,1774306192259160094,1774306192263520828,4360
4984,1774306192265139544,1774306192268838449,3698
4985,1774306192270414289,1774306192273919308,3505
4986,1774306192275509869,1774306192279867208,4357
4987,1774306192281784370,1774306192286034370,4250
4988,1774306192287632033,1774306192292095849,4463
4989,1774306192293957909,1774306192298068699,4110
4990,1774306192299920778,1774306192303608075,3687
4991,1774306192305576200,1774306192309155870,3579
4992,1774306192310871136,1774306192314387130,3515
4993,1774306192316134759,1774306192320625887,4491
4994,1774306192322323780,1774306192325943619,3619
4995,1774306192327550520,1774306192331960394,4409
4996,1774306192333946601,1774306192337658482,3711
4997,1774306192339305692,1774306192343712362,4406
4998,1774306192345504996,1774306192349463285,3958
4999,1774306192351116232,1774306192354407301,3291
5000,1774306192355735346,1774306192360135627,4400
5001,1774306192361877657,1774306192365009290,3131
5002,1774306192366620323,1774306192370122827,3502
5003,1774306192371616320,1774306192376002057,4385
5004,1774306192377735709,1774306192382046858,4311
5005,1774306192383632877,1774306192387688714,4055
5006,1774306192389406957,1774306192393732047,4325
5007,1774306192395347682,1774306192399578348,4230
5008,1774306192401495665,1774306192405198187,3702
5009,1774306192407079137,1774306192410976201,3897
5010,1774306192412628378,1774306192416915992,4287
5011,1774306192418763204,1774306192422928772,4165
5012,1774306192424599009,1774306192430037225,5438
5013,1774306192432108951,1774306192437491182,5382
5014,1774306192439650615,1774306192448281002,8630
5015,1774306192449673863,1774306192454797270,5123
5016,1774306192456883188,1774306192461290897,4407
5017,1774306192463097055,1774306192467371515,4274
5018,1774306192469517321,1774306192473369984,3852
5019,1774306192475068256,1774306192479476462,4408
5020,1774306192481181681,1774306192485316644,4134
5021,1774306192486992835,1774306192490290536,3297
5022,1774306192492032319,1774306192495556200,3523
5023,1774306192497280834,1774306192501624600,4343
5024,1774306192503162962,1774306192506943880,3780
5025,1774306192508382894,1774306192511862707,3479
5026,1774306192513330115,1774306192517393380,4063
5027,1774306192519026795,1774306192522371553,3344
5028,1774306192523974789,1774306192527523088,3548
5029,1774306192529207299,1774306192533246632,4039
5030,1774306192534851055,1774306192539012374,4161
5031,1774306192540616368,1774306192544824411,4208
5032,1774306192546459597,1774306192550696396,4236
5033,1774306192552570932,1774306192557064497,4493
5034,1774306192558822297,1774306192563095793,4273
5035,1774306192564884776,1774306192568801154,3916
5036,1774306192570476311,1774306192574159585,3683
5037,1774306192575861360,1774306192579407918,3546
5038,1774306192581278774,1774306192585456264,4177
5039,1774306192587161294,1774306192591494597,4333
5040,1774306192593249582,1774306192597449070,4199
5041,1774306192599320513,1774306192603099397,3778
5042,1774306192604960963,1774306192608910296,3949
5043,1774306192610587849,1774306192614449186,3861
5044,1774306192616199481,1774306192620324959,4125
5045,1774306192622160480,1774306192626074490,3914
5046,1774306192627665879,1774306192631215121,3549
5047,1774306192632745372,1774306192637090019,4344
5048,1774306192638704525,1774306192642296183,3591
5049,1774306192643918670,1774306192647303228,3384
5050,1774306192648914306,1774306192652282311,3368
5051,1774306192653757142,1774306192657271882,3514
5052,1774306192658798415,1774306192662612390,3813
5053,1774306192664216077,1774306192667943353,3727
5054,1774306192669610489,1774306192673736748,4126
5055,1774306192675342923,1774306192679491247,4148
5056,1774306192681212582,1774306192685622851,4410
5057,1774306192687300989,1774306192691367865,4066
5058,1774306192693178982,1774306192697328440,4149
5059,1774306192699151070,1774306192703576822,4425
5060,1774306192705349589,1774306192709606947,4257
5061,1774306192711298069,1774306192715683252,4385
5062,1774306192717460593,1774306192721960251,4499
5063,1774306192723824142,1774306192727930313,4106
5064,1774306192729867166,1774306192734252777,4385
5065,1774306192735953265,1774306192739967917,4014
5066,1774306192741597578,1774306192745246552,3648
5067,1774306192746910257,1774306192751164235,4253
5068,1774306192752884788,1774306192756745339,3860
5069,1774306192758369668,1774306192762692587,4322
5070,1774306192764274716,1774306192768010619,3735
5071,1774306192769598336,1774306192772836244,3237
5072,1774306192774395368,1774306192778548751,4153
5073,1774306192780220947,1774306192783944967,3724
5074,1774306192785498667,1774306192789072433,3573
5075,1774306192790671032,1774306192795131393,4460
5076,1774306192796702938,1774306192800637572,3934
5077,1774306192802413366,1774306192806127378,3714
5078,1774306192807899109,1774306192812007048,4107
5079,1774306192813542943,1774306192817077217,3534
5080,1774306192818643173,1774306192822791627,4148
5081,1774306192824494491,1774306192828242651,3748
5082,1774306192829969784,1774306192833604231,3634
5083,1774306192835308336,1774306192839360849,4052
5084,1774306192841086824,1774306192844953299,3866
5085,1774306192846679532,1774306192850201178,3521
5086,1774306192851992582,1774306192856253052,4260
5087,1774306192857915041,1774306192861668678,3753
5088,1774306192863322813,1774306192867777386,4454
5089,1774306192869430132,1774306192873479245,4049
5090,1774306192875283948,1774306192879661049,4377
5091,1774306192881318269,1774306192885447370,4129
5092,1774306192887243921,1774306192891665728,4421
5093,1774306192893261816,1774306192897202337,3940
5094,1774306192898839701,1774306192903237934,4398
5095,1774306192904672676,1774306192908486234,3813
5096,1774306192910076278,1774306192914565704,4489
5097,1774306192916375973,1774306192920578210,4202
5098,1774306192922142791,1774306192926494633,4351
5099,1774306192928152024,1774306192932300620,4148
5100,1774306192933814685,1774306192937728067,3913
5101,1774306192939456660,1774306192943633241,4176
5102,1774306192945242402,1774306192949345738,4103
5103,1774306192951342066,1774306192955543707,4201
5104,1774306192957336316,1774306192961100881,3764
5105,1774306192962976025,1774306192967272166,4296
5106,1774306192968936445,1774306192972747740,3811
5107,1774306192974520288,1774306192979049507,4529
5108,1774306192980836513,1774306192984627396,3790
5109,1774306192986294288,1774306192990164970,3870
5110,1774306192991884081,1774306192995411612,3527
5111,1774306192997353902,1774306193001062491,3708
5112,1774306193002663702,1774306193006908224,4244
5113,1774306193008633134,1774306193012198938,3565
5114,1774306193013880642,1774306193018087213,4206
5115,1774306193019755063,1774306193024119124,4364
5116,1774306193025813162,1774306193029388676,3575
5117,1774306193031054711,1774306193034593364,3538
5118,1774306193036218788,1774306193040414433,4195
5119,1774306193042097089,1774306193045519217,3422
5120,1774306193047218661,1774306193050699440,3480
5121,1774306193052431172,1774306193056471618,4040
5122,1774306193058153334,1774306193061498277,3344
5123,1774306193063017416,1774306193066778642,3761
5124,1774306193068385929,1774306193072812415,4426
5125,1774306193074380341,1774306193078221224,3840
5126,1774306193080033918,1774306193084230214,4196
5127,1774306193085951844,1774306193089990789,4038
5128,1774306193091644787,1774306193095914463,4269
5129,1774306193097591125,1774306193101738696,4147
5130,1774306193103618900,1774306193107894822,4275
5131,1774306193109675834,1774306193114102407,4426
5132,1774306193115918849,1774306193119822348,3903
5133,1774306193121567474,1774306193126093785,4526
5134,1774306193127958365,1774306193131722339,3763
5135,1774306193133366362,1774306193137237008,3870
5136,1774306193138942779,1774306193142552984,3610
5137,1774306193144189125,1774306193148202606,4013
5138,1774306193149802233,1774306193153636249,3834
5139,1774306193155282858,1774306193159713301,4430
5140,1774306193161348764,1774306193165323387,3974
5141,1774306193167087590,1774306193171598894,4511
5142,1774306193173272768,1774306193177650343,4377
5143,1774306193178924164,1774306193183340439,4416
5144,1774306193184948933,1774306193189390608,4441
5145,1774306193191084954,1774306193195524595,4439
5146,1774306193197117097,1774306193201097821,3980
5147,1774306193202569942,1774306193206138434,3568
5148,1774306193207729030,1774306193211487861,3758
5149,1774306193213278464,1774306193216942713,3664
5150,1774306193218536937,1774306193222741656,4204
5151,1774306193224324667,1774306193228848427,4523
5152,1774306193230644084,1774306193235062228,4418
5153,1774306193237033009,1774306193241275945,4242
5154,1774306193242931359,1774306193246787468,3856
5155,1774306193248596475,1774306193253074383,4477
5156,1774306193254969933,1774306193259257920,4287
5157,1774306193260957749,1774306193265046352,4088
5158,1774306193266697780,1774306193270145662,3447
5159,1774306193271934030,1774306193276437562,4503
5160,1774306193278117460,1774306193281468935,3351
5161,1774306193283142252,1774306193287065537,3923
5162,1774306193288729331,1774306193292943008,4213
5163,1774306193294846104,1774306193298275959,3429
5164,1774306193300015918,1774306193304139046,4123
5165,1774306193305787996,1774306193309394318,3606
5166,1774306193311296465,1774306193315694301,4397
5167,1774306193317458080,1774306193321930600,4472
5168,1774306193323337238,1774306193327566083,4228
5169,1774306193328989470,1774306193332268280,3278
5170,1774306193333972711,1774306193337429402,3456
5171,1774306193339070897,1774306193342543517,3472
5172,1774306193344125069,1774306193348238806,4113
5173,1774306193349818154,1774306193353602146,3783
5174,1774306193355247829,1774306193359530284,4282
5175,1774306193361205443,1774306193365520190,4314
5176,1774306193367287968,1774306193371910842,4622
5177,1774306193373583178,1774306193378000595,4417
5178,1774306193379722696,1774306193383811758,4089
5179,1774306193385458847,1774306193389809192,4350
5180,1774306193391816864,1774306193396201324,4384
5181,1774306193397946164,1774306193402332997,4386
5182,1774306193404458691,1774306193408592445,4133
5183,1774306193410247335,1774306193414758618,4511
5184,1774306193416768006,1774306193421138468,4370
5185,1774306193422827342,1774306193427205402,4378
5186,1774306193428930909,1774306193432483673,3552
5187,1774306193434350103,1774306193438637756,4287
5188,1774306193440334566,1774306193444447253,4112
5189,1774306193446063626,1774306193450604895,4541
5190,1774306193452067839,1774306193456479460,4411
5191,1774306193458148540,1774306193462492013,4343
5192,1774306193464062346,1774306193467475136,3412
5193,1774306193469025740,1774306193473471201,4445
5194,1774306193474841870,1774306193478087993,3246
5195,1774306193479646043,1774306193483113734,3467
5196,1774306193484676915,1774306193488477741,3800
5197,1774306193490041075,1774306193493370429,3329
5198,1774306193494993910,1774306193498709162,3715
5199,1774306193500295384,1774306193503898478,3603
5200,1774306193505544032,1774306193509693637,4149
5201,1774306193511303059,1774306193515530126,4227
5202,1774306193517451579,1774306193521792338,4340
5203,1774306193523819888,1774306193527963207,4143
5204,1774306193529786545,1774306193534041069,4254
5205,1774306193535723542,1774306193539932124,4208
5206,1774306193541676605,1774306193546310540,4633
5207,1774306193548339596,1774306193552677137,4337
5208,1774306193554309708,1774306193558547745,4238
5209,1774306193560170797,1774306193564259602,4088
5210,1774306193565855969,1774306193569838755,3982
5211,1774306193571519365,1774306193575986395,4467
5212,1774306193577734952,1774306193582054747,4319
5213,1774306193583627911,1774306193587067514,3439
5214,1774306193588738625,1774306193592859786,4121
5215,1774306193594595890,1774306193598564282,3968
5216,1774306193600368681,1774306193603751450,3382
5217,1774306193605444539,1774306193609048152,3603
5218,1774306193610712921,1774306193614297802,3584
5219,1774306193615926064,1774306193620261461,4335
5220,1774306193621874708,1774306193625350000,3475
5221,1774306193627003073,1774306193631121732,4118
5222,1774306193633043692,1774306193636864934,3821
5223,1774306193638500870,1774306193642399818,3898
5224,1774306193644129990,1774306193647498731,3368
5225,1774306193649292835,1774306193653645486,4352
5226,1774306193655289281,1774306193659061650,3772
5227,1774306193660926516,1774306193665157407,4230
5228,1774306193666839839,1774306193670263866,3424
5229,1774306193671941958,1774306193675938330,3996
5230,1774306193677489097,1774306193681037816,3548
5231,1774306193682718472,1774306193686185957,3467
5232,1774306193687789620,1774306193691958575,4168
5233,1774306193693554525,1774306193697122589,3568
5234,1774306193698726175,1774306193702855979,4129
5235,1774306193704551411,1774306193708641635,4090
5236,1774306193710338943,1774306193714044958,3706
5237,1774306193715764241,1774306193720080637,4316
5238,1774306193721693634,1774306193724974926,3281
5239,1774306193726688143,1774306193730587204,3899
5240,1774306193732055715,1774306193735875612,3819
5241,1774306193737568307,1774306193740861677,3293
5242,1774306193742467091,1774306193745656317,3189
5243,1774306193747315026,1774306193751324505,4009
5244,1774306193752839113,1774306193756678305,3839
5245,1774306193758296337,1774306193762429681,4133
5246,1774306193764037307,1774306193767381698,3344
5247,1774306193768969810,1774306193772789980,3820
5248,1774306193774435084,1774306193778326924,3891
5249,1774306193779948529,1774306193783952469,4003
5250,1774306193785519226,1774306193789621848,4102
5251,1774306193791446104,1774306193795518263,4072
5252,1774306193797209165,1774306193801681390,4472
5253,1774306193803449074,1774306193807715147,4266
5254,1774306193809447640,1774306193813671542,4223
5255,1774306193815264178,1774306193819462658,4198
5256,1774306193821064218,1774306193824354022,3289
5257,1774306193825985896,1774306193830288977,4303
5258,1774306193831863834,1774306193835483187,3619
5259,1774306193837325087,1774306193841410596,4085
5260,1774306193843115879,1774306193847139025,4023
5261,1774306193848763357,1774306193852628417,3865
5262,1774306193854338882,1774306193858743121,4404
5263,1774306193860063254,1774306193864388033,4324
5264,1774306193866054670,1774306193869410577,3355
5265,1774306193870991579,1774306193875280256,4288
5266,1774306193876808016,1774306193880089778,3281
5267,1774306193881569114,1774306193885994350,4425
5268,1774306193887408700,1774306193891660517,4251
5269,1774306193893208378,1774306193897553747,4345
5270,1774306193899167059,1774306193903294119,4127
5271,1774306193904891402,1774306193908468891,3577
5272,1774306193910189586,1774306193914037200,3847
5273,1774306193915882937,1774306193919671263,3788
5274,1774306193921336827,1774306193924965447,3628
5275,1774306193926571118,1774306193930093063,3521
5276,1774306193931903018,1774306193936308324,4405
5277,1774306193937980995,1774306193941711775,3730
5278,1774306193943354288,1774306193947834598,4480
5279,1774306193949713545,1774306193953625590,3912
5280,1774306193955470808,1774306193959716569,4245
5281,1774306193961381629,1774306193965482789,4101
5282,1774306193967126361,1774306193971589609,4463
5283,1774306193973412161,1774306193977513059,4100
5284,1774306193979236542,1774306193983609490,4372
5285,1774306193985517980,1774306193990037293,4519
5286,1774306193991726654,1774306193994861549,3134
5287,1774306193996562485,1774306194000878066,4315
5288,1774306194002439306,1774306194006101258,3661
5289,1774306194007726441,1774306194010943111,3216
5290,1774306194012299571,1774306194016249363,3949
5291,1774306194017850383,1774306194022079534,4229
5292,1774306194023692809,1774306194027260615,3567
5293,1774306194028905585,1774306194032789090,3883
5294,1774306194034457922,1774306194038031639,3573
5295,1774306194039615773,1774306194043747320,4131
5296,1774306194045509520,1774306194049460056,3950
5297,1774306194051325452,1774306194055630288,4304
5298,1774306194057433103,1774306194061553007,4119
5299,1774306194063393320,1774306194067663590,4270
5300,1774306194069445820,1774306194073517549,4071
5301,1774306194075353591,1774306194079661164,4307
5302,1774306194081484995,1774306194085572428,4087
5303,1774306194087482154,1774306194091897280,4415
5304,1774306194093756379,1774306194097584299,3827
5305,1774306194099280623,1774306194103655967,4375
5306,1774306194105563895,1774306194109570353,4006
5307,1774306194111237375,1774306194115498034,4260
5308,1774306194117320314,1774306194121495818,4175
5309,1774306194123270628,1774306194127173132,3902
5310,1774306194128902734,1774306194132274224,3371
5311,1774306194133985255,1774306194137806961,3821
5312,1774306194139400415,1774306194143463246,4062
5313,1774306194145111308,1774306194149302749,4191
5314,1774306194150999765,1774306194154348356,3348
5315,1774306194156047053,1774306194160527820,4480
5316,1774306194162116204,1774306194165784677,3668
5317,1774306194167531855,1774306194171782328,4250
5318,1774306194173489072,1774306194177414325,3925
5319,1774306194179112988,1774306194183299686,4186
5320,1774306194185016806,1774306194189326760,4309
5321,1774306194191124261,1774306194195090075,3965
5322,1774306194196779553,1774306194201006483,4226
5323,1774306194202738625,1774306194206816509,4077
5324,1774306194208493123,1774306194212785168,4292
5325,1774306194214534424,1774306194218698961,4164
5326,1774306194220400363,1774306194224686890,4286
5327,1774306194226343996,1774306194231147599,4803
5328,1774306194232897395,1774306194237071811,4174
5329,1774306194238756043,1774306194242486974,3730
5330,1774306194244162279,1774306194248582678,4420
5331,1774306194250199833,1774306194254625041,4425
5332,1774306194256337116,1774306194260788854,4451
5333,1774306194262559519,1774306194267035101,4475
5334,1774306194268668659,1774306194272812020,4143
5335,1774306194274427087,1774306194278916893,4489
5336,1774306194280540590,1774306194284805187,4264
5337,1774306194286497639,1774306194290901721,4404
5338,1774306194292507448,1774306194296530285,4022
5339,1774306194298118305,1774306194301601104,3482
5340,1774306194303281208,1774306194307598341,4317
5341,1774306194309286071,1774306194313066520,3780
5342,1774306194314678076,1774306194318683855,4005
5343,1774306194320407880,1774306194324397685,3989
5344,1774306194326019346,1774306194329364065,3344
5345,1774306194330983180,1774306194335328345,4345
5346,1774306194336956694,1774306194341098505,4141
5347,1774306194342735082,1774306194347083193,4348
5348,1774306194348721483,1774306194352834688,4113
5349,1774306194354600014,1774306194358602566,4002
5350,1774306194360373997,1774306194364701336,4327
5351,1774306194366334011,1774306194369959172,3625
5352,1774306194371828886,1774306194376207300,4378
5353,1774306194377938134,1774306194381997587,4059
5354,1774306194383786306,1774306194387196953,3410
5355,1774306194388924691,1774306194393545872,4621
5356,1774306194395536184,1774306194399949190,4413
5357,1774306194401897840,1774306194405326871,3429
5358,1774306194407303508,1774306194411749138,4445
5359,1774306194413339908,1774306194417049615,3709
5360,1774306194418614846,1774306194422168479,3553
5361,1774306194423661601,1774306194428095368,4433
5362,1774306194429547153,1774306194432847858,3300
5363,1774306194434402128,1774306194438330444,3928
5364,1774306194439841218,1774306194444127313,4286
5365,1774306194445671270,1774306194449971019,4299
5366,1774306194451707276,1774306194455828391,4121
5367,1774306194457505504,1774306194461794621,4289
5368,1774306194463511564,1774306194467149730,3638
5369,1774306194468853148,1774306194472463034,3609
5370,1774306194474160577,1774306194478403564,4242
5371,1774306194480179315,1774306194484352418,4173
5372,1774306194486055355,1774306194490193438,4138
5373,1774306194491841875,1774306194496184350,4342
5374,1774306194497938937,1774306194501564042,3625
5375,1774306194503421437,1774306194507832587,4411
5376,1774306194509473190,1774306194513650739,4177
5377,1774306194515519658,1774306194520051786,4532
5378,1774306194521779989,1774306194525948904,4168
5379,1774306194527576955,1774306194531965795,4388
5380,1774306194533748652,1774306194538008427,4259
5381,1774306194539693079,1774306194544043247,4350
5382,1774306194545687396,1774306194550215847,4528
5383,1774306194551741865,1774306194556096643,4354
5384,1774306194557783639,1774306194562250544,4466
5385,1774306194563933359,1774306194568417646,4484
5386,1774306194570025763,1774306194574374959,4349
5387,1774306194575922730,1774306194579837918,3915
5388,1774306194581678125,1774306194586037272,4359
5389,1774306194587764972,1774306194591762957,3997
5390,1774306194593418253,1774306194597522596,4104
5391,1774306194599129516,1774306194602984836,3855
5392,1774306194604737433,1774306194608165119,3427
5393,1774306194609893654,1774306194613729175,3835
5394,1774306194615400848,1774306194619442159,4041
5395,1774306194621093743,1774306194625287782,4194
5396,1774306194626911460,1774306194630768722,3857
5397,1774306194632495089,1774306194636945023,4449
5398,1774306194638703100,1774306194643083770,4380
5399,1774306194644690316,1774306194648888287,4197
5400,1774306194650562070,1774306194654866992,4304
5401,1774306194656494901,1774306194660857604,4362
5402,1774306194662495048,1774306194666836318,4341
5403,1774306194668481094,1774306194672936441,4455
5404,1774306194674571440,1774306194678914048,4342
5405,1774306194680561297,1774306194684901399,4340
5406,1774306194686534683,1774306194690462081,3927
5407,1774306194692182220,1774306194695838593,3656
5408,1774306194697503893,1774306194701213852,3709
5409,1774306194702666519,1774306194706063085,3396
5410,1774306194707668937,1774306194711193862,3524
5411,1774306194712674455,1774306194716568337,3893
5412,1774306194718252338,1774306194722192024,3939
5413,1774306194723821112,1774306194727449352,3628
5414,1774306194729127430,1774306194733361478,4234
5415,1774306194734992186,1774306194738331309,3339
5416,1774306194739963059,1774306194744076574,4113
5417,1774306194745730417,1774306194749681947,3951
5418,1774306194751477223,1774306194755680001,4202
5419,1774306194757270130,1774306194760933214,3663
5420,1774306194762846840,1774306194767019922,4173
5421,1774306194768574345,1774306194773055827,4481
5422,1774306194774933534,1774306194779072932,4139
5423,1774306194780784974,1774306194784824871,4039
5424,1774306194786756367,1774306194791095735,4339
5425,1774306194792946731,1774306194797455907,4509
5426,1774306194799261050,1774306194803509790,4248
5427,1774306194805241807,1774306194809576285,4334
5428,1774306194811137944,1774306194814903323,3765
5429,1774306194816570144,1774306194819943677,3373
5430,1774306194821370728,1774306194824394368,3023
5431,1774306194825435623,1774306194829654482,4218
5432,1774306194831111229,1774306194834774741,3663
5433,1774306194836384773,1774306194839904375,3519
5434,1774306194841497871,1774306194845724837,4226
5435,1774306194847321831,1774306194850882327,3560
5436,1774306194852433299,1774306194855902913,3469
5437,1774306194857494817,1774306194861693024,4198
5438,1774306194863403502,1774306194867578334,4174
5439,1774306194869368258,1774306194873599029,4230
5440,1774306194875270724,1774306194879531492,4260
5441,1774306194881241391,1774306194885543884,4302
5442,1774306194887187859,1774306194891413452,4225
5443,1774306194893194911,1774306194897474635,4279
5444,1774306194899103059,1774306194903429716,4326
5445,1774306194905179649,1774306194909267233,4087
5446,1774306194911012152,1774306194914557044,3544
5447,1774306194916319546,1774306194919976674,3657
5448,1774306194921630964,1774306194925908963,4277
5449,1774306194927668814,1774306194931136911,3468
5450,1774306194932794034,1774306194937047968,4253
5451,1774306194938711017,1774306194942372394,3661
5452,1774306194944136847,1774306194947937541,3800
5453,1774306194949726573,1774306194954117630,4391
5454,1774306194955550471,1774306194958977580,3427
5455,1774306194960560092,1774306194964736756,4176
5456,1774306194966348759,1774306194970559640,4210
5457,1774306194972264291,1774306194975487251,3222
5458,1774306194977108719,1774306194980778767,3670
5459,1774306194982375615,1774306194985616822,3241
5460,1774306194987126982,1774306194990611395,3484
5461,1774306194992191186,1774306194996454285,4263
5462,1774306194998002279,1774306195001781779,3779
5463,1774306195003393637,1774306195007032400,3638
5464,1774306195008947364,1774306195013411036,4463
5465,1774306195015071493,1774306195019467432,4395
5466,1774306195021143705,1774306195024994045,3850
5467,1774306195026665922,1774306195030100359,3434
5468,1774306195031749692,1774306195035659699,3910
5469,1774306195037527659,1774306195041270192,3742
5470,1774306195043078444,1774306195047339085,4260
5471,1774306195049205905,1774306195053428753,4222
5472,1774306195055121895,1774306195059432923,4311
5473,1774306195061334413,1774306195065685792,4351
5474,1774306195067357500,1774306195071531943,4174
5475,1774306195073247256,1774306195077699463,4452
5476,1774306195079509660,1774306195083730186,4220
5477,1774306195085467265,1774306195089708296,4241
5478,1774306195091300084,1774306195095779465,4479
5479,1774306195097376874,1774306195101458147,4081
5480,1774306195103076018,1774306195106861855,3785
5481,1774306195108409836,1774306195112686157,4276
5482,1774306195113997464,1774306195117578569,3581
5483,1774306195118997580,1774306195123161365,4163
5484,1774306195124709762,1774306195128039699,3329
5485,1774306195129569418,1774306195133837287,4267
5486,1774306195135594439,1774306195139342023,3747
5487,1774306195141049721,1774306195144463778,3414
5488,1774306195146259169,1774306195150213754,3954
5489,1774306195151836306,1774306195155648196,3811
5490,1774306195157255167,1774306195161710808,4455
5491,1774306195163472949,1774306195167340063,3867
5492,1774306195169031107,1774306195173034450,4003
5493,1774306195174755971,1774306195178946950,4190
5494,1774306195180583940,1774306195184181403,3597
5495,1774306195185851189,1774306195189507570,3656
5496,1774306195191183196,1774306195195298312,4115
5497,1774306195197058547,1774306195200945848,3887
5498,1774306195202552999,1774306195207036357,4483
5499,1774306195209015281,1774306195213183480,4168
5500,1774306195215007434,1774306195219256938,4249
5501,1774306195220933765,1774306195224438690,3504
5502,1774306195225973167,1774306195230679239,4706
5503,1774306195232403878,1774306195236764919,4361
5504,1774306195238362010,1774306195242678631,4316
5505,1774306195244289396,1774306195248108085,3818
5506,1774306195249741326,1774306195252984492,3243
5507,1774306195254648574,1774306195258991781,4343
5508,1774306195260409803,1774306195263907072,3497
5509,1774306195265489399,1774306195269623454,4134
5510,1774306195271297478,1774306195275517728,4220
5511,1774306195277103272,1774306195281248030,4144
5512,1774306195283073256,1774306195286475243,3401
5513,1774306195288167361,1774306195291996255,3828
5514,1774306195293781196,1774306195298252232,4471
5515,1774306195300136473,1774306195304285467,4148
5516,1774306195305941648,1774306195310155488,4213
5517,1774306195311901763,1774306195315595130,3693
5518,1774306195317538727,1774306195321947923,4409
5519,1774306195323646337,1774306195327282935,3636
5520,1774306195328933363,1774306195332498167,3564
5521,1774306195334182310,1774306195338271854,4089
5522,1774306195340015834,1774306195344207769,4191
5523,1774306195345951755,1774306195350095793,4144
5524,1774306195351724546,1774306195355609562,3885
5525,1774306195357218868,1774306195361105146,3886
5526,1774306195362784575,1774306195367250518,4465
5527,1774306195368968135,1774306195372753206,3785
5528,1774306195374259550,1774306195378467041,4207
5529,1774306195380106053,1774306195383697500,3591
5530,1774306195385309487,1774306195388647387,3337
5531,1774306195390299554,1774306195393584821,3285
5532,1774306195395203474,1774306195399106759,3903
5533,1774306195400658274,1774306195404083332,3425
5534,1774306195405629705,1774306195409546922,3917
5535,1774306195411242877,1774306195415320245,4077
5536,1774306195417004810,1774306195420889975,3885
5537,1774306195422549760,1774306195426792594,4242
5538,1774306195428431990,1774306195432352335,3920
5539,1774306195434084342,1774306195438458637,4374
5540,1774306195440085693,1774306195444254429,4168
5541,1774306195445940436,1774306195450561858,4621
5542,1774306195452539133,1774306195457086990,4547
5543,1774306195458946724,1774306195463352014,4405
5544,1774306195465025484,1774306195469531121,4505
5545,1774306195471449521,1774306195475778737,4329
5546,1774306195477441248,1774306195481799542,4358
5547,1774306195483449284,1774306195487197440,3748
5548,1774306195488852124,1774306195493090192,4238
5549,1774306195494746988,1774306195498997845,4250
5550,1774306195500663904,1774306195504984811,4320
5551,1774306195506692554,1774306195511191992,4499
5552,1774306195512858909,1774306195516282832,3423
5553,1774306195517862963,1774306195521070037,3207
5554,1774306195522741842,1774306195527035644,4293
5555,1774306195528728813,1774306195532856057,4127
5556,1774306195534439656,1774306195538098066,3658
5557,1774306195539667267,1774306195543129248,3461
5558,1774306195544717807,1774306195548498824,3781
5559,1774306195550145641,1774306195554249993,4104
5560,1774306195555855368,1774306195560090521,4235
5561,1774306195561890206,1774306195566525420,4635
5562,1774306195568221266,1774306195572186243,3964
5563,1774306195573849700,1774306195577974391,4124
5564,1774306195579615089,1774306195583159405,3544
5565,1774306195584767431,1774306195589021677,4254
5566,1774306195590663105,1774306195594817019,4153
5567,1774306195596513220,1774306195600623923,4110
5568,1774306195602317335,1774306195606726109,4408
5569,1774306195608407071,1774306195612646405,4239
5570,1774306195614478656,1774306195618672953,4194
5571,1774306195620438066,1774306195624802052,4363
5572,1774306195626492539,1774306195630753188,4260
5573,1774306195632489896,1774306195636089966,3600
5574,1774306195637758634,1774306195642158482,4399
5575,1774306195643868053,1774306195647691587,3823
5576,1774306195649309539,1774306195653325128,4015
5577,1774306195654938225,1774306195658353105,3414
5578,1774306195659851224,1774306195663159608,3308
5579,1774306195664676926,1774306195668058852,3381
5580,1774306195669624082,1774306195673917977,4293
5581,1774306195675444253,1774306195679610274,4166
5582,1774306195681300768,1774306195685760056,4459
5583,1774306195687499684,1774306195691152551,3652
5584,1774306195692885162,1774306195696398812,3513
5585,1774306195698048814,1774306195701751415,3702
5586,1774306195703491639,1774306195707655853,4164
5587,1774306195709396050,1774306195713005703,3609
5588,1774306195714904276,1774306195719167190,4262
5589,1774306195720903999,1774306195724327368,3423
5590,1774306195726156817,1774306195730671200,4514
5591,1774306195732324310,1774306195736698515,4374
5592,1774306195738452688,1774306195742803138,4350
5593,1774306195744529131,1774306195748104205,3575
5594,1774306195749906774,1774306195753297766,3390
5595,1774306195755159578,1774306195759568286,4408
5596,1774306195761263941,1774306195764866335,3602
5597,1774306195766644224,1774306195770806010,4161
5598,1774306195772595952,1774306195776894494,4298
5599,1774306195778484980,1774306195782785374,4300
5600,1774306195784162915,1774306195787332367,3169
5601,1774306195788939208,1774306195793302259,4363
5602,1774306195794943358,1774306195798313724,3370
5603,1774306195799941228,1774306195803827469,3886
5604,1774306195805439836,1774306195809086810,3646
5605,1774306195810738431,1774306195814016986,3278
5606,1774306195815568407,1774306195819258739,3690
5607,1774306195820861453,1774306195824557540,3696
5608,1774306195826127114,1774306195830500099,4372
5609,1774306195832141762,1774306195836069806,3928
5610,1774306195837671617,1774306195841162303,3490
5611,1774306195842885941,1774306195846578788,3692
5612,1774306195848445787,1774306195852655969,4210
5613,1774306195854349635,1774306195858554471,4204
5614,1774306195860302503,1774306195864774817,4472
5615,1774306195866422780,1774306195870366380,3943
5616,1774306195872065947,1774306195876139661,4073
5617,1774306195877896448,1774306195881824388,3927
5618,1774306195883501159,1774306195887155406,3654
5619,1774306195888929104,1774306195893021482,4092
5620,1774306195894712173,1774306195898910650,4198
5621,1774306195900772610,1774306195905067188,4294
5622,1774306195906831722,1774306195910547267,3715
5623,1774306195912313371,1774306195916730712,4417
5624,1774306195918146970,1774306195922160039,4013
5625,1774306195923942798,1774306195927722813,3780
5626,1774306195929328861,1774306195933597179,4268
5627,1774306195935186816,1774306195938547708,3360
5628,1774306195940153022,1774306195943466542,3313
5629,1774306195945161791,1774306195948711826,3550
5630,1774306195950311160,1774306195954859131,4547
5631,1774306195956557935,1774306195960084393,3526
5632,1774306195961687817,1774306195965923242,4235
5633,1774306195967609369,1774306195971537652,3928
5634,1774306195973094378,1774306195977188406,4094
5635,1774306195978923421,1774306195982921336,3997
5636,1774306195984596125,1774306195988955197,4359
5637,1774306195990613608,1774306195994421050,3807
5638,1774306195996131792,1774306196000603029,4471
5639,1774306196002339065,1774306196006604285,4265
5640,1774306196008511414,1774306196012783061,4271
5641,1774306196014516705,1774306196018669225,4152
5642,1774306196020448402,1774306196024851406,4403
5643,1774306196026534625,1774306196030710564,4175
5644,1774306196032563676,1774306196036838592,4274
5645,1774306196038514734,1774306196042094181,3579
5646,1774306196043923975,1774306196047314987,3391
5647,1774306196049195048,1774306196053555882,4360
5648,1774306196055148141,1774306196058941955,3793
5649,1774306196060610600,1774306196064835079,4224
5650,1774306196066388256,1774306196070454400,4066
5651,1774306196072094496,1774306196075322587,3228
5652,1774306196076982615,1774306196080477868,3495
5653,1774306196082111386,1774306196085423224,3311
5654,1774306196086976123,1774306196091193597,4217
5655,1774306196092950803,1774306196096935805,3985
5656,1774306196098543691,1774306196102493427,3949
5657,1774306196104310773,1774306196108157270,3846
5658,1774306196109895249,1774306196114143345,4248
5659,1774306196115988062,1774306196119344510,3356
5660,1774306196120974689,1774306196125102553,4127
5661,1774306196126709489,1774306196130136644,3427
5662,1774306196131759718,1774306196135295116,3535
5663,1774306196136908497,1774306196141013478,4104
5664,1774306196142612951,1774306196146506637,3893
5665,1774306196148219811,1774306196152216942,3997
5666,1774306196153848804,1774306196157930374,4081
5667,1774306196159605445,1774306196163898375,4292
5668,1774306196165785094,1774306196169865873,4080
5669,1774306196171513837,1774306196175190763,3676
5670,1774306196177132187,1774306196181581039,4448
5671,1774306196183337584,1774306196187569815,4232
5672,1774306196189236623,1774306196193273211,4036
5673,1774306196194938438,1774306196199311183,4372
5674,1774306196200940123,1774306196205542790,4602
5675,1774306196207257715,1774306196211643351,4385
5676,1774306196213179608,1774306196217277341,4097
5677,1774306196218888468,1774306196222620964,3732
5678,1774306196224343513,1774306196228755306,4411
5679,1774306196230498950,1774306196234902621,4403
5680,1774306196236451931,1774306196240065971,3614
5681,1774306196241757254,1774306196245302710,3545
5682,1774306196247018154,1774306196250749820,3731
5683,1774306196252410040,1774306196256471218,4061
5684,1774306196258369068,1774306196262151969,3782
5685,1774306196263820473,1774306196267945865,4125
5686,1774306196269582848,1774306196273232495,3649
5687,1774306196275134139,1774306196279085197,3951
5688,1774306196280737064,1774306196284999111,4262
5689,1774306196286879031,1774306196290653248,3774
5690,1774306196292309019,1774306196296107496,3798
5691,1774306196297832800,1774306196301458859,3626
5692,1774306196303458338,1774306196307823617,4365
5693,1774306196309524771,1774306196313264156,3739
5694,1774306196315138795,1774306196319589387,4450
5695,1774306196321278581,1774306196325738674,4460
5696,1774306196327357069,1774306196331028210,3671
5697,1774306196332682084,1774306196336280290,3598
5698,1774306196337751869,1774306196341567008,3815
5699,1774306196343081609,1774306196347709244,4627
5700,1774306196349219613,1774306196352475528,3255
5701,1774306196354074692,1774306196357603796,3529
5702,1774306196358975301,1774306196362382812,3407
5703,1774306196363972248,1774306196367147585,3175
5704,1774306196368799698,1774306196372833602,4033
5705,1774306196374593823,1774306196378506200,3912
5706,1774306196380144918,1774306196383896911,3751
5707,1774306196385508639,1774306196389090927,3582
5708,1774306196390742266,1774306196394896045,4153
5709,1774306196396513814,1774306196400204761,3690
5710,1774306196401841517,1774306196405398891,3557
5711,1774306196407085363,1774306196411189387,4104
5712,1774306196412962245,1774306196417235572,4273
5713,1774306196418926915,1774306196422488996,3562
5714,1774306196424158922,1774306196428549841,4390
5715,1774306196430368143,1774306196434005888,3637
5716,1774306196435849002,1774306196439429447,3580
5717,1774306196441157290,1774306196445125840,3968
5718,1774306196446843819,1774306196451295272,4451
5719,1774306196453058679,1774306196456712361,3653
5720,1774306196458401025,1774306196462478090,4077
5721,1774306196464201382,1774306196467519089,3317
5722,1774306196469072002,1774306196472985605,3913
5723,1774306196474638039,1774306196477941773,3303
5724,1774306196479581189,1774306196483034752,3453
5725,1774306196484495308,1774306196488093103,3597
5726,1774306196489678211,1774306196493546762,3868
5727,1774306196495131542,1774306196498551800,3420
5728,1774306196500126442,1774306196503773508,3647
5729,1774306196505396181,1774306196509657328,4261
5730,1774306196511274162,1774306196515199308,3925
5731,1774306196516796219,1774306196520904640,4108
5732,1774306196522643311,1774306196526868776,4225
5733,1774306196528483865,1774306196532596948,4113
5734,1774306196534185527,1774306196538165252,3979
5735,1774306196539721175,1774306196543512449,3791
5736,1774306196545121556,1774306196549251622,4130
5737,1774306196550837289,1774306196554849623,4012
5738,1774306196556399246,1774306196560338126,3938
5739,1774306196561919518,1774306196565342717,3423
5740,1774306196566931358,1774306196571027757,4096
5741,1774306196572656197,1774306196576439435,3783
5742,1774306196578045170,1774306196582143928,4098
5743,1774306196583737190,1774306196588088644,4351
5744,1774306196589694050,1774306196593821557,4127
5745,1774306196595423169,1774306196599083316,3660
5746,1774306196600801139,1774306196605083790,4282
5747,1774306196606926253,1774306196610662469,3736
5748,1774306196612285405,1774306196615649985,3364
5749,1774306196617169316,1774306196621441162,4271
5750,1774306196623049695,1774306196626294950,3245
5751,1774306196627912939,1774306196631141019,3228
5752,1774306196632690467,1774306196635994304,3303
5753,1774306196637672917,1774306196641938822,4265
5754,1774306196643554954,1774306196647568275,4013
5755,1774306196649298987,1774306196653052819,3753
5756,1774306196654630508,1774306196658855002,4224
5757,1774306196660591653,1774306196665022223,4430
5758,1774306196666759213,1774306196670990336,4231
5759,1774306196672648842,1774306196676939427,4290
5760,1774306196678658069,1774306196682789172,4131
5761,1774306196684523715,1774306196688795808,4272
5762,1774306196690651362,1774306196694611674,3960
5763,1774306196696520258,1774306196700917890,4397
5764,1774306196703095773,1774306196707383987,4288
5765,1774306196709493116,1774306196714000843,4507
5766,1774306196715671825,1774306196719305944,3634
5767,1774306196721209608,1774306196725116184,3906
5768,1774306196726964106,1774306196731207861,4243
5769,1774306196733244607,1774306196737658732,4414
5770,1774306196739290148,1774306196743039923,3749
5771,1774306196744778293,1774306196749145931,4367
5772,1774306196750905147,1774306196754255399,3350
5773,1774306196755830077,1774306196759381225,3551
5774,1774306196760957064,1774306196765550682,4593
5775,1774306196766857049,1774306196770734472,3877
5776,1774306196772306304,1774306196776003248,3696
5777,1774306196777667498,1774306196781916039,4248
5778,1774306196783682965,1774306196787588938,3905
5779,1774306196789261441,1774306196793458522,4197
5780,1774306196795076308,1774306196799090090,4013
5781,1774306196800650646,1774306196805062363,4411
5782,1774306196806813570,1774306196810903780,4090
5783,1774306196812578248,1774306196816590537,4012
5784,1774306196818305399,1774306196822682326,4376
5785,1774306196824290192,1774306196827934182,3643
5786,1774306196829518967,1774306196832949794,3430
5787,1774306196834603988,1774306196838979086,4375
5788,1774306196840571936,1774306196844596049,4024
5789,1774306196846382802,1774306196850721014,4338
5790,1774306196852364875,1774306196856248987,3884
5791,1774306196857875690,1774306196861343954,3468
5792,1774306196863040365,1774306196867052978,4012
5793,1774306196868886683,1774306196873333436,4446
5794,1774306196875082398,1774306196878776853,3694
5795,1774306196880237100,1774306196884062420,3825
5796,1774306196885692913,1774306196889539424,3846
5797,1774306196891136527,1774306196894638470,3501
5798,1774306196896245633,1774306196899756415,3510
5799,1774306196901241707,1774306196905324024,4082
5800,1774306196906772638,1774306196910542255,3769
5801,1774306196912071447,1774306196915770971,3699
5802,1774306196917425451,1774306196921124674,3699
5803,1774306196922758610,1774306196927069811,4311
5804,1774306196928752310,1774306196932347495,3595
5805,1774306196934042135,1774306196938497395,4455
5806,1774306196940183018,1774306196944221912,4038
5807,1774306196945892626,1774306196950087479,4194
5808,1774306196951738989,1774306196956072324,4333
5809,1774306196957812337,1774306196961417096,3604
5810,1774306196963033808,1774306196967155877,4122
5811,1774306196968855275,1774306196973025990,4170
5812,1774306196974648456,1774306196978957710,4309
5813,1774306196980980344,1774306196985272636,4292
5814,1774306196987169389,1774306196991530367,4360
5815,1774306196993318756,1774306196997348675,4029
5816,1774306196999076549,1774306197003501331,4424
5817,1774306197005447861,1774306197009544835,4096
5818,1774306197011287313,1774306197015522575,4235
5819,1774306197017170795,1774306197021178810,4008
5820,1774306197022925338,1774306197027406578,4481
5821,1774306197029191435,1774306197033617369,4425
5822,1774306197035216213,1774306197039529945,4313
5823,1774306197041084809,1774306197045500094,4415
5824,1774306197047075969,1774306197051322576,4246
5825,1774306197052946780,1774306197056299852,3353
5826,1774306197058006410,1774306197062522921,4516
5827,1774306197064243303,1774306197068164756,3921
5828,1774306197069882673,1774306197073482040,3599
5829,1774306197075153437,1774306197079578185,4424
5830,1774306197081335383,1774306197085186655,3851
5831,1774306197086885102,1774306197090459758,3574
5832,1774306197092330262,1774306197096474171,4143
5833,1774306197098148982,1774306197101977108,3828
5834,1774306197103915178,1774306197108122696,4207
5835,1774306197109804555,1774306197113685928,3881
5836,1774306197115353134,1774306197119769005,4415
5837,1774306197121407607,1774306197125184139,3776
5838,1774306197127075766,1774306197131310225,4234
5839,1774306197133188516,1774306197137395590,4207
5840,1774306197139165606,1774306197143495263,4329
5841,1774306197145471853,1774306197150000173,4528
5842,1774306197151920395,1774306197156342590,4422
5843,1774306197158056264,1774306197162215309,4159
5844,1774306197163959053,1774306197167251980,3292
5845,1774306197168853008,1774306197173189928,4336
5846,1774306197174836458,1774306197178222942,3386
5847,1774306197179521801,1774306197182777453,3255
5848,1774306197184319229,1774306197188175656,3856
5849,1774306197189855279,1774306197194043099,4187
5850,1774306197195643279,1774306197199053891,3410
5851,1774306197200718305,1774306197204943171,4224
5852,1774306197206607396,1774306197210084693,3477
5853,1774306197211754587,1774306197215939061,4184
5854,1774306197217583161,1774306197221574832,3991
5855,1774306197223195037,1774306197227451228,4256
5856,1774306197229214404,1774306197233504866,4290
5857,1774306197235186204,1774306197239191114,4004
5858,1774306197240882406,1774306197244929773,4047
5859,1774306197246755889,1774306197250321608,3565
5860,1774306197252021865,1774306197256230611,4208
5861,1774306197258308508,1774306197261954935,3646
5862,1774306197263602063,1774306197268013995,4411
5863,1774306197269913340,1774306197273635780,3722
5864,1774306197275253331,1774306197279506028,4252
5865,1774306197281286247,1774306197284983543,3697
5866,1774306197286775811,1774306197291114535,4338
5867,1774306197292790228,1774306197296320256,3530
5868,1774306197297938897,1774306197302390384,4451
5869,1774306197303912739,1774306197307591048,3678
5870,1774306197309090785,1774306197312454105,3363
5871,1774306197314019717,1774306197318256466,4236
5872,1774306197319815696,1774306197323307308,3491
5873,1774306197324906501,1774306197329288254,4381
5874,1774306197331046741,1774306197334913429,3866
5875,1774306197336558515,1774306197340677442,4118
5876,1774306197342329902,1774306197346417661,4087
5877,1774306197348127400,1774306197352285593,4158
5878,1774306197354341146,1774306197358590885,4249
5879,1774306197360356117,1774306197364696073,4339
5880,1774306197366459686,1774306197370215635,3755
5881,1774306197372052225,1774306197376273809,4221
5882,1774306197377946362,1774306197382020479,4074
5883,1774306197383693478,1774306197387991351,4297
5884,1774306197389568509,1774306197393917701,4349
5885,1774306197395657979,1774306197399954270,4296
5886,1774306197401589078,1774306197405912589,4323
5887,1774306197408021311,1774306197411454481,3433
5888,1774306197413191101,1774306197417716516,4525
5889,1774306197419715366,1774306197424178959,4463
5890,1774306197425841120,1774306197430183082,4341
5891,1774306197431914306,1774306197435348609,3434
5892,1774306197437050263,1774306197440488191,3437
5893,1774306197442021978,1774306197445688411,3666
5894,1774306197447184603,1774306197451477370,4292
5895,1774306197453019949,1774306197456287306,3267
5896,1774306197457594363,1774306197461261813,3667
5897,1774306197462969458,1774306197467083656,4114
5898,1774306197468655565,1774306197472068336,3412
5899,1774306197473630350,1774306197478017302,4386
5900,1774306197479874541,1774306197483607093,3732
5901,1774306197485235508,1774306197489344882,4109
5902,1774306197491031763,1774306197494852637,3820
5903,1774306197496549629,1774306197500768206,4218
5904,1774306197502517283,1774306197506694158,4176
5905,1774306197508504371,1774306197512811248,4306
5906,1774306197514517026,1774306197518258991,3741
5907,1774306197520180725,1774306197524729562,4548
5908,1774306197526388667,1774306197530152267,3763
5909,1774306197532044214,1774306197536481695,4437
5910,1774306197538174696,1774306197541938285,3763
5911,1774306197543640229,1774306197548040637,4400
5912,1774306197549660030,1774306197553562667,3902
5913,1774306197555205869,1774306197559758759,4552
5914,1774306197561466367,1774306197565516818,4050
5915,1774306197566984286,1774306197570489019,3504
5916,1774306197572195722,1774306197576041401,3845
5917,1774306197577445772,1774306197582063135,4617
5918,1774306197583450266,1774306197587773624,4323
5919,1774306197589417956,1774306197593299699,3881
5920,1774306197594554461,1774306197598758425,4203
5921,1774306197600356380,1774306197603946866,3590
5922,1774306197605708303,1774306197609124317,3416
5923,1774306197610768752,1774306197615040127,4271
5924,1774306197616676683,1774306197620521975,3845
5925,1774306197622112191,1774306197626494174,4381
5926,1774306197628310872,1774306197632476433,4165
5927,1774306197634165417,1774306197638637512,4472
5928,1774306197640455271,1774306197644509682,4054
5929,1774306197646182189,1774306197650613635,4431
5930,1774306197652366671,1774306197656396840,4030
5931,1774306197658076296,1774306197662394200,4317
5932,1774306197664155685,1774306197668349781,4194
5933,1774306197670026168,1774306197674336086,4309
5934,1774306197675961408,1774306197680113096,4151
5935,1774306197681772652,1774306197685915278,4142
5936,1774306197687886496,1774306197692127562,4241
5937,1774306197693775279,1774306197698149808,4374
5938,1774306197699599898,1774306197703129933,3530
5939,1774306197704752378,1774306197709061882,4309
5940,1774306197710802978,1774306197714322470,3519
5941,1774306197716055086,1774306197719414954,3359
5942,1774306197721013954,1774306197725380697,4366
5943,1774306197727003158,1774306197730916028,3912
5944,1774306197732433228,1774306197736628471,4195
5945,1774306197738265693,1774306197742019810,3754
5946,1774306197743678061,1774306197747932919,4254
5947,1774306197749607944,1774306197753132675,3524
5948,1774306197754857403,1774306197759019103,4161
5949,1774306197760655347,1774306197764267067,3611
5950,1774306197765937394,1774306197769647377,3709
5951,1774306197771287613,1774306197775113509,3825
5952,1774306197776757960,1774306197780783760,4025
5953,1774306197782470564,1774306197786496921,4026
5954,1774306197788090606,1774306197792194011,4103
5955,1774306197793863606,1774306197797418667,3555
5956,1774306197799317322,1774306197803570853,4253
5957,1774306197805249123,1774306197809292288,4043
5958,1774306197810960727,1774306197815167099,4206
5959,1774306197816906578,1774306197821234177,4327
5960,1774306197822962790,1774306197827353395,4390
5961,1774306197828892265,1774306197832915780,4023
5962,1774306197834491967,1774306197838910912,4418
5963,1774306197840595346,1774306197844357619,3762
5964,1774306197845768796,1774306197849122774,3353
5965,1774306197850722028,1774306197854159727,3437
5966,1774306197855686813,1774306197859139601,3452
5967,1774306197860596875,1774306197863897344,3300
5968,1774306197865567448,1774306197870136930,4569
5969,1774306197871562932,1774306197874984683,3421
5970,1774306197876496873,1774306197880781053,4284
5971,1774306197882277422,1774306197886446974,4169
5972,1774306197888156048,1774306197891841555,3685
5973,1774306197893491733,1774306197897622102,4130
5974,1774306197899341857,1774306197903575311,4233
5975,1774306197905410925,1774306197909057103,3646
5976,1774306197910864011,1774306197915271019,4407
5977,1774306197917013375,1774306197921265867,4252
5978,1774306197923046802,1774306197927367154,4320
5979,1774306197929104063,1774306197933137847,4033
5980,1774306197934842109,1774306197939127136,4285
5981,1774306197940992129,1774306197944723794,3731
5982,1774306197946384064,1774306197950524500,4140
5983,1774306197952550820,1774306197956178022,3627
5984,1774306197958020290,1774306197962129275,4108
5985,1774306197963972712,1774306197968176565,4203
5986,1774306197969883368,1774306197974326078,4442
5987,1774306197976095041,1774306197980345850,4250
5988,1774306197981960312,1774306197986423611,4463
5989,1774306197988034980,1774306197992128063,4093
5990,1774306197993819610,1774306197998202908,4383
5991,1774306197999880566,1774306198004584105,4703
5992,1774306198005975750,1774306198010404623,4428
5993,1774306198012000877,1774306198016519886,4519
5994,1774306198018184404,1774306198022427786,4243
5995,1774306198024066560,1774306198027855695,3789
5996,1774306198029530983,1774306198033796277,4265
5997,1774306198035437138,1774306198039584575,4147
5998,1774306198041457577,1774306198045582427,4124
5999,1774306198047434876,1774306198051825088,4390
6000,1774306198053493573,1774306198057602781,4109
6001,1774306198059468350,1774306198063774649,4306
6002,1774306198065405329,1774306198069741568,4336
6003,1774306198071601618,1774306198075721796,4120
6004,1774306198077610416,1774306198082017650,4407
6005,1774306198083800894,1774306198088219673,4418
6006,1774306198089933927,1774306198094074734,4140
6007,1774306198095677852,1774306198099965396,4287
6008,1774306198101625697,1774306198105683189,4057
6009,1774306198107524801,1774306198111882776,4357
6010,1774306198113568946,1774306198117141470,3572
6011,1774306198118759869,1774306198122533875,3774
6012,1774306198124203447,1774306198128020577,3817
6013,1774306198129730114,1774306198133714065,3983
6014,1774306198135384276,1774306198139063140,3678
6015,1774306198140533865,1774306198144090023,3556
6016,1774306198145728112,1774306198149775944,4047
6017,1774306198151419659,1774306198155820740,4401
6018,1774306198157421371,1774306198161568447,4147
6019,1774306198163191186,1774306198167626908,4435
6020,1774306198169371396,1774306198173845909,4474
6021,1774306198175486183,1774306198180370594,4884
6022,1774306198182196832,1774306198186334764,4137
6023,1774306198188399465,1774306198193069368,4669
6024,1774306198194786801,1774306198198603748,3816
6025,1774306198200519796,1774306198205089203,4569
6026,1774306198206779176,1774306198210412352,3633
6027,1774306198212598226,1774306198217254949,4656
6028,1774306198219019703,1774306198222707161,3687
6029,1774306198224435496,1774306198229215634,4780
6030,1774306198230976708,1774306198234878543,3901
6031,1774306198236631595,1774306198241321025,4689
6032,1774306198243086981,1774306198247684919,4597
6033,1774306198249548988,1774306198254051235,4502
6034,1774306198255731187,1774306198259584237,3853
6035,1774306198261415867,1774306198266256065,4840
6036,1774306198267814821,1774306198272384197,4569
6037,1774306198274107819,1774306198278137408,4029
6038,1774306198279881703,1774306198284592066,4710
6039,1774306198286265673,1774306198290535964,4270
6040,1774306198292208396,1774306198296595289,4386
6041,1774306198298295824,1774306198302726443,4430
6042,1774306198304288608,1774306198308542782,4254
6043,1774306198310263758,1774306198314705934,4442
6044,1774306198316323374,1774306198320433521,4110
6045,1774306198322221751,1774306198326620752,4399
6046,1774306198328217837,1774306198332911316,4693
6047,1774306198334852929,1774306198339379983,4527
6048,1774306198341222589,1774306198345739499,4516
6049,1774306198347420655,1774306198352017277,4596
6050,1774306198353761049,1774306198358244824,4483
6051,1774306198360093483,1774306198364141337,4047
6052,1774306198365958601,1774306198370442856,4484
6053,1774306198372448451,1774306198376603275,4154
6054,1774306198378338320,1774306198382606975,4268
6055,1774306198384433043,1774306198388928261,4495
6056,1774306198390658263,1774306198394755986,4097
6057,1774306198396486756,1774306198400756248,4269
6058,1774306198402566745,1774306198406884842,4318
6059,1774306198408651507,1774306198412758365,4106
6060,1774306198414513617,1774306198418720699,4207
6061,1774306198420397949,1774306198423994900,3596
6062,1774306198425636727,1774306198430106208,4469
6063,1774306198431718996,1774306198436124586,4405
6064,1774306198437750737,1774306198441264187,3513
6065,1774306198442934530,1774306198446285653,3351
6066,1774306198447899668,1774306198452071908,4172
6067,1774306198453640190,1774306198457220771,3580
6068,1774306198459020851,1774306198462472112,3451
6069,1774306198464337472,1774306198468591427,4253
6070,1774306198470294130,1774306198474384340,4090
6071,1774306198476119504,1774306198480362066,4242
6072,1774306198482111285,1774306198485856879,3745
6073,1774306198487578021,1774306198491926469,4348
6074,1774306198493600650,1774306198497529234,3928
6075,1774306198499272198,1774306198503898508,4626
6076,1774306198505659957,1774306198509580580,3920
6077,1774306198511253881,1774306198515593034,4339
6078,1774306198517454261,1774306198521438783,3984
6079,1774306198523143074,1774306198527630241,4487
6080,1774306198529463568,1774306198533795940,4332
6081,1774306198535470450,1774306198539728655,4258
6082,1774306198541497084,1774306198545498195,4001
6083,1774306198547169657,1774306198550643052,3473
6084,1774306198552196394,1774306198556114370,3917
6085,1774306198557521538,1774306198561865252,4343
6086,1774306198563540687,1774306198568011365,4470
6087,1774306198569757779,1774306198573310561,3552
6088,1774306198574960812,1774306198579156445,4195
6089,1774306198580946846,1774306198585070940,4124
6090,1774306198586752776,1774306198590923783,4171
6091,1774306198592691478,1774306198596799652,4108
6092,1774306198598458198,1774306198602595552,4137
6093,1774306198604478656,1774306198608809545,4330
6094,1774306198610519843,1774306198614696055,4176
6095,1774306198616523992,1774306198620906297,4382
6096,1774306198622927209,1774306198626759369,3832
6097,1774306198628490353,1774306198632925511,4435
6098,1774306198634658558,1774306198638712143,4053
6099,1774306198640445415,1774306198644768992,4323
6100,1774306198646512618,1774306198650549097,4036
6101,1774306198652361373,1774306198656970906,4609
6102,1774306198658765884,1774306198662787830,4021
6103,1774306198664525122,1774306198668943904,4418
6104,1774306198670577125,1774306198674910097,4332
6105,1774306198676535673,1774306198680835897,4300
6106,1774306198682308973,1774306198685863797,3554
6107,1774306198687303762,1774306198691636673,4332
6108,1774306198693124857,1774306198696903239,3778
6109,1774306198698323402,1774306198701901575,3578
6110,1774306198703461231,1774306198707647342,4186
6111,1774306198709217777,1774306198712838145,3620
6112,1774306198714439252,1774306198718613657,4174
6113,1774306198720309394,1774306198724399441,4090
6114,1774306198726064722,1774306198729937022,3872
6115,1774306198731794028,1774306198735790598,3996
6116,1774306198737583108,1774306198741623704,4040
6117,1774306198743382538,1774306198747577301,4194
6118,1774306198749187607,1774306198753301136,4113
6119,1774306198755141441,1774306198759409147,4267
6120,1774306198761328589,1774306198765325444,3996
6121,1774306198767354893,1774306198771574283,4219
6122,1774306198773388619,1774306198777736576,4347
6123,1774306198779501707,1774306198783810085,4308
6124,1774306198785460326,1774306198789930559,4470
6125,1774306198791620266,1774306198795950127,4329
6126,1774306198797614891,1774306198800997170,3382
6127,1774306198802817652,1774306198807196962,4379
6128,1774306198808899757,1774306198812325596,3425
6129,1774306198813935196,1774306198817388775,3453
6130,1774306198818998734,1774306198822730178,3731
6131,1774306198823995845,1774306198827464692,3468
6132,1774306198828758401,1774306198832130642,3372
6133,1774306198833794853,1774306198837304414,3509
6134,1774306198838848661,1774306198842431307,3582
6135,1774306198844055662,1774306198847552070,3496
6136,1774306198849155872,1774306198853383785,4227
6137,1774306198855058432,1774306198859259560,4201
6138,1774306198860929531,1774306198864810488,3880
6139,1774306198866626851,1774306198871030066,4403
6140,1774306198872698429,1774306198877071816,4373
6141,1774306198878804919,1774306198883130213,4325
6142,1774306198884784265,1774306198888998354,4214
6143,1774306198890917040,1774306198895168336,4251
6144,1774306198896850651,1774306198901067998,4217
6145,1774306198902762887,1774306198906932354,4169
6146,1774306198908597175,1774306198912836488,4239
6147,1774306198914448104,1774306198918816546,4368
6148,1774306198920484466,1774306198924866767,4382
6149,1774306198926472510,1774306198931051408,4578
6150,1774306198932759775,1774306198937037898,4278
6151,1774306198938672441,1774306198943046254,4373
6152,1774306198944789021,1774306198949279060,4490
6153,1774306198951027191,1774306198955154047,4126
6154,1774306198956820587,1774306198961106397,4285
6155,1774306198962653867,1774306198966612412,3958
6156,1774306198968190157,1774306198972513368,4323
6157,1774306198974084540,1774306198977526612,3442
6158,1774306198979081506,1774306198982417572,3336
6159,1774306198983910775,1774306198988117776,4207
6160,1774306198989666326,1774306198993247435,3581
6161,1774306198994869530,1774306198999025478,4155
6162,1774306199000731231,1774306199004574064,3842
6163,1774306199006111232,1774306199010221707,4110
6164,1774306199011868584,1774306199015479161,3610
6165,1774306199017090756,1774306199021341966,4251
6166,1774306199022937098,1774306199026614678,3677
6167,1774306199028235810,1774306199032356315,4120
6168,1774306199033956245,1774306199038077819,4121
6169,1774306199039906269,1774306199043382860,3476
6170,1774306199044997276,1774306199049272511,4275
6171,1774306199051007319,1774306199054461527,3454
6172,1774306199056098046,1774306199060489451,4391
6173,1774306199062272035,1774306199065971963,3699
6174,1774306199067712682,1774306199072015555,4302
6175,1774306199073999842,1774306199077716430,3716
6176,1774306199079396856,1774306199082750482,3353
6177,1774306199084524525,1774306199088097223,3572
6178,1774306199089697363,1774306199094093077,4395
6179,1774306199095702472,1774306199099197467,3494
6180,1774306199100663623,1774306199104125750,3462
6181,1774306199105735744,1774306199109800851,4065
6182,1774306199111449688,1774306199115658210,4208
6183,1774306199117208115,1774306199121015219,3807
6184,1774306199122650151,1774306199126066076,3415
6185,1774306199127746828,1774306199131947107,4200
6186,1774306199133608942,1774306199137231167,3622
6187,1774306199138869419,1774306199143078935,4209
6188,1774306199144805238,1774306199148548186,3742
6189,1774306199150176187,1774306199154345144,4168
6190,1774306199155970545,1774306199159338282,3367
6191,1774306199160994526,1774306199164924679,3930
6192,1774306199166585430,1774306199170550948,3965
6193,1774306199172370465,1774306199176174838,3804
6194,1774306199177899200,1774306199181998001,4098
6195,1774306199183730767,1774306199187657722,3926
6196,1774306199189415021,1774306199193752243,4337
6197,1774306199195573626,1774306199199308080,3734
6198,1774306199201110378,1774306199205506896,4396
6199,1774306199207436604,1774306199211228745,3792
6200,1774306199212919447,1774306199217296577,4377
6201,1774306199219059879,1774306199223541133,4481
6202,1774306199225192309,1774306199228839168,3646
6203,1774306199230278043,1774306199234024358,3746
6204,1774306199235422732,1774306199239398590,3975
6205,1774306199240886520,1774306199244027243,3140
6206,1774306199245671908,1774306199249221732,3549
6207,1774306199250688892,1774306199254894001,4205
6208,1774306199256571916,1774306199260945398,4373
6209,1774306199262540335,1774306199266815210,4274
6210,1774306199268542094,1774306199272959432,4417
6211,1774306199274702064,1774306199279132241,4430
6212,1774306199280925362,1774306199285254567,4329
6213,1774306199286954754,1774306199291155165,4200
6214,1774306199293003618,1774306199297070023,4066
6215,1774306199298930870,1774306199303161181,4230
6216,1774306199304944948,1774306199308750465,3805
6217,1774306199310669209,1774306199315161693,4492
6218,1774306199316933056,1774306199321166826,4233
6219,1774306199323187989,1774306199327342403,4154
6220,1774306199329034908,1774306199333028763,3993
6221,1774306199334941750,1774306199338565037,3623
6222,1774306199340266710,1774306199344574993,4308
6223,1774306199346383991,1774306199350039219,3655
6224,1774306199351718831,1774306199356082626,4363
6225,1774306199357760945,1774306199361441558,3680
6226,1774306199362572220,1774306199365787669,3215
6227,1774306199367436014,1774306199371232288,3796
6228,1774306199372713900,1774306199377023818,4309
6229,1774306199378558205,1774306199382936149,4377
6230,1774306199384344005,1774306199388662071,4318
6231,1774306199390216515,1774306199394029077,3812
6232,1774306199395734406,1774306199399954922,4220
6233,1774306199401725559,1774306199405673318,3947
6234,1774306199407485171,1774306199411095586,3610
6235,1774306199412755104,1774306199416247217,3492
6236,1774306199417893256,1774306199421489343,3596
6237,1774306199423188729,1774306199427311675,4122
6238,1774306199428945179,1774306199432868493,3923
6239,1774306199434478845,1774306199438978518,4499
6240,1774306199440616097,1774306199444567859,3951
6241,1774306199446357001,1774306199450742938,4385
6242,1774306199452371184,1774306199456444951,4073
6243,1774306199458342538,1774306199462730939,4388
6244,1774306199464392688,1774306199468456460,4063
6245,1774306199470337796,1774306199474252259,3914
6246,1774306199475906899,1774306199480548824,4641
6247,1774306199482493927,1774306199486615598,4121
6248,1774306199488357912,1774306199492744458,4386
6249,1774306199494139509,1774306199497831145,3691
6250,1774306199499125957,1774306199503278348,4152
6251,1774306199505110075,1774306199509476713,4366
6252,1774306199511247051,1774306199515660760,4413
6253,1774306199517402591,1774306199521446134,4043
6254,1774306199522875898,1774306199527249829,4373
6255,1774306199528874275,1774306199532265463,3391
6256,1774306199533962877,1774306199538292589,4329
6257,1774306199539992788,1774306199543729479,3736
6258,1774306199545375741,1774306199549669542,4293
6259,1774306199551497514,1774306199555614789,4117
6260,1774306199557602535,1774306199561919301,4316
6261,1774306199563960702,1774306199567869112,3908
6262,1774306199569622484,1774306199573862924,4240
6263,1774306199575503450,1774306199579650551,4147
6264,1774306199581574399,1774306199585201116,3626
6265,1774306199586843724,1774306199591371437,4527
6266,1774306199593255434,1774306199597333759,4078
6267,1774306199598939180,1774306199603248635,4309
6268,1774306199604871122,1774306199608597297,3726
6269,1774306199610148463,1774306199614161973,4013
6270,1774306199615759031,1774306199619150497,3391
6271,1774306199620844418,1774306199625166832,4322
6272,1774306199626607856,1774306199630960359,4352
6273,1774306199632655343,1774306199636929764,4274
6274,1774306199638645720,1774306199643047585,4401
6275,1774306199644533781,1774306199647991078,3457
6276,1774306199649415633,1774306199653723814,4308
6277,1774306199655151951,1774306199658912872,3760
6278,1774306199660487769,1774306199664752500,4264
6279,1774306199666446666,1774306199669974592,3527
6280,1774306199671671865,1774306199675236480,3564
6281,1774306199676844201,1774306199680754519,3910
6282,1774306199682375343,1774306199686126657,3751
6283,1774306199687812580,1774306199692153644,4341
6284,1774306199693830778,1774306199697297219,3466
6285,1774306199699025747,1774306199703317437,4291
6286,1774306199705011367,1774306199708651077,3639
6287,1774306199710441478,1774306199714715520,4274
6288,1774306199716357799,1774306199720026749,3668
6289,1774306199721830700,1774306199726130905,4300
6290,1774306199727756343,1774306199731521647,3765
6291,1774306199733418436,1774306199737610432,4191
6292,1774306199739194491,1774306199743371204,4176
6293,1774306199745259743,1774306199749478830,4219
6294,1774306199751216031,1774306199755180697,3964
6295,1774306199756935858,1774306199760280592,3344
6296,1774306199761818671,1774306199766415912,4597
6297,1774306199767977118,1774306199772443830,4466
6298,1774306199774065023,1774306199778528104,4463
6299,1774306199780145506,1774306199783829405,3683
6300,1774306199785417493,1774306199789570431,4152
6301,1774306199791141434,1774306199794772884,3631
6302,1774306199796242913,1774306199800522413,4279
6303,1774306199802095233,1774306199806139220,4043
6304,1774306199807749821,1774306199811713602,3963
6305,1774306199813454764,1774306199817620863,4166
6306,1774306199819289389,1774306199823632711,4343
6307,1774306199825257969,1774306199829934788,4676
6308,1774306199831416277,1774306199835678212,4261
6309,1774306199837243010,1774306199841508872,4265
6310,1774306199842989892,1774306199847298739,4308
6311,1774306199848963409,1774306199852438308,3474
6312,1774306199854283521,1774306199858052956,3769
6313,1774306199859718621,1774306199863659112,3940
6314,1774306199865245648,1774306199869275372,4029
6315,1774306199871025883,1774306199875464067,4438
6316,1774306199877199676,1774306199881404447,4204
6317,1774306199883156807,1774306199887262346,4105
6318,1774306199888912845,1774306199892559900,3647
6319,1774306199894498078,1774306199898092775,3594
6320,1774306199899822488,1774306199903653547,3831
6321,1774306199905112021,1774306199909415093,4303
6322,1774306199911091217,1774306199915480253,4389
6323,1774306199917057272,1774306199920356576,3299
6324,1774306199921874240,1774306199926174378,4300
6325,1774306199927877815,1774306199931222260,3344
6326,1774306199932886780,1774306199937113371,4226
6327,1774306199938826776,1774306199942995695,4168
6328,1774306199944950601,1774306199949521543,4570
6329,1774306199951443495,1774306199956013114,4569
6330,1774306199957935785,1774306199961612694,3676
6331,1774306199963346392,1774306199967839071,4492
6332,1774306199969650772,1774306199973399230,3748
6333,1774306199975300844,1774306199979793215,4492
6334,1774306199981557180,1774306199985066714,3509
6335,1774306199986644910,1774306199990915811,4270
6336,1774306199992581477,1774306199996476004,3894
6337,1774306199998137543,1774306200002638480,4500
6338,1774306200004445219,1774306200008647622,4202
6339,1774306200010511191,1774306200014207838,3696
6340,1774306200015850431,1774306200020110869,4260
6341,1774306200021943923,1774306200026085815,4141
6342,1774306200027732565,1774306200031977606,4245
6343,1774306200033702193,1774306200038153185,4450
6344,1774306200039970586,1774306200044500778,4530
6345,1774306200046305204,1774306200050045428,3740
6346,1774306200051636052,1774306200056013946,4377
6347,1774306200057590597,1774306200061520476,3929
6348,1774306200063168408,1774306200067304168,4135
6349,1774306200068907987,1774306200073196547,4288
6350,1774306200074802741,1774306200078420156,3617
6351,1774306200080032664,1774306200084170353,4137
6352,1774306200085898422,1774306200090254156,4355
6353,1774306200091953913,1774306200095496088,3542
6354,1774306200097209549,1774306200101443583,4234
6355,1774306200103062577,1774306200107339568,4276
6356,1774306200109192545,1774306200113416343,4223
6357,1774306200115148192,1774306200119520800,4372
6358,1774306200121248167,1774306200125380573,4132
6359,1774306200127036614,1774306200130558772,3522
6360,1774306200132381215,1774306200136707217,4326
6361,1774306200138375046,1774306200142102226,3727
6362,1774306200143841413,1774306200148075869,4234
6363,1774306200149674751,1774306200153198419,3523
6364,1774306200154893998,1774306200158367810,3473
6365,1774306200160059958,1774306200164376989,4317
6366,1774306200166072040,1774306200169999247,3927
6367,1774306200171592107,1774306200175962388,4370
6368,1774306200177601867,1774306200181929665,4327
6369,1774306200183600929,1774306200187895503,4294
6370,1774306200189542936,1774306200193492583,3949
6371,1774306200195145623,1774306200199519704,4374
6372,1774306200201089085,1774306200205149095,4060
6373,1774306200206785877,1774306200210308939,3523
6374,1774306200211882843,1774306200216210037,4327
6375,1774306200217776065,1774306200221578909,3802
6376,1774306200223170550,1774306200226757117,3586
6377,1774306200228442131,1774306200232130419,3688
6378,1774306200233769408,1774306200237664783,3895
6379,1774306200239285163,1774306200243461883,4176
6380,1774306200245145338,1774306200249284698,4139
6381,1774306200250928367,1774306200254324001,3395
6382,1774306200255978585,1774306200260212493,4233
6383,1774306200261832949,1774306200265948413,4115
6384,1774306200267502058,1774306200271629417,4127
6385,1774306200273367971,1774306200277588902,4220
6386,1774306200279243745,1774306200283515068,4271
6387,1774306200285250405,1774306200289454263,4203
6388,1774306200291057989,1774306200295434183,4376
6389,1774306200297090911,1774306200301171836,4080
6390,1774306200302884002,1774306200307002146,4118
6391,1774306200308723646,1774306200313172974,4449
6392,1774306200315112534,1774306200318630539,3518
6393,1774306200320255628,1774306200324635705,4380
6394,1774306200326247565,1774306200329957771,3710
6395,1774306200331607411,1774306200335906843,4299
6396,1774306200337565621,1774306200341520828,3955
6397,1774306200343183468,1774306200346824034,3640
6398,1774306200348392661,1774306200352068062,3675
6399,1774306200353703520,1774306200357126597,3423
6400,1774306200358737289,1774306200362311462,3574
6401,1774306200364039632,1774306200368270622,4230
6402,1774306200370040394,1774306200374234009,4193
6403,1774306200376084404,1774306200380471441,4387
6404,1774306200382390666,1774306200386669719,4279
6405,1774306200388465534,1774306200392745102,4279
6406,1774306200394384970,1774306200398811399,4426
6407,1774306200400531134,1774306200404356503,3825
6408,1774306200405970447,1774306200409653813,3683
6409,1774306200411339815,1774306200415518691,4178
6410,1774306200417221824,1774306200421390802,4168
6411,1774306200423132597,1774306200427456036,4323
6412,1774306200429421248,1774306200433792740,4371
6413,1774306200435598848,1774306200439184645,3585
6414,1774306200441156800,1774306200445547757,4390
6415,1774306200447429572,1774306200450953118,3523
6416,1774306200452524000,1774306200457014071,4490
6417,1774306200458901629,1774306200462753426,3851
6418,1774306200464376752,1774306200467552793,3176
6419,1774306200469302483,1774306200472951567,3649
6420,1774306200474514349,1774306200477946784,3432
6421,1774306200479565897,1774306200483685755,4119
6422,1774306200485267102,1774306200488726619,3459
6423,1774306200490429826,1774306200494776986,4347
6424,1774306200496390378,1774306200500479544,4089
6425,1774306200502177116,1774306200506502733,4325
6426,1774306200508241154,1774306200512514611,4273
6427,1774306200514424237,1774306200519019286,4595
6428,1774306200520674153,1774306200524827015,4152
6429,1774306200526498565,1774306200530682606,4184
6430,1774306200532334206,1774306200536538122,4203
6431,1774306200538331005,1774306200543030916,4699
6432,1774306200544658871,1774306200549069155,4410
6433,1774306200550804338,1774306200554981822,4177
6434,1774306200556625003,1774306200561056408,4431
6435,1774306200562752583,1774306200567447939,4695
6436,1774306200569193322,1774306200573644573,4451
6437,1774306200575519924,1774306200579991509,4471
6438,1774306200581673060,1774306200585965678,4292
6439,1774306200587577369,1774306200591911553,4334
6440,1774306200593600369,1774306200597290217,3689
6441,1774306200598951730,1774306200602342161,3390
6442,1774306200603885902,1774306200607173461,3287
6443,1774306200608850802,1774306200613021727,4170
6444,1774306200614621558,1774306200618705186,4083
6445,1774306200620387359,1774306200624064712,3677
6446,1774306200625687969,1774306200629105873,3417
6447,1774306200630669051,1774306200634173090,3504
6448,1774306200635736170,1774306200639902782,4166
6449,1774306200641539911,1774306200645559198,4019
6450,1774306200647254018,1774306200651654880,4400
6451,1774306200653308455,1774306200657553667,4245
6452,1774306200659562209,1774306200664043704,4481
6453,1774306200665787954,1774306200670207039,4419
6454,1774306200672131084,1774306200676311011,4179
6455,1774306200677935193,1774306200682143543,4208
6456,1774306200683906526,1774306200687999259,4092
6457,1774306200689644103,1774306200693884326,4240
6458,1774306200695816847,1774306200699901212,4084
6459,1774306200701742341,1774306200705943711,4201
6460,1774306200707832526,1774306200711908734,4076
6461,1774306200713834020,1774306200718055752,4221
6462,1774306200719741247,1774306200723823636,4082
6463,1774306200725575849,1774306200730068672,4492
6464,1774306200731743117,1774306200735193839,3450
6465,1774306200736821907,1774306200740644204,3822
6466,1774306200742173772,1774306200745976932,3803
6467,1774306200747326939,1774306200751311103,3984
6468,1774306200752912905,1774306200756279584,3366
6469,1774306200757690698,1774306200760917372,3226
6470,1774306200762354366,1774306200766577328,4222
6471,1774306200768214782,1774306200771881259,3666
6472,1774306200773473956,1774306200777003047,3529
6473,1774306200778620541,1774306200782549438,3928
6474,1774306200784482060,1774306200788672424,4190
6475,1774306200790484977,1774306200794455413,3970
6476,1774306200796347311,1774306200800498137,4150
6477,1774306200802187653,1774306200806435430,4247
6478,1774306200808196048,1774306200812251601,4055
6479,1774306200813942240,1774306200817429702,3487
6480,1774306200819220424,1774306200823591115,4370
6481,1774306200825246779,1774306200828944390,3697
6482,1774306200830757990,1774306200834808970,4050
6483,1774306200836481497,1774306200839977701,3496
6484,1774306200841615755,1774306200845023774,3408
6485,1774306200846685848,1774306200851082325,4396
6486,1774306200852892411,1774306200856718228,3825
6487,1774306200858369615,1774306200862186552,3816
6488,1774306200863905010,1774306200868245918,4340
6489,1774306200869820949,1774306200872992471,3171
6490,1774306200874631485,1774306200879068684,4437
6491,1774306200880687379,1774306200884254600,3567
6492,1774306200885803268,1774306200889140151,3336
6493,1774306200890868451,1774306200894756229,3887
6494,1774306200896340290,1774306200899932562,3592
6495,1774306200901574643,1774306200905273764,3699
6496,1774306200906805493,1774306200910889194,4083
6497,1774306200912649674,1774306200916650121,4000
6498,1774306200918493521,1774306200922186933,3693
6499,1774306200923902581,1774306200928270690,4368
6500,1774306200929936590,1774306200933948195,4011
6501,1774306200935639736,1774306200940134447,4494
6502,1774306200941825450,1774306200945636018,3810
6503,1774306200947513644,1774306200951864011,4350
6504,1774306200953490804,1774306200957941284,4450
6505,1774306200959602324,1774306200963974461,4372
6506,1774306200965857111,1774306200969395994,3538
6507,1774306200971516567,1774306200976015504,4498
6508,1774306200977827186,1774306200981427021,3599
6509,1774306200983405657,1774306200987949155,4543
6510,1774306200989612669,1774306200993164255,3551
6511,1774306200995070648,1774306200999562288,4491
6512,1774306201001242223,1774306201004845909,3603
6513,1774306201006519203,1774306201010870527,4351
6514,1774306201012399733,1774306201016398148,3998
6515,1774306201018058105,1774306201022491787,4433
6516,1774306201024271398,1774306201028697021,4425
6517,1774306201030213837,1774306201034530650,4316
6518,1774306201036112619,1774306201040539483,4426
6519,1774306201042146527,1774306201045757854,3611
6520,1774306201047353718,1774306201051288994,3935
6521,1774306201053093749,1774306201057221714,4127
6522,1774306201058862670,1774306201062744964,3882
6523,1774306201064400664,1774306201068753109,4352
6524,1774306201070415543,1774306201074318968,3903
6525,1774306201076116098,1774306201080421608,4305
6526,1774306201082262052,1774306201086020502,3758
6527,1774306201087702950,1774306201091326079,3623
6528,1774306201093013985,1774306201097100125,4086
6529,1774306201098737247,1774306201102676654,3939
6530,1774306201104569323,1774306201108862921,4293
6531,1774306201110517367,1774306201114825141,4307
6532,1774306201116770440,1774306201120991423,4220
6533,1774306201122661608,1774306201126856927,4195
6534,1774306201128526120,1774306201132397613,3871
6535,1774306201133995649,1774306201138421421,4425
6536,1774306201140169843,1774306201143865947,3696
6537,1774306201145502660,1774306201149151954,3649
6538,1774306201150587001,1774306201154081228,3494
6539,1774306201155415532,1774306201159765896,4350
6540,1774306201161504336,1774306201164720826,3216
6541,1774306201166305872,1774306201170655236,4349
6542,1774306201172189126,1774306201175884081,3694
6543,1774306201177487057,1774306201181751434,4264
6544,1774306201183406249,1774306201187474020,4067
6545,1774306201189059447,1774306201193417318,4357
6546,1774306201195115803,1774306201199300137,4184
6547,1774306201201202547,1774306201205535902,4333
6548,1774306201207288620,1774306201211393830,4105
6549,1774306201213210828,1774306201217727662,4516
6550,1774306201219575739,1774306201223959288,4383
6551,1774306201225937730,1774306201230595687,4657
6552,1774306201232535148,1774306201236583507,4048
6553,1774306201238351761,1774306201242722422,4370
6554,1774306201244494714,1774306201248944803,4450
6555,1774306201250565283,1774306201254588469,4023
6556,1774306201256338640,1774306201260438302,4099
6557,1774306201262113951,1774306201266610135,4496
6558,1774306201268303555,1774306201271986787,3683
6559,1774306201273604478,1774306201277192446,3587
6560,1774306201278856906,1774306201282259326,3402
6561,1774306201283806886,1774306201287300932,3494
6562,1774306201288935331,1774306201292092269,3156
6563,1774306201293290349,1774306201297496308,4205
6564,1774306201298997832,1774306201303353444,4355
6565,1774306201304799572,1774306201308553871,3754
6566,1774306201310118237,1774306201314363036,4244
6567,1774306201316060886,1774306201319767814,3706
6568,1774306201321405804,1774306201325180747,3774
6569,1774306201326852205,1774306201330721046,3868
6570,1774306201332331405,1774306201336216012,3884
6571,1774306201337846803,1774306201342088906,4242
6572,1774306201343734007,1774306201347589859,3855
6573,1774306201349284030,1774306201353529402,4245
6574,1774306201355357431,1774306201359002092,3644
6575,1774306201360736797,1774306201365102729,4365
6576,1774306201366783853,1774306201370295021,3511
6577,1774306201371941885,1774306201375419853,3477
6578,1774306201377113382,1774306201381201318,4087
6579,1774306201382880033,1774306201386637322,3757
6580,1774306201388340565,1774306201392249217,3908
6581,1774306201393836670,1774306201397939683,4103
6582,1774306201399580199,1774306201403721174,4140
6583,1774306201405415389,1774306201409667596,4252
6584,1774306201411433974,1774306201414726942,3292
6585,1774306201416359870,1774306201420684091,4324
6586,1774306201421990675,1774306201425399499,3408
6587,1774306201427088015,1774306201431513422,4425
6588,1774306201433117839,1774306201437435725,4317
6589,1774306201438792022,1774306201443149715,4357
6590,1774306201445008880,1774306201449592998,4584
6591,1774306201451338526,1774306201455578626,4240
6592,1774306201457247066,1774306201461622086,4375
6593,1774306201463404562,1774306201467908558,4503
6594,1774306201469799880,1774306201474022834,4222
6595,1774306201475781667,1774306201479614302,3832
6596,1774306201481403883,1774306201485752134,4348
6597,1774306201487449053,1774306201491633791,4184
6598,1774306201493498740,1774306201497809372,4310
6599,1774306201499467532,1774306201503513523,4045
6600,1774306201505391132,1774306201509725107,4333
6601,1774306201511365348,1774306201515769799,4404
6602,1774306201517886243,1774306201522085074,4198
6603,1774306201523736639,1774306201527171340,3434
6604,1774306201529014728,1774306201532553354,3538
6605,1774306201534232807,1774306201538293970,4061
6606,1774306201539925037,1774306201543625435,3700
6607,1774306201545368485,1774306201549957016,4588
6608,1774306201551729915,1774306201555749058,4019
6609,1774306201557446673,1774306201561369802,3923
6610,1774306201563060170,1774306201567409364,4349
6611,1774306201568860394,1774306201572009163,3148
6612,1774306201573607789,1774306201577852498,4244
6613,1774306201579474313,1774306201583552964,4078
6614,1774306201585182333,1774306201588857895,3675
6615,1774306201590756214,1774306201595095375,4339
6616,1774306201596732522,1774306201600958621,4226
6617,1774306201602625664,1774306201607130522,4504
6618,1774306201608867185,1774306201613461460,4594
6619,1774306201615137485,1774306201618617984,3480
6620,1774306201620336331,1774306201624615386,4279
6621,1774306201626273967,1774306201630110834,3836
6622,1774306201631912036,1774306201635516068,3604
6623,1774306201637525686,1774306201641215023,3689
6624,1774306201642975823,1774306201646825011,3849
6625,1774306201648495569,1774306201652185541,3689
6626,1774306201653943668,1774306201658182051,4238
6627,1774306201659838876,1774306201664079422,4240
6628,1774306201665947030,1774306201670128749,4181
6629,1774306201671808532,1774306201676081905,4273
6630,1774306201677988915,1774306201682005100,4016
6631,1774306201683690538,1774306201688064778,4374
6632,1774306201689836939,1774306201694006886,4169
6633,1774306201695778607,1774306201699791553,4012
6634,1774306201701761984,1774306201705165051,3403
6635,1774306201706618549,1774306201711021702,4403
6636,1774306201712720366,1774306201716199954,3479
6637,1774306201717824344,1774306201721318887,3494
6638,1774306201722841153,1774306201726686345,3845
6639,1774306201728352761,1774306201732253031,3900
6640,1774306201734055771,1774306201738048005,3992
6641,1774306201739723906,1774306201743649027,3925
6642,1774306201745260570,1774306201749562590,4302
6643,1774306201751275510,1774306201755515934,4240
6644,1774306201757448873,1774306201761792949,4344
6645,1774306201763706682,1774306201767691541,3984
6646,1774306201769331652,1774306201773624175,4292
6647,1774306201775432339,1774306201779727364,4295
6648,1774306201781377998,1774306201785421511,4043
6649,1774306201787293409,1774306201791222362,3928
6650,1774306201793230399,1774306201797670627,4440
6651,1774306201799633896,1774306201803376626,3742
6652,1774306201805321928,1774306201809689188,4367
6653,1774306201811574990,1774306201815098509,3523
6654,1774306201816970971,1774306201821206939,4235
6655,1774306201822922275,1774306201827293833,4371
6656,1774306201828956938,1774306201833093263,4136
6657,1774306201834402465,1774306201837811194,3408
6658,1774306201839480820,1774306201842806839,3326
6659,1774306201844422871,1774306201848456318,4033
6660,1774306201850075607,1774306201853497685,3422
6661,1774306201855150704,1774306201859156015,4005
6662,1774306201860728277,1774306201864715507,3987
6663,1774306201866285533,1774306201870327010,4041
6664,1774306201871966596,1774306201875695051,3728
6665,1774306201877321962,1774306201880877422,3555
6666,1774306201882492705,1774306201886381091,3888
6667,1774306201888037010,1774306201892273942,4236
6668,1774306201893891317,1774306201898022150,4130
6669,1774306201899662232,1774306201903865828,4203
6670,1774306201905521584,1774306201909047300,3525
6671,1774306201910765101,1774306201914905136,4140
6672,1774306201916601304,1774306201920670441,4069
6673,1774306201922404573,1774306201926592300,4187
6674,1774306201928310515,1774306201932410828,4100
6675,1774306201934071996,1774306201937815459,3743
6676,1774306201939413122,1774306201943060284,3647
6677,1774306201944710324,1774306201948837946,4127
6678,1774306201950467443,1774306201954032322,3564
6679,1774306201955652862,1774306201960106992,4454
6680,1774306201961738416,1774306201965210713,3472
6681,1774306201966864530,1774306201971027460,4162
6682,1774306201972775844,1774306201976421143,3645
6683,1774306201978055129,1774306201982066723,4011
6684,1774306201983730027,1774306201987155941,3425
6685,1774306201988749478,1774306201993129876,4380
6686,1774306201994641997,1774306201998533927,3891
6687,1774306202000219616,1774306202004446245,4226
6688,1774306202006081205,1774306202010197311,4116
6689,1774306202011823379,1774306202015916554,4093
6690,1774306202017544374,1774306202021503026,3958
6691,1774306202023443029,1774306202027947577,4504
6692,1774306202029669830,1774306202033562190,3892
6693,1774306202035448367,1774306202039816242,4367
6694,1774306202041471015,1774306202045467069,3996
6695,1774306202047401820,1774306202051780778,4378
6696,1774306202053366426,1774306202057439510,4073
6697,1774306202059340830,1774306202063802829,4461
6698,1774306202065459382,1774306202069358951,3899
6699,1774306202071448999,1774306202075809157,4360
6700,1774306202077548847,1774306202081503017,3954
6701,1774306202083447649,1774306202087940641,4492
6702,1774306202089685849,1774306202093309519,3623
6703,1774306202094892318,1774306202098244377,3352
6704,1774306202099928057,1774306202104322132,4394
6705,1774306202106136582,1774306202110516525,4379
6706,1774306202112199431,1774306202116468633,4269
6707,1774306202118051175,1774306202121731842,3680
6708,1774306202123342610,1774306202127645588,4302
6709,1774306202129270131,1774306202132663967,3393
6710,1774306202134385117,1774306202138619689,4234
6711,1774306202140294827,1774306202144443109,4148
6712,1774306202146335445,1774306202150566721,4231
6713,1774306202152204807,1774306202156139560,3934
6714,1774306202157787196,1774306202161301803,3514
6715,1774306202163028213,1774306202167383485,4355
6716,1774306202169092492,1774306202172951120,3858
6717,1774306202174610753,1774306202178981545,4370
6718,1774306202181005734,1774306202185184447,4178
6719,1774306202186930878,1774306202191445616,4514
6720,1774306202193332360,1774306202197790727,4458
6721,1774306202199422494,1774306202203031457,3608
6722,1774306202204646774,1774306202208603870,3957
6723,1774306202210256678,1774306202214552865,4296
6724,1774306202216161093,1774306202219639077,3477
6725,1774306202221291190,1774306202225467587,4176
6726,1774306202227084162,1774306202231047874,3963
6727,1774306202232845755,1774306202236549985,3704
6728,1774306202238361501,1774306202242584601,4223
6729,1774306202244241861,1774306202248027903,3786
6730,1774306202249719404,1774306202253051776,3332
6731,1774306202254775552,1774306202258598998,3823
6732,1774306202260192582,1774306202264436518,4243
6733,1774306202266147164,1774306202269503311,3356
6734,1774306202271061642,1774306202275203802,4142
6735,1774306202276734992,1774306202280138623,3403
6736,1774306202281859812,1774306202286117401,4257
6737,1774306202287727748,1774306202291576491,3848
6738,1774306202293178280,1774306202296942491,3764
6739,1774306202298652948,1774306202302720816,4067
6740,1774306202304468461,1774306202308584198,4115
6741,1774306202310201882,1774306202314581968,4380
6742,1774306202316419486,1774306202320547599,4128
6743,1774306202322280894,1774306202326686074,4405
6744,1774306202328508936,1774306202332663290,4154
6745,1774306202334471971,1774306202338493265,4021
6746,1774306202340285450,1774306202344761130,4475
6747,1774306202346423034,1774306202350017932,3594
6748,1774306202351882178,1774306202356603835,4721
6749,1774306202358344723,1774306202362104867,3760
6750,1774306202363933947,1774306202367501102,3567
6751,1774306202369247534,1774306202373269612,4022
6752,1774306202375034684,1774306202379502719,4468
6753,1774306202381041844,1774306202384985357,3943
6754,1774306202386527076,1774306202390128398,3601
6755,1774306202391769579,1774306202396136853,4367
6756,1774306202397450192,1774306202401277415,3827
6757,1774306202402896799,1774306202406259112,3362
6758,1774306202407829607,1774306202412045259,4215
6759,1774306202413723803,1774306202417521455,3797
6760,1774306202419106005,1774306202423277280,4171
6761,1774306202425021133,1774306202429006408,3985
6762,1774306202430630192,1774306202434714929,4084
6763,1774306202436450180,1774306202440756226,4306
6764,1774306202442354104,1774306202446617257,4263
6765,1774306202448419493,1774306202452779822,4360
6766,1774306202454521141,1774306202458925100,4403
6767,1774306202460859239,1774306202464978464,4119
6768,1774306202466656878,1774306202470838894,4182
6769,1774306202472783890,1774306202477008578,4224
6770,1774306202478705815,1774306202482974747,4268
6771,1774306202484814805,1774306202489183186,4368
6772,1774306202490897762,1774306202495088335,4190
6773,1774306202496753936,1774306202500267044,3513
6774,1774306202501954078,1774306202506319907,4365
6775,1774306202508060015,1774306202512509649,4449
6776,1774306202514158467,1774306202518573043,4414
6777,1774306202520250784,1774306202524653932,4403
6778,1774306202525997171,1774306202529332782,3335
6779,1774306202530962896,1774306202534835809,3872
6780,1774306202536390518,1774306202539355688,2965
6781,1774306202540409722,1774306202544625663,4215
6782,1774306202546170699,1774306202549946048,3775
6783,1774306202551624594,1774306202555718739,4094
6784,1774306202557293304,1774306202561399441,4106
6785,1774306202563148513,1774306202567310668,4162
6786,1774306202568917317,1774306202573162069,4244
6787,1774306202574851293,1774306202578934649,4083
6788,1774306202580584406,1774306202584712293,4127
6789,1774306202586343735,1774306202589978153,3634
6790,1774306202591612204,1774306202595933168,4320
6791,1774306202597523672,1774306202601925187,4401
6792,1774306202603575077,1774306202607788186,4213
6793,1774306202609417273,1774306202613636621,4219
6794,1774306202615557877,1774306202619924933,4367
6795,1774306202621619904,1774306202625194958,3575
6796,1774306202626975585,1774306202630511886,3536
6797,1774306202632388528,1774306202636754280,4365
6798,1774306202638480590,1774306202642704186,4223
6799,1774306202644344196,1774306202648789019,4444
6800,1774306202650522071,1774306202654874550,4352
6801,1774306202656486968,1774306202660883406,4396
6802,1774306202662608530,1774306202666431258,3822
6803,1774306202667965249,1774306202671323373,3358
6804,1774306202672810876,1774306202676445777,3634
6805,1774306202677971360,1774306202681265021,3293
6806,1774306202682785335,1774306202686599402,3814
6807,1774306202688288094,1774306202692447836,4159
6808,1774306202694033191,1774306202698105778,4072
6809,1774306202699632496,1774306202702909928,3277
6810,1774306202704497393,1774306202708710218,4212
6811,1774306202710281480,1774306202714082568,3801
6812,1774306202715659034,1774306202719294678,3635
6813,1774306202720949515,1774306202725312116,4362
6814,1774306202727245874,1774306202731001995,3756
6815,1774306202732671755,1774306202737134484,4462
6816,1774306202738795810,1774306202742397314,3601
6817,1774306202744060075,1774306202748305467,4245
6818,1774306202750144793,1774306202753996353,3851
6819,1774306202755880091,1774306202760060577,4180
6820,1774306202761765671,1774306202765659231,3893
6821,1774306202767296090,1774306202771023406,3727
6822,1774306202772656028,1774306202776636803,3980
6823,1774306202778468801,1774306202782463176,3994
6824,1774306202784218017,1774306202788538884,4320
6825,1774306202790067405,1774306202794163733,4096
6826,1774306202795902897,1774306202800013706,4110
6827,1774306202801596397,1774306202805930985,4334
6828,1774306202807564966,1774306202810944860,3379
6829,1774306202812652537,1774306202816031965,3379
6830,1774306202817585382,1774306202821805706,4220
6831,1774306202823382564,1774306202827216039,3833
6832,1774306202828933243,1774306202833210678,4277
6833,1774306202834857829,1774306202838275201,3417
6834,1774306202839953195,1774306202843353378,3400
6835,1774306202844885661,1774306202848958284,4072
6836,1774306202850537775,1774306202854721480,4183
6837,1774306202856374092,1774306202860603790,4229
6838,1774306202862642533,1774306202866857957,4215
6839,1774306202868519029,1774306202872830055,4311
6840,1774306202874539074,1774306202878489656,3950
6841,1774306202880126942,1774306202884362476,4235
6842,1774306202886013187,1774306202890085395,4072
6843,1774306202891701343,1774306202895818896,4117
6844,1774306202897434164,1774306202901810846,4376
6845,1774306202903440985,1774306202907538445,4097
6846,1774306202909160809,1774306202912841687,3680
6847,1774306202914493408,1774306202918841752,4348
6848,1774306202920543827,1774306202924092518,3548
6849,1774306202925749950,1774306202929232387,3482
6850,1774306202930738357,1774306202934318442,3580
6851,1774306202935731594,1774306202939119862,3388
6852,1774306202940883375,1774306202945231179,4347
6853,1774306202946799663,1774306202950344607,3544
6854,1774306202952023472,1774306202956547842,4524
6855,1774306202958122785,1774306202961507805,3385
6856,1774306202963166836,1774306202967703921,4537
6857,1774306202969392083,1774306202973370816,3978
6858,1774306202975009698,1774306202979361297,4351
6859,1774306202981034303,1774306202985258137,4223
6860,1774306202987144132,1774306202991506418,4362
6861,1774306202993222106,1774306202996916971,3694
6862,1774306202998959407,1774306203002629930,3670
6863,1774306203004235412,1774306203008221042,3985
6864,1774306203009890205,1774306203013210842,3320
6865,1774306203014814723,1774306203019164731,4350
6866,1774306203020759729,1774306203024416267,3656
6867,1774306203026009922,1774306203030157175,4147
6868,1774306203031771709,1774306203035997229,4225
6869,1774306203037607801,1774306203041125626,3517
6870,1774306203042814932,1774306203046945293,4130
6871,1774306203048629394,1774306203052722223,4092
6872,1774306203054482703,1774306203058923308,4440
6873,1774306203060668985,1774306203065077785,4408
6874,1774306203066576088,1774306203070922786,4346
6875,1774306203072631841,1774306203076855688,4223
6876,1774306203078334290,1774306203081744256,3409
6877,1774306203083489082,1774306203087030249,3541
6878,1774306203088524272,1774306203092603560,4079
6879,1774306203094131916,1774306203097719134,3587
6880,1774306203099382288,1774306203103523284,4140
6881,1774306203105181614,1774306203109251123,4069
6882,1774306203111018495,1774306203115270011,4251
6883,1774306203117151873,1774306203121221540,4069
6884,1774306203123093077,1774306203127514629,4421
6885,1774306203129390987,1774306203133469253,4078
6886,1774306203135214908,1774306203139585949,4371
6887,1774306203141377474,1774306203145387190,4009
6888,1774306203147307540,1774306203151816219,4508
6889,1774306203153674744,1774306203157506452,3831
6890,1774306203159233262,1774306203163738817,4505
6891,1774306203165687065,1774306203169549716,3862
6892,1774306203171441829,1774306203175912505,4470
6893,1774306203177886695,1774306203181590101,3703
6894,1774306203183583780,1774306203187969150,4385
6895,1774306203190005039,1774306203193643166,3638
6896,1774306203195503932,1774306203199577861,4073
6897,1774306203201330976,1774306203205484721,4153
6898,1774306203207029158,1774306203210451298,3422
6899,1774306203212050062,1774306203215599936,3549
6900,1774306203216997288,1774306203221378354,4381
6901,1774306203222945881,1774306203226695671,3749
6902,1774306203228332590,1774306203232418200,4085
6903,1774306203233936777,1774306203237459840,3523
6904,1774306203239134345,1774306203242859716,3725
6905,1774306203244565655,1774306203248702398,4136
6906,1774306203250507405,1774306203254118493,3611
6907,1774306203255876824,1774306203259450510,3573
6908,1774306203261291577,1774306203265478669,4187
6909,1774306203267176949,1774306203271099662,3922
6910,1774306203272744844,1774306203276436734,3691
6911,1774306203278070983,1774306203281813674,3742
6912,1774306203283480127,1774306203287470406,3990
6913,1774306203289171948,1774306203293353547,4181
6914,1774306203295030494,1774306203299259188,4228
6915,1774306203300871752,1774306203304952141,4080
6916,1774306203306611782,1774306203310779951,4168
6917,1774306203312574550,1774306203316811897,4237
6918,1774306203318489053,1774306203322525560,4036
6919,1774306203324356022,1774306203328101424,3745
6920,1774306203329802204,1774306203334147893,4345
6921,1774306203335921085,1774306203339325836,3404
6922,1774306203340901580,1774306203345160464,4258
6923,1774306203346774505,1774306203350305979,3531
6924,1774306203351834774,1774306203356004949,4170
6925,1774306203357678371,1774306203361635714,3957
6926,1774306203363152083,1774306203366958701,3806
6927,1774306203368576261,1774306203372790434,4214
6928,1774306203374505461,1774306203378626874,4121
6929,1774306203380223329,1774306203384664200,4440
6930,1774306203386325402,1774306203390086571,3761
6931,1774306203391815695,1774306203396210034,4394
6932,1774306203397838916,1774306203401946650,4107
6933,1774306203403565229,1774306203407994349,4429
6934,1774306203409750649,1774306203413811515,4060
6935,1774306203415815146,1774306203419713224,3898
6936,1774306203421466781,1774306203425974672,4507
6937,1774306203427646995,1774306203431713194,4066
6938,1774306203433399812,1774306203437776660,4376
6939,1774306203439727421,1774306203443981093,4253
6940,1774306203445703429,1774306203449940880,4237
6941,1774306203451876660,1774306203455384393,3507
6942,1774306203457070280,1774306203460990001,3919
6943,1774306203462721286,1774306203466819518,4098
6944,1774306203468534388,1774306203472147488,3613
6945,1774306203473945260,1774306203478110059,4164
6946,1774306203479554629,1774306203483635821,4081
6947,1774306203485270005,1774306203488719851,3449
6948,1774306203490345586,1774306203493997332,3651
6949,1774306203495458403,1774306203499717851,4259
6950,1774306203501406238,1774306203505063270,3657
6951,1774306203506624610,1774306203510587900,3963
6952,1774306203512106750,1774306203516217695,4110
6953,1774306203517837341,1774306203521306701,3469
6954,1774306203522948253,1774306203526475029,3526
6955,1774306203528125385,1774306203532287588,4162
6956,1774306203533903568,1774306203537835000,3931
6957,1774306203539511671,1774306203543812396,4300
6958,1774306203545474687,1774306203549308897,3834
6959,1774306203551343163,1774306203555723053,4379
6960,1774306203557527452,1774306203561765913,4238
6961,1774306203563628131,1774306203567828337,4200
6962,1774306203569581568,1774306203573863092,4281
6963,1774306203575501642,1774306203579936252,4434
6964,1774306203581758734,1774306203585953492,4194
6965,1774306203587648472,1774306203592012313,4363
6966,1774306203593679139,1774306203597662823,3983
6967,1774306203599548688,1774306203603962308,4413
6968,1774306203605639914,1774306203608976884,3336
6969,1774306203610607948,1774306203614214440,3606
6970,1774306203615951857,1774306203619441951,3490
6971,1774306203620876041,1774306203624497659,3621
6972,1774306203625682987,1774306203629064661,3381
6973,1774306203630804401,1774306203634627926,3823
6974,1774306203636249273,1774306203640088167,3838
6975,1774306203641601395,1774306203645032594,3431
6976,1774306203646650924,1774306203650901548,4250
6977,1774306203652493733,1774306203656117799,3624
6978,1774306203657808118,1774306203662250031,4441
6979,1774306203664005885,1774306203667805086,3799
6980,1774306203669439379,1774306203673092091,3652
6981,1774306203674737996,1774306203678967386,4229
6982,1774306203680567565,1774306203684497043,3929
6983,1774306203686222748,1774306203690668532,4445
6984,1774306203692333313,1774306203696632735,4299
6985,1774306203698270472,1774306203702557158,4286
6986,1774306203704230119,1774306203708400948,4170
6987,1774306203710147979,1774306203713758053,3610
6988,1774306203715483425,1774306203719255501,3772
6989,1774306203720893738,1774306203724503498,3609
6990,1774306203726309638,1774306203730709505,4399
6991,1774306203732365155,1774306203736035180,3670
6992,1774306203737747770,1774306203741344311,3596
6993,1774306203743018719,1774306203747543898,4525
6994,1774306203749075797,1774306203752553118,3477
6995,1774306203754315144,1774306203758038137,3722
6996,1774306203759556713,1774306203762713759,3157
6997,1774306203764054443,1774306203768154258,4099
6998,1774306203769631726,1774306203773254253,3622
6999,1774306203775013819,1774306203779495324,4481
7000,1774306203781155744,1774306203784902367,3746
7001,1774306203786579071,1774306203790199338,3620
7002,1774306203792055423,1774306203796424141,4368
7003,1774306203798148575,1774306203802125770,3977
7004,1774306203803971947,1774306203808583572,4611
7005,1774306203810506077,1774306203814208530,3702
7006,1774306203816031188,1774306203819453793,3422
7007,1774306203821085244,1774306203825207044,4121
7008,1774306203827025279,1774306203830992909,3967
7009,1774306203832676007,1774306203836918192,4242
7010,1774306203838534382,1774306203842466768,3932
7011,1774306203844146035,1774306203848476244,4330
7012,1774306203850080756,1774306203853844877,3764
7013,1774306203855485009,1774306203859627075,4142
7014,1774306203861301364,1774306203865539674,4238
7015,1774306203867207211,1774306203871403717,4196
7016,1774306203873105215,1774306203877094921,3989
7017,1774306203878602624,1774306203883036807,4434
7018,1774306203884453180,1774306203888826438,4373
7019,1774306203890359806,1774306203894815188,4455
7020,1774306203896379080,1774306203900784473,4405
7021,1774306203902377239,1774306203906915446,4538
7022,1774306203908541535,1774306203912988645,4447
7023,1774306203914543229,1774306203918656927,4113
7024,1774306203920295305,1774306203924689335,4394
7025,1774306203926329101,1774306203930592199,4263
7026,1774306203932265478,1774306203936501409,4235
7027,1774306203938143888,1774306203942470466,4326
7028,1774306203944274276,1774306203948672373,4398
7029,1774306203950431825,1774306203954766125,4334
7030,1774306203956496698,1774306203960371441,3874
7031,1774306203962035869,1774306203965790134,3754
7032,1774306203967434567,1774306203971367953,3933
7033,1774306203973074367,1774306203976912737,3838
7034,1774306203978539210,1774306203982481158,3941
7035,1774306203984362493,1774306203988476619,4114
7036,1774306203990286960,1774306203994565451,4278
7037,1774306203996388908,1774306204000353716,3964
7038,1774306204002054590,1774306204006251509,4196
7039,1774306204008260492,1774306204012193664,3933
7040,1774306204013911404,1774306204018372804,4461
7041,1774306204020157499,1774306204024329284,4171
7042,1774306204025753417,1774306204030321848,4568
7043,1774306204032008735,1774306204036277901,4269
7044,1774306204037952972,1774306204042268661,4315
7045,1774306204043831112,1774306204047976981,4145
7046,1774306204049497871,1774306204053134552,3636
7047,1774306204054606778,1774306204058395198,3788
7048,1774306204059953757,1774306204064099571,4145
7049,1774306204065733506,1774306204069823519,4090
7050,1774306204071419824,1774306204075622201,4202
7051,1774306204077418834,1774306204081583259,4164
7052,1774306204083335773,1774306204087091898,3756
7053,1774306204089002874,1774306204093239528,4236
7054,1774306204094940614,1774306204098391422,3450
7055,1774306204100138322,1774306204104339572,4201
7056,1774306204106029560,1774306204109647167,3617
7057,1774306204111391887,1774306204115942621,4550
7058,1774306204117630827,1774306204121190649,3559
7059,1774306204123248038,1774306204127508110,4260
7060,1774306204129278289,1774306204132946101,3667
7061,1774306204134821936,1774306204139074049,4252
7062,1774306204140717625,1774306204144602459,3884
7063,1774306204146524895,1774306204150902592,4377
7064,1774306204152559727,1774306204156413066,3853
7065,1774306204158250163,1774306204161729250,3479
7066,1774306204163355463,1774306204167685254,4329
7067,1774306204169334742,1774306204173175741,3840
7068,1774306204174864444,1774306204179403257,4538
7069,1774306204181110128,1774306204184596136,3486
7070,1774306204186174955,1774306204190588318,4413
7071,1774306204192149198,1774306204195842292,3693
7072,1774306204197480567,1774306204201694314,4213
7073,1774306204203406612,1774306204207181427,3774
7074,1774306204209021304,1774306204213230567,4209
7075,1774306204215077020,1774306204219197616,4120
7076,1774306204220953949,1774306204225157287,4203
7077,1774306204226875047,1774306204231039419,4164
7078,1774306204232900406,1774306204237258064,4357
7079,1774306204238939324,1774306204242692844,3753
7080,1774306204244555769,1774306204248151072,3595
7081,1774306204249860979,1774306204253454211,3593
7082,1774306204255343152,1774306204259421563,4078
7083,1774306204261096022,1774306204265329760,4233
7084,1774306204267128858,1774306204271249293,4120
7085,1774306204273039508,1774306204277725089,4685
7086,1774306204279481330,1774306204283708105,4226
7087,1774306204285379298,1774306204289910975,4531
7088,1774306204291797828,1774306204295524219,3726
7089,1774306204297053483,1774306204300859236,3805
7090,1774306204302507740,1774306204306257224,3749
7091,1774306204307809930,1774306204311148333,3338
7092,1774306204312607371,1774306204316577143,3969
7093,1774306204318238056,1774306204321589146,3351
7094,1774306204323014126,1774306204327532741,4518
7095,1774306204329161407,1774306204332876592,3715
7096,1774306204334665420,1774306204338972993,4307
7097,1774306204340794945,1774306204344384593,3589
7098,1774306204346051042,1774306204349486667,3435
7099,1774306204351210480,1774306204354926455,3715
7100,1774306204356571168,1774306204360540722,3969
7101,1774306204362234482,1774306204366425387,4190
7102,1774306204368484572,1774306204372543595,4059
7103,1774306204374216267,1774306204378422797,4206
7104,1774306204380335690,1774306204384435092,4099
7105,1774306204386118382,1774306204390322190,4203
7106,1774306204392123827,1774306204396269593,4145
7107,1774306204397956548,1774306204401490980,3534
7108,1774306204403368003,1774306204407755303,4387
7109,1774306204409487528,1774306204413015315,3527
7110,1774306204414946492,1774306204419203121,4256
7111,1774306204421144172,1774306204425020711,3876
7112,1774306204426726419,1774306204430900434,4174
7113,1774306204432545945,1774306204436958436,4412
7114,1774306204438612418,1774306204443009115,4396
7115,1774306204444796063,1774306204448279228,3483
7116,1774306204449911253,1774306204453359017,3447
7117,1774306204455014027,1774306204458968828,3954
7118,1774306204460616653,1774306204464963461,4346
7119,1774306204466508475,1774306204470822770,4314
7120,1774306204472595787,1774306204476501248,3905
7121,1774306204478114605,1774306204482293186,4178
7122,1774306204484052499,1774306204488076829,4024
7123,1774306204489862981,1774306204493506566,3643
7124,1774306204495319294,1774306204499660597,4341
7125,1774306204501304534,1774306204505717703,4413
7126,1774306204507600486,1774306204511867203,4266
7127,1774306204513741546,1774306204517466089,3724
7128,1774306204519347159,1774306204523753384,4406
7129,1774306204525407951,1774306204529057250,3649
7130,1774306204530958346,1774306204535334242,4375
7131,1774306204537035859,1774306204540721399,3685
7132,1774306204542317101,1774306204546663876,4346
7133,1774306204548291772,1774306204552290148,3998
7134,1774306204553938016,1774306204557298306,3360
7135,1774306204558988266,1774306204563280295,4292
7136,1774306204564846750,1774306204568600186,3753
7137,1774306204570297880,1774306204574723700,4425
7138,1774306204576316544,1774306204580332799,4016
7139,1774306204582052095,1774306204586559477,4507
7140,1774306204588335301,1774306204592354567,4019
7141,1774306204594021576,1774306204598565573,4543
7142,1774306204600229288,1774306204604075815,3846
7143,1774306204605682953,1774306204608964783,3281
7144,1774306204610750573,1774306204614969625,4219
7145,1774306204616623958,1774306204620938654,4314
7146,1774306204622629285,1774306204626659525,4030
7147,1774306204628279330,1774306204632549870,4270
7148,1774306204634150102,1774306204638323680,4173
7149,1774306204639957041,1774306204643314323,3357
7150,1774306204645060975,1774306204649099104,4038
7151,1774306204650717714,1774306204654604044,3886
7152,1774306204656324242,1774306204660526476,4202
7153,1774306204662160750,1774306204666344738,4183
7154,1774306204668220458,1774306204672759663,4539
7155,1774306204674419688,1774306204678458538,4038
7156,1774306204680309515,1774306204684709619,4400
7157,1774306204686365463,1774306204689985827,3620
7158,1774306204691705799,1774306204696197053,4491
7159,1774306204697850720,1774306204701945721,4095
7160,1774306204703535235,1774306204707081271,3546
7161,1774306204708754147,1774306204713151072,4396
7162,1774306204714838738,1774306204718751295,3912
7163,1774306204720381328,1774306204724126383,3745
7164,1774306204725747091,1774306204729656773,3909
7165,1774306204731406718,1774306204735877774,4471
7166,1774306204737397404,1774306204741474176,4076
7167,1774306204742825889,1774306204746006310,3180
7168,1774306204747532040,1774306204751516127,3984
7169,1774306204753086537,1774306204757302179,4215
7170,1774306204758953900,1774306204763176024,4222
7171,1774306204764964487,1774306204768245890,3281
7172,1774306204770046055,1774306204774351921,4305
7173,1774306204776028316,1774306204779604927,3576
7174,1774306204781324165,1774306204785533345,4209
7175,1774306204787298230,1774306204791145942,3847
7176,1774306204792891213,1774306204796486821,3595
7177,1774306204798129993,1774306204801994591,3864
7178,1774306204803842759,1774306204808092179,4249
7179,1774306204809753974,1774306204813639690,3885
7180,1774306204815385068,1774306204819807478,4422
7181,1774306204821464597,1774306204825133728,3669
7182,1774306204826793622,1774306204831028012,4234
7183,1774306204832651597,1774306204836619119,3967
7184,1774306204838497186,1774306204842848111,4350
7185,1774306204844172071,1774306204847652936,3480
7186,1774306204849268889,1774306204852690290,3421
7187,1774306204854319463,1774306204858655929,4336
7188,1774306204860292207,1774306204863971539,3679
7189,1774306204865645636,1774306204868898565,3252
7190,1774306204870500796,1774306204873608292,3107
7191,1774306204874997763,1774306204879081693,4083
7192,1774306204880548187,1774306204884423004,3874
7193,1774306204886014926,1774306204889511671,3496
7194,1774306204891060267,1774306204895369844,4309
7195,1774306204897063547,1774306204901122967,4059
7196,1774306204902832105,1774306204907339505,4507
7197,1774306204909019872,1774306204913389861,4369
7198,1774306204915163779,1774306204919540840,4377
7199,1774306204921210146,1774306204925334225,4124
7200,1774306204927106757,1774306204931585210,4478
7201,1774306204933353618,1774306204937346781,3993
7202,1774306204939028604,1774306204943238893,4210
7203,1774306204945030559,1774306204949220243,4189
7204,1774306204950920166,1774306204955323710,4403
7205,1774306204957032105,1774306204961168595,4136
7206,1774306204962836572,1774306204966334617,3498
7207,1774306204968146209,1774306204972692150,4545
7208,1774306204974363615,1774306204978089619,3726
7209,1774306204979819864,1774306204984331070,4511
7210,1774306204985838703,1774306204989554516,3715
7211,1774306204991118225,1774306204995322291,4204
7212,1774306204997085221,1774306205000450589,3365
7213,1774306205002101840,1774306205005566040,3464
7214,1774306205007082423,1774306205010627166,3544
7215,1774306205012310678,1774306205016373655,4062
7216,1774306205017895072,1774306205021348690,3453
7217,1774306205022966641,1774306205027369655,4403
7218,1774306205028899695,1774306205033040614,4140
7219,1774306205034648497,1774306205038764452,4115
7220,1774306205040394692,1774306205044044728,3650
7221,1774306205045834486,1774306205050127238,4292
7222,1774306205051793599,1774306205055913242,4119
7223,1774306205057614630,1774306205062048208,4433
7224,1774306205063982484,1774306205068345209,4362
7225,1774306205070139397,1774306205074544530,4405
7226,1774306205076512434,1774306205080918362,4405
7227,1774306205082721199,1774306205087097060,4375
7228,1774306205088819737,1774306205093008262,4188
7229,1774306205094649007,1774306205099091251,4442
7230,1774306205100752855,1774306205104903669,4150
7231,1774306205106504807,1774306205109848784,3343
7232,1774306205111584917,1774306205115991031,4406
7233,1774306205117742719,1774306205121633598,3890
7234,1774306205123151670,1774306205127633056,4481
7235,1774306205129247828,1774306205132638143,3390
7236,1774306205134311662,1774306205137839948,3528
7237,1774306205139316187,1774306205143791571,4475
7238,1774306205145462740,1774306205149072479,3609
7239,1774306205150438467,1774306205153908631,3470
7240,1774306205155437940,1774306205159064278,3626
7241,1774306205160724912,1774306205164215431,3490
7242,1774306205165852490,1774306205169698825,3846
7243,1774306205171327798,1774306205175398674,4070
7244,1774306205177090900,1774306205181173206,4082
7245,1774306205182808629,1774306205186893185,4084
7246,1774306205188562517,1774306205192127041,3564
7247,1774306205193890107,1774306205198087914,4197
7248,1774306205199741307,1774306205204007742,4266
7249,1774306205205638651,1774306205209622209,3983
7250,1774306205211490935,1774306205216022538,4531
7251,1774306205218001637,1774306205222340274,4338
7252,1774306205224148884,1774306205228601743,4452
7253,1774306205230536328,1774306205234599414,4063
7254,1774306205236331415,1774306205240661791,4330
7255,1774306205242534866,1774306205246585170,4050
7256,1774306205248302585,1774306205252686846,4384
7257,1774306205254352777,1774306205258631450,4278
7258,1774306205260307271,1774306205264683024,4375
7259,1774306205266256897,1774306205270010924,3754
7260,1774306205271514963,1774306205275897155,4382
7261,1774306205277511621,1774306205281201775,3690
7262,1774306205282847412,1774306205286360220,3512
7263,1774306205287651883,1774306205291502587,3850
7264,1774306205293021629,1774306205297078813,4057
7265,1774306205298640928,1774306205302820516,4179
7266,1774306205304575836,1774306205308700213,4124
7267,1774306205310379465,1774306205314694686,4315
7268,1774306205316385677,1774306205320909326,4523
7269,1774306205322560441,1774306205326648229,4087
7270,1774306205328413709,1774306205332206064,3792
7271,1774306205333841482,1774306205337383895,3542
7272,1774306205339115149,1774306205343184826,4069
7273,1774306205344881362,1774306205348439572,3558
7274,1774306205350319229,1774306205354638850,4319
7275,1774306205356347172,1774306205360194631,3847
7276,1774306205361927667,1774306205366207826,4280
7277,1774306205367845452,1774306205372094066,4248
7278,1774306205374044337,1774306205378387786,4343
7279,1774306205380067700,1774306205384233634,4165
7280,1774306205386154356,1774306205390636957,4482
7281,1774306205392269504,1774306205396672478,4402
7282,1774306205398384052,1774306205402761935,4377
7283,1774306205404385211,1774306205408791444,4406
7284,1774306205410489544,1774306205414626850,4137
7285,1774306205416324612,1774306205420312501,3987
7286,1774306205422042212,1774306205426369576,4327
7287,1774306205427909259,1774306205431943565,4034
7288,1774306205433663611,1774306205438059103,4395
7289,1774306205439697344,1774306205443796571,4099
7290,1774306205445350269,1774306205449650571,4300
7291,1774306205451328627,1774306205455485071,4156
7292,1774306205457296152,1774306205461534582,4238
7293,1774306205463327854,1774306205467632297,4304
7294,1774306205469473306,1774306205473958163,4484
7295,1774306205475682028,1774306205479915108,4233
7296,1774306205481793624,1774306205485948782,4155
7297,1774306205487819035,1774306205492133075,4314
7298,1774306205493932802,1774306205497782748,3849
7299,1774306205499577452,1774306205503712494,4135
7300,1774306205505312223,1774306205509625949,4313
7301,1774306205511493868,1774306205515869345,4375
7302,1774306205517514210,1774306205521962134,4447
7303,1774306205523596540,1774306205527921799,4325
7304,1774306205529694129,1774306205534255881,4561
7305,1774306205535851171,1774306205540095142,4243
7306,1774306205541383061,1774306205545692806,4309
7307,1774306205547321694,1774306205550883712,3562
7308,1774306205552255161,1774306205556713914,4458
7309,1774306205558448549,1774306205561637000,3188
7310,1774306205562986468,1774306205566274194,3287
7311,1774306205567820696,1774306205572017846,4197
7312,1774306205573737795,1774306205577213464,3475
7313,1774306205578809118,1774306205582686514,3877
7314,1774306205584475156,1774306205588091517,3616
7315,1774306205589657888,1774306205593860715,4202
7316,1774306205595633725,1774306205600037463,4403
7317,1774306205601995512,1774306205605727555,3732
7318,1774306205607475562,1774306205611920792,4445
7319,1774306205613793042,1774306205618107912,4314
7320,1774306205619863508,1774306205623443705,3580
7321,1774306205625126913,1774306205629407613,4280
7322,1774306205631103172,1774306205634993916,3890
7323,1774306205636772729,1774306205640639492,3866
7324,1774306205642399710,1774306205646989643,4589
7325,1774306205648770901,1774306205652217911,3447
7326,1774306205653800510,1774306205657657400,3856
7327,1774306205659474870,1774306205663025330,3550
7328,1774306205664629891,1774306205669005337,4375
7329,1774306205670722439,1774306205675129297,4406
7330,1774306205676745078,1774306205680947105,4202
7331,1774306205682599250,1774306205685857778,3258
7332,1774306205687500848,1774306205691990772,4489
7333,1774306205693666065,1774306205696903452,3237
7334,1774306205698486937,1774306205702079208,3592
7335,1774306205703629634,1774306205707855972,4226
7336,1774306205709497773,1774306205713493924,3996
7337,1774306205715163764,1774306205719725348,4561
7338,1774306205721415216,1774306205725097047,3681
7339,1774306205726752819,1774306205730960171,4207
7340,1774306205732564357,1774306205736570184,4005
7341,1774306205738371876,1774306205742777389,4405
7342,1774306205744472747,1774306205748680541,4207
7343,1774306205750420484,1774306205754167728,3747
7344,1774306205756101246,1774306205760546812,4445
7345,1774306205762258807,1774306205766518576,4259
7346,1774306205768395658,1774306205772645820,4250
7347,1774306205774315918,1774306205778547065,4231
7348,1774306205780491245,1774306205784427748,3936
7349,1774306205786129581,1774306205790505110,4375
7350,1774306205792442251,1774306205796596453,4154
7351,1774306205798465213,1774306205803028501,4563
7352,1774306205804788295,1774306205809190897,4402
7353,1774306205810711586,1774306205814959415,4247
7354,1774306205816676526,1774306205820198055,3521
7355,1774306205821708353,1774306205824995000,3286
7356,1774306205826636091,1774306205829980292,3344
7357,1774306205831570278,1774306205835928414,4358
7358,1774306205837326977,1774306205841668181,4341
7359,1774306205843427706,1774306205847846929,4419
7360,1774306205849544498,1774306205853121572,3577
7361,1774306205854622418,1774306205858898415,4275
7362,1774306205860518776,1774306205864653543,4134
7363,1774306205866211485,1774306205870008828,3797
7364,1774306205871776102,1774306205875940077,4163
7365,1774306205877548770,1774306205881023381,3474
7366,1774306205882614719,1774306205886114637,3499
7367,1774306205887726361,1774306205891113569,3387
7368,1774306205892797124,1774306205897051572,4254
7369,1774306205898684292,1774306205902811150,4126
7370,1774306205904626696,1774306205908896720,4270
7371,1774306205910639082,1774306205914687721,4048
7372,1774306205916534167,1774306205920933928,4399
7373,1774306205922755699,1774306205926529465,3773
7374,1774306205928327861,1774306205932488170,4160
7375,1774306205934322004,1774306205938592769,4270
7376,1774306205940499851,1774306205944820231,4320
7377,1774306205946455570,1774306205950386389,3930
7378,1774306205952100176,1774306205956707166,4606
7379,1774306205958429163,1774306205962269579,3840
7380,1774306205963818974,1774306205968159648,4340
7381,1774306205969671389,1774306205973976864,4305
7382,1774306205975681583,1774306205979193932,3512
7383,1774306205980930023,1774306205984301684,3371
7384,1774306205985946810,1774306205989735985,3789
7385,1774306205991389524,1774306205995574341,4184
7386,1774306205997256040,1774306206001194798,3938
7387,1774306206002868601,1774306206007190561,4321
7388,1774306206008841765,1774306206013081079,4239
7389,1774306206014932572,1774306206019096856,4164
7390,1774306206020819601,1774306206024364494,3544
7391,1774306206026044822,1774306206030221048,4176
7392,1774306206031829805,1774306206035666082,3836
7393,1774306206037496738,1774306206041172281,3675
7394,1774306206042874313,1774306206046385850,3511
7395,1774306206048244069,1774306206052557306,4313
7396,1774306206054517080,1774306206058149648,3632
7397,1774306206060042990,1774306206063464216,3421
7398,1774306206065131550,1774306206069208536,4076
7399,1774306206070952619,1774306206074718961,3766
7400,1774306206076356966,1774306206080714866,4357
7401,1774306206082480037,1774306206086486556,4006
7402,1774306206088123772,1774306206092352142,4228
7403,1774306206093976850,1774306206097881604,3904
7404,1774306206099362889,1774306206103679737,4316
7405,1774306206104979598,1774306206108373645,3394
7406,1774306206109742065,1774306206112878630,3136
7407,1774306206114448165,1774306206117915056,3466
7408,1774306206119548789,1774306206123547003,3998
7409,1774306206125085085,1774306206128787181,3702
7410,1774306206130339738,1774306206134750473,4410
7411,1774306206136511947,1774306206140652931,4140
7412,1774306206142436835,1774306206146641684,4204
7413,1774306206148568187,1774306206152606694,4038
7414,1774306206154553115,1774306206158900598,4347
7415,1774306206160623809,1774306206164299292,3675
7416,1774306206166128449,1774306206170431719,4303
7417,1774306206172144290,1774306206175946408,3802
7418,1774306206177594554,1774306206181088219,3493
7419,1774306206182715735,1774306206186815881,4100
7420,1774306206188444268,1774306206192027368,3583
7421,1774306206193579581,1774306206198021725,4442
7422,1774306206199726759,1774306206203562646,3835
7423,1774306206205165893,1774306206209008063,3842
7424,1774306206210685421,1774306206214973595,4288
7425,1774306206216616882,1774306206219901849,3284
7426,1774306206221594224,1774306206225062407,3468
7427,1774306206226673484,1774306206230690429,4016
7428,1774306206232280954,1774306206236287450,4006
7429,1774306206237946168,1774306206242133531,4187
7430,1774306206243699278,1774306206247330730,3631
7431,1774306206248582988,1774306206251745813,3162
7432,1774306206253319151,1774306206257212627,3893
7433,1774306206258769845,1774306206262258723,3488
7434,1774306206263845122,1774306206267748709,3903
7435,1774306206269413640,1774306206273373268,3959
7436,1774306206274979769,1774306206278540209,3560
7437,1774306206280195830,1774306206284653991,4458
7438,1774306206286368945,1774306206290565599,4196
7439,1774306206292322273,1774306206296645615,4323
7440,1774306206298380275,1774306206301674542,3294
7441,1774306206303339829,1774306206307613511,4273
7442,1774306206309264924,1774306206313232487,3967
7443,1774306206314867946,1774306206318614814,3746
7444,1774306206320216957,1774306206324560614,4343
7445,1774306206326373391,1774306206329956208,3582
7446,1774306206331598864,1774306206335346780,3747
7447,1774306206337077525,1774306206341341679,4264
7448,1774306206343014704,1774306206346677118,3662
7449,1774306206348429594,1774306206352893024,4463
7450,1774306206354571616,1774306206358783309,4211
7451,1774306206360478203,1774306206364765765,4287
7452,1774306206366496230,1774306206370603161,4106
7453,1774306206372364224,1774306206375987418,3623
7454,1774306206377628072,1774306206380855822,3227
7455,1774306206382500029,1774306206385769114,3269
7456,1774306206387442083,1774306206391821149,4379
7457,1774306206393379689,1774306206397350099,3970
7458,1774306206398997321,1774306206402620690,3623
7459,1774306206404229533,1774306206408557335,4327
7460,1774306206410307866,1774306206413923230,3615
7461,1774306206415606701,1774306206419125795,3519
7462,1774306206421033144,1774306206425013736,3980
7463,1774306206426791541,1774306206431112995,4321
7464,1774306206433024717,1774306206437243235,4218
7465,1774306206439027668,1774306206443200686,4173
7466,1774306206445108653,1774306206449345514,4236
7467,1774306206451021134,1774306206455386405,4365
7468,1774306206457305130,1774306206461487311,4182
7469,1774306206463134898,1774306206467524686,4389
7470,1774306206469368031,1774306206473595271,4227
7471,1774306206475248953,1774306206479288943,4039
7472,1774306206480939848,1774306206484731181,3791
7473,1774306206486624726,1774306206491040018,4415
7474,1774306206492838678,1774306206497339172,4500
7475,1774306206498980128,1774306206503174458,4194
7476,1774306206504946928,1774306206509399170,4452
7477,1774306206510758769,1774306206514987819,4229
7478,1774306206516637928,1774306206520043436,3405
7479,1774306206521572942,1774306206525859419,4286
7480,1774306206527400893,1774306206531027066,3626
7481,1774306206532606706,1774306206536144083,3537
7482,1774306206537750589,1774306206542007759,4257
7483,1774306206543763425,1774306206547612246,3848
7484,1774306206549320443,1774306206553833522,4513
7485,1774306206555623299,1774306206559569273,3945
7486,1774306206561261232,1774306206565300779,4039
7487,1774306206567147723,1774306206571346163,4198
7488,1774306206573117186,1774306206577215321,4098
7489,1774306206578954186,1774306206583209689,4255
7490,1774306206584869286,1774306206588819883,3950
7491,1774306206590561283,1774306206595072908,4511
7492,1774306206596744492,1774306206600351034,3606
7493,1774306206602191957,1774306206606709092,4517
7494,1774306206608460188,1774306206612769345,4309
7495,1774306206614512288,1774306206618909340,4397
7496,1774306206620616354,1774306206625039748,4423
7497,1774306206626626337,1774306206630198753,3572
7498,1774306206631931448,1774306206635807658,3876
7499,1774306206637448488,1774306206641088666,3640
7500,1774306206642719096,1774306206646778371,4059
7501,1774306206648411588,1774306206652478533,4066
7502,1774306206654135614,1774306206658545925,4410
7503,1774306206660136421,1774306206663930152,3793
7504,1774306206665602654,1774306206669113733,3511
7505,1774306206670737961,1774306206674457938,3719
7506,1774306206676184133,1774306206680547983,4363
7507,1774306206682262060,1774306206686439551,4177
7508,1774306206688307565,1774306206692689533,4381
7509,1774306206694331513,1774306206698891552,4560
7510,1774306206700548472,1774306206705044221,4495
7511,1774306206706746528,1774306206711097605,4351
7512,1774306206712771051,1774306206717036619,4265
7513,1774306206718648328,1774306206723168444,4520
7514,1774306206724950166,1774306206729151125,4200
7515,1774306206730956743,1774306206735087280,4130
7516,1774306206736833156,1774306206741110080,4276
7517,1774306206742755107,1774306206746980846,4225
7518,1774306206748793238,1774306206753047694,4254
7519,1774306206754782122,1774306206759136161,4354
7520,1774306206761048969,1774306206765305310,4256
7521,1774306206767083685,1774306206771485702,4402
7522,1774306206773129249,1774306206777192466,4063
7523,1774306206778526601,1774306206781754130,3227
7524,1774306206783360378,1774306206787893163,4532
7525,1774306206789512234,1774306206793752342,4240
7526,1774306206795480768,1774306206799549375,4068
7527,1774306206801115615,1774306206804451134,3335
7528,1774306206806014676,1774306206809240947,3226
7529,1774306206810748128,1774306206814884706,4136
7530,1774306206816507794,1774306206820454630,3946
7531,1774306206822171556,1774306206826542256,4370
7532,1774306206828038183,1774306206831840075,3801
7533,1774306206833445265,1774306206837593928,4148
7534,1774306206839136741,1774306206842809727,3672
7535,1774306206844411928,1774306206848616977,4205
7536,1774306206850386731,1774306206853817089,3430
7537,1774306206855388540,1774306206858979370,3590
7538,1774306206860587746,1774306206864495394,3907
7539,1774306206866048417,1774306206870016149,3967
7540,1774306206871620792,1774306206875797396,4176
7541,1774306206877432182,1774306206881549062,4116
7542,1774306206883170616,1774306206887329882,4159
7543,1774306206889038969,1774306206893232032,4193
7544,1774306206895029974,1774306206899115046,4085
7545,1774306206900876283,1774306206905266905,4390
7546,1774306206906956604,1774306206911332239,4375
7547,1774306206913016782,1774306206917339123,4322
7548,1774306206918926206,1774306206923364601,4438
7549,1774306206925007836,1774306206928321530,3313
7550,1774306206929636762,1774306206933015997,3379
7551,1774306206934386057,1774306206938743261,4357
7552,1774306206940374766,1774306206943958513,3583
7553,1774306206945489426,1774306206949024274,3534
7554,1774306206950646614,1774306206955037406,4390
7555,1774306206957059747,1774306206961612243,4552
7556,1774306206963359581,1774306206967114332,3754
7557,1774306206968851810,1774306206972556418,3704
7558,1774306206974242756,1774306206978389927,4147
7559,1774306206980290106,1774306206984215905,3925
7560,1774306206985939047,1774306206990096331,4157
7561,1774306206991835696,1774306206995644863,3809
7562,1774306206997317491,1774306207002051594,4734
7563,1774306207003787863,1774306207007441554,3653
7564,1774306207009196142,1774306207013108857,3912
7565,1774306207014785690,1774306207018558392,3772
7566,1774306207020466465,1774306207024613236,4146
7567,1774306207026382161,1774306207029999107,3616
7568,1774306207031688177,1774306207035632552,3944
7569,1774306207037526646,1774306207041948031,4421
7570,1774306207043590649,1774306207047522998,3932
7571,1774306207049123394,1774306207053599334,4475
7572,1774306207055231541,1774306207058814067,3582
7573,1774306207060562327,1774306207064888917,4326
7574,1774306207066467189,1774306207070807383,4340
7575,1774306207072231283,1774306207075580245,3348
7576,1774306207077210911,1774306207080724793,3513
7577,1774306207082528494,1774306207086261759,3733
7578,1774306207087867100,1774306207091917248,4050
7579,1774306207093582952,1774306207097177700,3594
7580,1774306207098914069,1774306207103091064,4176
7581,1774306207104746193,1774306207108906531,4160
7582,1774306207110773694,1774306207114454344,3680
7583,1774306207116386790,1774306207120677058,4290
7584,1774306207122479202,1774306207126547104,4067
7585,1774306207128275755,1774306207132044695,3768
7586,1774306207133706258,1774306207138090468,4384
7587,1774306207139871963,1774306207144195618,4323
7588,1774306207146021940,1774306207150360568,4338
7589,1774306207152240238,1774306207156390954,4150
7590,1774306207158117563,1774306207162409887,4292
7591,1774306207164127734,1774306207168365608,4237
7592,1774306207170122662,1774306207174317122,4194
7593,1774306207176026669,1774306207180194171,4167
7594,1774306207181840249,1774306207186326834,4486
7595,1774306207188001645,1774306207191469574,3467
7596,1774306207193120334,1774306207197398879,4278
7597,1774306207198904679,1774306207202162242,3257
7598,1774306207203408751,1774306207206938732,3529
7599,1774306207208469342,1774306207212645489,4176
7600,1774306207214214622,1774306207217878350,3663
7601,1774306207219762833,1774306207223249389,3486
7602,1774306207224993825,1774306207229037115,4043
7603,1774306207231009432,1774306207235375025,4365
7604,1774306207237072773,1774306207240608595,3535
7605,1774306207242188030,1774306207246043824,3855
7606,1774306207247745676,1774306207251798698,4053
7607,1774306207253426521,1774306207257619248,4192
7608,1774306207259334072,1774306207263450071,4115
7609,1774306207265467625,1774306207270047632,4580
7610,1774306207271752726,1774306207275665890,3913
7611,1774306207277338218,1774306207281906885,4568
7612,1774306207283570775,1774306207287560303,3989
7613,1774306207289209032,1774306207293711774,4502
7614,1774306207295460725,1774306207299441598,3980
7615,1774306207301175325,1774306207305701646,4526
7616,1774306207307454319,1774306207311508383,4054
7617,1774306207313299683,1774306207317723814,4424
7618,1774306207319216541,1774306207323291173,4074
7619,1774306207324898514,1774306207328245905,3347
7620,1774306207329929058,1774306207334431782,4502
7621,1774306207336144223,1774306207339904870,3760
7622,1774306207341493877,1774306207345860072,4366
7623,1774306207347632217,1774306207351157693,3525
7624,1774306207352699147,1774306207356888529,4189
7625,1774306207358565722,1774306207362597640,4031
7626,1774306207364393299,1774306207368620075,4226
7627,1774306207370191135,1774306207373495089,3303
7628,1774306207375120537,1774306207379289500,4168
7629,1774306207380909504,1774306207384934443,4024
7630,1774306207386855094,1774306207391010328,4155
7631,1774306207392698529,1774306207396307582,3609
7632,1774306207398016417,1774306207402342680,4326
7633,1774306207404027682,1774306207408417062,4389
7634,1774306207410089849,1774306207414271247,4181
7635,1774306207416038786,1774306207420419402,4380
7636,1774306207422103467,1774306207426392258,4288
7637,1774306207428071020,1774306207432298743,4227
7638,1774306207433920772,1774306207437732398,3811
7639,1774306207439377061,1774306207443823719,4446
7640,1774306207445571028,1774306207449169699,3598
7641,1774306207450998414,1774306207455411289,4412
7642,1774306207457060673,1774306207461556643,4495
7643,1774306207463158767,1774306207467557345,4398
7644,1774306207469001502,1774306207473299432,4297
7645,1774306207474681109,1774306207478953464,4272
7646,1774306207480598514,1774306207483865923,3267
7647,1774306207485338013,1774306207488937616,3599
7648,1774306207490573493,1774306207494404339,3830
7649,1774306207495990732,1774306207499229427,3238
7650,1774306207500773008,1774306207504929679,4156
7651,1774306207506362143,1774306207510361402,3999
7652,1774306207511955813,1774306207516183966,4228
7653,1774306207517895385,1774306207521276956,3381
7654,1774306207522963185,1774306207527199584,4236
7655,1774306207528778800,1774306207532246518,3467
7656,1774306207534145658,1774306207537896497,3750
7657,1774306207539511469,1774306207543080430,3568
7658,1774306207544674771,1774306207548642569,3967
7659,1774306207550403820,1774306207554326287,3922
7660,1774306207556033496,1774306207560206366,4172
7661,1774306207561968186,1774306207566176743,4208
7662,1774306207567847718,1774306207571963359,4115
7663,1774306207573925145,1774306207578107441,4182
7664,1774306207579746677,1774306207583968129,4221
7665,1774306207585747670,1774306207590028392,4280
7666,1774306207591769049,1774306207595983518,4214
7667,1774306207597562643,1774306207601981294,4418
7668,1774306207603616744,1774306207607872589,4255
7669,1774306207609428653,1774306207613756373,4327
7670,1774306207615281008,1774306207618957567,3676
7671,1774306207620425573,1774306207624041176,3615
7672,1774306207625617276,1774306207629078022,3460
7673,1774306207630645139,1774306207634020422,3375
7674,1774306207635680985,1774306207639690645,4009
7675,1774306207641334959,1774306207645235083,3900
7676,1774306207646915392,1774306207651428369,4512
7677,1774306207653205424,1774306207657444289,4238
7678,1774306207659130703,1774306207662675094,3544
7679,1774306207664298736,1774306207667862624,3563
7680,1774306207669551890,1774306207673470972,3919
7681,1774306207675104317,1774306207679324182,4219
7682,1774306207681042504,1774306207685111699,4069
7683,1774306207686987109,1774306207691234274,4247
7684,1774306207692979365,1774306207697214234,4234
7685,1774306207698934174,1774306207703068509,4134
7686,1774306207704665884,1774306207708210794,3544
7687,1774306207709855785,1774306207714266402,4410
7688,1774306207715934401,1774306207719596510,3662
7689,1774306207721300284,1774306207725076500,3776
7690,1774306207726745308,1774306207731167633,4422
7691,1774306207732905064,1774306207736656576,3751
7692,1774306207738263479,1774306207741954064,3690
7693,1774306207743646960,1774306207747960946,4313
7694,1774306207749171816,1774306207753601440,4429
7695,1774306207755241945,1774306207759693945,4452
7696,1774306207761063111,1774306207764694018,3630
7697,1774306207766384085,1774306207770706232,4322
7698,1774306207772323398,1774306207775919536,3596
7699,1774306207777667821,1774306207781020798,3352
7700,1774306207782684230,1774306207786904018,4219
7701,1774306207788509524,1774306207792451024,3941
7702,1774306207794197278,1774306207798604194,4406
7703,1774306207800418238,1774306207804595499,4177
7704,1774306207806391465,1774306207810017079,3625
7705,1774306207811798128,1774306207816107425,4309
7706,1774306207817913342,1774306207821389624,3476
7707,1774306207823102753,1774306207826589109,3486
7708,1774306207828214407,1774306207831975043,3760
7709,1774306207833726759,1774306207837631552,3904
7710,1774306207839250135,1774306207843097021,3846
7711,1774306207844699621,1774306207848081274,3381
7712,1774306207849799404,1774306207854094473,4295
7713,1774306207855834349,1774306207860066129,4231
7714,1774306207861779070,1774306207866066648,4287
7715,1774306207867593305,1774306207871733632,4140
7716,1774306207873334560,1774306207876878798,3544
7717,1774306207878492835,1774306207881831418,3338
7718,1774306207883084740,1774306207886758860,3674
7719,1774306207888420343,1774306207892439131,4018
7720,1774306207894037907,1774306207897903930,3866
7721,1774306207899466103,1774306207903652265,4186
7722,1774306207905396526,1774306207909169528,3773
7723,1774306207910761178,1774306207914150523,3389
7724,1774306207915642999,1774306207920066031,4423
7725,1774306207921778581,1774306207925612701,3834
7726,1774306207927304464,1774306207931743969,4439
7727,1774306207933632154,1774306207937472402,3840
7728,1774306207939159418,1774306207943468271,4308
7729,1774306207945438752,1774306207949569983,4131
7730,1774306207951337998,1774306207955062899,3724
7731,1774306207957003867,1774306207961335871,4332
7732,1774306207963362621,1774306207967094671,3732
7733,1774306207968977738,1774306207973479017,4501
7734,1774306207975367898,1774306207978958439,3590
7735,1774306207980663618,1774306207984896843,4233
7736,1774306207986769899,1774306207990562666,3792
7737,1774306207992276239,1774306207996616203,4339
7738,1774306207998507878,1774306208002419927,3912
7739,1774306208004230434,1774306208008770976,4540
7740,1774306208010520110,1774306208014565647,4045
7741,1774306208016177919,1774306208019664648,3486
7742,1774306208021398972,1774306208024756130,3357
7743,1774306208026366816,1774306208030412080,4045
7744,1774306208032031250,1774306208035833295,3802
7745,1774306208037546953,1774306208041919646,4372
7746,1774306208043627097,1774306208047280731,3653
7747,1774306208049002955,1774306208053510888,4507
7748,1774306208055102901,1774306208059197714,4094
7749,1774306208060944326,1774306208064420244,3475
7750,1774306208066135811,1774306208070367581,4231
7751,1774306208072058374,1774306208075478994,3420
7752,1774306208077110186,1774306208080595778,3485
7753,1774306208082173887,1774306208086298591,4124
7754,1774306208088002581,1774306208091805672,3803
7755,1774306208093581433,1774306208097319289,3737
7756,1774306208099153452,1774306208103410920,4257
7757,1774306208105112527,1774306208108866310,3753
7758,1774306208110611868,1774306208114548662,3936
7759,1774306208116170379,1774306208119773879,3603
7760,1774306208121378161,1774306208125632060,4253
7761,1774306208127417934,1774306208131580304,4162
7762,1774306208133166310,1774306208137657366,4491
7763,1774306208139374934,1774306208143424394,4049
7764,1774306208145177023,1774306208149571410,4394
7765,1774306208151258322,1774306208155360276,4101
7766,1774306208157050594,1774306208160861787,3811
7767,1774306208162492840,1774306208166758659,4265
7768,1774306208168474393,1774306208171824142,3349
7769,1774306208173490976,1774306208177608114,4117
7770,1774306208179221297,1774306208183286284,4064
7771,1774306208185008982,1774306208188330570,3321
7772,1774306208189957015,1774306208194113350,4156
7773,1774306208195986163,1774306208199672498,3686
7774,1774306208201294890,1774306208205517225,4222
7775,1774306208207132415,1774306208211190202,4057
7776,1774306208212785694,1774306208216541014,3755
7777,1774306208218156318,1774306208222508786,4352
7778,1774306208224280102,1774306208228346312,4066
7779,1774306208230039980,1774306208234448760,4408
7780,1774306208236283372,1774306208240356120,4072
7781,1774306208242154682,1774306208246523049,4368
7782,1774306208248373915,1774306208252730235,4356
7783,1774306208254398354,1774306208258534312,4135
7784,1774306208260410524,1774306208264786367,4375
7785,1774306208266451757,1774306208270598213,4146
7786,1774306208272189345,1774306208276472684,4283
7787,1774306208278067898,1774306208281732882,3664
7788,1774306208283319846,1774306208286886074,3566
7789,1774306208288620938,1774306208292346928,3725
7790,1774306208293883944,1774306208297324613,3440
7791,1774306208298897496,1774306208302740782,3843
7792,1774306208304363785,1774306208308043958,3680
7793,1774306208309682085,1774306208314063899,4381
7794,1774306208315745342,1774306208319372159,3626
7795,1774306208321145859,1774306208325528812,4382
7796,1774306208327220522,1774306208331536834,4316
7797,1774306208333364098,1774306208337322554,3958
7798,1774306208339113351,1774306208343460514,4347
7799,1774306208345305001,1774306208349414977,4109
7800,1774306208351121113,1774306208355340426,4219
7801,1774306208357315493,1774306208361997438,4681
7802,1774306208363737224,1774306208367664612,3927
7803,1774306208369476273,1774306208373804609,4328
7804,1774306208375461790,1774306208379594098,4132
7805,1774306208381398046,1774306208385074051,3676
7806,1774306208386742110,1774306208391102579,4360
7807,1774306208393003334,1774306208397023188,4019
7808,1774306208398883016,1774306208403127143,4244
7809,1774306208404994751,1774306208409336588,4341
7810,1774306208411182902,1774306208415522261,4339
7811,1774306208417149065,1774306208421562401,4413
7812,1774306208423156228,1774306208427660896,4504
7813,1774306208429175817,1774306208433865748,4689
7814,1774306208435481720,1774306208439921210,4439
7815,1774306208441292034,1774306208444681436,3389
7816,1774306208446329375,1774306208450635316,4305
7817,1774306208452275091,1774306208456291264,4016
7818,1774306208457986861,1774306208461490825,3503
7819,1774306208463157295,1774306208467030922,3873
7820,1774306208468693268,1774306208472757945,4064
7821,1774306208474497555,1774306208478810490,4312
7822,1774306208480478567,1774306208484509283,4030
7823,1774306208486267603,1774306208490499074,4231
7824,1774306208492414134,1774306208497032941,4618
7825,1774306208498840425,1774306208502738415,3897
7826,1774306208504487849,1774306208508871486,4383
7827,1774306208510507338,1774306208514674404,4167
7828,1774306208516455728,1774306208520767523,4311
7829,1774306208522429493,1774306208526632217,4202
7830,1774306208528289327,1774306208532351351,4062
7831,1774306208534030744,1774306208538164489,4133
7832,1774306208539904829,1774306208544125478,4220
7833,1774306208545775049,1774306208550005441,4230
7834,1774306208551631610,1774306208556027754,4396
7835,1774306208557743552,1774306208561907364,4163
7836,1774306208563436029,1774306208567686992,4250
7837,1774306208569474714,1774306208573874975,4400
7838,1774306208575476281,1774306208578885093,3408
7839,1774306208580411308,1774306208584880162,4468
7840,1774306208586472723,1774306208590145721,3672
7841,1774306208591792547,1774306208596394632,4602
7842,1774306208598188430,1774306208601978577,3790
7843,1774306208603871007,1774306208608216906,4345
7844,1774306208609904424,1774306208614128269,4223
7845,1774306208615971813,1774306208619616690,3644
7846,1774306208621474861,1774306208625859807,4384
7847,1774306208627843304,1774306208631356056,3512
7848,1774306208633076078,1774306208637458380,4382
7849,1774306208639303221,1774306208643025199,3721
7850,1774306208644683361,1774306208649142512,4459
7851,1774306208651032213,1774306208654910683,3878
7852,1774306208656578046,1774306208660781186,4203
7853,1774306208662536327,1774306208666723175,4186
7854,1774306208668445457,1774306208672750445,4304
7855,1774306208674530616,1774306208678612694,4082
7856,1774306208680331417,1774306208684551167,4219
7857,1774306208686249699,1774306208689887043,3637
7858,1774306208691663229,1774306208695149041,3485
7859,1774306208696967834,1774306208700337524,3369
7860,1774306208702204241,1774306208706286894,4082
7861,1774306208707910484,1774306208711162389,3251
7862,1774306208712756095,1774306208715965749,3209
7863,1774306208717484336,1774306208721776583,4292
7864,1774306208723465347,1774306208727066695,3601
7865,1774306208728751710,1774306208732282406,3530
7866,1774306208734029583,1774306208737817828,3788
7867,1774306208739373358,1774306208743372605,3999
7868,1774306208745009269,1774306208748342812,3333
7869,1774306208749986643,1774306208754318942,4332
7870,1774306208755939203,1774306208759784037,3844
7871,1774306208761571075,1774306208766030612,4459
7872,1774306208767697971,1774306208771682393,3984
7873,1774306208773640712,1774306208778025082,4384
7874,1774306208779673245,1774306208783726123,4052
7875,1774306208785711366,1774306208789938124,4226
7876,1774306208791695955,1774306208795620125,3924
7877,1774306208797595054,1774306208802078403,4483
7878,1774306208803966448,1774306208808027407,4060
7879,1774306208809770539,1774306208814389720,4619
7880,1774306208816470412,1774306208820694802,4224
7881,1774306208822512338,1774306208826760241,4247
7882,1774306208828465593,1774306208832793669,4328
7883,1774306208834479602,1774306208838714864,4235
7884,1774306208840410518,1774306208844899402,4488
7885,1774306208846545889,1774306208850826570,4280
7886,1774306208852098800,1774306208856095574,3996
7887,1774306208857464530,1774306208860893328,3428
7888,1774306208862469377,1774306208866436353,3966
7889,1774306208868037598,1774306208871751650,3714
7890,1774306208873375659,1774306208877285522,3909
7891,1774306208879048421,1774306208883394164,4345
7892,1774306208885034133,1774306208888916123,3881
7893,1774306208890869122,1774306208895065600,4196
7894,1774306208896903432,1774306208900798503,3895
7895,1774306208902734526,1774306208907039937,4305
7896,1774306208908710247,1774306208912834963,4124
7897,1774306208914777647,1774306208918436638,3658
7898,1774306208920141270,1774306208924482004,4340
7899,1774306208926328476,1774306208930581482,4253
7900,1774306208932335819,1774306208936031849,3696
7901,1774306208937842802,1774306208942076186,4233
7902,1774306208943736516,1774306208947949715,4213
7903,1774306208949662426,1774306208953995464,4333
7904,1774306208955683576,1774306208959953606,4270
7905,1774306208961631791,1774306208965961172,4329
7906,1774306208967707138,1774306208971551274,3844
7907,1774306208973466834,1774306208978008477,4541
7908,1774306208979721935,1774306208983396119,3674
7909,1774306208985012624,1774306208988382525,3369
7910,1774306208990127062,1774306208993753235,3626
7911,1774306208995365141,1774306208999526819,4161
7912,1774306209001082445,1774306209004429957,3347
7913,1774306209006166071,1774306209010613092,4447
7914,1774306209012299351,1774306209016835523,4536
7915,1774306209018508417,1774306209022924401,4415
7916,1774306209024665949,1774306209029079606,4413
7917,1774306209030931512,1774306209035457130,4525
7918,1774306209037193189,1774306209041545830,4352
7919,1774306209043502574,1774306209047690328,4187
7920,1774306209049544190,1774306209053926970,4382
7921,1774306209055853127,1774306209059961314,4108
7922,1774306209061561015,1774306209065984320,4423
7923,1774306209067761637,1774306209072081937,4320
7924,1774306209073846270,1774306209077318814,3472
7925,1774306209079031501,1774306209082497068,3465
7926,1774306209084373676,1774306209088749860,4376
7927,1774306209090401494,1774306209094172242,3770
7928,1774306209096021163,1774306209100294278,4273
7929,1774306209102095902,1774306209105852541,3756
7930,1774306209107496633,1774306209111756827,4260
7931,1774306209113525899,1774306209117570301,4044
7932,1774306209119288752,1774306209123467391,4178
7933,1774306209125208267,1774306209129246428,4038
7934,1774306209130825705,1774306209135264525,4438
7935,1774306209136925600,1774306209141080390,4154
7936,1774306209142712206,1774306209147038005,4325
7937,1774306209148655062,1774306209152556979,3901
7938,1774306209154164062,1774306209158318689,4154
7939,1774306209160145747,1774306209164455417,4309
7940,1774306209166097453,1774306209170505381,4407
7941,1774306209172416029,1774306209176597060,4181
7942,1774306209178403048,1774306209182807840,4404
7943,1774306209184787978,1774306209189049232,4261
7944,1774306209190946982,1774306209195094879,4147
7945,1774306209196739368,1774306209200904927,4165
7946,1774306209203023236,1774306209207261012,4237
7947,1774306209208943075,1774306209213089185,4146
7948,1774306209215203376,1774306209219440775,4237
7949,1774306209221386807,1774306209225711580,4324
7950,1774306209227578311,1774306209232111931,4533
7951,1774306209233777800,1774306209237988130,4210
7952,1774306209239647454,1774306209243763929,4116
7953,1774306209245389752,1774306209249690713,4300
7954,1774306209251418593,1774306209255617082,4198
7955,1774306209257088513,1774306209261085173,3996
7956,1774306209262756060,1774306209266202024,3445
7957,1774306209267896949,1774306209272481159,4584
7958,1774306209274266181,1774306209278546952,4280
7959,1774306209280058723,1774306209284597516,4538
7960,1774306209286093433,1774306209290533732,4440
7961,1774306209292099754,1774306209296405993,4306
7962,1774306209298268681,1774306209302039177,3770
7963,1774306209303778379,1774306209308176381,4398
7964,1774306209309846779,1774306209313672032,3825
7965,1774306209315320594,1774306209319467813,4147
7966,1774306209321312980,1774306209325203128,3890
7967,1774306209326854186,1774306209330795540,3941
7968,1774306209332436702,1774306209336706669,4269
7969,1774306209338336998,1774306209342481187,4144
7970,1774306209344107907,1774306209348090650,3982
7971,1774306209349753184,1774306209354008956,4255
7972,1774306209355658659,1774306209359992325,4333
7973,1774306209361698966,1774306209366181049,4482
7974,1774306209367899443,1774306209372222382,4322
7975,1774306209373958881,1774306209378359298,4400
7976,1774306209380131470,1774306209383972831,3841
7977,1774306209385589641,1774306209390010970,4421
7978,1774306209391694173,1774306209395577152,3882
7979,1774306209397210248,1774306209401757975,4547
7980,1774306209403458802,1774306209407499730,4040
7981,1774306209409152808,1774306209412530381,3377
7982,1774306209414126189,1774306209418622514,4496
7983,1774306209420506607,1774306209424103621,3597
7984,1774306209425731468,1774306209429165695,3434
7985,1774306209430796602,1774306209434250600,3453
7986,1774306209435869020,1774306209440001714,4132
7987,1774306209441689957,1774306209446072327,4382
7988,1774306209447680066,1774306209451577743,3897
7989,1774306209453217024,1774306209457530669,4313
7990,1774306209459357946,1774306209463726831,4368
7991,1774306209465368974,1774306209469529581,4160
7992,1774306209471428848,1774306209475893174,4464
7993,1774306209477651102,1774306209481958381,4307
7994,1774306209483600368,1774306209487806812,4206
7995,1774306209489453066,1774306209493748828,4295
7996,1774306209495380188,1774306209499541255,4161
7997,1774306209501406213,1774306209505663571,4257
7998,1774306209507310569,1774306209511609406,4298
7999,1774306209513423778,1774306209517887456,4463
8000,1774306209519778551,1774306209523331182,3552
8001,1774306209525035563,1774306209528590141,3554
8002,1774306209530074768,1774306209533784379,3709
8003,1774306209535503809,1774306209538983644,3479
8004,1774306209540618806,1774306209544888795,4269
8005,1774306209546329739,1774306209549540706,3210
8006,1774306209551200058,1774306209554654936,3454
8007,1774306209556260420,1774306209560315635,4055
8008,1774306209562028380,1774306209566373782,4345
8009,1774306209568060614,1774306209571579234,3518
8010,1774306209573479061,1774306209577757588,4278
8011,1774306209579605612,1774306209583085692,3480
8012,1774306209584779668,1774306209588985363,4205
8013,1774306209590797420,1774306209594593285,3795
8014,1774306209596453195,1774306209600468704,4015
8015,1774306209602221336,1774306209606214794,3993
8016,1774306209608168808,1774306209612672751,4503
8017,1774306209614333895,1774306209618815245,4481
8018,1774306209620673022,1774306209624828868,4155
8019,1774306209626764567,1774306209630819761,4055
8020,1774306209632658569,1774306209636919545,4260
8021,1774306209638989742,1774306209642710318,3720
8022,1774306209644388547,1774306209648745423,4356
8023,1774306209650684964,1774306209654634372,3949
8024,1774306209656324777,1774306209660884089,4559
8025,1774306209662549764,1774306209666775543,4225
8026,1774306209668386837,1774306209672988330,4601
8027,1774306209674527563,1774306209678058499,3530
8028,1774306209679666924,1774306209683168394,3501
8029,1774306209684712996,1774306209688511368,3798
8030,1774306209690052606,1774306209693235004,3182
8031,1774306209694758174,1774306209699054898,4296
8032,1774306209700908616,1774306209704270615,3361
8033,1774306209705891919,1774306209709931242,4039
8034,1774306209711782544,1774306209715142112,3359
8035,1774306209716840776,1774306209721112942,4272
8036,1774306209722875797,1774306209726747941,3872
8037,1774306209728353508,1774306209731996695,3643
8038,1774306209733607825,1774306209737179871,3572
8039,1774306209738808716,1774306209743033200,4224
8040,1774306209744623605,1774306209748130226,3506
8041,1774306209749735207,1774306209753896236,4161
8042,1774306209755538424,1774306209759738528,4200
8043,1774306209761593058,1774306209765286194,3693
8044,1774306209766964326,1774306209771420174,4455
8045,1774306209773317477,1774306209777528520,4211
8046,1774306209779363042,1774306209783683223,4320
8047,1774306209785520629,1774306209789242761,3722
8048,1774306209791177077,1774306209795070486,3893
8049,1774306209796903740,1774306209800329301,3425
8050,1774306209801993148,1774306209805798450,3805
8051,1774306209807471554,1774306209810778765,3307
8052,1774306209812452121,1774306209815876254,3424
8053,1774306209817440883,1774306209821733843,4292
8054,1774306209823333138,1774306209827604433,4271
8055,1774306209829134114,1774306209832854578,3720
8056,1774306209834488859,1774306209838606165,4117
8057,1774306209840272329,1774306209844599609,4327
8058,1774306209846422890,1774306209850582936,4160
8059,1774306209852308763,1774306209856566545,4257
8060,1774306209858400569,1774306209862102742,3702
8061,1774306209863837527,1774306209868104987,4267
8062,1774306209869777498,1774306209873954060,4176
8063,1774306209875557052,1774306209879741851,4184
8064,1774306209881517738,1774306209885440769,3923
8065,1774306209887244856,1774306209891540886,4296
8066,1774306209893215557,1774306209897577100,4361
8067,1774306209899347513,1774306209903560044,4212
8068,1774306209905327978,1774306209909021976,3693
8069,1774306209910630627,1774306209914252368,3621
8070,1774306209916054807,1774306209920301935,4247
8071,1774306209921936526,1774306209925479386,3542
8072,1774306209927150056,1774306209931584983,4434
8073,1774306209933382539,1774306209937897209,4514
8074,1774306209939520395,1774306209942887397,3367
8075,1774306209944543768,1774306209948529496,3985
8076,1774306209950204171,1774306209953891949,3687
8077,1774306209955432923,1774306209958495276,3062
8078,1774306209960107013,1774306209963526843,3419
8079,1774306209965195205,1774306209968936838,3741
8080,1774306209970542297,1774306209974291124,3748
8081,1774306209975968657,1774306209980138415,4169
8082,1774306209981807767,1774306209985347817,3540
8083,1774306209987101676,1774306209991629558,4527
8084,1774306209993305857,1774306209997092849,3786
8085,1774306209998889098,1774306210003127288,4238
8086,1774306210004984149,1774306210009387743,4403
8087,1774306210011212818,1774306210015438055,4225
8088,1774306210017264249,1774306210021844761,4580
8089,1774306210023910465,1774306210028077060,4166
8090,1774306210029980359,1774306210034168571,4188
8091,1774306210035852887,1774306210040019827,4166
8092,1774306210041799301,1774306210046603244,4803
8093,1774306210048537033,1774306210052674182,4137
8094,1774306210054461427,1774306210058580510,4119
8095,1774306210060467764,1774306210064926011,4458
8096,1774306210066563766,1774306210070519384,3955
8097,1774306210072139270,1774306210076629890,4490
8098,1774306210078395078,1774306210082448913,4053
8099,1774306210084075811,1774306210087279848,3204
8100,1774306210088795078,1774306210092152121,3357
8101,1774306210093971572,1774306210097693261,3721
8102,1774306210099154188,1774306210103590714,4436
8103,1774306210105118639,1774306210108489800,3371
8104,1774306210110020939,1774306210114438255,4417
8105,1774306210116115710,1774306210119942488,3826
8106,1774306210121555648,1774306210125619663,4064
8107,1774306210127239034,1774306210130974155,3735
8108,1774306210132716553,1774306210136409312,3692
8109,1774306210138322520,1774306210142559154,4236
8110,1774306210144354660,1774306210148501500,4146
8111,1774306210150330292,1774306210154563204,4232
8112,1774306210156309311,1774306210160123023,3813
8113,1774306210161860025,1774306210165398723,3538
8114,1774306210167092208,1774306210170814686,3722
8115,1774306210172458817,1774306210176305265,3846
8116,1774306210177926175,1774306210182058794,4132
8117,1774306210183673856,1774306210187200584,3526
8118,1774306210188972412,1774306210192458086,3485
8119,1774306210194120740,1774306210198369692,4248
8120,1774306210200059063,1774306210203776381,3717
8121,1774306210205382244,1774306210209768461,4386
8122,1774306210211376572,1774306210215364325,3987
8123,1774306210216976184,1774306210221173477,4197
8124,1774306210222828744,1774306210226714320,3885
8125,1774306210228146334,1774306210231759093,3612
8126,1774306210233371594,1774306210237346005,3974
8127,1774306210238893410,1774306210242030376,3136
8128,1774306210243691682,1774306210247968189,4276
8129,1774306210249563505,1774306210253017939,3454
8130,1774306210254773506,1774306210258948857,4175
8131,1774306210260592627,1774306210264175268,3582
8132,1774306210265835702,1774306210269309707,3474
8133,1774306210271093784,1774306210275320787,4227
8134,1774306210277148117,1774306210281201175,4053
8135,1774306210282927929,1774306210287231457,4303
8136,1774306210288939771,1774306210292678266,3738
8137,1774306210294314514,1774306210298555258,4240
8138,1774306210300472098,1774306210304781351,4309
8139,1774306210306452263,1774306210310583290,4131
8140,1774306210312258765,1774306210316549559,4290
8141,1774306210318168237,1774306210322329198,4160
8142,1774306210323917439,1774306210327968497,4051
8143,1774306210329614549,1774306210333850991,4236
8144,1774306210335553374,1774306210339135057,3581
8145,1774306210340893827,1774306210345273827,4380
8146,1774306210346946003,1774306210350584757,3638
8147,1774306210352114384,1774306210355589301,3474
8148,1774306210357110861,1774306210360421661,3310
8149,1774306210362037360,1774306210365385545,3348
8150,1774306210367154039,1774306210370664709,3510
8151,1774306210372287952,1774306210376613208,4325
8152,1774306210378246735,1774306210382072088,3825
8153,1774306210383828843,1774306210387667131,3838
8154,1774306210389269293,1774306210392906891,3637
8155,1774306210394565270,1774306210398811689,4246
8156,1774306210400409160,1774306210404765640,4356
8157,1774306210406487377,1774306210410930294,4442
8158,1774306210412602154,1774306210416520699,3918
8159,1774306210418319915,1774306210422631864,4311
8160,1774306210424296210,1774306210428326134,4029
8161,1774306210430088049,1774306210434395710,4307
8162,1774306210436141331,1774306210440568394,4427
8163,1774306210442267848,1774306210446530017,4262
8164,1774306210448214848,1774306210452277486,4062
8165,1774306210454149576,1774306210458654470,4504
8166,1774306210460376731,1774306210464556980,4180
8167,1774306210466512770,1774306210470952828,4440
8168,1774306210472707343,1774306210476843725,4136
8169,1774306210478510964,1774306210482830362,4319
8170,1774306210484436990,1774306210488242537,3805
8171,1774306210489891995,1774306210493278535,3386
8172,1774306210495027080,1774306210499039380,4012
8173,1774306210500434289,1774306210503744963,3310
8174,1774306210505447498,1774306210509468276,4020
8175,1774306210511063593,1774306210514422323,3358
8176,1774306210516001012,1774306210520442627,4441
8177,1774306210522168784,1774306210526435664,4266
8178,1774306210528078634,1774306210531884067,3805
8179,1774306210533563098,1774306210537853815,4290
8180,1774306210539600049,1774306210543263373,3663
8181,1774306210544993669,1774306210549590810,4597
8182,1774306210551365535,1774306210555800196,4434
8183,1774306210557790589,1774306210561389040,3598
8184,1774306210563254101,1774306210567585762,4331
8185,1774306210569594024,1774306210573104777,3510
8186,1774306210574982514,1774306210579195637,4213
8187,1774306210581078309,1774306210585289813,4211
8188,1774306210587301205,1774306210591002918,3701
8189,1774306210592663207,1774306210597009026,4345
8190,1774306210599021847,1774306210603444673,4422
8191,1774306210605479655,1774306210609938396,4458
8192,1774306210611788786,1774306210616235928,4447
8193,1774306210618034830,1774306210622424220,4389
8194,1774306210624044282,1774306210628180069,4135
8195,1774306210629895525,1774306210634320901,4425
8196,1774306210636036839,1774306210640143416,4106
8197,1774306210641716594,1774306210646156231,4439
8198,1774306210647768258,1774306210652019699,4251
8199,1774306210653638818,1774306210657860508,4221
8200,1774306210659572030,1774306210663620647,4048
8201,1774306210665322756,1774306210669759518,4436
8202,1774306210671560508,1774306210675936820,4376
8203,1774306210677960795,1774306210682086450,4125
8204,1774306210683943149,1774306210688132633,4189
8205,1774306210690044977,1774306210694257737,4212
8206,1774306210696006652,1774306210700110662,4104
8207,1774306210701839858,1774306210705952332,4112
8208,1774306210707967082,1774306210712103247,4136
8209,1774306210713771564,1774306210717478030,3706
8210,1774306210719198400,1774306210723587528,4389
8211,1774306210725276071,1774306210729016813,3740
8212,1774306210730646560,1774306210734278955,3632
8213,1774306210735982509,1774306210740240268,4257
8214,1774306210742015338,1774306210745884570,3869
8215,1774306210747552139,1774306210751819038,4266
8216,1774306210753583653,1774306210757564610,3980
8217,1774306210759110585,1774306210763642695,4532
8218,1774306210765352707,1774306210769309365,3956
8219,1774306210771027861,1774306210775485661,4457
8220,1774306210777147015,1774306210781360945,4213
8221,1774306210783025811,1774306210787214377,4188
8222,1774306210788866499,1774306210792283878,3417
8223,1774306210793959385,1774306210798258265,4298
8224,1774306210799937720,1774306210803776542,3838
8225,1774306210805430904,1774306210809601454,4170
8226,1774306210811314228,1774306210815821939,4507
8227,1774306210817627955,1774306210821368693,3740
8228,1774306210823073763,1774306210826761423,3687
8229,1774306210828647913,1774306210833059310,4411
8230,1774306210834745342,1774306210838185474,3440
8231,1774306210840149666,1774306210844684847,4535
8232,1774306210846410858,1774306210850507434,4096
8233,1774306210852521294,1774306210856185225,3663
8234,1774306210857926358,1774306210862067209,4140
8235,1774306210863667008,1774306210867154389,3487
8236,1774306210868720776,1774306210872964273,4243
8237,1774306210874475881,1774306210878049473,3573
8238,1774306210879706379,1774306210883369381,3663
8239,1774306210884984625,1774306210888791963,3807
8240,1774306210890477406,1774306210894482863,4005
8241,1774306210896116838,1774306210900700436,4583
8242,1774306210902458157,1774306210906093770,3635
8243,1774306210907744059,1774306210910999308,3255
8244,1774306210912625952,1774306210916150816,3524
8245,1774306210917787418,1774306210921844350,4056
8246,1774306210923437923,1774306210926909737,3471
8247,1774306210928693261,1774306210932933719,4240
8248,1774306210934637806,1774306210938547843,3910
8249,1774306210940463522,1774306210945003757,4540
8250,1774306210946695532,1774306210950196611,3501
8251,1774306210952091680,1774306210956471033,4379
8252,1774306210958331422,1774306210962749973,4418
8253,1774306210964481405,1774306210968646029,4164
8254,1774306210970577080,1774306210975066426,4489
8255,1774306210976806258,1774306210981086659,4280
8256,1774306210982727784,1774306210987065760,4337
8257,1774306210988742380,1774306210992932005,4189
8258,1774306210994537615,1774306210998590660,4053
8259,1774306211000528339,1774306211004688638,4160
8260,1774306211006583255,1774306211010268593,3685
8261,1774306211012015249,1774306211016272254,4257
8262,1774306211018214865,1774306211022463838,4248
8263,1774306211024376846,1774306211028757731,4380
8264,1774306211030399410,1774306211034507858,4108
8265,1774306211036083304,1774306211040575313,4492
8266,1774306211042342086,1774306211046367656,4025
8267,1774306211047976467,1774306211052288987,4312
8268,1774306211053985912,1774306211057500190,3514
8269,1774306211059194779,1774306211062948765,3753
8270,1774306211064489008,1774306211067934290,3445
8271,1774306211069439218,1774306211073069367,3630
8272,1774306211074668097,1774306211078668138,4000
8273,1774306211080222511,1774306211084256704,4034
8274,1774306211085925904,1774306211090023666,4097
8275,1774306211091725012,1774306211095851098,4126
8276,1774306211097492258,1774306211101485922,3993
8277,1774306211103167457,1774306211107574299,4406
8278,1774306211109407646,1774306211113659092,4251
8279,1774306211115343229,1774306211119902337,4559
8280,1774306211121569545,1774306211125778794,4209
8281,1774306211127510177,1774306211132117587,4607
8282,1774306211133786729,1774306211137746076,3959
8283,1774306211139512695,1774306211143328816,3816
8284,1774306211145319723,1774306211149785423,4465
8285,1774306211151489657,1774306211155231152,3741
8286,1774306211157120983,1774306211161452253,4331
8287,1774306211163328262,1774306211167690687,4362
8288,1774306211169368964,1774306211173624811,4255
8289,1774306211175248404,1774306211179206920,3958
8290,1774306211180904693,1774306211184278001,3373
8291,1774306211185871662,1774306211190235988,4364
8292,1774306211191925199,1774306211195355923,3430
8293,1774306211196869160,1774306211200596213,3727
8294,1774306211202241867,1774306211205586317,3344
8295,1774306211207262362,1774306211211577415,4315
8296,1774306211213171024,1774306211216878962,3707
8297,1774306211218553250,1774306211222021138,3467
8298,1774306211223901541,1774306211228162304,4260
8299,1774306211230037440,1774306211233554664,3517
8300,1774306211235202862,1774306211239533805,4330
8301,1774306211241158365,1774306211244838368,3680
8302,1774306211246627743,1774306211250846481,4218
8303,1774306211252495269,1774306211256090211,3594
8304,1774306211257791657,1774306211262166472,4374
8305,1774306211263916732,1774306211267714916,3798
8306,1774306211269365062,1774306211273190856,3825
8307,1774306211274917302,1774306211279391950,4474
8308,1774306211281421338,1774306211285373592,3952
8309,1774306211287231039,1774306211291624292,4393
8310,1774306211293285561,1774306211297126160,3840
8311,1774306211298958955,1774306211303222404,4263
8312,1774306211304612829,1774306211308577773,3964
8313,1774306211329236951,1774306211333467602,4230
8314,1774306211335283971,1774306211339883971,4600
8315,1774306211341515852,1774306211345160152,3644
8316,1774306211346834060,1774306211350365778,3531
8317,1774306211351928261,1774306211356138964,4210
8318,1774306211357789376,1774306211360953865,3164
8319,1774306211362501175,1774306211365974415,3473
8320,1774306211367517257,1774306211371447037,3929
8321,1774306211373014520,1774306211376943646,3929
8322,1774306211378587096,1774306211382117000,3529
8323,1774306211383938906,1774306211388296329,4357
8324,1774306211390016698,1774306211394411423,4394
8325,1774306211396281520,1774306211400745560,4464
8326,1774306211402401706,1774306211406660555,4258
8327,1774306211408320951,1774306211412810757,4489
8328,1774306211414557115,1774306211418199684,3642
8329,1774306211419909267,1774306211423432700,3523
8330,1774306211425242514,1774306211429421348,4178
8331,1774306211431120521,1774306211434818506,3697
8332,1774306211436694618,1774306211440954801,4260
8333,1774306211442825365,1774306211446673347,3847
8334,1774306211448534032,1774306211452870511,4336
8335,1774306211454609357,1774306211458612568,4003
8336,1774306211460285430,1774306211464818939,4533
8337,1774306211466535074,1774306211471062457,4527
8338,1774306211472823555,1774306211477006485,4182
8339,1774306211478741797,1774306211481904241,3162
8340,1774306211483649170,1774306211487168134,3518
8341,1774306211488752179,1774306211492063134,3310
8342,1774306211493612204,1774306211498171220,4559
8343,1774306211499786795,1774306211504199620,4412
8344,1774306211506007330,1774306211510241359,4234
8345,1774306211512175368,1774306211516533007,4357
8346,1774306211518385310,1774306211522459913,4074
8347,1774306211524175115,1774306211528525500,4350
8348,1774306211530257422,1774306211534671887,4414
8349,1774306211536363922,1774306211539928645,3564
8350,1774306211541755228,1774306211545914915,4159
8351,1774306211547558506,1774306211551374913,3816
8352,1774306211553065621,1774306211557499068,4433
8353,1774306211559204916,1774306211563439299,4234
8354,1774306211565270814,1774306211569590662,4319
8355,1774306211571231753,1774306211575436345,4204
8356,1774306211577106176,1774306211581320801,4214
8357,1774306211583001083,1774306211587282906,4281
8358,1774306211589014969,1774306211592559845,3544
8359,1774306211594550576,1774306211598738570,4187
8360,1774306211600460930,1774306211604059364,3598
8361,1774306211605756541,1774306211609998985,4242
8362,1774306211611711638,1774306211616311075,4599
8363,1774306211617926613,1774306211621365772,3439
8364,1774306211623028490,1774306211626596814,3568
8365,1774306211628264982,1774306211631667806,3402
8366,1774306211633371726,1774306211637104504,3732
8367,1774306211638689952,1774306211642131734,3441
8368,1774306211643675360,1774306211648058131,4382
8369,1774306211649689140,1774306211653638000,3948
8370,1774306211655306674,1774306211659525366,4218
8371,1774306211661169019,1774306211665178732,4009
8372,1774306211667027291,1774306211671182148,4154
8373,1774306211673130691,1774306211677142859,4012
8374,1774306211678895859,1774306211683564613,4668
8375,1774306211685383631,1774306211689822475,4438
8376,1774306211691480784,1774306211695019780,3538
8377,1774306211696615247,1774306211700977612,4362
8378,1774306211702754168,1774306211706620718,3866
8379,1774306211708239997,1774306211712512169,4272
8380,1774306211714128552,1774306211718098681,3970
8381,1774306211719817701,1774306211723150769,3333
8382,1774306211724892309,1774306211729028807,4136
8383,1774306211730667729,1774306211734893838,4226
8384,1774306211736530568,1774306211740081276,3550
8385,1774306211741723512,1774306211746037971,4314
8386,1774306211747631981,1774306211751620220,3988
8387,1774306211753461262,1774306211757845336,4384
8388,1774306211759513334,1774306211762823503,3310
8389,1774306211764479985,1774306211768782555,4302
8390,1774306211770487905,1774306211774189931,3702
8391,1774306211775888549,1774306211779267123,3378
8392,1774306211780900095,1774306211784861077,3960
8393,1774306211786402537,1774306211789943258,3540
8394,1774306211791541434,1774306211795695552,4154
8395,1774306211797396980,1774306211801524127,4127
8396,1774306211803098790,1774306211807256456,4157
8397,1774306211809049038,1774306211813167327,4118
8398,1774306211814932108,1774306211819144690,4212
8399,1774306211820986930,1774306211824428657,3441
8400,1774306211826163587,1774306211830519580,4355
8401,1774306211832246080,1774306211836146878,3900
8402,1774306211838180765,1774306211842494103,4313
8403,1774306211844153591,1774306211847965173,3811
8404,1774306211849620492,1774306211853204605,3584
8405,1774306211854854467,1774306211858677803,3823
8406,1774306211860378504,1774306211864753955,4375
8407,1774306211866055913,1774306211870633767,4577
8408,1774306211872123123,1774306211876408699,4285
8409,1774306211878039550,1774306211882342284,4302
8410,1774306211883454540,1774306211886650702,3196
8411,1774306211888017845,1774306211892276434,4258
8412,1774306211893835840,1774306211897514114,3678
8413,1774306211898794485,1774306211902105532,3311
8414,1774306211903704664,1774306211908009230,4304
8415,1774306211909617165,1774306211912926930,3309
8416,1774306211914564997,1774306211918783336,4218
8417,1774306211920436828,1774306211923942911,3506
8418,1774306211925596387,1774306211929781479,4185
8419,1774306211931482050,1774306211935057481,3575
8420,1774306211936595882,1774306211940216419,3620
8421,1774306211941834352,1774306211945793536,3959
8422,1774306211947499757,1774306211951491510,3991
8423,1774306211953312953,1774306211957538250,4225
8424,1774306211959416952,1774306211963551364,4134
8425,1774306211965248763,1774306211969574616,4325
8426,1774306211971511095,1774306211975613837,4102
8427,1774306211977332346,1774306211981565592,4233
8428,1774306211983444119,1774306211987094011,3649
8429,1774306211988757713,1774306211993037132,4279
8430,1774306211994570658,1774306211998182570,3611
8431,1774306211999944614,1774306212004164997,4220
8432,1774306212006160008,1774306212009873058,3713
8433,1774306212011466502,1774306212014844071,3377
8434,1774306212016447510,1774306212019915460,3467
8435,1774306212021581329,1774306212024807027,3225
8436,1774306212026479428,1774306212030841036,4361
8437,1774306212032438669,1774306212036008603,3569
8438,1774306212037679789,1774306212042171581,4491
8439,1774306212043936682,1774306212047753680,3816
8440,1774306212049366552,1774306212053552503,4185
8441,1774306212055161481,1774306212058918322,3756
8442,1774306212060614991,1774306212064875212,4260
8443,1774306212066563588,1774306212070193618,3630
8444,1774306212072052343,1774306212076278339,4225
8445,1774306212077923374,1774306212081421732,3498
8446,1774306212083078101,1774306212087704276,4626
8447,1774306212089339378,1774306212093148488,3809
8448,1774306212094862470,1774306212098477328,3614
8449,1774306212100178886,1774306212104572733,4393
8450,1774306212106344078,1774306212110155868,3811
8451,1774306212111848268,1774306212116106153,4257
8452,1774306212117746674,1774306212121334183,3587
8453,1774306212123026109,1774306212127410374,4384
8454,1774306212129071016,1774306212132881316,3810
8455,1774306212134547117,1774306212138990212,4443
8456,1774306212140770823,1774306212144522405,3751
8457,1774306212146435342,1774306212150977752,4542
8458,1774306212152651738,1774306212157203095,4551
8459,1774306212158939306,1774306212162424743,3485
8460,1774306212163808151,1774306212168211388,4403
8461,1774306212169673360,1774306212173732442,4059
8462,1774306212175235910,1774306212179639285,4403
8463,1774306212181308817,1774306212185662074,4353
8464,1774306212187166218,1774306212191035386,3869
8465,1774306212192775914,1774306212197038182,4262
8466,1774306212198788639,1774306212202144244,3355
8467,1774306212203768083,1774306212207315826,3547
8468,1774306212208977166,1774306212212385518,3408
8469,1774306212214074226,1774306212217653640,3579
8470,1774306212219296521,1774306212223640264,4343
8471,1774306212225285559,1774306212229040165,3754
8472,1774306212230887688,1774306212235267731,4380
8473,1774306212237013448,1774306212240925693,3912
8474,1774306212242583294,1774306212246890746,4307
8475,1774306212248785323,1774306212252320352,3535
8476,1774306212254323787,1774306212258590063,4266
8477,1774306212260261982,1774306212264035656,3773
8478,1774306212265965947,1774306212270438394,4472
8479,1774306212272137388,1774306212275807121,3669
8480,1774306212277472725,1774306212281210374,3737
8481,1774306212282939692,1774306212287152855,4213
8482,1774306212289014447,1774306212292426287,3411
8483,1774306212294013117,1774306212298362994,4349
8484,1774306212299775756,1774306212303219326,3443
8485,1774306212304300579,1774306212307600273,3299
8486,1774306212309327733,1774306212312403414,3075
8487,1774306212313887017,1774306212317420215,3533
8488,1774306212319033526,1774306212323324943,4291
8489,1774306212324980621,1774306212328381530,3400
8490,1774306212329953776,1774306212334097727,4143
8491,1774306212335690543,1774306212339618433,3927
8492,1774306212341320684,1774306212345039154,3718
8493,1774306212346675618,1774306212350211818,3536
8494,1774306212351958144,1774306212356150624,4192
8495,1774306212357842588,1774306212361954960,4112
8496,1774306212363797926,1774306212367921462,4123
8497,1774306212369569527,1774306212373785471,4215
8498,1774306212375820236,1774306212380018740,4198
8499,1774306212381727781,1774306212385953436,4225
8500,1774306212387654011,1774306212391963146,4309
8501,1774306212393737361,1774306212397864321,4126
8502,1774306212399578901,1774306212404052703,4473
8503,1774306212405758565,1774306212410095418,4336
8504,1774306212412039729,1774306212415817812,3778
8505,1774306212417485305,1774306212421916047,4430
8506,1774306212423531094,1774306212427748306,4217
8507,1774306212429453920,1774306212433711997,4258
8508,1774306212435433972,1774306212439104044,3670
8509,1774306212440596710,1774306212444072745,3476
8510,1774306212445701636,1774306212448858631,3156
8511,1774306212450592211,1774306212453960127,3367
8512,1774306212455539994,1774306212459173137,3633
8513,1774306212460877718,1774306212465032582,4154
8514,1774306212466726069,1774306212470510550,3784
8515,1774306212472268282,1774306212476593265,4324
8516,1774306212478241113,1774306212482555539,4314
8517,1774306212484192114,1774306212488684228,4492
8518,1774306212490510652,1774306212494772511,4261
8519,1774306212496681033,1774306212501092026,4410
8520,1774306212502766127,1774306212506592666,3826
8521,1774306212508345896,1774306212512154545,3808
8522,1774306212513858473,1774306212518129637,4271
8523,1774306212520038695,1774306212524407251,4368
8524,1774306212526090332,1774306212530311126,4220
8525,1774306212532462194,1774306212536373861,3911
8526,1774306212538141681,1774306212542359081,4217
8527,1774306212544047685,1774306212547937512,3889
8528,1774306212549576534,1774306212553960201,4383
8529,1774306212555621164,1774306212559263982,3642
8530,1774306212560862825,1774306212565534260,4671
8531,1774306212567290595,1774306212571424106,4133
8532,1774306212573125448,1774306212577498887,4373
8533,1774306212579129334,1774306212583566400,4437
8534,1774306212585139705,1774306212589786326,4646
8535,1774306212591408830,1774306212595178821,3769
8536,1774306212596900212,1774306212601449285,4549
8537,1774306212603151783,1774306212607548428,4396
8538,1774306212609329344,1774306212613698809,4369
8539,1774306212615361965,1774306212619660389,4298
8540,1774306212621481082,1774306212625918636,4437
8541,1774306212627602265,1774306212631764454,4162
8542,1774306212633546858,1774306212638204143,4657
8543,1774306212639869164,1774306212644222805,4353
8544,1774306212646006899,1774306212650152606,4145
8545,1774306212651796392,1774306212656072213,4275
8546,1774306212657719738,1774306212661959709,4239
8547,1774306212663542745,1774306212667576759,4034
8548,1774306212669453659,1774306212673604131,4150
8549,1774306212675507333,1774306212679576712,4069
8550,1774306212681375729,1774306212685735361,4359
8551,1774306212687570860,1774306212691698115,4127
8552,1774306212693561814,1774306212697275600,3713
8553,1774306212699028776,1774306212703575132,4546
8554,1774306212705299857,1774306212709089027,3789
8555,1774306212710586419,1774306212714075060,3488
8556,1774306212715633084,1774306212718813548,3180
8557,1774306212720427750,1774306212724065066,3637
8558,1774306212725648949,1774306212728762606,3113
8559,1774306212730141039,1774306212733521875,3380
8560,1774306212735079736,1774306212739255392,4175
8561,1774306212740821227,1774306212744126365,3305
8562,1774306212745901711,1774306212750073042,4171
8563,1774306212751696176,1774306212755420838,3724
8564,1774306212757045393,1774306212760366745,3321
8565,1774306212761951337,1774306212765145036,3193
8566,1774306212766820382,1774306212770958523,4138
8567,1774306212772559483,1774306212776465353,3905
8568,1774306212778064054,1774306212782318645,4254
8569,1774306212783932730,1774306212788222028,4289
8570,1774306212789844550,1774306212793351448,3506
8571,1774306212794955470,1774306212799193299,4237
8572,1774306212800784561,1774306212804486086,3701
8573,1774306212806234517,1774306212810576793,4342
8574,1774306212812419519,1774306212816314526,3895
8575,1774306212818043643,1774306212821590589,3546
8576,1774306212823411876,1774306212827626174,4214
8577,1774306212829275384,1774306212833640980,4365
8578,1774306212835434285,1774306212839678612,4244
8579,1774306212841323945,1774306212845811641,4487
8580,1774306212847578067,1774306212851938663,4360
8581,1774306212853595769,1774306212857879658,4283
8582,1774306212859404222,1774306212862562744,3158
8583,1774306212864200074,1774306212868611863,4411
8584,1774306212870173072,1774306212873548957,3375
8585,1774306212875145488,1774306212879126205,3980
8586,1774306212880700184,1774306212884362682,3662
8587,1774306212885981546,1774306212889598300,3616
8588,1774306212891206204,1774306212895396065,4189
8589,1774306212897117845,1774306212901357208,4239
8590,1774306212903195711,1774306212907463423,4267
8591,1774306212909276843,1774306212913236479,3959
8592,1774306212914896098,1774306212918435125,3539
8593,1774306212920162252,1774306212924047212,3884
8594,1774306212925812806,1774306212929992724,4179
8595,1774306212931743237,1774306212936002883,4259
8596,1774306212937682244,1774306212941286790,3604
8597,1774306212942950332,1774306212947112904,4162
8598,1774306212948765966,1774306212952568672,3802
8599,1774306212954287700,1774306212958575686,4287
8600,1774306212960459903,1774306212964631741,4171
8601,1774306212966394553,1774306212970717662,4323
8602,1774306212972232973,1774306212976315727,4082
8603,1774306212978046247,1774306212982416792,4370
8604,1774306212984015096,1774306212987248765,3233
8605,1774306212988880324,1774306212992713769,3833
8606,1774306212994200596,1774306212998487919,4287
8607,1774306213000134050,1774306213003666619,3532
8608,1774306213005484154,1774306213009826723,4342
8609,1774306213011501488,1774306213015107066,3605
8610,1774306213016697488,1774306213020811625,4114
8611,1774306213022445108,1774306213026867150,4422
8612,1774306213028523384,1774306213032723988,4200
8613,1774306213034459488,1774306213038127841,3668
8614,1774306213039792516,1774306213043559242,3766
8615,1774306213045234074,1774306213049014470,3780
8616,1774306213050681193,1774306213054597752,3916
8617,1774306213056474615,1774306213060423054,3948
8618,1774306213062112303,1774306213066222590,4110
8619,1774306213067943107,1774306213072340151,4397
8620,1774306213074302808,1774306213078328604,4025
8621,1774306213080046938,1774306213084634454,4587
8622,1774306213086529508,1774306213091010674,4481
8623,1774306213092750431,1774306213096589067,3838
8624,1774306213098470302,1774306213102912121,4441
8625,1774306213104677062,1774306213108807299,4130
8626,1774306213110513429,1774306213114458101,3944
8627,1774306213116162438,1774306213120336915,4174
8628,1774306213121980078,1774306213125403814,3423
8629,1774306213126776578,1774306213130098380,3321
8630,1774306213131642248,1774306213134749230,3106
8631,1774306213136302345,1774306213140779546,4477
8632,1774306213142269241,1774306213146246739,3977
8633,1774306213147801631,1774306213151239395,3437
8634,1774306213152897343,1774306213157164235,4266
8635,1774306213158829281,1774306213163009695,4180
8636,1774306213164599388,1774306213168158003,3558
8637,1774306213169848899,1774306213173344938,3496
8638,1774306213174977813,1774306213179098560,4120
8639,1774306213180724027,1774306213184187513,3463
8640,1774306213185954216,1774306213190193071,4238
8641,1774306213191857700,1774306213195637321,3779
8642,1774306213197309521,1774306213201756124,4446
8643,1774306213203409276,1774306213207299728,3890
8644,1774306213209118638,1774306213213292749,4174
8645,1774306213214900934,1774306213219020055,4119
8646,1774306213220697039,1774306213224992228,4295
8647,1774306213227040364,1774306213231231761,4191
8648,1774306213233058261,1774306213237406741,4348
8649,1774306213239107887,1774306213243274793,4166
8650,1774306213245078571,1774306213249599368,4520
8651,1774306213251209398,1774306213255515642,4306
8652,1774306213257109457,1774306213261167088,4057
8653,1774306213262912481,1774306213266493711,3581
8654,1774306213268061208,1774306213271514143,3452
8655,1774306213273138337,1774306213276299365,3161
8656,1774306213277477471,1774306213280707160,3229
8657,1774306213282120902,1774306213285874850,3753
8658,1774306213287452283,1774306213291642113,4189
8659,1774306213293440033,1774306213297572836,4132
8660,1774306213299321229,1774306213303531419,4210
8661,1774306213305235306,1774306213309453066,4217
8662,1774306213311194538,1774306213315774577,4580
8663,1774306213317491312,1774306213321518525,4027
8664,1774306213323337541,1774306213327525020,4187
8665,1774306213329282045,1774306213333400388,4118
8666,1774306213335272187,1774306213339375879,4103
8667,1774306213341105671,1774306213345291077,4185
8668,1774306213347027477,1774306213351292789,4265
8669,1774306213353021423,1774306213357188233,4166
8670,1774306213358938485,1774306213362610259,3671
8671,1774306213364497313,1774306213368842815,4345
8672,1774306213370742452,1774306213374270652,3528
8673,1774306213376122453,1774306213380604908,4482
8674,1774306213382283366,1774306213386737053,4453
8675,1774306213388262724,1774306213392592080,4329
8676,1774306213394001619,1774306213397278373,3276
8677,1774306213398550660,1774306213402628528,4077
8678,1774306213404178567,1774306213407998828,3820
8679,1774306213409638379,1774306213413193013,3554
8680,1774306213414881366,1774306213418364879,3483
8681,1774306213419898105,1774306213423792802,3894
8682,1774306213425410205,1774306213429577240,4167
8683,1774306213431250865,1774306213435608622,4357
8684,1774306213437254834,1774306213441681081,4426
8685,1774306213443521402,1774306213447899587,4378
8686,1774306213449557747,1774306213453755571,4197
8687,1774306213455485168,1774306213459731644,4246
8688,1774306213461414258,1774306213465543640,4129
8689,1774306213467220859,1774306213471609808,4388
8690,1774306213473364794,1774306213477657130,4292
8691,1774306213479259844,1774306213483534914,4275
8692,1774306213485418359,1774306213489723360,4305
8693,1774306213491537889,1774306213496096092,4558
8694,1774306213497773791,1774306213502228830,4455
8695,1774306213503950513,1774306213508081531,4131
8696,1774306213509734692,1774306213514126548,4391
8697,1774306213515788330,1774306213520122331,4334
8698,1774306213521814787,1774306213525980305,4165
8699,1774306213527690520,1774306213532063516,4372
8700,1774306213533754887,1774306213537882151,4127
8701,1774306213539594700,1774306213543565619,3970
8702,1774306213545352720,1774306213549728983,4376
8703,1774306213551273089,1774306213555761531,4488
8704,1774306213557491908,1774306213561813072,4321
8705,1774306213563446368,1774306213567276982,3830
8706,1774306213568990827,1774306213573116068,4125
8707,1774306213574759055,1774306213578245466,3486
8708,1774306213580027579,1774306213584198856,4171
8709,1774306213585805619,1774306213589249491,3443
8710,1774306213590989002,1774306213594350330,3361
8711,1774306213595953562,1774306213600118564,4165
8712,1774306213601722006,1774306213605547328,3825
8713,1774306213607146346,1774306213611593478,4447
8714,1774306213613282683,1774306213617229749,3947
8715,1774306213618851162,1774306213623001119,4149
8716,1774306213624612834,1774306213628176137,3563
8717,1774306213630020690,1774306213634323750,4303
8718,1774306213636014078,1774306213639721799,3707
8719,1774306213641397519,1774306213645612729,4215
8720,1774306213647258357,1774306213651267830,4009
8721,1774306213652875251,1774306213656288195,3412
8722,1774306213658040340,1774306213662494041,4453
8723,1774306213664164852,1774306213667545611,3380
8724,1774306213669180214,1774306213673508183,4327
8725,1774306213675129357,1774306213678570503,3441
8726,1774306213680176080,1774306213683269401,3093
8727,1774306213684760150,1774306213687880474,3120
8728,1774306213688957501,1774306213692037492,3079
8729,1774306213693348474,1774306213697900488,4552
8730,1774306213699494361,1774306213703255594,3761
8731,1774306213704880970,1774306213708166811,3285
8732,1774306213709712541,1774306213713154791,3442
8733,1774306213714901502,1774306213718317983,3416
8734,1774306213720038194,1774306213724247412,4209
8735,1774306213725806624,1774306213729689055,3882
8736,1774306213731381670,1774306213735945832,4564
8737,1774306213737616647,1774306213741543529,3926
8738,1774306213743196958,1774306213747535348,4338
8739,1774306213749298925,1774306213753622099,4323
8740,1774306213755271049,1774306213758972485,3701
8741,1774306213760828807,1774306213764979561,4150
8742,1774306213766658985,1774306213770750680,4091
8743,1774306213772491284,1774306213776158780,3667
8744,1774306213778051174,1774306213782414788,4363
8745,1774306213784184543,1774306213788245432,4060
8746,1774306213789916631,1774306213793987778,4071
8747,1774306213795749212,1774306213800171908,4422
8748,1774306213801808277,1774306213805915241,4106
8749,1774306213807523253,1774306213811426329,3903
8750,1774306213813027572,1774306213816631590,3604
8751,1774306213817957024,1774306213822068031,4111
8752,1774306213823561647,1774306213827862765,4301
8753,1774306213829484284,1774306213833147062,3662
8754,1774306213834634320,1774306213839005654,4371
8755,1774306213840891250,1774306213844661081,3769
8756,1774306213846315250,1774306213850522186,4206
8757,1774306213852323504,1774306213856747053,4423
8758,1774306213858552138,1774306213863159135,4606
8759,1774306213864990275,1774306213869208016,4217
8760,1774306213870885925,1774306213875472792,4586
8761,1774306213877163701,1774306213881490103,4326
8762,1774306213883142379,1774306213887422236,4279
8763,1774306213888864381,1774306213892986918,4122
8764,1774306213894566492,1774306213898702011,4135
8765,1774306213900231942,1774306213904512259,4280
8766,1774306213906233303,1774306213910292384,4059
8767,1774306213912030087,1774306213916502192,4472
8768,1774306213918455027,1774306213922002301,3547
8769,1774306213923645156,1774306213927217577,3572
8770,1774306213929018753,1774306213933127580,4108
8771,1774306213934771121,1774306213938193805,3422
8772,1774306213940025391,1774306213943461910,3436
8773,1774306213944890288,1774306213948576093,3685
8774,1774306213949815212,1774306213954318848,4503
8775,1774306213956003406,1774306213960365583,4362
8776,1774306213962008313,1774306213965507374,3499
8777,1774306213967054138,1774306213971633539,4579
8778,1774306213973344858,1774306213977406556,4061
8779,1774306213979222354,1774306213983845016,4622
8780,1774306213985666009,1774306213989357946,3691
8781,1774306213991170292,1774306213995929175,4758
8782,1774306213997691287,1774306214001350482,3659
8783,1774306214003048505,1774306214007544374,4495
8784,1774306214009275986,1774306214012989785,3713
8785,1774306214014719707,1774306214018470316,3750
8786,1774306214020262257,1774306214024674184,4411
8787,1774306214026448013,1774306214030007559,3559
8788,1774306214031594194,1774306214035846435,4252
8789,1774306214037598675,1774306214041569461,3970
8790,1774306214043314001,1774306214047711740,4397
8791,1774306214049466178,1774306214053654335,4188
8792,1774306214055331971,1774306214059787547,4455
8793,1774306214061451613,1774306214065680963,4229
8794,1774306214067434377,1774306214071424852,3990
8795,1774306214072993326,1774306214077450767,4457
8796,1774306214079095655,1774306214082925858,3830
8797,1774306214084589039,1774306214087981713,3392
8798,1774306214089602143,1774306214094071625,4469
8799,1774306214095568081,1774306214099558409,3990
8800,1774306214101190144,1774306214105437075,4246
8801,1774306214107089865,1774306214111277482,4187
8802,1774306214113090110,1774306214117541301,4451
8803,1774306214119517860,1774306214123759006,4241
8804,1774306214125509640,1774306214129956141,4446
8805,1774306214131605758,1774306214135659607,4053
8806,1774306214137366616,1774306214141727516,4360
8807,1774306214143365142,1774306214147046030,3680
8808,1774306214148652190,1774306214152204736,3552
8809,1774306214153919789,1774306214157635141,3715
8810,1774306214159281449,1774306214163122281,3840
8811,1774306214164782687,1774306214168751454,3968
8812,1774306214170501837,1774306214174547626,4045
8813,1774306214176290490,1774306214180513931,4223
8814,1774306214182398841,1774306214186332665,3933
8815,1774306214188022943,1774306214191888292,3865
8816,1774306214193561553,1774306214198049702,4488
8817,1774306214199968707,1774306214204195247,4226
8818,1774306214205998743,1774306214210084591,4085
8819,1774306214211877524,1774306214216216612,4339
8820,1774306214217948179,1774306214221350362,3402
8821,1774306214222896995,1774306214226122697,3225
8822,1774306214227804496,1774306214231833485,4028
8823,1774306214233324726,1774306214237699801,4375
8824,1774306214239446854,1774306214243565674,4118
8825,1774306214245154810,1774306214248932105,3777
8826,1774306214250505236,1774306214254489951,3984
8827,1774306214256103657,1774306214259912149,3808
8828,1774306214261601211,1774306214265855274,4254
8829,1774306214267588388,1774306214271561921,3973
8830,1774306214273252739,1774306214277467964,4215
8831,1774306214279292947,1774306214283563690,4270
8832,1774306214285458505,1774306214289802021,4343
8833,1774306214291781674,1774306214295909241,4127
8834,1774306214297536584,1774306214302004370,4467
8835,1774306214303871347,1774306214308043680,4172
8836,1774306214309641432,1774306214313793693,4152
8837,1774306214315591519,1774306214320019959,4428
8838,1774306214321740762,1774306214326007421,4266
8839,1774306214327877997,1774306214332024329,4146
8840,1774306214333639746,1774306214337887664,4247
8841,1774306214339729525,1774306214343199101,3469
8842,1774306214344932474,1774306214349274955,4342
8843,1774306214351113305,1774306214355213706,4100
8844,1774306214356996986,1774306214361236842,4239
8845,1774306214362931725,1774306214366119499,3187
8846,1774306214367457129,1774306214371834581,4377
8847,1774306214373500458,1774306214376855013,3354
8848,1774306214378403743,1774306214381931970,3528
8849,1774306214383485081,1774306214387142490,3657
8850,1774306214388608606,1774306214392257757,3649
8851,1774306214393841582,1774306214398142580,4300
8852,1774306214399804834,1774306214404100772,4295
8853,1774306214405741438,1774306214409948347,4206
8854,1774306214411627938,1774306214415881760,4253
8855,1774306214417556836,1774306214421175871,3619
8856,1774306214422832905,1774306214426324921,3492
8857,1774306214428109471,1774306214432094899,3985
8858,1774306214433761513,1774306214437578566,3817
8859,1774306214439280332,1774306214443805883,4525
8860,1774306214445562022,1774306214449477798,3915
8861,1774306214451294127,1774306214455875962,4581
8862,1774306214457535217,1774306214461192250,3657
8863,1774306214462918403,1774306214466448608,3530
8864,1774306214468337794,1774306214472582181,4244
8865,1774306214474348518,1774306214478193257,3844
8866,1774306214479969649,1774306214484056908,4087
8867,1774306214485732395,1774306214489555646,3823
8868,1774306214491217859,1774306214495610387,4392
8869,1774306214497244231,1774306214501449701,4205
8870,1774306214503048470,1774306214507422767,4374
8871,1774306214509052082,1774306214512379360,3327
8872,1774306214514033245,1774306214517379323,3346
8873,1774306214518982547,1774306214522360335,3377
8874,1774306214524094851,1774306214528002931,3908
8875,1774306214529679291,1774306214533707033,4027
8876,1774306214535357117,1774306214539876600,4519
8877,1774306214541503821,1774306214545525634,4021
8878,1774306214547510210,1774306214552417381,4907
8879,1774306214554297915,1774306214558167508,3869
8880,1774306214560038641,1774306214564253292,4214
8881,1774306214566022296,1774306214569887021,3864
8882,1774306214571624444,1774306214576065908,4441
8883,1774306214577788721,1774306214582009576,4220
8884,1774306214583792241,1774306214587456609,3664
8885,1774306214589402967,1774306214593708868,4305
8886,1774306214595454309,1774306214599152368,3698
8887,1774306214600997982,1774306214605169795,4171
8888,1774306214606955602,1774306214610771294,3815
8889,1774306214612620209,1774306214616954151,4333
8890,1774306214618568667,1774306214622539549,3970
8891,1774306214624153267,1774306214627983587,3830
8892,1774306214629584766,1774306214633043194,3458
8893,1774306214634651065,1774306214638124458,3473
8894,1774306214639734463,1774306214643979879,4245
8895,1774306214645623342,1774306214648800919,3177
8896,1774306214650412734,1774306214654617356,4204
8897,1774306214656365011,1774306214660039594,3674
8898,1774306214661581184,1774306214665959318,4378
8899,1774306214667716539,1774306214671552764,3836
8900,1774306214673130446,1774306214677375778,4245
8901,1774306214679047363,1774306214683273249,4225
8902,1774306214685138517,1774306214689366211,4227
8903,1774306214691111734,1774306214695475802,4364
8904,1774306214697348073,1774306214701471465,4123
8905,1774306214703325647,1774306214707531924,4206
8906,1774306214709450462,1774306214713558736,4108
8907,1774306214715221999,1774306214719845364,4623
8908,1774306214721737217,1774306214725956170,4218
8909,1774306214727993767,1774306214732093832,4100
8910,1774306214733754174,1774306214737946228,4192
8911,1774306214739535643,1774306214743852099,4316
8912,1774306214745550086,1774306214749757110,4207
8913,1774306214751439508,1774306214755732954,4293
8914,1774306214757497110,1774306214761906442,4409
8915,1774306214763584010,1774306214766905131,3321
8916,1774306214768523521,1774306214772344558,3821
8917,1774306214774006375,1774306214778595103,4588
8918,1774306214780319165,1774306214784038894,3719
8919,1774306214785651472,1774306214789702731,4051
8920,1774306214791328820,1774306214794886081,3557
8921,1774306214796437040,1774306214800740731,4303
8922,1774306214802423508,1774306214806101610,3678
8923,1774306214807767923,1774306214811971453,4203
8924,1774306214813684590,1774306214817135168,3450
8925,1774306214818739001,1774306214823032258,4293
8926,1774306214824767844,1774306214828529675,3761
8927,1774306214830509427,1774306214834834529,4325
8928,1774306214836784452,1774306214840652487,3868
8929,1774306214842561152,1774306214846320566,3759
8930,1774306214848165410,1774306214852393737,4228
8931,1774306214854285745,1774306214858541514,4255
8932,1774306214860194824,1774306214864059604,3864
8933,1774306214865908648,1774306214870163583,4254
8934,1774306214871776784,1774306214875556412,3779
8935,1774306214877222613,1774306214881534546,4311
8936,1774306214883244915,1774306214887428149,4183
8937,1774306214889039091,1774306214892359164,3320
8938,1774306214893833193,1774306214898243417,4410
8939,1774306214899852413,1774306214903347740,3495
8940,1774306214904956745,1774306214908260666,3303
8941,1774306214909704502,1774306214913149502,3445
8942,1774306214914596855,1774306214918750156,4153
8943,1774306214920422957,1774306214924336969,3914
8944,1774306214926011083,1774306214929810242,3799
8945,1774306214931382461,1774306214935555727,4173
8946,1774306214937129671,1774306214940388580,3258
8947,1774306214942047023,1774306214946307554,4260
8948,1774306214947884473,1774306214951178982,3294
8949,1774306214952806737,1774306214957090188,4283
8950,1774306214958850074,1774306214963056326,4206
8951,1774306214964740265,1774306214969034195,4293
8952,1774306214970649503,1774306214974282764,3633
8953,1774306214976181073,1774306214980596032,4414
8954,1774306214982523237,1774306214986948692,4425
8955,1774306214988586869,1774306214993033674,4446
8956,1774306214994802584,1774306214998984256,4181
8957,1774306215000707128,1774306215005061941,4354
8958,1774306215006807842,1774306215010452977,3645
8959,1774306215012256378,1774306215016550359,4293
8960,1774306215018251873,1774306215021932347,3680
8961,1774306215023579689,1774306215027147268,3567
8962,1774306215028777989,1774306215033029578,4251
8963,1774306215034726088,1774306215038336477,3610
8964,1774306215040126884,1774306215044513492,4386
8965,1774306215046080469,1774306215050233624,4153
8966,1774306215051851170,1774306215055728161,3876
8967,1774306215057346665,1774306215060864285,3517
8968,1774306215062529493,1774306215066784799,4255
8969,1774306215068312486,1774306215071898733,3586
8970,1774306215073452856,1774306215077633296,4180
8971,1774306215079177177,1774306215082827207,3650
8972,1774306215084549154,1774306215088762839,4213
8973,1774306215090436672,1774306215094025037,3588
8974,1774306215095657401,1774306215099368637,3711
8975,1774306215101024135,1774306215105319097,4294
8976,1774306215107026373,1774306215110826645,3800
8977,1774306215112487314,1774306215116901688,4414
8978,1774306215118582607,1774306215122511644,3929
8979,1774306215124167165,1774306215128511137,4343
8980,1774306215130316131,1774306215134735655,4419
8981,1774306215136401460,1774306215140656696,4255
8982,1774306215142383771,1774306215146730139,4346
8983,1774306215148371781,1774306215152644933,4273
8984,1774306215154311815,1774306215158659426,4347
8985,1774306215160333502,1774306215164610328,4276
8986,1774306215166367046,1774306215169926665,3559
8987,1774306215171572719,1774306215176104739,4532
8988,1774306215177772741,1774306215181129094,3356
8989,1774306215182917193,1774306215186271611,3354
8990,1774306215187912951,1774306215191196552,3283
8991,1774306215192662803,1774306215195751913,3089
8992,1774306215197350755,1774306215201558501,4207
8993,1774306215203059539,1774306215207411013,4351
8994,1774306215209021237,1774306215213356180,4334
8995,1774306215214967348,1774306215219126616,4159
8996,1774306215220835985,1774306215224410147,3574
8997,1774306215226014814,1774306215230511925,4497
8998,1774306215232443304,1774306215236962384,4519
8999,1774306215238756287,1774306215242338030,3581
9000,1774306215244297411,1774306215248017264,3719
9001,1774306215249939492,1774306215254169777,4230
9002,1774306215255840611,1774306215260023891,4183
9003,1774306215261766040,1774306215266027052,4261
9004,1774306215267858009,1774306215271990413,4132
9005,1774306215273640358,1774306215277950127,4309
9006,1774306215279674565,1774306215284154116,4479
9007,1774306215285977916,1774306215290179185,4201
9008,1774306215292004990,1774306215296133816,4128
9009,1774306215298313898,1774306215302658805,4344
9010,1774306215304524560,1774306215309001802,4477
9011,1774306215310922973,1774306215314688493,3765
9012,1774306215316309817,1774306215320630011,4320
9013,1774306215322243169,1774306215326342167,4098
9014,1774306215327982402,1774306215332518314,4535
9015,1774306215334192136,1774306215338577433,4385
9016,1774306215340060636,1774306215344215690,4155
9017,1774306215345939832,1774306215349404845,3465
9018,1774306215351042515,1774306215354369284,3326
9019,1774306215356007997,1774306215360170922,4162
9020,1774306215361760199,1774306215365115384,3355
9021,1774306215366791290,1774306215370808677,4017
9022,1774306215372413983,1774306215376649305,4235
9023,1774306215378266352,1774306215382207091,3940
9024,1774306215383844583,1774306215388086695,4242
9025,1774306215389705859,1774306215393958526,4252
9026,1774306215395795755,1774306215400140771,4345
9027,1774306215402026957,1774306215406427710,4400
9028,1774306215408282776,1774306215412486940,4204
9029,1774306215414263451,1774306215418586453,4323
9030,1774306215420478329,1774306215424733357,4255
9031,1774306215426607705,1774306215430820109,4212
9032,1774306215432645501,1774306215436502351,3856
9033,1774306215438456147,1774306215442782065,4325
9034,1774306215444477807,1774306215449030125,4552
9035,1774306215450787395,1774306215454670795,3883
9036,1774306215456285277,1774306215460646477,4361
9037,1774306215462280841,1774306215466298945,4018
9038,1774306215467878698,1774306215471195275,3316
9039,1774306215472807737,1774306215476765720,3957
9040,1774306215478372579,1774306215482043770,3671
9041,1774306215483624978,1774306215487661085,4036
9042,1774306215489181506,1774306215493560076,4378
9043,1774306215495217230,1774306215499045257,3828
9044,1774306215500951066,1774306215505400514,4449
9045,1774306215507098935,1774306215511424697,4325
9046,1774306215513159166,1774306215517786778,4627
9047,1774306215519678615,1774306215523814709,4136
9048,1774306215525554447,1774306215529308318,3753
9049,1774306215531158674,1774306215535262732,4104
9050,1774306215537216616,1774306215541637288,4420
9051,1774306215543610105,1774306215547650247,4040
9052,1774306215549459864,1774306215553953615,4493
9053,1774306215555735141,1774306215559488150,3753
9054,1774306215561326386,1774306215565708585,4382
9055,1774306215567457558,1774306215571231576,3774
9056,1774306215573021737,1774306215577241969,4220
9057,1774306215579073829,1774306215582963567,3889
9058,1774306215584627936,1774306215588183893,3555
9059,1774306215590090719,1774306215593491812,3401
9060,1774306215595204768,1774306215599739893,4535
9061,1774306215601463392,1774306215605710068,4246
9062,1774306215607103551,1774306215611594640,4491
9063,1774306215613095067,1774306215616773589,3678
9064,1774306215618405218,1774306215622400195,3994
9065,1774306215624080721,1774306215628222086,4141
9066,1774306215629932603,1774306215633444791,3512
9067,1774306215635066691,1774306215639371118,4304
9068,1774306215640971504,1774306215644756841,3785
9069,1774306215646439362,1774306215650482132,4042
9070,1774306215652191474,1774306215655844138,3652
9071,1774306215657562872,1774306215661907750,4344
9072,1774306215663574777,1774306215667668093,4093
9073,1774306215669326901,1774306215673553646,4226
9074,1774306215675281785,1774306215679324729,4042
9075,1774306215681071582,1774306215685680335,4608
9076,1774306215687328388,1774306215690905496,3577
9077,1774306215692447704,1774306215696149270,3701
9078,1774306215697820355,1774306215702011779,4191
9079,1774306215703689745,1774306215707266991,3577
9080,1774306215709139831,1774306215713037829,3897
9081,1774306215714688323,1774306215719086864,4398
9082,1774306215720695588,1774306215725046214,4350
9083,1774306215726297984,1774306215730531683,4233
9084,1774306215732149188,1774306215736466204,4317
9085,1774306215738083247,1774306215741634821,3551
9086,1774306215743188490,1774306215747540992,4352
9087,1774306215748963186,1774306215752221458,3258
9088,1774306215753883556,1774306215757659618,3776
9089,1774306215759305674,1774306215762971014,3665
9090,1774306215764519688,1774306215768484464,3964
9091,1774306215770250096,1774306215774575463,4325
9092,1774306215776279814,1774306215779983153,3703
9093,1774306215781781752,1774306215786033274,4251
9094,1774306215787715815,1774306215792038288,4322
9095,1774306215793886848,1774306215797576551,3689
9096,1774306215799283357,1774306215803599227,4315
9097,1774306215805470890,1774306215809826998,4356
9098,1774306215811581606,1774306215815520165,3938
9099,1774306215817279855,1774306215821611799,4331
9100,1774306215823260945,1774306215827497901,4236
9101,1774306215829433636,1774306215833593256,4159
9102,1774306215835187421,1774306215839444981,4257
9103,1774306215841220534,1774306215845078986,3858
9104,1774306215846772500,1774306215850391004,3618
9105,1774306215852299925,1774306215856381509,4081
9106,1774306215858114783,1774306215862431823,4317
9107,1774306215864075401,1774306215868527145,4451
9108,1774306215870218940,1774306215874243663,4024
9109,1774306215875850257,1774306215879630804,3780
9110,1774306215881085890,1774306215884441774,3355
9111,1774306215885978415,1774306215889509155,3530
9112,1774306215891066811,1774306215894961759,3894
9113,1774306215896487598,1774306215900835883,4348
9114,1774306215902441156,1774306215906704377,4263
9115,1774306215908434504,1774306215912873411,4438
9116,1774306215914581289,1774306215919037374,4456
9117,1774306215920877012,1774306215925148320,4271
9118,1774306215926890800,1774306215931131021,4240
9119,1774306215932960073,1774306215937448663,4488
9120,1774306215939302967,1774306215943450266,4147
9121,1774306215945176832,1774306215949680852,4504
9122,1774306215951504498,1774306215955631675,4127
9123,1774306215957315850,1774306215961148797,3832
9124,1774306215962833461,1774306215967141273,4307
9125,1774306215968915767,1774306215972701803,3786
9126,1774306215974348352,1774306215978151900,3803
9127,1774306215979798972,1774306215984102479,4303
9128,1774306215985666121,1774306215989629471,3963
9129,1774306215991326625,1774306215995792655,4466
9130,1774306215997600820,1774306216001743718,4142
9131,1774306216003289678,1774306216007688735,4399
9132,1774306216009443415,1774306216013512406,4068
9133,1774306216015195399,1774306216019587996,4392
9134,1774306216021081153,1774306216024327865,3246
9135,1774306216025833838,1774306216030234560,4400
9136,1774306216031943616,1774306216035899780,3956
9137,1774306216037484012,1774306216041679508,4195
9138,1774306216043322618,1774306216047383957,4061
9139,1774306216049362765,1774306216053163457,3800
9140,1774306216054935971,1774306216058639808,3703
9141,1774306216060307423,1774306216064267181,3959
9142,1774306216065942075,1774306216070167203,4225
9143,1774306216071905089,1774306216075484075,3578
9144,1774306216077379448,1774306216081827057,4447
9145,1774306216083507044,1774306216087581285,4074
9146,1774306216089464369,1774306216093841726,4377
9147,1774306216095501406,1774306216099575257,4073
9148,1774306216101445734,1774306216105583284,4137
9149,1774306216107454745,1774306216111643205,4188
9150,1774306216113549585,1774306216117892369,4342
9151,1774306216119745321,1774306216124182812,4437
9152,1774306216125905096,1774306216129978918,4073
9153,1774306216131610741,1774306216135094737,3483
9154,1774306216136807058,1774306216140254750,3447
9155,1774306216142032568,1774306216145311906,3279
9156,1774306216146734920,1774306216150405214,3670
9157,1774306216151944666,1774306216155292687,3348
9158,1774306216157052788,1774306216161133864,4081
9159,1774306216162735667,1774306216166146704,3411
9160,1774306216167795468,1774306216171163206,3367
9161,1774306216172710958,1774306216176940798,4229
9162,1774306216178606749,1774306216182722415,4115
9163,1774306216184315500,1774306216188502954,4187
9164,1774306216190184521,1774306216193866745,3682
9165,1774306216195523886,1774306216199731416,4207
9166,1774306216201400258,1774306216204992491,3592
9167,1774306216206813350,1774306216210460732,3647
9168,1774306216212160428,1774306216216430009,4269
9169,1774306216218178180,1774306216221915472,3737
9170,1774306216223561626,1774306216227941999,4380
9171,1774306216229618986,1774306216233655259,4036
9172,1774306216235297087,1774306216239541823,4244
9173,1774306216241385130,1774306216245505025,4119
9174,1774306216247192264,1774306216251469324,4277
9175,1774306216253240257,1774306216257347575,4107
9176,1774306216259033448,1774306216263374057,4340
9177,1774306216265061463,1774306216268901032,3839
9178,1774306216270657641,1774306216275018045,4360
9179,1774306216276667742,1774306216281104443,4436
9180,1774306216282793160,1774306216286646641,3853
9181,1774306216288274218,1774306216292658508,4384
9182,1774306216294231602,1774306216297996315,3764
9183,1774306216299812978,1774306216303481074,3668
9184,1774306216305046346,1774306216309397189,4350
9185,1774306216311003310,1774306216314476138,3472
9186,1774306216316137141,1774306216320066013,3928
9187,1774306216321662597,1774306216325622681,3960
9188,1774306216327456478,1774306216331714227,4257
9189,1774306216333375353,1774306216337999729,4624
9190,1774306216339851494,1774306216344152651,4301
9191,1774306216345849443,1774306216349336250,3486
9192,1774306216351275788,1774306216355519507,4243
9193,1774306216357212806,1774306216360968888,3756
9194,1774306216362876901,1774306216366457578,3580
9195,1774306216368142227,1774306216372447764,4305
9196,1774306216374361258,1774306216378601898,4240
9197,1774306216380308947,1774306216384528505,4219
9198,1774306216386523369,1774306216390608456,4085
9199,1774306216392434341,1774306216396659248,4224
9200,1774306216398607892,1774306216402190901,3583
9201,1774306216403901192,1774306216407379063,3477
9202,1774306216409104742,1774306216412487844,3383
9203,1774306216414143340,1774306216418579972,4436
9204,1774306216420142337,1774306216423829160,3686
9205,1774306216425299711,1774306216429353971,4054
9206,1774306216430867758,1774306216434244766,3377
9207,1774306216435739691,1774306216440187710,4448
9208,1774306216441769158,1774306216445540310,3771
9209,1774306216447213716,1774306216451123509,3909
9210,1774306216452606306,1774306216456976303,4369
9211,1774306216458731056,1774306216462993658,4262
9212,1774306216464612083,1774306216468840717,4228
9213,1774306216470727153,1774306216474954991,4227
9214,1774306216476648091,1774306216480953838,4305
9215,1774306216482902993,1774306216487288219,4385
9216,1774306216488956370,1774306216492925968,3969
9217,1774306216494749486,1774306216498954485,4204
9218,1774306216500706444,1774306216505084326,4377
9219,1774306216506733332,1774306216510315068,3581
9220,1774306216512211292,1774306216516608744,4397
9221,1774306216518338602,1774306216522554562,4215
9222,1774306216524448527,1774306216528030737,3582
9223,1774306216529937478,1774306216534153324,4215
9224,1774306216535866951,1774306216539678707,3811
9225,1774306216541527209,1774306216545285457,3758
9226,1774306216546968797,1774306216551292679,4323
9227,1774306216553038967,1774306216556431021,3392
9228,1774306216558244888,1774306216562757903,4513
9229,1774306216564444168,1774306216568532197,4088
9230,1774306216570258742,1774306216574064415,3805
9231,1774306216575587902,1774306216579067093,3479
9232,1774306216580635504,1774306216584405295,3769
9233,1774306216585979162,1774306216589695852,3716
9234,1774306216591337355,1774306216595499642,4162
9235,1774306216597124587,1774306216601594612,4470
9236,1774306216603196282,1774306216607611044,4414
9237,1774306216609232490,1774306216612997593,3765
9238,1774306216614611439,1774306216618829735,4218
9239,1774306216620546456,1774306216624811566,4265
9240,1774306216626485574,1774306216630482592,3997
9241,1774306216632394513,1774306216636885369,4490
9242,1774306216638594960,1774306216642149801,3554
9243,1774306216644081752,1774306216648305287,4223
9244,1774306216650178984,1774306216654425161,4246
9245,1774306216656366675,1774306216660565265,4198
9246,1774306216662306531,1774306216666554012,4247
9247,1774306216668294016,1774306216672569484,4275
9248,1774306216674405582,1774306216678586545,4180
9249,1774306216680428928,1774306216684633419,4204
9250,1774306216686372587,1774306216690165353,3792
9251,1774306216691938672,1774306216695344534,3405
9252,1774306216696922863,1774306216701006747,4083
9253,1774306216702187201,1774306216705761999,3574
9254,1774306216707461191,1774306216711009954,3548
9255,1774306216712608032,1774306216716491199,3883
9256,1774306216718079051,1774306216721604614,3525
9257,1774306216723164077,1774306216726891268,3727
9258,1774306216728687687,1774306216732205654,3517
9259,1774306216733826691,1774306216737950163,4123
9260,1774306216739625809,1774306216743156994,3531
9261,1774306216744793719,1774306216748369221,3575
9262,1774306216749988882,1774306216753776735,3787
9263,1774306216755412532,1774306216759332484,3919
9264,1774306216760944525,1774306216765027534,4083
9265,1774306216766727639,1774306216771066312,4338
9266,1774306216772742747,1774306216777069938,4327
9267,1774306216778936555,1774306216783115699,4179
9268,1774306216784909345,1774306216788999706,4090
9269,1774306216790816583,1774306216795095959,4279
9270,1774306216796767254,1774306216801013440,4246
9271,1774306216802947017,1774306216807221794,4274
9272,1774306216808911117,1774306216813193568,4282
9273,1774306216815049147,1774306216818998554,3949
9274,1774306216820711107,1774306216825060483,4349
9275,1774306216826627994,1774306216830906274,4278
9276,1774306216832531344,1774306216836886190,4354
9277,1774306216838565122,1774306216842918311,4353
9278,1774306216844273640,1774306216848351686,4078
9279,1774306216849903379,1774306216853193748,3290
9280,1774306216854677819,1774306216857965449,3287
9281,1774306216859694179,1774306216863185602,3491
9282,1774306216864752224,1774306216868244077,3491
9283,1774306216869848360,1774306216873887122,4038
9284,1774306216875547888,1774306216879528423,3980
9285,1774306216881306933,1774306216885778198,4471
9286,1774306216887393685,1774306216891568985,4175
9287,1774306216893325689,1774306216897495366,4169
9288,1774306216899252283,1774306216903542455,4290
9289,1774306216905363513,1774306216909636184,4272
9290,1774306216911365340,1774306216915341267,3975
9291,1774306216917058477,1774306216921486957,4428
9292,1774306216923243952,1774306216927387005,4143
9293,1774306216929090771,1774306216933297115,4206
9294,1774306216935015113,1774306216938518812,3503
9295,1774306216940146421,1774306216944369688,4223
9296,1774306216946050217,1774306216949842775,3792
9297,1774306216951464844,1774306216955713007,4248
9298,1774306216957369123,1774306216961141630,3772
9299,1774306216962921991,1774306216966358774,3436
9300,1774306216968056737,1774306216972378565,4321
9301,1774306216973956099,1774306216977406098,3449
9302,1774306216978773503,1774306216983347434,4573
9303,1774306216984603441,1774306216987745515,3142
9304,1774306216989106803,1774306216993492503,4385
9305,1774306216995062708,1774306216998514535,3451
9306,1774306216999975165,1774306217003378635,3403
9307,1774306217005089436,1774306217009316654,4227
9308,1774306217011018596,1774306217014552120,3533
9309,1774306217016179379,1774306217020539532,4360
9310,1774306217022415100,1774306217026108514,3693
9311,1774306217027706412,1774306217031829073,4122
9312,1774306217033588383,1774306217037655171,4066
9313,1774306217039325548,1774306217043390154,4064
9314,1774306217045302415,1774306217049463826,4161
9315,1774306217051240997,1774306217055293562,4052
9316,1774306217056947173,1774306217061258175,4311
9317,1774306217063086106,1774306217066722985,3636
9318,1774306217068495733,1774306217072762624,4266
9319,1774306217074578120,1774306217078735071,4156
9320,1774306217080498608,1774306217084988845,4490
9321,1774306217086912424,1774306217090951295,4038
9322,1774306217092710864,1774306217097079973,4369
9323,1774306217098742441,1774306217102179431,3436
9324,1774306217103732544,1774306217107534603,3802
9325,1774306217109027330,1774306217113615402,4588
9326,1774306217115373133,1774306217118833342,3460
9327,1774306217120407423,1774306217123712088,3304
9328,1774306217125442657,1774306217128801230,3358
9329,1774306217130554340,1774306217134528168,3973
9330,1774306217136096446,1774306217139709892,3613
9331,1774306217141323044,1774306217144972936,3649
9332,1774306217146764165,1774306217151142231,4378
9333,1774306217153271668,1774306217157619394,4347
9334,1774306217159242055,1774306217163345950,4103
9335,1774306217165149352,1774306217169534360,4385
9336,1774306217171247798,1774306217175491419,4243
9337,1774306217177402634,1774306217181926175,4523
9338,1774306217183599975,1774306217187964441,4364
9339,1774306217189661258,1774306217194076968,4415
9340,1774306217195752395,1774306217199937243,4184
9341,1774306217201631508,1774306217205479664,3848
9342,1774306217207272554,1774306217211633011,4360
9343,1774306217213289846,1774306217217264740,3974
9344,1774306217218944290,1774306217223403519,4459
9345,1774306217225234654,1774306217229085505,3850
9346,1774306217230795528,1774306217234161619,3366
9347,1774306217235952617,1774306217240212311,4259
9348,1774306217241810933,1774306217245403411,3592
9349,1774306217246897365,1774306217250866906,3969
9350,1774306217252212912,1774306217255508512,3295
9351,1774306217257038545,1774306217260839244,3800
9352,1774306217262303744,1774306217265945025,3641
9353,1774306217267577093,1774306217271650843,4073
9354,1774306217273359237,1774306217277361131,4001
9355,1774306217279008581,1774306217283334329,4325
9356,1774306217284982840,1774306217289117301,4134
9357,1774306217290733641,1774306217294322818,3589
9358,1774306217296103963,1774306217300457978,4354
9359,1774306217302147262,1774306217305801246,3653
9360,1774306217307349740,1774306217311687098,4337
9361,1774306217313299235,1774306217317588143,4288
9362,1774306217319318724,1774306217323545944,4227
9363,1774306217325209773,1774306217329222017,4012
9364,1774306217331083748,1774306217335340298,4256
9365,1774306217337123331,1774306217341328897,4205
9366,1774306217343066997,1774306217347438524,4371
9367,1774306217349266340,1774306217353310556,4044
9368,1774306217355074042,1774306217359351254,4277
9369,1774306217361101018,1774306217365089429,3988
9370,1774306217366805165,1774306217371205010,4399
9371,1774306217372873933,1774306217376382615,3508
9372,1774306217378108439,1774306217381909327,3800
9373,1774306217383497972,1774306217386949633,3451
9374,1774306217388560055,1774306217392814159,4254
9375,1774306217394446476,1774306217398422615,3976
9376,1774306217400044439,1774306217404238153,4193
9377,1774306217405586406,1774306217409134757,3548
9378,1774306217410876567,1774306217414212014,3335
9379,1774306217415803552,1774306217419305357,3501
9380,1774306217421037896,1774306217424605944,3568
9381,1774306217426554919,1774306217430621373,4066
9382,1774306217432584984,1774306217436150191,3565
9383,1774306217437850714,1774306217442026795,4176
9384,1774306217443662544,1774306217447232223,3569
9385,1774306217448973615,1774306217453418898,4445
9386,1774306217455152184,1774306217459027765,3875
9387,1774306217460563403,1774306217465053217,4489
9388,1774306217466874514,1774306217470991940,4117
9389,1774306217472973087,1774306217477243382,4270
9390,1774306217479003526,1774306217483230401,4226
9391,1774306217485161765,1774306217489461840,4300
9392,1774306217491174592,1774306217495319924,4145
9393,1774306217497105820,1774306217501612064,4506
9394,1774306217503528759,1774306217507954079,4425
9395,1774306217509711511,1774306217514355578,4644
9396,1774306217516025684,1774306217519801387,3775
9397,1774306217521360807,1774306217525748309,4387
9398,1774306217527410272,1774306217531690208,4279
9399,1774306217533345786,1774306217536568212,3222
9400,1774306217538147128,1774306217542530757,4383
9401,1774306217544062151,1774306217547537902,3475
9402,1774306217549070691,1774306217552754434,3683
9403,1774306217554435352,1774306217558447504,4012
9404,1774306217560315429,1774306217564207630,3892
9405,1774306217565890631,1774306217569531899,3641
9406,1774306217571381729,1774306217575731315,4349
9407,1774306217577367459,1774306217581045883,3678
9408,1774306217582699760,1774306217586824287,4124
9409,1774306217588576911,1774306217592460240,3883
9410,1774306217594302797,1774306217598582705,4279
9411,1774306217600472112,1774306217604510509,4038
9412,1774306217606342322,1774306217610602912,4260
9413,1774306217612379781,1774306217616562451,4182
9414,1774306217618369085,1774306217622620263,4251
9415,1774306217624382636,1774306217628389092,4006
9416,1774306217630108596,1774306217634384580,4275
9417,1774306217636055586,1774306217640122646,4067
9418,1774306217641846365,1774306217646220839,4374
9419,1774306217647858886,1774306217651297773,3438
9420,1774306217652892937,1774306217656162462,3269
9421,1774306217657773798,1774306217662164555,4390
9422,1774306217663793565,1774306217668138263,4344
9423,1774306217669911776,1774306217673115873,3204
9424,1774306217674551587,1774306217678802438,4250
9425,1774306217680385803,1774306217684054748,3668
9426,1774306217685642123,1774306217689163395,3521
9427,1774306217690894482,1774306217694431630,3537
9428,1774306217696105221,1774306217700012062,3906
9429,1774306217701884330,1774306217705343317,3458
9430,1774306217707030958,1774306217711324239,4293
9431,1774306217713122902,1774306217717106296,3983
9432,1774306217718793945,1774306217722441376,3647
9433,1774306217724515363,1774306217728272133,3756
9434,1774306217730034375,1774306217733717816,3683
9435,1774306217735304220,1774306217739018490,3714
9436,1774306217740763127,1774306217744251252,3488
9437,1774306217745863779,1774306217749196205,3332
9438,1774306217750816913,1774306217754376687,3559
9439,1774306217755992536,1774306217760191887,4199
9440,1774306217761952695,1774306217765688751,3736
9441,1774306217767305196,1774306217771261819,3956
9442,1774306217772951252,1774306217776826641,3875
9443,1774306217778476807,1774306217782363070,3886
9444,1774306217784051713,1774306217788465752,4414
9445,1774306217790101074,1774306217794538557,4437
9446,1774306217796212740,1774306217799761162,3548
9447,1774306217801487193,1774306217805407926,3920
9448,1774306217807036267,1774306217811268523,4232
9449,1774306217812944787,1774306217816454405,3509
9450,1774306217818022072,1774306217822213604,4191
9451,1774306217823826449,1774306217828108775,4282
9452,1774306217829748138,1774306217833806002,4057
9453,1774306217835497679,1774306217839665362,4167
9454,1774306217841291642,1774306217845329635,4037
9455,1774306217847005385,1774306217850719661,3714
9456,1774306217852491757,1774306217856751880,4260
9457,1774306217858383754,1774306217862661060,4277
9458,1774306217864419058,1774306217868483966,4064
9459,1774306217870337435,1774306217874175397,3837
9460,1774306217876141148,1774306217880466544,4325
9461,1774306217882199796,1774306217885986024,3786
9462,1774306217887464222,1774306217891801452,4337
9463,1774306217893464305,1774306217897370046,3905
9464,1774306217898954086,1774306217902310377,3356
9465,1774306217903934389,1774306217908281393,4347
9466,1774306217909913439,1774306217913593160,3679
9467,1774306217915288284,1774306217919705810,4417
9468,1774306217921149542,1774306217924912646,3763
9469,1774306217926541436,1774306217930935556,4394
9470,1774306217932176033,1774306217935457414,3281
9471,1774306217937048306,1774306217940908869,3860
9472,1774306217942551253,1774306217945917975,3366
9473,1774306217947313993,1774306217951788769,4474
9474,1774306217953467045,1774306217957514640,4047
9475,1774306217959120029,1774306217962642201,3522
9476,1774306217964433945,1774306217969125451,4691
9477,1774306217970846743,1774306217974738795,3892
9478,1774306217976465826,1774306217981303194,4837
9479,1774306217983164777,1774306217987064662,3899
9480,1774306217988822396,1774306217993473534,4651
9481,1774306217995365409,1774306217999694516,4329
9482,1774306218001368382,1774306218005824232,4455
9483,1774306218007528242,1774306218011289414,3761
9484,1774306218013037642,1774306218017390637,4352
9485,1774306218019292697,1774306218022988042,3695
9486,1774306218024590381,1774306218029062376,4471
9487,1774306218030760612,1774306218034624575,3863
9488,1774306218036279380,1774306218040503274,4223
9489,1774306218042370588,1774306218046443649,4073
9490,1774306218048143335,1774306218052417642,4274
9491,1774306218054200622,1774306218058260732,4060
9492,1774306218059787311,1774306218064316925,4529
9493,1774306218066408802,1774306218070257164,3848
9494,1774306218071852997,1774306218075217000,3364
9495,1774306218076961214,1774306218081301103,4339
9496,1774306218082922818,1774306218087265572,4342
9497,1774306218088793814,1774306218092565814,3772
9498,1774306218094437135,1774306218098222219,3785
9499,1774306218099882885,1774306218103821052,3938
9500,1774306218105692299,1774306218109351826,3659
9501,1774306218111031566,1774306218115243313,4211
9502,1774306218117012736,1774306218120914447,3901
9503,1774306218122570398,1774306218126747776,4177
9504,1774306218128349602,1774306218132738059,4388
9505,1774306218134471921,1774306218138833985,4362
9506,1774306218140747895,1774306218145094068,4346
9507,1774306218146934699,1774306218151289855,4355
9508,1774306218152962670,1774306218157116630,4153
9509,1774306218158761626,1774306218162392585,3630
9510,1774306218164106132,1774306218168602835,4496
9511,1774306218170282690,1774306218173980869,3698
9512,1774306218175649021,1774306218179466251,3817
9513,1774306218181392625,1774306218185799493,4406
9514,1774306218187659360,1774306218191203848,3544
9515,1774306218192948938,1774306218197153789,4204
9516,1774306218198922057,1774306218203304668,4382
9517,1774306218204949222,1774306218209288974,4339
9518,1774306218210559094,1774306218214514748,3955
9519,1774306218216145076,1774306218219490545,3345
9520,1774306218221154348,1774306218224623049,3468
9521,1774306218226352694,1774306218230100163,3747
9522,1774306218231778112,1774306218236054658,4276
9523,1774306218237800999,1774306218241693280,3892
9524,1774306218243297285,1774306218247489581,4192
9525,1774306218249207695,1774306218253240687,4032
9526,1774306218254845915,1774306218258940658,4094
9527,1774306218260521396,1774306218264785544,4264
9528,1774306218266416597,1774306218270135750,3719
9529,1774306218271791629,1774306218275447942,3656
9530,1774306218277435057,1774306218281876271,4441
9531,1774306218283530950,1774306218287502333,3971
9532,1774306218289355096,1774306218293395950,4040
9533,1774306218295093595,1774306218298947414,3853
9534,1774306218300703873,1774306218304905190,4201
9535,1774306218306506645,1774306218310414298,3907
9536,1774306218312138345,1774306218316641392,4503
9537,1774306218318482323,1774306218322664089,4181
9538,1774306218324473258,1774306218328318953,3845
9539,1774306218330054715,1774306218334446360,4391
9540,1774306218336126859,1774306218339860013,3733
9541,1774306218341599052,1774306218345185001,3585
9542,1774306218346866761,1774306218350415202,3548
9543,1774306218352159998,1774306218356032667,3872
9544,1774306218357419218,1774306218361042484,3623
9545,1774306218362089313,1774306218365150688,3061
9546,1774306218366619785,1774306218369661944,3042
9547,1774306218371223026,1774306218375578804,4355
9548,1774306218377293149,1774306218380975555,3682
9549,1774306218382703467,1774306218386429677,3726
9550,1774306218388130834,1774306218392561093,4430
9551,1774306218394244942,1774306218398050437,3805
9552,1774306218399744949,1774306218404037428,4292
9553,1774306218405724495,1774306218409188649,3464
9554,1774306218411152902,1774306218415046748,3893
9555,1774306218416673750,1774306218420533178,3859
9556,1774306218422413198,1774306218426926867,4513
9557,1774306218428587750,1774306218432469661,3881
9558,1774306218434259097,1774306218438499522,4240
9559,1774306218440142682,1774306218444247281,4104
9560,1774306218445933514,1774306218449496228,3562
9561,1774306218451264645,1774306218454858748,3594
9562,1774306218456676733,1774306218460515703,3838
9563,1774306218462167691,1774306218466571174,4403
9564,1774306218468280603,1774306218472478690,4198
9565,1774306218474089990,1774306218477877626,3787
9566,1774306218479569151,1774306218482976979,3407
9567,1774306218484759721,1774306218489161353,4401
9568,1774306218490633447,1774306218493848488,3215
9569,1774306218495327466,1774306218499717327,4389
9570,1774306218501330499,1774306218505052802,3722
9571,1774306218506650626,1774306218511010074,4359
9572,1774306218512701629,1774306218516553087,3851
9573,1774306218518347863,1774306218522745909,4398
9574,1774306218524351981,1774306218528342969,3990
9575,1774306218530262174,1774306218534401373,4139
9576,1774306218536098838,1774306218540268295,4169
9577,1774306218541941977,1774306218545454065,3512
9578,1774306218547146296,1774306218551683487,4537
9579,1774306218553470532,1774306218557062926,3592
9580,1774306218558818434,1774306218562762890,3944
9581,1774306218564459263,1774306218568107884,3648
9582,1774306218569756147,1774306218574021723,4265
9583,1774306218575694672,1774306218579603216,3908
9584,1774306218581276716,1774306218585572547,4295
9585,1774306218587324755,1774306218591187243,3862
9586,1774306218592803862,1774306218596604094,3800
9587,1774306218598214780,1774306218601804526,3589
9588,1774306218603474925,1774306218606756539,3281
9589,1774306218608379679,1774306218612330509,3950
9590,1774306218613846375,1774306218617215980,3369
9591,1774306218618933295,1774306218622369094,3435
9592,1774306218623896581,1774306218627839587,3943
9593,1774306218629453341,1774306218633295270,3841
9594,1774306218635050183,1774306218639310746,4260
9595,1774306218640789802,1774306218644981721,4191
9596,1774306218646572204,1774306218650529815,3957
9597,1774306218652146442,1774306218656447015,4300
9598,1774306218658050987,1774306218662059326,4008
9599,1774306218663738242,1774306218667270433,3532
9600,1774306218669036680,1774306218673106170,4069
9601,1774306218674906664,1774306218679126278,4219
9602,1774306218680945158,1774306218685046368,4101
9603,1774306218686923143,1774306218691278579,4355
9604,1774306218693005058,1774306218696711175,3706
9605,1774306218698364309,1774306218702073071,3708
9606,1774306218703655134,1774306218707213847,3558
9607,1774306218708920997,1774306218712317877,3396
9608,1774306218713976673,1774306218718057510,4080
9609,1774306218719690911,1774306218723119208,3428
9610,1774306218724939284,1774306218729398651,4459
9611,1774306218731086660,1774306218735386064,4299
9612,1774306218737047806,1774306218740550616,3502
9613,1774306218742198050,1774306218746658743,4460
9614,1774306218748372453,1774306218752052431,3679
9615,1774306218753739340,1774306218757381276,3641
9616,1774306218759050774,1774306218763243817,4193
9617,1774306218764775623,1774306218768120417,3344
9618,1774306218769753103,1774306218773795396,4042
9619,1774306218775413011,1774306218778951928,3538
9620,1774306218780451252,1774306218784109845,3658
9621,1774306218785782844,1774306218790065662,4282
9622,1774306218791659214,1774306218795780738,4121
9623,1774306218797469264,1774306218801657940,4188
9624,1774306218803371138,1774306218807558909,4187
9625,1774306218809241448,1774306218813555742,4314
9626,1774306218815275857,1774306218819689439,4413
9627,1774306218821313888,1774306218825850861,4536
9628,1774306218827482148,1774306218831247118,3764
9629,1774306218833019700,1774306218836601484,3581
9630,1774306218838516448,1774306218842760311,4243
9631,1774306218844409431,1774306218848628688,4219
9632,1774306218850473662,1774306218854621878,4148
9633,1774306218856470733,1774306218860122347,3651
9634,1774306218861800594,1774306218866141198,4340
9635,1774306218867921752,1774306218871728078,3806
9636,1774306218873549000,1774306218877900736,4351
9637,1774306218879518383,1774306218882764159,3245
9638,1774306218884471571,1774306218888663299,4191
9639,1774306218889903430,1774306218893200223,3296
9640,1774306218894643443,1774306218897970931,3327
9641,1774306218899585138,1774306218903396585,3811
9642,1774306218904982961,1774306218909394736,4411
9643,1774306218910843732,1774306218915309037,4465
9644,1774306218916893835,1774306218920345040,3451
9645,1774306218921967683,1774306218925935331,3967
9646,1774306218927620945,1774306218931304528,3683
9647,1774306218933015063,1774306218937315968,4300
9648,1774306218939047927,1774306218942953278,3905
9649,1774306218944788825,1774306218949195391,4406
9650,1774306218950908395,1774306218954478860,3570
9651,1774306218956151807,1774306218960650091,4498
9652,1774306218962425693,1774306218966708838,4283
9653,1774306218968387738,1774306218972808058,4420
9654,1774306218974532883,1774306218978924710,4391
9655,1774306218980541213,1774306218985065855,4524
9656,1774306218986710554,1774306218990971197,4260
9657,1774306218992616228,1774306218996905271,4289
9658,1774306218998577735,1774306219002809829,4232
9659,1774306219004444719,1774306219008785604,4340
9660,1774306219010514731,1774306219014629987,4115
9661,1774306219016331988,1774306219020998469,4666
9662,1774306219022638763,1774306219026583725,3944
9663,1774306219028293280,1774306219032778891,4485
9664,1774306219034389200,1774306219038558940,4169
9665,1774306219040182370,1774306219043754270,3571
9666,1774306219045268550,1774306219048551933,3283
9667,1774306219049746983,1774306219053528205,3781
9668,1774306219055092249,1774306219059045686,3953
9669,1774306219060665763,1774306219064111328,3445
9670,1774306219065837954,1774306219070406171,4568
9671,1774306219072003284,1774306219075797049,3793
9672,1774306219077416300,1774306219081581713,4165
9673,1774306219083292584,1774306219087300541,4007
9674,1774306219089143562,1774306219092964664,3821
9675,1774306219094610556,1774306219098812074,4201
9676,1774306219100763544,1774306219104684294,3920
9677,1774306219106317043,1774306219110638395,4321
9678,1774306219112280018,1774306219116173871,3893
9679,1774306219117854107,1774306219122059827,4205
9680,1774306219123934007,1774306219127413943,3479
9681,1774306219129139902,1774306219133451093,4311
9682,1774306219135114393,1774306219138937714,3823
9683,1774306219140559365,1774306219144781796,4222
9684,1774306219146460368,1774306219150526486,4066
9685,1774306219152260377,1774306219156385345,4124
9686,1774306219158211566,1774306219162294599,4083
9687,1774306219164064860,1774306219167952499,3887
9688,1774306219169516086,1774306219173883125,4367
9689,1774306219175443738,1774306219179755951,4312
9690,1774306219181359855,1774306219185770891,4411
9691,1774306219187449752,1774306219191475688,4025
9692,1774306219193111980,1774306219196527840,3415
9693,1774306219198195847,1774306219202109401,3913
9694,1774306219203711474,1774306219207687121,3975
9695,1774306219209341111,1774306219213060097,3718
9696,1774306219214710256,1774306219218323067,3612
9697,1774306219219928557,1774306219223753155,3824
9698,1774306219225416339,1774306219229896607,4480
9699,1774306219231642912,1774306219236083385,4440
9700,1774306219237799832,1774306219242090178,4290
9701,1774306219243732835,1774306219247570625,3837
9702,1774306219249500001,1774306219253869614,4369
9703,1774306219255533979,1774306219259318817,3784
9704,1774306219261273639,1774306219265478298,4204
9705,1774306219267207522,1774306219271323342,4115
9706,1774306219273347856,1774306219277545649,4197
9707,1774306219279205635,1774306219283322595,4116
9708,1774306219285399047,1774306219289917719,4518
9709,1774306219291639799,1774306219295766256,4126
9710,1774306219297496375,1774306219302048047,4551
9711,1774306219314454231,1774306219318945164,4490
9712,1774306219320652155,1774306219324021010,3368
9713,1774306219325629639,1774306219330102796,4473
9714,1774306219331718472,1774306219335672361,3953
9715,1774306219337314620,1774306219341695648,4381
9716,1774306219343559718,1774306219347915328,4355
9717,1774306219349575898,1774306219353711085,4135
9718,1774306219355489484,1774306219359974944,4485
9719,1774306219361786091,1774306219366176683,4390
9720,1774306219367927061,1774306219371487307,3560
9721,1774306219373468955,1774306219377943627,4474
9722,1774306219379615003,1774306219383257914,3642
9723,1774306219384942419,1774306219388674586,3732
9724,1774306219390570779,1774306219394533595,3962
9725,1774306219396300322,1774306219400698571,4398
9726,1774306219402425757,1774306219406492933,4067
9727,1774306219408197868,1774306219412659794,4461
9728,1774306219414549526,1774306219418527793,3978
9729,1774306219420469528,1774306219424838402,4368
9730,1774306219426611615,1774306219430641009,4029
9731,1774306219432300080,1774306219436756040,4455
9732,1774306219438528565,1774306219442296544,3767
9733,1774306219443943544,1774306219448376412,4432
9734,1774306219450048433,1774306219454278069,4229
9735,1774306219455921402,1774306219459414004,3492
9736,1774306219461065333,1774306219464577968,3512
9737,1774306219466167441,1774306219469990722,3823
9738,1774306219471582851,1774306219475598453,4015
9739,1774306219477168618,1774306219481391784,4223
9740,1774306219483061372,1774306219486448636,3387
9741,1774306219488256572,1774306219492734105,4477
9742,1774306219494410247,1774306219498012954,3602
9743,1774306219499648693,1774306219503309672,3660
9744,1774306219504926912,1774306219509041803,4114
9745,1774306219510683448,1774306219514452246,3768
9746,1774306219516042032,1774306219520246291,4204
9747,1774306219521847093,1774306219525935554,4088
9748,1774306219527551946,1774306219531623951,4072
9749,1774306219533483388,1774306219537656559,4173
9750,1774306219539389636,1774306219543930736,4541
9751,1774306219545635082,1774306219549818119,4183
9752,1774306219551449419,1774306219555045194,3595
9753,1774306219556693978,1774306219561038635,4344
9754,1774306219562638983,1774306219566455562,3816
9755,1774306219568152538,1774306219572531844,4379
9756,1774306219574231550,1774306219578653671,4422
9757,1774306219580349127,1774306219584538277,4189
9758,1774306219586146234,1774306219590301696,4155
9759,1774306219591903105,1774306219595112250,3209
9760,1774306219596694419,1774306219600047194,3352
9761,1774306219601615734,1774306219605440233,3824
9762,1774306219607042227,1774306219610430612,3388
9763,1774306219612043592,1774306219616333471,4289
9764,1774306219617890438,1774306219622045197,4154
9765,1774306219623732557,1774306219627190148,3457
9766,1774306219628961566,1774306219633203593,4242
9767,1774306219634830537,1774306219638560118,3729
9768,1774306219640342699,1774306219644062449,3719
9769,1774306219645745273,1774306219649826525,4081
9770,1774306219651537569,1774306219656010441,4472
9771,1774306219657753671,1774306219661876687,4123
9772,1774306219663706311,1774306219668083647,4377
9773,1774306219669750527,1774306219673644385,3893
9774,1774306219675487844,1774306219679898654,4410
9775,1774306219681651755,1774306219685555076,3903
9776,1774306219687414884,1774306219691909561,4494
9777,1774306219693569577,1774306219697747592,4178
9778,1774306219699500302,1774306219703733105,4232
9779,1774306219705409917,1774306219709807111,4397
9780,1774306219711427224,1774306219715847649,4420
9781,1774306219717451062,1774306219721777484,4326
9782,1774306219723523610,1774306219726659136,3135
9783,1774306219728183442,1774306219732387068,4203
9784,1774306219733652445,1774306219737393397,3740
9785,1774306219738968806,1774306219742145479,3176
9786,1774306219743284262,1774306219746664228,3379
9787,1774306219748139210,1774306219751517816,3378
9788,1774306219753110165,1774306219756799549,3689
9789,1774306219758399385,1774306219761959882,3560
9790,1774306219763624478,1774306219767889044,4264
9791,1774306219769487389,1774306219773037079,3549
9792,1774306219774757423,1774306219778243312,3485
9793,1774306219779946660,1774306219783891809,3945
9794,1774306219785562305,1774306219789082028,3519
9795,1774306219790724623,1774306219794929240,4204
9796,1774306219796552776,1774306219800407101,3854
9797,1774306219802055249,1774306219806330339,4275
9798,1774306219808142408,1774306219812185568,4043
9799,1774306219813863981,1774306219818108771,4244
9800,1774306219819887931,1774306219824404664,4516
9801,1774306219826182912,1774306219829996910,3813
9802,1774306219831749194,1774306219836103994,4354
9803,1774306219837884600,1774306219841664952,3780
9804,1774306219843333805,1774306219847932613,4598
9805,1774306219849670879,1774306219854126583,4455
9806,1774306219855841510,1774306219860262889,4421
9807,1774306219861991461,1774306219865268454,3276
9808,1774306219866858803,1774306219870362132,3503
9809,1774306219871994473,1774306219875306594,3312
9810,1774306219876964634,1774306219880988394,4023
9811,1774306219882593644,1774306219886068905,3475
9812,1774306219887623494,1774306219891844310,4220
9813,1774306219893906693,1774306219897558284,3651
9814,1774306219899111169,1774306219903428136,4316
9815,1774306219905032207,1774306219908819481,3787
9816,1774306219910507605,1774306219913940686,3433
9817,1774306219915585206,1774306219919975473,4390
9818,1774306219921722425,1774306219926097863,4375
9819,1774306219927839536,1774306219931279321,3439
9820,1774306219932936868,1774306219937407920,4471
9821,1774306219939066735,1774306219943489731,4422
9822,1774306219945275344,1774306219949670911,4395
9823,1774306219951454760,1774306219956045838,4591
9824,1774306219957827330,1774306219961946480,4119
9825,1774306219963629532,1774306219967533889,3904
9826,1774306219969262819,1774306219972951422,3688
9827,1774306219974598454,1774306219978216929,3618
9828,1774306219979901718,1774306219984162012,4260
9829,1774306219986060836,1774306219990484188,4423
9830,1774306219992080443,1774306219996560314,4479
9831,1774306219997984703,1774306220001443044,3458
9832,1774306220003087686,1774306220007514505,4426
9833,1774306220008994637,1774306220012014269,3019
9834,1774306220013634946,1774306220017328383,3693
9835,1774306220018995881,1774306220022505851,3509
9836,1774306220024177421,1774306220027909412,3731
9837,1774306220029527708,1774306220033190190,3662
9838,1774306220034858353,1774306220038452770,3594
9839,1774306220040176571,1774306220044752592,4576
9840,1774306220046356317,1774306220050211210,3854
9841,1774306220052047804,1774306220056357689,4309
9842,1774306220058031827,1774306220062031259,3999
9843,1774306220063648280,1774306220067914595,4266
9844,1774306220069509652,1774306220073218179,3708
9845,1774306220075401973,1774306220079976271,4574
9846,1774306220081756782,1774306220085434944,3678
9847,1774306220087371257,1774306220091720452,4349
9848,1774306220093347042,1774306220097313148,3966
9849,1774306220099190057,1774306220103561054,4370
9850,1774306220105415061,1774306220109734256,4319
9851,1774306220111516311,1774306220115674609,4158
9852,1774306220117326202,1774306220121762395,4436
9853,1774306220123552390,1774306220127989080,4436
9854,1774306220129595263,1774306220133847538,4252
9855,1774306220135574253,1774306220139788529,4214
9856,1774306220141490693,1774306220144882316,3391
9857,1774306220146526030,1774306220150369223,3843
9858,1774306220152041327,1774306220156029856,3988
9859,1774306220157643584,1774306220160993972,3350
9860,1774306220162562981,1774306220166130950,3567
9861,1774306220167740459,1774306220171682491,3942
9862,1774306220173403099,1774306220177465202,4062
9863,1774306220179104203,1774306220183263836,4159
9864,1774306220184904270,1774306220189085230,4180
9865,1774306220190735919,1774306220194632857,3896
9866,1774306220196242156,1774306220200508841,4266
9867,1774306220202137367,1774306220206462499,4325
9868,1774306220208183082,1774306220212568311,4385
9869,1774306220214205338,1774306220218616544,4411
9870,1774306220220245868,1774306220223788826,3542
9871,1774306220225617378,1774306220230132281,4514
9872,1774306220232222308,1774306220236490124,4267
9873,1774306220238395408,1774306220242822628,4427
9874,1774306220244583247,1774306220248873421,4290
9875,1774306220250637811,1774306220254168983,3531
9876,1774306220255836829,1774306220259649561,3812
9877,1774306220261312710,1774306220265708257,4395
9878,1774306220267346615,1774306220271698660,4352
9879,1774306220273484789,1774306220277016727,3531
9880,1774306220278446295,1774306220282446644,4000
9881,1774306220284048052,1774306220287352774,3304
9882,1774306220288873735,1774306220292329482,3455
9883,1774306220293971337,1774306220297284375,3313
9884,1774306220298907859,1774306220303127969,4220
9885,1774306220304693069,1774306220308123892,3430
9886,1774306220309731027,1774306220313297436,3566
9887,1774306220315116495,1774306220319268633,4152
9888,1774306220320904533,1774306220324982672,4078
9889,1774306220326802834,1774306220330795700,3992
9890,1774306220332428388,1774306220336419705,3991
9891,1774306220338157889,1774306220342113736,3955
9892,1774306220343918808,1774306220348219278,4300
9893,1774306220350057213,1774306220353855833,3798
9894,1774306220355624261,1774306220360145995,4521
9895,1774306220362147146,1774306220366441217,4294
9896,1774306220368382566,1774306220372627584,4245
9897,1774306220374520224,1774306220378908272,4388
9898,1774306220380669458,1774306220384189592,3520
9899,1774306220385985294,1774306220389987996,4002
9900,1774306220391656280,1774306220395871962,4215
9901,1774306220397553291,1774306220402025413,4472
9902,1774306220403807139,1774306220408285802,4478
9903,1774306220409802578,1774306220413424367,3621
9904,1774306220415243224,1774306220419577677,4334
9905,1774306220421268797,1774306220425206798,3938
9906,1774306220426892962,1774306220430431342,3538
9907,1774306220432158467,1774306220435845094,3686
9908,1774306220437562345,1774306220441027608,3465
9909,1774306220442537259,1774306220446130706,3593
9910,1774306220447732070,1774306220452010961,4278
9911,1774306220453759545,1774306220457654284,3894
9912,1774306220459379324,1774306220463915991,4536
9913,1774306220465662315,1774306220469620359,3958
9914,1774306220471494780,1774306220475977579,4482
9915,1774306220477871140,1774306220481964033,4092
9916,1774306220483641121,1774306220487303437,3662
9917,1774306220489075663,1774306220493254971,4179
9918,1774306220495133334,1774306220499402630,4269
9919,1774306220501212390,1774306220505269221,4056
9920,1774306220507097365,1774306220511317412,4220
9921,1774306220513047695,1774306220517179435,4131
9922,1774306220519046169,1774306220523187678,4141
9923,1774306220524975822,1774306220529125681,4149
9924,1774306220531023241,1774306220535263401,4240
9925,1774306220537035816,1774306220540474992,3439
9926,1774306220542242422,1774306220546598386,4355
9927,1774306220548118326,1774306220551533144,3414
9928,1774306220552924484,1774306220556101068,3176
9929,1774306220557667012,1774306220560867913,3200
9930,1774306220562151046,1774306220566283098,4132
9931,1774306220567469878,1774306220570533774,3063
9932,1774306220572090497,1774306220575468091,3377
9933,1774306220577106215,1774306220580592978,3486
9934,1774306220582201971,1774306220586143052,3941
9935,1774306220587748187,1774306220591167591,3419
9936,1774306220592843331,1774306220597081702,4238
9937,1774306220598707450,1774306220602750013,4042
9938,1774306220604387106,1774306220608437921,4050
9939,1774306220610344560,1774306220614424383,4079
9940,1774306220616403781,1774306220620810455,4406
9941,1774306220622476981,1774306220626339338,3862
9942,1774306220628098511,1774306220632474555,4376
9943,1774306220634345396,1774306220638307829,3962
9944,1774306220640093881,1774306220644547077,4453
9945,1774306220646447286,1774306220650396594,3949
9946,1774306220652093077,1774306220656250685,4157
9947,1774306220658193796,1774306220662202042,4008
9948,1774306220664324096,1774306220668672353,4348
9949,1774306220670516342,1774306220674805045,4288
9950,1774306220676584775,1774306220680924992,4340
9951,1774306220682570525,1774306220686938921,4368
9952,1774306220688569862,1774306220692000501,3430
9953,1774306220693611157,1774306220697017621,3406
9954,1774306220698488308,1774306220702705122,4216
9955,1774306220704348568,1774306220708009702,3661
9956,1774306220709590705,1774306220713067126,3476
9957,1774306220714763520,1774306220718303627,3540
9958,1774306220719908488,1774306220724043901,4135
9959,1774306220725705423,1774306220729937054,4231
9960,1774306220731573781,1774306220735126816,3553
9961,1774306220736905869,1774306220741484447,4578
9962,1774306220743304707,1774306220747540593,4235
9963,1774306220749329389,1774306220753232699,3903
9964,1774306220754911501,1774306220759159986,4248
9965,1774306220760919581,1774306220765172998,4253
9966,1774306220766825074,1774306220770964043,4138
9967,1774306220772692952,1774306220776534514,3841
9968,1774306220778344370,1774306220782652645,4308
9969,1774306220784368157,1774306220788001489,3633
9970,1774306220789726904,1774306220793938779,4211
9971,1774306220795510735,1774306220800026015,4515
9972,1774306220801755403,1774306220806036205,4280
9973,1774306220807636729,1774306220812068409,4431
9974,1774306220813763531,1774306220818002821,4239
9975,1774306220819714245,1774306220824014471,4300
9976,1774306220825621725,1774306220829946669,4324
9977,1774306220831207288,1774306220834701372,3494
9978,1774306220836405977,1774306220840382410,3976
9979,1774306220841979949,1774306220845407250,3427
9980,1774306220846899435,1774306220850040907,3141
9981,1774306220851702884,1774306220855975769,4272
9982,1774306220857542053,1774306220861410137,3868
9983,1774306220863043335,1774306220867329215,4285
9984,1774306220869034344,1774306220872936187,3901
9985,1774306220874583562,1774306220878235019,3651
9986,1774306220879928800,1774306220883760416,3831
9987,1774306220885557725,1774306220889874466,4316
9988,1774306220891519718,1774306220895485655,3965
9989,1774306220897285634,1774306220900664897,3379
9990,1774306220902260267,1774306220905859025,3598
9991,1774306220907375547,1774306220910669264,3293
9992,1774306220912354637,1774306220916634939,4280
9993,1774306220918320274,1774306220922451896,4131
9994,1774306220924133151,1774306220928403337,4270
9995,1774306220930124259,1774306220933883618,3759
9996,1774306220935557249,1774306220939825812,4268
9997,1774306220941463335,1774306220945362976,3899
9998,1774306220947081143,1774306220951374271,4293
9999,1774306220952969589,1774306220956247055,3277
10000,1774306220957856180,1774306220961315657,3459
10001,1774306220962721159,1774306220967143883,4422
10002,1774306220968708849,1774306220972390404,3681
10003,1774306220974000584,1774306220978395876,4395
10004,1774306220980018118,1774306220984179065,4160
10005,1774306220985731052,1774306220989286614,3555
10006,1774306220990977746,1774306220994273040,3295
10007,1774306220996058103,1774306221000433104,4375
10008,1774306221002371479,1774306221006375644,4004
10009,1774306221008280887,1774306221012710488,4429
10010,1774306221014498997,1774306221018539002,4040
10011,1774306221020371551,1774306221024015104,3643
10012,1774306221025644574,1774306221030062693,4418
10013,1774306221031864548,1774306221035616871,3752
10014,1774306221037266000,1774306221041596367,4330
10015,1774306221043445946,1774306221047979915,4533
10016,1774306221049736101,1774306221054005070,4268
10017,1774306221055719258,1774306221060050899,4331
10018,1774306221061782286,1774306221066029083,4246
10019,1774306221067882658,1774306221072082021,4199
10020,1774306221073856059,1774306221078158405,4302
10021,1774306221080058345,1774306221084627835,4569
10022,1774306221086360746,1774306221090312044,3951
10023,1774306221092084301,1774306221095558065,3473
10024,1774306221097189740,1774306221100595288,3405
10025,1774306221102014944,1774306221105918537,3903
10026,1774306221107538923,1774306221111479817,3940
10027,1774306221113116425,1774306221116499441,3383
10028,1774306221117910829,1774306221122317688,4406
10029,1774306221123918177,1774306221127290388,3372
10030,1774306221129207051,1774306221133577136,4370
10031,1774306221135369204,1774306221138970462,3601
10032,1774306221140977670,1774306221144573661,3595
10033,1774306221146427173,1774306221150749436,4322
10034,1774306221152520055,1774306221156210504,3690
10035,1774306221157947520,1774306221162065690,4118
10036,1774306221163897027,1774306221167672832,3775
10037,1774306221169296739,1774306221172999024,3702
10038,1774306221174733581,1774306221178276722,3543
10039,1774306221179905094,1774306221183774016,3868
10040,1774306221185410319,1774306221189534493,4124
10041,1774306221191356619,1774306221195476994,4120
10042,1774306221197191405,1774306221201250292,4058
10043,1774306221203149972,1774306221207619615,4469
10044,1774306221209554924,1774306221214104628,4549
10045,1774306221215771472,1774306221219832738,4061
10046,1774306221221459872,1774306221225793646,4333
10047,1774306221227435168,1774306221231537986,4102
10048,1774306221233288542,1774306221237553657,4265
10049,1774306221239207040,1774306221243561774,4354
10050,1774306221245118726,1774306221248695628,3576
10051,1774306221250020817,1774306221254312719,4291
10052,1774306221255910081,1774306221259687885,3777
10053,1774306221261176464,1774306221264844435,3667
10054,1774306221266514418,1774306221270737695,4223
10055,1774306221272332075,1774306221276277425,3945
10056,1774306221277869645,1774306221282010562,4140
10057,1774306221283621334,1774306221287402318,3780
10058,1774306221289137971,1774306221292934160,3796
10059,1774306221294508795,1774306221298896266,4387
10060,1774306221300642074,1774306221304501885,3859
10061,1774306221306174421,1774306221310429591,4255
10062,1774306221312327381,1774306221316635349,4307
10063,1774306221318400973,1774306221322869072,4468
10064,1774306221324547488,1774306221328976237,4428
10065,1774306221330696663,1774306221335062603,4365
10066,1774306221336741725,1774306221341050795,4309
10067,1774306221342660218,1774306221346877242,4217
10068,1774306221348519136,1774306221352649950,4130
10069,1774306221354390161,1774306221358597399,4207
10070,1774306221360230307,1774306221364325412,4095
10071,1774306221366003694,1774306221369352889,3349
10072,1774306221370961751,1774306221375149576,4187
10073,1774306221376639819,1774306221379839970,3200
10074,1774306221381490252,1774306221384852174,3361
10075,1774306221386385502,1774306221390473377,4087
10076,1774306221392086384,1774306221395323252,3236
10077,1774306221396856697,1774306221401424845,4568
10078,1774306221403007225,1774306221406935175,3927
10079,1774306221408565692,1774306221412845461,4279
10080,1774306221414487868,1774306221418981107,4493
10081,1774306221420743346,1774306221424940219,4196
10082,1774306221426516826,1774306221430971099,4454
10083,1774306221432704902,1774306221436888985,4184
10084,1774306221438698164,1774306221443059095,4360
10085,1774306221444753887,1774306221449006011,4252
10086,1774306221450630328,1774306221455045438,4415
10087,1774306221456749847,1774306221460947920,4198
10088,1774306221462526750,1774306221467107242,4580
10089,1774306221468774041,1774306221472580389,3806
10090,1774306221474474947,1774306221478902115,4427
10091,1774306221480571544,1774306221485035889,4464
10092,1774306221486744814,1774306221490970987,4226
10093,1774306221492595415,1774306221497025180,4429
10094,1774306221498870338,1774306221503017260,4146
10095,1774306221504852288,1774306221508097267,3244
10096,1774306221509635264,1774306221513083043,3447
10097,1774306221514887551,1774306221518658145,3770
10098,1774306221520231230,1774306221523979498,3748
10099,1774306221525592424,1774306221529844813,4252
10100,1774306221531466510,1774306221535071941,3605
10101,1774306221536734107,1774306221540938982,4204
10102,1774306221542585704,1774306221546140852,3555
10103,1774306221547869032,1774306221552024641,4155
10104,1774306221553569867,1774306221557965514,4395
10105,1774306221559857532,1774306221564017610,4160
10106,1774306221565602799,1774306221569809851,4207
10107,1774306221571636902,1774306221575995474,4358
10108,1774306221577656824,1774306221581989478,4332
10109,1774306221583815102,1774306221587559978,3744
10110,1774306221589239812,1774306221593416799,4176
10111,1774306221595124019,1774306221599370070,4246
10112,1774306221601036928,1774306221605206288,4169
10113,1774306221606850173,1774306221610349612,3499
10114,1774306221612023252,1774306221616515626,4492
10115,1774306221618432963,1774306221622061973,3629
10116,1774306221623683879,1774306221627839355,4155
10117,1774306221629505494,1774306221633497900,3992
10118,1774306221635119142,1774306221638438450,3319
10119,1774306221640067223,1774306221644565358,4498
10120,1774306221646203987,1774306221650597326,4393
10121,1774306221652352758,1774306221655555904,3203
10122,1774306221656940660,1774306221660379065,3438
10123,1774306221661968076,1774306221665757214,3789
10124,1774306221667229810,1774306221670960383,3730
10125,1774306221672510216,1774306221676766657,4256
10126,1774306221678444261,1774306221682794798,4350
10127,1774306221684415151,1774306221688594691,4179
10128,1774306221690492661,1774306221694884917,4392
10129,1774306221696517053,1774306221700783207,4266
10130,1774306221702451708,1774306221706827298,4375
10131,1774306221708502643,1774306221712912350,4409
10132,1774306221714703557,1774306221718974603,4271
10133,1774306221720638990,1774306221725012421,4373
10134,1774306221726858356,1774306221730946705,4088
10135,1774306221732678696,1774306221736939123,4260
10136,1774306221738613067,1774306221742814786,4201
10137,1774306221744520791,1774306221748882956,4362
10138,1774306221750928443,1774306221755612713,4684
10139,1774306221757306964,1774306221761569604,4262
10140,1774306221763247048,1774306221767658742,4411
10141,1774306221769247131,1774306221772999878,3752
10142,1774306221774688219,1774306221778014193,3325
10143,1774306221779589008,1774306221783041198,3452
10144,1774306221784621916,1774306221787871626,3249
10145,1774306221789441165,1774306221793065930,3624
10146,1774306221794404440,1774306221798677104,4272
10147,1774306221799800807,1774306221803673238,3872
10148,1774306221805266341,1774306221808763685,3497
10149,1774306221810366212,1774306221813996250,3630
10150,1774306221815580213,1774306221819055336,3475
10151,1774306221820731340,1774306221824498689,3767
10152,1774306221826101287,1774306221829473201,3371
10153,1774306221831204396,1774306221835002530,3798
10154,1774306221836671175,1774306221840889064,4217
10155,1774306221842535938,1774306221846450118,3914
10156,1774306221848128047,1774306221852560070,4432
10157,1774306221854186383,1774306221858609714,4423
10158,1774306221860398552,1774306221864606037,4207
10159,1774306221866266591,1774306221870505655,4239
10160,1774306221872153482,1774306221876468279,4314
10161,1774306221878214657,1774306221882123680,3909
10162,1774306221883889975,1774306221888148897,4258
10163,1774306221889860188,1774306221893926406,4066
10164,1774306221895666755,1774306221899455115,3788
10165,1774306221901027816,1774306221904128072,3100
10166,1774306221905367566,1774306221908930392,3562
10167,1774306221910359200,1774306221914688943,4329
10168,1774306221916293420,1774306221920499353,4205
10169,1774306221922170778,1774306221925811465,3640
10170,1774306221927362679,1774306221930507788,3145
10171,1774306221932049781,1774306221935756027,3706
10172,1774306221937296280,1774306221941525387,4229
10173,1774306221943099618,1774306221947123554,4023
10174,1774306221948861468,1774306221952786043,3924
10175,1774306221954347097,1774306221958566952,4219
10176,1774306221960266019,1774306221964687749,4421
10177,1774306221966539294,1774306221970921528,4382
10178,1774306221972832920,1774306221976973198,4140
10179,1774306221978687351,1774306221983115546,4428
10180,1774306221984788006,1774306221988948437,4160
10181,1774306221990610054,1774306221995084291,4474
10182,1774306221996750801,1774306222000960754,4209
10183,1774306222002723322,1774306222007081276,4357
10184,1774306222008775078,1774306222012441161,3666
10185,1774306222014342513,1774306222018486915,4144
10186,1774306222020499454,1774306222024924270,4424
10187,1774306222026764909,1774306222030967022,4202
10188,1774306222032648067,1774306222037048204,4400
10189,1774306222038933396,1774306222043232754,4299
10190,1774306222045012570,1774306222049415175,4402
10191,1774306222050975601,1774306222054622858,3647
10192,1774306222056186177,1774306222059993081,3806
10193,1774306222061602851,1774306222065966091,4363
10194,1774306222067532525,1774306222071060704,3528
10195,1774306222072652459,1774306222076102609,3450
10196,1774306222077557771,1774306222081448612,3890
10197,1774306222083055673,1774306222086699124,3643
10198,1774306222088300089,1774306222092536706,4236
10199,1774306222094198266,1774306222097925990,3727
10200,1774306222099957611,1774306222103876770,3919
10201,1774306222105826270,1774306222110018966,4192
10202,1774306222111605083,1774306222115320794,3715
10203,1774306222117152579,1774306222121417433,4264
10204,1774306222123109201,1774306222126745479,3636
10205,1774306222128387241,1774306222132111834,3724
10206,1774306222133745961,1774306222137984873,4238
10207,1774306222139757598,1774306222143664981,3907
10208,1774306222145281615,1774306222149668700,4387
10209,1774306222151373654,1774306222155440484,4066
10210,1774306222157343653,1774306222161635527,4291
10211,1774306222163510077,1774306222167500764,3990
10212,1774306222169348524,1774306222173627305,4278
10213,1774306222175392905,1774306222178613729,3220
10214,1774306222180374811,1774306222184927749,4552
10215,1774306222186619173,1774306222189897919,3278
10216,1774306222191520412,1774306222194888617,3368
10217,1774306222196490993,1774306222200740978,4249
10218,1774306222202089529,1774306222206154569,4065
10219,1774306222207772169,1774306222211167683,3395
10220,1774306222212846001,1774306222216480309,3634
10221,1774306222218139040,1774306222221962325,3823
10222,1774306222223529598,1774306222226930235,3400
10223,1774306222228545229,1774306222233066949,4521
10224,1774306222234772873,1774306222238178033,3405
10225,1774306222239856404,1774306222243562111,3705
10226,1774306222245428154,1774306222249578136,4149
10227,1774306222251395439,1774306222255274631,3879
10228,1774306222257108710,1774306222261330490,4221
10229,1774306222263066653,1774306222266709664,3643
10230,1774306222268413918,1774306222272512898,4098
10231,1774306222274169045,1774306222277997903,3828
10232,1774306222279595068,1774306222284019599,4424
10233,1774306222285799751,1774306222289690858,3891
10234,1774306222291371412,1774306222295973380,4601
10235,1774306222297884143,1774306222301690505,3806
10236,1774306222303343484,1774306222307720452,4376
10237,1774306222309375623,1774306222313267065,3891
10238,1774306222315083035,1774306222319616017,4532
10239,1774306222321253909,1774306222325325585,4071
10240,1774306222327010678,1774306222331551337,4540
10241,1774306222333178912,1774306222337387228,4208
10242,1774306222338952927,1774306222342339911,3386
10243,1774306222344064497,1774306222348500850,4436
10244,1774306222350069945,1774306222353869644,3799
10245,1774306222355456052,1774306222359663797,4207
10246,1774306222361249376,1774306222365362479,4113
10247,1774306222367093019,1774306222371878504,4785
10248,1774306222373643339,1774306222377478418,3835
10249,1774306222379165747,1774306222383208794,4043
10250,1774306222384938777,1774306222388366345,3427
10251,1774306222390059531,1774306222393975993,3916
10252,1774306222395956147,1774306222400191359,4235
10253,1774306222401888476,1774306222405517839,3629
10254,1774306222407419720,1774306222411149896,3730
10255,1774306222413077674,1774306222417323174,4245
10256,1774306222419028203,1774306222422938522,3910
10257,1774306222424739531,1774306222428926890,4187
10258,1774306222430710457,1774306222434649599,3939
10259,1774306222436301165,1774306222440517697,4216
10260,1774306222442410348,1774306222446483254,4072
10261,1774306222448443651,1774306222452185852,3742
10262,1774306222454000341,1774306222458141684,4141
10263,1774306222459634043,1774306222464054795,4420
10264,1774306222465589158,1774306222469828386,4239
10265,1774306222471343143,1774306222475256704,3913
10266,1774306222476608476,1774306222480338052,3729
10267,1774306222482076675,1774306222485571509,3494
10268,1774306222486932182,1774306222490653921,3721
10269,1774306222492309051,1774306222495943607,3634
10270,1774306222497495870,1774306222501855007,4359
10271,1774306222503545421,1774306222507209074,3663
10272,1774306222508873524,1774306222512486154,3612
10273,1774306222514113610,1774306222518155284,4041
10274,1774306222519806139,1774306222523694575,3888
10275,1774306222525340125,1774306222529734816,4394
10276,1774306222531355117,1774306222535360096,4004
10277,1774306222536974133,1774306222541193224,4219
10278,1774306222543102419,1774306222547233998,4131
10279,1774306222548930699,1774306222552602065,3671
10280,1774306222554548384,1774306222559047526,4499
10281,1774306222560733435,1774306222564317113,3583
10282,1774306222566099038,1774306222570681906,4582
10283,1774306222572366419,1774306222576154248,3787
10284,1774306222578006429,1774306222581976047,3969
10285,1774306222583800241,1774306222587823003,4022
10286,1774306222589585214,1774306222593029692,3444
10287,1774306222594716590,1774306222599075759,4359
10288,1774306222600630973,1774306222604336403,3705
10289,1774306222605856019,1774306222609097264,3241
10290,1774306222610424806,1774306222614546780,4121
10291,1774306222616237368,1774306222619755618,3518
10292,1774306222621299149,1774306222624674111,3374
10293,1774306222626393533,1774306222630456427,4062
10294,1774306222632004338,1774306222635973176,3968
10295,1774306222637577388,1774306222641764786,4187
10296,1774306222643430188,1774306222647759446,4329
10297,1774306222649444944,1774306222653618601,4173
10298,1774306222655233262,1774306222659596080,4362
10299,1774306222661516380,1774306222665084359,3567
10300,1774306222666664924,1774306222670256857,3591
10301,1774306222672020562,1774306222675684093,3663
10302,1774306222677277439,1774306222681447361,4169
10303,1774306222683141743,1774306222686779146,3637
10304,1774306222688411561,1774306222692021564,3610
10305,1774306222693689431,1774306222698009110,4319
10306,1774306222699605580,1774306222703139769,3534
10307,1774306222705074652,1774306222709514240,4439
10308,1774306222711265091,1774306222715282564,4017
10309,1774306222717030993,1774306222720611740,3580
10310,1774306222722493283,1774306222727014389,4521
10311,1774306222728776371,1774306222732159931,3383
10312,1774306222733834572,1774306222738237440,4402
10313,1774306222739931530,1774306222743281830,3350
10314,1774306222744931093,1774306222749016926,4085
10315,1774306222750627588,1774306222754328442,3700
10316,1774306222755825343,1774306222759627555,3802
10317,1774306222761282384,1774306222765206885,3924
10318,1774306222766730663,1774306222770176362,3445
10319,1774306222771705420,1774306222775176166,3470
10320,1774306222776935881,1774306222781127504,4191
10321,1774306222782691085,1774306222786199596,3508
10322,1774306222787842868,1774306222792038844,4195
10323,1774306222793701713,1774306222797661330,3959
10324,1774306222799381122,1774306222803603971,4222
10325,1774306222805536075,1774306222809548973,4012
10326,1774306222811410179,1774306222815883419,4473
10327,1774306222817569347,1774306222821220590,3651
10328,1774306222822840342,1774306222826664164,3823
10329,1774306222828506968,1774306222832540061,4033
10330,1774306222834267210,1774306222838482506,4215
10331,1774306222840274023,1774306222844215590,3941
10332,1774306222845960004,1774306222850292714,4332
10333,1774306222852216307,1774306222856492276,4275
10334,1774306222858248605,1774306222862323295,4074
10335,1774306222864235810,1774306222868066888,3831
10336,1774306222869752310,1774306222874079313,4327
10337,1774306222875767060,1774306222879565368,3798
10338,1774306222881052097,1774306222885029140,3977
10339,1774306222886619505,1774306222890618270,3998
10340,1774306222892161932,1774306222896389168,4227
10341,1774306222898072987,1774306222901339043,3266
10342,1774306222902824671,1774306222907353214,4528
10343,1774306222908937823,1774306222912974495,4036
10344,1774306222914492532,1774306222918029108,3536
10345,1774306222919673996,1774306222923222603,3548
10346,1774306222924814107,1774306222928521386,3707
10347,1774306222930193349,1774306222934568590,4375
10348,1774306222936221711,1774306222940268173,4046
10349,1774306222941957059,1774306222946362762,4405
10350,1774306222948152988,1774306222952342797,4189
10351,1774306222954075852,1774306222958482746,4406
10352,1774306222960297793,1774306222964272401,3974
10353,1774306222965971571,1774306222970051056,4079
10354,1774306222971916787,1774306222976046071,4129
10355,1774306222977734568,1774306222981959482,4224
10356,1774306222983730154,1774306222987595035,3864
10357,1774306222989431935,1774306222993668366,4236
10358,1774306222995354526,1774306222999548397,4193
10359,1774306223001197956,1774306223005055054,3857
10360,1774306223006600240,1774306223010770787,4170
10361,1774306223012245773,1774306223015945814,3700
10362,1774306223017335070,1774306223021049192,3714
10363,1774306223022850097,1774306223026384322,3534
10364,1774306223027803008,1774306223032202290,4399
10365,1774306223033561068,1774306223036996440,3435
10366,1774306223038563734,1774306223042377011,3813
10367,1774306223044026737,1774306223047432592,3405
10368,1774306223049113047,1774306223053140400,4027
10369,1774306223054771252,1774306223058242579,3471
10370,1774306223060109246,1774306223064291233,4181
10371,1774306223065950077,1774306223070279831,4329
10372,1774306223072314160,1774306223076403461,4089
10373,1774306223078031057,1774306223082187723,4156
10374,1774306223083933356,1774306223087802358,3869
10375,1774306223089491807,1774306223093885912,4394
10376,1774306223095799774,1774306223099480704,3680
10377,1774306223101128806,1774306223105520232,4391
10378,1774306223107494188,1774306223111188879,3694
10379,1774306223112882393,1774306223117256368,4373
10380,1774306223118933918,1774306223122764507,3830
10381,1774306223124440484,1774306223128916076,4475
10382,1774306223130567307,1774306223134693490,4126
10383,1774306223136656219,1774306223141385261,4729
10384,1774306223143230102,1774306223147595878,4365
10385,1774306223149234710,1774306223153721694,4486
10386,1774306223155341354,1774306223158927661,3586
10387,1774306223160472696,1774306223164764490,4291
10388,1774306223166325564,1774306223170050703,3725
10389,1774306223171365223,1774306223175014695,3649
10390,1774306223176512597,1774306223180432140,3919
10391,1774306223182039516,1774306223185302091,3262
10392,1774306223186993400,1774306223190808571,3815
10393,1774306223192428618,1774306223196330686,3902
10394,1774306223198058940,1774306223202108931,4049
10395,1774306223203763152,1774306223207132006,3368
10396,1774306223208766646,1774306223213071268,4304
10397,1774306223214727653,1774306223218527943,3800
10398,1774306223220118934,1774306223224324461,4205
10399,1774306223226116981,1774306223230643640,4526
10400,1774306223232353328,1774306223236675862,4322
10401,1774306223238517451,1774306223242517485,4000
10402,1774306223244406183,1774306223248732416,4326
10403,1774306223250743766,1774306223255091749,4347
10404,1774306223256773601,1774306223260687709,3914
10405,1774306223262518519,1774306223266519378,4000
10406,1774306223268391822,1774306223272845056,4453
10407,1774306223274451877,1774306223278342961,3891
10408,1774306223279950538,1774306223284406333,4455
10409,1774306223285828951,1774306223290036994,4208
10410,1774306223291616347,1774306223296121380,4505
10411,1774306223297916627,1774306223302082636,4166
10412,1774306223303577882,1774306223306925595,3347
10413,1774306223308740385,1774306223312927847,4187
10414,1774306223314231974,1774306223317611910,3379
10415,1774306223319374310,1774306223323414705,4040
10416,1774306223325047329,1774306223329199803,4152
10417,1774306223330866699,1774306223335007681,4140
10418,1774306223336605423,1774306223340354160,3748
10419,1774306223342077286,1774306223345476972,3399
10420,1774306223347260080,1774306223351510531,4250
10421,1774306223353200192,1774306223357110605,3910
10422,1774306223358936691,1774306223363199033,4262
10423,1774306223364978316,1774306223368443042,3464
10424,1774306223370383304,1774306223374578736,4195
10425,1774306223376441008,1774306223380740963,4299
10426,1774306223382611695,1774306223386882762,4271
10427,1774306223388653633,1774306223392912350,4258
10428,1774306223394781766,1774306223398936045,4154
10429,1774306223400539464,1774306223404022198,3482
10430,1774306223405757463,1774306223409954928,4197
10431,1774306223411680771,1774306223415606278,3925
10432,1774306223417350768,1774306223421713326,4362
10433,1774306223423375937,1774306223427556196,4180
10434,1774306223429271999,1774306223433648469,4376
10435,1774306223435334755,1774306223438984912,3650
10436,1774306223440653442,1774306223444282485,3629
10437,1774306223445951825,1774306223449428219,3476
10438,1774306223451091168,1774306223455200128,4108
10439,1774306223456820091,1774306223460509731,3689
10440,1774306223462297412,1774306223466790515,4493
10441,1774306223468395889,1774306223472651445,4255
10442,1774306223474575524,1774306223478839673,4264
10443,1774306223480617866,1774306223484970661,4352
10444,1774306223486767752,1774306223490972219,4204
10445,1774306223492640407,1774306223497070042,4429
10446,1774306223498922573,1774306223502340178,3417
10447,1774306223504311295,1774306223508015742,3704
10448,1774306223509770124,1774306223513715212,3945
10449,1774306223515699491,1774306223519571802,3872
10450,1774306223521278903,1774306223525073020,3794
10451,1774306223527013742,1774306223531142872,4129
10452,1774306223532797794,1774306223536388808,3591
10453,1774306223538090829,1774306223542617954,4527
10454,1774306223544265982,1774306223548645373,4379
10455,1774306223550454196,1774306223554192443,3738
10456,1774306223555904308,1774306223560156492,4252
10457,1774306223561796611,1774306223565245715,3449
10458,1774306223566933335,1774306223571454643,4521
10459,1774306223573112443,1774306223576855754,3743
10460,1774306223578581330,1774306223581749036,3167
10461,1774306223583280177,1774306223587119510,3839
10462,1774306223588330372,1774306223591602914,3272
10463,1774306223593265728,1774306223596633380,3367
10464,1774306223598218910,1774306223601901461,3682
10465,1774306223603489084,1774306223607135365,3646
10466,1774306223608911610,1774306223613001813,4090
10467,1774306223614813469,1774306223619023615,4210
10468,1774306223620760473,1774306223624986081,4225
10469,1774306223626616502,1774306223630762288,4145
10470,1774306223632389105,1774306223636517281,4128
10471,1774306223638125347,1774306223642229571,4104
10472,1774306223643819940,1774306223647172107,3352
10473,1774306223648786048,1774306223652156207,3370
10474,1774306223653734327,1774306223657791535,4057
10475,1774306223659425079,1774306223663108926,3683
10476,1774306223664775937,1774306223668869803,4093
10477,1774306223670586692,1774306223674480058,3893
10478,1774306223676215749,1774306223679858163,3642
10479,1774306223681579936,1774306223685991122,4411
10480,1774306223687740037,1774306223692150030,4409
10481,1774306223694068795,1774306223697904864,3836
10482,1774306223699573071,1774306223704029946,4456
10483,1774306223705809571,1774306223708858839,3049
10484,1774306223710219916,1774306223713845564,3625
10485,1774306223715463937,1774306223718739001,3275
10486,1774306223720334101,1774306223723661863,3327
10487,1774306223725220032,1774306223728568433,3348
10488,1774306223730284896,1774306223734047537,3762
10489,1774306223735820732,1774306223740092442,4271
10490,1774306223741719321,1774306223745130183,3410
10491,1774306223746738499,1774306223750123959,3385
10492,1774306223751729416,1774306223755941566,4212
10493,1774306223757550207,1774306223761493350,3943
10494,1774306223763156291,1774306223767276191,4119
10495,1774306223769113738,1774306223773959002,4845
10496,1774306223775648123,1774306223780074644,4426
10497,1774306223781730674,1774306223785534563,3803
10498,1774306223787163703,1774306223791501260,4337
10499,1774306223793335304,1774306223797354238,4018
10500,1774306223799207897,1774306223803597579,4389
10501,1774306223805469030,1774306223809190139,3721
10502,1774306223810948458,1774306223815137760,4189
10503,1774306223816879882,1774306223820546641,3666
10504,1774306223822336818,1774306223826594570,4257
10505,1774306223828415743,1774306223832838062,4422
10506,1774306223834401695,1774306223838774390,4372
10507,1774306223840445844,1774306223844825992,4380
10508,1774306223846426796,1774306223850740458,4313
10509,1774306223852377495,1774306223856689526,4312
10510,1774306223858304162,1774306223862186082,3881
10511,1774306223863958343,1774306223867253171,3294
10512,1774306223868867083,1774306223872369749,3502
10513,1774306223873956130,1774306223878008529,4052
10514,1774306223879751157,1774306223883157957,3406
10515,1774306223884765601,1774306223888919023,4153
10516,1774306223890518196,1774306223894557308,4039
10517,1774306223896241998,1774306223900486671,4244
10518,1774306223902179486,1774306223906494691,4315
10519,1774306223908254902,1774306223911969471,3714
10520,1774306223913630111,1774306223917887685,4257
10521,1774306223919433439,1774306223923419418,3985
10522,1774306223925036427,1774306223929370390,4333
10523,1774306223931049905,1774306223935440094,4390
10524,1774306223937140298,1774306223940846996,3706
10525,1774306223942476477,1774306223946460924,3984
10526,1774306223948102701,1774306223952247996,4145
10527,1774306223953892875,1774306223957608756,3715
10528,1774306223959239204,1774306223963325862,4086
10529,1774306223965011646,1774306223969260423,4248
10530,1774306223970942839,1774306223975183602,4240
10531,1774306223976891034,1774306223980037597,3146
10532,1774306223981794575,1774306223985596585,3802
10533,1774306223987094027,1774306223990580169,3486
10534,1774306223992179598,1774306223996042114,3862
10535,1774306223997667466,1774306224002172240,4504
