iter,start_ns,end_ns,duration_us
1,1774012650340786298,1774012650344293851,3507
2,1774012650345828759,1774012650349024627,3195
3,1774012650350566357,1774012650353629123,3062
4,1774012650355253759,1774012650358771551,3517
5,1774012650360319002,1774012650363632502,3313
6,1774012650365244097,1774012650368007784,2763
7,1774012650369561961,1774012650372696273,3134
8,1774012650374249154,1774012650377663270,3414
9,1774012650379332512,1774012650382652121,3319
10,1774012650384175276,1774012650387454750,3279
11,1774012650388935527,1774012650391847001,2911
12,1774012650393419943,1774012650396112995,2693
13,1774012650397639843,1774012650400927810,3287
14,1774012650402437201,1774012650405111401,2674
15,1774012650406605042,1774012650409568798,2963
16,1774012650411113416,1774012650414073692,2960
17,1774012650415724608,1774012650419106786,3382
18,1774012650420681147,1774012650424187079,3505
19,1774012650425757677,1774012650429097308,3339
20,1774012650430752023,1774012650434113605,3361
21,1774012650435478510,1774012650437785684,2307
22,1774012650439144291,1774012650442519713,3375
23,1774012650443610486,1774012650446100525,2490
24,1774012650447522433,1774012650450822134,3299
25,1774012650452456643,1774012650455469522,3012
26,1774012650457014192,1774012650459799172,2784
27,1774012650461342246,1774012650464011728,2669
28,1774012650465545099,1774012650468241943,2696
29,1774012650469740363,1774012650473040996,3300
30,1774012650474570034,1774012650477064838,2494
31,1774012650478606809,1774012650481523792,2916
32,1774012650483061169,1774012650486400792,3339
33,1774012650487930567,1774012650490727787,2797
34,1774012650492228158,1774012650495499379,3271
35,1774012650497024629,1774012650499776809,2752
36,1774012650501319902,1774012650503914936,2595
37,1774012650505433221,1774012650508797435,3364
38,1774012650510455790,1774012650513057612,2601
39,1774012650514719890,1774012650518060490,3340
40,1774012650519579297,1774012650522834219,3254
41,1774012650524354088,1774012650527455932,3101
42,1774012650529069001,1774012650532350011,3281
43,1774012650533843050,1774012650536626222,2783
44,1774012650538202691,1774012650541461767,3259
45,1774012650542972177,1774012650546339226,3367
46,1774012650547801543,1774012650551114510,3312
47,1774012650552635266,1774012650555908547,3273
48,1774012650557171050,1774012650559800158,2629
49,1774012650561078848,1774012650564475913,3397
50,1774012650566116382,1774012650569281532,3165
51,1774012650570462372,1774012650572881719,2419
52,1774012650574204255,1774012650577744956,3540
53,1774012650578959776,1774012650582234095,3274
54,1774012650583357992,1774012650586344864,2986
55,1774012650587396887,1774012650589901109,2504
56,1774012650591492401,1774012650594226392,2733
57,1774012650595751301,1774012650598641111,2889
58,1774012650600186350,1774012650603374909,3188
59,1774012650604921524,1774012650608075532,3154
60,1774012650609541046,1774012650612883251,3342
61,1774012650614477037,1774012650617118378,2641
62,1774012650618740390,1774012650621725416,2985
63,1774012650623232712,1774012650626580013,3347
64,1774012650628114454,1774012650631485680,3371
65,1774012650633052518,1774012650635753541,2701
66,1774012650637257382,1774012650640601549,3344
67,1774012650642135757,1774012650645217847,3082
68,1774012650646766069,1774012650649537621,2771
69,1774012650651088845,1774012650654425936,3337
70,1774012650655926448,1774012650658861770,2935
71,1774012650660469406,1774012650663890390,3420
72,1774012650665486262,1774012650668917782,3431
73,1774012650670476110,1774012650673068342,2592
74,1774012650674606098,1774012650677948216,3342
75,1774012650679632977,1774012650683008605,3375
76,1774012650684625203,1774012650687945813,3320
77,1774012650689551525,1774012650692958481,3406
78,1774012650694506378,1774012650698043276,3536
79,1774012650699655378,1774012650703082071,3426
80,1774012650704587804,1774012650707086667,2498
81,1774012650708638620,1774012650712193686,3555
82,1774012650713708032,1774012650716719257,3011
83,1774012650718333817,1774012650721032338,2698
84,1774012650722529633,1774012650725206156,2676
85,1774012650726839732,1774012650730041589,3201
86,1774012650731614701,1774012650734924722,3310
87,1774012650736453179,1774012650739745751,3292
88,1774012650741313155,1774012650744323201,3010
89,1774012650745838757,1774012650748911468,3072
90,1774012650750551933,1774012650753835244,3283
91,1774012650755406970,1774012650758831189,3424
92,1774012650760342905,1774012650763767043,3424
93,1774012650765357736,1774012650768435896,3078
94,1774012650769953758,1774012650772745679,2791
95,1774012650774263281,1774012650777642588,3379
96,1774012650779079131,1774012650782402349,3323
97,1774012650783825222,1774012650787086240,3261
98,1774012650788707520,1774012650791945117,3237
99,1774012650793465796,1774012650796436923,2971
100,1774012650797991577,1774012650801237706,3246
101,1774012650802751251,1774012650806054898,3303
102,1774012650807510897,1774012650810799113,3288
103,1774012650812351048,1774012650814935785,2584
104,1774012650816451440,1774012650819067801,2616
105,1774012650820602340,1774012650823960098,3357
106,1774012650825527074,1774012650828500758,2973
107,1774012650829908750,1774012650832741154,2832
108,1774012650834307588,1774012650837778630,3471
109,1774012650839411523,1774012650842052507,2640
110,1774012650843466137,1774012650846067586,2601
111,1774012650847814082,1774012650850383029,2568
112,1774012650851937510,1774012650855436409,3498
113,1774012650857087062,1774012650860516288,3429
114,1774012650862135041,1774012650865281031,3145
115,1774012650866833497,1774012650869782690,2949
116,1774012650871314860,1774012650874001527,2686
117,1774012650875561303,1774012650878929317,3368
118,1774012650880371958,1774012650883878653,3506
119,1774012650885403284,1774012650888676851,3273
120,1774012650890211559,1774012650892825142,2613
121,1774012650894358514,1774012650897833560,3475
122,1774012650899405061,1774012650902737138,3332
123,1774012650904257348,1774012650906856407,2599
124,1774012650908372457,1774012650911419645,3047
125,1774012650912903987,1774012650916290773,3386
126,1774012650917899252,1774012650921666270,3767
127,1774012650923315674,1774012650926907026,3591
128,1774012650928517998,1774012650931896913,3378
129,1774012650933498856,1774012650937049360,3550
130,1774012650938632946,1774012650942308365,3675
131,1774012650943920233,1774012650947635897,3715
132,1774012650949246677,1774012650951972172,2725
133,1774012650953517988,1774012650956815468,3297
134,1774012650958389764,1774012650961775915,3386
135,1774012650963373589,1774012650967027701,3654
136,1774012650968569327,1774012650971429200,2859
137,1774012650973037706,1774012650975733039,2695
138,1774012650976946027,1774012650979580812,2634
139,1774012650980791613,1774012650984115286,3323
140,1774012650985738833,1774012650988958071,3219
141,1774012650990439937,1774012650993857046,3417
142,1774012650995393619,1774012650998809284,3415
143,1774012651000360771,1774012651003552755,3191
144,1774012651005101599,1774012651007824035,2722
145,1774012651009338753,1774012651012064182,2725
146,1774012651013586576,1774012651016966846,3380
147,1774012651018504748,1774012651021809564,3304
148,1774012651023333229,1774012651026740144,3406
149,1774012651028312102,1774012651031361427,3049
150,1774012651032901914,1774012651035755752,2853
151,1774012651037316646,1774012651040388926,3072
152,1774012651041824614,1774012651045057869,3233
153,1774012651046578452,1774012651049864363,3285
154,1774012651051370925,1774012651054642948,3272
155,1774012651056198994,1774012651059337906,3138
156,1774012651060832691,1774012651063767596,2934
157,1774012651065282617,1774012651067884327,2601
158,1774012651069423560,1774012651072109606,2686
159,1774012651073558137,1774012651076962230,3404
160,1774012651078484682,1774012651081801627,3316
161,1774012651083299635,1774012651086570602,3270
162,1774012651088057218,1774012651091222666,3165
163,1774012651092771159,1774012651096201166,3430
164,1774012651097813102,1774012651100375069,2561
165,1774012651101932695,1774012651105251920,3319
166,1774012651106703731,1774012651110232570,3528
167,1774012651111683697,1774012651114746249,3062
168,1774012651116362494,1774012651119035794,2673
169,1774012651120393330,1774012651123850016,3456
170,1774012651125451110,1774012651128059712,2608
171,1774012651129596733,1774012651132560887,2964
172,1774012651134063483,1774012651136764072,2700
173,1774012651138164338,1774012651140925291,2760
174,1774012651142455943,1774012651145776789,3320
175,1774012651147324983,1774012651150206264,2881
176,1774012651151688007,1774012651154606601,2918
177,1774012651156150202,1774012651159587367,3437
178,1774012651161110718,1774012651164249802,3139
179,1774012651165772980,1774012651168746248,2973
180,1774012651170344194,1774012651173013864,2669
181,1774012651174492646,1774012651177876051,3383
182,1774012651179413468,1774012651182030680,2617
183,1774012651183550814,1774012651186937331,3386
184,1774012651188483623,1774012651191814455,3330
185,1774012651193296978,1774012651195907661,2610
186,1774012651197436249,1774012651200478659,3042
187,1774012651202072210,1774012651205178081,3105
188,1774012651206722220,1774012651210068215,3345
189,1774012651211544516,1774012651214811926,3267
190,1774012651216386498,1774012651219600704,3214
191,1774012651221238161,1774012651224336355,3098
192,1774012651225859835,1774012651229333423,3473
193,1774012651230756906,1774012651233580849,2823
194,1774012651234854632,1774012651237680429,2825
195,1774012651238894733,1774012651241727137,2832
196,1774012651243240903,1774012651246389925,3149
197,1774012651247783057,1774012651250652984,2869
198,1774012651252251581,1774012651254877088,2625
199,1774012651256340201,1774012651259027631,2687
200,1774012651260452052,1774012651263075415,2623
201,1774012651264601197,1774012651267573784,2972
202,1774012651269053601,1774012651272287989,3234
203,1774012651273763399,1774012651277041510,3278
204,1774012651278584593,1774012651281956492,3371
205,1774012651283527556,1774012651286499759,2972
206,1774012651288052560,1774012651290774318,2721
207,1774012651292311727,1774012651294993320,2681
208,1774012651296495438,1774012651299215180,2719
209,1774012651300792895,1774012651304162570,3369
210,1774012651305682434,1774012651308951396,3268
211,1774012651310518836,1774012651313808301,3289
212,1774012651315312565,1774012651318329821,3017
213,1774012651319857186,1774012651322777241,2920
214,1774012651324298447,1774012651327683225,3384
215,1774012651329260009,1774012651332587228,3327
216,1774012651334031411,1774012651337365050,3333
217,1774012651338935027,1774012651341757600,2822
218,1774012651343280073,1774012651346412984,3132
219,1774012651347957383,1774012651351138445,3181
220,1774012651352624488,1774012651355532415,2907
221,1774012651356989737,1774012651359780694,2790
222,1774012651361342559,1774012651364650269,3307
223,1774012651366228277,1774012651369735687,3507
224,1774012651371305628,1774012651374778459,3472
225,1774012651376047255,1774012651379268254,3220
226,1774012651380910619,1774012651383755632,2845
227,1774012651385295641,1774012651388635228,3339
228,1774012651390164153,1774012651392892049,2727
229,1774012651394415509,1774012651397252458,2836
230,1774012651398787642,1774012651401699335,2911
231,1774012651403138811,1774012651405867121,2728
232,1774012651407429325,1774012651410121137,2691
233,1774012651411656729,1774012651415080780,3424
234,1774012651416590264,1774012651419552608,2962
235,1774012651421157212,1774012651425390548,4233
236,1774012651427898675,1774012651431216371,3317
237,1774012651432805448,1774012651435947995,3142
238,1774012651437349303,1774012651440313324,2964
239,1774012651441696346,1774012651444873261,3176
240,1774012651446786484,1774012651451325572,4539
241,1774012651453800037,1774012651458242529,4442
242,1774012651460034935,1774012651463463606,3428
243,1774012651465084760,1774012651468380223,3295
244,1774012651469978454,1774012651473445234,3466
245,1774012651475066036,1774012651477939816,2873
246,1774012651479580964,1774012651482554439,2973
247,1774012651484187934,1774012651486965377,2777
248,1774012651488511550,1774012651491940224,3428
249,1774012651493484391,1774012651496620425,3136
250,1774012651498249422,1774012651501402669,3153
251,1774012651503037376,1774012651505678852,2641
252,1774012651507081100,1774012651510576998,3495
253,1774012651511966014,1774012651514551436,2585
254,1774012651515903799,1774012651518953597,3049
255,1774012651520301954,1774012651523031897,2729
256,1774012651524755451,1774012651527634962,2879
257,1774012651529221408,1774012651531909173,2687
258,1774012651533432684,1774012651536401844,2969
259,1774012651537930856,1774012651540713731,2782
260,1774012651542232957,1774012651544986907,2753
261,1774012651546491530,1774012651549495766,3004
262,1774012651550995592,1774012651554478943,3483
263,1774012651556120179,1774012651559403427,3283
264,1774012651560916771,1774012651564209874,3293
265,1774012651565764356,1774012651568618299,2853
266,1774012651570138809,1774012651573286788,3147
267,1774012651574820774,1774012651578217406,3396
268,1774012651579819395,1774012651582819491,3000
269,1774012651584396100,1774012651587782392,3386
270,1774012651589315216,1774012651592492006,3176
271,1774012651594042263,1774012651597339059,3296
272,1774012651598831282,1774012651602024034,3192
273,1774012651603581708,1774012651606516622,2934
274,1774012651608072666,1774012651611176913,3104
275,1774012651612755672,1774012651615884074,3128
276,1774012651617403427,1774012651620428751,3025
277,1774012651621953180,1774012651625256098,3302
278,1774012651626806174,1774012651629678326,2872
279,1774012651631218843,1774012651633964911,2746
280,1774012651635541010,1774012651638356435,2815
281,1774012651639879207,1774012651642406036,2526
282,1774012651644038273,1774012651646769991,2731
283,1774012651648173894,1774012651650829039,2655
284,1774012651652400988,1774012651655042420,2641
285,1774012651656624360,1774012651659682021,3057
286,1774012651661082375,1774012651663884100,2801
287,1774012651665213081,1774012651667872623,2659
288,1774012651669378954,1774012651672443677,3064
289,1774012651673994265,1774012651677111540,3117
290,1774012651678522696,1774012651681525130,3002
291,1774012651683020100,1774012651686372217,3352
292,1774012651687896617,1774012651690729751,2833
293,1774012651692325483,1774012651695007736,2682
294,1774012651696545035,1774012651699836764,3291
295,1774012651701432480,1774012651704764530,3332
296,1774012651706282101,1774012651709320292,3038
297,1774012651710859829,1774012651713689629,2829
298,1774012651715204946,1774012651718363274,3158
299,1774012651719918894,1774012651723229227,3310
300,1774012651724753266,1774012651728013088,3259
301,1774012651729609378,1774012651732921863,3312
302,1774012651734472312,1774012651737413464,2941
303,1774012651738844249,1774012651742087641,3243
304,1774012651743621845,1774012651747013075,3391
305,1774012651748520627,1774012651751485281,2964
306,1774012651753027439,1774012651756282782,3255
307,1774012651757811797,1774012651761005799,3194
308,1774012651762581752,1774012651765929371,3347
309,1774012651767416757,1774012651770703027,3286
310,1774012651772304014,1774012651774812483,2508
311,1774012651776419679,1774012651779099804,2680
312,1774012651780685087,1774012651784071775,3386
313,1774012651785630945,1774012651788417054,2786
314,1774012651789707737,1774012651792313129,2605
315,1774012651793856650,1774012651797127305,3270
316,1774012651798664738,1774012651801607287,2942
317,1774012651803167267,1774012651806568940,3401
318,1774012651808053609,1774012651811065596,3011
319,1774012651812666398,1774012651815988210,3321
320,1774012651817517909,1774012651820818124,3300
321,1774012651822363456,1774012651825013162,2649
322,1774012651826641315,1774012651830550913,3909
323,1774012651832333294,1774012651836050806,3717
324,1774012651837412295,1774012651840889792,3477
325,1774012651842486311,1774012651845824278,3337
326,1774012651847390175,1774012651850376818,2986
327,1774012651851937866,1774012651855234787,3296
328,1774012651856898670,1774012651860188949,3290
329,1774012651861713557,1774012651865004464,3290
330,1774012651866579201,1774012651869535726,2956
331,1774012651871015429,1774012651874081272,3065
332,1774012651875626318,1774012651879007431,3381
333,1774012651880686820,1774012651884053744,3366
334,1774012651885608379,1774012651888899290,3290
335,1774012651890467107,1774012651893825358,3358
336,1774012651895364852,1774012651898431600,3066
337,1774012651899896477,1774012651903298813,3402
338,1774012651904694824,1774012651908138491,3443
339,1774012651909539716,1774012651912565469,3025
340,1774012651914178635,1774012651917628827,3450
341,1774012651919102394,1774012651921843622,2741
342,1774012651923526979,1774012651926378673,2851
343,1774012651927933673,1774012651931489365,3555
344,1774012651932876475,1774012651936108068,3231
345,1774012651937551817,1774012651940498832,2947
346,1774012651942212030,1774012651945351276,3139
347,1774012651946845621,1774012651949773506,2927
348,1774012651951287619,1774012651954352001,3064
349,1774012651955908338,1774012651958770069,2861
350,1774012651960264441,1774012651962892026,2627
351,1774012651964425777,1774012651967086424,2660
352,1774012651968654097,1774012651971986990,3332
353,1774012651973491492,1774012651976457137,2965
354,1774012651977992244,1774012651981348728,3356
355,1774012651982799877,1774012651986069109,3269
356,1774012651987589558,1774012651990835966,3246
357,1774012651992367712,1774012651994991287,2623
358,1774012651996590477,1774012651999984257,3393
359,1774012652001519615,1774012652004827696,3308
360,1774012652006340791,1774012652009623346,3282
361,1774012652011071974,1774012652014211810,3139
362,1774012652015683602,1774012652018539220,2855
363,1774012652020100815,1774012652022855227,2754
364,1774012652024376265,1774012652027450097,3073
365,1774012652028962825,1774012652032311910,3349
366,1774012652033841804,1774012652036683397,2841
367,1774012652038124621,1774012652041678168,3553
368,1774012652043253405,1774012652046762744,3509
369,1774012652048320299,1774012652051761628,3441
370,1774012652053399216,1774012652056513252,3114
371,1774012652058165211,1774012652060817785,2652
372,1774012652062430845,1774012652065786804,3355
373,1774012652067073345,1774012652069912717,2839
374,1774012652071435548,1774012652074912380,3476
375,1774012652076434607,1774012652078949499,2514
376,1774012652080512443,1774012652083533521,3021
377,1774012652085141500,1774012652087862190,2720
378,1774012652089403938,1774012652092461931,3057
379,1774012652093901237,1774012652096797416,2896
380,1774012652098324642,1774012652101414187,3089
381,1774012652102834966,1774012652106146897,3311
382,1774012652107708346,1774012652110560477,2852
383,1774012652112081781,1774012652114803689,2721
384,1774012652116320989,1774012652119010022,2689
385,1774012652120528400,1774012652123594250,3065
386,1774012652125158439,1774012652128273061,3114
387,1774012652129837737,1774012652133113994,3276
388,1774012652134658583,1774012652137885456,3226
389,1774012652139410735,1774012652142554233,3143
390,1774012652144069877,1774012652147136480,3066
391,1774012652148666414,1774012652151960152,3293
392,1774012652153469045,1774012652156775712,3306
393,1774012652158307762,1774012652161347302,3039
394,1774012652162866659,1774012652165786437,2919
395,1774012652167360449,1774012652170810137,3449
396,1774012652172369739,1774012652175897248,3527
397,1774012652177473809,1774012652180980175,3506
398,1774012652182539084,1774012652186008759,3469
399,1774012652187569353,1774012652190204936,2635
400,1774012652191501739,1774012652194063743,2562
401,1774012652195629295,1774012652199038124,3408
402,1774012652200208782,1774012652203573325,3364
403,1774012652205211217,1774012652207846706,2635
404,1774012652209365952,1774012652212410177,3044
405,1774012652213977997,1774012652217435217,3457
406,1774012652218902640,1774012652221719614,2816
407,1774012652223281510,1774012652226362275,3080
408,1774012652227876214,1774012652230706192,2829
409,1774012652232216397,1774012652235517772,3301
410,1774012652237069262,1774012652239769406,2700
411,1774012652241288209,1774012652244348556,3060
412,1774012652245876641,1774012652248734638,2857
413,1774012652250285051,1774012652253718038,3432
414,1774012652255217349,1774012652258643429,3426
415,1774012652260085612,1774012652262807627,2722
416,1774012652264390796,1774012652267821647,3430
417,1774012652269365110,1774012652272760519,3395
418,1774012652274281804,1774012652277365541,3083
419,1774012652278892320,1774012652281683650,2791
420,1774012652283227212,1774012652285843776,2616
421,1774012652287351810,1774012652290754896,3403
422,1774012652292261887,1774012652295439896,3178
423,1774012652296981215,1774012652299734254,2753
424,1774012652301123185,1774012652304355104,3231
425,1774012652305841640,1774012652309131870,3290
426,1774012652310683356,1774012652314041322,3357
427,1774012652315543216,1774012652319030021,3486
428,1774012652320604503,1774012652323415111,2810
429,1774012652324949112,1774012652327943433,2994
430,1774012652329390850,1774012652332921569,3530
431,1774012652334457161,1774012652337088172,2631
432,1774012652338482708,1774012652341144454,2661
433,1774012652342768039,1774012652346029677,3261
434,1774012652347509871,1774012652350579903,3070
435,1774012652352166949,1774012652355476624,3309
436,1774012652357079141,1774012652359780615,2701
437,1774012652361289581,1774012652364335659,3046
438,1774012652365891711,1774012652369173761,3282
439,1774012652370886236,1774012652373687373,2801
440,1774012652375248536,1774012652377923726,2675
441,1774012652379320215,1774012652382129979,2809
442,1774012652383585216,1774012652386799003,3213
443,1774012652388362302,1774012652391650569,3288
444,1774012652393161032,1774012652396110018,2948
445,1774012652397746435,1774012652401025273,3278
446,1774012652402601980,1774012652405886675,3284
447,1774012652407438603,1774012652410050526,2611
448,1774012652411601106,1774012652414961648,3360
449,1774012652416509143,1774012652419773674,3264
450,1774012652421280755,1774012652424633285,3352
451,1774012652426176672,1774012652429456542,3279
452,1774012652430975512,1774012652433758128,2782
453,1774012652435313752,1774012652438720376,3406
454,1774012652440218844,1774012652443545521,3326
455,1774012652445006722,1774012652448396821,3390
456,1774012652449998670,1774012652452746665,2747
457,1774012652454242992,1774012652456822637,2579
458,1774012652458281543,1774012652460832965,2551
459,1774012652462277631,1774012652464902873,2625
460,1774012652466244889,1774012652468798564,2553
461,1774012652470186139,1774012652473370369,3184
462,1774012652474939121,1774012652477763949,2824
463,1774012652479314893,1774012652481992053,2677
464,1774012652483532625,1774012652486959424,3426
465,1774012652488477788,1774012652491084746,2606
466,1774012652492595665,1774012652495536649,2940
467,1774012652497039776,1774012652500231878,3192
468,1774012652501785967,1774012652504998829,3212
469,1774012652506616229,1774012652509534156,2917
470,1774012652510998492,1774012652513810499,2812
471,1774012652515380897,1774012652518452600,3071
472,1774012652520071917,1774012652523305894,3233
473,1774012652524843252,1774012652528048189,3204
474,1774012652529550178,1774012652532477633,2927
475,1774012652533946485,1774012652537327829,3381
476,1774012652538847526,1774012652541981094,3133
477,1774012652543578991,1774012652546840237,3261
478,1774012652548354962,1774012652551032237,2677
479,1774012652552539896,1774012652555929216,3389
480,1774012652557480257,1774012652560416810,2936
481,1774012652561943868,1774012652565316038,3372
482,1774012652566898402,1774012652569708712,2810
483,1774012652571109953,1774012652573815655,2705
484,1774012652575375241,1774012652578858330,3483
485,1774012652580479901,1774012652583889253,3409
486,1774012652585478633,1774012652588879831,3401
487,1774012652590430172,1774012652593434814,3004
488,1774012652594822971,1774012652597528108,2705
489,1774012652599113049,1774012652601734354,2621
490,1774012652603183432,1774012652605929699,2746
491,1774012652607216002,1774012652610009164,2793
492,1774012652611510157,1774012652614516714,3006
493,1774012652615991797,1774012652619347726,3355
494,1774012652620801872,1774012652624005577,3203
495,1774012652625561932,1774012652628891433,3329
496,1774012652630421596,1774012652633454412,3032
497,1774012652634959881,1774012652637746530,2786
498,1774012652639285539,1774012652641932074,2646
499,1774012652643466395,1774012652646030024,2563
500,1774012652647537292,1774012652650505986,2968
501,1774012652652031004,1774012652655355421,3324
502,1774012652656827086,1774012652660019972,3192
503,1774012652661661362,1774012652665277948,3616
504,1774012652666927287,1774012652670348108,3420
505,1774012652671920508,1774012652675137403,3216
506,1774012652676662728,1774012652680171276,3508
507,1774012652681710877,1774012652684957449,3246
508,1774012652686500518,1774012652689865608,3365
509,1774012652691465122,1774012652694432600,2967
510,1774012652695983689,1774012652698839959,2856
511,1774012652700377389,1774012652703014020,2636
512,1774012652704541634,1774012652707927487,3385
513,1774012652709482104,1774012652712757041,3274
514,1774012652714342500,1774012652716904655,2562
515,1774012652718479916,1774012652721907718,3427
516,1774012652723493949,1774012652726513025,3019
517,1774012652727718182,1774012652730571210,2853
518,1774012652731974113,1774012652734477593,2503
519,1774012652735814376,1774012652738252104,2437
520,1774012652739852807,1774012652742650049,2797
521,1774012652744279195,1774012652746757026,2477
522,1774012652747829986,1774012652750690492,2860
523,1774012652752251681,1774012652754952554,2700
524,1774012652756478167,1774012652759865594,3387
525,1774012652761410310,1774012652764714214,3303
526,1774012652766221135,1774012652769260684,3039
527,1774012652770800254,1774012652773938341,3138
528,1774012652775522080,1774012652778856240,3334
529,1774012652780405214,1774012652783822592,3417
530,1774012652785379382,1774012652788026766,2647
531,1774012652789550587,1774012652792856201,3305
532,1774012652794472814,1774012652797784651,3311
533,1774012652799308227,1774012652802598996,3290
534,1774012652804052322,1774012652807349585,3297
535,1774012652808914278,1774012652811690507,2776
536,1774012652813192216,1774012652816337536,3145
537,1774012652817910156,1774012652821100018,3189
538,1774012652822589455,1774012652825900154,3310
539,1774012652827427911,1774012652830016595,2588
540,1774012652831563590,1774012652834879694,3316
541,1774012652836417905,1774012652839727124,3309
542,1774012652841279525,1774012652844370662,3091
543,1774012652845923844,1774012652849339655,3415
544,1774012652850961932,1774012652854361829,3399
545,1774012652855810208,1774012652859028898,3218
546,1774012652860601040,1774012652864070611,3469
547,1774012652865688606,1774012652869117725,3429
548,1774012652870618595,1774012652873990645,3372
549,1774012652875359569,1774012652877962553,2602
550,1774012652879632698,1774012652882557385,2924
551,1774012652884039215,1774012652886809343,2770
552,1774012652888353898,1774012652891780099,3426
553,1774012652893182911,1774012652896312711,3129
554,1774012652897813459,1774012652901096490,3283
555,1774012652902530001,1774012652905886568,3356
556,1774012652907428417,1774012652910440925,3012
557,1774012652911996486,1774012652915297580,3301
558,1774012652916735222,1774012652919539957,2804
559,1774012652921028090,1774012652924375306,3347
560,1774012652925945633,1774012652929086369,3140
561,1774012652930539913,1774012652933935885,3395
562,1774012652935564673,1774012652938871973,3307
563,1774012652940448864,1774012652942984650,2535
564,1774012652944555879,1774012652947540071,2984
565,1774012652949008391,1774012652952428779,3420
566,1774012652954024901,1774012652956797994,2773
567,1774012652958352045,1774012652961414788,3062
568,1774012652962944777,1774012652966054206,3109
569,1774012652967650245,1774012652970920892,3270
570,1774012652972494533,1774012652975935813,3441
571,1774012652977493407,1774012652980541855,3048
572,1774012652982101247,1774012652985527349,3426
573,1774012652987142252,1774012652990303582,3161
574,1774012652991889476,1774012652995355779,3466
575,1774012652996952761,1774012653000160110,3207
576,1774012653001568405,1774012653004709442,3141
577,1774012653005893520,1774012653009319988,3426
578,1774012653011027921,1774012653014074261,3046
579,1774012653015618479,1774012653018579301,2960
580,1774012653020140870,1774012653023296493,3155
581,1774012653024826718,1774012653028131070,3304
582,1774012653029649391,1774012653032534252,2884
583,1774012653034077405,1774012653037416374,3338
584,1774012653039001845,1774012653041757058,2755
585,1774012653043286725,1774012653046663368,3376
586,1774012653048173933,1774012653050831263,2657
587,1774012653052402073,1774012653055303036,2900
588,1774012653056866763,1774012653060153704,3286
589,1774012653061622705,1774012653064992897,3370
590,1774012653066527274,1774012653069461781,2934
591,1774012653071026243,1774012653073822052,2795
592,1774012653075322174,1774012653077901723,2579
593,1774012653079454015,1774012653082939995,3485
594,1774012653084481013,1774012653087443110,2962
595,1774012653088857608,1774012653091722459,2864
596,1774012653093236895,1774012653096543745,3306
597,1774012653098203308,1774012653101324424,3121
598,1774012653102829506,1774012653105665620,2836
599,1774012653107211314,1774012653110360734,3149
600,1774012653111865474,1774012653115001605,3136
601,1774012653116569383,1774012653119963554,3394
602,1774012653121539623,1774012653124133663,2594
603,1774012653125800298,1774012653129204813,3404
604,1774012653130782518,1774012653133976029,3193
605,1774012653135514199,1774012653138560335,3046
606,1774012653140075921,1774012653143620262,3544
607,1774012653145233595,1774012653148313569,3079
608,1774012653149865647,1774012653152732424,2866
609,1774012653154213603,1774012653157522862,3309
610,1774012653158996839,1774012653161776770,2779
611,1774012653163272622,1774012653166375540,3102
612,1774012653167854775,1774012653171069730,3214
613,1774012653172543934,1774012653175472728,2928
614,1774012653176932129,1774012653180309367,3377
615,1774012653181896476,1774012653184811163,2914
616,1774012653186336955,1774012653189416676,3079
617,1774012653191033963,1774012653194294316,3260
618,1774012653195803074,1774012653198973553,3170
619,1774012653200503678,1774012653203907260,3403
620,1774012653205450487,1774012653208750529,3300
621,1774012653210394992,1774012653212965981,2570
622,1774012653214670966,1774012653217743440,3072
623,1774012653219280970,1774012653221953803,2672
624,1774012653223486348,1774012653226202525,2716
625,1774012653227763734,1774012653230663058,2899
626,1774012653232171240,1774012653235430427,3259
627,1774012653236945503,1774012653239691279,2745
628,1774012653241214678,1774012653244510362,3295
629,1774012653245947922,1774012653249151358,3203
630,1774012653250736893,1774012653254139170,3402
631,1774012653255747114,1774012653259172741,3425
632,1774012653260788560,1774012653264049587,3261
633,1774012653265335665,1774012653268047855,2712
634,1774012653269489618,1774012653272903442,3413
635,1774012653274194942,1774012653277365308,3170
636,1774012653278516686,1774012653281018645,2501
637,1774012653282657087,1774012653285258191,2601
638,1774012653286811203,1774012653289908481,3097
639,1774012653291455387,1774012653294850147,3394
640,1774012653296423282,1774012653299466414,3043
641,1774012653300950582,1774012653303784241,2833
642,1774012653305325195,1774012653308346642,3021
643,1774012653309795744,1774012653312608677,2812
644,1774012653314061010,1774012653317373597,3312
645,1774012653318949005,1774012653322127683,3178
646,1774012653323610971,1774012653326553015,2942
647,1774012653328144302,1774012653331426559,3282
648,1774012653332960346,1774012653335777137,2816
649,1774012653337307993,1774012653340399928,3091
650,1774012653341946207,1774012653345065855,3119
651,1774012653346668952,1774012653349984304,3315
652,1774012653351556594,1774012653354879557,3322
653,1774012653356430150,1774012653359381099,2950
654,1774012653360879836,1774012653364107564,3227
655,1774012653365682649,1774012653368939424,3256
656,1774012653370456349,1774012653373768329,3311
657,1774012653375315927,1774012653377957666,2641
658,1774012653379477833,1774012653382577354,3099
659,1774012653384169982,1774012653387626031,3456
660,1774012653389236231,1774012653392677063,3440
661,1774012653394281835,1774012653396981077,2699
662,1774012653398595671,1774012653401899613,3303
663,1774012653403478494,1774012653406562571,3084
664,1774012653407959223,1774012653410593089,2633
665,1774012653412185585,1774012653414940634,2755
666,1774012653416523105,1774012653419697301,3174
667,1774012653421099147,1774012653424214766,3115
668,1774012653425758788,1774012653429211932,3453
669,1774012653430774325,1774012653433815312,3040
670,1774012653435342242,1774012653438039851,2697
671,1774012653439565364,1774012653442902460,3337
672,1774012653444458689,1774012653447406980,2948
673,1774012653448835894,1774012653451729268,2893
674,1774012653453240851,1774012653456435202,3194
675,1774012653458020061,1774012653460789838,2769
676,1774012653462301006,1774012653465034571,2733
677,1774012653466550940,1774012653469908667,3357
678,1774012653471417621,1774012653474417491,2999
679,1774012653475868737,1774012653478802660,2933
680,1774012653480357555,1774012653482892650,2535
681,1774012653484455508,1774012653487037925,2582
682,1774012653488609075,1774012653492146525,3537
683,1774012653493738669,1774012653496584519,2845
684,1774012653498189963,1774012653500868265,2678
685,1774012653502500490,1774012653505525237,3024
686,1774012653506993573,1774012653510230883,3237
687,1774012653511798302,1774012653515132180,3333
688,1774012653516594966,1774012653519890096,3295
689,1774012653521506057,1774012653524980813,3474
690,1774012653526549508,1774012653529044296,2494
691,1774012653530634027,1774012653533043702,2409
692,1774012653534606966,1774012653537392306,2785
693,1774012653538914141,1774012653541685908,2771
694,1774012653543173038,1774012653546111566,2938
695,1774012653547690808,1774012653550696793,3005
696,1774012653552273882,1774012653555723795,3449
697,1774012653557306452,1774012653560593901,3287
698,1774012653562052492,1774012653564809511,2757
699,1774012653566367327,1774012653569113290,2745
700,1774012653570642291,1774012653574033377,3391
701,1774012653575537071,1774012653578815973,3278
702,1774012653580323797,1774012653583742504,3418
703,1774012653585274834,1774012653588351893,3077
704,1774012653589885150,1774012653592688989,2803
705,1774012653594208266,1774012653597528682,3320
706,1774012653599001225,1774012653601808922,2807
707,1774012653603413987,1774012653606821833,3407
708,1774012653608358173,1774012653611295656,2937
709,1774012653612873154,1774012653616029741,3156
710,1774012653617536232,1774012653620481938,2945
711,1774012653622016954,1774012653624798899,2781
712,1774012653626314034,1774012653628955917,2641
713,1774012653630474667,1774012653633112083,2637
714,1774012653634693421,1774012653637571972,2878
715,1774012653639115585,1774012653641835789,2720
716,1774012653643386798,1774012653646463466,3076
717,1774012653648156760,1774012653651452508,3295
718,1774012653652999889,1774012653656192548,3192
719,1774012653657756900,1774012653661329196,3572
720,1774012653662912321,1774012653665929388,3017
721,1774012653667453568,1774012653670968867,3515
722,1774012653672478724,1774012653675872870,3394
723,1774012653677175956,1774012653679873813,2697
724,1774012653681532419,1774012653684125404,2592
725,1774012653685711376,1774012653689082602,3371
726,1774012653690615210,1774012653693653242,3038
727,1774012653695089381,1774012653698341764,3252
728,1774012653699786994,1774012653702987415,3200
729,1774012653704500000,1774012653707927616,3427
730,1774012653709443741,1774012653712789085,3345
731,1774012653714341534,1774012653716989779,2648
732,1774012653718602455,1774012653722021474,3419
733,1774012653723516418,1774012653726790307,3273
734,1774012653728289830,1774012653731623815,3333
735,1774012653733173952,1774012653736276184,3102
736,1774012653737828572,1774012653740725130,2896
737,1774012653742242069,1774012653744907802,2665
738,1774012653746445417,1774012653749455115,3009
739,1774012653750922361,1774012653753749283,2826
740,1774012653755308589,1774012653758706270,3397
741,1774012653760356006,1774012653763791975,3435
742,1774012653765488880,1774012653768927695,3438
743,1774012653770717016,1774012653773751851,3034
744,1774012653775451743,1774012653778652787,3201
745,1774012653780334805,1774012653783815800,3480
746,1774012653785656807,1774012653789017922,3361
747,1774012653790804731,1774012653793381924,2577
748,1774012653794993971,1774012653797660747,2666
749,1774012653798836668,1774012653801409825,2573
750,1774012653803110085,1774012653806781271,3671
751,1774012653808449522,1774012653812000209,3550
752,1774012653813557423,1774012653816263325,2705
753,1774012653817786357,1774012653820906866,3120
754,1774012653822479198,1774012653825174368,2695
755,1774012653826604307,1774012653830050064,3445
756,1774012653831546528,1774012653834359467,2812
757,1774012653835942501,1774012653839284876,3342
758,1774012653840941040,1774012653844000460,3059
759,1774012653845899148,1774012653849781681,3882
760,1774012653851558137,1774012653854241300,2683
761,1774012653855954623,1774012653859442381,3487
762,1774012653861058556,1774012653863942646,2884
763,1774012653865558950,1774012653868672319,3113
764,1774012653870524778,1774012653873729826,3205
765,1774012653875567489,1774012653879088295,3520
766,1774012653880745400,1774012653883978971,3233
767,1774012653885652154,1774012653888766289,3114
768,1774012653890418350,1774012653893634613,3216
769,1774012653895521246,1774012653898514363,2993
770,1774012653900371881,1774012653903847101,3475
771,1774012653905579747,1774012653909094050,3514
772,1774012653910782210,1774012653914341253,3559
773,1774012653915995248,1774012653919421268,3426
774,1774012653921097656,1774012653923979109,2881
775,1774012653925725409,1774012653928558365,2832
776,1774012653930327664,1774012653933548467,3220
777,1774012653935230960,1774012653938508584,3277
778,1774012653940251262,1774012653943037700,2786
779,1774012653944649104,1774012653948066571,3417
780,1774012653949536456,1774012653952997088,3460
781,1774012653954516461,1774012653957183495,2667
782,1774012653958904114,1774012653961783090,2878
783,1774012653963367296,1774012653966429731,3062
784,1774012653967950946,1774012653971355711,3404
785,1774012653972912964,1774012653976240667,3327
786,1774012653977993664,1774012653981406076,3412
787,1774012653983199012,1774012653986697516,3498
788,1774012653988321959,1774012653991058557,2736
789,1774012653992695526,1774012653996162428,3466
790,1774012653997810241,1774012654001066553,3256
791,1774012654002756871,1774012654006301857,3544
792,1774012654008205128,1774012654011975300,3770
793,1774012654013691677,1774012654017216486,3524
794,1774012654018839300,1774012654021985860,3146
795,1774012654023700851,1774012654026908242,3207
796,1774012654028556471,1774012654031585505,3029
797,1774012654033492523,1774012654036932456,3439
798,1774012654038723960,1774012654042351676,3627
799,1774012654044137166,1774012654047603290,3466
800,1774012654049376921,1774012654052611630,3234
801,1774012654054331057,1774012654057496329,3165
802,1774012654059169445,1774012654062637845,3468
803,1774012654064357851,1774012654067607986,3250
804,1774012654069197940,1774012654072686992,3489
805,1774012654074352233,1774012654077112940,2760
806,1774012654078768546,1774012654082273435,3504
807,1774012654083912439,1774012654087277675,3365
808,1774012654088833559,1774012654092434607,3601
809,1774012654094054301,1774012654096672401,2618
810,1774012654098226818,1774012654101144701,2917
811,1774012654102873415,1774012654105883289,3009
812,1774012654107601020,1774012654110989311,3388
813,1774012654112533156,1774012654116042969,3509
814,1774012654117638224,1774012654120858442,3220
815,1774012654122722804,1774012654126333193,3610
816,1774012654128107288,1774012654131521572,3414
817,1774012654133126832,1774012654136045942,2919
818,1774012654137687202,1774012654140898782,3211
819,1774012654142578616,1774012654146120975,3542
820,1774012654147862804,1774012654151660035,3797
821,1774012654153375388,1774012654156914544,3539
822,1774012654158642144,1774012654161776583,3134
823,1774012654163643518,1774012654167132792,3489
824,1774012654168807962,1774012654171893195,3085
825,1774012654173557831,1774012654176771260,3213
826,1774012654178483591,1774012654181971489,3487
827,1774012654183767170,1774012654187611791,3844
828,1774012654189506208,1774012654192959076,3452
829,1774012654194792177,1774012654198316489,3524
830,1774012654199991430,1774012654202972757,2981
831,1774012654204566488,1774012654208221176,3654
832,1774012654210012996,1774012654213633547,3620
833,1774012654215308280,1774012654218545972,3237
834,1774012654220278534,1774012654223002530,2723
835,1774012654224727736,1774012654227461398,2733
836,1774012654229076216,1774012654231956497,2880
837,1774012654243924618,1774012654247470074,3545
838,1774012654249088454,1774012654252452522,3364
839,1774012654254081377,1774012654256960463,2879
840,1774012654258600185,1774012654262286003,3685
841,1774012654263960985,1774012654267425914,3464
842,1774012654268831180,1774012654271889139,3057
843,1774012654273700788,1774012654277246252,3545
844,1774012654278855000,1774012654282548158,3693
845,1774012654284254218,1774012654287162392,2908
846,1774012654288798390,1774012654292489335,3690
847,1774012654294173226,1774012654297562002,3388
848,1774012654299313989,1774012654302878401,3564
849,1774012654304687087,1774012654308119173,3432
850,1774012654309792436,1774012654313338856,3546
851,1774012654314978502,1774012654317845868,2867
852,1774012654319661190,1774012654323285240,3624
853,1774012654324965638,1774012654328522795,3557
854,1774012654330195317,1774012654333696492,3501
855,1774012654335640400,1774012654339010216,3369
856,1774012654340735670,1774012654344054029,3318
857,1774012654345709232,1774012654348878862,3169
858,1774012654350573907,1774012654353422915,2849
859,1774012654355111795,1774012654358747718,3635
860,1774012654360287392,1774012654363174134,2886
861,1774012654364658440,1774012654367159192,2500
862,1774012654368718632,1774012654372201898,3483
863,1774012654373798907,1774012654376145580,2346
864,1774012654377730244,1774012654381240864,3510
865,1774012654382846920,1774012654385734959,2888
866,1774012654387223414,1774012654389950664,2727
867,1774012654391676872,1774012654395139771,3462
868,1774012654396779780,1774012654400148671,3368
869,1774012654401865309,1774012654405354306,3488
870,1774012654407026559,1774012654409994330,2967
871,1774012654411682237,1774012654415405102,3722
872,1774012654417149292,1774012654420576842,3427
873,1774012654422356333,1774012654425878759,3522
874,1774012654427743672,1774012654431373212,3629
875,1774012654433290397,1774012654436323491,3033
876,1774012654437993668,1774012654441936293,3942
877,1774012654443725962,1774012654447247880,3521
878,1774012654448926711,1774012654452393132,3466
879,1774012654453950932,1774012654457521452,3570
880,1774012654459343410,1774012654462816253,3472
881,1774012654464890066,1774012654468399192,3509
882,1774012654470230504,1774012654473124472,2893
883,1774012654474892371,1774012654478921364,4028
884,1774012654480713577,1774012654484130673,3417
885,1774012654485843293,1774012654489497877,3654
886,1774012654491129722,1774012654494327641,3197
887,1774012654495849393,1774012654498885129,3035
888,1774012654500598430,1774012654504120132,3521
889,1774012654505724254,1774012654509073956,3349
890,1774012654510452748,1774012654513095008,2642
891,1774012654514516626,1774012654517900996,3384
892,1774012654519503217,1774012654522653883,3150
893,1774012654524259776,1774012654527398095,3138
894,1774012654528926866,1774012654532434534,3507
895,1774012654534139704,1774012654536950645,2810
896,1774012654538612395,1774012654542141829,3529
897,1774012654543783853,1774012654547304878,3521
898,1774012654548943228,1774012654552261031,3317
899,1774012654554031285,1774012654557398314,3367
900,1774012654558944256,1774012654561843566,2899
901,1774012654563500569,1774012654566700152,3199
902,1774012654568367969,1774012654571698413,3330
903,1774012654573351281,1774012654576634144,3282
904,1774012654578434662,1774012654581568353,3133
905,1774012654583145698,1774012654586455351,3309
906,1774012654588101675,1774012654591115655,3013
907,1774012654592791092,1774012654596220156,3429
908,1774012654598003798,1774012654601509964,3506
909,1774012654603170254,1774012654605963762,2793
910,1774012654607574566,1774012654610681111,3106
911,1774012654612289236,1774012654615498080,3208
912,1774012654617126263,1774012654620086735,2960
913,1774012654621823495,1774012654624893078,3069
914,1774012654626658514,1774012654629783930,3125
915,1774012654631482534,1774012654634725365,3242
916,1774012654636276925,1774012654638973984,2697
917,1774012654640588489,1774012654644251695,3663
918,1774012654645871919,1774012654648921387,3049
919,1774012654650137000,1774012654653591444,3454
920,1774012654655332824,1774012654658503347,3170
921,1774012654660256686,1774012654663070348,2813
922,1774012654664599956,1774012654668070837,3470
923,1774012654669500814,1774012654672631926,3131
924,1774012654674243842,1774012654677705220,3461
925,1774012654679307456,1774012654681959040,2651
926,1774012654683485625,1774012654686986044,3500
927,1774012654688630400,1774012654691717126,3086
928,1774012654693479202,1774012654696994738,3515
929,1774012654698796263,1774012654702405720,3609
930,1774012654704076211,1774012654706901549,2825
931,1774012654708617310,1774012654711691628,3074
932,1774012654713453083,1774012654716575712,3122
933,1774012654718345878,1774012654721572611,3226
934,1774012654723319478,1774012654726789073,3469
935,1774012654728513215,1774012654731882754,3369
936,1774012654733633806,1774012654737011593,3377
937,1774012654738703781,1774012654741753959,3050
938,1774012654743445748,1774012654746990087,3544
939,1774012654748733618,1774012654752202195,3468
940,1774012654753844810,1774012654757204493,3359
941,1774012654758839830,1774012654762151011,3311
942,1774012654763488662,1774012654766964652,3475
943,1774012654768610210,1774012654771676706,3066
944,1774012654773351541,1774012654776850977,3499
945,1774012654778459298,1774012654782000433,3541
946,1774012654783174855,1774012654786420651,3245
947,1774012654788015725,1774012654790820693,2804
948,1774012654792457110,1774012654795222818,2765
949,1774012654796782324,1774012654800152008,3369
950,1774012654801671742,1774012654804754146,3082
951,1774012654806430593,1774012654809224545,2793
952,1774012654810875755,1774012654814170518,3294
953,1774012654815822186,1774012654818769270,2947
954,1774012654820505688,1774012654824112757,3607
955,1774012654825754227,1774012654829272277,3518
956,1774012654830923876,1774012654834367190,3443
957,1774012654836063296,1774012654839011158,2947
958,1774012654840653319,1774012654844201360,3548
959,1774012654845878411,1774012654849387077,3508
960,1774012654851244877,1774012654854732514,3487
961,1774012654856504499,1774012654859985487,3480
962,1774012654861887425,1774012654864963159,3075
963,1774012654866803942,1774012654870397972,3594
964,1774012654872102190,1774012654875591162,3488
965,1774012654877352076,1774012654881168723,3816
966,1774012654882857564,1774012654886439625,3582
967,1774012654888081972,1774012654891447474,3365
968,1774012654893170762,1774012654896688942,3518
969,1774012654898527432,1774012654902065728,3538
970,1774012654903742681,1774012654906805972,3063
971,1774012654908528616,1774012654911984097,3455
972,1774012654913551179,1774012654916315192,2764
973,1774012654917895520,1774012654921444184,3548
974,1774012654923085292,1774012654926702921,3617
975,1774012654928347493,1774012654931418177,3070
976,1774012654932886187,1774012654936301455,3415
977,1774012654937830187,1774012654941053141,3222
978,1774012654942815020,1774012654946618405,3803
979,1774012654948293799,1774012654951492326,3198
980,1774012654953228005,1774012654955996337,2768
981,1774012654957745292,1774012654961225410,3480
982,1774012654962800124,1774012654966303113,3502
983,1774012654968098956,1774012654971537232,3438
984,1774012654973411775,1774012654977134753,3722
985,1774012654978827184,1774012654981989019,3161
986,1774012654983696668,1774012654987232069,3535
987,1774012654989145117,1774012654992284648,3139
988,1774012654994159439,1774012654997634909,3475
989,1774012654999515747,1774012655002362509,2846
990,1774012655004066641,1774012655007658542,3591
991,1774012655009332306,1774012655012284367,2952
992,1774012655014158839,1774012655017809020,3650
993,1774012655019652804,1774012655023143838,3491
994,1774012655024774727,1774012655028507980,3733
995,1774012655030227492,1774012655033874782,3647
996,1774012655035590466,1774012655039248274,3657
997,1774012655040985983,1774012655044015366,3029
998,1774012655045580335,1774012655048183098,2602
999,1774012655049782901,1774012655053400859,3617
1000,1774012655055044744,1774012655058332208,3287
1001,1774012655060058939,1774012655063360480,3301
1002,1774012655064837964,1774012655067592806,2754
1003,1774012655069248092,1774012655072351927,3103
1004,1774012655074109897,1774012655077606716,3496
1005,1774012655079298696,1774012655082553672,3254
1006,1774012655084243561,1774012655087532607,3289
1007,1774012655089195682,1774012655092535736,3340
1008,1774012655094126233,1774012655096995377,2869
1009,1774012655098839642,1774012655102261544,3421
1010,1774012655103992191,1774012655106897028,2904
1011,1774012655108603861,1774012655111686542,3082
1012,1774012655113328499,1774012655116705106,3376
1013,1774012655118340787,1774012655121152669,2811
1014,1774012655122965470,1774012655126179411,3213
1015,1774012655127835967,1774012655131316859,3480
1016,1774012655132951109,1774012655135878132,2927
1017,1774012655137705403,1774012655141078799,3373
1018,1774012655142866338,1774012655146346143,3479
1019,1774012655148085168,1774012655151626918,3541
1020,1774012655153387372,1774012655156441744,3054
1021,1774012655158101184,1774012655161442218,3341
1022,1774012655163093696,1774012655166576723,3483
1023,1774012655168459711,1774012655172069254,3609
1024,1774012655173823043,1774012655177520077,3697
1025,1774012655179165028,1774012655182021494,2856
1026,1774012655183790063,1774012655187401572,3611
1027,1774012655189069798,1774012655192499133,3429
1028,1774012655194213642,1774012655197608538,3394
1029,1774012655199446652,1774012655202255997,2809
1030,1774012655203884471,1774012655207284598,3400
1031,1774012655209034336,1774012655212461983,3427
1032,1774012655214376772,1774012655217941899,3565
1033,1774012655219893055,1774012655223033619,3140
1034,1774012655224855678,1774012655228524269,3668
1035,1774012655230394012,1774012655233617781,3223
1036,1774012655235587398,1774012655238857380,3269
1037,1774012655240578889,1774012655243783098,3204
1038,1774012655245455029,1774012655248418074,2963
1039,1774012655250283860,1774012655253862442,3578
1040,1774012655255764065,1774012655258964353,3200
1041,1774012655260716619,1774012655264446510,3729
1042,1774012655266174007,1774012655269207969,3033
1043,1774012655270925650,1774012655274536613,3610
1044,1774012655276263680,1774012655279243434,2979
1045,1774012655280987684,1774012655283923184,2935
1046,1774012655285805968,1774012655289379801,3573
1047,1774012655291305244,1774012655294079813,2774
1048,1774012655295830251,1774012655298857451,3027
1049,1774012655300562227,1774012655303859343,3297
1050,1774012655305527228,1774012655309108227,3580
1051,1774012655310717977,1774012655314142927,3424
1052,1774012655315761025,1774012655319145841,3384
1053,1774012655320776972,1774012655323715630,2938
1054,1774012655325450530,1774012655328379023,2928
1055,1774012655329955255,1774012655332896932,2941
1056,1774012655334544234,1774012655338078472,3534
1057,1774012655339622073,1774012655343029068,3406
1058,1774012655345713158,1774012655349153831,3440
1059,1774012655350781662,1774012655353830629,3048
1060,1774012655355461413,1774012655358030765,2569
1061,1774012655359712554,1774012655363093330,3380
1062,1774012655364761074,1774012655367844834,3083
1063,1774012655369730456,1774012655373395771,3665
1064,1774012655375277516,1774012655378650951,3373
1065,1774012655380378454,1774012655383606791,3228
1066,1774012655385223998,1774012655388495647,3271
1067,1774012655390066675,1774012655393849319,3782
1068,1774012655395575919,1774012655399046471,3470
1069,1774012655400708434,1774012655403844947,3136
1070,1774012655405879570,1774012655409436279,3556
1071,1774012655411161026,1774012655414795796,3634
1072,1774012655416597597,1774012655420259970,3662
1073,1774012655421864342,1774012655424831079,2966
1074,1774012655426790812,1774012655430327648,3536
1075,1774012655432113325,1774012655435508171,3394
1076,1774012655437137459,1774012655440014583,2877
1077,1774012655441849888,1774012655445538894,3689
1078,1774012655447323121,1774012655450904537,3581
1079,1774012655452587430,1774012655455988556,3401
1080,1774012655457674687,1774012655461206862,3532
1081,1774012655462794631,1774012655466056059,3261
1082,1774012655467734676,1774012655471357018,3622
1083,1774012655472832794,1774012655476439108,3606
1084,1774012655477747100,1774012655480875965,3128
1085,1774012655482432320,1774012655485982153,3549
1086,1774012655487709997,1774012655490807306,3097
1087,1774012655492664881,1774012655496322853,3657
1088,1774012655498164791,1774012655501876050,3711
1089,1774012655503623689,1774012655507026108,3402
1090,1774012655508745018,1774012655511853412,3108
1091,1774012655513577176,1774012655516773738,3196
1092,1774012655518468988,1774012655521976578,3507
1093,1774012655523733918,1774012655527268438,3534
1094,1774012655528941002,1774012655532292938,3351
1095,1774012655534011194,1774012655537430658,3419
1096,1774012655539293525,1774012655542657632,3364
1097,1774012655544263352,1774012655547571622,3308
1098,1774012655549444022,1774012655552913965,3469
1099,1774012655554714494,1774012655558413532,3699
1100,1774012655560072591,1774012655563626156,3553
1101,1774012655565587431,1774012655569046141,3458
1102,1774012655570838464,1774012655574353383,3514
1103,1774012655576127428,1774012655579188964,3061
1104,1774012655580858602,1774012655584265499,3406
1105,1774012655585901523,1774012655588584737,2683
1106,1774012655589802818,1774012655593281429,3478
1107,1774012655594872603,1774012655597925987,3053
1108,1774012655599466418,1774012655602138830,2672
1109,1774012655603760488,1774012655606669069,2908
1110,1774012655608073183,1774012655610969334,2896
1111,1774012655612522217,1774012655615282976,2760
1112,1774012655616885238,1774012655620229390,3344
1113,1774012655621787963,1774012655624756600,2968
1114,1774012655626378235,1774012655629563908,3185
1115,1774012655631234416,1774012655634480760,3246
1116,1774012655636132479,1774012655638854070,2721
1117,1774012655640455957,1774012655644174617,3718
1118,1774012655645796842,1774012655649243289,3446
1119,1774012655650857291,1774012655654164780,3307
1120,1774012655655873188,1774012655659383370,3510
1121,1774012655661029839,1774012655663896448,2866
1122,1774012655665567292,1774012655668828956,3261
1123,1774012655670372398,1774012655673829524,3457
1124,1774012655675433287,1774012655678933486,3500
1125,1774012655680572169,1774012655683857779,3285
1126,1774012655685449212,1774012655688921292,3472
1127,1774012655690541436,1774012655693582817,3041
1128,1774012655695177465,1774012655698898218,3720
1129,1774012655700595792,1774012655704006796,3411
1130,1774012655705822072,1774012655709432745,3610
1131,1774012655711229763,1774012655714606787,3377
1132,1774012655716448547,1774012655719782800,3334
1133,1774012655721480695,1774012655724960762,3480
1134,1774012655726582025,1774012655730244706,3662
1135,1774012655731899210,1774012655734715180,2815
1136,1774012655736333494,1774012655739880712,3547
1137,1774012655741639252,1774012655744308493,2669
1138,1774012655745898154,1774012655748909640,3011
1139,1774012655750630786,1774012655753400206,2769
1140,1774012655754703492,1774012655757604788,2901
1141,1774012655759091133,1774012655761977208,2886
1142,1774012655763638201,1774012655766969539,3331
1143,1774012655768767646,1774012655771632935,2865
1144,1774012655773315168,1774012655776836740,3521
1145,1774012655778530726,1774012655781637106,3106
1146,1774012655783273435,1774012655786752390,3478
1147,1774012655788478340,1774012655792080800,3602
1148,1774012655794149614,1774012655797706133,3556
1149,1774012655799447269,1774012655802687367,3240
1150,1774012655804257497,1774012655807334423,3076
1151,1774012655808997620,1774012655812467539,3469
1152,1774012655814197898,1774012655817703486,3505
1153,1774012655819562596,1774012655823177394,3614
1154,1774012655824832087,1774012655828423348,3591
1155,1774012655830350023,1774012655833739928,3389
1156,1774012655835504608,1774012655838635853,3131
1157,1774012655840369568,1774012655843621767,3252
1158,1774012655845516963,1774012655849261577,3744
1159,1774012655850879885,1774012655854345211,3465
1160,1774012655856001214,1774012655859744611,3743
1161,1774012655861566401,1774012655864258622,2692
1162,1774012655865755346,1774012655868920184,3164
1163,1774012655870562387,1774012655873077191,2514
1164,1774012655874630400,1774012655877235580,2605
1165,1774012655878788724,1774012655881624948,2836
1166,1774012655883050074,1774012655885626386,2576
1167,1774012655887274011,1774012655889995520,2721
1168,1774012655891529402,1774012655894338690,2809
1169,1774012655895869533,1774012655898749765,2880
1170,1774012655900362471,1774012655903579657,3217
1171,1774012655905384298,1774012655908823641,3439
1172,1774012655910591975,1774012655914029359,3437
1173,1774012655915898583,1774012655919407722,3509
1174,1774012655921023920,1774012655924042776,3018
1175,1774012655925726284,1774012655929330953,3604
1176,1774012655930961646,1774012655934023023,3061
1177,1774012655935656971,1774012655939105048,3448
1178,1774012655940905712,1774012655944393920,3488
1179,1774012655946208126,1774012655949876482,3668
1180,1774012655951691494,1774012655955067848,3376
1181,1774012655956724160,1774012655959832749,3108
1182,1774012655961565221,1774012655965086315,3521
1183,1774012655966712586,1774012655970122530,3409
1184,1774012655971767135,1774012655975438927,3671
1185,1774012655977218132,1774012655980636696,3418
1186,1774012655982435526,1774012655985911807,3476
1187,1774012655987653107,1774012655991173459,3520
1188,1774012655992614019,1774012655996132470,3518
1189,1774012655997809567,1774012656000869554,3059
1190,1774012656002227584,1774012656004737301,2509
1191,1774012656006193098,1774012656009249012,3055
1192,1774012656010884619,1774012656013765393,2880
1193,1774012656015252788,1774012656018492776,3239
1194,1774012656020112156,1774012656022738880,2626
1195,1774012656024041512,1774012656026816492,2774
1196,1774012656028390535,1774012656031415336,3024
1197,1774012656032857022,1774012656035815807,2958
1198,1774012656037394460,1774012656040789026,3394
1199,1774012656042367696,1774012656044958278,2590
1200,1774012656046501409,1774012656049660923,3159
1201,1774012656051201395,1774012656054843711,3642
1202,1774012656056614730,1774012656060163640,3548
1203,1774012656061775479,1774012656065112250,3336
1204,1774012656066732480,1774012656069650396,2917
1205,1774012656071377770,1774012656074120596,2742
1206,1774012656075789923,1774012656079233625,3443
1207,1774012656080983953,1774012656084489234,3505
1208,1774012656086119388,1774012656089461728,3342
1209,1774012656091046310,1774012656093944706,2898
1210,1774012656095554949,1774012656098321085,2766
1211,1774012656099960864,1774012656103459560,3498
1212,1774012656105184059,1774012656108524211,3340
1213,1774012656110277608,1774012656113839036,3561
1214,1774012656115535360,1774012656118626967,3091
1215,1774012656120272098,1774012656123417232,3145
1216,1774012656125118550,1774012656128863930,3745
1217,1774012656130325830,1774012656133823082,3497
1218,1774012656135500834,1774012656138417877,2917
1219,1774012656140021745,1774012656142925437,2903
1220,1774012656144509109,1774012656147175756,2666
1221,1774012656148739310,1774012656151834482,3095
1222,1774012656153566449,1774012656156284567,2718
1223,1774012656157770237,1774012656160419347,2649
1224,1774012656161814306,1774012656164680624,2866
1225,1774012656166334601,1774012656169751685,3417
1226,1774012656171294445,1774012656174319744,3025
1227,1774012656175934402,1774012656178939476,3005
1228,1774012656180558277,1774012656183585262,3026
1229,1774012656185260539,1774012656188717073,3456
1230,1774012656190485251,1774012656193881280,3396
1231,1774012656195546429,1774012656198714574,3168
1232,1774012656200362210,1774012656203240728,2878
1233,1774012656204862624,1774012656207865718,3003
1234,1774012656209467231,1774012656213043037,3575
1235,1774012656214826458,1774012656218514550,3688
1236,1774012656220175843,1774012656223562772,3386
1237,1774012656225446797,1774012656228760871,3314
1238,1774012656230564723,1774012656233979928,3415
1239,1774012656235674363,1774012656239167905,3493
1240,1774012656240853089,1774012656243822401,2969
1241,1774012656245578413,1774012656249071955,3493
1242,1774012656250814707,1774012656254232607,3417
1243,1774012656255907853,1774012656259296315,3388
1244,1774012656260974313,1774012656263920565,2946
1245,1774012656265612778,1774012656269048327,3435
1246,1774012656270742099,1774012656274199904,3457
1247,1774012656275605397,1774012656278974736,3369
1248,1774012656280280628,1774012656283158469,2877
1249,1774012656284834608,1774012656288211421,3376
1250,1774012656289514977,1774012656292035568,2520
1251,1774012656293640239,1774012656296322689,2682
1252,1774012656297970388,1774012656300805993,2835
1253,1774012656302325998,1774012656305468350,3142
1254,1774012656307086567,1774012656310619356,3532
1255,1774012656312248179,1774012656314894335,2646
1256,1774012656316492500,1774012656319618799,3126
1257,1774012656321329509,1774012656324847457,3517
1258,1774012656326568965,1774012656330133893,3564
1259,1774012656331817765,1774012656335249457,3431
1260,1774012656337048577,1774012656339973033,2924
1261,1774012656341689967,1774012656344851721,3161
1262,1774012656346546447,1774012656350164033,3617
1263,1774012656351801079,1774012656354853783,3052
1264,1774012656356829389,1774012656360292751,3463
1265,1774012656361989439,1774012656364903576,2914
1266,1774012656366580092,1774012656369654994,3074
1267,1774012656371333830,1774012656374618270,3284
1268,1774012656376129601,1774012656379660677,3531
1269,1774012656381349268,1774012656384729322,3380
1270,1774012656386420020,1774012656389502269,3082
1271,1774012656391186907,1774012656393993400,2806
1272,1774012656395584707,1774012656398745156,3160
1273,1774012656400498372,1774012656404196373,3698
1274,1774012656405753712,1774012656408747653,2993
1275,1774012656410136326,1774012656413731396,3595
1276,1774012656415127001,1774012656417976678,2849
1277,1774012656419694247,1774012656422188480,2494
1278,1774012656423223680,1774012656425876663,2652
1279,1774012656427536408,1774012656430554761,3018
1280,1774012656432196218,1774012656435184048,2987
1281,1774012656436775032,1774012656439603492,2828
1282,1774012656441200684,1774012656444632639,3431
1283,1774012656446255448,1774012656449974705,3719
1284,1774012656451638363,1774012656455061262,3422
1285,1774012656456690904,1774012656460032342,3341
1286,1774012656461626215,1774012656464888166,3261
1287,1774012656466566802,1774012656470117909,3551
1288,1774012656471775426,1774012656474757273,2981
1289,1774012656476509673,1774012656479911012,3401
1290,1774012656481595893,1774012656484970330,3374
1291,1774012656486783196,1774012656490280772,3497
1292,1774012656491933302,1774012656495291908,3358
1293,1774012656496798067,1774012656499695738,2897
1294,1774012656501355496,1774012656504118104,2762
1295,1774012656505738683,1774012656509110669,3371
1296,1774012656510772922,1774012656513911325,3138
1297,1774012656515638049,1774012656519031247,3393
1298,1774012656520676954,1774012656523933933,3256
1299,1774012656525950526,1774012656529530369,3579
1300,1774012656531236913,1774012656534673763,3436
1301,1774012656536472614,1774012656539668909,3196
1302,1774012656541255902,1774012656544169697,2913
1303,1774012656545861885,1774012656548774647,2912
1304,1774012656550412697,1774012656554022211,3609
1305,1774012656555415413,1774012656558971568,3556
1306,1774012656560693868,1774012656563819796,3125
1307,1774012656565441015,1774012656568430012,2988
1308,1774012656570059843,1774012656572920198,2860
1309,1774012656574542895,1774012656577922650,3379
1310,1774012656579717611,1774012656583184514,3466
1311,1774012656584881841,1774012656588055191,3173
1312,1774012656589822948,1774012656593313778,3490
1313,1774012656594959260,1774012656597976853,3017
1314,1774012656599654737,1774012656603135356,3480
1315,1774012656604769866,1774012656608400944,3631
1316,1774012656610180207,1774012656613760941,3580
1317,1774012656615476379,1774012656618809859,3333
1318,1774012656620602633,1774012656623926595,3323
1319,1774012656625832551,1774012656629429741,3597
1320,1774012656631101926,1774012656634043068,2941
1321,1774012656635905049,1774012656639527625,3622
1322,1774012656641322909,1774012656644792929,3470
1323,1774012656646538895,1774012656649747713,3208
1324,1774012656651429638,1774012656654629669,3200
1325,1774012656656324112,1774012656659492161,3168
1326,1774012656661306039,1774012656664748737,3442
1327,1774012656666425677,1774012656669587866,3162
1328,1774012656671387611,1774012656674339836,2952
1329,1774012656675770252,1774012656678612745,2842
1330,1774012656679948281,1774012656683287670,3339
1331,1774012656684899375,1774012656688478353,3578
1332,1774012656690178989,1774012656693179734,3000
1333,1774012656694665759,1774012656697668037,3002
1334,1774012656699154199,1774012656702394316,3240
1335,1774012656703716809,1774012656706063291,2346
1336,1774012656707539407,1774012656710569148,3029
1337,1774012656712154114,1774012656715509020,3354
1338,1774012656717021934,1774012656719814529,2792
1339,1774012656721362074,1774012656724285188,2923
1340,1774012656725883606,1774012656729262094,3378
1341,1774012656730976967,1774012656734435562,3458
1342,1774012656736089258,1774012656739528756,3439
1343,1774012656741171922,1774012656744220380,3048
1344,1774012656745907520,1774012656749463470,3555
1345,1774012656751264959,1774012656754618057,3353
1346,1774012656756377861,1774012656759381367,3003
1347,1774012656761036468,1774012656764568425,3531
1348,1774012656766274021,1774012656769294487,3020
1349,1774012656771005957,1774012656773921444,2915
1350,1774012656775569015,1774012656779041024,3472
1351,1774012656780939249,1774012656784486432,3547
1352,1774012656786208311,1774012656789630503,3422
1353,1774012656791441856,1774012656795059169,3617
1354,1774012656796715881,1774012656799930027,3214
1355,1774012656801621814,1774012656804732401,3110
1356,1774012656806392790,1774012656809968289,3575
1357,1774012656811624970,1774012656814955166,3330
1358,1774012656816549737,1774012656819272217,2722
1359,1774012656820894736,1774012656824479727,3584
1360,1774012656826121292,1774012656828594739,2473
1361,1774012656830068556,1774012656832841909,2773
1362,1774012656834411073,1774012656837949451,3538
1363,1774012656839372651,1774012656842623300,3250
1364,1774012656844089260,1774012656847528562,3439
1365,1774012656849058160,1774012656851827099,2768
1366,1774012656853426476,1774012656856331150,2904
1367,1774012656857987844,1774012656861398037,3410
1368,1774012656862933410,1774012656865836639,2903
1369,1774012656867612021,1774012656871450072,3838
1370,1774012656873195510,1774012656876730594,3535
1371,1774012656878522827,1774012656881738841,3216
1372,1774012656883381609,1774012656886278344,2896
1373,1774012656887887351,1774012656891424294,3536
1374,1774012656893237672,1774012656896694422,3456
1375,1774012656898340851,1774012656901535989,3195
1376,1774012656903234985,1774012656906254016,3019
1377,1774012656907957303,1774012656911416595,3459
1378,1774012656913090055,1774012656916897164,3807
1379,1774012656918650088,1774012656921805767,3155
1380,1774012656923471890,1774012656926933664,3461
1381,1774012656928665075,1774012656932318366,3653
1382,1774012656934047866,1774012656937529162,3481
1383,1774012656939400082,1774012656942323633,2923
1384,1774012656944116080,1774012656947676384,3560
1385,1774012656949472277,1774012656952232323,2760
1386,1774012656953864045,1774012656957260200,3396
1387,1774012656958833915,1774012656962294679,3460
1388,1774012656963774922,1774012656966334998,2560
1389,1774012656967628757,1774012656971224189,3595
1390,1774012656972812596,1774012656975719759,2907
1391,1774012656977187517,1774012656979865934,2678
1392,1774012656981461986,1774012656984119399,2657
1393,1774012656985719361,1774012656989207665,3488
1394,1774012656990743541,1774012656993659837,2916
1395,1774012656995238862,1774012656998686913,3448
1396,1774012657000464484,1774012657003597713,3133
1397,1774012657005362883,1774012657008832116,3469
1398,1774012657010524232,1774012657013878847,3354
1399,1774012657015513104,1774012657018218461,2705
1400,1774012657019822802,1774012657023275139,3452
1401,1774012657024906354,1774012657027944269,3037
1402,1774012657029601374,1774012657032997144,3395
1403,1774012657034612390,1774012657037924678,3312
1404,1774012657039714860,1774012657043150687,3435
1405,1774012657044771821,1774012657048100380,3328
1406,1774012657049743190,1774012657052822701,3079
1407,1774012657054444548,1774012657057810793,3366
1408,1774012657059424837,1774012657062698724,3273
1409,1774012657064471687,1774012657067555211,3083
1410,1774012657069184643,1774012657071940692,2756
1411,1774012657073556219,1774012657077107741,3551
1412,1774012657078748951,1774012657081486285,2737
1413,1774012657083107837,1774012657086680278,3572
1414,1774012657088416626,1774012657091290020,2873
1415,1774012657093065814,1774012657096170060,3104
1416,1774012657097621381,1774012657101152142,3530
1417,1774012657102859320,1774012657106425337,3566
1418,1774012657108154894,1774012657111037584,2882
1419,1774012657112510144,1774012657115038672,2528
1420,1774012657116627377,1774012657119671120,3043
1421,1774012657121273785,1774012657124639854,3366
1422,1774012657126153333,1774012657129580049,3426
1423,1774012657131439074,1774012657134860693,3421
1424,1774012657136604864,1774012657139964156,3359
1425,1774012657141815912,1774012657145335479,3519
1426,1774012657147112093,1774012657150569925,3457
1427,1774012657152276363,1774012657155281023,3004
1428,1774012657156910715,1774012657160331257,3420
1429,1774012657162140667,1774012657165514080,3373
1430,1774012657167328139,1774012657170718425,3390
1431,1774012657172437156,1774012657176167811,3730
1432,1774012657177804956,1774012657181007252,3202
1433,1774012657182683371,1774012657186180961,3497
1434,1774012657188194858,1774012657191737989,3543
1435,1774012657193507872,1774012657196879140,3371
1436,1774012657198689391,1774012657201474875,2785
1437,1774012657203320477,1774012657206104041,2783
1438,1774012657207742285,1774012657211422406,3680
1439,1774012657213097781,1774012657216516852,3419
1440,1774012657218180862,1774012657221543023,3362
1441,1774012657223208020,1774012657226840953,3632
1442,1774012657228495755,1774012657231309870,2814
1443,1774012657232925184,1774012657235969015,3043
1444,1774012657237578057,1774012657240522032,2943
1445,1774012657242173112,1774012657244871414,2698
1446,1774012657246448631,1774012657249120164,2671
1447,1774012657250472680,1774012657253264821,2792
1448,1774012657254799653,1774012657257414982,2615
1449,1774012657259027105,1774012657261597888,2570
1450,1774012657263188512,1774012657266516998,3328
1451,1774012657268271204,1774012657271842669,3571
1452,1774012657273615632,1774012657276749762,3134
1453,1774012657278810260,1774012657281995995,3185
1454,1774012657283640097,1774012657287015538,3375
1455,1774012657288842971,1774012657292361735,3518
1456,1774012657294055937,1774012657297518985,3463
1457,1774012657299136595,1774012657302058809,2922
1458,1774012657303900098,1774012657307617791,3717
1459,1774012657309368167,1774012657313022565,3654
1460,1774012657314815620,1774012657317940568,3124
1461,1774012657319588953,1774012657322747392,3158
1462,1774012657324576864,1774012657327789687,3212
1463,1774012657329461817,1774012657332398856,2937
1464,1774012657334184921,1774012657337428770,3243
1465,1774012657339297138,1774012657342269860,2972
1466,1774012657343918345,1774012657347573988,3655
1467,1774012657349377876,1774012657352886844,3508
1468,1774012657354655843,1774012657358202666,3546
1469,1774012657359819265,1774012657362539427,2720
1470,1774012657364155629,1774012657366899159,2743
1471,1774012657368583067,1774012657372097558,3514
1472,1774012657373795140,1774012657377327115,3531
1473,1774012657378966282,1774012657382302556,3336
1474,1774012657383865848,1774012657386522128,2656
1475,1774012657388204726,1774012657391009824,2805
1476,1774012657392565586,1774012657396011635,3446
1477,1774012657397641921,1774012657401001301,3359
1478,1774012657402697027,1774012657405741766,3044
1479,1774012657407458542,1774012657410876122,3417
1480,1774012657412614461,1774012657415726289,3111
1481,1774012657417408589,1774012657420770031,3361
1482,1774012657422393744,1774012657425904547,3510
1483,1774012657427496107,1774012657431057087,3560
1484,1774012657432864602,1774012657436421952,3557
1485,1774012657438484338,1774012657441759263,3274
1486,1774012657443459800,1774012657447169036,3709
1487,1774012657449016127,1774012657452547329,3531
1488,1774012657454344718,1774012657457622159,3277
1489,1774012657459304016,1774012657462607478,3303
1490,1774012657464422354,1774012657467285178,2862
1491,1774012657469022848,1774012657472597542,3574
1492,1774012657474533825,1774012657477556425,3022
1493,1774012657479281918,1774012657482681817,3399
1494,1774012657484434338,1774012657488053211,3618
1495,1774012657489878218,1774012657493561820,3683
1496,1774012657495302094,1774012657499016246,3714
1497,1774012657500476503,1774012657503294304,2817
1498,1774012657504767445,1774012657507678187,2910
1499,1774012657509355775,1774012657512149848,2794
1500,1774012657513680090,1774012657516931562,3251
1501,1774012657518396784,1774012657521315879,2919
1502,1774012657522997426,1774012657525595875,2598
1503,1774012657527238040,1774012657529893154,2655
1504,1774012657531420132,1774012657534874207,3454
1505,1774012657536470871,1774012657539983281,3512
1506,1774012657541812097,1774012657544897717,3085
1507,1774012657546555281,1774012657550162885,3607
1508,1774012657551813795,1774012657555488197,3674
1509,1774012657557142475,1774012657560564613,3422
1510,1774012657562440588,1774012657566067561,3626
1511,1774012657567988639,1774012657571487753,3499
1512,1774012657573403726,1774012657576848516,3444
1513,1774012657578707958,1774012657581810902,3102
1514,1774012657583503236,1774012657586815610,3312
1515,1774012657588490390,1774012657591995709,3505
1516,1774012657593730003,1774012657596871627,3141
1517,1774012657598587366,1774012657602091390,3504
1518,1774012657603742836,1774012657606916099,3173
1519,1774012657608522167,1774012657612132793,3610
1520,1774012657613836728,1774012657617421087,3584
1521,1774012657619085788,1774012657622626491,3540
1522,1774012657624353335,1774012657627609199,3255
1523,1774012657629225465,1774012657632641865,3416
1524,1774012657634310927,1774012657637245617,2934
1525,1774012657638856294,1774012657642318322,3462
1526,1774012657643963275,1774012657647323499,3360
1527,1774012657648815615,1774012657651868036,3052
1528,1774012657653611841,1774012657657167018,3555
1529,1774012657659074226,1774012657662066739,2992
1530,1774012657663456155,1774012657666601151,3144
1531,1774012657668188082,1774012657670884168,2696
1532,1774012657672453477,1774012657675863468,3409
1533,1774012657677430782,1774012657680827713,3396
1534,1774012657682452612,1774012657685238708,2786
1535,1774012657686808576,1774012657690176608,3368
1536,1774012657691739703,1774012657694599096,2859
1537,1774012657696029939,1774012657699560801,3530
1538,1774012657701118782,1774012657704013121,2894
1539,1774012657705613496,1774012657708717376,3103
1540,1774012657710315019,1774012657713708379,3393
1541,1774012657715271423,1774012657718402026,3130
1542,1774012657720004518,1774012657723447847,3443
1543,1774012657725038358,1774012657727891988,2853
1544,1774012657729621846,1774012657733272427,3650
1545,1774012657734928226,1774012657738271488,3343
1546,1774012657739972161,1774012657743180623,3208
1547,1774012657744793094,1774012657747897788,3104
1548,1774012657749680855,1774012657752916712,3235
1549,1774012657754712460,1774012657757937073,3224
1550,1774012657759703021,1774012657763099780,3396
1551,1774012657764746063,1774012657767786892,3040
1552,1774012657769571374,1774012657773234053,3662
1553,1774012657775045434,1774012657778591608,3546
1554,1774012657780562832,1774012657784185555,3622
1555,1774012657785570686,1774012657789092933,3522
1556,1774012657790697733,1774012657793653862,2956
1557,1774012657795286288,1774012657797997365,2711
1558,1774012657799588501,1774012657802434199,2845
1559,1774012657804236725,1774012657806925566,2688
1560,1774012657808581094,1774012657812116947,3535
1561,1774012657813808595,1774012657816844162,3035
1562,1774012657818544437,1774012657821755951,3211
1563,1774012657823310214,1774012657826506064,3195
1564,1774012657828126651,1774012657831029896,2903
1565,1774012657832750922,1774012657836268331,3517
1566,1774012657837879127,1774012657841420671,3541
1567,1774012657843126522,1774012657846163063,3036
1568,1774012657847800207,1774012657851259042,3458
1569,1774012657853039169,1774012657855939385,2900
1570,1774012657857735541,1774012657861399104,3663
1571,1774012657863067227,1774012657866142114,3074
1572,1774012657868098809,1774012657871262642,3163
1573,1774012657873046071,1774012657877182842,4136
1574,1774012657878933795,1774012657882783720,3849
1575,1774012657884495390,1774012657888000064,3504
1576,1774012657889603108,1774012657892603628,3000
1577,1774012657894282396,1774012657897571303,3288
1578,1774012657899207089,1774012657902760946,3553
1579,1774012657904272644,1774012657907793696,3521
1580,1774012657909447352,1774012657912916072,3468
1581,1774012657914268551,1774012657917473380,3204
1582,1774012657919046673,1774012657921830747,2784
1583,1774012657923179966,1774012657926741735,3561
1584,1774012657928200094,1774012657930889633,2689
1585,1774012657932104160,1774012657935317395,3213
1586,1774012657936966823,1774012657939828973,2862
1587,1774012657941384544,1774012657944896218,3511
1588,1774012657946525817,1774012657949696142,3170
1589,1774012657951314727,1774012657954628735,3314
1590,1774012657956336474,1774012657959749122,3412
1591,1774012657961337212,1774012657964829072,3491
1592,1774012657966401743,1774012657969848555,3446
1593,1774012657971572042,1774012657975137450,3565
1594,1774012657976804508,1774012657979889346,3084
1595,1774012657981759398,1774012657985360834,3601
1596,1774012657987148622,1774012657990509160,3360
1597,1774012657992171976,1774012657995211762,3039
1598,1774012657997123822,1774012658000695411,3571
1599,1774012658002372030,1774012658005452981,3080
1600,1774012658007123295,1774012658010027806,2904
1601,1774012658011688368,1774012658015264246,3575
1602,1774012658016916083,1774012658020891845,3975
1603,1774012658022727952,1774012658025995593,3267
1604,1774012658027815158,1774012658030894313,3079
1605,1774012658032760013,1774012658036397870,3637
1606,1774012658038139666,1774012658041969642,3829
1607,1774012658043639220,1774012658047110033,3470
1608,1774012658048755258,1774012658051456380,2701
1609,1774012658053082070,1774012658056624720,3542
1610,1774012658058261541,1774012658060939981,2678
1611,1774012658062304796,1774012658065880341,3575
1612,1774012658067587922,1774012658070723705,3135
1613,1774012658072471587,1774012658075623461,3151
1614,1774012658077097963,1774012658080704373,3606
1615,1774012658082441146,1774012658085614863,3173
1616,1774012658087375722,1774012658090618949,3243
1617,1774012658092253286,1774012658095095833,2842
1618,1774012658096838787,1774012658100370008,3531
1619,1774012658102103116,1774012658105467671,3364
1620,1774012658107130592,1774012658110631552,3500
1621,1774012658112302892,1774012658115103032,2800
1622,1774012658116714025,1774012658120412392,3698
1623,1774012658122138132,1774012658125351033,3212
1624,1774012658127116012,1774012658130880182,3764
1625,1774012658132752133,1774012658136179984,3427
1626,1774012658137938805,1774012658141535951,3597
1627,1774012658143536648,1774012658146906427,3369
1628,1774012658148741316,1774012658152261942,3520
1629,1774012658153839598,1774012658156950323,3110
1630,1774012658158701032,1774012658161787123,3086
1631,1774012658163500159,1774012658167044139,3543
1632,1774012658168830077,1774012658172361416,3531
1633,1774012658174002160,1774012658177558222,3556
1634,1774012658179332298,1774012658182878440,3546
1635,1774012658184591703,1774012658188354876,3763
1636,1774012658189985911,1774012658192837115,2851
1637,1774012658194368014,1774012658197833954,3465
1638,1774012658199318740,1774012658202854172,3535
1639,1774012658204333817,1774012658207134044,2800
1640,1774012658208762327,1774012658211428297,2665
1641,1774012658212902424,1774012658215898183,2995
1642,1774012658217419474,1774012658220873513,3454
1643,1774012658222449366,1774012658225923318,3473
1644,1774012658227601240,1774012658230765096,3163
1645,1774012658232453440,1774012658235865273,3411
1646,1774012658237575180,1774012658240932139,3356
1647,1774012658242842590,1774012658246410546,3567
1648,1774012658248177959,1774012658251217463,3039
1649,1774012658252951537,1774012658256521580,3570
1650,1774012658258184345,1774012658261869094,3684
1651,1774012658263829508,1774012658266928760,3099
1652,1774012658268582242,1774012658272166272,3584
1653,1774012658273756528,1774012658276838423,3081
1654,1774012658278803535,1774012658282533795,3730
1655,1774012658284228585,1774012658287616695,3388
1656,1774012658289395206,1774012658292897069,3501
1657,1774012658294633297,1774012658298191187,3557
1658,1774012658299856471,1774012658303042804,3186
1659,1774012658304797469,1774012658308178837,3381
1660,1774012658309822159,1774012658313184191,3362
1661,1774012658314797375,1774012658318356501,3559
1662,1774012658320003804,1774012658322735448,2731
1663,1774012658324259167,1774012658326703135,2443
1664,1774012658328369613,1774012658331559930,3190
1665,1774012658333200097,1774012658336766635,3566
1666,1774012658338211096,1774012658341787974,3576
1667,1774012658343161598,1774012658346864080,3702
1668,1774012658348384622,1774012658351193027,2808
1669,1774012658352365492,1774012658354876558,2511
1670,1774012658356445428,1774012658360042206,3596
1671,1774012658361705677,1774012658364746312,3040
1672,1774012658366426729,1774012658369822566,3395
1673,1774012658371450447,1774012658374624194,3173
1674,1774012658376515037,1774012658379880607,3365
1675,1774012658381520755,1774012658384848025,3327
1676,1774012658386429413,1774012658389678300,3248
1677,1774012658391370697,1774012658394826928,3456
1678,1774012658396457601,1774012658400126650,3669
1679,1774012658401791683,1774012658405292724,3501
1680,1774012658406918270,1774012658410273684,3355
1681,1774012658411965717,1774012658415306296,3340
1682,1774012658417083116,1774012658420502102,3418
1683,1774012658422135740,1774012658425115460,2979
1684,1774012658426761735,1774012658430177193,3415
1685,1774012658431815807,1774012658435162799,3346
1686,1774012658436814868,1774012658440150153,3335
1687,1774012658441836686,1774012658444911438,3074
1688,1774012658446738790,1774012658450407643,3668
1689,1774012658452052640,1774012658455030005,2977
1690,1774012658456598248,1774012658459605439,3007
1691,1774012658461107821,1774012658464705596,3597
1692,1774012658466117835,1774012658469369356,3251
1693,1774012658470959807,1774012658473683478,2723
1694,1774012658475292874,1774012658478820735,3527
1695,1774012658480284384,1774012658483123446,2839
1696,1774012658484250139,1774012658486820241,2570
1697,1774012658487905700,1774012658490723803,2818
1698,1774012658492312755,1774012658494944720,2631
1699,1774012658496548183,1774012658499966751,3418
1700,1774012658501828024,1774012658505111012,3282
1701,1774012658506664317,1774012658509951650,3287
1702,1774012658511595566,1774012658515218445,3622
1703,1774012658516906581,1774012658520495304,3588
1704,1774012658522284755,1774012658525579923,3295
1705,1774012658527330092,1774012658530642812,3312
1706,1774012658532521420,1774012658535695104,3173
1707,1774012658537481466,1774012658540933543,3452
1708,1774012658542688925,1774012658546012284,3323
1709,1774012658547733420,1774012658550728824,2995
1710,1774012658552466811,1774012658556206567,3739
1711,1774012658557905264,1774012658561425768,3520
1712,1774012658563126116,1774012658566445598,3319
1713,1774012658568107124,1774012658571083024,2975
1714,1774012658572799537,1774012658576253561,3454
1715,1774012658577945988,1774012658581512267,3566
1716,1774012658583220265,1774012658586695192,3474
1717,1774012658588409138,1774012658591956756,3547
1718,1774012658593578814,1774012658597356310,3777
1719,1774012658598864437,1774012658601611147,2746
1720,1774012658603245797,1774012658606425203,3179
1721,1774012658607932823,1774012658611521800,3588
1722,1774012658613109723,1774012658616641122,3531
1723,1774012658618093446,1774012658621699764,3606
1724,1774012658623282763,1774012658626134259,2851
1725,1774012658627708742,1774012658630850571,3141
1726,1774012658632477792,1774012658635809771,3331
1727,1774012658637426546,1774012658640900175,3473
1728,1774012658642628302,1774012658646167482,3539
1729,1774012658647808851,1774012658650798815,2989
1730,1774012658652493925,1774012658656143613,3649
1731,1774012658657820497,1774012658661426859,3606
1732,1774012658663084201,1774012658666457748,3373
1733,1774012658668275346,1774012658671803925,3528
1734,1774012658673654139,1774012658677116654,3462
1735,1774012658678884995,1774012658681746894,2861
1736,1774012658683317628,1774012658686536029,3218
1737,1774012658688179497,1774012658690893739,2714
1738,1774012658692447086,1774012658695127238,2680
1739,1774012658696753884,1774012658699809636,3055
1740,1774012658701391448,1774012658704506260,3114
1741,1774012658706163804,1774012658709747269,3583
1742,1774012658711420609,1774012658714497880,3077
1743,1774012658716171637,1774012658719604584,3432
1744,1774012658721411614,1774012658724115417,2703
1745,1774012658725747467,1774012658728818366,3070
1746,1774012658730524741,1774012658733423048,2898
1747,1774012658735012153,1774012658738450927,3438
1748,1774012658740098780,1774012658743640063,3541
1749,1774012658745078531,1774012658747981193,2902
1750,1774012658749359752,1774012658752026282,2666
1751,1774012658753615037,1774012658757090243,3475
1752,1774012658758538280,1774012658761008640,2470
1753,1774012658762576697,1774012658766035443,3458
1754,1774012658767772729,1774012658770649827,2877
1755,1774012658772238425,1774012658775850074,3611
1756,1774012658777503294,1774012658780838210,3334
1757,1774012658782550932,1774012658785910415,3359
1758,1774012658787825450,1774012658791487949,3662
1759,1774012658793231563,1774012658796656744,3425
1760,1774012658798508004,1774012658802166026,3658
1761,1774012658803819186,1774012658806920539,3101
1762,1774012658808732910,1774012658812346922,3614
1763,1774012658814024863,1774012658817604297,3579
1764,1774012658819292189,1774012658822146532,2854
1765,1774012658823953642,1774012658827428613,3474
1766,1774012658829155293,1774012658832785555,3630
1767,1774012658834485105,1774012658838224995,3739
1768,1774012658839888540,1774012658842949556,3061
1769,1774012658844652884,1774012658848206888,3554
1770,1774012658849886616,1774012658853397524,3510
1771,1774012658855022435,1774012658858231199,3208
1772,1774012658859774101,1774012658863345602,3571
1773,1774012658865048742,1774012658868552485,3503
1774,1774012658870526181,1774012658873443007,2916
1775,1774012658875166597,1774012658878456232,3289
1776,1774012658880090597,1774012658882836979,2746
1777,1774012658884658822,1774012658887875531,3216
1778,1774012658889550490,1774012658893130095,3579
1779,1774012658894548238,1774012658897140984,2592
1780,1774012658898756664,1774012658901300772,2544
1781,1774012658902862806,1774012658906344145,3481
1782,1774012658907928463,1774012658911102400,3173
1783,1774012658912755842,1774012658916171265,3415
1784,1774012658917814856,1774012658920814902,3000
1785,1774012658922480875,1774012658925961654,3480
1786,1774012658927581486,1774012658931016422,3434
1787,1774012658932698823,1774012658936179479,3480
1788,1774012658937852465,1774012658941264783,3412
1789,1774012658942992150,1774012658945997270,3005
1790,1774012658947789160,1774012658951215910,3426
1791,1774012658952886180,1774012658956198925,3312
1792,1774012658957943998,1774012658961776409,3832
1793,1774012658963505964,1774012658966801077,3295
1794,1774012658968546458,1774012658972164873,3618
1795,1774012658973801306,1774012658976834052,3032
1796,1774012658978525559,1774012658981828791,3303
1797,1774012658983663485,1774012658986991023,3327
1798,1774012658988865105,1774012658992385671,3520
1799,1774012658994029731,1774012658997045047,3015
1800,1774012658998763974,1774012659002336707,3572
1801,1774012659003903102,1774012659007443527,3540
1802,1774012659009155307,1774012659012664560,3509
1803,1774012659014305455,1774012659017760334,3454
1804,1774012659018953043,1774012659022142564,3189
1805,1774012659023833834,1774012659026430676,2596
1806,1774012659028067819,1774012659030490825,2423
1807,1774012659031868739,1774012659034864059,2995
1808,1774012659036498279,1774012659039973320,3475
1809,1774012659041697267,1774012659045237855,3540
1810,1774012659046884556,1774012659050127737,3243
1811,1774012659051812779,1774012659055206019,3393
1812,1774012659056943019,1774012659060336661,3393
1813,1774012659062107111,1774012659065450495,3343
1814,1774012659067315983,1774012659070418087,3102
1815,1774012659072088728,1774012659075360574,3271
1816,1774012659077347842,1774012659080971092,3623
1817,1774012659082868206,1774012659086180208,3312
1818,1774012659087855581,1774012659091559409,3703
1819,1774012659093294587,1774012659096348352,3053
1820,1774012659098108837,1774012659101192359,3083
1821,1774012659102855850,1774012659105997225,3141
1822,1774012659107746788,1774012659111298815,3552
1823,1774012659112943365,1774012659116508441,3565
1824,1774012659118385738,1774012659121175259,2789
1825,1774012659123009652,1774012659126485494,3475
1826,1774012659128191044,1774012659131648345,3457
1827,1774012659133373073,1774012659136229457,2856
1828,1774012659137858844,1774012659141393487,3534
1829,1774012659143051325,1774012659146490914,3439
1830,1774012659148200744,1774012659151103545,2902
1831,1774012659152726949,1774012659156144273,3417
1832,1774012659157838938,1774012659160861128,3022
1833,1774012659162465557,1774012659165986900,3521
1834,1774012659167456445,1774012659171035768,3579
1835,1774012659172603279,1774012659175370321,2767
1836,1774012659177044928,1774012659180357012,3312
1837,1774012659181960370,1774012659185441638,3481
1838,1774012659187025156,1774012659190341349,3316
1839,1774012659192118129,1774012659195501605,3383
1840,1774012659197340395,1774012659200481616,3141
1841,1774012659202070471,1774012659205035395,2964
1842,1774012659206684951,1774012659210156568,3471
1843,1774012659212118758,1774012659215918799,3800
1844,1774012659217586957,1774012659221084599,3497
1845,1774012659223005177,1774012659226275691,3270
1846,1774012659228043833,1774012659230968397,2924
1847,1774012659232583290,1774012659235678326,3095
1848,1774012659237365144,1774012659240676563,3311
1849,1774012659248886400,1774012659252321804,3435
1850,1774012659253990485,1774012659257438929,3448
1851,1774012659259183670,1774012659262590997,3407
1852,1774012659264488004,1774012659267865049,3377
1853,1774012659269580912,1774012659272715966,3135
1854,1774012659274446843,1774012659277273374,2826
1855,1774012659278759136,1774012659282147624,3388
1856,1774012659283519870,1774012659287068007,3548
1857,1774012659288637207,1774012659292252205,3614
1858,1774012659293981699,1774012659296545969,2564
1859,1774012659298038198,1774012659301010821,2972
1860,1774012659302584027,1774012659305867852,3283
1861,1774012659307433053,1774012659309924686,2491
1862,1774012659311594421,1774012659314903476,3309
1863,1774012659316625039,1774012659319801133,3176
1864,1774012659321490038,1774012659324925146,3435
1865,1774012659326637810,1774012659330384045,3746
1866,1774012659332050620,1774012659334952161,2901
1867,1774012659336601276,1774012659339954354,3353
1868,1774012659341797631,1774012659344874612,3076
1869,1774012659346551275,1774012659349961771,3410
1870,1774012659351615160,1774012659355208146,3592
1871,1774012659357002160,1774012659360448663,3446
1872,1774012659362216382,1774012659365718730,3502
1873,1774012659367424090,1774012659370411179,2987
1874,1774012659372076816,1774012659375127942,3051
1875,1774012659376901575,1774012659380451572,3549
1876,1774012659382351430,1774012659385766081,3414
1877,1774012659387515537,1774012659390651774,3136
1878,1774012659392350463,1774012659395384804,3034
1879,1774012659397066731,1774012659400464298,3397
1880,1774012659402044687,1774012659405537314,3492
1881,1774012659407181308,1774012659410473717,3292
1882,1774012659412100287,1774012659415582790,3482
1883,1774012659417385945,1774012659420911234,3525
1884,1774012659422563072,1774012659425718293,3155
1885,1774012659427435587,1774012659430499624,3064
1886,1774012659432191310,1774012659435481484,3290
1887,1774012659437290738,1774012659440063761,2773
1888,1774012659441462518,1774012659445011502,3548
1889,1774012659446652652,1774012659450056287,3403
1890,1774012659451618031,1774012659454878655,3260
1891,1774012659456522978,1774012659459946520,3423
1892,1774012659461756211,1774012659465592734,3836
1893,1774012659467370359,1774012659470851773,3481
1894,1774012659472539614,1774012659476038680,3499
1895,1774012659477609492,1774012659480742711,3133
1896,1774012659482402982,1774012659486061946,3658
1897,1774012659487673116,1774012659491124941,3451
1898,1774012659492974574,1774012659496459742,3485
1899,1774012659498215527,1774012659501628764,3413
1900,1774012659503384262,1774012659506843494,3459
1901,1774012659508569634,1774012659512108458,3538
1902,1774012659513936513,1774012659517093419,3156
1903,1774012659518902376,1774012659522370424,3468
1904,1774012659524053050,1774012659527534326,3481
1905,1774012659529376851,1774012659532864814,3487
1906,1774012659534582584,1774012659537750800,3168
1907,1774012659539560730,1774012659542818162,3257
1908,1774012659544553405,1774012659548134059,3580
1909,1774012659549850737,1774012659552639252,2788
1910,1774012659554377060,1774012659557547816,3170
1911,1774012659559048712,1774012659561593823,2545
1912,1774012659563066395,1774012659566348947,3282
1913,1774012659567964657,1774012659570635303,2670
1914,1774012659572127097,1774012659575555523,3428
1915,1774012659577262002,1774012659580153328,2891
1916,1774012659581632428,1774012659584325049,2692
1917,1774012659585793131,1774012659588726316,2933
1918,1774012659590261239,1774012659592918701,2657
1919,1774012659594465258,1774012659597214859,2749
1920,1774012659598709525,1774012659602173453,3463
1921,1774012659603788572,1774012659606778293,2989
1922,1774012659608392605,1774012659611485319,3092
1923,1774012659613157529,1774012659616483735,3326
1924,1774012659618182427,1774012659621532578,3350
1925,1774012659623208440,1774012659626500821,3292
1926,1774012659628160690,1774012659631249116,3088
1927,1774012659632967304,1774012659636402789,3435
1928,1774012659638214502,1774012659641861599,3647
1929,1774012659643488191,1774012659646600748,3112
1930,1774012659648415762,1774012659651460816,3045
1931,1774012659653086898,1774012659656418141,3331
1932,1774012659658081539,1774012659661384713,3303
1933,1774012659663053886,1774012659666658117,3604
1934,1774012659668372647,1774012659671572964,3200
1935,1774012659673451860,1774012659676915131,3463
1936,1774012659678576872,1774012659682225615,3648
1937,1774012659683879676,1774012659686669533,2789
1938,1774012659688098428,1774012659690896790,2798
1939,1774012659692460506,1774012659695584878,3124
1940,1774012659697060121,1774012659700592832,3532
1941,1774012659702098363,1774012659704667694,2569
1942,1774012659705989315,1774012659708714049,2724
1943,1774012659710256216,1774012659713783567,3527
1944,1774012659714999081,1774012659718330822,3331
1945,1774012659719913790,1774012659722761064,2847
1946,1774012659724281144,1774012659727089061,2807
1947,1774012659728670743,1774012659731677365,3006
1948,1774012659733176992,1774012659736563232,3386
1949,1774012659738186930,1774012659741477967,3291
1950,1774012659743113940,1774012659746201680,3087
1951,1774012659747970503,1774012659750853284,2882
1952,1774012659752500504,1774012659756036520,3536
1953,1774012659757830094,1774012659761394226,3564
1954,1774012659762996559,1774012659766639067,3642
1955,1774012659768443070,1774012659771660089,3217
1956,1774012659773268147,1774012659776751733,3483
1957,1774012659778459517,1774012659781975403,3515
1958,1774012659783747391,1774012659787320624,3573
1959,1774012659788935303,1774012659792342975,3407
1960,1774012659794015367,1774012659797169245,3153
1961,1774012659798885276,1774012659802364269,3478
1962,1774012659803949335,1774012659806862379,2913
1963,1774012659808612525,1774012659812164006,3551
1964,1774012659813804050,1774012659817151501,3347
1965,1774012659818853118,1774012659821956782,3103
1966,1774012659823596194,1774012659827031118,3434
1967,1774012659828880595,1774012659832496186,3615
1968,1774012659834101541,1774012659837377209,3275
1969,1774012659839167870,1774012659842385773,3217
1970,1774012659843943052,1774012659846858634,2915
1971,1774012659848548734,1774012659851537635,2988
1972,1774012659853012005,1774012659856586418,3574
1973,1774012659858201469,1774012659861532774,3331
1974,1774012659863192425,1774012659866441581,3249
1975,1774012659868105742,1774012659871451619,3345
1976,1774012659873053222,1774012659875874777,2821
1977,1774012659877488972,1774012659881102737,3613
1978,1774012659882656889,1774012659886383660,3726
1979,1774012659888133636,1774012659891532160,3398
1980,1774012659893333395,1774012659897119788,3786
1981,1774012659898835821,1774012659902270884,3435
1982,1774012659903826730,1774012659907198584,3371
1983,1774012659908812982,1774012659911657520,2844
1984,1774012659913455910,1774012659916940631,3484
1985,1774012659918759099,1774012659922126396,3367
1986,1774012659923849015,1774012659927170675,3321
1987,1774012659928615728,1774012659931794154,3178
1988,1774012659933578664,1774012659937060674,3482
1989,1774012659938749046,1774012659942464431,3715
1990,1774012659944204229,1774012659947529396,3325
1991,1774012659949362985,1774012659952798074,3435
1992,1774012659954500434,1774012659958087632,3587
1993,1774012659959657619,1774012659962337830,2680
1994,1774012659964011181,1774012659967381002,3369
1995,1774012659969031438,1774012659972225811,3194
1996,1774012659973931177,1774012659977419869,3488
1997,1774012659978863614,1774012659982371965,3508
1998,1774012659983845009,1774012659987182345,3337
1999,1774012659988784403,1774012659992070067,3285
2000,1774012659993605966,1774012659996661199,3055
2001,1774012659998307215,1774012660001067161,2759
2002,1774012660002619608,1774012660005748638,3129
2003,1774012660007361519,1774012660010781562,3420
2004,1774012660012560736,1774012660015891037,3330
2005,1774012660017534651,1774012660020918503,3383
2006,1774012660022624230,1774012660025609799,2985
2007,1774012660027205909,1774012660030418008,3212
2008,1774012660032003643,1774012660035410599,3406
2009,1774012660037112492,1774012660040368346,3255
2010,1774012660042004503,1774012660045368904,3364
2011,1774012660047153977,1774012660049941920,2787
2012,1774012660051563635,1774012660054955396,3391
2013,1774012660056693780,1774012660059761342,3067
2014,1774012660061522207,1774012660065030066,3507
2015,1774012660066692189,1774012660069781116,3088
2016,1774012660071485034,1774012660074636792,3151
2017,1774012660076316055,1774012660079754935,3438
2018,1774012660081493347,1774012660084912314,3418
2019,1774012660086783459,1774012660090218102,3434
2020,1774012660091882703,1774012660095145980,3263
2021,1774012660096744659,1774012660100256030,3511
2022,1774012660101965066,1774012660105226228,3261
2023,1774012660106559725,1774012660109072023,2512
2024,1774012660110385557,1774012660113589222,3203
2025,1774012660115194506,1774012660117918224,2723
2026,1774012660119562930,1774012660123089954,3527
2027,1774012660124755103,1774012660128129070,3373
2028,1774012660129864166,1774012660132857857,2993
2029,1774012660134411612,1774012660137792620,3381
2030,1774012660139386825,1774012660142027639,2640
2031,1774012660143699739,1774012660146879295,3179
2032,1774012660148509205,1774012660151889818,3380
2033,1774012660153660151,1774012660156888041,3227
2034,1774012660158692515,1774012660162120592,3428
2035,1774012660163727765,1774012660167421402,3693
2036,1774012660169142460,1774012660172668719,3526
2037,1774012660174454598,1774012660177637354,3182
2038,1774012660179379048,1774012660182707511,3328
2039,1774012660184369454,1774012660187910649,3541
2040,1774012660189635804,1774012660193339438,3703
2041,1774012660195001495,1774012660198448371,3446
2042,1774012660200092466,1774012660203187749,3095
2043,1774012660204861775,1774012660207942418,3080
2044,1774012660209558223,1774012660213017899,3459
2045,1774012660214929219,1774012660218011435,3082
2046,1774012660219697904,1774012660223207916,3510
2047,1774012660225017102,1774012660228661490,3644
2048,1774012660230521672,1774012660233361527,2839
2049,1774012660235229739,1774012660238695884,3466
2050,1774012660240466211,1774012660243903600,3437
2051,1774012660245485270,1774012660248339651,2854
2052,1774012660249949630,1774012660253353144,3403
2053,1774012660255000073,1774012660257618551,2618
2054,1774012660259045831,1774012660262533152,3487
2055,1774012660263878467,1774012660266910250,3031
2056,1774012660268607244,1774012660271591352,2984
2057,1774012660273202966,1774012660276575985,3373
2058,1774012660278349123,1774012660281244304,2895
2059,1774012660282904335,1774012660286422075,3517
2060,1774012660287983724,1774012660290960229,2976
2061,1774012660292660014,1774012660296139711,3479
2062,1774012660297754314,1774012660300806052,3051
2063,1774012660302494899,1774012660306201890,3706
2064,1774012660307841962,1774012660311433942,3591
2065,1774012660313406499,1774012660317033073,3626
2066,1774012660318929142,1774012660322006477,3077
2067,1774012660323701616,1774012660326882994,3181
2068,1774012660328796913,1774012660331837466,3040
2069,1774012660333505076,1774012660337030723,3525
2070,1774012660338860149,1774012660341980591,3120
2071,1774012660343723802,1774012660347239696,3515
2072,1774012660348896146,1774012660351931606,3035
2073,1774012660353561989,1774012660356948315,3386
2074,1774012660358530732,1774012660361899807,3369
2075,1774012660363558302,1774012660366893233,3334
2076,1774012660368602941,1774012660371944391,3341
2077,1774012660373493989,1774012660376251704,2757
2078,1774012660377936683,1774012660381073284,3136
2079,1774012660382858085,1774012660386323964,3465
2080,1774012660387857227,1774012660391042914,3185
2081,1774012660392758782,1774012660395228088,2469
2082,1774012660396785136,1774012660399757288,2972
2083,1774012660400945934,1774012660403506064,2560
2084,1774012660404920332,1774012660408057016,3136
2085,1774012660409635364,1774012660413046911,3411
2086,1774012660414867318,1774012660418251271,3383
2087,1774012660419847494,1774012660423196418,3348
2088,1774012660424866104,1774012660428176043,3309
2089,1774012660429794432,1774012660433227746,3433
2090,1774012660434925333,1774012660438330980,3405
2091,1774012660439960088,1774012660442952165,2992
2092,1774012660444683566,1774012660447864390,3180
2093,1774012660449656400,1774012660453070844,3414
2094,1774012660454802551,1774012660457737860,2935
2095,1774012660459562033,1774012660463105794,3543
2096,1774012660464839902,1774012660468014481,3174
2097,1774012660469708789,1774012660473489587,3780
2098,1774012660475172456,1774012660478715419,3542
2099,1774012660480460761,1774012660483117646,2656
2100,1774012660484845055,1774012660488417353,3572
2101,1774012660490088726,1774012660493632454,3543
2102,1774012660495350081,1774012660498595810,3245
2103,1774012660500260268,1774012660503124299,2864
2104,1774012660504707457,1774012660508339991,3632
2105,1774012660510001414,1774012660513610166,3608
2106,1774012660515322760,1774012660517963114,2640
2107,1774012660519307914,1774012660522467176,3159
2108,1774012660523941077,1774012660526836293,2895
2109,1774012660528398174,1774012660531129533,2731
2110,1774012660532541015,1774012660535019876,2478
2111,1774012660536564372,1774012660539159149,2594
2112,1774012660540827216,1774012660543881583,3054
2113,1774012660545451591,1774012660548849881,3398
2114,1774012660550461738,1774012660553981897,3520
2115,1774012660555539604,1774012660558611695,3072
2116,1774012660560091078,1774012660562984170,2893
2117,1774012660564663942,1774012660567846246,3182
2118,1774012660569404967,1774012660572182808,2777
2119,1774012660573847334,1774012660577226911,3379
2120,1774012660578902393,1774012660582313601,3411
2121,1774012660583924242,1774012660587251317,3327
2122,1774012660588852233,1774012660592184666,3332
2123,1774012660593887701,1774012660597051753,3164
2124,1774012660598632798,1774012660602129843,3497
2125,1774012660603693519,1774012660607234933,3541
2126,1774012660608880396,1774012660612356703,3476
2127,1774012660614122881,1774012660617533904,3411
2128,1774012660619344874,1774012660622558715,3213
2129,1774012660624094966,1774012660627517914,3422
2130,1774012660629133347,1774012660632434449,3301
2131,1774012660634298999,1774012660637776918,3477
2132,1774012660639143558,1774012660642395919,3252
2133,1774012660644018844,1774012660647385674,3366
2134,1774012660648966411,1774012660651923139,2956
2135,1774012660653607975,1774012660657245209,3637
2136,1774012660658927938,1774012660661446139,2518
2137,1774012660663021760,1774012660666580531,3558
2138,1774012660668065482,1774012660671125373,3059
2139,1774012660672730575,1774012660675492935,2762
2140,1774012660677037300,1774012660679654763,2617
2141,1774012660681193897,1774012660684393818,3199
2142,1774012660685958743,1774012660688693559,2734
2143,1774012660690570734,1774012660694152287,3581
2144,1774012660695637933,1774012660699032038,3394
2145,1774012660700678042,1774012660703992322,3314
2146,1774012660705546278,1774012660708949615,3403
2147,1774012660710534549,1774012660713538753,3004
2148,1774012660715234132,1774012660718031381,2797
2149,1774012660719591104,1774012660723168486,3577
2150,1774012660724859481,1774012660728278960,3419
2151,1774012660729943250,1774012660733027349,3084
2152,1774012660734676205,1774012660738051627,3375
2153,1774012660739691485,1774012660743199785,3508
2154,1774012660744893379,1774012660748310826,3417
2155,1774012660749952028,1774012660753192094,3240
2156,1774012660754845621,1774012660758207669,3362
2157,1774012660759741673,1774012660763039356,3297
2158,1774012660764936386,1774012660768426268,3489
2159,1774012660770108976,1774012660772997825,2888
2160,1774012660774738276,1774012660778244346,3506
2161,1774012660779865882,1774012660783512027,3646
2162,1774012660785174103,1774012660787978296,2804
2163,1774012660789587292,1774012660793203235,3615
2164,1774012660794590172,1774012660797599942,3009
2165,1774012660799080482,1774012660801689392,2608
2166,1774012660803315870,1774012660806590352,3274
2167,1774012660808008023,1774012660810993412,2985
2168,1774012660812635829,1774012660816011710,3375
2169,1774012660817768224,1774012660820631301,2863
2170,1774012660822244458,1774012660825485769,3241
2171,1774012660827038925,1774012660830538280,3499
2172,1774012660831962822,1774012660835271979,3309
2173,1774012660836871373,1774012660839851295,2979
2174,1774012660841457345,1774012660844600919,3143
2175,1774012660846231812,1774012660849537040,3305
2176,1774012660851264990,1774012660854773441,3508
2177,1774012660856437687,1774012660859933630,3495
2178,1774012660861624013,1774012660865088605,3464
2179,1774012660866786906,1774012660870227243,3440
2180,1774012660872023588,1774012660875423134,3399
2181,1774012660877076189,1774012660880414812,3338
2182,1774012660882087858,1774012660885074674,2986
2183,1774012660886839022,1774012660889843041,3004
2184,1774012660891604348,1774012660894924374,3320
2185,1774012660896737937,1774012660899884591,3146
2186,1774012660901686861,1774012660904772459,3085
2187,1774012660906540730,1774012660909752955,3212
2188,1774012660911509224,1774012660914965410,3456
2189,1774012660916576236,1774012660920069388,3493
2190,1774012660921642806,1774012660925207969,3565
2191,1774012660926788940,1774012660930237523,3448
2192,1774012660931853611,1774012660934717595,2863
2193,1774012660936232209,1774012660939030392,2798
2194,1774012660940404276,1774012660943919023,3514
2195,1774012660945456596,1774012660948928840,3472
2196,1774012660950631403,1774012660954204430,3573
2197,1774012660955888413,1774012660959021335,3132
2198,1774012660960721188,1774012660963965016,3243
2199,1774012660965802124,1774012660969471407,3669
2200,1774012660971192398,1774012660974597920,3405
2201,1774012660976244767,1774012660979660628,3415
2202,1774012660981365004,1774012660984871096,3506
2203,1774012660986530190,1774012660989884527,3354
2204,1774012660991730481,1774012660995232474,3501
2205,1774012660996914332,1774012661000029597,3115
2206,1774012661001689906,1774012661005238683,3548
2207,1774012661006978547,1774012661010376104,3397
2208,1774012661012023040,1774012661015353633,3330
2209,1774012661017207351,1774012661020676153,3468
2210,1774012661022374392,1774012661025481085,3106
2211,1774012661027146577,1774012661029979362,2832
2212,1774012661031579377,1774012661035009232,3429
2213,1774012661036616377,1774012661039980163,3363
2214,1774012661041636983,1774012661045116144,3479
2215,1774012661046744214,1774012661050160764,3416
2216,1774012661051887895,1774012661054833193,2945
2217,1774012661056373334,1774012661059929940,3556
2218,1774012661061483868,1774012661065018952,3535
2219,1774012661066457606,1774012661069334473,2876
2220,1774012661070834717,1774012661073950119,3115
2221,1774012661075526429,1774012661078636388,3109
2222,1774012661080132485,1774012661082627315,2494
2223,1774012661084213760,1774012661087427212,3213
2224,1774012661089033330,1774012661092315589,3282
2225,1774012661093945183,1774012661096993318,3048
2226,1774012661098595719,1774012661102192592,3596
2227,1774012661103787308,1774012661107151512,3364
2228,1774012661108772907,1774012661112134432,3361
2229,1774012661113928097,1774012661117227120,3299
2230,1774012661118902521,1774012661122013634,3111
2231,1774012661123715237,1774012661126874703,3159
2232,1774012661128569773,1774012661132406563,3836
2233,1774012661134191133,1774012661137556617,3365
2234,1774012661139175267,1774012661142448669,3273
2235,1774012661144188874,1774012661147403550,3214
2236,1774012661148984981,1774012661152599195,3614
2237,1774012661154523496,1774012661157858747,3335
2238,1774012661159512152,1774012661162614260,3102
2239,1774012661164316959,1774012661167273868,2956
2240,1774012661168886246,1774012661172282380,3396
2241,1774012661174120782,1774012661177613142,3492
2242,1774012661179334387,1774012661182974222,3639
2243,1774012661184725608,1774012661188222749,3497
2244,1774012661189919246,1774012661193531105,3611
2245,1774012661194918630,1774012661198324204,3405
2246,1774012661200053656,1774012661203271460,3217
2247,1774012661204817230,1774012661207623669,2806
2248,1774012661209385321,1774012661212959379,3574
2249,1774012661214276338,1774012661217992829,3716
2250,1774012661219549118,1774012661222210791,2661
2251,1774012661223802888,1774012661226785227,2982
2252,1774012661228429591,1774012661231953333,3523
2253,1774012661233638749,1774012661237005913,3367
2254,1774012661238684784,1774012661242142979,3458
2255,1774012661243755267,1774012661246823304,3068
2256,1774012661248438108,1774012661251968510,3530
2257,1774012661253546722,1774012661256730877,3184
2258,1774012661258517585,1774012661261968814,3451
2259,1774012661263855664,1774012661267487754,3632
2260,1774012661269312657,1774012661272193270,2880
2261,1774012661273819752,1774012661277374525,3554
2262,1774012661279022623,1774012661281912526,2889
2263,1774012661283642234,1774012661287451089,3808
2264,1774012661289152029,1774012661292529419,3377
2265,1774012661294311080,1774012661297733852,3422
2266,1774012661299447766,1774012661303077543,3629
2267,1774012661304901178,1774012661308024176,3122
2268,1774012661309844479,1774012661313376762,3532
2269,1774012661315004841,1774012661317985165,2980
2270,1774012661320000928,1774012661323797145,3796
2271,1774012661325492046,1774012661329011163,3519
2272,1774012661330755910,1774012661334261795,3505
2273,1774012661335826247,1774012661338923267,3097
2274,1774012661340748107,1774012661343831108,3083
2275,1774012661345581700,1774012661349172165,3590
2276,1774012661350880630,1774012661353893990,3013
2277,1774012661355535248,1774012661358902229,3366
2278,1774012661360443662,1774012661363691108,3247
2279,1774012661365472094,1774012661368115838,2643
2280,1774012661369697113,1774012661373043815,3346
2281,1774012661374659927,1774012661377846876,3186
2282,1774012661379451956,1774012661382860007,3408
2283,1774012661384690256,1774012661388082976,3392
2284,1774012661389957424,1774012661393019076,3061
2285,1774012661394718731,1774012661398247647,3528
2286,1774012661399976655,1774012661403421033,3444
2287,1774012661405105394,1774012661408549491,3444
2288,1774012661410300148,1774012661413638909,3338
2289,1774012661415536089,1774012661419121278,3585
2290,1774012661420809683,1774012661424330784,3521
2291,1774012661426005403,1774012661429460779,3455
2292,1774012661431301999,1774012661434150574,2848
2293,1774012661435821916,1774012661439398892,3576
2294,1774012661441395526,1774012661445040142,3644
2295,1774012661446696833,1774012661450073219,3376
2296,1774012661451881042,1774012661455447920,3566
2297,1774012661457147773,1774012661460101439,2953
2298,1774012661461758227,1774012661465286663,3528
2299,1774012661466786803,1774012661470537408,3750
2300,1774012661472177205,1774012661475485877,3308
2301,1774012661477121662,1774012661480196221,3074
2302,1774012661481966196,1774012661485260310,3294
2303,1774012661486832499,1774012661489535291,2702
2304,1774012661491203080,1774012661494006773,2803
2305,1774012661495755377,1774012661499216289,3460
2306,1774012661500780888,1774012661503768379,2987
2307,1774012661505468167,1774012661509007847,3539
2308,1774012661510641756,1774012661514348918,3707
2309,1774012661515957425,1774012661518910429,2953
2310,1774012661520575296,1774012661523855102,3279
2311,1774012661525748278,1774012661529281941,3533
2312,1774012661530887437,1774012661534471385,3583
2313,1774012661536169238,1774012661539528830,3359
2314,1774012661541296521,1774012661544295553,2999
2315,1774012661545948073,1774012661549444496,3496
2316,1774012661551223074,1774012661554621030,3397
2317,1774012661556374687,1774012661559743180,3368
2318,1774012661561385812,1774012661564815677,3429
2319,1774012661566738114,1774012661570186102,3447
2320,1774012661571829512,1774012661575159723,3330
2321,1774012661576805827,1774012661580146483,3340
2322,1774012661581751816,1774012661585223121,3471
2323,1774012661586929350,1774012661590327296,3397
2324,1774012661592012174,1774012661595025524,3013
2325,1774012661596763609,1774012661600168723,3405
2326,1774012661601841611,1774012661605432130,3590
2327,1774012661607151045,1774012661609865542,2714
2328,1774012661611522745,1774012661614983163,3460
2329,1774012661616873948,1774012661620237973,3364
2330,1774012661621865904,1774012661624864132,2998
2331,1774012661626290388,1774012661629221638,2931
2332,1774012661630883397,1774012661634426902,3543
2333,1774012661636101587,1774012661639348943,3247
2334,1774012661640926845,1774012661644359374,3432
2335,1774012661645981924,1774012661648918273,2936
2336,1774012661650572679,1774012661653985879,3413
2337,1774012661655628562,1774012661658991536,3362
2338,1774012661660606217,1774012661663631008,3024
2339,1774012661665282347,1774012661668594955,3312
2340,1774012661670248182,1774012661673194471,2946
2341,1774012661674779163,1774012661678214384,3435
2342,1774012661679858039,1774012661683509280,3651
2343,1774012661685303415,1774012661688170456,2867
2344,1774012661689839591,1774012661693305932,3466
2345,1774012661695034769,1774012661698372965,3338
2346,1774012661699982963,1774012661702799632,2816
2347,1774012661704224636,1774012661706786549,2561
2348,1774012661708368016,1774012661711468461,3100
2349,1774012661713088692,1774012661716656105,3567
2350,1774012661718259579,1774012661721568663,3309
2351,1774012661723308085,1774012661726570774,3262
2352,1774012661728286114,1774012661731669757,3383
2353,1774012661733327558,1774012661736024583,2697
2354,1774012661737693107,1774012661741137434,3444
2355,1774012661742670958,1774012661746014599,3343
2356,1774012661747734807,1774012661750769070,3034
2357,1774012661752275155,1774012661754926991,2651
2358,1774012661756621705,1774012661759417216,2795
2359,1774012661761034860,1774012661763773466,2738
2360,1774012661765401071,1774012661768207905,2806
2361,1774012661769713424,1774012661773311626,3598
2362,1774012661774928869,1774012661777863204,2934
2363,1774012661779496337,1774012661782979585,3483
2364,1774012661784685554,1774012661787744569,3059
2365,1774012661789412996,1774012661792908696,3495
2366,1774012661794552790,1774012661798217149,3664
2367,1774012661799901661,1774012661803286991,3385
2368,1774012661804926506,1774012661808384711,3458
2369,1774012661810018794,1774012661812781391,2762
2370,1774012661814406154,1774012661817823294,3417
2371,1774012661819456649,1774012661822583977,3127
2372,1774012661824235112,1774012661827607271,3372
2373,1774012661829311473,1774012661832988870,3677
2374,1774012661834780940,1774012661838061343,3280
2375,1774012661839786823,1774012661843223633,3436
2376,1774012661845122795,1774012661848573367,3450
2377,1774012661850286470,1774012661853692060,3405
2378,1774012661855466474,1774012661859032332,3565
2379,1774012661860817243,1774012661864365959,3548
2380,1774012661866011815,1774012661869113539,3101
2381,1774012661870870106,1774012661874475080,3604
2382,1774012661876232226,1774012661878919674,2687
2383,1774012661880548303,1774012661883304361,2756
2384,1774012661884873760,1774012661888239178,3365
2385,1774012661889955955,1774012661892906766,2950
2386,1774012661894498148,1774012661897581784,3083
2387,1774012661899229500,1774012661903041701,3812
2388,1774012661904575055,1774012661907271733,2696
2389,1774012661908908363,1774012661911897119,2988
2390,1774012661913472650,1774012661916910574,3437
2391,1774012661918440669,1774012661921627240,3186
2392,1774012661923407050,1774012661927003799,3596
2393,1774012661928637779,1774012661932135234,3497
2394,1774012661933765143,1774012661936860432,3095
2395,1774012661938555292,1774012661942178384,3623
2396,1774012661943983204,1774012661946948994,2965
2397,1774012661948694669,1774012661952242472,3547
2398,1774012661953893239,1774012661956913378,3020
2399,1774012661958825067,1774012661961845477,3020
2400,1774012661963486227,1774012661966937078,3450
2401,1774012661968622406,1774012661972316486,3694
2402,1774012661974072567,1774012661977961441,3888
2403,1774012661979619106,1774012661982874603,3255
2404,1774012661984755785,1774012661988341806,3586
2405,1774012661990216688,1774012661993265135,3048
2406,1774012661995024899,1774012661998165893,3140
2407,1774012661999979603,1774012662003166224,3186
2408,1774012662004891880,1774012662008375615,3483
2409,1774012662010105689,1774012662013712499,3606
2410,1774012662015400114,1774012662018872003,3471
2411,1774012662020579970,1774012662024022211,3442
2412,1774012662025767069,1774012662029491504,3724
2413,1774012662030992214,1774012662033971728,2979
2414,1774012662035485564,1774012662038345311,2859
2415,1774012662040061643,1774012662042801852,2740
2416,1774012662044396581,1774012662047978052,3581
2417,1774012662049680499,1774012662052981423,3300
2418,1774012662054684169,1774012662057848964,3164
2419,1774012662059593952,1774012662063156971,3563
2420,1774012662064758617,1774012662068073968,3315
2421,1774012662069849661,1774012662073312008,3462
2422,1774012662075064469,1774012662078388949,3324
2423,1774012662080281640,1774012662083389306,3107
2424,1774012662085263192,1774012662088609531,3346
2425,1774012662090307081,1774012662093755634,3448
2426,1774012662095433891,1774012662098623862,3189
2427,1774012662100373318,1774012662103860868,3487
2428,1774012662105627104,1774012662109129210,3502
2429,1774012662111089238,1774012662114686322,3597
2430,1774012662116593827,1774012662120135493,3541
2431,1774012662122095942,1774012662125052883,2956
2432,1774012662126751842,1774012662129916468,3164
2433,1774012662131591484,1774012662135040159,3448
2434,1774012662136699542,1774012662140080635,3381
2435,1774012662141702747,1774012662145172946,3470
2436,1774012662146832736,1774012662150344099,3511
2437,1774012662151939643,1774012662155440244,3500
2438,1774012662157289250,1774012662160076007,2786
2439,1774012662161801053,1774012662165257926,3456
2440,1774012662166908016,1774012662170030015,3121
2441,1774012662171723033,1774012662175377258,3654
2442,1774012662177004948,1774012662179815916,2810
2443,1774012662181426612,1774012662184272384,2845
2444,1774012662185857133,1774012662189198220,3341
2445,1774012662190730478,1774012662194041706,3311
2446,1774012662195814705,1774012662199382978,3568
2447,1774012662201168197,1774012662204123270,2955
2448,1774012662205924320,1774012662208966618,3042
2449,1774012662210703507,1774012662213868278,3164
2450,1774012662215641847,1774012662219188429,3546
2451,1774012662221115640,1774012662224622291,3506
2452,1774012662226445540,1774012662229981144,3535
2453,1774012662231819554,1774012662235379945,3560
2454,1774012662237214305,1774012662240201965,2987
2455,1774012662241858258,1774012662244862867,3004
2456,1774012662246556989,1774012662250052781,3495
2457,1774012662251962953,1774012662255545743,3582
2458,1774012662257282197,1774012662260610822,3328
2459,1774012662262365367,1774012662265869293,3503
2460,1774012662267568482,1774012662270996401,3427
2461,1774012662272680382,1774012662276197080,3516
2462,1774012662277829211,1774012662281279404,3450
2463,1774012662282934289,1774012662286446125,3511
2464,1774012662288348164,1774012662291887614,3539
2465,1774012662293481585,1774012662297153360,3671
2466,1774012662298672804,1774012662302327983,3655
2467,1774012662303807031,1774012662307355822,3548
2468,1774012662309062239,1774012662311770683,2708
2469,1774012662313364906,1774012662316053490,2688
2470,1774012662317636440,1774012662320537973,2901
2471,1774012662322240988,1774012662325914315,3673
2472,1774012662327650532,1774012662331257113,3606
2473,1774012662332986367,1774012662335934740,2948
2474,1774012662337513559,1774012662341038396,3524
2475,1774012662342601199,1774012662345967226,3366
2476,1774012662347769484,1774012662351334587,3565
2477,1774012662353080418,1774012662356449336,3368
2478,1774012662358069712,1774012662361555460,3485
2479,1774012662363252856,1774012662366621255,3368
2480,1774012662368264306,1774012662371704799,3440
2481,1774012662373549447,1774012662377098872,3549
2482,1774012662378763866,1774012662382397642,3633
2483,1774012662384098159,1774012662387634564,3536
2484,1774012662389465582,1774012662392858300,3392
2485,1774012662394633970,1774012662397734820,3100
2486,1774012662399472904,1774012662402966276,3493
2487,1774012662404662264,1774012662407687593,3025
2488,1774012662409406608,1774012662412938382,3531
2489,1774012662414575956,1774012662418011285,3435
2490,1774012662419919557,1774012662423597395,3677
2491,1774012662425319985,1774012662428191682,2871
2492,1774012662429771983,1774012662433285368,3513
2493,1774012662435142630,1774012662438500036,3357
2494,1774012662440169790,1774012662443427902,3258
2495,1774012662445086104,1774012662448679176,3593
2496,1774012662450301363,1774012662453010916,2709
2497,1774012662454595208,1774012662457300848,2705
2498,1774012662458886195,1774012662461914580,3028
2499,1774012662463547472,1774012662467064827,3517
2500,1774012662468678564,1774012662472234489,3555
2501,1774012662473880033,1774012662477443141,3563
2502,1774012662479236410,1774012662482492464,3256
2503,1774012662484173967,1774012662487273406,3099
2504,1774012662489013297,1774012662492557413,3544
2505,1774012662494212821,1774012662497767102,3554
2506,1774012662499452883,1774012662502572660,3119
2507,1774012662504369213,1774012662507345574,2976
2508,1774012662509031278,1774012662512778102,3746
2509,1774012662514554111,1774012662518084943,3530
2510,1774012662519844891,1774012662523027162,3182
2511,1774012662524705880,1774012662527761296,3055
2512,1774012662529463662,1774012662532890097,3426
2513,1774012662534711647,1774012662537905010,3193
2514,1774012662539804594,1774012662543042132,3237
2515,1774012662544812953,1774012662548707569,3894
2516,1774012662550567708,1774012662553635555,3067
2517,1774012662555441607,1774012662558623490,3181
2518,1774012662560482944,1774012662564059338,3576
2519,1774012662565740458,1774012662569351413,3610
2520,1774012662570979518,1774012662574598976,3619
2521,1774012662576390381,1774012662578979325,2588
2522,1774012662580731770,1774012662583778716,3046
2523,1774012662585635832,1774012662588485737,2849
2524,1774012662589883650,1774012662592497601,2613
2525,1774012662594151887,1774012662597628342,3476
2526,1774012662599389355,1774012662602523143,3133
2527,1774012662604119970,1774012662607074259,2954
2528,1774012662608696260,1774012662611457069,2760
2529,1774012662613138695,1774012662616480981,3342
2530,1774012662618138576,1774012662621539197,3400
2531,1774012662623194434,1774012662626514889,3320
2532,1774012662628119677,1774012662630991828,2872
2533,1774012662632863890,1774012662636362764,3498
2534,1774012662638106431,1774012662641529427,3422
2535,1774012662643193164,1774012662646586137,3392
2536,1774012662648267768,1774012662651734328,3466
2537,1774012662653582092,1774012662657193417,3611
2538,1774012662658902213,1774012662662281648,3379
2539,1774012662664044976,1774012662667182801,3137
2540,1774012662668849119,1774012662672365766,3516
2541,1774012662674016992,1774012662676961420,2944
2542,1774012662678721387,1774012662682444657,3723
2543,1774012662684136838,1774012662687689883,3553
2544,1774012662689424408,1774012662692944656,3520
2545,1774012662694627181,1774012662698367485,3740
2546,1774012662699938448,1774012662702874363,2935
2547,1774012662704177346,1774012662706848431,2671
2548,1774012662708062637,1774012662711561982,3499
2549,1774012662713191007,1774012662716349104,3158
2550,1774012662718060128,1774012662720815764,2755
2551,1774012662721947009,1774012662724769368,2822
2552,1774012662726035224,1774012662729392772,3357
2553,1774012662730816787,1774012662734066391,3249
2554,1774012662735657982,1774012662738593863,2935
2555,1774012662740258208,1774012662743564402,3306
2556,1774012662745176237,1774012662748551233,3374
2557,1774012662750202536,1774012662753675003,3472
2558,1774012662755309342,1774012662758208351,2899
2559,1774012662760026816,1774012662762994716,2967
2560,1774012662764739224,1774012662768346523,3607
2561,1774012662769986612,1774012662772991794,3005
2562,1774012662774748325,1774012662778180059,3431
2563,1774012662779834619,1774012662782836558,3001
2564,1774012662784747021,1774012662787691864,2944
2565,1774012662789317090,1774012662792578377,3261
2566,1774012662794263611,1774012662797223716,2960
2567,1774012662799023570,1774012662802538684,3515
2568,1774012662804183439,1774012662807682477,3499
2569,1774012662809438367,1774012662812985815,3547
2570,1774012662814704135,1774012662817785605,3081
2571,1774012662819519960,1774012662823050444,3530
2572,1774012662824714700,1774012662828033734,3319
2573,1774012662829832040,1774012662833440411,3608
2574,1774012662835291112,1774012662838442501,3151
2575,1774012662839989587,1774012662843520459,3530
2576,1774012662845260959,1774012662848255238,2994
2577,1774012662849940856,1774012662852603812,2662
2578,1774012662854138940,1774012662857086265,2947
2579,1774012662858680856,1774012662861896642,3215
2580,1774012662863574149,1774012662866344192,2770
2581,1774012662868062889,1774012662870920380,2857
2582,1774012662872559254,1774012662875905724,3346
2583,1774012662877522656,1774012662880629587,3106
2584,1774012662882347541,1774012662885193125,2845
2585,1774012662886941626,1774012662890400480,3458
2586,1774012662892055044,1774012662895493748,3438
2587,1774012662897210857,1774012662900616758,3405
2588,1774012662902388026,1774012662905387316,2999
2589,1774012662907186460,1774012662910631899,3445
2590,1774012662912282016,1774012662915961156,3679
2591,1774012662917606050,1774012662920406905,2800
2592,1774012662922191493,1774012662925608546,3417
2593,1774012662927289241,1774012662930968798,3679
2594,1774012662932708233,1774012662936102525,3394
2595,1774012662937763241,1774012662940877134,3113
2596,1774012662942602475,1774012662946187973,3585
2597,1774012662947829127,1774012662951070973,3241
2598,1774012662952849764,1774012662956054929,3205
2599,1774012662957713090,1774012662961203327,3490
2600,1774012662962992844,1774012662966540895,3548
2601,1774012662968342757,1774012662971991423,3648
2602,1774012662973616620,1774012662976767893,3151
2603,1774012662978283168,1774012662980969465,2686
2604,1774012662982354297,1774012662985230939,2876
2605,1774012662986911619,1774012662990466728,3555
2606,1774012662992296456,1774012662996120637,3824
2607,1774012662997920127,1774012663000880167,2960
2608,1774012663002505529,1774012663005727108,3221
2609,1774012663007285547,1774012663010655182,3369
2610,1774012663012333096,1774012663015727498,3394
2611,1774012663017378877,1774012663020928886,3550
2612,1774012663022328229,1774012663025048651,2720
2613,1774012663026822766,1774012663029991325,3168
2614,1774012663031701176,1774012663035142773,3441
2615,1774012663036816896,1774012663040561323,3744
2616,1774012663042387117,1774012663045826090,3438
2617,1774012663047654026,1774012663051073830,3419
2618,1774012663052790975,1774012663055932344,3141
2619,1774012663057630308,1774012663061188905,3558
2620,1774012663062971662,1774012663066060709,3089
2621,1774012663067928837,1774012663071356135,3427
2622,1774012663073116708,1774012663076424814,3308
2623,1774012663078080864,1774012663081527843,3446
2624,1774012663083149359,1774012663086155287,3005
2625,1774012663087775855,1774012663091507653,3731
2626,1774012663093176152,1774012663096707660,3531
2627,1774012663098456584,1774012663101600268,3143
2628,1774012663103414866,1774012663106910541,3495
2629,1774012663108535031,1774012663112215452,3680
2630,1774012663113887155,1774012663117483755,3596
2631,1774012663119116600,1774012663122602767,3486
2632,1774012663124324150,1774012663127172693,2848
2633,1774012663128620009,1774012663132241069,3621
2634,1774012663133695897,1774012663136351798,2655
2635,1774012663137714307,1774012663140675473,2961
2636,1774012663142089063,1774012663144817822,2728
2637,1774012663146367170,1774012663149052045,2684
2638,1774012663150496490,1774012663154010836,3514
2639,1774012663155606435,1774012663158546696,2940
2640,1774012663160210430,1774012663163029019,2818
2641,1774012663164781499,1774012663168139756,3358
2642,1774012663169831334,1774012663172744270,2912
2643,1774012663174456031,1774012663177888006,3431
2644,1774012663179558668,1774012663182663539,3104
2645,1774012663184447340,1774012663188080502,3633
2646,1774012663189931323,1774012663193438420,3507
2647,1774012663195171983,1774012663198642609,3470
2648,1774012663200434118,1774012663203710933,3276
2649,1774012663205353067,1774012663208304328,2951
2650,1774012663209926049,1774012663213368845,3442
2651,1774012663215050445,1774012663218412338,3361
2652,1774012663220197814,1774012663223169517,2971
2653,1774012663224774238,1774012663228391820,3617
2654,1774012663230128006,1774012663233952413,3824
2655,1774012663235830775,1774012663239536276,3705
2656,1774012663241364088,1774012663244850644,3486
2657,1774012663246538453,1774012663249700192,3161
2658,1774012663251224857,1774012663254011983,2787
2659,1774012663255630896,1774012663258746098,3115
2660,1774012663260299912,1774012663263034079,2734
2661,1774012663264521908,1774012663267278140,2756
2662,1774012663269009404,1774012663271815797,2806
2663,1774012663273406191,1774012663276943462,3537
2664,1774012663278504555,1774012663282317800,3813
2665,1774012663284014487,1774012663287097330,3082
2666,1774012663288705599,1774012663292123315,3417
2667,1774012663293902735,1774012663297306293,3403
2668,1774012663298900114,1774012663302200176,3300
2669,1774012663303837068,1774012663307132804,3295
2670,1774012663308743896,1774012663312188257,3444
2671,1774012663313744543,1774012663317097519,3352
2672,1774012663318718430,1774012663321696854,2978
2673,1774012663323397039,1774012663326613743,3216
2674,1774012663328230992,1774012663331510907,3279
2675,1774012663333302021,1774012663336613227,3311
2676,1774012663338314069,1774012663341723231,3409
2677,1774012663343346409,1774012663346198601,2852
2678,1774012663347837682,1774012663350926655,3088
2679,1774012663352867245,1774012663356416810,3549
2680,1774012663358083014,1774012663360980161,2897
2681,1774012663362826387,1774012663366360926,3534
2682,1774012663367960563,1774012663370930477,2969
2683,1774012663372618152,1774012663376149519,3531
2684,1774012663377879874,1774012663381369198,3489
2685,1774012663383221398,1774012663386742164,3520
2686,1774012663388475488,1774012663391988761,3513
2687,1774012663393412913,1774012663396423614,3010
2688,1774012663398098485,1774012663400962356,2863
2689,1774012663402445625,1774012663405685026,3239
2690,1774012663407269912,1774012663410919954,3650
2691,1774012663412650824,1774012663415438462,2787
2692,1774012663416956906,1774012663420323981,3367
2693,1774012663421880355,1774012663425168006,3287
2694,1774012663426828211,1774012663429879587,3051
2695,1774012663431535090,1774012663434993479,3458
2696,1774012663436691731,1774012663440171951,3480
2697,1774012663442047615,1774012663445018977,2971
2698,1774012663446822924,1774012663450361379,3538
2699,1774012663452060773,1774012663455449588,3388
2700,1774012663457132698,1774012663460016668,2883
2701,1774012663461828752,1774012663464929623,3100
2702,1774012663466653199,1774012663470082558,3429
2703,1774012663471809387,1774012663474885248,3075
2704,1774012663476628281,1774012663480377957,3749
2705,1774012663482104070,1774012663485480845,3376
2706,1774012663487106396,1774012663490556185,3449
2707,1774012663492423543,1774012663495957814,3534
2708,1774012663497749295,1774012663501548509,3799
2709,1774012663503289030,1774012663506659263,3370
2710,1774012663508369093,1774012663511264195,2895
2711,1774012663512899579,1774012663516393499,3493
2712,1774012663518146778,1774012663521490999,3344
2713,1774012663523155227,1774012663526660810,3505
2714,1774012663528149718,1774012663531907118,3757
2715,1774012663533565607,1774012663536857587,3291
2716,1774012663538059841,1774012663540907294,2847
2717,1774012663542531823,1774012663545273863,2742
2718,1774012663546795344,1774012663549714374,2919
2719,1774012663551206847,1774012663553752232,2545
2720,1774012663555304514,1774012663558397532,3093
2721,1774012663559901850,1774012663562983550,3081
2722,1774012663564564038,1774012663567921285,3357
2723,1774012663569642953,1774012663573110137,3467
2724,1774012663574825330,1774012663578209876,3384
2725,1774012663579922117,1774012663583506245,3584
2726,1774012663585243423,1774012663588224830,2981
2727,1774012663589956928,1774012663593498455,3541
2728,1774012663595375357,1774012663598937703,3562
2729,1774012663600628966,1774012663604120903,3491
2730,1774012663605756729,1774012663609074113,3317
2731,1774012663610903662,1774012663614425771,3522
2732,1774012663616082639,1774012663619579267,3496
2733,1774012663621240409,1774012663624018808,2778
2734,1774012663625631195,1774012663628980682,3349
2735,1774012663630695067,1774012663633790890,3095
2736,1774012663635542752,1774012663638969342,3426
2737,1774012663640698897,1774012663644427657,3728
2738,1774012663646162999,1774012663649114008,2951
2739,1774012663650792808,1774012663654193291,3400
2740,1774012663655963938,1774012663658920756,2956
2741,1774012663660812380,1774012663664457944,3645
2742,1774012663666100661,1774012663669347500,3246
2743,1774012663671024244,1774012663674625267,3601
2744,1774012663676337356,1774012663679852862,3515
2745,1774012663681206581,1774012663683767126,2560
2746,1774012663685050826,1774012663687931340,2880
2747,1774012663689511678,1774012663692951689,3440
2748,1774012663694574073,1774012663697617628,3043
2749,1774012663699353774,1774012663703026630,3672
2750,1774012663704588678,1774012663707564634,2975
2751,1774012663709233427,1774012663712616602,3383
2752,1774012663714127439,1774012663717418076,3290
2753,1774012663718870742,1774012663722083687,3212
2754,1774012663723748860,1774012663727247461,3498
2755,1774012663729031989,1774012663731850888,2818
2756,1774012663733470894,1774012663736964968,3494
2757,1774012663738751941,1774012663742168782,3416
2758,1774012663743779787,1774012663746682594,2902
2759,1774012663748272460,1774012663751700732,3428
2760,1774012663753335961,1774012663756538906,3202
2761,1774012663758250483,1774012663761614686,3364
2762,1774012663763329813,1774012663766734004,3404
2763,1774012663768532545,1774012663771849661,3317
2764,1774012663773519403,1774012663776924365,3404
2765,1774012663778628773,1774012663781834295,3205
2766,1774012663783496113,1774012663787009899,3513
2767,1774012663788727145,1774012663792397032,3669
2768,1774012663794157034,1774012663796853704,2696
2769,1774012663798507109,1774012663802136128,3629
2770,1774012663803828542,1774012663807383570,3555
2771,1774012663809163270,1774012663811910746,2747
2772,1774012663813672459,1774012663816844773,3172
2773,1774012663818504473,1774012663821766100,3261
2774,1774012663823360090,1774012663826583134,3223
2775,1774012663828212565,1774012663831545137,3332
2776,1774012663833305336,1774012663836629492,3324
2777,1774012663838229211,1774012663841365940,3136
2778,1774012663843192283,1774012663846798510,3606
2779,1774012663848505783,1774012663851888011,3382
2780,1774012663853918472,1774012663857437744,3519
2781,1774012663859106406,1774012663862449061,3342
2782,1774012663864067155,1774012663867609151,3541
2783,1774012663869354142,1774012663872404801,3050
2784,1774012663874213144,1774012663877546049,3332
2785,1774012663879533753,1774012663883210472,3676
2786,1774012663884988886,1774012663888609248,3620
2787,1774012663890565952,1774012663894137006,3571
2788,1774012663895756576,1774012663898974566,3217
2789,1774012663900864512,1774012663903973124,3108
2790,1774012663905694624,1774012663909235124,3540
2791,1774012663910962682,1774012663914761046,3798
2792,1774012663916543439,1774012663920151725,3608
2793,1774012663921911968,1774012663925390836,3478
2794,1774012663927024565,1774012663930629406,3604
2795,1774012663932210924,1774012663935504657,3293
2796,1774012663937024681,1774012663939582671,2557
2797,1774012663941275808,1774012663944838212,3562
2798,1774012663946503279,1774012663949220148,2716
2799,1774012663950808406,1774012663953909961,3101
2800,1774012663955583034,1774012663958110863,2527
2801,1774012663959852095,1774012663962827085,2974
2802,1774012663964513280,1774012663967991127,3477
2803,1774012663969592459,1774012663972601129,3008
2804,1774012663974313550,1774012663977682046,3368
2805,1774012663979304080,1774012663982863608,3559
2806,1774012663984500623,1774012663987977589,3476
2807,1774012663989740650,1774012663993167319,3426
2808,1774012663994898802,1774012663998478418,3579
2809,1774012664000160402,1774012664003531441,3371
2810,1774012664005340668,1774012664008498712,3158
2811,1774012664010363292,1774012664013730927,3367
2812,1774012664015475436,1774012664018584662,3109
2813,1774012664020230610,1774012664023224947,2994
2814,1774012664024900185,1774012664028326912,3426
2815,1774012664029940371,1774012664033326233,3385
2816,1774012664035106025,1774012664038641216,3535
2817,1774012664040264013,1774012664043503579,3239
2818,1774012664045113644,1774012664048402370,3288
2819,1774012664050092044,1774012664053408397,3316
2820,1774012664055033338,1774012664057946031,2912
2821,1774012664059807890,1774012664063717156,3909
2822,1774012664065626760,1774012664069052983,3426
2823,1774012664070609102,1774012664074233677,3624
2824,1774012664075541126,1774012664079082254,3541
2825,1774012664080664636,1774012664083753216,3088
2826,1774012664085451564,1774012664088592262,3140
2827,1774012664090213978,1774012664093416776,3202
2828,1774012664095061654,1774012664098052920,2991
2829,1774012664099518534,1774012664102672825,3154
2830,1774012664104130987,1774012664107431534,3300
2831,1774012664109066839,1774012664112474676,3407
2832,1774012664114065945,1774012664117339203,3273
2833,1774012664118973340,1774012664121902394,2929
2834,1774012664123567537,1774012664127091745,3524
2835,1774012664128880814,1774012664132376535,3495
2836,1774012664134310926,1774012664137340850,3029
2837,1774012664139003090,1774012664141870251,2867
2838,1774012664143688499,1774012664147340610,3652
2839,1774012664149191806,1774012664152803074,3611
2840,1774012664154565382,1774012664157890158,3324
2841,1774012664159816651,1774012664163390528,3573
2842,1774012664165306379,1774012664168355980,3049
2843,1774012664170073946,1774012664173114125,3040
2844,1774012664174758130,1774012664177730772,2972
2845,1774012664179361837,1774012664182280873,2919
2846,1774012664183992815,1774012664187434593,3441
2847,1774012664188975258,1774012664192354025,3378
2848,1774012664193826916,1774012664197425993,3599
2849,1774012664199176729,1774012664202367843,3191
2850,1774012664204100474,1774012664207790981,3690
2851,1774012664209494000,1774012664212992544,3498
2852,1774012664214745082,1774012664217683136,2938
2853,1774012664219304584,1774012664222046822,2742
2854,1774012664223571710,1774012664226728285,3156
2855,1774012664228333023,1774012664231187665,2854
2856,1774012664232750780,1774012664236337030,3586
2857,1774012664237891701,1774012664240860427,2968
2858,1774012664242431220,1774012664245498264,3067
2859,1774012664253777816,1774012664257284789,3506
2860,1774012664258922830,1774012664262201961,3279
2861,1774012664263747531,1774012664267019540,3272
2862,1774012664268794152,1774012664272147462,3353
2863,1774012664273773603,1774012664277119913,3346
2864,1774012664278760571,1774012664282023001,3262
2865,1774012664283744170,1774012664287221907,3477
2866,1774012664288786157,1774012664292224026,3437
2867,1774012664293928690,1774012664297314875,3386
2868,1774012664298912097,1774012664301568198,2656
2869,1774012664303230923,1774012664306049691,2818
2870,1774012664307668904,1774012664311159501,3490
2871,1774012664312768216,1774012664316191171,3422
2872,1774012664317928525,1774012664321362733,3434
2873,1774012664322995123,1774012664326495348,3500
2874,1774012664328402034,1774012664331895168,3493
2875,1774012664333657657,1774012664336770573,3112
2876,1774012664338506635,1774012664341782830,3276
2877,1774012664343542101,1774012664347058777,3516
2878,1774012664348621143,1774012664351692891,3071
2879,1774012664353391467,1774012664356914989,3523
2880,1774012664358572052,1774012664362208576,3636
2881,1774012664363604925,1774012664367342124,3737
2882,1774012664369038283,1774012664371907477,2869
2883,1774012664373598301,1774012664376259504,2661
2884,1774012664377861745,1774012664381404963,3543
2885,1774012664382947451,1774012664386396759,3449
2886,1774012664388060989,1774012664391027307,2966
2887,1774012664392729145,1774012664396087433,3358
2888,1774012664397829903,1774012664401352294,3522
2889,1774012664403029004,1774012664406461127,3432
2890,1774012664408115266,1774012664411586169,3470
2891,1774012664413269647,1774012664416768825,3499
2892,1774012664418802094,1774012664421932012,3129
2893,1774012664423993659,1774012664427628423,3634
2894,1774012664429561603,1774012664432692991,3131
2895,1774012664434484297,1774012664437778136,3293
2896,1774012664439515061,1774012664443209364,3694
2897,1774012664444892081,1774012664448601694,3709
2898,1774012664450412806,1774012664454069102,3656
2899,1774012664455856600,1774012664458910433,3053
2900,1774012664460665231,1774012664464220275,3555
2901,1774012664465858747,1774012664468990396,3131
2902,1774012664470859557,1774012664474485884,3626
2903,1774012664476223237,1774012664479974062,3750
2904,1774012664481693651,1774012664484491652,2798
2905,1774012664485967215,1774012664489665844,3698
2906,1774012664491323733,1774012664494654456,3330
2907,1774012664496030956,1774012664498985055,2954
2908,1774012664500444439,1774012664504122176,3677
2909,1774012664505727520,1774012664509392610,3665
2910,1774012664510860411,1774012664514406058,3545
2911,1774012664516177291,1774012664519512739,3335
2912,1774012664521163146,1774012664524605091,3441
2913,1774012664526314122,1774012664529087682,2773
2914,1774012664530711651,1774012664533847719,3136
2915,1774012664535570885,1774012664539001742,3430
2916,1774012664540778194,1774012664544334413,3556
2917,1774012664546190430,1774012664549696616,3506
2918,1774012664551353568,1774012664554769329,3415
2919,1774012664556762666,1774012664560341558,3578
2920,1774012664562082154,1774012664565437178,3355
2921,1774012664567001101,1774012664570216436,3215
2922,1774012664571881067,1774012664575538395,3657
2923,1774012664577272246,1774012664580599500,3327
2924,1774012664582299210,1774012664585813259,3514
2925,1774012664587690977,1774012664590994796,3303
2926,1774012664592939233,1774012664596184579,3245
2927,1774012664597919781,1774012664601413743,3493
2928,1774012664603296510,1774012664606519431,3222
2929,1774012664608482187,1774012664611996135,3513
2930,1774012664613681135,1774012664616754339,3073
2931,1774012664618526791,1774012664621906947,3380
2932,1774012664623581164,1774012664627091456,3510
2933,1774012664628736435,1774012664631696131,2959
2934,1774012664633049699,1774012664635560022,2510
2935,1774012664636880457,1774012664640488572,3608
2936,1774012664642101329,1774012664645740414,3639
2937,1774012664647117328,1774012664650141373,3024
2938,1774012664651872464,1774012664655197100,3324
2939,1774012664656944620,1774012664660455499,3510
2940,1774012664662130423,1774012664665463600,3333
2941,1774012664667192152,1774012664670684662,3492
2942,1774012664672357445,1774012664675817888,3460
2943,1774012664677458364,1774012664680964508,3506
2944,1774012664682710906,1774012664686256166,3545
2945,1774012664687877554,1774012664691263142,3385
2946,1774012664693049291,1774012664696279084,3229
2947,1774012664697957154,1774012664701082482,3125
2948,1774012664702600005,1774012664705601979,3001
2949,1774012664707099512,1774012664710585202,3485
2950,1774012664712071283,1774012664715213437,3142
2951,1774012664716869971,1774012664720215751,3345
2952,1774012664721860985,1774012664724846009,2985
2953,1774012664726468090,1774012664729877365,3409
2954,1774012664731605790,1774012664735249155,3643
2955,1774012664736864624,1774012664739925663,3061
2956,1774012664741560984,1774012664745028331,3467
2957,1774012664746557559,1774012664750030915,3473
2958,1774012664751847269,1774012664754628945,2781
2959,1774012664756252759,1774012664759473079,3220
2960,1774012664760734926,1774012664763564215,2829
2961,1774012664765160695,1774012664768737856,3577
2962,1774012664770532013,1774012664773901977,3369
2963,1774012664775065645,1774012664778444585,3378
2964,1774012664780003362,1774012664783329624,3326
2965,1774012664784815414,1774012664787725712,2910
2966,1774012664789325496,1774012664792763503,3438
2967,1774012664794409531,1774012664797798323,3388
2968,1774012664799345938,1774012664802751170,3405
2969,1774012664804326272,1774012664807019380,2693
2970,1774012664808603081,1774012664811559224,2956
2971,1774012664813097414,1774012664816536814,3439
2972,1774012664818394837,1774012664821585663,3190
2973,1774012664823309504,1774012664826784066,3474
2974,1774012664828542546,1774012664831630650,3088
2975,1774012664833304787,1774012664836358345,3053
2976,1774012664838006181,1774012664841421112,3414
2977,1774012664843045923,1774012664846637319,3591
2978,1774012664848617222,1774012664852051243,3434
2979,1774012664853790863,1774012664857234315,3443
2980,1774012664858988150,1774012664862548121,3559
2981,1774012664864204991,1774012664867724445,3519
2982,1774012664869449118,1774012664872986421,3537
2983,1774012664874642445,1774012664878013151,3370
2984,1774012664879665622,1774012664883275064,3609
2985,1774012664884907361,1774012664888229181,3321
2986,1774012664889859199,1774012664893246743,3387
2987,1774012664894892343,1774012664898273456,3381
2988,1774012664899888974,1774012664903624155,3735
2989,1774012664905174281,1774012664908428164,3253
2990,1774012664909909522,1774012664913055350,3145
2991,1774012664914742368,1774012664917700897,2958
2992,1774012664918965455,1774012664922456740,3491
2993,1774012664924030000,1774012664927361213,3331
2994,1774012664929052795,1774012664931854868,2802
2995,1774012664933396029,1774012664936930446,3534
2996,1774012664938642025,1774012664941804958,3162
2997,1774012664943550868,1774012664946937671,3386
2998,1774012664948688188,1774012664952262425,3574
2999,1774012664954027350,1774012664957164252,3136
3000,1774012664958820196,1774012664962390052,3569
3001,1774012664964136352,1774012664967673352,3537
3002,1774012664969501239,1774012664972894275,3393
3003,1774012664974632560,1774012664977875792,3243
3004,1774012664979795404,1774012664983452562,3657
3005,1774012664985126847,1774012664989061406,3934
3006,1774012664990759665,1774012664994626037,3866
3007,1774012664996377938,1774012665000003634,3625
3008,1774012665001840664,1774012665004977440,3136
3009,1774012665006642437,1774012665010180298,3537
3010,1774012665011986617,1774012665015550178,3563
3011,1774012665017499843,1774012665020926117,3426
3012,1774012665022606508,1774012665026086014,3479
3013,1774012665027858651,1774012665031492743,3634
3014,1774012665033215428,1774012665036583992,3368
3015,1774012665038384626,1774012665041205707,2821
3016,1774012665042955771,1774012665045703055,2747
3017,1774012665047081658,1774012665049985793,2904
3018,1774012665051625532,1774012665055418884,3793
3019,1774012665057197075,1774012665059962474,2765
3020,1774012665061347400,1774012665063958370,2610
3021,1774012665065496528,1774012665068924542,3428
3022,1774012665070457279,1774012665073121825,2664
3023,1774012665074699697,1774012665077665738,2966
3024,1774012665079420557,1774012665082964736,3544
3025,1774012665084779166,1774012665087786257,3007
3026,1774012665089318457,1774012665092735626,3417
3027,1774012665094351824,1774012665097120898,2769
3028,1774012665098757198,1774012665102038668,3281
3029,1774012665103683585,1774012665107047163,3363
3030,1774012665108924889,1774012665112322170,3397
3031,1774012665114004075,1774012665117473158,3469
3032,1774012665119121393,1774012665122741357,3619
3033,1774012665124715635,1774012665128165504,3449
3034,1774012665129831027,1774012665133194927,3363
3035,1774012665134929862,1774012665138530203,3600
3036,1774012665140227198,1774012665143732024,3504
3037,1774012665145455822,1774012665148582200,3126
3038,1774012665150417254,1774012665153863524,3446
3039,1774012665155634255,1774012665158745227,3110
3040,1774012665160720631,1774012665164424837,3704
3041,1774012665166246662,1774012665169010005,2763
3042,1774012665170782058,1774012665173918285,3136
3043,1774012665175576826,1774012665179346268,3769
3044,1774012665180801730,1774012665184288816,3487
3045,1774012665185974788,1774012665189364961,3390
3046,1774012665190917685,1774012665194550610,3632
3047,1774012665196108385,1774012665198666607,2558
3048,1774012665200307347,1774012665203064061,2756
3049,1774012665204619682,1774012665208025539,3405
3050,1774012665209858741,1774012665213170449,3311
3051,1774012665214881565,1774012665218264330,3382
3052,1774012665219981796,1774012665223385162,3403
3053,1774012665224972306,1774012665228367447,3395
3054,1774012665230097796,1774012665233163349,3065
3055,1774012665234877306,1774012665238601747,3724
3056,1774012665240217257,1774012665243249347,3032
3057,1774012665245287582,1774012665249034188,3746
3058,1774012665250694214,1774012665253775550,3081
3059,1774012665255816031,1774012665259082291,3266
3060,1774012665260844160,1774012665264354322,3510
3061,1774012665266050490,1774012665269531538,3481
3062,1774012665271184597,1774012665274627961,3443
3063,1774012665276272450,1774012665279235442,2962
3064,1774012665280997963,1774012665284051980,3054
3065,1774012665285669022,1774012665289171099,3502
3066,1774012665290926906,1774012665293939966,3013
3067,1774012665295916823,1774012665299594283,3677
3068,1774012665301397564,1774012665304595353,3197
3069,1774012665306070846,1774012665309370911,3300
3070,1774012665310902144,1774012665314460708,3558
3071,1774012665315990553,1774012665319361670,3371
3072,1774012665320899428,1774012665324311779,3412
3073,1774012665326036987,1774012665328923389,2886
3074,1774012665330440693,1774012665333672190,3231
3075,1774012665335127721,1774012665338518166,3390
3076,1774012665340158878,1774012665343065507,2906
3077,1774012665344683806,1774012665348146758,3462
3078,1774012665349758165,1774012665353103280,3345
3079,1774012665354795911,1774012665357798934,3003
3080,1774012665359479083,1774012665363008308,3529
3081,1774012665364686367,1774012665368065597,3379
3082,1774012665369951635,1774012665373382710,3431
3083,1774012665375044738,1774012665378424081,3379
3084,1774012665380158543,1774012665383739672,3581
3085,1774012665385569423,1774012665389291694,3722
3086,1774012665391144866,1774012665394206956,3062
3087,1774012665395886138,1774012665399298850,3412
3088,1774012665400925688,1774012665403909429,2983
3089,1774012665405723381,1774012665408860562,3137
3090,1774012665410565574,1774012665414146156,3580
3091,1774012665416012164,1774012665419642829,3630
3092,1774012665421615152,1774012665424898603,3283
3093,1774012665426694493,1774012665429936274,3241
3094,1774012665431674695,1774012665435213422,3538
3095,1774012665436904918,1774012665440480756,3575
3096,1774012665442117886,1774012665445496899,3379
3097,1774012665447098180,1774012665450071006,2972
3098,1774012665451713257,1774012665454415246,2701
3099,1774012665456039066,1774012665459276681,3237
3100,1774012665461014231,1774012665463818304,2804
3101,1774012665465411264,1774012665468810397,3399
3102,1774012665470497867,1774012665473937312,3439
3103,1774012665475495697,1774012665478224096,2728
3104,1774012665479880129,1774012665483327476,3447
3105,1774012665485018381,1774012665488063585,3045
3106,1774012665489830652,1774012665493375742,3545
3107,1774012665495150254,1774012665498523291,3373
3108,1774012665500378571,1774012665503518685,3140
3109,1774012665505119621,1774012665508461669,3342
3110,1774012665510144901,1774012665513662636,3517
3111,1774012665515561989,1774012665519174031,3612
3112,1774012665520866025,1774012665523975079,3109
3113,1774012665525817578,1774012665529530797,3713
3114,1774012665531198626,1774012665534261874,3063
3115,1774012665536005328,1774012665539411135,3405
3116,1774012665541208234,1774012665544073486,2865
3117,1774012665545662499,1774012665549203458,3540
3118,1774012665550867335,1774012665554385349,3518
3119,1774012665555998497,1774012665559396047,3397
3120,1774012665561059070,1774012665564208154,3149
3121,1774012665565949094,1774012665569403712,3454
3122,1774012665571174404,1774012665574707479,3533
3123,1774012665576354430,1774012665579940834,3586
3124,1774012665581470551,1774012665585118400,3647
3125,1774012665586863683,1774012665589537480,2673
3126,1774012665590771485,1774012665593808971,3037
3127,1774012665595490310,1774012665598209693,2719
3128,1774012665599986634,1774012665603193554,3206
3129,1774012665604699049,1774012665608055076,3356
3130,1774012665609620634,1774012665612772020,3151
3131,1774012665614266380,1774012665617039951,2773
3132,1774012665618731536,1774012665622138530,3406
3133,1774012665623796752,1774012665627195348,3398
3134,1774012665628845324,1774012665632111390,3266
3135,1774012665633726711,1774012665636820668,3093
3136,1774012665638462410,1774012665641857098,3394
3137,1774012665643512770,1774012665646981012,3468
3138,1774012665648526860,1774012665651653101,3126
3139,1774012665653472862,1774012665657182215,3709
3140,1774012665658923186,1774012665662325700,3402
3141,1774012665663976844,1774012665667404526,3427
3142,1774012665669000788,1774012665672401194,3400
3143,1774012665674081803,1774012665677573694,3491
3144,1774012665679380827,1774012665682737173,3356
3145,1774012665684518210,1774012665687713171,3194
3146,1774012665689478176,1774012665693133167,3654
3147,1774012665694897678,1774012665697903470,3005
3148,1774012665699739301,1774012665703165438,3426
3149,1774012665704604141,1774012665707476971,2872
3150,1774012665709145211,1774012665712680735,3535
3151,1774012665714206310,1774012665716782944,2576
3152,1774012665718469322,1774012665721085853,2616
3153,1774012665722585393,1774012665725582675,2997
3154,1774012665727217233,1774012665730348974,3131
3155,1774012665731969663,1774012665734849951,2880
3156,1774012665736211117,1774012665739780803,3569
3157,1774012665741248589,1774012665744622947,3374
3158,1774012665746036241,1774012665748819550,2783
3159,1774012665750404226,1774012665753843246,3439
3160,1774012665755577151,1774012665758002114,2424
3161,1774012665759525421,1774012665762677456,3152
3162,1774012665764240089,1774012665767229374,2989
3163,1774012665768842988,1774012665771919471,3076
3164,1774012665773600235,1774012665777182235,3582
3165,1774012665778888911,1774012665782445052,3556
3166,1774012665784330027,1774012665787767180,3437
3167,1774012665789541433,1774012665793029742,3488
3168,1774012665794846155,1774012665798369786,3523
3169,1774012665800045491,1774012665803154226,3108
3170,1774012665804819284,1774012665808032918,3213
3171,1774012665809872038,1774012665813448444,3576
3172,1774012665815265482,1774012665818600209,3334
3173,1774012665820281141,1774012665823199278,2918
3174,1774012665824863890,1774012665828506803,3642
3175,1774012665830162119,1774012665833528689,3366
3176,1774012665835211792,1774012665838448179,3236
3177,1774012665840092134,1774012665843555621,3463
3178,1774012665845159061,1774012665847961583,2802
3179,1774012665849717716,1774012665853211983,3494
3180,1774012665854933288,1774012665858440534,3507
3181,1774012665860195454,1774012665863007761,2812
3182,1774012665864681921,1774012665868146845,3464
3183,1774012665869300849,1774012665871828356,2527
3184,1774012665873401100,1774012665876765147,3364
3185,1774012665878245931,1774012665881544666,3298
3186,1774012665883268793,1774012665886043799,2775
3187,1774012665887516320,1774012665890535496,3019
3188,1774012665892156441,1774012665894921214,2764
3189,1774012665896494906,1774012665899254448,2759
3190,1774012665900985757,1774012665904414718,3428
3191,1774012665906069721,1774012665909580173,3510
3192,1774012665911313498,1774012665915040925,3727
3193,1774012665916784270,1774012665920229671,3445
3194,1774012665922067021,1774012665925476925,3409
3195,1774012665927374178,1774012665930512686,3138
3196,1774012665932260732,1774012665935075040,2814
3197,1774012665936878531,1774012665939767323,2888
3198,1774012665941494902,1774012665944568764,3073
3199,1774012665946290359,1774012665950102851,3812
3200,1774012665951773910,1774012665955079063,3305
3201,1774012665956924612,1774012665959922453,2997
3202,1774012665961720484,1774012665965162997,3442
3203,1774012665966801666,1774012665970362094,3560
3204,1774012665971990209,1774012665975476790,3486
3205,1774012665977077758,1774012665980425871,3348
3206,1774012665982094397,1774012665985502677,3408
3207,1774012665987028076,1774012665990037730,3009
3208,1774012665991569513,1774012665994123891,2554
3209,1774012665995623206,1774012665998304467,2681
3210,1774012665999702182,1774012666002589796,2887
3211,1774012666004288438,1774012666006905715,2617
3212,1774012666008379582,1774012666011091940,2712
3213,1774012666012444071,1774012666015207008,2762
3214,1774012666016667069,1774012666019614705,2947
3215,1774012666021254569,1774012666024577351,3322
3216,1774012666026154100,1774012666029271692,3117
3217,1774012666031008820,1774012666034068466,3059
3218,1774012666035758478,1774012666039099470,3340
3219,1774012666040688719,1774012666043620267,2931
3220,1774012666045305169,1774012666048618574,3313
3221,1774012666050263329,1774012666053465974,3202
3222,1774012666055135889,1774012666058044653,2908
3223,1774012666059849304,1774012666063381882,3532
3224,1774012666064990401,1774012666067982933,2992
3225,1774012666069794863,1774012666073179397,3384
3226,1774012666074818145,1774012666078159340,3341
3227,1774012666079978341,1774012666083090281,3111
3228,1774012666084736833,1774012666088137114,3400
3229,1774012666089745840,1774012666092728694,2982
3230,1774012666094591555,1774012666097939917,3348
3231,1774012666099558845,1774012666102963355,3404
3232,1774012666104708927,1774012666107946151,3237
3233,1774012666109715058,1774012666113232374,3517
3234,1774012666114959109,1774012666118401140,3442
3235,1774012666120223681,1774012666123788693,3565
3236,1774012666125279842,1774012666127967899,2688
3237,1774012666129738510,1774012666133404832,3666
3238,1774012666135115713,1774012666138607475,3491
3239,1774012666140260638,1774012666143108490,2847
3240,1774012666144843507,1774012666148460732,3617
3241,1774012666149979001,1774012666152921656,2942
3242,1774012666154591945,1774012666158119164,3527
3243,1774012666159673047,1774012666163020191,3347
3244,1774012666164838947,1774012666168270475,3431
3245,1774012666169930207,1774012666173309898,3379
3246,1774012666175190715,1774012666178584502,3393
3247,1774012666180358985,1774012666183802212,3443
3248,1774012666185490712,1774012666188741540,3250
3249,1774012666190444853,1774012666193939002,3494
3250,1774012666195607947,1774012666199376737,3768
3251,1774012666201155301,1774012666204704601,3549
3252,1774012666206492843,1774012666210004674,3511
3253,1774012666211813876,1774012666215379272,3565
3254,1774012666216983628,1774012666220631689,3648
3255,1774012666222373374,1774012666225272712,2899
3256,1774012666227148321,1774012666230611616,3463
3257,1774012666232359739,1774012666235617309,3257
3258,1774012666237432288,1774012666241229162,3796
3259,1774012666242895082,1774012666246391404,3496
3260,1774012666247997173,1774012666250904826,2907
3261,1774012666252528240,1774012666255596573,3068
3262,1774012666257206596,1774012666260813227,3606
3263,1774012666262439873,1774012666265955219,3515
3264,1774012666267543366,1774012666270494876,2951
3265,1774012666271902994,1774012666274896543,2993
3266,1774012666276400046,1774012666280018086,3618
3267,1774012666281613579,1774012666284631947,3018
3268,1774012666286131253,1774012666289541529,3410
3269,1774012666291211136,1774012666293962170,2751
3270,1774012666295611618,1774012666298592962,2981
3271,1774012666300136769,1774012666302929587,2792
3272,1774012666304619959,1774012666308052275,3432
3273,1774012666309851821,1774012666313140374,3288
3274,1774012666314791271,1774012666318086380,3295
3275,1774012666319725974,1774012666322873464,3147
3276,1774012666324588119,1774012666328245626,3657
3277,1774012666329913451,1774012666333245859,3332
3278,1774012666334986041,1774012666337916998,2930
3279,1774012666339672588,1774012666343211319,3538
3280,1774012666344856238,1774012666347990000,3133
3281,1774012666349715639,1774012666353201674,3486
3282,1774012666354854655,1774012666358336677,3482
3283,1774012666359970000,1774012666363359221,3389
3284,1774012666365026695,1774012666368527593,3500
3285,1774012666370405995,1774012666373263492,2857
3286,1774012666374904435,1774012666377869118,2964
3287,1774012666379548068,1774012666383058579,3510
3288,1774012666384983708,1774012666388497120,3513
3289,1774012666390275059,1774012666393725355,3450
3290,1774012666395536826,1774012666398354574,2817
3291,1774012666400043042,1774012666403490344,3447
3292,1774012666405191705,1774012666408902686,3710
3293,1774012666410372807,1774012666412992025,2619
3294,1774012666414762585,1774012666418237516,3474
3295,1774012666419823076,1774012666423016534,3193
3296,1774012666424393659,1774012666427025154,2631
3297,1774012666428414470,1774012666431333107,2918
3298,1774012666432946324,1774012666435958098,3011
3299,1774012666437453854,1774012666440000646,2546
3300,1774012666441752232,1774012666445202720,3450
3301,1774012666446961448,1774012666449963903,3002
3302,1774012666451757535,1774012666455350528,3592
3303,1774012666457227686,1774012666460674454,3446
3304,1774012666462370501,1774012666465555907,3185
3305,1774012666467153113,1774012666470066208,2913
3306,1774012666471676814,1774012666475128545,3451
3307,1774012666476752606,1774012666480360195,3607
3308,1774012666482097902,1774012666485511658,3413
3309,1774012666487197353,1774012666490311305,3113
3310,1774012666492051930,1774012666495689681,3637
3311,1774012666497369997,1774012666500882408,3512
3312,1774012666502568284,1774012666505774955,3206
3313,1774012666507407861,1774012666510953222,3545
3314,1774012666512593589,1774012666516278816,3685
3315,1774012666517896334,1774012666521214314,3317
3316,1774012666522890052,1774012666526350262,3460
3317,1774012666528134617,1774012666531817944,3683
3318,1774012666533690879,1774012666536417774,2726
3319,1774012666537877058,1774012666540489228,2612
3320,1774012666542016956,1774012666545607323,3590
3321,1774012666547182808,1774012666550109692,2926
3322,1774012666551849069,1774012666554610856,2761
3323,1774012666556295596,1774012666559697654,3402
3324,1774012666561372837,1774012666564082595,2709
3325,1774012666565676252,1774012666568625084,2948
3326,1774012666570171109,1774012666572902845,2731
3327,1774012666574560612,1774012666577601703,3041
3328,1774012666579318393,1774012666582727897,3409
3329,1774012666584455653,1774012666587807786,3352
3330,1774012666589540884,1774012666592655910,3115
3331,1774012666594271581,1774012666596980439,2708
3332,1774012666598619478,1774012666602014775,3395
3333,1774012666603775244,1774012666607209442,3434
3334,1774012666608843251,1774012666612436524,3593
3335,1774012666614087785,1774012666617028355,2940
3336,1774012666618706755,1774012666621817767,3111
3337,1774012666623531809,1774012666626672100,3140
3338,1774012666628439857,1774012666631884440,3444
3339,1774012666633601795,1774012666637007739,3405
3340,1774012666638926686,1774012666642380081,3453
3341,1774012666644072899,1774012666647491754,3418
3342,1774012666649411436,1774012666652666997,3255
3343,1774012666654331074,1774012666657614103,3283
3344,1774012666659389313,1774012666662602026,3212
3345,1774012666664327759,1774012666667918480,3590
3346,1774012666669641764,1774012666673319155,3677
3347,1774012666674888612,1774012666678310209,3421
3348,1774012666680105248,1774012666683436598,3331
3349,1774012666685313810,1774012666688447050,3133
3350,1774012666690217325,1774012666693565922,3348
3351,1774012666695195702,1774012666698106550,2910
3352,1774012666699561499,1774012666703172153,3610
3353,1774012666704620861,1774012666708182090,3561
3354,1774012666709706134,1774012666712756437,3050
3355,1774012666714356419,1774012666717834034,3477
3356,1774012666719405821,1774012666722866553,3460
3357,1774012666724460814,1774012666727872357,3411
3358,1774012666729519055,1774012666732836808,3317
3359,1774012666734512601,1774012666737931833,3419
3360,1774012666739580432,1774012666743203389,3622
3361,1774012666744953902,1774012666748028019,3074
3362,1774012666749884963,1774012666753380771,3495
3363,1774012666755234589,1774012666758808204,3573
3364,1774012666760596130,1774012666764049693,3453
3365,1774012666765677322,1774012666769084737,3407
3366,1774012666770842800,1774012666774389104,3546
3367,1774012666776185219,1774012666779782501,3597
3368,1774012666781565347,1774012666785015319,3449
3369,1774012666786824143,1774012666790392502,3568
3370,1774012666792053448,1774012666795426711,3373
3371,1774012666797365919,1774012666800574917,3208
3372,1774012666802526794,1774012666806151792,3624
3373,1774012666807902828,1774012666810816888,2914
3374,1774012666812315910,1774012666815178680,2862
3375,1774012666816815236,1774012666819896061,3080
3376,1774012666821363471,1774012666824530087,3166
3377,1774012666826103805,1774012666829066122,2962
3378,1774012666830860994,1774012666834398742,3537
3379,1774012666835917918,1774012666839563184,3645
3380,1774012666841190033,1774012666844013130,2823
3381,1774012666845675094,1774012666848836740,3161
3382,1774012666850477006,1774012666853169131,2692
3383,1774012666854789934,1774012666858292836,3502
3384,1774012666860069222,1774012666863600416,3531
3385,1774012666865189103,1774012666867976821,2787
3386,1774012666869609119,1774012666872758734,3149
3387,1774012666874423981,1774012666877903885,3479
3388,1774012666879875295,1774012666883075389,3200
3389,1774012666884918912,1774012666888609826,3690
3390,1774012666890369906,1774012666893927613,3557
3391,1774012666895672399,1774012666899030923,3358
3392,1774012666900671139,1774012666903968715,3297
3393,1774012666905745790,1774012666909212830,3467
3394,1774012666910887977,1774012666914534074,3646
3395,1774012666916277136,1774012666919342690,3065
3396,1774012666920952642,1774012666924507027,3554
3397,1774012666926285738,1774012666929257243,2971
3398,1774012666930899900,1774012666934233522,3333
3399,1774012666935868401,1774012666939180720,3312
3400,1774012666940881997,1774012666943886095,3004
3401,1774012666945629029,1774012666949220585,3591
3402,1774012666950822986,1774012666954389011,3566
3403,1774012666956095132,1774012666959169120,3073
3404,1774012666960866900,1774012666964224177,3357
3405,1774012666965840597,1774012666969472069,3631
3406,1774012666971279369,1774012666974821082,3541
3407,1774012666976395998,1774012666980000848,3604
3408,1774012666981643182,1774012666984690001,3046
3409,1774012666986302216,1774012666989578618,3276
3410,1774012666991471892,1774012666994741562,3269
3411,1774012666996372103,1774012666999775236,3403
3412,1774012667001404663,1774012667004725264,3320
3413,1774012667006498948,1774012667009955500,3456
3414,1774012667011754387,1774012667015286215,3531
3415,1774012667016940057,1774012667020329307,3389
3416,1774012667021986328,1774012667025109562,3123
3417,1774012667026779794,1774012667030103893,3324
3418,1774012667031996748,1774012667035431966,3435
3419,1774012667037227101,1774012667040613976,3386
3420,1774012667042342451,1774012667045212623,2870
3421,1774012667046950521,1774012667050442792,3492
3422,1774012667052236520,1774012667055539455,3302
3423,1774012667057240653,1774012667060878872,3638
3424,1774012667062627831,1774012667066007338,3379
3425,1774012667067926712,1774012667071461168,3534
3426,1774012667073214363,1774012667076595868,3381
3427,1774012667078350591,1774012667081881389,3530
3428,1774012667083572393,1774012667087226359,3653
3429,1774012667089024890,1774012667091914549,2889
3430,1774012667093486421,1774012667096865541,3379
3431,1774012667098309819,1774012667101909995,3600
3432,1774012667103486916,1774012667106855895,3368
3433,1774012667108380616,1774012667111702680,3322
3434,1774012667113320186,1774012667116521423,3201
3435,1774012667118213354,1774012667120956939,2743
3436,1774012667122568927,1774012667126094846,3525
3437,1774012667127770370,1774012667130726150,2955
3438,1774012667132481924,1774012667135874565,3392
3439,1774012667137597279,1774012667141005122,3407
3440,1774012667142710992,1774012667146225496,3514
3441,1774012667148154728,1774012667151091466,2936
3442,1774012667152863409,1774012667156407473,3544
3443,1774012667158084615,1774012667161075837,2991
3444,1774012667162977095,1774012667166117416,3140
3445,1774012667167811891,1774012667171059920,3248
3446,1774012667172920466,1774012667176389944,3469
3447,1774012667178046008,1774012667181387315,3341
3448,1774012667183177763,1774012667186606862,3429
3449,1774012667188273641,1774012667191033771,2760
3450,1774012667192668143,1774012667196019786,3351
3451,1774012667197673969,1774012667201075651,3401
3452,1774012667202909040,1774012667206408090,3499
3453,1774012667208123699,1774012667211558928,3435
3454,1774012667213292762,1774012667216958452,3665
3455,1774012667218677648,1774012667221775329,3097
3456,1774012667223453129,1774012667226166444,2713
3457,1774012667227733517,1774012667231184521,3451
3458,1774012667232779150,1774012667236274411,3495
3459,1774012667237888483,1774012667241529514,3641
3460,1774012667243016014,1774012667245762369,2746
3461,1774012667247474237,1774012667250235950,2761
3462,1774012667251635170,1774012667254391716,2756
3463,1774012667255919003,1774012667258759355,2840
3464,1774012667260731943,1774012667264321954,3590
3465,1774012667266000873,1774012667269283845,3282
3466,1774012667270925980,1774012667274204117,3278
3467,1774012667275803536,1774012667279063109,3259
3468,1774012667280691347,1774012667284052435,3361
3469,1774012667285531403,1774012667288972506,3441
3470,1774012667290595067,1774012667293582948,2987
3471,1774012667295240355,1774012667297965879,2725
3472,1774012667299590644,1774012667303009104,3418
3473,1774012667304849643,1774012667308415605,3565
3474,1774012667310100632,1774012667313060117,2959
3475,1774012667314760567,1774012667318258795,3498
3476,1774012667319983262,1774012667322954965,2971
3477,1774012667324636675,1774012667328006171,3369
3478,1774012667329709973,1774012667333365095,3655
3479,1774012667334945504,1774012667338231441,3285
3480,1774012667339820153,1774012667342881287,3061
3481,1774012667344857273,1774012667348478133,3620
3482,1774012667350177544,1774012667353632680,3455
3483,1774012667355470061,1774012667358399586,2929
3484,1774012667360174300,1774012667363903901,3729
3485,1774012667365414717,1774012667368200411,2785
3486,1774012667369840182,1774012667373487727,3647
3487,1774012667374989485,1774012667378373172,3383
3488,1774012667379790946,1774012667382198159,2407
3489,1774012667383485268,1774012667386891292,3406
3490,1774012667388365097,1774012667391118441,2753
3491,1774012667392785037,1774012667395678411,2893
3492,1774012667397270681,1774012667400789624,3518
3493,1774012667402518098,1774012667405933101,3415
3494,1774012667407570642,1774012667410900047,3329
3495,1774012667412521282,1774012667415963547,3442
3496,1774012667417793937,1774012667421331104,3537
3497,1774012667423005231,1774012667426074817,3069
3498,1774012667427766640,1774012667430850481,3083
3499,1774012667432599681,1774012667436174261,3574
3500,1774012667437978850,1774012667440994364,3015
3501,1774012667442674688,1774012667446075560,3400
3502,1774012667447757792,1774012667450890968,3133
3503,1774012667452711928,1774012667456187108,3475
3504,1774012667457911666,1774012667461381110,3469
3505,1774012667463016951,1774012667466508268,3491
3506,1774012667468250134,1774012667471726546,3476
3507,1774012667473491137,1774012667476607843,3116
3508,1774012667478319499,1774012667481322258,3002
3509,1774012667482994118,1774012667486515189,3521
3510,1774012667488141874,1774012667490997453,2855
3511,1774012667492516984,1774012667495517971,3000
3512,1774012667497147668,1774012667499761318,2613
3513,1774012667501234566,1774012667504218027,2983
3514,1774012667505906926,1774012667508927500,3020
3515,1774012667510323213,1774012667513144213,2821
3516,1774012667514704854,1774012667517713637,3008
3517,1774012667519303082,1774012667522970095,3667
3518,1774012667524640355,1774012667528051876,3411
3519,1774012667529572674,1774012667533034267,3461
3520,1774012667534866297,1774012667538093403,3227
3521,1774012667539974098,1774012667543321008,3346
3522,1774012667545157045,1774012667548447064,3290
3523,1774012667550128368,1774012667553434481,3306
3524,1774012667555088888,1774012667558291525,3202
3525,1774012667560170085,1774012667563583138,3413
3526,1774012667565372070,1774012667568629525,3257
3527,1774012667570339628,1774012667573162730,2823
3528,1774012667574815357,1774012667578446629,3631
3529,1774012667580226406,1774012667583588164,3361
3530,1774012667585556962,1774012667589073804,3516
3531,1774012667590861465,1774012667594452023,3590
3532,1774012667596376654,1774012667599601029,3224
3533,1774012667601268915,1774012667604619292,3350
3534,1774012667606425399,1774012667609888809,3463
3535,1774012667611831481,1774012667615431605,3600
3536,1774012667617083446,1774012667620012678,2929
3537,1774012667621898117,1774012667625503812,3605
3538,1774012667627169583,1774012667630766296,3596
3539,1774012667632331246,1774012667635964396,3633
3540,1774012667637513473,1774012667640295047,2781
3541,1774012667641914053,1774012667645643490,3729
3542,1774012667647328856,1774012667650934419,3605
3543,1774012667652431402,1774012667655272744,2841
3544,1774012667657012359,1774012667659956364,2944
3545,1774012667661604182,1774012667664383142,2778
3546,1774012667666059989,1774012667669277270,3217
3547,1774012667670851107,1774012667674360409,3509
3548,1774012667676016845,1774012667679363762,3346
3549,1774012667680918963,1774012667683972142,3053
3550,1774012667685791228,1774012667689424426,3633
3551,1774012667691278625,1774012667694642916,3364
3552,1774012667696594938,1774012667700297685,3702
3553,1774012667702023850,1774012667705639701,3615
3554,1774012667707524482,1774012667711148353,3623
3555,1774012667712919075,1774012667715959049,3039
3556,1774012667717623645,1774012667720792523,3168
3557,1774012667722424600,1774012667725624337,3199
3558,1774012667727469264,1774012667730992079,3522
3559,1774012667732893779,1774012667736443896,3550
3560,1774012667738079588,1774012667741576263,3496
3561,1774012667743299763,1774012667746956242,3656
3562,1774012667748665331,1774012667751766040,3100
3563,1774012667753443721,1774012667756670065,3226
3564,1774012667758285240,1774012667761833857,3548
3565,1774012667763578222,1774012667767240632,3662
3566,1774012667768853049,1774012667772329320,3476
3567,1774012667773994917,1774012667777443156,3448
3568,1774012667778961235,1774012667782496219,3534
3569,1774012667784028488,1774012667787487863,3459
3570,1774012667789206095,1774012667792192051,2985
3571,1774012667793809771,1774012667797345516,3535
3572,1774012667799028543,1774012667801842602,2814
3573,1774012667803499219,1774012667807102672,3603
3574,1774012667808921455,1774012667812385844,3464
3575,1774012667813999927,1774012667817066712,3066
3576,1774012667818819962,1774012667822046897,3226
3577,1774012667823717903,1774012667826924699,3206
3578,1774012667828666695,1774012667832214678,3547
3579,1774012667833852339,1774012667837467177,3614
3580,1774012667839406901,1774012667842823082,3416
3581,1774012667844687378,1774012667848150082,3462
3582,1774012667849876873,1774012667853453286,3576
3583,1774012667855193824,1774012667858138819,2944
3584,1774012667859791062,1774012667863280711,3489
3585,1774012667864893357,1774012667868412573,3519
3586,1774012667870066816,1774012667873443792,3376
3587,1774012667875029720,1774012667878604730,3575
3588,1774012667880359716,1774012667884054809,3695
3589,1774012667885730910,1774012667888836382,3105
3590,1774012667890569553,1774012667894243576,3674
3591,1774012667895905390,1774012667899228827,3323
3592,1774012667900887831,1774012667904409095,3521
3593,1774012667906064938,1774012667909575455,3510
3594,1774012667911243251,1774012667914764445,3521
3595,1774012667916639824,1774012667919715719,3075
3596,1774012667921439147,1774012667924295807,2856
3597,1774012667925855235,1774012667929396442,3541
3598,1774012667931180451,1774012667934530458,3350
3599,1774012667935927544,1774012667939215162,3287
3600,1774012667940990022,1774012667944277339,3287
3601,1774012667945971826,1774012667948808778,2836
3602,1774012667950231687,1774012667953899491,3667
3603,1774012667955478792,1774012667958794625,3315
3604,1774012667960411770,1774012667963657548,3245
3605,1774012667965258898,1774012667967970672,2711
3606,1774012667969726384,1774012667973181670,3455
3607,1774012667974816544,1774012667978548953,3732
3608,1774012667980207681,1774012667983598191,3390
3609,1774012667985341958,1774012667988691743,3349
3610,1774012667990388762,1774012667993838912,3450
3611,1774012667995574267,1774012667999285922,3711
3612,1774012668000936931,1774012668003948522,3011
3613,1774012668005630962,1774012668009163038,3532
3614,1774012668010783378,1774012668014112328,3328
3615,1774012668015738396,1774012668019021712,3283
3616,1774012668020772896,1774012668024908475,4135
3617,1774012668026643472,1774012668030078880,3435
3618,1774012668031730297,1774012668035230511,3500
3619,1774012668037007663,1774012668039921918,2914
3620,1774012668041641569,1774012668044769526,3127
3621,1774012668046243367,1774012668049044956,2801
3622,1774012668050726430,1774012668054350929,3624
3623,1774012668055906705,1774012668059456156,3549
3624,1774012668060984509,1774012668064167694,3183
3625,1774012668065636655,1774012668069178494,3541
3626,1774012668070827597,1774012668073802549,2974
3627,1774012668075451364,1774012668078840020,3388
3628,1774012668080551626,1774012668083717250,3165
3629,1774012668085404112,1774012668088494635,3090
3630,1774012668090281964,1774012668093041321,2759
3631,1774012668094654431,1774012668097893407,3238
3632,1774012668099272344,1774012668102507010,3234
3633,1774012668104034528,1774012668107593977,3559
3634,1774012668109322063,1774012668112873570,3551
3635,1774012668114632667,1774012668117843020,3210
3636,1774012668119482887,1774012668123143713,3660
3637,1774012668124921456,1774012668128007605,3086
3638,1774012668129784276,1774012668133247442,3463
3639,1774012668134904516,1774012668138446227,3541
3640,1774012668140190513,1774012668143463763,3273
3641,1774012668145233580,1774012668148736620,3503
3642,1774012668150347550,1774012668153564865,3217
3643,1774012668155267499,1774012668158625106,3357
3644,1774012668160277659,1774012668163790567,3512
3645,1774012668165724652,1774012668169358215,3633
3646,1774012668171034500,1774012668174729100,3694
3647,1774012668176517741,1774012668180207485,3689
3648,1774012668181901715,1774012668184651625,2749
3649,1774012668186413339,1774012668189581225,3167
3650,1774012668191270729,1774012668194145829,2875
3651,1774012668195725604,1774012668198454152,2728
3652,1774012668200039365,1774012668202612547,2573
3653,1774012668204222285,1774012668207045471,2823
3654,1774012668208605991,1774012668211248693,2642
3655,1774012668212752237,1774012668216167013,3414
3656,1774012668217889289,1774012668221209586,3320
3657,1774012668222860535,1774012668225766008,2905
3658,1774012668227414146,1774012668230611847,3197
3659,1774012668232270033,1774012668235660923,3390
3660,1774012668237356749,1774012668240956914,3600
3661,1774012668242773086,1774012668246222724,3449
3662,1774012668247898556,1774012668251458029,3559
3663,1774012668253185003,1774012668256593167,3408
3664,1774012668258392295,1774012668261679171,3286
3665,1774012668263518801,1774012668266821061,3302
3666,1774012668268530682,1774012668272031069,3500
3667,1774012668273743600,1774012668276752877,3009
3668,1774012668278494511,1774012668282022477,3527
3669,1774012668283694492,1774012668286588185,2893
3670,1774012668288353962,1774012668291298073,2944
3671,1774012668292940466,1774012668296355284,3414
3672,1774012668297891942,1774012668301556801,3664
3673,1774012668303363117,1774012668306820640,3457
3674,1774012668308508713,1774012668311637993,3129
3675,1774012668313315993,1774012668316094778,2778
3676,1774012668317705030,1774012668321176042,3471
3677,1774012668322670710,1774012668325749343,3078
3678,1774012668327399602,1774012668330565785,3166
3679,1774012668332216042,1774012668335681376,3465
3680,1774012668337191156,1774012668340594698,3403
3681,1774012668342274438,1774012668345896512,3622
3682,1774012668347448836,1774012668350323484,2874
3683,1774012668351884731,1774012668355302114,3417
3684,1774012668356916524,1774012668359951613,3035
3685,1774012668361829748,1774012668365355029,3525
3686,1774012668367013168,1774012668370505284,3492
3687,1774012668372185988,1774012668374948338,2762
3688,1774012668376594403,1774012668380049844,3455
3689,1774012668381677580,1774012668384734000,3056
3690,1774012668386438658,1774012668390052246,3613
3691,1774012668391691453,1774012668395239870,3548
3692,1774012668397327032,1774012668400809284,3482
3693,1774012668402517573,1774012668405903269,3385
3694,1774012668407876497,1774012668411052428,3175
3695,1774012668412931669,1774012668416518940,3587
3696,1774012668418187764,1774012668421105314,2917
3697,1774012668423035581,1774012668426523180,3487
3698,1774012668428176208,1774012668431612000,3435
3699,1774012668433365625,1774012668436914747,3549
3700,1774012668438671906,1774012668442172680,3500
3701,1774012668443838757,1774012668447798559,3959
3702,1774012668449634326,1774012668453124921,3490
3703,1774012668454771115,1774012668457765730,2994
3704,1774012668459523010,1774012668463108622,3585
3705,1774012668464800195,1774012668467568537,2768
3706,1774012668469183514,1774012668472014143,2830
3707,1774012668473573857,1774012668477340155,3766
3708,1774012668479000523,1774012668481596958,2596
3709,1774012668483349910,1774012668486723306,3373
3710,1774012668488347800,1774012668491505059,3157
3711,1774012668493241228,1774012668495898133,2656
3712,1774012668497619163,1774012668501336780,3717
3713,1774012668503075165,1774012668506569292,3494
3714,1774012668508267556,1774012668511525496,3257
3715,1774012668513130194,1774012668516441390,3311
3716,1774012668518193404,1774012668521625974,3432
3717,1774012668523658024,1774012668527141834,3483
3718,1774012668528903532,1774012668531891434,2987
3719,1774012668533610885,1774012668537072469,3461
3720,1774012668538868642,1774012668542382407,3513
3721,1774012668544096677,1774012668547366889,3270
3722,1774012668549018644,1774012668552492001,3473
3723,1774012668554122889,1774012668557202411,3079
3724,1774012668559086523,1774012668562653424,3566
3725,1774012668564448279,1774012668567570665,3122
3726,1774012668569225081,1774012668572547400,3322
3727,1774012668574202892,1774012668577715084,3512
3728,1774012668579653313,1774012668582729312,3075
3729,1774012668584460025,1774012668588033026,3573
3730,1774012668589726163,1774012668592530658,2804
3731,1774012668594221634,1774012668597412321,3190
3732,1774012668599036183,1774012668602016516,2980
3733,1774012668603560934,1774012668607092597,3531
3734,1774012668608721817,1774012668611818923,3097
3735,1774012668613475459,1774012668616326417,2850
3736,1774012668617947423,1774012668621521821,3574
3737,1774012668623064111,1774012668625964501,2900
3738,1774012668627531818,1774012668630888999,3357
3739,1774012668632483043,1774012668636088051,3605
3740,1774012668637619107,1774012668640777158,3158
3741,1774012668642439474,1774012668645883867,3444
3742,1774012668647459964,1774012668650313296,2853
3743,1774012668652003819,1774012668655510332,3506
3744,1774012668657182060,1774012668660580929,3398
3745,1774012668662488244,1774012668666055213,3566
3746,1774012668667715228,1774012668671195782,3480
3747,1774012668672850944,1774012668676119797,3268
3748,1774012668677986216,1774012668681711317,3725
3749,1774012668683693412,1774012668686827673,3134
3750,1774012668688771552,1774012668692226749,3455
3751,1774012668693891237,1774012668696911263,3020
3752,1774012668698505110,1774012668701204680,2699
3753,1774012668702771887,1774012668706356536,3584
3754,1774012668708160458,1774012668711862165,3701
3755,1774012668713460290,1774012668717158274,3697
3756,1774012668718858635,1774012668722201361,3342
3757,1774012668723808654,1774012668726637600,2828
3758,1774012668728237353,1774012668731773281,3535
3759,1774012668733177142,1774012668735875786,2698
3760,1774012668737444396,1774012668740941147,3496
3761,1774012668742513976,1774012668744909751,2395
3762,1774012668746454617,1774012668749979145,3524
3763,1774012668751539521,1774012668754951871,3412
3764,1774012668756331855,1774012668759262234,2930
3765,1774012668760815842,1774012668764264547,3448
3766,1774012668766115455,1774012668768953788,2838
3767,1774012668770541751,1774012668773785644,3243
3768,1774012668775438802,1774012668778912251,3473
3769,1774012668780680979,1774012668783980946,3299
3770,1774012668785599787,1774012668789052185,3452
3771,1774012668790730719,1774012668794257287,3526
3772,1774012668795916876,1774012668798852238,2935
3773,1774012668800483276,1774012668804012495,3529
3774,1774012668805762052,1774012668809460442,3698
3775,1774012668811102867,1774012668814514018,3411
3776,1774012668816195690,1774012668819617891,3422
3777,1774012668821361203,1774012668824920236,3559
3778,1774012668826609567,1774012668830134392,3524
3779,1774012668832047200,1774012668835565563,3518
3780,1774012668837231573,1774012668840628059,3396
3781,1774012668842449191,1774012668845993420,3544
3782,1774012668847882416,1774012668851431366,3548
3783,1774012668853094662,1774012668856552076,3457
3784,1774012668858358654,1774012668861895916,3537
3785,1774012668863586296,1774012668867270496,3684
3786,1774012668868820123,1774012668871726820,2906
3787,1774012668873337271,1774012668877042530,3705
3788,1774012668878750329,1774012668881477705,2727
3789,1774012668883139746,1774012668886276341,3136
3790,1774012668887688000,1774012668891090828,3402
3791,1774012668892513249,1774012668895257121,2743
3792,1774012668896876668,1774012668900212709,3336
3793,1774012668901828492,1774012668904728582,2900
3794,1774012668906297343,1774012668909485731,3188
3795,1774012668911248833,1774012668914618163,3369
3796,1774012668916379820,1774012668919899827,3520
3797,1774012668921508872,1774012668925021863,3512
3798,1774012668926715841,1774012668930125844,3410
3799,1774012668931863517,1774012668935260542,3397
3800,1774012668936910734,1774012668940319490,3408
3801,1774012668941944699,1774012668944964605,3019
3802,1774012668946788296,1774012668950246268,3457
3803,1774012668951887090,1774012668955312107,3425
3804,1774012668956992886,1774012668960031658,3038
3805,1774012668961729407,1774012668965163278,3433
3806,1774012668966818072,1774012668969841311,3023
3807,1774012668971683328,1774012668975171577,3488
3808,1774012668976822769,1774012668980303281,3480
3809,1774012668982002847,1774012668985529532,3526
3810,1774012668987208163,1774012668990580125,3371
3811,1774012668992331653,1774012668995499921,3168
3812,1774012668997321130,1774012669000907356,3586
3813,1774012669002616723,1774012669005473543,2856
3814,1774012669006888277,1774012669010590356,3702
3815,1774012669012302822,1774012669015586093,3283
3816,1774012669017336532,1774012669019800478,2463
3817,1774012669021395935,1774012669025030502,3634
3818,1774012669026402861,1774012669029020216,2617
3819,1774012669030615451,1774012669034077252,3461
3820,1774012669035693188,1774012669038737194,3044
3821,1774012669040386774,1774012669043606237,3219
3822,1774012669045423586,1774012669048938517,3514
3823,1774012669050521825,1774012669053904248,3382
3824,1774012669055520971,1774012669058853885,3332
3825,1774012669060549910,1774012669064056504,3506
3826,1774012669065716041,1774012669068906565,3190
3827,1774012669070787134,1774012669074344270,3557
3828,1774012669076011822,1774012669079422436,3410
3829,1774012669081002605,1774012669084500173,3497
3830,1774012669086188097,1774012669089685193,3497
3831,1774012669091330951,1774012669094566287,3235
3832,1774012669096304984,1774012669099776538,3471
3833,1774012669101754178,1774012669105538948,3784
3834,1774012669107229518,1774012669110193331,2963
3835,1774012669111985588,1774012669115512959,3527
3836,1774012669117469187,1774012669120944594,3475
3837,1774012669122702128,1774012669125928474,3226
3838,1774012669127614063,1774012669130762852,3148
3839,1774012669132488554,1774012669136031129,3542
3840,1774012669137716908,1774012669141557034,3840
3841,1774012669143343833,1774012669146039648,2695
3842,1774012669147727029,1774012669151421760,3694
3843,1774012669153366766,1774012669156907296,3540
3844,1774012669158491376,1774012669161671453,3180
3845,1774012669163294097,1774012669166682855,3388
3846,1774012669168207303,1774012669170864586,2657
3847,1774012669172492617,1774012669175870130,3377
3848,1774012669177488864,1774012669181045085,3556
3849,1774012669182686185,1774012669185757692,3071
3850,1774012669187415219,1774012669190627161,3211
3851,1774012669192305266,1774012669195726452,3421
3852,1774012669197510807,1774012669200916314,3405
3853,1774012669202523632,1774012669205660371,3136
3854,1774012669207283819,1774012669210018479,2734
3855,1774012669211643090,1774012669214724497,3081
3856,1774012669216358848,1774012669219798243,3439
3857,1774012669221424850,1774012669224840158,3415
3858,1774012669226568298,1774012669230021237,3452
3859,1774012669231665874,1774012669234759157,3093
3860,1774012669236437864,1774012669239098072,2660
3861,1774012669240678474,1774012669244095157,3416
3862,1774012669245771184,1774012669249331720,3560
3863,1774012669250973944,1774012669254954912,3980
3864,1774012669262628418,1774012669266261310,3632
3865,1774012669267926051,1774012669271530043,3603
3866,1774012669273187826,1774012669276753806,3565
3867,1774012669278504694,1774012669281808508,3303
3868,1774012669283445506,1774012669285928841,2483
3869,1774012669287507475,1774012669291040105,3532
3870,1774012669292597076,1774012669295825640,3228
3871,1774012669297485245,1774012669301162082,3676
3872,1774012669302500637,1774012669305755375,3254
3873,1774012669307301294,1774012669310736777,3435
3874,1774012669312369382,1774012669315021231,2651
3875,1774012669316729993,1774012669320245774,3515
3876,1774012669321902265,1774012669325370156,3467
3877,1774012669327240286,1774012669330598264,3357
3878,1774012669332497190,1774012669335604263,3107
3879,1774012669337312847,1774012669340739145,3426
3880,1774012669342535551,1774012669346057615,3522
3881,1774012669347877595,1774012669351463519,3585
3882,1774012669353223595,1774012669356695817,3472
3883,1774012669358366519,1774012669361825320,3458
3884,1774012669363496989,1774012669366666893,3169
3885,1774012669368341026,1774012669371865353,3524
3886,1774012669373503591,1774012669377080378,3576
3887,1774012669378726074,1774012669382033711,3307
3888,1774012669383852948,1774012669387403037,3550
3889,1774012669389465011,1774012669393139392,3674
3890,1774012669394952716,1774012669398527601,3574
3891,1774012669400193342,1774012669403189456,2996
3892,1774012669404954926,1774012669408402815,3447
3893,1774012669410039010,1774012669413465120,3426
3894,1774012669415194304,1774012669418176575,2982
3895,1774012669419826125,1774012669423018035,3191
3896,1774012669424692345,1774012669428176396,3484
3897,1774012669429860235,1774012669433029897,3169
3898,1774012669434682284,1774012669438200660,3518
3899,1774012669439769139,1774012669442703605,2934
3900,1774012669444433191,1774012669447929138,3495
3901,1774012669449642095,1774012669453086775,3444
3902,1774012669454669712,1774012669458072419,3402
3903,1774012669459833456,1774012669463140969,3307
3904,1774012669464777729,1774012669468382024,3604
3905,1774012669470067650,1774012669473610954,3543
3906,1774012669475359168,1774012669478441923,3082
3907,1774012669480166032,1774012669483657664,3491
3908,1774012669485277349,1774012669488680609,3403
3909,1774012669490480796,1774012669494088851,3608
3910,1774012669495992215,1774012669499527150,3534
3911,1774012669501298491,1774012669504347785,3049
3912,1774012669506452520,1774012669510066530,3614
3913,1774012669511735845,1774012669515379449,3643
3914,1774012669517034026,1774012669520125249,3091
3915,1774012669521782517,1774012669525244430,3461
3916,1774012669526982935,1774012669530476733,3493
3917,1774012669532210056,1774012669535583389,3373
3918,1774012669537219819,1774012669540536366,3316
3919,1774012669542188601,1774012669545547629,3359
3920,1774012669547296735,1774012669550725048,3428
3921,1774012669552419341,1774012669555243577,2824
3922,1774012669556859317,1774012669560456453,3597
3923,1774012669562155817,1774012669565467541,3311
3924,1774012669567111483,1774012669569792274,2680
3925,1774012669571516635,1774012669575219118,3702
3926,1774012669576716794,1774012669580209763,3492
3927,1774012669582126890,1774012669584799377,2672
3928,1774012669586414576,1774012669589539201,3124
3929,1774012669591027404,1774012669594437865,3410
3930,1774012669596236352,1774012669599454459,3218
3931,1774012669601225434,1774012669604105518,2880
3932,1774012669605732906,1774012669608991078,3258
3933,1774012669610620169,1774012669613867399,3247
3934,1774012669615601968,1774012669619063178,3461
3935,1774012669620703947,1774012669624160883,3456
3936,1774012669625901503,1774012669629049228,3147
3937,1774012669630873116,1774012669634331698,3458
3938,1774012669635996725,1774012669639493382,3496
3939,1774012669641271682,1774012669644476553,3204
3940,1774012669646170160,1774012669649571115,3400
3941,1774012669651322638,1774012669654605586,3282
3942,1774012669656492288,1774012669660072020,3579
3943,1774012669661841536,1774012669665500643,3659
3944,1774012669667363901,1774012669670792649,3428
3945,1774012669672689101,1774012669676041825,3352
3946,1774012669677824210,1774012669680902926,3078
3947,1774012669682844701,1774012669686658622,3813
3948,1774012669688218476,1774012669691477568,3259
3949,1774012669693345949,1774012669696842412,3496
3950,1774012669698585973,1774012669701730188,3144
3951,1774012669703507983,1774012669707077433,3569
3952,1774012669708692180,1774012669712271883,3579
3953,1774012669713910249,1774012669717346198,3435
3954,1774012669718830920,1774012669721467808,2636
3955,1774012669723069226,1774012669725892813,2823
3956,1774012669727472777,1774012669730597340,3124
3957,1774012669732235085,1774012669735624149,3389
3958,1774012669737356786,1774012669740190902,2834
3959,1774012669741818662,1774012669744810564,2991
3960,1774012669746456382,1774012669749638004,3181
3961,1774012669751264238,1774012669754444976,3180
3962,1774012669756096600,1774012669759129097,3032
3963,1774012669760823945,1774012669764397992,3574
3964,1774012669766078295,1774012669769476731,3398
3965,1774012669771129710,1774012669774025253,2895
3966,1774012669775664306,1774012669779321062,3656
3967,1774012669780924809,1774012669784465225,3540
3968,1774012669786308921,1774012669789703038,3394
3969,1774012669791532145,1774012669795031877,3499
3970,1774012669796751138,1774012669799905766,3154
3971,1774012669801676101,1774012669805192663,3516
3972,1774012669806986505,1774012669809917211,2930
3973,1774012669811565858,1774012669815105012,3539
3974,1774012669816839044,1774012669819911682,3072
3975,1774012669821608888,1774012669824438491,2829
3976,1774012669825937811,1774012669829428907,3491
3977,1774012669831072431,1774012669833922818,2850
3978,1774012669835583449,1774012669839182895,3599
3979,1774012669840796214,1774012669844115979,3319
3980,1774012669845714825,1774012669849293093,3578
3981,1774012669850627311,1774012669853280915,2653
3982,1774012669854910907,1774012669858152099,3241
3983,1774012669859756848,1774012669863041205,3284
3984,1774012669864515322,1774012669867925514,3410
3985,1774012669869510967,1774012669872901977,3391
3986,1774012669874580036,1774012669878142411,3562
3987,1774012669879945653,1774012669883236371,3290
3988,1774012669884889464,1774012669888274946,3385
3989,1774012669889917121,1774012669892828312,2911
3990,1774012669894437533,1774012669897830854,3393
3991,1774012669899474976,1774012669902643000,3168
3992,1774012669904464584,1774012669907918894,3454
3993,1774012669909584256,1774012669913230276,3646
3994,1774012669914849541,1774012669918219049,3369
3995,1774012669919963965,1774012669923476959,3512
3996,1774012669925252166,1774012669928723373,3471
3997,1774012669930439760,1774012669933492119,3052
3998,1774012669935163602,1774012669938461166,3297
3999,1774012669940112885,1774012669943676960,3564
4000,1774012669945473312,1774012669948935362,3462
4001,1774012669950845493,1774012669954004256,3158
4002,1774012669955700330,1774012669959822281,4121
4003,1774012669960992301,1774012669964709320,3717
4004,1774012669966358433,1774012669969487944,3129
4005,1774012669970985454,1774012669973871098,2885
4006,1774012669975500601,1774012669978888095,3387
4007,1774012669980314074,1774012669983597582,3283
4008,1774012669984945472,1774012669987787724,2842
4009,1774012669989382279,1774012669992061278,2678
4010,1774012669993654750,1774012669996580856,2926
4011,1774012669998090617,1774012670001321949,3231
4012,1774012670002924670,1774012670006469543,3544
4013,1774012670007994993,1774012670011438043,3443
4014,1774012670013045083,1774012670016372594,3327
4015,1774012670018032139,1774012670020925614,2893
4016,1774012670022632972,1774012670025730122,3097
4017,1774012670027404275,1774012670030821676,3417
4018,1774012670032589061,1774012670035972857,3383
4019,1774012670037785240,1774012670040983786,3198
4020,1774012670042784259,1774012670046355994,3571
4021,1774012670048106729,1774012670051493557,3386
4022,1774012670053114057,1774012670056366050,3251
4023,1774012670058009520,1774012670061457744,3448
4024,1774012670063243823,1774012670066710965,3467
4025,1774012670068643567,1774012670072036289,3392
4026,1774012670073770797,1774012670076836464,3065
4027,1774012670078508473,1774012670082123172,3614
4028,1774012670083791001,1774012670087138347,3347
4029,1774012670088935538,1774012670092534157,3598
4030,1774012670094238989,1774012670097694076,3455
4031,1774012670099362952,1774012670102165820,2802
4032,1774012670103696771,1774012670107258840,3562
4033,1774012670108920942,1774012670111514491,2593
4034,1774012670112666014,1774012670115231590,2565
4035,1774012670116903669,1774012670119649403,2745
4036,1774012670121273135,1774012670124030469,2757
4037,1774012670125541276,1774012670129170013,3628
4038,1774012670130747978,1774012670133973889,3225
4039,1774012670135658945,1774012670138699069,3040
4040,1774012670140387577,1774012670143876817,3489
4041,1774012670145551646,1774012670148796698,3245
4042,1774012670150489193,1774012670153954406,3465
4043,1774012670155718545,1774012670159086399,3367
4044,1774012670160815958,1774012670163928042,3112
4045,1774012670165681473,1774012670168732112,3050
4046,1774012670170559379,1774012670174003719,3444
4047,1774012670175745818,1774012670179176535,3430
4048,1774012670180917045,1774012670183831438,2914
4049,1774012670185514834,1774012670188914919,3400
4050,1774012670190561206,1774012670194015155,3453
4051,1774012670195603361,1774012670198924572,3321
4052,1774012670200561944,1774012670204078799,3516
4053,1774012670205695759,1774012670209101590,3405
4054,1774012670210724657,1774012670214021811,3297
4055,1774012670215715090,1774012670219202586,3487
4056,1774012670220833709,1774012670224306523,3472
4057,1774012670225920780,1774012670228894900,2974
4058,1774012670230641644,1774012670234360262,3718
4059,1774012670236088640,1774012670239542752,3454
4060,1774012670241249438,1774012670244686119,3436
4061,1774012670246107826,1774012670249929956,3822
4062,1774012670251568240,1774012670254749636,3181
4063,1774012670256284833,1774012670259183625,2898
4064,1774012670260784722,1774012670263911269,3126
4065,1774012670265421867,1774012670268065325,2643
4066,1774012670269697854,1774012670273183535,3485
4067,1774012670274759977,1774012670278308864,3548
4068,1774012670279916031,1774012670283184354,3268
4069,1774012670284804076,1774012670288244503,3440
4070,1774012670289837309,1774012670293004135,3166
4071,1774012670294598040,1774012670298019914,3421
4072,1774012670299612032,1774012670303072898,3460
4073,1774012670304695402,1774012670308162315,3466
4074,1774012670309812332,1774012670313332057,3519
4075,1774012670315244991,1774012670318200441,2955
4076,1774012670319925372,1774012670322942417,3017
4077,1774012670324666486,1774012670327890412,3223
4078,1774012670329711333,1774012670332862053,3150
4079,1774012670334528687,1774012670337995074,3466
4080,1774012670339767786,1774012670343254018,3486
4081,1774012670344897970,1774012670348413147,3515
4082,1774012670350283976,1774012670353352624,3068
4083,1774012670355087270,1774012670358415108,3327
4084,1774012670360146694,1774012670363695150,3548
4085,1774012670365383191,1774012670369028584,3645
4086,1774012670370763506,1774012670374184565,3421
4087,1774012670375910181,1774012670379459836,3549
4088,1774012670380877581,1774012670384481739,3604
4089,1774012670386156125,1774012670388833249,2677
4090,1774012670390510060,1774012670393898953,3388
4091,1774012670395481542,1774012670398957165,3475
4092,1774012670400543465,1774012670403325900,2782
4093,1774012670404745752,1774012670407955087,3209
4094,1774012670409509101,1774012670412795705,3286
4095,1774012670414317411,1774012670417739193,3421
4096,1774012670419418464,1774012670422175539,2757
4097,1774012670423855917,1774012670427353549,3497
4098,1774012670428967451,1774012670432433287,3465
4099,1774012670434040239,1774012670437050221,3009
4100,1774012670438806208,1774012670441839878,3033
4101,1774012670443498025,1774012670446932128,3434
4102,1774012670448736067,1774012670452278543,3542
4103,1774012670453957938,1774012670457418875,3460
4104,1774012670459185311,1774012670462377973,3192
4105,1774012670463950150,1774012670467178793,3228
4106,1774012670468905086,1774012670472341237,3436
4107,1774012670474198904,1774012670477624226,3425
4108,1774012670479399449,1774012670482930506,3531
4109,1774012670484717835,1774012670487923488,3205
4110,1774012670489583509,1774012670493031052,3447
4111,1774012670494870379,1774012670498238857,3368
4112,1774012670499932094,1774012670503335246,3403
4113,1774012670504990677,1774012670508326545,3335
4114,1774012670510068385,1774012670513900348,3831
4115,1774012670515567434,1774012670519042646,3475
4116,1774012670520589727,1774012670524063836,3474
4117,1774012670525763758,1774012670529203060,3439
4118,1774012670531079944,1774012670533836719,2756
4119,1774012670535420824,1774012670539047206,3626
4120,1774012670540650602,1774012670543761354,3110
4121,1774012670545377945,1774012670548559764,3181
4122,1774012670550070530,1774012670553485446,3414
4123,1774012670555122022,1774012670558308423,3186
4124,1774012670559929936,1774012670563206979,3277
4125,1774012670564899895,1774012670568516389,3616
4126,1774012670570151745,1774012670573545369,3393
4127,1774012670575110143,1774012670578546603,3436
4128,1774012670580395989,1774012670583617851,3221
4129,1774012670585270482,1774012670588627790,3357
4130,1774012670590364978,1774012670593591551,3226
4131,1774012670595460067,1774012670598968298,3508
4132,1774012670600779039,1774012670604325887,3546
4133,1774012670606006830,1774012670609075043,3068
4134,1774012670610730563,1774012670613902485,3171
4135,1774012670615558029,1774012670619033002,3474
4136,1774012670620881466,1774012670624073475,3192
4137,1774012670625874590,1774012670628864876,2990
4138,1774012670630536701,1774012670634075499,3538
4139,1774012670635812880,1774012670639278004,3465
4140,1774012670641037637,1774012670644451444,3413
4141,1774012670646039181,1774012670648888540,2849
4142,1774012670650344583,1774012670653742608,3398
4143,1774012670655529700,1774012670658851746,3322
4144,1774012670659936185,1774012670662382574,2446
4145,1774012670663971679,1774012670667331808,3360
4146,1774012670668920064,1774012670671548374,2628
4147,1774012670673237775,1774012670676798762,3560
4148,1774012670678307398,1774012670681606184,3298
4149,1774012670683250016,1774012670686548798,3298
4150,1774012670688095354,1774012670691036933,2941
4151,1774012670692773874,1774012670696213974,3440
4152,1774012670697895294,1774012670701289405,3394
4153,1774012670703051537,1774012670705907289,2855
4154,1774012670707510366,1774012670710950249,3439
4155,1774012670712560227,1774012670715374102,2813
4156,1774012670717117474,1774012670720760229,3642
4157,1774012670722341511,1774012670725671314,3329
4158,1774012670727270667,1774012670729918035,2647
4159,1774012670731460069,1774012670734855985,3395
4160,1774012670736418493,1774012670739588465,3169
4161,1774012670741251117,1774012670744562260,3311
4162,1774012670746207521,1774012670749364303,3156
4163,1774012670751016434,1774012670753976634,2960
4164,1774012670755659786,1774012670759329440,3669
4165,1774012670761124152,1774012670764064109,2939
4166,1774012670765641421,1774012670769078699,3437
4167,1774012670770910908,1774012670774283267,3372
4168,1774012670775923486,1774012670779376088,3452
4169,1774012670781003384,1774012670784489130,3485
4170,1774012670786158915,1774012670789663557,3504
4171,1774012670791418922,1774012670794915321,3496
4172,1774012670796514422,1774012670800060519,3546
4173,1774012670801465034,1774012670805032597,3567
4174,1774012670806642189,1774012670810119855,3477
4175,1774012670811636176,1774012670814383062,2746
4176,1774012670816087582,1774012670819630418,3542
4177,1774012670821446327,1774012670825131506,3685
4178,1774012670826691248,1774012670830172138,3480
4179,1774012670831877580,1774012670834930656,3053
4180,1774012670836730260,1774012670839852240,3121
4181,1774012670841506187,1774012670844583201,3077
4182,1774012670846362632,1774012670849676450,3313
4183,1774012670851407696,1774012670855035831,3628
4184,1774012670856819552,1774012670860422201,3602
4185,1774012670862049735,1774012670865583420,3533
4186,1774012670867308017,1774012670870899861,3591
4187,1774012670872513845,1774012670875597927,3084
4188,1774012670877274746,1774012670880601617,3326
4189,1774012670882269407,1774012670885190915,2921
4190,1774012670886960971,1774012670890485231,3524
4191,1774012670892160488,1774012670895599613,3439
4192,1774012670897677423,1774012670901155646,3478
4193,1774012670902802621,1774012670906179575,3376
4194,1774012670907860728,1774012670911189783,3329
4195,1774012670912859561,1774012670916402230,3542
4196,1774012670918029828,1774012670921912288,3882
4197,1774012670923549709,1774012670926395699,2845
4198,1774012670927996769,1774012670931544607,3547
4199,1774012670933366358,1774012670936995182,3628
4200,1774012670938706184,1774012670941905905,3199
4201,1774012670943583168,1774012670946797747,3214
4202,1774012670948540911,1774012670951352305,2811
4203,1774012670952910292,1774012670955566527,2656
4204,1774012670957211128,1774012670960423953,3212
4205,1774012670962018894,1774012670965613597,3594
4206,1774012670967272309,1774012670970709970,3437
4207,1774012670972342249,1774012670975891414,3549
4208,1774012670977654831,1774012670981202382,3547
4209,1774012670983058369,1774012670986308693,3250
4210,1774012670988052030,1774012670991402399,3350
4211,1774012670993104929,1774012670996597239,3492
4212,1774012670998351427,1774012671002137186,3785
4213,1774012671003805936,1774012671007534402,3728
4214,1774012671009296119,1774012671012532030,3235
4215,1774012671014294243,1774012671017629051,3334
4216,1774012671019293731,1774012671022270727,2976
4217,1774012671023909798,1774012671027116921,3207
4218,1774012671028792719,1774012671032284705,3491
4219,1774012671033891945,1774012671037523355,3631
4220,1774012671039533493,1774012671043011870,3478
4221,1774012671045021480,1774012671047986197,2964
4222,1774012671050013168,1774012671053203391,3190
4223,1774012671054911444,1774012671058671889,3760
4224,1774012671060445032,1774012671063993578,3548
4225,1774012671065610557,1774012671069126012,3515
4226,1774012671070742466,1774012671073501805,2759
4227,1774012671075102304,1774012671077812577,2710
4228,1774012671079494555,1774012671082165918,2671
4229,1774012671083812363,1774012671086678678,2866
4230,1774012671088288608,1774012671091052395,2763
4231,1774012671092367179,1774012671095056379,2689
4232,1774012671096589210,1774012671099941171,3351
4233,1774012671101434711,1774012671105132352,3697
4234,1774012671106701313,1774012671110116819,3415
4235,1774012671111766298,1774012671115358385,3592
4236,1774012671117076113,1774012671120379632,3303
4237,1774012671121979813,1774012671125289579,3309
4238,1774012671126924800,1774012671129872300,2947
4239,1774012671131569107,1774012671135034316,3465
4240,1774012671136799573,1774012671140345057,3545
4241,1774012671141942598,1774012671145374903,3432
4242,1774012671147301951,1774012671150042053,2740
4243,1774012671151716859,1774012671155256947,3540
4244,1774012671156899501,1774012671160394497,3494
4245,1774012671162061070,1774012671165174440,3113
4246,1774012671166821669,1774012671169985037,3163
4247,1774012671171801787,1774012671175492590,3690
4248,1774012671177159058,1774012671180552012,3392
4249,1774012671182262710,1774012671185447260,3184
4250,1774012671187075328,1774012671190575263,3499
4251,1774012671192375790,1774012671195943627,3567
4252,1774012671197682547,1774012671200405651,2723
4253,1774012671202076849,1774012671205247718,3170
4254,1774012671206975499,1774012671209843185,2867
4255,1774012671211427000,1774012671214070985,2643
4256,1774012671215510562,1774012671218222198,2711
4257,1774012671219719029,1774012671222418416,2699
4258,1774012671224084979,1774012671226749888,2664
4259,1774012671228202984,1774012671231568536,3365
4260,1774012671233169033,1774012671236563635,3394
4261,1774012671238220581,1774012671241432029,3211
4262,1774012671243079555,1774012671246283655,3204
4263,1774012671247940653,1774012671250824398,2883
4264,1774012671252580793,1774012671255966338,3385
4265,1774012671257767266,1774012671261018532,3251
4266,1774012671262806442,1774012671266330749,3524
4267,1774012671268080011,1774012671271252319,3172
4268,1774012671272916718,1774012671275931084,3014
4269,1774012671277694469,1774012671281170498,3476
4270,1774012671282951985,1774012671286579766,3627
4271,1774012671288088424,1774012671291462180,3373
4272,1774012671293133988,1774012671296024071,2890
4273,1774012671297631960,1774012671301044760,3412
4274,1774012671302837504,1774012671306443060,3605
4275,1774012671308173438,1774012671311512144,3338
4276,1774012671313235912,1774012671316557486,3321
4277,1774012671318401308,1774012671321939648,3538
4278,1774012671323870747,1774012671327336186,3465
4279,1774012671329089407,1774012671332589103,3499
4280,1774012671334332949,1774012671337490657,3157
4281,1774012671339068621,1774012671341588342,2519
4282,1774012671343168204,1774012671346706802,3538
4283,1774012671348461498,1774012671352072068,3610
4284,1774012671353457149,1774012671356548568,3091
4285,1774012671358140531,1774012671361534557,3394
4286,1774012671363160021,1774012671366851958,3691
4287,1774012671368451492,1774012671371613978,3162
4288,1774012671373483218,1774012671376790056,3306
4289,1774012671378422701,1774012671381129134,2706
4290,1774012671382761743,1774012671385880559,3118
4291,1774012671387531289,1774012671390922733,3391
4292,1774012671392704412,1774012671396301087,3596
4293,1774012671397958888,1774012671401292523,3333
4294,1774012671402913492,1774012671406451902,3538
4295,1774012671408396035,1774012671411770716,3374
4296,1774012671413443782,1774012671416955226,3511
4297,1774012671418683271,1774012671422095498,3412
4298,1774012671423761359,1774012671427509940,3748
4299,1774012671429346046,1774012671432864767,3518
4300,1774012671434517879,1774012671438018226,3500
4301,1774012671439980080,1774012671443508291,3528
4302,1774012671445245063,1774012671448724548,3479
4303,1774012671450390711,1774012671453634025,3243
4304,1774012671455367947,1774012671459076796,3708
4305,1774012671460775078,1774012671464428817,3653
4306,1774012671466056113,1774012671469477037,3420
4307,1774012671471190173,1774012671474742196,3552
4308,1774012671476523443,1774012671480218044,3694
4309,1774012671481846432,1774012671485393852,3547
4310,1774012671487046879,1774012671489879915,2833
4311,1774012671491542956,1774012671494570173,3027
4312,1774012671495868456,1774012671499547508,3679
4313,1774012671501249423,1774012671504092101,2842
4314,1774012671505664999,1774012671508788161,3123
4315,1774012671510443738,1774012671513629722,3185
4316,1774012671515451317,1774012671519233217,3781
4317,1774012671520956455,1774012671523954733,2998
4318,1774012671525643122,1774012671529116394,3473
4319,1774012671530760253,1774012671534267626,3507
4320,1774012671536023857,1774012671539410866,3387
4321,1774012671541134640,1774012671544166300,3031
4322,1774012671545807396,1774012671548902784,3095
4323,1774012671550562657,1774012671553926583,3363
4324,1774012671555666695,1774012671559173597,3506
4325,1774012671561067621,1774012671564435391,3367
4326,1774012671566122959,1774012671569660062,3537
4327,1774012671571470189,1774012671574244519,2774
4328,1774012671575959900,1774012671579402174,3442
4329,1774012671581038244,1774012671584514743,3476
4330,1774012671586331623,1774012671589578885,3247
4331,1774012671591357513,1774012671594719759,3362
4332,1774012671596477277,1774012671600036111,3558
4333,1774012671601827901,1774012671605396793,3568
4334,1774012671607014034,1774012671609772310,2758
4335,1774012671611461205,1774012671614756341,3295
4336,1774012671616502826,1774012671620002170,3499
4337,1774012671621373011,1774012671625031816,3658
4338,1774012671626385918,1774012671629044927,2659
4339,1774012671630775762,1774012671633930120,3154
4340,1774012671635360167,1774012671638578361,3218
4341,1774012671640228115,1774012671643954541,3726
4342,1774012671645540029,1774012671648572833,3032
4343,1774012671650428512,1774012671654064229,3635
4344,1774012671655707572,1774012671659066923,3359
4345,1774012671660661866,1774012671663423047,2761
4346,1774012671665060091,1774012671668521958,3461
4347,1774012671670081196,1774012671673438730,3357
4348,1774012671675205075,1774012671678615571,3410
4349,1774012671680561896,1774012671684202021,3640
4350,1774012671686019008,1774012671688956771,2937
4351,1774012671690678603,1774012671693815196,3136
4352,1774012671695502246,1774012671698664854,3162
4353,1774012671700525695,1774012671703954275,3428
4354,1774012671705868799,1774012671709379792,3510
4355,1774012671710984416,1774012671714465534,3481
4356,1774012671716245647,1774012671719727262,3481
4357,1774012671721480935,1774012671725227568,3746
4358,1774012671726954165,1774012671729920531,2966
4359,1774012671731557452,1774012671734959105,3401
4360,1774012671736561889,1774012671739627514,3065
4361,1774012671741358230,1774012671744918105,3559
4362,1774012671746670203,1774012671750162775,3492
4363,1774012671751601723,1774012671754739647,3137
4364,1774012671756319496,1774012671759074347,2754
4365,1774012671760580109,1774012671763142161,2562
4366,1774012671764445339,1774012671767159715,2714
4367,1774012671768601158,1774012671772036146,3434
4368,1774012671773153372,1774012671776593264,3439
4369,1774012671778167345,1774012671780870140,2702
4370,1774012671782424343,1774012671785873797,3449
4371,1774012671787543289,1774012671790626515,3083
4372,1774012671792320935,1774012671795716622,3395
4373,1774012671797355756,1774012671800098265,2742
4374,1774012671801786546,1774012671805180003,3393
4375,1774012671807016788,1774012671809962846,2946
4376,1774012671811612035,1774012671814762363,3150
4377,1774012671816607735,1774012671820210300,3602
4378,1774012671821846334,1774012671825267552,3421
4379,1774012671826926311,1774012671829850564,2924
4380,1774012671831481647,1774012671834875697,3394
4381,1774012671836483687,1774012671839926841,3443
4382,1774012671841654480,1774012671845159306,3504
4383,1774012671846773027,1774012671850322733,3549
4384,1774012671851974851,1774012671855288927,3314
4385,1774012671856935877,1774012671859961016,3025
4386,1774012671861838168,1774012671865404990,3566
4387,1774012671867234262,1774012671870404406,3170
4388,1774012671871984225,1774012671875126077,3141
4389,1774012671876815201,1774012671880401296,3586
4390,1774012671882001162,1774012671885501044,3499
4391,1774012671887171076,1774012671889882018,2710
4392,1774012671891396435,1774012671894161318,2764
4393,1774012671895855455,1774012671898787576,2932
4394,1774012671900602826,1774012671903292144,2689
4395,1774012671904961323,1774012671907484348,2523
4396,1774012671909205559,1774012671912799393,3593
4397,1774012671914377605,1774012671917317761,2940
4398,1774012671918914976,1774012671921815862,2900
4399,1774012671923348496,1774012671926848678,3500
4400,1774012671928604046,1774012671932097702,3493
4401,1774012671933739796,1774012671937277926,3538
4402,1774012671938950734,1774012671942029614,3078
4403,1774012671943682180,1774012671946735815,3053
4404,1774012671948356226,1774012671951657269,3301
4405,1774012671953287463,1774012671956617222,3329
4406,1774012671958327788,1774012671961637326,3309
4407,1774012671963288680,1774012671966199513,2910
4408,1774012671967888626,1774012671971482208,3593
4409,1774012671973298413,1774012671977157665,3859
4410,1774012671978851510,1774012671982626659,3775
4411,1774012671984486411,1774012671987407629,2921
4412,1774012671989190530,1774012671992114571,2924
4413,1774012671993712101,1774012671996854176,3142
4414,1774012671998466612,1774012672001598086,3131
4415,1774012672003126463,1774012672006632892,3506
4416,1774012672008483770,1774012672012039785,3556
4417,1774012672013882934,1774012672017518229,3635
4418,1774012672019387654,1774012672023073161,3685
4419,1774012672024888706,1774012672027824748,2936
4420,1774012672029487060,1774012672033017685,3530
4421,1774012672034639562,1774012672038048176,3408
4422,1774012672039664857,1774012672043051413,3386
4423,1774012672044631175,1774012672047373338,2742
4424,1774012672048887976,1774012672052252150,3364
4425,1774012672053967955,1774012672057440914,3472
4426,1774012672059119339,1774012672061993290,2873
4427,1774012672063596310,1774012672067361857,3765
4428,1774012672069023848,1774012672072551464,3527
4429,1774012672074422444,1774012672077880651,3458
4430,1774012672079541247,1774012672082710729,3169
4431,1774012672084385406,1774012672087496046,3110
4432,1774012672089107542,1774012672092411533,3303
4433,1774012672094281656,1774012672097584994,3303
4434,1774012672099223515,1774012672102486679,3263
4435,1774012672104116772,1774012672107091867,2975
4436,1774012672108815794,1774012672112347048,3531
4437,1774012672113959199,1774012672117246631,3287
4438,1774012672118899669,1774012672122324068,3424
4439,1774012672123996702,1774012672127156375,3159
4440,1774012672128876259,1774012672132390963,3514
4441,1774012672134146727,1774012672137623320,3476
4442,1774012672139445299,1774012672142736482,3291
4443,1774012672144571662,1774012672148301798,3730
4444,1774012672150019512,1774012672153596847,3577
4445,1774012672155531128,1774012672159005369,3474
4446,1774012672160671636,1774012672164092097,3420
4447,1774012672165622324,1774012672169257462,3635
4448,1774012672170981507,1774012672174510868,3529
4449,1774012672176214438,1774012672179438327,3223
4450,1774012672180810704,1774012672183732353,2921
4451,1774012672185619874,1774012672189282300,3662
4452,1774012672190996681,1774012672194374347,3377
4453,1774012672196034150,1774012672199077620,3043
4454,1774012672200717037,1774012672203657276,2940
4455,1774012672205429842,1774012672208677350,3247
4456,1774012672210449094,1774012672213816481,3367
4457,1774012672215541982,1774012672218929417,3387
4458,1774012672220766102,1774012672224184599,3418
4459,1774012672225935138,1774012672229453155,3518
4460,1774012672231310116,1774012672234678874,3368
4461,1774012672236426483,1774012672239842208,3415
4462,1774012672241811935,1774012672244946521,3134
4463,1774012672246716374,1774012672250347295,3630
4464,1774012672251981160,1774012672255538332,3557
4465,1774012672257356174,1774012672260826043,3469
4466,1774012672262554319,1774012672265711533,3157
4467,1774012672267362286,1774012672270411558,3049
4468,1774012672272125723,1774012672275585778,3460
4469,1774012672277441015,1774012672281104824,3663
4470,1774012672282971821,1774012672286721520,3749
4471,1774012672288275667,1774012672291098788,2823
4472,1774012672292793284,1774012672296283103,3489
4473,1774012672298083297,1774012672301386114,3302
4474,1774012672303002870,1774012672305893954,2891
4475,1774012672307509622,1774012672311102902,3593
4476,1774012672312882771,1774012672315497749,2614
4477,1774012672317119377,1774012672320016137,2896
4478,1774012672321620017,1774012672325065322,3445
4479,1774012672326629262,1774012672329703232,3073
4480,1774012672331339845,1774012672334943387,3603
4481,1774012672336636414,1774012672340135434,3499
4482,1774012672341695972,1774012672345170654,3474
4483,1774012672346828357,1774012672349780300,2951
4484,1774012672351386646,1774012672354838963,3452
4485,1774012672356592646,1774012672359949328,3356
4486,1774012672361630057,1774012672364904610,3274
4487,1774012672366838192,1774012672369846267,3008
4488,1774012672371496571,1774012672374945746,3449
4489,1774012672376620347,1774012672379872494,3252
4490,1774012672381509788,1774012672384913597,3403
4491,1774012672386720459,1774012672390280483,3560
4492,1774012672391878717,1774012672395209158,3330
4493,1774012672396860288,1774012672400359203,3498
4494,1774012672401994193,1774012672404966156,2971
4495,1774012672406610901,1774012672410261199,3650
4496,1774012672411926607,1774012672415353209,3426
4497,1774012672417129944,1774012672420469403,3339
4498,1774012672422684916,1774012672426270492,3585
4499,1774012672428031297,1774012672430918617,2887
4500,1774012672432755362,1774012672435814209,3058
4501,1774012672437489314,1774012672440203436,2714
4502,1774012672441886297,1774012672445108499,3222
4503,1774012672446847063,1774012672450551253,3704
4504,1774012672452179213,1774012672455702853,3523
4505,1774012672457259920,1774012672460011711,2751
4506,1774012672461689311,1774012672465086370,3397
4507,1774012672466669049,1774012672469636197,2967
4508,1774012672471385808,1774012672474913015,3527
4509,1774012672476715001,1774012672480102097,3387
4510,1774012672481885902,1774012672485246453,3360
4511,1774012672486929220,1774012672489838394,2909
4512,1774012672491472727,1774012672494575073,3102
4513,1774012672496196793,1774012672499577875,3381
4514,1774012672501423472,1774012672504797530,3374
4515,1774012672506534440,1774012672509868326,3333
4516,1774012672511493214,1774012672514209836,2716
4517,1774012672515825060,1774012672518928268,3103
4518,1774012672520559890,1774012672524336345,3776
4519,1774012672526217686,1774012672529745291,3527
4520,1774012672531354360,1774012672534777231,3422
4521,1774012672536478705,1774012672539898144,3419
4522,1774012672541572256,1774012672545309909,3737
4523,1774012672547034837,1774012672550338270,3303
4524,1774012672551972628,1774012672555338565,3365
4525,1774012672556986725,1774012672560475893,3489
4526,1774012672562203287,1774012672565812478,3609
4527,1774012672567741494,1774012672571372449,3630
4528,1774012672572996900,1774012672576452035,3455
4529,1774012672578020627,1774012672580667227,2646
4530,1774012672582089680,1774012672585348760,3259
4531,1774012672587005077,1774012672589828229,2823
4532,1774012672591534616,1774012672594238562,2703
4533,1774012672595758892,1774012672598396567,2637
4534,1774012672599937041,1774012672602443155,2506
4535,1774012672604016935,1774012672607362187,3345
4536,1774012672608891890,1774012672612420649,3528
4537,1774012672614059300,1774012672617518528,3459
4538,1774012672619142453,1774012672622345620,3203
4539,1774012672624040670,1774012672626935670,2895
4540,1774012672628592826,1774012672631391249,2798
4541,1774012672633087620,1774012672636562700,3475
4542,1774012672638546818,1774012672641990576,3443
4543,1774012672643679537,1774012672646774399,3094
4544,1774012672648476888,1774012672651900668,3423
4545,1774012672653871524,1774012672657510468,3638
4546,1774012672659166034,1774012672662394075,3228
4547,1774012672664122618,1774012672667150105,3027
4548,1774012672668904391,1774012672672513791,3609
4549,1774012672674281133,1774012672677528239,3247
4550,1774012672679194548,1774012672682499427,3304
4551,1774012672684187233,1774012672687835318,3648
4552,1774012672689606296,1774012672693134831,3528
4553,1774012672694980165,1774012672698427029,3446
4554,1774012672700498054,1774012672704083473,3585
4555,1774012672705746730,1774012672709347100,3600
4556,1774012672710870636,1774012672714527827,3657
4557,1774012672716211909,1774012672719820018,3608
4558,1774012672721468544,1774012672724915407,3446
4559,1774012672726423541,1774012672730204321,3780
4560,1774012672731641305,1774012672735182072,3540
4561,1774012672736815229,1774012672739767014,2951
4562,1774012672741358172,1774012672744115466,2757
4563,1774012672745745556,1774012672749200548,3454
4564,1774012672750912492,1774012672754175429,3262
4565,1774012672755796369,1774012672759105316,3308
4566,1774012672760722571,1774012672764154243,3431
4567,1774012672765814155,1774012672768859796,3045
4568,1774012672770703904,1774012672774271069,3567
4569,1774012672775988730,1774012672779471453,3482
4570,1774012672781178023,1774012672784599727,3421
4571,1774012672786299569,1774012672789731275,3431
4572,1774012672791413740,1774012672794543933,3130
4573,1774012672796258953,1774012672799496489,3237
4574,1774012672801137650,1774012672804363496,3225
4575,1774012672806006933,1774012672808961928,2954
4576,1774012672810574465,1774012672814039978,3465
4577,1774012672815792324,1774012672818850222,3057
4578,1774012672820568187,1774012672824211274,3643
4579,1774012672825809652,1774012672828925489,3115
4580,1774012672830711139,1774012672834431413,3720
4581,1774012672836053852,1774012672839705624,3651
4582,1774012672841502331,1774012672845107980,3605
4583,1774012672846729576,1774012672850301339,3571
4584,1774012672851982047,1774012672854976103,2994
4585,1774012672856447773,1774012672859203102,2755
4586,1774012672860834499,1774012672863942456,3107
4587,1774012672865555207,1774012672868744041,3188
4588,1774012672870424241,1774012672873302144,2877
4589,1774012672874986223,1774012672878449464,3463
4590,1774012672880178224,1774012672883095395,2917
4591,1774012672884820816,1774012672888265438,3444
4592,1774012672889950173,1774012672893245789,3295
4593,1774012672894969857,1774012672898517128,3547
4594,1774012672900122303,1774012672903596672,3474
4595,1774012672905303243,1774012672908449941,3146
4596,1774012672910079310,1774012672913411549,3332
4597,1774012672915085472,1774012672918509230,3423
4598,1774012672920366288,1774012672924036834,3670
4599,1774012672925694277,1774012672929108923,3414
4600,1774012672931026476,1774012672934505196,3478
4601,1774012672936300929,1774012672939794682,3493
4602,1774012672941527314,1774012672944843666,3316
4603,1774012672946573907,1774012672949876987,3303
4604,1774012672951567457,1774012672954690734,3123
4605,1774012672956552389,1774012672960002109,3449
4606,1774012672961651873,1774012672964982355,3330
4607,1774012672966851897,1774012672970478330,3626
4608,1774012672972339068,1774012672975938265,3599
4609,1774012672977691862,1774012672980927606,3235
4610,1774012672982716109,1774012672985815260,3099
4611,1774012672987522137,1774012672990450043,2927
4612,1774012672992097074,1774012672995593231,3496
4613,1774012672997329077,1774012673000506303,3177
4614,1774012673002160286,1774012673005422171,3261
4615,1774012673007207820,1774012673009811796,2603
4616,1774012673011278578,1774012673014726818,3448
4617,1774012673016337391,1774012673019168623,2831
4618,1774012673020736835,1774012673023911560,3174
4619,1774012673025562782,1774012673029286756,3723
4620,1774012673031113928,1774012673034537288,3423
4621,1774012673036213987,1774012673039612687,3398
4622,1774012673041463248,1774012673045004042,3540
4623,1774012673046744358,1774012673049864913,3120
4624,1774012673051623142,1774012673054867258,3244
4625,1774012673056584249,1774012673060354411,3770
4626,1774012673062013378,1774012673064859949,2846
4627,1774012673066675723,1774012673070305072,3629
4628,1774012673072176045,1774012673074922930,2746
4629,1774012673076854597,1774012673080384947,3530
4630,1774012673082050448,1774012673085083638,3033
4631,1774012673086750735,1774012673090014312,3263
4632,1774012673091890803,1774012673095525978,3635
4633,1774012673097152012,1774012673100246443,3094
4634,1774012673101974298,1774012673105172368,3198
4635,1774012673106993225,1774012673110511984,3518
4636,1774012673112323303,1774012673115882269,3558
4637,1774012673117570795,1774012673121192797,3622
4638,1774012673122841297,1774012673126088872,3247
4639,1774012673127744253,1774012673131157525,3413
4640,1774012673132884931,1774012673135687878,2802
4641,1774012673137259555,1774012673140121331,2861
4642,1774012673141701762,1774012673144752940,3051
4643,1774012673146358969,1774012673149174778,2815
4644,1774012673150804259,1774012673154218620,3414
4645,1774012673155819664,1774012673159276882,3457
4646,1774012673160893341,1774012673164294343,3401
4647,1774012673166016742,1774012673169453055,3436
4648,1774012673171161251,1774012673174836246,3674
4649,1774012673176776278,1774012673180256201,3479
4650,1774012673181895948,1774012673185010599,3114
4651,1774012673186807898,1774012673189909373,3101
4652,1774012673191642299,1774012673195044770,3402
4653,1774012673197151414,1774012673200544391,3392
4654,1774012673202389006,1774012673205954346,3565
4655,1774012673207660968,1774012673210616620,2955
4656,1774012673212285447,1774012673215562621,3277
4657,1774012673217236291,1774012673220557619,3321
4658,1774012673222302416,1774012673225634338,3331
4659,1774012673227365394,1774012673230926188,3560
4660,1774012673232633215,1774012673236143178,3509
4661,1774012673237943134,1774012673241409339,3466
4662,1774012673243271007,1774012673246787382,3516
4663,1774012673248480717,1774012673252115972,3635
4664,1774012673253737583,1774012673257214551,3476
4665,1774012673258814301,1774012673262132445,3318
4666,1774012673263774229,1774012673266912115,3137
4667,1774012673268578347,1774012673272054158,3475
4668,1774012673273761726,1774012673276868797,3107
4669,1774012673278701594,1774012673281928366,3226
4670,1774012673283548717,1774012673286380706,2831
4671,1774012673287912404,1774012673291433647,3521
4672,1774012673293204752,1774012673295928730,2723
4673,1774012673297510129,1774012673300550638,3040
4674,1774012673302240757,1774012673305435947,3195
4675,1774012673307103588,1774012673310627559,3523
4676,1774012673312448143,1774012673316026237,3578
4677,1774012673317828606,1774012673321254396,3425
4678,1774012673322868913,1774012673326475667,3606
4679,1774012673328282677,1774012673331663169,3380
4680,1774012673333355169,1774012673336948934,3593
4681,1774012673338687983,1774012673342018186,3330
4682,1774012673343801474,1774012673347300222,3498
4683,1774012673349164193,1774012673352734516,3570
4684,1774012673354572666,1774012673358028247,3455
4685,1774012673359664499,1774012673362862407,3197
4686,1774012673364726730,1774012673367789258,3062
4687,1774012673369468253,1774012673372902817,3434
4688,1774012673374860473,1774012673378411086,3550
4689,1774012673380102205,1774012673383570406,3468
4690,1774012673385405055,1774012673388337597,2932
4691,1774012673389936114,1774012673393527211,3591
4692,1774012673395206827,1774012673398791847,3585
4693,1774012673400542595,1774012673404169756,3627
4694,1774012673405859259,1774012673409463249,3603
4695,1774012673411051754,1774012673414458153,3406
4696,1774012673416084076,1774012673419179360,3095
4697,1774012673420554819,1774012673423667079,3112
4698,1774012673425337436,1774012673428106333,2768
4699,1774012673429686122,1774012673433090385,3404
4700,1774012673434809076,1774012673438151317,3342
4701,1774012673439747017,1774012673443006344,3259
4702,1774012673444649415,1774012673447707877,3058
4703,1774012673449398012,1774012673452553738,3155
4704,1774012673454207666,1774012673457752365,3544
4705,1774012673459714254,1774012673463374312,3660
4706,1774012673465337214,1774012673468751345,3414
4707,1774012673470503995,1774012673473892625,3388
4708,1774012673475937674,1774012673479551218,3613
4709,1774012673481409081,1774012673484994260,3585
4710,1774012673486796825,1774012673490377229,3580
4711,1774012673492032418,1774012673495333542,3301
4712,1774012673496988293,1774012673499976548,2988
4713,1774012673501658942,1774012673505216459,3557
4714,1774012673507242713,1774012673510754642,3511
4715,1774012673512624253,1774012673515981536,3357
4716,1774012673517667649,1774012673521155646,3487
4717,1774012673522770652,1774012673526386245,3615
4718,1774012673528008213,1774012673531620416,3612
4719,1774012673533531505,1774012673537155477,3623
4720,1774012673538807627,1774012673542311142,3503
4721,1774012673543730947,1774012673547203890,3472
4722,1774012673548941600,1774012673551835436,2893
4723,1774012673553443731,1774012673556190773,2747
4724,1774012673557913950,1774012673560771606,2857
4725,1774012673562426866,1774012673565971875,3545
4726,1774012673567642543,1774012673571100014,3457
4727,1774012673572766510,1774012673575706766,2940
4728,1774012673577325635,1774012673580148995,2823
4729,1774012673581920140,1774012673585366006,3445
4730,1774012673587010206,1774012673590514960,3504
4731,1774012673592342741,1774012673595777838,3435
4732,1774012673597770840,1774012673600895423,3124
4733,1774012673602780884,1774012673605831178,3050
4734,1774012673607467190,1774012673610983186,3515
4735,1774012673612716939,1774012673615912027,3195
4736,1774012673617780187,1774012673621236604,3456
4737,1774012673623130954,1774012673626067890,2936
4738,1774012673627745679,1774012673630853919,3108
4739,1774012673632778913,1774012673636366600,3587
4740,1774012673638380916,1774012673641862872,3481
4741,1774012673643796005,1774012673647397091,3601
4742,1774012673649274183,1774012673652888736,3614
4743,1774012673654841335,1774012673658367227,3525
4744,1774012673660382705,1774012673663944233,3561
4745,1774012673665656984,1774012673669186080,3529
4746,1774012673670916610,1774012673674466479,3549
4747,1774012673676201774,1774012673679769322,3567
4748,1774012673681402061,1774012673684362794,2960
4749,1774012673685986526,1774012673689318767,3332
4750,1774012673690921936,1774012673694408554,3486
4751,1774012673695927378,1774012673699016182,3088
4752,1774012673700822134,1774012673704256339,3434
4753,1774012673705902024,1774012673708807397,2905
4754,1774012673710440516,1774012673713583244,3142
4755,1774012673715216425,1774012673718527221,3310
4756,1774012673720268877,1774012673723650251,3381
4757,1774012673725341873,1774012673728878788,3536
4758,1774012673730422089,1774012673733341858,2919
4759,1774012673734910734,1774012673737924599,3013
4760,1774012673739494638,1774012673742912580,3417
4761,1774012673744480834,1774012673747571004,3090
4762,1774012673749340833,1774012673752750011,3409
4763,1774012673754435202,1774012673757483242,3048
4764,1774012673759173227,1774012673762074554,2901
4765,1774012673763723607,1774012673767043369,3319
4766,1774012673768593530,1774012673772267989,3674
4767,1774012673773868525,1774012673777235887,3367
4768,1774012673778888433,1774012673782251863,3363
4769,1774012673784304155,1774012673787937191,3633
4770,1774012673789873320,1774012673793246578,3373
4771,1774012673794923740,1774012673798029947,3106
4772,1774012673799685450,1774012673802827368,3141
4773,1774012673804522927,1774012673807416652,2893
4774,1774012673809155071,1774012673812671085,3516
4775,1774012673814341093,1774012673817877181,3536
4776,1774012673819427938,1774012673822387661,2959
4777,1774012673824110562,1774012673827707935,3597
4778,1774012673829667659,1774012673833056642,3388
4779,1774012673834726861,1774012673837831487,3104
4780,1774012673839382867,1774012673842193875,2811
4781,1774012673843859851,1774012673846926889,3067
4782,1774012673848619437,1774012673852030000,3410
4783,1774012673853635549,1774012673857040345,3404
4784,1774012673858955036,1774012673862489110,3534
4785,1774012673864127162,1774012673867164340,3037
4786,1774012673868937474,1774012673872531416,3593
4787,1774012673874185785,1774012673877592411,3406
4788,1774012673879261374,1774012673882381620,3120
4789,1774012673884046372,1774012673887428884,3382
4790,1774012673889232500,1774012673892210439,2977
4791,1774012673893884118,1774012673896920960,3036
4792,1774012673898543529,1774012673901665330,3121
4793,1774012673903518444,1774012673907016953,3498
4794,1774012673908856059,1774012673912664104,3808
4795,1774012673914368573,1774012673917736713,3368
4796,1774012673919501967,1774012673922903537,3401
4797,1774012673924759108,1774012673928151746,3392
4798,1774012673929816884,1774012673932855625,3038
4799,1774012673934493077,1774012673937672734,3179
4800,1774012673939628036,1774012673943167465,3539
4801,1774012673944861091,1774012673948448133,3587
4802,1774012673949975398,1774012673953467003,3491
4803,1774012673955219677,1774012673958968390,3748
4804,1774012673960320805,1774012673963956825,3636
4805,1774012673965641707,1774012673968951444,3309
4806,1774012673970459381,1774012673973727167,3267
4807,1774012673975395010,1774012673978231241,2836
4808,1774012673979957446,1774012673982939047,2981
4809,1774012673984597461,1774012673988253752,3656
4810,1774012673990280966,1774012673993356415,3075
4811,1774012673994909822,1774012673997911885,3002
4812,1774012673999558003,1774012674003049248,3491
4813,1774012674004558917,1774012674007961417,3402
4814,1774012674009467761,1774012674012954223,3486
4815,1774012674014502845,1774012674017243277,2740
4816,1774012674018867550,1774012674021870373,3002
4817,1774012674023574430,1774012674027067469,3493
4818,1774012674028747860,1774012674032454474,3706
4819,1774012674034183779,1774012674037608921,3425
4820,1774012674039401044,1774012674042824967,3423
4821,1774012674044495726,1774012674047865990,3370
4822,1774012674049584768,1774012674052827539,3242
4823,1774012674054568946,1774012674057795797,3226
4824,1774012674059498165,1774012674063315865,3817
4825,1774012674065025502,1774012674068366727,3341
4826,1774012674070071140,1774012674073610355,3539
4827,1774012674075359883,1774012674078836918,3477
4828,1774012674080591434,1774012674083408746,2817
4829,1774012674085047425,1774012674088021608,2974
4830,1774012674089802609,1774012674093220686,3418
4831,1774012674094920258,1774012674097802085,2881
4832,1774012674099403204,1774012674102057096,2653
4833,1774012674103465761,1774012674107019071,3553
4834,1774012674108719989,1774012674111383195,2663
4835,1774012674112862033,1774012674115871705,3009
4836,1774012674117436549,1774012674120900208,3463
4837,1774012674122626699,1774012674125737650,3110
4838,1774012674127427929,1774012674130806256,3378
4839,1774012674132443189,1774012674135242820,2799
4840,1774012674136862161,1774012674139954829,3092
4841,1774012674141590675,1774012674144718009,3127
4842,1774012674146430574,1774012674149957033,3526
4843,1774012674151681156,1774012674155154412,3473
4844,1774012674156767257,1774012674159846124,3078
4845,1774012674161555358,1774012674164595613,3040
4846,1774012674166239845,1774012674169632446,3392
4847,1774012674171407916,1774012674174905354,3497
4848,1774012674176709600,1774012674180065893,3356
4849,1774012674181744427,1774012674185372953,3628
4850,1774012674187071363,1774012674190224894,3153
4851,1774012674191986451,1774012674195409334,3422
4852,1774012674197307307,1774012674200560876,3253
4853,1774012674202185649,1774012674205475894,3290
4854,1774012674207127743,1774012674210160452,3032
4855,1774012674211846020,1774012674215393808,3547
4856,1774012674217142333,1774012674220813882,3671
4857,1774012674222534943,1774012674225305696,2770
4858,1774012674226982006,1774012674230528425,3546
4859,1774012674232169420,1774012674234946786,2777
4860,1774012674236426099,1774012674240063814,3637
4861,1774012674241697558,1774012674244955147,3257
4862,1774012674246588241,1774012674249544165,2955
4863,1774012674251230344,1774012674254780141,3549
4864,1774012674256656179,1774012674260411410,3755
4865,1774012674267922122,1774012674271529742,3607
4866,1774012674273412397,1774012674276902253,3489
4867,1774012674278642659,1774012674281919825,3277
4868,1774012674283554207,1774012674286853691,3299
4869,1774012674288632997,1774012674292256026,3623
4870,1774012674293993816,1774012674297008657,3014
4871,1774012674298860739,1774012674302363047,3502
4872,1774012674304023094,1774012674307469808,3446
4873,1774012674309403070,1774012674312802577,3399
4874,1774012674314457989,1774012674317356874,2898
4875,1774012674319044731,1774012674322682848,3638
4876,1774012674324462592,1774012674327997944,3535
4877,1774012674329679027,1774012674332755401,3076
4878,1774012674334742895,1774012674338198084,3455
4879,1774012674339964256,1774012674343516902,3552
4880,1774012674345416085,1774012674348925848,3509
4881,1774012674350602261,1774012674353698737,3096
4882,1774012674355200127,1774012674358830541,3630
4883,1774012674360476275,1774012674364118542,3642
4884,1774012674365798374,1774012674368443915,2645
4885,1774012674369864564,1774012674372900524,3035
4886,1774012674374295260,1774012674377246504,2951
4887,1774012674378637545,1774012674382052484,3414
4888,1774012674383554489,1774012674386319070,2764
4889,1774012674387925630,1774012674390777231,2851
4890,1774012674392295413,1774012674394971004,2675
4891,1774012674396734150,1774012674399669495,2935
4892,1774012674401188224,1774012674403923481,2735
4893,1774012674405585255,1774012674408998264,3413
4894,1774012674410754450,1774012674413994269,3239
4895,1774012674415733893,1774012674418929541,3195
4896,1774012674420606820,1774012674424098031,3491
4897,1774012674425733330,1774012674429268984,3535
4898,1774012674430974330,1774012674434021402,3047
4899,1774012674435724789,1774012674438968186,3243
4900,1774012674440755647,1774012674443950415,3194
4901,1774012674445815041,1774012674449258982,3443
4902,1774012674451056552,1774012674454772394,3715
4903,1774012674456568920,1774012674460068612,3499
4904,1774012674461791409,1774012674464864113,3072
4905,1774012674466815065,1774012674469924244,3109
4906,1774012674471582744,1774012674475359736,3776
4907,1774012674477012608,1774012674480051038,3038
4908,1774012674481946294,1774012674485481219,3534
4909,1774012674487357301,1774012674490910416,3553
4910,1774012674492578397,1774012674496105384,3526
4911,1774012674497563855,1774012674500826604,3262
4912,1774012674502406013,1774012674505450730,3044
4913,1774012674507099345,1774012674510000798,2901
4914,1774012674511484683,1774012674514952571,3467
4915,1774012674516532714,1774012674519668616,3135
4916,1774012674521313516,1774012674524541331,3227
4917,1774012674526382472,1774012674529513351,3130
4918,1774012674531389980,1774012674534998854,3608
4919,1774012674536591280,1774012674539884412,3293
4920,1774012674541730720,1774012674545122111,3391
4921,1774012674546746744,1774012674550459200,3712
4922,1774012674552349651,1774012674555725155,3375
4923,1774012674557361040,1774012674560522193,3161
4924,1774012674562158764,1774012674565100233,2941
4925,1774012674566712804,1774012674570120292,3407
4926,1774012674571796288,1774012674575259252,3462
4927,1774012674576858806,1774012674580047691,3188
4928,1774012674581802357,1774012674584885126,3082
4929,1774012674586574713,1774012674590166914,3592
4930,1774012674592046357,1774012674595368719,3322
4931,1774012674597177296,1774012674600593651,3416
4932,1774012674602572448,1774012674606230947,3658
4933,1774012674608021404,1774012674611392853,3371
4934,1774012674613118833,1774012674616399961,3281
4935,1774012674618046701,1774012674621165906,3119
4936,1774012674622832157,1774012674626278407,3446
4937,1774012674627899731,1774012674631468200,3568
4938,1774012674633176812,1774012674636736272,3559
4939,1774012674638197212,1774012674641107079,2909
4940,1774012674642735873,1774012674645429014,2693
4941,1774012674646975201,1774012674649557462,2582
4942,1774012674650871919,1774012674654086480,3214
4943,1774012674655731711,1774012674659255182,3523
4944,1774012674660835713,1774012674663722502,2886
4945,1774012674665328494,1774012674668505020,3176
4946,1774012674670116498,1774012674673474920,3358
4947,1774012674675139005,1774012674678518085,3379
4948,1774012674680352846,1774012674683785888,3433
4949,1774012674685470471,1774012674688983396,3512
4950,1774012674690623751,1774012674693946916,3323
4951,1774012674695558522,1774012674699077481,3518
4952,1774012674700719246,1774012674704059865,3340
4953,1774012674705684497,1774012674708975087,3290
4954,1774012674710716731,1774012674714221885,3505
4955,1774012674715827561,1774012674719195043,3367
4956,1774012674720831089,1774012674724168986,3337
4957,1774012674725801497,1774012674729192029,3390
4958,1774012674730801090,1774012674734356775,3555
4959,1774012674736147314,1774012674739635791,3488
4960,1774012674741197739,1774012674743880002,2682
4961,1774012674745549535,1774012674748776008,3226
4962,1774012674752074584,1774012674755277625,3203
4963,1774012674756921372,1774012674760335469,3414
4964,1774012674761955452,1774012674765538219,3582
4965,1774012674767266946,1774012674770742720,3475
4966,1774012674772453005,1774012674776027820,3574
4967,1774012674777685780,1774012674780920008,3234
4968,1774012674782528947,1774012674785600342,3071
4969,1774012674787150125,1774012674789989709,2839
4970,1774012674791608724,1774012674794816914,3208
4971,1774012674796446622,1774012674799303400,2856
4972,1774012674800850220,1774012674804075159,3224
4973,1774012674805580033,1774012674808579561,2999
4974,1774012674810285846,1774012674813516530,3230
4975,1774012674815133850,1774012674818400731,3266
4976,1774012674819974669,1774012674822895127,2920
4977,1774012674824453930,1774012674827834982,3381
4978,1774012674829447422,1774012674832568700,3121
4979,1774012674834333942,1774012674837832605,3498
4980,1774012674839712945,1774012674842977952,3265
4981,1774012674844865323,1774012674847886471,3021
4982,1774012674849661621,1774012674853176587,3514
4983,1774012674854819258,1774012674857882987,3063
4984,1774012674859853699,1774012674863597183,3743
4985,1774012674865337561,1774012674868791013,3453
4986,1774012674870595707,1774012674873772368,3176
4987,1774012674875452432,1774012674878824314,3371
4988,1774012674880764321,1774012674884073497,3309
4989,1774012674885813087,1774012674889296570,3483
4990,1774012674890966591,1774012674893959261,2992
4991,1774012674895712773,1774012674899364194,3651
4992,1774012674900983181,1774012674903674225,2691
4993,1774012674905134984,1774012674908818721,3683
4994,1774012674910321455,1774012674913975285,3653
4995,1774012674915346211,1774012674918089186,2742
4996,1774012674919659282,1774012674922659935,3000
4997,1774012674924264109,1774012674927796687,3532
4998,1774012674929231683,1774012674932432151,3200
4999,1774012674933885684,1774012674937097584,3211
5000,1774012674938632687,1774012674941905703,3273
5001,1774012674943479158,1774012674946920573,3441
5002,1774012674948511341,1774012674951798855,3287
5003,1774012674953523199,1774012674956177248,2654
5004,1774012674957972679,1774012674961368868,3396
5005,1774012674963025140,1774012674965921973,2896
5006,1774012674967751522,1774012674970836632,3085
5007,1774012674972592967,1774012674976150646,3557
5008,1774012674977806692,1774012674981420107,3613
5009,1774012674983056180,1774012674986430968,3374
5010,1774012674988137911,1774012674991423510,3285
5011,1774012674993319706,1774012674996820998,3501
5012,1774012674998656605,1774012675002134941,3478
5013,1774012675003834391,1774012675006824686,2990
5014,1774012675008546845,1774012675012032946,3486
5015,1774012675013693400,1774012675016868538,3175
5016,1774012675018761812,1774012675021784924,3023
5017,1774012675023508415,1774012675026606233,3097
5018,1774012675028282453,1774012675031199544,2917
5019,1774012675032944129,1774012675036584815,3640
5020,1774012675038247600,1774012675041746053,3498
5021,1774012675043376677,1774012675046929505,3552
5022,1774012675048434917,1774012675051229899,2794
5023,1774012675052750678,1774012675056029047,3278
5024,1774012675057593656,1774012675061125293,3531
5025,1774012675062870734,1774012675065970417,3099
5026,1774012675067453308,1774012675070952860,3499
5027,1774012675072481604,1774012675075311192,2829
5028,1774012675076917511,1774012675080438531,3521
5029,1774012675082157426,1774012675085497530,3340
5030,1774012675087157161,1774012675089980432,2823
5031,1774012675091613807,1774012675094799191,3185
5032,1774012675096409933,1774012675100004249,3594
5033,1774012675101793234,1774012675105229187,3435
5034,1774012675106981610,1774012675110447115,3465
5035,1774012675112076073,1774012675115131082,3055
5036,1774012675116806842,1774012675120320932,3514
5037,1774012675121977638,1774012675125392381,3414
5038,1774012675127047866,1774012675130525597,3477
5039,1774012675132170174,1774012675135519829,3349
5040,1774012675137169624,1774012675140067478,2897
5041,1774012675141709043,1774012675145063233,3354
5042,1774012675146665408,1774012675149775850,3110
5043,1774012675151597201,1774012675155069089,3471
5044,1774012675156746571,1774012675159862876,3116
5045,1774012675161865091,1774012675165430494,3565
5046,1774012675167087579,1774012675170494859,3407
5047,1774012675172271816,1774012675174979270,2707
5048,1774012675176776477,1774012675180259449,3482
5049,1774012675181960820,1774012675185348478,3387
5050,1774012675186910861,1774012675190096056,3185
5051,1774012675191736216,1774012675194747594,3011
5052,1774012675196364041,1774012675199071814,2707
5053,1774012675200684694,1774012675204216422,3531
5054,1774012675205596071,1774012675208503886,2907
5055,1774012675210086377,1774012675213419446,3333
5056,1774012675215135420,1774012675218439862,3304
5057,1774012675220014689,1774012675222847138,2832
5058,1774012675224636690,1774012675228143001,3506
5059,1774012675229894883,1774012675233515103,3620
5060,1774012675235253288,1774012675238651723,3398
5061,1774012675240314946,1774012675243799846,3484
5062,1774012675245524453,1774012675249036095,3511
5063,1774012675250699491,1774012675254113451,3413
5064,1774012675255765641,1774012675258796334,3030
5065,1774012675260541456,1774012675264138715,3597
5066,1774012675265788492,1774012675269266686,3478
5067,1774012675270893182,1774012675274373669,3480
5068,1774012675276007840,1774012675279337233,3329
5069,1774012675281187878,1774012675284871122,3683
5070,1774012675286563853,1774012675290280804,3716
5071,1774012675291870664,1774012675295416863,3546
5072,1774012675297027092,1774012675300830644,3803
5073,1774012675302547157,1774012675306010511,3463
5074,1774012675307782577,1774012675310790021,3007
5075,1774012675312501019,1774012675316130192,3629
5076,1774012675317860152,1774012675321446185,3586
5077,1774012675323199125,1774012675326689343,3490
5078,1774012675328311281,1774012675331455450,3144
5079,1774012675332948956,1774012675335848254,2899
5080,1774012675337468467,1774012675340219625,2751
5081,1774012675341803946,1774012675345271422,3467
5082,1774012675347001051,1774012675350275524,3274
5083,1774012675351847662,1774012675355184644,3336
5084,1774012675356717824,1774012675360157915,3440
5085,1774012675361981166,1774012675365446227,3465
5086,1774012675367236815,1774012675370012347,2775
5087,1774012675371814102,1774012675375380673,3566
5088,1774012675377048006,1774012675380612382,3564
5089,1774012675382488693,1774012675385929606,3440
5090,1774012675387658158,1774012675391025634,3367
5091,1774012675392885214,1774012675396368408,3483
5092,1774012675398313210,1774012675401749182,3435
5093,1774012675403573255,1774012675406774356,3201
5094,1774012675408541022,1774012675411996057,3455
5095,1774012675413638132,1774012675417000345,3362
5096,1774012675418819390,1774012675422214691,3395
5097,1774012675423876356,1774012675427147723,3271
5098,1774012675428920007,1774012675432369099,3449
5099,1774012675434071074,1774012675437429346,3358
5100,1774012675439099636,1774012675442042177,2942
5101,1774012675443811541,1774012675447346472,3534
5102,1774012675448984526,1774012675452448894,3464
5103,1774012675454175109,1774012675456985024,2809
5104,1774012675458614653,1774012675461521748,2907
5105,1774012675463427147,1774012675466538860,3111
5106,1774012675468225177,1774012675471654424,3429
5107,1774012675473243314,1774012675476285207,3041
5108,1774012675477719357,1774012675480750181,3030
5109,1774012675482401061,1774012675485239603,2838
5110,1774012675486791275,1774012675490209972,3418
5111,1774012675491982045,1774012675495267973,3285
5112,1774012675496837747,1774012675500327550,3489
5113,1774012675502092879,1774012675504974988,2882
5114,1774012675506630171,1774012675510058775,3428
5115,1774012675511688850,1774012675514920056,3231
5116,1774012675516534195,1774012675519429161,2894
5117,1774012675521054374,1774012675524432953,3378
5118,1774012675526100480,1774012675529044977,2944
5119,1774012675530725499,1774012675534510549,3785
5120,1774012675536258872,1774012675539960769,3701
5121,1774012675541662350,1774012675545132014,3469
5122,1774012675546856026,1774012675550302165,3446
5123,1774012675552176271,1774012675555776614,3600
5124,1774012675557454121,1774012675560907922,3453
5125,1774012675562672646,1774012675566029527,3356
5126,1774012675567709159,1774012675571096654,3387
5127,1774012675572758367,1774012675576344785,3586
5128,1774012675577964213,1774012675581574051,3609
5129,1774012675583356464,1774012675586947604,3591
5130,1774012675588757992,1774012675591776275,3018
5131,1774012675593448514,1774012675596982004,3533
5132,1774012675598552540,1774012675602061910,3509
5133,1774012675603683143,1774012675606396985,2713
5134,1774012675608087996,1774012675610978105,2890
5135,1774012675612698568,1774012675615570016,2871
5136,1774012675617222477,1774012675619990690,2768
5137,1774012675621519334,1774012675624673393,3154
5138,1774012675626256477,1774012675629018355,2761
5139,1774012675630667482,1774012675634248227,3580
5140,1774012675635844797,1774012675639245452,3400
5141,1774012675640937189,1774012675643967498,3030
5142,1774012675645794298,1774012675648980900,3186
5143,1774012675650747093,1774012675653930113,3183
5144,1774012675655568001,1774012675658828939,3260
5145,1774012675660536987,1774012675664070664,3533
5146,1774012675665819162,1774012675669535092,3715
5147,1774012675671298292,1774012675674833759,3535
5148,1774012675676876291,1774012675680483633,3607
5149,1774012675682309382,1774012675685683557,3374
5150,1774012675687474735,1774012675690427853,2953
5151,1774012675692071485,1774012675695062102,2990
5152,1774012675696904215,1774012675700029494,3125
5153,1774012675701970816,1774012675705389325,3418
5154,1774012675707139096,1774012675710090828,2951
5155,1774012675711721534,1774012675714966605,3245
5156,1774012675716566943,1774012675719940539,3373
5157,1774012675721704244,1774012675724762186,3057
5158,1774012675726505767,1774012675730156820,3651
5159,1774012675731797342,1774012675735293881,3496
5160,1774012675736712312,1774012675740090261,3377
5161,1774012675741637802,1774012675744251083,2613
5162,1774012675745687674,1774012675749103991,3416
5163,1774012675750358234,1774012675752767085,2408
5164,1774012675754364403,1774012675757038943,2674
5165,1774012675758665655,1774012675761915350,3249
5166,1774012675763446977,1774012675766922132,3475
5167,1774012675768501730,1774012675771882210,3380
5168,1774012675773533932,1774012675776875603,3341
5169,1774012675778562424,1774012675781882774,3320
5170,1774012675783573893,1774012675787040077,3466
5171,1774012675788735335,1774012675792120693,3385
5172,1774012675793728129,1774012675797000748,3272
5173,1774012675798501307,1774012675801898601,3397
5174,1774012675803638789,1774012675807012687,3373
5175,1774012675808775914,1774012675812358857,3582
5176,1774012675814022337,1774012675817336204,3313
5177,1774012675818874381,1774012675822427094,3552
5178,1774012675824109047,1774012675827410910,3301
5179,1774012675829184312,1774012675832094973,2910
5180,1774012675833762056,1774012675836841467,3079
5181,1774012675838592288,1774012675842085509,3493
5182,1774012675843756563,1774012675847365498,3608
5183,1774012675849081969,1774012675852530491,3448
5184,1774012675854126668,1774012675857031553,2904
5185,1774012675858732769,1774012675862339357,3606
5186,1774012675864006799,1774012675867591872,3585
5187,1774012675869251458,1774012675872919560,3668
5188,1774012675874614320,1774012675878297216,3682
5189,1774012675879905760,1774012675883467201,3561
5190,1774012675885151171,1774012675888480529,3329
5191,1774012675890191110,1774012675892892962,2701
5192,1774012675894715521,1774012675898384480,3668
5193,1774012675900204875,1774012675903513936,3309
5194,1774012675905096698,1774012675908317461,3220
5195,1774012675909980827,1774012675912875316,2894
5196,1774012675914576624,1774012675918036232,3459
5197,1774012675919819741,1774012675923358640,3538
5198,1774012675924997977,1774012675928397801,3399
5199,1774012675930025164,1774012675932952938,2927
5200,1774012675934597261,1774012675938045629,3448
5201,1774012675939721610,1774012675943196752,3475
5202,1774012675944822144,1774012675948382287,3560
5203,1774012675950065446,1774012675953013926,2948
5204,1774012675954708133,1774012675958205159,3497
5205,1774012675959857302,1774012675963368093,3510
5206,1774012675965024139,1774012675967847043,2822
5207,1774012675969579197,1774012675973015770,3436
5208,1774012675974638261,1774012675978221761,3583
5209,1774012675980000038,1774012675983518570,3518
5210,1774012675985194533,1774012675988627312,3432
5211,1774012675990277418,1774012675993613061,3335
5212,1774012675995316263,1774012675999058173,3741
5213,1774012676000842353,1774012676004643287,3800
5214,1774012676006138849,1774012676009215710,3076
5215,1774012676010849681,1774012676013657678,2807
5216,1774012676015208361,1774012676018406339,3197
5217,1774012676019820011,1774012676022372284,2552
5218,1774012676024013249,1774012676027254858,3241
5219,1774012676028830606,1774012676032108417,3277
5220,1774012676033720406,1774012676037293460,3573
5221,1774012676038905992,1774012676042335126,3429
5222,1774012676043923983,1774012676047397390,3473
5223,1774012676048962103,1774012676051791805,2829
5224,1774012676053353909,1774012676056277838,2923
5225,1774012676057811125,1774012676061242739,3431
5226,1774012676062971903,1774012676066272402,3300
5227,1774012676067877562,1774012676071037215,3159
5228,1774012676072753319,1774012676075833070,3079
5229,1774012676077607136,1774012676080740116,3132
5230,1774012676082614340,1774012676086060065,3445
5231,1774012676087746444,1774012676091342578,3596
5232,1774012676093008587,1774012676096488259,3479
5233,1774012676098155964,1774012676101055132,2899
5234,1774012676102857010,1774012676106221013,3364
5235,1774012676107862044,1774012676111332080,3470
5236,1774012676112984817,1774012676116045784,3060
5237,1774012676117900522,1774012676121038255,3137
5238,1774012676122897011,1774012676126703022,3806
5239,1774012676128355870,1774012676131911302,3555
5240,1774012676133635225,1774012676137162649,3527
5241,1774012676138755009,1774012676141253239,2498
5242,1774012676142756691,1774012676145728210,2971
5243,1774012676147294416,1774012676150845811,3551
5244,1774012676152478868,1774012676155323904,2845
5245,1774012676156904971,1774012676159434707,2529
5246,1774012676160994483,1774012676163892760,2898
5247,1774012676165527156,1774012676168153135,2625
5248,1774012676169758408,1774012676173098591,3340
5249,1774012676174678584,1774012676177517130,2838
5250,1774012676179276593,1774012676182700390,3423
5251,1774012676184347908,1774012676187564499,3216
5252,1774012676189301255,1774012676191952444,2651
5253,1774012676193567463,1774012676197055173,3487
5254,1774012676198776060,1774012676201887650,3111
5255,1774012676203671098,1774012676207162789,3491
5256,1774012676208831926,1774012676211882872,3050
5257,1774012676213745887,1774012676217226435,3480
5258,1774012676218991922,1774012676222497600,3505
5259,1774012676224124886,1774012676227530096,3405
5260,1774012676229162282,1774012676232127631,2965
5261,1774012676233834197,1774012676237204120,3369
5262,1774012676238938656,1774012676242458265,3519
5263,1774012676244212235,1774012676247669562,3457
5264,1774012676249509518,1774012676252626737,3117
5265,1774012676254358004,1774012676258147862,3789
5266,1774012676259970612,1774012676263437655,3467
5267,1774012676265276896,1774012676268264324,2987
5268,1774012676269944787,1774012676272866356,2921
5269,1774012676274590419,1774012676277683000,3092
5270,1774012676279233212,1774012676282098857,2865
5271,1774012676283779876,1774012676286709734,2929
5272,1774012676288192048,1774012676291055525,2863
5273,1774012676292537958,1774012676295058598,2520
5274,1774012676296628667,1774012676299237494,2608
5275,1774012676300643214,1774012676303545917,2902
5276,1774012676305062051,1774012676308330837,3268
5277,1774012676309974141,1774012676313607180,3633
5278,1774012676315461056,1774012676318545820,3084
5279,1774012676320237690,1774012676323669568,3431
5280,1774012676325271682,1774012676328540859,3269
5281,1774012676330351607,1774012676333746585,3394
5282,1774012676335398882,1774012676338238490,2839
5283,1774012676340152043,1774012676343747267,3595
5284,1774012676345433075,1774012676348639423,3206
5285,1774012676350363476,1774012676353538738,3175
5286,1774012676355387534,1774012676358154550,2767
5287,1774012676359846083,1774012676363341267,3495
5288,1774012676365267625,1774012676368568481,3300
5289,1774012676370171634,1774012676373474047,3302
5290,1774012676375104734,1774012676378447550,3342
5291,1774012676380097863,1774012676383623380,3525
5292,1774012676385299553,1774012676388905028,3605
5293,1774012676390620828,1774012676393841645,3220
5294,1774012676395824965,1774012676399035441,3210
5295,1774012676400823970,1774012676404023025,3199
5296,1774012676405774641,1774012676409356186,3581
5297,1774012676410987348,1774012676414023541,3036
5298,1774012676415862127,1774012676419406656,3544
5299,1774012676421255156,1774012676424576986,3321
5300,1774012676425953009,1774012676429240393,3287
5301,1774012676430932426,1774012676434538032,3605
5302,1774012676436286121,1774012676440047719,3761
5303,1774012676441533934,1774012676444845150,3311
5304,1774012676446445051,1774012676449546733,3101
5305,1774012676451117534,1774012676453989447,2871
5306,1774012676455768263,1774012676459182774,3414
5307,1774012676460914625,1774012676464515260,3600
5308,1774012676466271071,1774012676469694346,3423
5309,1774012676471354665,1774012676474616370,3261
5310,1774012676476268669,1774012676479182526,2913
5311,1774012676480921735,1774012676484440199,3518
5312,1774012676486111180,1774012676489199559,3088
5313,1774012676491255848,1774012676494758933,3503
5314,1774012676496405595,1774012676499724909,3319
5315,1774012676501362169,1774012676504711719,3349
5316,1774012676506329073,1774012676509627697,3298
5317,1774012676511384358,1774012676514678326,3293
5318,1774012676516362135,1774012676519538148,3176
5319,1774012676521146102,1774012676524457096,3310
5320,1774012676526066444,1774012676529030800,2964
5321,1774012676530677002,1774012676533905704,3228
5322,1774012676535614108,1774012676539678062,4063
5323,1774012676541404064,1774012676544922221,3518
5324,1774012676546625458,1774012676550016278,3390
5325,1774012676551708787,1774012676555251507,3542
5326,1774012676556957772,1774012676559871755,2913
5327,1774012676561453622,1774012676564640071,3186
5328,1774012676566345984,1774012676568957038,2611
5329,1774012676570632172,1774012676574265000,3632
5330,1774012676575612945,1774012676578399529,2786
5331,1774012676580166745,1774012676583706045,3539
5332,1774012676585321177,1774012676588680284,3359
5333,1774012676590246556,1774012676593198787,2952
5334,1774012676594885388,1774012676598507427,3622
5335,1774012676600164541,1774012676603723133,3558
5336,1774012676605361777,1774012676608590262,3228
5337,1774012676610218327,1774012676612996637,2778
5338,1774012676614872638,1774012676618376941,3504
5339,1774012676620012213,1774012676623525759,3513
5340,1774012676625269880,1774012676628239566,2969
5341,1774012676630155954,1774012676633712238,3556
5342,1774012676635608954,1774012676639069204,3460
5343,1774012676640948212,1774012676644523648,3575
5344,1774012676646171822,1774012676649229518,3057
5345,1774012676651017000,1774012676654504949,3487
5346,1774012676656188463,1774012676659666897,3478
5347,1774012676661583031,1774012676664671828,3088
5348,1774012676666381016,1774012676669557513,3176
5349,1774012676671376782,1774012676674348450,2971
5350,1774012676676041478,1774012676679489953,3448
5351,1774012676681179843,1774012676684754151,3574
5352,1774012676686455777,1774012676689852160,3396
5353,1774012676691589619,1774012676695059124,3469
5354,1774012676696557460,1774012676699097906,2540
5355,1774012676700684838,1774012676704282143,3597
5356,1774012676705975354,1774012676708878312,2902
5357,1774012676710452682,1774012676713366558,2913
5358,1774012676714945760,1774012676718354422,3408
5359,1774012676719963969,1774012676723253177,3289
5360,1774012676724808235,1774012676728058359,3250
5361,1774012676729637315,1774012676732739442,3102
5362,1774012676734302205,1774012676737725431,3423
5363,1774012676739284682,1774012676743015994,3731
5364,1774012676744617099,1774012676747980462,3363
5365,1774012676749585963,1774012676752629069,3043
5366,1774012676754316820,1774012676757106222,2789
5367,1774012676758720478,1774012676762251872,3531
5368,1774012676764135732,1774012676767806717,3670
5369,1774012676769428818,1774012676772764069,3335
5370,1774012676774497919,1774012676777953277,3455
5371,1774012676779659706,1774012676782872849,3213
5372,1774012676784541625,1774012676788347714,3806
5373,1774012676790232205,1774012676793194172,2961
5374,1774012676794865461,1774012676797851516,2986
5375,1774012676799689632,1774012676803374108,3684
5376,1774012676805074833,1774012676808502804,3427
5377,1774012676810166883,1774012676812987884,2821
5378,1774012676814673845,1774012676818313158,3639
5379,1774012676820105756,1774012676823599963,3494
5380,1774012676825366545,1774012676828845807,3479
5381,1774012676830577928,1774012676834256526,3678
5382,1774012676835730411,1774012676838651752,2921
5383,1774012676840085578,1774012676842892498,2806
5384,1774012676844610450,1774012676847507393,2896
5385,1774012676849077395,1774012676852687353,3609
5386,1774012676854183586,1774012676857494190,3310
5387,1774012676859096927,1774012676862386017,3289
5388,1774012676863945080,1774012676866878538,2933
5389,1774012676868616254,1774012676871899990,3283
5390,1774012676873611069,1774012676877401894,3790
5391,1774012676879206879,1774012676882830007,3623
5392,1774012676884714558,1774012676887871944,3157
5393,1774012676889748253,1774012676893201123,3452
5394,1774012676894979915,1774012676898034539,3054
5395,1774012676899959795,1774012676902978131,3018
5396,1774012676904822465,1774012676907820147,2997
5397,1774012676909528543,1774012676913132414,3603
5398,1774012676914860454,1774012676918532535,3672
5399,1774012676920193967,1774012676923739017,3545
5400,1774012676925591287,1774012676929049184,3457
5401,1774012676930791201,1774012676934252352,3461
5402,1774012676936012104,1774012676939063460,3051
5403,1774012676940772565,1774012676944205444,3432
5404,1774012676945862722,1774012676948970138,3107
5405,1774012676950603642,1774012676954088702,3485
5406,1774012676955793811,1774012676959189748,3395
5407,1774012676960862435,1774012676963687785,2825
5408,1774012676965447896,1774012676968281332,2833
5409,1774012676969916300,1774012676972632698,2716
5410,1774012676974226940,1774012676977316639,3089
5411,1774012676979031172,1774012676981973642,2942
5412,1774012676983533080,1774012676986425135,2892
5413,1774012676988004531,1774012676990880248,2875
5414,1774012676992438147,1774012676995003529,2565
5415,1774012676996751609,1774012676999674951,2923
5416,1774012677001377992,1774012677004897005,3519
5417,1774012677006469289,1774012677009698909,3229
5418,1774012677011368090,1774012677014556321,3188
5419,1774012677016254739,1774012677019668456,3413
5420,1774012677021461842,1774012677024946437,3484
5421,1774012677026785542,1774012677030216053,3430
5422,1774012677032186094,1774012677035671460,3485
5423,1774012677037373238,1774012677041406629,4033
5424,1774012677043204791,1774012677046097058,2892
5425,1774012677047770162,1774012677051353672,3583
5426,1774012677053022366,1774012677056650714,3628
5427,1774012677058520841,1774012677061889671,3368
5428,1774012677063563860,1774012677067039169,3475
5429,1774012677068795323,1774012677072361542,3566
5430,1774012677074133393,1774012677077508969,3375
5431,1774012677079225805,1774012677082692247,3466
5432,1774012677084433690,1774012677087725473,3291
5433,1774012677089446065,1774012677092865242,3419
5434,1774012677094525911,1774012677098128993,3603
5435,1774012677099743007,1774012677102863069,3120
5436,1774012677104550076,1774012677107145129,2595
5437,1774012677108775898,1774012677111746381,2970
5438,1774012677113354203,1774012677116788729,3434
5439,1774012677118262471,1774012677120792875,2530
5440,1774012677122215099,1774012677125368027,3152
5441,1774012677126994720,1774012677129756241,2761
5442,1774012677131300473,1774012677134932506,3632
5443,1774012677136504058,1774012677140107644,3603
5444,1774012677141796027,1774012677145140844,3344
5445,1774012677146851564,1774012677149769132,2917
5446,1774012677151379373,1774012677154691991,3312
5447,1774012677156311916,1774012677159869930,3558
5448,1774012677161523676,1774012677164983185,3459
5449,1774012677166730473,1774012677170108058,3377
5450,1774012677171793916,1774012677175107927,3314
5451,1774012677176923436,1774012677180092400,3168
5452,1774012677181765917,1774012677184960087,3194
5453,1774012677186643039,1774012677189712500,3069
5454,1774012677191448878,1774012677194925705,3476
5455,1774012677196663866,1774012677200134034,3470
5456,1774012677201779609,1774012677205120104,3340
5457,1774012677206720623,1774012677209750854,3030
5458,1774012677211460248,1774012677214635147,3174
5459,1774012677216349349,1774012677219655180,3305
5460,1774012677221222324,1774012677224550593,3328
5461,1774012677226364110,1774012677229977451,3613
5462,1774012677231711321,1774012677235269637,3558
5463,1774012677236874914,1774012677239874480,2999
5464,1774012677241417398,1774012677244090696,2673
5465,1774012677245677898,1774012677249292049,3614
5466,1774012677251025363,1774012677253593578,2568
5467,1774012677255189698,1774012677258661717,3472
5468,1774012677260091752,1774012677263555709,3463
5469,1774012677265127456,1774012677267876784,2749
5470,1774012677269418903,1774012677272204052,2785
5471,1774012677273874764,1774012677276870349,2995
5472,1774012677278551410,1774012677281915694,3364
5473,1774012677283556065,1774012677286687252,3131
5474,1774012677288456271,1774012677291311632,2855
5475,1774012677293026802,1774012677296453483,3426
5476,1774012677298280214,1774012677301027765,2747
5477,1774012677302738694,1774012677306186104,3447
5478,1774012677307817117,1774012677310848649,3031
5479,1774012677312701860,1774012677316102812,3400
5480,1774012677317797612,1774012677321412902,3615
5481,1774012677323238088,1774012677326617611,3379
5482,1774012677328472033,1774012677331974428,3502
5483,1774012677333822382,1774012677337405455,3583
5484,1774012677339080646,1774012677342652176,3571
5485,1774012677344478002,1774012677348287614,3809
5486,1774012677349951115,1774012677353056640,3105
5487,1774012677354820893,1774012677358354208,3533
5488,1774012677360072265,1774012677363676885,3604
5489,1774012677365258864,1774012677368816746,3557
5490,1774012677370432230,1774012677373272764,2840
5491,1774012677374809864,1774012677378379204,3569
5492,1774012677379865400,1774012677382403131,2537
5493,1774012677383817589,1774012677387263483,3445
5494,1774012677388299365,1774012677391035470,2736
5495,1774012677392465094,1774012677395142697,2677
5496,1774012677396536558,1774012677400030818,3494
5497,1774012677401661674,1774012677404986261,3324
5498,1774012677406637389,1774012677410026128,3388
5499,1774012677411568705,1774012677414999167,3430
5500,1774012677416664854,1774012677419974403,3309
5501,1774012677421734867,1774012677425180684,3445
5502,1774012677426932893,1774012677430502105,3569
5503,1774012677432182576,1774012677435650170,3467
5504,1774012677437351152,1774012677440606690,3255
5505,1774012677442518126,1774012677446165200,3647
5506,1774012677447916244,1774012677451271299,3355
5507,1774012677453125354,1774012677456669845,3544
5508,1774012677458416188,1774012677461849891,3433
5509,1774012677463601739,1774012677466812736,3210
5510,1774012677468568349,1774012677472121095,3552
5511,1774012677473802847,1774012677477412587,3609
5512,1774012677479046853,1774012677482376902,3330
5513,1774012677484031135,1774012677487441775,3410
5514,1774012677489202896,1774012677492789949,3587
5515,1774012677494494060,1774012677497906816,3412
5516,1774012677499740906,1774012677502753542,3012
5517,1774012677504137670,1774012677507765026,3627
5518,1774012677509233067,1774012677511927209,2694
5519,1774012677513720105,1774012677516824003,3103
5520,1774012677518582062,1774012677521438913,2856
5521,1774012677523188070,1774012677526778957,3590
5522,1774012677528433052,1774012677531126262,2693
5523,1774012677532781013,1774012677535468468,2687
5524,1774012677537159129,1774012677539942619,2783
5525,1774012677541488588,1774012677544324167,2835
5526,1774012677545975735,1774012677549458856,3483
5527,1774012677551109804,1774012677554572795,3462
5528,1774012677556266580,1774012677559444924,3178
5529,1774012677561093142,1774012677564230625,3137
5530,1774012677565927784,1774012677569474175,3546
5531,1774012677571238558,1774012677574789590,3551
5532,1774012677576480444,1774012677579779866,3299
5533,1774012677581508510,1774012677584976982,3468
5534,1774012677586735461,1774012677590428936,3693
5535,1774012677592066396,1774012677595448718,3382
5536,1774012677597151916,1774012677600554310,3402
5537,1774012677602403787,1774012677605285611,2881
5538,1774012677606925425,1774012677610419932,3494
5539,1774012677612111249,1774012677615510173,3398
5540,1774012677617143009,1774012677620561311,3418
5541,1774012677622407751,1774012677625778662,3370
5542,1774012677627494666,1774012677631115433,3620
5543,1774012677632756938,1774012677635779423,3022
5544,1774012677637501816,1774012677640455628,2953
5545,1774012677642221018,1774012677645893498,3672
5546,1774012677647561199,1774012677651256213,3695
5547,1774012677652872481,1774012677656172997,3300
5548,1774012677657887537,1774012677660668023,2780
5549,1774012677662318581,1774012677665574527,3255
5550,1774012677667355174,1774012677670758341,3403
5551,1774012677671938711,1774012677674944141,3005
5552,1774012677676702961,1774012677680262091,3559
5553,1774012677681910485,1774012677684955365,3044
5554,1774012677686640707,1774012677690082094,3441
5555,1774012677691862825,1774012677695341730,3478
5556,1774012677697130909,1774012677700481457,3350
5557,1774012677702196763,1774012677705555555,3358
5558,1774012677707272459,1774012677710018915,2746
5559,1774012677711691422,1774012677715127271,3435
5560,1774012677716815838,1774012677719985625,3169
5561,1774012677721740840,1774012677725275040,3534
5562,1774012677726919049,1774012677730303178,3384
5563,1774012677732010748,1774012677734827084,2816
5564,1774012677736497934,1774012677739970651,3472
5565,1774012677741744553,1774012677745519706,3775
5566,1774012677747222456,1774012677750547274,3324
5567,1774012677752212003,1774012677755629111,3417
5568,1774012677757252061,1774012677760661589,3409
5569,1774012677762336328,1774012677765649015,3312
5570,1774012677767308867,1774012677770873855,3564
5571,1774012677772630738,1774012677776242767,3612
5572,1774012677777905521,1774012677781312686,3407
5573,1774012677783026392,1774012677786687333,3660
5574,1774012677788395481,1774012677791450961,3055
5575,1774012677792979878,1774012677796040610,3060
5576,1774012677797817812,1774012677801398251,3580
5577,1774012677802944630,1774012677806414345,3469
5578,1774012677808038185,1774012677811484250,3446
5579,1774012677813100815,1774012677816043003,2942
5580,1774012677817838411,1774012677821030934,3192
5581,1774012677822762167,1774012677826371702,3609
5582,1774012677828408490,1774012677831990106,3581
5583,1774012677833759140,1774012677837361777,3602
5584,1774012677839025216,1774012677842048709,3023
5585,1774012677843824716,1774012677846872168,3047
5586,1774012677848575187,1774012677852361692,3786
5587,1774012677854020013,1774012677857162303,3142
5588,1774012677858828173,1774012677862202848,3374
5589,1774012677863956135,1774012677867480334,3524
5590,1774012677869191186,1774012677872721459,3530
5591,1774012677874333456,1774012677877589484,3256
5592,1774012677879280980,1774012677882277034,2996
5593,1774012677884010638,1774012677887514010,3503
5594,1774012677889380136,1774012677892859713,3479
5595,1774012677894632909,1774012677898050780,3417
5596,1774012677899697687,1774012677902908763,3211
5597,1774012677904882066,1774012677908107870,3225
5598,1774012677909752145,1774012677913345004,3592
5599,1774012677914981175,1774012677918530279,3549
5600,1774012677920176774,1774012677923641052,3464
5601,1774012677925366037,1774012677928770395,3404
5602,1774012677930174437,1774012677933558818,3384
5603,1774012677934867312,1774012677937477392,2610
5604,1774012677938995896,1774012677941963430,2967
5605,1774012677943589637,1774012677946604437,3014
5606,1774012677948191760,1774012677951450486,3258
5607,1774012677953169723,1774012677956205216,3035
5608,1774012677957802457,1774012677960940918,3138
5609,1774012677962627647,1774012677965751489,3123
5610,1774012677967524115,1774012677970338561,2814
5611,1774012677972016430,1774012677975441421,3424
5612,1774012677977163110,1774012677980588909,3425
5613,1774012677982368719,1774012677985768768,3400
5614,1774012677987924214,1774012677991531269,3607
5615,1774012677993350553,1774012677996719253,3368
5616,1774012677998611458,1774012678001787287,3175
5617,1774012678003519539,1774012678006701726,3182
5618,1774012678008468523,1774012678012015631,3547
5619,1774012678013780700,1774012678017679921,3899
5620,1774012678019411053,1774012678022827575,3416
5621,1774012678024454672,1774012678027159459,2704
5622,1774012678028745155,1774012678031859689,3114
5623,1774012678033437320,1774012678036919241,3481
5624,1774012678038679016,1774012678042035812,3356
5625,1774012678043688984,1774012678047129313,3440
5626,1774012678048650002,1774012678051706973,3056
5627,1774012678053347396,1774012678056147360,2799
5628,1774012678057772995,1774012678060442772,2669
5629,1774012678062034716,1774012678065544976,3510
5630,1774012678067344492,1774012678070917974,3573
5631,1774012678072513521,1774012678075439123,2925
5632,1774012678076932971,1774012678079692241,2759
5633,1774012678080857740,1774012678083738933,2881
5634,1774012678085345990,1774012678088036589,2690
5635,1774012678089803063,1774012678093142952,3339
5636,1774012678094803492,1774012678098393618,3590
5637,1774012678100278897,1774012678103498031,3219
5638,1774012678105170449,1774012678108426162,3255
5639,1774012678110036290,1774012678113380642,3344
5640,1774012678115103374,1774012678118459911,3356
5641,1774012678120170184,1774012678123470019,3299
5642,1774012678125109731,1774012678127905165,2795
5643,1774012678129753774,1774012678133028913,3275
5644,1774012678134861075,1774012678138407729,3546
5645,1774012678140191621,1774012678143682422,3490
5646,1774012678145338676,1774012678149042132,3703
5647,1774012678150701377,1774012678154434768,3733
5648,1774012678156376565,1774012678159780019,3403
5649,1774012678161610671,1774012678164806459,3195
5650,1774012678166598744,1774012678169919644,3320
5651,1774012678171617901,1774012678175206981,3589
5652,1774012678176993533,1774012678180520199,3526
5653,1774012678182234794,1774012678185133512,2898
5654,1774012678186779940,1774012678189863136,3083
5655,1774012678191470069,1774012678195057895,3587
5656,1774012678196511963,1774012678199666405,3154
5657,1774012678201273899,1774012678204197094,2923
5658,1774012678205858764,1774012678208711518,2852
5659,1774012678210328694,1774012678213709271,3380
5660,1774012678215086884,1774012678218569198,3482
5661,1774012678220311465,1774012678223455524,3144
5662,1774012678225048906,1774012678228510246,3461
5663,1774012678230192717,1774012678233083734,2891
5664,1774012678234737772,1774012678237875143,3137
5665,1774012678239687843,1774012678243091300,3403
5666,1774012678244864039,1774012678248186899,3322
5667,1774012678249827214,1774012678252768415,2941
5668,1774012678254467195,1774012678258006245,3539
5669,1774012678259683232,1774012678262857731,3174
5670,1774012678264559846,1774012678268064956,3505
5671,1774012678269802382,1774012678273026608,3224
5672,1774012678274835062,1774012678278380135,3545
5673,1774012678280224401,1774012678283740475,3516
5674,1774012678285526910,1774012678288948523,3421
5675,1774012678290676725,1774012678294174948,3498
5676,1774012678295836280,1774012678299242986,3406
5677,1774012678300907451,1774012678304340196,3432
5678,1774012678305943782,1774012678309215317,3271
5679,1774012678310921295,1774012678314407094,3485
5680,1774012678316202962,1774012678319594706,3391
5681,1774012678321199799,1774012678324357883,3158
5682,1774012678326095437,1774012678328861526,2766
5683,1774012678330475792,1774012678333877503,3401
5684,1774012678335232585,1774012678338544287,3311
5685,1774012678339881575,1774012678342481445,2599
5686,1774012678344119214,1774012678347056250,2937
5687,1774012678348529230,1774012678351649554,3120
5688,1774012678353178173,1774012678355849780,2671
5689,1774012678357363187,1774012678360424489,3061
5690,1774012678361984716,1774012678364790628,2805
5691,1774012678366432694,1774012678369769118,3336
5692,1774012678371432408,1774012678374850644,3418
5693,1774012678376588324,1774012678380072178,3483
5694,1774012678381640242,1774012678384725649,3085
5695,1774012678386545491,1774012678390048310,3502
5696,1774012678391740426,1774012678395131802,3391
5697,1774012678396988980,1774012678400352022,3363
5698,1774012678402022740,1774012678405492882,3470
5699,1774012678407164504,1774012678410595562,3431
5700,1774012678412369347,1774012678415842331,3472
5701,1774012678417570433,1774012678420889968,3319
5702,1774012678422591910,1774012678426206501,3614
5703,1774012678427861303,1774012678431388298,3526
5704,1774012678433064758,1774012678436590751,3525
5705,1774012678438318860,1774012678441680012,3361
5706,1774012678443480779,1774012678447094208,3613
5707,1774012678448757879,1774012678452249261,3491
5708,1774012678453915948,1774012678457478723,3562
5709,1774012678459167766,1774012678461991519,2823
5710,1774012678463700726,1774012678466533804,2833
5711,1774012678468231128,1774012678471550900,3319
5712,1774012678473375175,1774012678476185955,2810
5713,1774012678477863813,1774012678480584406,2720
5714,1774012678481871869,1774012678484567048,2695
5715,1774012678486243357,1774012678489785639,3542
5716,1774012678491306159,1774012678494501130,3194
5717,1774012678496142312,1774012678499031080,2888
5718,1774012678500654526,1774012678504071238,3416
5719,1774012678505635230,1774012678509104884,3469
5720,1774012678510841398,1774012678514261103,3419
5721,1774012678515915677,1774012678519330744,3415
5722,1774012678520965447,1774012678524382870,3417
5723,1774012678526086656,1774012678529008364,2921
5724,1774012678530691749,1774012678534009644,3317
5725,1774012678535743002,1774012678539230482,3487
5726,1774012678540872581,1774012678544317249,3444
5727,1774012678546180804,1774012678549962513,3781
5728,1774012678551772081,1774012678555311433,3539
5729,1774012678557176880,1774012678560587568,3410
5730,1774012678562313586,1774012678565149795,2836
5731,1774012678566811394,1774012678570176568,3365
5732,1774012678571823958,1774012678574872379,3048
5733,1774012678576581430,1774012678580160209,3578
5734,1774012678581723140,1774012678585067935,3344
5735,1774012678586749932,1774012678590133940,3384
5736,1774012678591834079,1774012678595516059,3681
5737,1774012678597221091,1774012678600368112,3147
5738,1774012678601954888,1774012678604939335,2984
5739,1774012678606709054,1774012678610286895,3577
5740,1774012678611934398,1774012678615485509,3551
5741,1774012678616757591,1774012678620317589,3559
5742,1774012678621879712,1774012678624953506,3073
5743,1774012678626651447,1774012678630004043,3352
5744,1774012678631511652,1774012678635121425,3609
5745,1774012678636803048,1774012678640371779,3568
5746,1774012678642006035,1774012678645075161,3069
5747,1774012678646901679,1774012678650515833,3614
5748,1774012678652209136,1774012678655540391,3331
5749,1774012678657370540,1774012678660638344,3267
5750,1774012678662380059,1774012678665851137,3471
5751,1774012678667671836,1774012678671037518,3365
5752,1774012678672787424,1774012678676214208,3426
5753,1774012678677960403,1774012678681415713,3455
5754,1774012678683073557,1774012678686536526,3462
5755,1774012678688219866,1774012678691147940,2928
5756,1774012678692882967,1774012678696367896,3484
5757,1774012678698002232,1774012678701424012,3421
5758,1774012678703120367,1774012678706080802,2960
5759,1774012678707879089,1774012678711526748,3647
5760,1774012678713173956,1774012678716840546,3666
5761,1774012678718525143,1774012678722049336,3524
5762,1774012678723712648,1774012678727009644,3296
5763,1774012678728833992,1774012678732302541,3468
5764,1774012678734112305,1774012678737693118,3580
5765,1774012678739403230,1774012678742315420,2912
5766,1774012678743842838,1774012678747409493,3566
5767,1774012678749114377,1774012678751848640,2734
5768,1774012678753205847,1774012678756394991,3189
5769,1774012678757823923,1774012678760432755,2608
5770,1774012678762080069,1774012678764836373,2756
5771,1774012678766400112,1774012678769041583,2641
5772,1774012678770592946,1774012678774127571,3534
5773,1774012678775735195,1774012678778564553,2829
5774,1774012678780188622,1774012678782998949,2810
5775,1774012678784692534,1774012678788345542,3653
5776,1774012678789983854,1774012678793466740,3482
5777,1774012678795184405,1774012678798696272,3511
5778,1774012678800458959,1774012678803635953,3176
5779,1774012678805379018,1774012678808627354,3248
5780,1774012678810326406,1774012678813845720,3519
5781,1774012678815700945,1774012678818900001,3199
5782,1774012678820746125,1774012678824182520,3436
5783,1774012678825826863,1774012678828956747,3129
5784,1774012678830596661,1774012678834163739,3567
5785,1774012678835861051,1774012678839378249,3517
5786,1774012678841134607,1774012678844475768,3341
5787,1774012678846192202,1774012678849636629,3444
5788,1774012678851441590,1774012678854414416,2972
5789,1774012678856284918,1774012678859958446,3673
5790,1774012678861798357,1774012678865313692,3515
5791,1774012678866972798,1774012678870555452,3582
5792,1774012678872249078,1774012678876000644,3751
5793,1774012678877556533,1774012678881119348,3562
5794,1774012678882791765,1774012678885552410,2760
5795,1774012678887196463,1774012678890736046,3539
5796,1774012678892339515,1774012678895206734,2867
5797,1774012678896778630,1774012678900067527,3288
5798,1774012678901534638,1774012678904257935,2723
5799,1774012678905850882,1774012678908718726,2867
5800,1774012678910244317,1774012678913411516,3167
5801,1774012678914988741,1774012678918490979,3502
5802,1774012678920186419,1774012678923116852,2930
5803,1774012678924860926,1774012678928290538,3429
5804,1774012678929974255,1774012678933368462,3394
5805,1774012678935014815,1774012678938319614,3304
5806,1774012678939982635,1774012678943420786,3438
5807,1774012678945059455,1774012678948457000,3397
5808,1774012678950279607,1774012678953626322,3346
5809,1774012678955323670,1774012678958673521,3349
5810,1774012678960353079,1774012678963359001,3005
5811,1774012678964995712,1774012678968535327,3539
5812,1774012678970198702,1774012678973692365,3493
5813,1774012678975357976,1774012678978773248,3415
5814,1774012678980454323,1774012678983363236,2908
5815,1774012678985053403,1774012678988208030,3154
5816,1774012678989947326,1774012678993034445,3087
5817,1774012678994751278,1774012678998316921,3565
5818,1774012678999935185,1774012679003557142,3621
5819,1774012679005371489,1774012679008604049,3232
5820,1774012679010406824,1774012679013982684,3575
5821,1774012679015391680,1774012679018218409,2826
5822,1774012679019715651,1774012679022812866,3097
5823,1774012679024511419,1774012679028021128,3509
5824,1774012679029623637,1774012679032313636,2689
5825,1774012679033978407,1774012679037456624,3478
5826,1774012679039104374,1774012679041979550,2875
5827,1774012679043742506,1774012679047143568,3401
5828,1774012679048806469,1774012679052343608,3537
5829,1774012679054031069,1774012679057577696,3546
5830,1774012679059327342,1774012679062837980,3510
5831,1774012679064591702,1774012679067935436,3343
5832,1774012679069621892,1774012679072906909,3285
5833,1774012679074604905,1774012679078088495,3483
5834,1774012679079925357,1774012679083585849,3660
5835,1774012679085250293,1774012679088211208,2960
5836,1774012679089935090,1774012679093169532,3234
5837,1774012679094925361,1774012679098400175,3474
5838,1774012679100102607,1774012679103546098,3443
5839,1774012679105217134,1774012679108461419,3244
5840,1774012679110214091,1774012679113616684,3402
5841,1774012679115420700,1774012679118965820,3545
5842,1774012679120826010,1774012679123842453,3016
5843,1774012679125507997,1774012679128824553,3316
5844,1774012679130574548,1774012679134158590,3584
5845,1774012679136027463,1774012679139350434,3322
5846,1774012679140971242,1774012679144635899,3664
5847,1774012679146131192,1774012679149057246,2926
5848,1774012679150760822,1774012679154294630,3533
5849,1774012679155817002,1774012679159192330,3375
5850,1774012679160881826,1774012679163925106,3043
5851,1774012679165571549,1774012679168303693,2732
5852,1774012679170047606,1774012679173376496,3328
5853,1774012679175109379,1774012679178583648,3474
5854,1774012679180184009,1774012679183749377,3565
5855,1774012679185412881,1774012679188158043,2745
5856,1774012679189949393,1774012679192972506,3023
5857,1774012679194582446,1774012679197708682,3126
5858,1774012679199475879,1774012679202975336,3499
5859,1774012679204615104,1774012679208104432,3489
5860,1774012679210028939,1774012679213531011,3502
5861,1774012679215259076,1774012679218864127,3605
5862,1774012679220697394,1774012679224165386,3467
5863,1774012679225817894,1774012679228916151,3098
5864,1774012679230824553,1774012679234517006,3692
5865,1774012679236480884,1774012679240095449,3614
5866,1774012679241790383,1774012679245160061,3369
5867,1774012679246928837,1774012679250526599,3597
5868,1774012679252376214,1774012679255908051,3531
5869,1774012679257596391,1774012679260827827,3231
5870,1774012679262696914,1774012679265908168,3211
5871,1774012679274245854,1774012679277882689,3636
5872,1774012679279392497,1774012679283048050,3655
5873,1774012679284755878,1774012679287504735,2748
5874,1774012679292685730,1774012679296195188,3509
5875,1774012679297832126,1774012679301364973,3532
5876,1774012679303082641,1774012679306450663,3368
5877,1774012679308080653,1774012679311728797,3648
5878,1774012679313463236,1774012679316122113,2658
5879,1774012679317397529,1774012679320966358,3568
5880,1774012679322581344,1774012679325895214,3313
5881,1774012679327489488,1774012679331063454,3573
5882,1774012679332730290,1774012679336155931,3425
5883,1774012679337924934,1774012679341508858,3583
5884,1774012679343424890,1774012679346939054,3514
5885,1774012679348695082,1774012679351890582,3195
5886,1774012679353820752,1774012679357350606,3529
5887,1774012679358974098,1774012679362062114,3088
5888,1774012679363935755,1774012679367532261,3596
5889,1774012679369218540,1774012679372577739,3359
5890,1774012679374411453,1774012679377655570,3244
5891,1774012679379546159,1774012679383072810,3526
5892,1774012679384746531,1774012679387992685,3246
5893,1774012679389741785,1774012679392883938,3142
5894,1774012679394629885,1774012679398216200,3586
5895,1774012679399994581,1774012679402925415,2930
5896,1774012679404676588,1774012679408099950,3423
5897,1774012679409934621,1774012679413551556,3616
5898,1774012679415318344,1774012679418968270,3649
5899,1774012679420545472,1774012679423943410,3397
5900,1774012679425611763,1774012679429115599,3503
5901,1774012679430667039,1774012679433809606,3142
5902,1774012679435468436,1774012679438163332,2694
5903,1774012679439875545,1774012679442734634,2859
5904,1774012679444171032,1774012679447433109,3262
5905,1774012679448889318,1774012679452429743,3540
5906,1774012679454138694,1774012679457788637,3649
5907,1774012679459361037,1774012679462108004,2746
5908,1774012679463756846,1774012679466870895,3114
5909,1774012679468609690,1774012679471897233,3287
5910,1774012679473666479,1774012679477231198,3564
5911,1774012679478883378,1774012679481668636,2785
5912,1774012679483435579,1774012679486678437,3242
5913,1774012679488322493,1774012679491093805,2771
5914,1774012679492830185,1774012679496340795,3510
5915,1774012679497991111,1774012679501357516,3366
5916,1774012679502998989,1774012679505935672,2936
5917,1774012679507829006,1774012679510922069,3093
5918,1774012679512805880,1774012679516580817,3774
5919,1774012679518348101,1774012679521581208,3233
5920,1774012679523384038,1774012679526622966,3238
5921,1774012679528341186,1774012679532065723,3724
5922,1774012679533809178,1774012679537053623,3244
5923,1774012679538903413,1774012679542520407,3616
5924,1774012679544189361,1774012679547074802,2885
5925,1774012679548979318,1774012679552124506,3145
5926,1774012679553849241,1774012679556864456,3015
5927,1774012679558737568,1774012679561884565,3146
5928,1774012679563574597,1774012679567327989,3753
5929,1774012679568794624,1774012679571196000,2401
5930,1774012679572839934,1774012679576495577,3655
5931,1774012679577977314,1774012679581384456,3407
5932,1774012679582947190,1774012679586210493,3263
5933,1774012679587603787,1774012679590470476,2866
5934,1774012679592045388,1774012679595276481,3231
5935,1774012679596846948,1774012679600180658,3333
5936,1774012679601890380,1774012679605248961,3358
5937,1774012679606987057,1774012679609891386,2904
5938,1774012679611547058,1774012679615061055,3513
5939,1774012679616709655,1774012679619820440,3110
5940,1774012679621657561,1774012679624832212,3174
5941,1774012679626730222,1774012679630414134,3683
5942,1774012679632068695,1774012679635034432,2965
5943,1774012679636832329,1774012679640376702,3544
5944,1774012679641989692,1774012679645455226,3465
5945,1774012679647207697,1774012679650195697,2988
5946,1774012679651873188,1774012679655312207,3439
5947,1774012679656975001,1774012679660048045,3073
5948,1774012679661864978,1774012679665361632,3496
5949,1774012679667185199,1774012679670743471,3558
5950,1774012679672482147,1774012679676043378,3561
5951,1774012679677735782,1774012679681291244,3555
5952,1774012679683181677,1774012679686657238,3475
5953,1774012679688493357,1774012679691680790,3187
5954,1774012679693365875,1774012679696212533,2846
5955,1774012679697829756,1774012679701246247,3416
5956,1774012679702744649,1774012679705792663,3048
5957,1774012679707283933,1774012679710561089,3277
5958,1774012679712196556,1774012679715517849,3321
5959,1774012679717100984,1774012679719778505,2677
5960,1774012679721007575,1774012679723591356,2583
5961,1774012679725140120,1774012679727887246,2747
5962,1774012679729466520,1774012679732608776,3142
5963,1774012679734149254,1774012679737674851,3525
5964,1774012679739203904,1774012679742683033,3479
5965,1774012679744460906,1774012679747854281,3393
5966,1774012679749302630,1774012679752886811,3584
5967,1774012679754490443,1774012679757557992,3067
5968,1774012679759309326,1774012679762782762,3473
5969,1774012679764467001,1774012679767523257,3056
5970,1774012679769213844,1774012679772525641,3311
5971,1774012679774193791,1774012679777518788,3324
5972,1774012679779142001,1774012679782574106,3432
5973,1774012679784264963,1774012679787735482,3470
5974,1774012679789442829,1774012679793050306,3607
5975,1774012679794807797,1774012679798356424,3548
5976,1774012679800070032,1774012679803411719,3341
5977,1774012679805357624,1774012679808511940,3154
5978,1774012679810346713,1774012679813312537,2965
5979,1774012679814961514,1774012679818441627,3480
5980,1774012679820207800,1774012679823964093,3756
5981,1774012679825708617,1774012679829229678,3521
5982,1774012679830890408,1774012679833846724,2956
5983,1774012679835595585,1774012679839175997,3580
5984,1774012679840888409,1774012679844102291,3213
5985,1774012679845895600,1774012679848982149,3086
5986,1774012679850709975,1774012679854253619,3543
5987,1774012679855857929,1774012679858911209,3053
5988,1774012679860541714,1774012679864215500,3673
5989,1774012679865913594,1774012679869442033,3528
5990,1774012679871388594,1774012679874896885,3508
5991,1774012679876719944,1774012679879858394,3138
5992,1774012679881629832,1774012679884906685,3276
5993,1774012679886651236,1774012679890033857,3382
5994,1774012679891803918,1774012679895054962,3251
5995,1774012679896872090,1774012679900333430,3461
5996,1774012679902382232,1774012679906110292,3728
5997,1774012679907825762,1774012679911522308,3696
5998,1774012679913196899,1774012679916363801,3166
5999,1774012679918061987,1774012679921508035,3446
6000,1774012679923182074,1774012679926569218,3387
6001,1774012679928380987,1774012679931144713,2763
6002,1774012679932811551,1774012679936129097,3317
6003,1774012679937774529,1774012679941463313,3688
6004,1774012679943082472,1774012679946412990,3330
6005,1774012679948022288,1774012679951365876,3343
6006,1774012679953132550,1774012679956059670,2927
6007,1774012679957693157,1774012679961023105,3329
6008,1774012679962724307,1774012679966151008,3426
6009,1774012679967800835,1774012679971318073,3517
6010,1774012679972917607,1774012679976264481,3346
6011,1774012679977900387,1774012679981463883,3563
6012,1774012679983087352,1774012679985979858,2892
6013,1774012679987693477,1774012679990792515,3099
6014,1774012679992468842,1774012679996063632,3594
6015,1774012679997771027,1774012680000850072,3079
6016,1774012680002414727,1774012680005422229,3007
6017,1774012680007101661,1774012680009796261,2694
6018,1774012680011529887,1774012680014697246,3167
6019,1774012680016452181,1774012680019895749,3443
6020,1774012680021506308,1774012680025031155,3524
6021,1774012680026860326,1774012680030041762,3181
6022,1774012680031673883,1774012680035492746,3818
6023,1774012680037206138,1774012680040521271,3315
6024,1774012680042131996,1774012680044971537,2839
6025,1774012680046591315,1774012680050044155,3452
6026,1774012680051722811,1774012680054942371,3219
6027,1774012680056536329,1774012680060314708,3778
6028,1774012680061928512,1774012680065540928,3612
6029,1774012680067230330,1774012680070663472,3433
6030,1774012680072311239,1774012680075477222,3165
6031,1774012680077137293,1774012680081010539,3873
6032,1774012680082841242,1774012680086481713,3640
6033,1774012680088332881,1774012680091400583,3067
6034,1774012680093007081,1774012680096673222,3666
6035,1774012680098454043,1774012680101775982,3321
6036,1774012680103538118,1774012680107015208,3477
6037,1774012680108725467,1774012680111866806,3141
6038,1774012680113564770,1774012680117231461,3666
6039,1774012680118850548,1774012680122237989,3387
6040,1774012680123649980,1774012680127144307,3494
6041,1774012680128563646,1774012680132134955,3571
6042,1774012680133720587,1774012680136393531,2672
6043,1774012680137916978,1774012680140938687,3021
6044,1774012680142641428,1774012680145792292,3150
6045,1774012680147381871,1774012680150340580,2958
6046,1774012680152232130,1774012680155785149,3553
6047,1774012680157492269,1774012680161165678,3673
6048,1774012680162863784,1774012680166558281,3694
6049,1774012680168412614,1774012680171912356,3499
6050,1774012680173770049,1774012680176800857,3030
6051,1774012680178568416,1774012680182144685,3576
6052,1774012680183806837,1774012680187245918,3439
6053,1774012680188870832,1774012680192358190,3487
6054,1774012680194056486,1774012680197543965,3487
6055,1774012680199225607,1774012680202825348,3599
6056,1774012680204568754,1774012680208087353,3518
6057,1774012680209825936,1774012680213279329,3453
6058,1774012680214956905,1774012680218591482,3634
6059,1774012680220235398,1774012680223153577,2918
6060,1774012680224692405,1774012680228093817,3401
6061,1774012680229857015,1774012680233543069,3686
6062,1774012680235177042,1774012680238519669,3342
6063,1774012680240184079,1774012680243125601,2941
6064,1774012680244912500,1774012680248478477,3565
6065,1774012680250028938,1774012680253441507,3412
6066,1774012680255059811,1774012680258613233,3553
6067,1774012680260381336,1774012680263989079,3607
6068,1774012680265553134,1774012680268357723,2804
6069,1774012680270196532,1774012680272884318,2687
6070,1774012680274459757,1774012680277027938,2568
6071,1774012680278727299,1774012680282119969,3392
6072,1774012680283828896,1774012680286873701,3044
6073,1774012680288521826,1774012680291204127,2682
6074,1774012680292774434,1774012680296250516,3476
6075,1774012680297862862,1774012680301442392,3579
6076,1774012680303263010,1774012680306456113,3193
6077,1774012680308204488,1774012680311199351,2994
6078,1774012680312823667,1774012680316206322,3382
6079,1774012680317866990,1774012680320902176,3035
6080,1774012680322568279,1774012680325639578,3071
6081,1774012680327302416,1774012680330873292,3570
6082,1774012680332599729,1774012680335656887,3057
6083,1774012680337429023,1774012680340219653,2790
6084,1774012680341902918,1774012680344882860,2979
6085,1774012680346667742,1774012680349787632,3119
6086,1774012680351472488,1774012680355024785,3552
6087,1774012680356687584,1774012680360104064,3416
6088,1774012680361897819,1774012680365366282,3468
6089,1774012680367183956,1774012680370699582,3515
6090,1774012680372336482,1774012680375324578,2988
6091,1774012680376983931,1774012680380248940,3265
6092,1774012680381925276,1774012680385332698,3407
6093,1774012680386923681,1774012680390531546,3607
6094,1774012680392077119,1774012680395592561,3515
6095,1774012680397393389,1774012680400093884,2700
6096,1774012680401650535,1774012680405211823,3561
6097,1774012680406653090,1774012680409757436,3104
6098,1774012680411374311,1774012680414044043,2669
6099,1774012680415866583,1774012680419460759,3594
6100,1774012680421093410,1774012680424029738,2936
6101,1774012680425676265,1774012680429232342,3556
6102,1774012680430839821,1774012680433842829,3003
6103,1774012680435600354,1774012680439152341,3551
6104,1774012680441003865,1774012680444633374,3629
6105,1774012680446614888,1774012680450406353,3791
6106,1774012680452151900,1774012680455838513,3686
6107,1774012680457718129,1774012680460797474,3079
6108,1774012680462483428,1774012680465731389,3247
6109,1774012680467441319,1774012680470850435,3409
6110,1774012680472587875,1774012680476447418,3859
6111,1774012680478092689,1774012680481491840,3399
6112,1774012680483154942,1774012680486157509,3002
6113,1774012680487935924,1774012680491599165,3663
6114,1774012680493272658,1774012680496575841,3303
6115,1774012680498355568,1774012680501747348,3391
6116,1774012680503506233,1774012680506686523,3180
6117,1774012680508522507,1774012680511905794,3383
6118,1774012680513765233,1774012680517249870,3484
6119,1774012680518904478,1774012680522468732,3564
6120,1774012680524045140,1774012680526835688,2790
6121,1774012680528200626,1774012680530939890,2739
6122,1774012680532568244,1774012680535389181,2820
6123,1774012680536660135,1774012680539860305,3200
6124,1774012680541451801,1774012680544165688,2713
6125,1774012680545779522,1774012680549269914,3490
6126,1774012680550817875,1774012680553834608,3016
6127,1774012680555464313,1774012680558919088,3454
6128,1774012680560620768,1774012680563870451,3249
6129,1774012680565639663,1774012680569352673,3713
6130,1774012680571020454,1774012680574640539,3620
6131,1774012680576309895,1774012680579256893,2946
6132,1774012680580962391,1774012680584586506,3624
6133,1774012680586357031,1774012680589899546,3542
6134,1774012680591626150,1774012680594873487,3247
6135,1774012680596677609,1774012680600307585,3629
6136,1774012680602021973,1774012680605160856,3138
6137,1774012680606989392,1774012680610584349,3594
6138,1774012680612451452,1774012680615772916,3321
6139,1774012680617480298,1774012680621235513,3755
6140,1774012680622922928,1774012680626105015,3182
6141,1774012680627916100,1774012680631235789,3319
6142,1774012680632891840,1774012680636346317,3454
6143,1774012680638031657,1774012680641095034,3063
6144,1774012680642760150,1774012680646389127,3628
6145,1774012680648112318,1774012680651889722,3777
6146,1774012680653568722,1774012680657134688,3565
6147,1774012680658803352,1774012680662248586,3445
6148,1774012680663713590,1774012680667463005,3749
6149,1774012680669214259,1774012680672956200,3741
6150,1774012680674589960,1774012680678194448,3604
6151,1774012680679831788,1774012680683330762,3498
6152,1774012680685036382,1774012680688131288,3094
6153,1774012680689814990,1774012680693263065,3448
6154,1774012680694892447,1774012680698000761,3108
6155,1774012680699849874,1774012680703308007,3458
6156,1774012680705003175,1774012680708724162,3720
6157,1774012680710463169,1774012680713919737,3456
6158,1774012680715719229,1774012680719270073,3550
6159,1774012680721061172,1774012680724207895,3146
6160,1774012680725963518,1774012680729141676,3178
6161,1774012680730845009,1774012680733951263,3106
6162,1774012680735707734,1774012680739170250,3462
6163,1774012680740847561,1774012680744183556,3335
6164,1774012680745918503,1774012680749333246,3414
6165,1774012680750902327,1774012680754087534,3185
6166,1774012680755759826,1774012680758769511,3009
6167,1774012680760326560,1774012680762938817,2612
6168,1774012680764561464,1774012680768040977,3479
6169,1774012680769685072,1774012680772622339,2937
6170,1774012680774250364,1774012680777029090,2778
6171,1774012680778664245,1774012680781982326,3318
6172,1774012680783605904,1774012680786935828,3329
6173,1774012680788587218,1774012680792015259,3428
6174,1774012680793614534,1774012680797168560,3554
6175,1774012680798849777,1774012680802125392,3275
6176,1774012680803735597,1774012680807325937,3590
6177,1774012680808764640,1774012680812408560,3643
6178,1774012680814254475,1774012680817848190,3593
6179,1774012680819471931,1774012680823127873,3655
6180,1774012680824898756,1774012680828766432,3867
6181,1774012680830332460,1774012680833954968,3622
6182,1774012680835655442,1774012680839121902,3466
6183,1774012680840770478,1774012680843944312,3173
6184,1774012680845831954,1774012680848942883,3110
6185,1774012680850686047,1774012680854380039,3693
6186,1774012680856043841,1774012680859409785,3365
6187,1774012680861072034,1774012680864778792,3706
6188,1774012680866550307,1774012680869912263,3361
6189,1774012680871651115,1774012680875169126,3518
6190,1774012680876835359,1774012680880380187,3544
6191,1774012680882208559,1774012680885879167,3670
6192,1774012680887659396,1774012680891202475,3543
6193,1774012680893093415,1774012680896451634,3358
6194,1774012680898233572,1774012680901189486,2955
6195,1774012680902999740,1774012680906579070,3579
6196,1774012680908450020,1774012680911941556,3491
6197,1774012680913705167,1774012680916927205,3222
6198,1774012680918523960,1774012680921706634,3182
6199,1774012680923466495,1774012680927018092,3551
6200,1774012680928946202,1774012680932577346,3631
6201,1774012680934335138,1774012680937879317,3544
6202,1774012680939517221,1774012680942980754,3463
6203,1774012680944545693,1774012680947311966,2766
6204,1774012680948946604,1774012680952372164,3425
6205,1774012680953703803,1774012680957093177,3389
6206,1774012680958175352,1774012680960824890,2649
6207,1774012680962496549,1774012680965510240,3013
6208,1774012680967110393,1774012680969931656,2821
6209,1774012680971471567,1774012680974925998,3454
6210,1774012680976469355,1774012680979915266,3445
6211,1774012680981494349,1774012680984923940,3429
6212,1774012680986552910,1774012680989700666,3147
6213,1774012680991235626,1774012680994268095,3032
6214,1774012680996057656,1774012680999594399,3536
6215,1774012681001228836,1774012681004931878,3703
6216,1774012681006809333,1774012681010456664,3647
6217,1774012681012166382,1774012681015691667,3525
6218,1774012681017348928,1774012681020678657,3329
6219,1774012681022334184,1774012681025811271,3477
6220,1774012681027571883,1774012681031158551,3586
6221,1774012681033040967,1774012681036517730,3476
6222,1774012681038181794,1774012681041385755,3203
6223,1774012681043113598,1774012681046199151,3085
6224,1774012681047975163,1774012681051455840,3480
6225,1774012681053074789,1774012681056485537,3410
6226,1774012681058198511,1774012681061618056,3419
6227,1774012681063489256,1774012681067130546,3641
6228,1774012681068761807,1774012681071849227,3087
6229,1774012681073492742,1774012681076243056,2750
6230,1774012681078109185,1774012681081457243,3348
6231,1774012681083101101,1774012681085759768,2658
6232,1774012681087416418,1774012681091022122,3605
6233,1774012681092472667,1774012681095227685,2755
6234,1774012681097003012,1774012681100741891,3738
6235,1774012681102298478,1774012681105460930,3162
6236,1774012681107037987,1774012681110437536,3399
6237,1774012681112120302,1774012681115086879,2966
6238,1774012681116799809,1774012681120370517,3570
6239,1774012681122036731,1774012681125392738,3356
6240,1774012681127054435,1774012681130184816,3130
6241,1774012681131926382,1774012681135533563,3607
6242,1774012681137407216,1774012681140419260,3012
6243,1774012681142093857,1774012681145160948,3067
6244,1774012681146851889,1774012681150437328,3585
6245,1774012681152249943,1774012681155771719,3521
6246,1774012681157423685,1774012681160896845,3473
6247,1774012681162731808,1774012681166062826,3331
6248,1774012681167816043,1774012681171519458,3703
6249,1774012681173234849,1774012681176580175,3345
6250,1774012681178350215,1774012681181424809,3074
6251,1774012681183063967,1774012681186487670,3423
6252,1774012681188169314,1774012681191716228,3546
6253,1774012681193443327,1774012681197010278,3566
6254,1774012681198731654,1774012681202001359,3269
6255,1774012681203766402,1774012681207337185,3570
6256,1774012681209008160,1774012681212785533,3777
6257,1774012681214549051,1774012681218128332,3579
6258,1774012681219739279,1774012681222758817,3019
6259,1774012681224438506,1774012681227239505,2800
6260,1774012681228902542,1774012681232478002,3575
6261,1774012681234163504,1774012681237786224,3622
6262,1774012681239517452,1774012681243086959,3569
6263,1774012681244664760,1774012681247761138,3096
6264,1774012681249375527,1774012681252732514,3356
6265,1774012681254456460,1774012681257971348,3514
6266,1774012681259668094,1774012681263114893,3446
6267,1774012681264851392,1774012681268407471,3556
6268,1774012681270318337,1774012681273616422,3298
6269,1774012681275256271,1774012681278516983,3260
6270,1774012681280234475,1774012681283201255,2966
6271,1774012681284588735,1774012681288018991,3430
6272,1774012681289883883,1774012681293348070,3464
6273,1774012681294976880,1774012681298269328,3292
6274,1774012681299910959,1774012681303280349,3369
6275,1774012681304913592,1774012681308494321,3580
6276,1774012681310183779,1774012681313672588,3488
6277,1774012681315455902,1774012681318943669,3487
6278,1774012681320841205,1774012681324393376,3552
6279,1774012681326111555,1774012681329451988,3340
6280,1774012681331332222,1774012681334443811,3111
6281,1774012681336149263,1774012681339683571,3534
6282,1774012681341378006,1774012681344089001,2710
6283,1774012681345859046,1774012681348681807,2822
6284,1774012681350290948,1774012681353086620,2795
6285,1774012681354585453,1774012681357252608,2667
6286,1774012681359006813,1774012681362451340,3444
6287,1774012681364115554,1774012681367294530,3178
6288,1774012681368887094,1774012681371487673,2600
6289,1774012681373086538,1774012681375759277,2672
6290,1774012681377319634,1774012681379952859,2633
6291,1774012681381562674,1774012681385086916,3524
6292,1774012681386747230,1774012681390362277,3615
6293,1774012681392031290,1774012681395013922,2982
6294,1774012681396640450,1774012681399818422,3177
6295,1774012681401441088,1774012681404970932,3529
6296,1774012681406581637,1774012681410043051,3461
6297,1774012681411715483,1774012681415027384,3311
6298,1774012681416698730,1774012681420335913,3637
6299,1774012681422048849,1774012681425619790,3570
6300,1774012681427354525,1774012681430596105,3241
6301,1774012681432289263,1774012681435570559,3281
6302,1774012681437338948,1774012681440912559,3573
6303,1774012681442761411,1774012681446217103,3455
6304,1774012681447867162,1774012681451224324,3357
6305,1774012681452956783,1774012681456393521,3436
6306,1774012681458085883,1774012681461074462,2988
6307,1774012681462810230,1774012681466469999,3659
6308,1774012681468139857,1774012681471601345,3461
6309,1774012681473272051,1774012681476195461,2923
6310,1774012681478120005,1774012681481093258,2973
6311,1774012681482699780,1774012681486349244,3649
6312,1774012681488272173,1774012681491848566,3576
6313,1774012681493465386,1774012681497004761,3539
6314,1774012681498654362,1774012681502157576,3503
6315,1774012681503730568,1774012681507081546,3350
6316,1774012681508858865,1774012681511955892,3097
6317,1774012681513285315,1774012681516110684,2825
6318,1774012681517692577,1774012681520714559,3021
6319,1774012681522341690,1774012681525522215,3180
6320,1774012681527357656,1774012681531012529,3654
6321,1774012681532727216,1774012681535844597,3117
6322,1774012681537532479,1774012681540736509,3204
6323,1774012681542466037,1774012681545356862,2890
6324,1774012681547063752,1774012681550225163,3161
6325,1774012681551989302,1774012681555110407,3121
6326,1774012681556999397,1774012681560730606,3731
6327,1774012681562459405,1774012681566397732,3938
6328,1774012681568405952,1774012681571360170,2954
6329,1774012681573118786,1774012681576677631,3558
6330,1774012681578700922,1774012681582189282,3488
6331,1774012681583840601,1774012681586883160,3042
6332,1774012681588530806,1774012681591963755,3432
6333,1774012681593806638,1774012681597278347,3471
6334,1774012681599058363,1774012681602505800,3447
6335,1774012681604418203,1774012681607754962,3336
6336,1774012681609505975,1774012681612891449,3385
6337,1774012681614569605,1774012681618095510,3525
6338,1774012681619733769,1774012681622919973,3186
6339,1774012681624528470,1774012681628343912,3815
6340,1774012681630110042,1774012681633118144,3008
6341,1774012681634582936,1774012681637375953,2793
6342,1774012681638994007,1774012681642268791,3274
6343,1774012681643932917,1774012681647559312,3626
6344,1774012681649103532,1774012681652671948,3568
6345,1774012681654188158,1774012681656923180,2735
6346,1774012681658372279,1774012681661943184,3570
6347,1774012681663683721,1774012681666660183,2976
6348,1774012681668322596,1774012681671852897,3530
6349,1774012681673583129,1774012681676988638,3405
6350,1774012681678737893,1774012681682136547,3398
6351,1774012681683801715,1774012681687052515,3250
6352,1774012681688821345,1774012681692394643,3573
6353,1774012681694147643,1774012681697674543,3526
6354,1774012681699331615,1774012681702574151,3242
6355,1774012681704265740,1774012681707631244,3365
6356,1774012681709390711,1774012681712953400,3562
6357,1774012681714718839,1774012681718065701,3346
6358,1774012681719708573,1774012681722918537,3209
6359,1774012681724565593,1774012681728025520,3459
6360,1774012681729847937,1774012681733356582,3508
6361,1774012681735011803,1774012681738360473,3348
6362,1774012681739997926,1774012681742968911,2970
6363,1774012681744662659,1774012681747886350,3223
6364,1774012681749512433,1774012681752937406,3424
6365,1774012681754540223,1774012681757419374,2879
6366,1774012681759098381,1774012681762712047,3613
6367,1774012681763932684,1774012681766933647,3000
6368,1774012681768287205,1774012681771041288,2754
6369,1774012681772223429,1774012681775360980,3137
6370,1774012681776732718,1774012681779740925,3008
6371,1774012681781157702,1774012681783897562,2739
6372,1774012681785221967,1774012681788793984,3572
6373,1774012681790323224,1774012681792955522,2632
6374,1774012681794760397,1774012681797670440,2910
6375,1774012681799281799,1774012681802433727,3151
6376,1774012681804025237,1774012681807397968,3372
6377,1774012681809078360,1774012681812487702,3409
6378,1774012681814472185,1774012681817994558,3522
6379,1774012681819765881,1774012681823252645,3486
6380,1774012681825030567,1774012681828041047,3010
6381,1774012681829711035,1774012681833228537,3517
6382,1774012681834874182,1774012681838064568,3190
6383,1774012681839926873,1774012681843332479,3405
6384,1774012681845018780,1774012681848358450,3339
6385,1774012681850193598,1774012681853618281,3424
6386,1774012681855380944,1774012681858952621,3571
6387,1774012681860752580,1774012681863874437,3121
6388,1774012681865612444,1774012681869098772,3486
6389,1774012681870756833,1774012681874003949,3247
6390,1774012681875891373,1774012681879533691,3642
6391,1774012681881305214,1774012681884884029,3578
6392,1774012681886732227,1774012681889783202,3050
6393,1774012681891338503,1774012681894903923,3565
6394,1774012681896469891,1774012681899593667,3123
6395,1774012681901112487,1774012681904301969,3189
6396,1774012681906014943,1774012681908838393,2823
6397,1774012681910492855,1774012681913788740,3295
6398,1774012681915531443,1774012681918428246,2896
6399,1774012681920076209,1774012681923547684,3471
6400,1774012681925255914,1774012681928507946,3252
6401,1774012681930198736,1774012681933435569,3236
6402,1774012681935021793,1774012681937874036,2852
6403,1774012681939414788,1774012681942594739,3179
6404,1774012681944266261,1774012681947501371,3235
6405,1774012681949023005,1774012681952450176,3427
6406,1774012681954093017,1774012681957373426,3280
6407,1774012681959143577,1774012681962398876,3255
6408,1774012681964003891,1774012681967051023,3047
6409,1774012681968715521,1774012681972248171,3532
6410,1774012681973993826,1774012681977493216,3499
6411,1774012681979240828,1774012681982816470,3575
6412,1774012681984544324,1774012681987972467,3428
6413,1774012681989833127,1774012681993251539,3418
6414,1774012681994976070,1774012681998355153,3379
6415,1774012682000065603,1774012682003092463,3026
6416,1774012682004760579,1774012682007999913,3239
6417,1774012682009771248,1774012682013472212,3700
6418,1774012682015364782,1774012682018916685,3551
6419,1774012682020666723,1774012682023863556,3196
6420,1774012682025569418,1774012682029150665,3581
6421,1774012682030828675,1774012682034465723,3637
6422,1774012682036213531,1774012682039478605,3265
6423,1774012682041197235,1774012682044529492,3332
6424,1774012682045987073,1774012682048668578,2681
6425,1774012682050186846,1774012682053682847,3496
6426,1774012682055105191,1774012682057676746,2571
6427,1774012682059107590,1774012682062192175,3084
6428,1774012682063877839,1774012682067697591,3819
6429,1774012682069283004,1774012682072121349,2838
6430,1774012682073751953,1774012682077447515,3695
6431,1774012682079140069,1774012682082366186,3226
6432,1774012682084124681,1774012682087184727,3060
6433,1774012682088913384,1774012682092481081,3567
6434,1774012682094339284,1774012682097956922,3617
6435,1774012682099705653,1774012682103234753,3529
6436,1774012682104950090,1774012682107965715,3015
6437,1774012682109687734,1774012682113379676,3691
6438,1774012682115111561,1774012682118724230,3612
6439,1774012682120474251,1774012682123552988,3078
6440,1774012682125298645,1774012682129014880,3716
6441,1774012682130748519,1774012682134358313,3609
6442,1774012682136067834,1774012682139157816,3089
6443,1774012682140868494,1774012682144229568,3361
6444,1774012682145950011,1774012682149478032,3528
6445,1774012682151354974,1774012682154974280,3619
6446,1774012682156960248,1774012682160522372,3562
6447,1774012682162299421,1774012682165800432,3501
6448,1774012682167551581,1774012682170747204,3195
6449,1774012682172389831,1774012682175408311,3018
6450,1774012682177008637,1774012682179987112,2978
6451,1774012682181612127,1774012682185242144,3630
6452,1774012682186926725,1774012682189500515,2573
6453,1774012682191051386,1774012682193818246,2766
6454,1774012682195398398,1774012682198091759,2693
6455,1774012682199787013,1774012682203161917,3374
6456,1774012682204659721,1774012682208221266,3561
6457,1774012682210005259,1774012682213692663,3687
6458,1774012682215564174,1774012682219006334,3442
6459,1774012682220798196,1774012682224437330,3639
6460,1774012682226202852,1774012682229372730,3169
6461,1774012682231166278,1774012682234679941,3513
6462,1774012682236342661,1774012682240139078,3796
6463,1774012682242282816,1774012682246001417,3718
6464,1774012682247728300,1774012682251446707,3718
6465,1774012682253161151,1774012682256796527,3635
6466,1774012682258513857,1774012682262266627,3752
6467,1774012682263939982,1774012682267378720,3438
6468,1774012682269079120,1774012682272690487,3611
6469,1774012682274483423,1774012682277878129,3394
6470,1774012682279757599,1774012682282799823,3042
6471,1774012682284521425,1774012682287783900,3262
6472,1774012682289799338,1774012682293305494,3506
6473,1774012682295089650,1774012682298675800,3586
6474,1774012682300072296,1774012682302943138,2870
6475,1774012682304633991,1774012682308271925,3637
6476,1774012682309803227,1774012682312480988,2677
6477,1774012682313665515,1774012682316280866,2615
6478,1774012682317842265,1774012682321474504,3632
6479,1774012682323081568,1774012682325786663,2705
6480,1774012682327090053,1774012682330239714,3149
6481,1774012682331424547,1774012682334406105,2981
6482,1774012682336006689,1774012682339519077,3512
6483,1774012682341187888,1774012682344600018,3412
6484,1774012682346319868,1774012682349827618,3507
6485,1774012682351597402,1774012682354981247,3383
6486,1774012682356653948,1774012682360132864,3478
6487,1774012682361812529,1774012682364898832,3086
6488,1774012682366682553,1774012682370205615,3523
6489,1774012682371871069,1774012682375307034,3435
6490,1774012682377145104,1774012682380600231,3455
6491,1774012682382293011,1774012682385510111,3217
6492,1774012682387426534,1774012682390619528,3192
6493,1774012682392229664,1774012682395532697,3303
6494,1774012682397146158,1774012682400499816,3353
6495,1774012682402358240,1774012682405780765,3422
6496,1774012682407474462,1774012682410964504,3490
6497,1774012682412807677,1774012682415863889,3056
6498,1774012682417630867,1774012682421284776,3653
6499,1774012682422948258,1774012682426048056,3099
6500,1774012682427863902,1774012682431366453,3502
6501,1774012682433167749,1774012682436174557,3006
6502,1774012682437950553,1774012682441402149,3451
6503,1774012682443033809,1774012682445652531,2618
6504,1774012682447465119,1774012682450150922,2685
6505,1774012682451787067,1774012682454447138,2660
6506,1774012682456151507,1774012682459525690,3374
6507,1774012682460977944,1774012682464657354,3679
6508,1774012682466325837,1774012682469251863,2926
6509,1774012682470834567,1774012682474376302,3541
6510,1774012682476044716,1774012682479609210,3564
6511,1774012682481333817,1774012682485068326,3734
6512,1774012682486845982,1774012682490282550,3436
6513,1774012682492020484,1774012682495341542,3321
6514,1774012682497148172,1774012682500583418,3435
6515,1774012682502347691,1774012682505703741,3356
6516,1774012682507393552,1774012682510582886,3189
6517,1774012682512373327,1774012682515758310,3384
6518,1774012682517363034,1774012682520708645,3345
6519,1774012682522540685,1774012682526067152,3526
6520,1774012682527727601,1774012682531054743,3327
6521,1774012682532724499,1774012682536085451,3360
6522,1774012682537940513,1774012682541335000,3394
6523,1774012682542991774,1774012682546338406,3346
6524,1774012682548032633,1774012682551651800,3619
6525,1774012682553502314,1774012682557306405,3804
6526,1774012682558963693,1774012682561983010,3019
6527,1774012682563905545,1774012682567808474,3902
6528,1774012682569891792,1774012682573391013,3499
6529,1774012682575062641,1774012682578514918,3452
6530,1774012682580203594,1774012682583054032,2850
6531,1774012682584767414,1774012682588338943,3571
6532,1774012682590024522,1774012682593015490,2990
6533,1774012682594627149,1774012682597535794,2908
6534,1774012682599228181,1774012682602914398,3686
6535,1774012682604606455,1774012682607712543,3106
6536,1774012682609194197,1774012682612485087,3290
6537,1774012682614078474,1774012682617468482,3390
6538,1774012682619084313,1774012682622093300,3008
6539,1774012682623948525,1774012682627231182,3282
6540,1774012682628853187,1774012682632374333,3521
6541,1774012682634223026,1774012682637593183,3370
6542,1774012682639365690,1774012682642622196,3256
6543,1774012682644293802,1774012682647326404,3032
6544,1774012682648984631,1774012682652085957,3101
6545,1774012682653931570,1774012682657537710,3606
6546,1774012682659359628,1774012682662626830,3267
6547,1774012682664506176,1774012682668117904,3611
6548,1774012682669777299,1774012682673167797,3390
6549,1774012682674819990,1774012682678470852,3650
6550,1774012682680129283,1774012682683065467,2936
6551,1774012682684717263,1774012682688069397,3352
6552,1774012682689693423,1774012682693033602,3340
6553,1774012682694724266,1774012682698173504,3449
6554,1774012682699787041,1774012682702851379,3064
6555,1774012682704550758,1774012682708236209,3685
6556,1774012682709834598,1774012682713383219,3548
6557,1774012682715039449,1774012682717976800,2937
6558,1774012682719715550,1774012682723213003,3497
6559,1774012682724943058,1774012682728636606,3693
6560,1774012682730267856,1774012682733128718,2860
6561,1774012682734704870,1774012682737720796,3015
6562,1774012682739308057,1774012682742074884,2766
6563,1774012682743310277,1774012682745975029,2664
6564,1774012682747667033,1774012682751119195,3452
6565,1774012682752764421,1774012682755720807,2956
6566,1774012682757395574,1774012682760495397,3099
6567,1774012682762180934,1774012682765575849,3394
6568,1774012682767080519,1774012682770351387,3270
6569,1774012682771960836,1774012682775269417,3308
6570,1774012682776918318,1774012682780198363,3280
6571,1774012682781808566,1774012682785343835,3535
6572,1774012682786983896,1774012682790369094,3385
6573,1774012682792067469,1774012682795060774,2993
6574,1774012682796719879,1774012682800178934,3459
6575,1774012682801817980,1774012682805230537,3412
6576,1774012682806963193,1774012682810402202,3439
6577,1774012682812028758,1774012682815329324,3300
6578,1774012682816840257,1774012682820501387,3661
6579,1774012682822360571,1774012682825768161,3407
6580,1774012682827543452,1774012682831096394,3552
6581,1774012682832750305,1774012682835854365,3104
6582,1774012682837471944,1774012682840553776,3081
6583,1774012682842124072,1774012682845377865,3253
6584,1774012682846963217,1774012682850651124,3687
6585,1774012682852445703,1774012682855972048,3526
6586,1774012682857571207,1774012682860279949,2708
6587,1774012682861995701,1774012682864915580,2919
6588,1774012682866469004,1774012682869616747,3147
6589,1774012682871316063,1774012682874864393,3548
6590,1774012682876541200,1774012682879455001,2913
6591,1774012682881200383,1774012682883973957,2773
6592,1774012682885783839,1774012682889004776,3220
6593,1774012682890689908,1774012682894324755,3634
6594,1774012682896218206,1774012682899601310,3383
6595,1774012682901377421,1774012682904945374,3567
6596,1774012682906869396,1774012682910431609,3562
6597,1774012682912135434,1774012682915202641,3067
6598,1774012682916922534,1774012682920055149,3132
6599,1774012682921789507,1774012682924981708,3192
6600,1774012682926673229,1774012682930015860,3342
6601,1774012682931750826,1774012682935092961,3342
6602,1774012682936918000,1774012682940563767,3645
6603,1774012682942421576,1774012682945875229,3453
6604,1774012682947956192,1774012682951549522,3593
6605,1774012682953233781,1774012682956213059,2979
6606,1774012682957864613,1774012682961047398,3182
6607,1774012682962837894,1774012682966399588,3561
6608,1774012682968176723,1774012682971780501,3603
6609,1774012682973656569,1774012682977477895,3821
6610,1774012682979161607,1774012682982538715,3377
6611,1774012682984194705,1774012682987450367,3255
6612,1774012682989135005,1774012682991816224,2681
6613,1774012682993562915,1774012682996642657,3079
6614,1774012682998333822,1774012683001223265,2889
6615,1774012683002836398,1774012683006214915,3378
6616,1774012683007687256,1774012683010443753,2756
6617,1774012683012148631,1774012683015003938,2855
6618,1774012683016719913,1774012683020422169,3702
6619,1774012683022071246,1774012683025687824,3616
6620,1774012683027302223,1774012683030765167,3462
6621,1774012683032462916,1774012683035829207,3366
6622,1774012683037493579,1774012683040828417,3334
6623,1774012683042535127,1774012683046071033,3535
6624,1774012683047739201,1774012683051330565,3591
6625,1774012683053007558,1774012683056313311,3305
6626,1774012683058140414,1774012683061019789,2879
6627,1774012683062765556,1774012683065973948,3208
6628,1774012683067737164,1774012683071425753,3688
6629,1774012683073089768,1774012683076047659,2957
6630,1774012683077890383,1774012683081189554,3299
6631,1774012683083032414,1774012683086682632,3650
6632,1774012683088453431,1774012683091929404,3475
6633,1774012683093606191,1774012683096811561,3205
6634,1774012683098533428,1774012683101578445,3045
6635,1774012683103223806,1774012683106867171,3643
6636,1774012683108620897,1774012683112023202,3402
6637,1774012683113763163,1774012683117116338,3353
6638,1774012683118967065,1774012683122471733,3504
6639,1774012683124291643,1774012683127961524,3669
6640,1774012683129669934,1774012683132778620,3108
6641,1774012683134197308,1774012683137512675,3315
6642,1774012683139173753,1774012683142943627,3769
6643,1774012683144136961,1774012683147288786,3151
6644,1774012683148885431,1774012683151847689,2962
6645,1774012683153437076,1774012683156627275,3190
6646,1774012683158070116,1774012683160563087,2492
6647,1774012683162131445,1774012683165534292,3402
6648,1774012683167306544,1774012683170682301,3375
6649,1774012683172293500,1774012683175039711,2746
6650,1774012683176659801,1774012683180289249,3629
6651,1774012683181839493,1774012683185229735,3390
6652,1774012683186850221,1774012683189728920,2878
6653,1774012683191349270,1774012683194234029,2884
6654,1774012683195962445,1774012683199414656,3452
6655,1774012683201087468,1774012683204426794,3339
6656,1774012683206064695,1774012683208856317,2791
6657,1774012683210597854,1774012683214112048,3514
6658,1774012683216010250,1774012683219521611,3511
6659,1774012683221216187,1774012683224599192,3383
6660,1774012683226263764,1774012683229616694,3352
6661,1774012683231272058,1774012683234196503,2924
6662,1774012683235873451,1774012683239287718,3414
6663,1774012683240924341,1774012683244191175,3266
6664,1774012683246115096,1774012683249492332,3377
6665,1774012683251143460,1774012683253972280,2828
6666,1774012683255791071,1774012683258802451,3011
6667,1774012683260478076,1774012683263145252,2667
6668,1774012683264802150,1774012683268475644,3673
6669,1774012683270051218,1774012683273594514,3543
6670,1774012683275127889,1774012683277867731,2739
6671,1774012683279242769,1774012683282638057,3395
6672,1774012683284280230,1774012683287321740,3041
6673,1774012683288912167,1774012683291807908,2895
6674,1774012683293391066,1774012683296613415,3222
6675,1774012683298113843,1774012683301164739,3050
6676,1774012683303054487,1774012683306501872,3447
6677,1774012683308185138,1774012683311597119,3411
6678,1774012683313258517,1774012683316467085,3208
6679,1774012683318108153,1774012683321656959,3548
6680,1774012683323292782,1774012683326638196,3345
6681,1774012683328359126,1774012683331775329,3416
6682,1774012683333522494,1774012683336906680,3384
6683,1774012683338659448,1774012683341862545,3203
6684,1774012683343551247,1774012683346975228,3423
6685,1774012683348629677,1774012683351937342,3307
6686,1774012683353847997,1774012683357346322,3498
6687,1774012683358904629,1774012683362346326,3441
6688,1774012683364052996,1774012683367036085,2983
6689,1774012683368720555,1774012683372318022,3597
6690,1774012683373967487,1774012683377562630,3595
6691,1774012683379348153,1774012683382656103,3307
6692,1774012683384522787,1774012683387981425,3458
6693,1774012683389792087,1774012683393404405,3612
6694,1774012683395142021,1774012683397858960,2716
6695,1774012683399592112,1774012683403300660,3708
6696,1774012683404979271,1774012683408329803,3350
6697,1774012683410008109,1774012683412643412,2635
6698,1774012683413869929,1774012683417247881,3377
6699,1774012683418802247,1774012683421945529,3143
6700,1774012683423504436,1774012683426168617,2664
6701,1774012683427898365,1774012683430568788,2670
6702,1774012683432165629,1774012683435390608,3224
6703,1774012683436984128,1774012683440037764,3053
6704,1774012683441626064,1774012683444798085,3172
6705,1774012683446433239,1774012683449798148,3364
6706,1774012683451494712,1774012683454975962,3481
6707,1774012683456555834,1774012683459925209,3369
6708,1774012683461654481,1774012683465214558,3560
6709,1774012683466852078,1774012683470269311,3417
6710,1774012683471948165,1774012683475445251,3497
6711,1774012683477128330,1774012683480799419,3671
6712,1774012683482493239,1774012683485777653,3284
6713,1774012683487401914,1774012683490773392,3371
6714,1774012683492375381,1774012683495919212,3543
6715,1774012683497527602,1774012683501041052,3513
6716,1774012683502785292,1774012683505830882,3045
6717,1774012683507466990,1774012683510528298,3061
6718,1774012683512142344,1774012683515026532,2884
6719,1774012683516702711,1774012683520149251,3446
6720,1774012683521747710,1774012683525292075,3544
6721,1774012683527002168,1774012683530237845,3235
6722,1774012683531924024,1774012683535564986,3640
6723,1774012683537290414,1774012683540771311,3480
6724,1774012683542172920,1774012683545844991,3672
6725,1774012683547571677,1774012683550706841,3135
6726,1774012683551995539,1774012683555452401,3456
6727,1774012683557185488,1774012683560678557,3493
6728,1774012683562314799,1774012683565825062,3510
6729,1774012683567385514,1774012683570140460,2754
6730,1774012683571868747,1774012683575099517,3230
6731,1774012683576827846,1774012683579893046,3065
6732,1774012683581597879,1774012683585188769,3590
6733,1774012683586796540,1774012683590300449,3503
6734,1774012683591953202,1774012683595482258,3529
6735,1774012683597347080,1774012683600739034,3391
6736,1774012683602469036,1774012683605881985,3412
6737,1774012683607663674,1774012683610983069,3319
6738,1774012683612756907,1774012683616228273,3471
6739,1774012683618111678,1774012683621877003,3765
6740,1774012683623535967,1774012683627045712,3509
6741,1774012683628856752,1774012683631925863,3069
6742,1774012683633628449,1774012683637087139,3458
6743,1774012683638929410,1774012683642508314,3578
6744,1774012683644175659,1774012683647495515,3319
6745,1774012683649378591,1774012683652724596,3346
6746,1774012683654363373,1774012683657920196,3556
6747,1774012683659649072,1774012683663015372,3366
6748,1774012683664825939,1774012683668158980,3333
6749,1774012683669898322,1774012683673023852,3125
6750,1774012683674736616,1774012683678353963,3617
6751,1774012683680011767,1774012683683608287,3596
6752,1774012683685307596,1774012683688469434,3161
6753,1774012683690108370,1774012683693564588,3456
6754,1774012683695136672,1774012683697975568,2838
6755,1774012683699609973,1774012683702344404,2734
6756,1774012683703896398,1774012683707432046,3535
6757,1774012683709183763,1774012683712088160,2904
6758,1774012683713888909,1774012683717547939,3659
6759,1774012683719238037,1774012683722154969,2916
6760,1774012683723933642,1774012683727062747,3129
6761,1774012683728735539,1774012683732380814,3645
6762,1774012683734033081,1774012683737139789,3106
6763,1774012683739027008,1774012683742579348,3552
6764,1774012683744368209,1774012683747727273,3359
6765,1774012683749456160,1774012683752803979,3347
6766,1774012683754479594,1774012683757968860,3489
6767,1774012683759709524,1774012683763494594,3785
6768,1774012683765121390,1774012683768693160,3571
6769,1774012683770457149,1774012683773167313,2710
6770,1774012683774784919,1774012683778181346,3396
6771,1774012683779810764,1774012683783229256,3418
6772,1774012683784816807,1774012683788138748,3321
6773,1774012683790009897,1774012683793510020,3500
6774,1774012683795061125,1774012683798482509,3421
6775,1774012683800178593,1774012683803121221,2942
6776,1774012683804844332,1774012683808289874,3445
6777,1774012683809966520,1774012683813671081,3704
6778,1774012683815308743,1774012683818537587,3228
6779,1774012683820297191,1774012683823011883,2714
6780,1774012683824574985,1774012683827566882,2991
6781,1774012683828845994,1774012683831478504,2632
6782,1774012683832894330,1774012683836523237,3628
6783,1774012683838223767,1774012683841579842,3356
6784,1774012683843288974,1774012683846091738,2802
6785,1774012683847723737,1774012683851431197,3707
6786,1774012683853190593,1774012683856840485,3649
6787,1774012683858561650,1774012683862367793,3806
6788,1774012683864146343,1774012683867736823,3590
6789,1774012683869566546,1774012683872854578,3288
6790,1774012683874635587,1774012683877960263,3324
6791,1774012683879761863,1774012683883253510,3491
6792,1774012683884940797,1774012683888332412,3391
6793,1774012683889991169,1774012683893541918,3550
6794,1774012683895548307,1774012683899095418,3547
6795,1774012683901039175,1774012683904524654,3485
6796,1774012683906370280,1774012683909611567,3241
6797,1774012683911384815,1774012683914350974,2966
6798,1774012683916001628,1774012683919412778,3411
6799,1774012683921076327,1774012683924524436,3448
6800,1774012683926199445,1774012683929608610,3409
6801,1774012683931373752,1774012683934771992,3398
6802,1774012683936744899,1774012683940160167,3415
6803,1774012683941846544,1774012683944789422,2942
6804,1774012683946466181,1774012683949520285,3054
6805,1774012683951202935,1774012683953869080,2666
6806,1774012683955555026,1774012683958758813,3203
6807,1774012683960371234,1774012683963976133,3604
6808,1774012683965611645,1774012683968459396,2847
6809,1774012683970105720,1774012683972680719,2574
6810,1774012683974207030,1774012683977921303,3714
6811,1774012683979511346,1774012683982872148,3360
6812,1774012683984741719,1774012683988110758,3369
6813,1774012683989868346,1774012683993269278,3400
6814,1774012683995141598,1774012683998003324,2861
6815,1774012683999734054,1774012684003225788,3491
6816,1774012684004884095,1774012684007898425,3014
6817,1774012684009693620,1774012684013044310,3350
6818,1774012684014733445,1774012684018184676,3451
6819,1774012684019894245,1774012684023389915,3495
6820,1774012684025053421,1774012684028079775,3026
6821,1774012684029743730,1774012684033154584,3410
6822,1774012684034864259,1774012684038470481,3606
6823,1774012684040156283,1774012684043547479,3391
6824,1774012684045288901,1774012684048322609,3033
6825,1774012684050039537,1774012684053749587,3710
6826,1774012684055705048,1774012684059653573,3948
6827,1774012684061474705,1774012684064909032,3434
6828,1774012684066580746,1774012684069667337,3086
6829,1774012684071342256,1774012684074275432,2933
6830,1774012684076057344,1774012684079614652,3557
6831,1774012684081309700,1774012684084928621,3618
6832,1774012684086539436,1774012684090144128,3604
6833,1774012684091721449,1774012684094912537,3191
6834,1774012684096561710,1774012684099807976,3246
6835,1774012684101677220,1774012684105276854,3599
6836,1774012684106792530,1774012684109884258,3091
6837,1774012684111517558,1774012684114297598,2780
6838,1774012684115931710,1774012684119207191,3275
6839,1774012684120829717,1774012684123803641,2973
6840,1774012684125485634,1774012684129250953,3765
6841,1774012684130981036,1774012684134454100,3473
6842,1774012684136187147,1774012684139655990,3468
6843,1774012684141457306,1774012684144373083,2915
6844,1774012684146106951,1774012684149750158,3643
6845,1774012684151510640,1774012684155160770,3650
6846,1774012684156844444,1774012684160028828,3184
6847,1774012684161753027,1774012684165614318,3861
6848,1774012684167548828,1774012684171156028,3607
6849,1774012684172969897,1774012684176348246,3378
6850,1774012684178046091,1774012684181656496,3610
6851,1774012684183431648,1774012684186472416,3040
6852,1774012684188180308,1774012684191618355,3438
6853,1774012684193275200,1774012684196322733,3047
6854,1774012684198003889,1774012684201517793,3513
6855,1774012684203368911,1774012684206949478,3580
6856,1774012684208735775,1774012684212397983,3662
6857,1774012684213996529,1774012684216992034,2995
6858,1774012684218698895,1774012684222269875,3570
6859,1774012684223991988,1774012684227463129,3471
6860,1774012684229157388,1774012684231977503,2820
6861,1774012684233573660,1774012684236717931,3144
6862,1774012684238416153,1774012684241093789,2677
6863,1774012684242744408,1774012684246307837,3563
6864,1774012684247861866,1774012684250997447,3135
6865,1774012684252555481,1774012684255309478,2753
6866,1774012684257006377,1774012684259980411,2974
6867,1774012684261672083,1774012684264805842,3133
6868,1774012684266376474,1774012684269710737,3334
6869,1774012684271344095,1774012684274569134,3225
6870,1774012684282624523,1774012684286261158,3636
6871,1774012684287909457,1774012684290840605,2931
6872,1774012684292594814,1774012684295986680,3391
6873,1774012684297712748,1774012684300906258,3193
6874,1774012684302721873,1774012684306370515,3648
6875,1774012684308237497,1774012684311217649,2980
6876,1774012684313016990,1774012684316428810,3411
6877,1774012684318300561,1774012684322077090,3776
6878,1774012684323770614,1774012684327396812,3626
6879,1774012684329081290,1774012684332546627,3465
6880,1774012684334389259,1774012684337561564,3172
6881,1774012684339359003,1774012684342557137,3198
6882,1774012684344205773,1774012684347072912,2867
6883,1774012684348763052,1774012684352297811,3534
6884,1774012684354010466,1774012684357582844,3572
6885,1774012684359302922,1774012684362295186,2992
6886,1774012684364042923,1774012684367687310,3644
6887,1774012684369418169,1774012684372095435,2677
6888,1774012684373722959,1774012684377289644,3566
6889,1774012684378934095,1774012684381665691,2731
6890,1774012684383322130,1774012684386178321,2856
6891,1774012684387926559,1774012684391312271,3385
6892,1774012684392939829,1774012684395778985,2839
6893,1774012684397319537,1774012684400093909,2774
6894,1774012684401916370,1774012684405327255,3410
6895,1774012684406951964,1774012684410464248,3512
6896,1774012684412137231,1774012684415600655,3463
6897,1774012684417368844,1774012684420250542,2881
6898,1774012684422000655,1774012684425482024,3481
6899,1774012684427202551,1774012684430619034,3416
6900,1774012684432278301,1774012684435479622,3201
6901,1774012684437078486,1774012684440093093,3014
6902,1774012684441865744,1774012684445496812,3631
6903,1774012684447177940,1774012684450554055,3376
6904,1774012684452197540,1774012684455481614,3284
6905,1774012684457146146,1774012684460059832,2913
6906,1774012684461715485,1774012684465252295,3536
6907,1774012684467073506,1774012684470747674,3674
6908,1774012684472492850,1774012684476293554,3800
6909,1774012684478017514,1774012684481671779,3654
6910,1774012684483518332,1774012684486803882,3285
6911,1774012684488570576,1774012684491937843,3367
6912,1774012684493594874,1774012684497479236,3884
6913,1774012684499216259,1774012684502947255,3730
6914,1774012684504673179,1774012684507791163,3117
6915,1774012684509373741,1774012684512056288,2682
6916,1774012684513794617,1774012684517411626,3617
6917,1774012684518995303,1774012684521846396,2851
6918,1774012684523570812,1774012684526318336,2747
6919,1774012684527805010,1774012684531281491,3476
6920,1774012684532842457,1774012684536187203,3344
6921,1774012684537957240,1774012684541440324,3483
6922,1774012684543125713,1774012684546427933,3302
6923,1774012684548269636,1774012684551955775,3686
6924,1774012684553630082,1774012684556986718,3356
6925,1774012684558696556,1774012684561830169,3133
6926,1774012684563598244,1774012684566884955,3286
6927,1774012684568548172,1774012684571914577,3366
6928,1774012684573594110,1774012684576836667,3242
6929,1774012684578792315,1774012684582680343,3888
6930,1774012684584465179,1774012684588324457,3859
6931,1774012684590014666,1774012684593521818,3507
6932,1774012684595200956,1774012684598740852,3539
6933,1774012684600827129,1774012684604262807,3435
6934,1774012684605965643,1774012684609552529,3586
6935,1774012684611363734,1774012684614891044,3527
6936,1774012684616588872,1774012684619904003,3315
6937,1774012684621667683,1774012684625136817,3469
6938,1774012684626801782,1774012684630356090,3554
6939,1774012684632150229,1774012684635700877,3550
6940,1774012684637218124,1774012684640746940,3528
6941,1774012684642249390,1774012684645052344,2802
6942,1774012684646795269,1774012684650480454,3685
6943,1774012684651979956,1774012684655162833,3182
6944,1774012684656543634,1774012684659831850,3288
6945,1774012684661217429,1774012684664779752,3562
6946,1774012684666361760,1774012684669056098,2694
6947,1774012684670672511,1774012684674153239,3480
6948,1774012684675728443,1774012684679044801,3316
6949,1774012684680605709,1774012684683799480,3193
6950,1774012684685468296,1774012684688863068,3394
6951,1774012684690556513,1774012684694014835,3458
6952,1774012684695634669,1774012684699120393,3485
6953,1774012684700855306,1774012684704278589,3423
6954,1774012684705919281,1774012684709453977,3534
6955,1774012684711146977,1774012684714640867,3493
6956,1774012684716387352,1774012684719596070,3208
6957,1774012684721246515,1774012684724677562,3431
6958,1774012684726457558,1774012684729977023,3519
6959,1774012684731625567,1774012684735171432,3545
6960,1774012684736817158,1774012684740305139,3487
6961,1774012684742063595,1774012684745533738,3470
6962,1774012684747183500,1774012684750082753,2899
6963,1774012684751730012,1774012684754867739,3137
6964,1774012684756508975,1774012684759926542,3417
6965,1774012684761805778,1774012684765504949,3699
6966,1774012684767286467,1774012684770860201,3573
6967,1774012684772591675,1774012684776098564,3506
6968,1774012684777654936,1774012684780779798,3124
6969,1774012684782421529,1774012684786006928,3585
6970,1774012684787630571,1774012684790967869,3337
6971,1774012684792524000,1774012684796005548,3481
6972,1774012684797728496,1774012684800503648,2775
6973,1774012684802193677,1774012684804846764,2653
6974,1774012684806352822,1774012684809097898,2745
6975,1774012684810763275,1774012684814243087,3479
6976,1774012684816025313,1774012684818928820,2903
6977,1774012684820874533,1774012684824493010,3618
6978,1774012684826177319,1774012684829573822,3396
6979,1774012684831417779,1774012684834906965,3489
6980,1774012684836610168,1774012684840163347,3553
6981,1774012684841829728,1774012684845362849,3533
6982,1774012684847019416,1774012684850490219,3470
6983,1774012684852072649,1774012684855033710,2961
6984,1774012684856640358,1774012684859461524,2821
6985,1774012684861162939,1774012684864106409,2943
6986,1774012684865912631,1774012684869543832,3631
6987,1774012684871246286,1774012684874576261,3329
6988,1774012684876449122,1774012684879930283,3481
6989,1774012684881795156,1774012684885363411,3568
6990,1774012684887324856,1774012684890972876,3648
6991,1774012684892660018,1774012684895911935,3251
6992,1774012684897568008,1774012684900978351,3410
6993,1774012684902833542,1774012684906514568,3681
6994,1774012684908243561,1774012684911162134,2918
6995,1774012684912853923,1774012684916339674,3485
6996,1774012684918046056,1774012684921479955,3433
6997,1774012684923054761,1774012684926008836,2954
6998,1774012684927642284,1774012684931045570,3403
6999,1774012684932870601,1774012684935892147,3021
7000,1774012684937350808,1774012684941018752,3667
7001,1774012684942750225,1774012684946129681,3379
7002,1774012684947688781,1774012684951104515,3415
7003,1774012684952669417,1774012684955737894,3068
7004,1774012684957352882,1774012684960572454,3219
7005,1774012684962206167,1774012684965157516,2951
7006,1774012684966762454,1774012684970167083,3404
7007,1774012684971929588,1774012684975512642,3583
7008,1774012684977122177,1774012684980498084,3375
7009,1774012684982162456,1774012684985084703,2922
7010,1774012684986729852,1774012684990074711,3344
7011,1774012684991936590,1774012684995527777,3591
7012,1774012684997200290,1774012685000556256,3355
7013,1774012685002219954,1774012685005651397,3431
7014,1774012685007523704,1774012685010936854,3413
7015,1774012685012884217,1774012685016446765,3562
7016,1774012685018144215,1774012685021268691,3124
7017,1774012685023015076,1774012685026568991,3553
7018,1774012685028230205,1774012685031589104,3358
7019,1774012685033305614,1774012685036664675,3359
7020,1774012685038449720,1774012685042110324,3660
7021,1774012685043786773,1774012685047292203,3505
7022,1774012685048734578,1774012685052396992,3662
7023,1774012685054010200,1774012685056790718,2780
7024,1774012685057975439,1774012685061022556,3047
7025,1774012685062622560,1774012685065174880,2552
7026,1774012685066343798,1774012685068879839,2536
7027,1774012685070518275,1774012685074095507,3577
7028,1774012685075319021,1774012685077844249,2525
7029,1774012685079460104,1774012685082763539,3303
7030,1774012685084393996,1774012685088054150,3660
7031,1774012685089675976,1774012685092635307,2959
7032,1774012685094269552,1774012685097753137,3483
7033,1774012685099341348,1774012685102517538,3176
7034,1774012685104271373,1774012685107653196,3381
7035,1774012685109299778,1774012685112676986,3377
7036,1774012685114499901,1774012685118083069,3583
7037,1774012685119758858,1774012685122886743,3127
7038,1774012685124525112,1774012685127901451,3376
7039,1774012685129661271,1774012685133058435,3397
7040,1774012685134886414,1774012685138376395,3489
7041,1774012685140011171,1774012685143575872,3564
7042,1774012685145341695,1774012685148758494,3416
7043,1774012685150698581,1774012685153856727,3158
7044,1774012685155544258,1774012685159000788,3456
7045,1774012685160687429,1774012685164528125,3840
7046,1774012685166193688,1774012685169115879,2922
7047,1774012685170726200,1774012685173867595,3141
7048,1774012685175472371,1774012685178603601,3131
7049,1774012685180308212,1774012685183196435,2888
7050,1774012685184791907,1774012685188419864,3627
7051,1774012685190305981,1774012685193345462,3039
7052,1774012685194902037,1774012685198152582,3250
7053,1774012685199788922,1774012685202944041,3155
7054,1774012685204598329,1774012685207430289,2831
7055,1774012685208758576,1774012685211313962,2555
7056,1774012685212933747,1774012685215779366,2845
7057,1774012685217224740,1774012685219894975,2670
7058,1774012685221390126,1774012685224891302,3501
7059,1774012685226516620,1774012685229907924,3391
7060,1774012685231562028,1774012685235153329,3591
7061,1774012685236827286,1774012685240270543,3443
7062,1774012685241986771,1774012685245009241,3022
7063,1774012685246740676,1774012685250383474,3642
7064,1774012685251998116,1774012685255684286,3686
7065,1774012685257454135,1774012685260978522,3524
7066,1774012685262941879,1774012685266027859,3085
7067,1774012685268202340,1774012685271753947,3551
7068,1774012685273488844,1774012685277018553,3529
7069,1774012685278739676,1774012685282393205,3653
7070,1774012685284055966,1774012685287412882,3356
7071,1774012685289002833,1774012685291919584,2916
7072,1774012685293858435,1774012685297578043,3719
7073,1774012685299259154,1774012685302332738,3073
7074,1774012685303989611,1774012685307122826,3133
7075,1774012685308802404,1774012685312273572,3471
7076,1774012685313924710,1774012685317410608,3485
7077,1774012685319003295,1774012685322240453,3237
7078,1774012685323843922,1774012685327469679,3625
7079,1774012685329140172,1774012685332809255,3669
7080,1774012685334452099,1774012685337496839,3044
7081,1774012685339191528,1774012685342125770,2934
7082,1774012685343773149,1774012685347477531,3704
7083,1774012685349179361,1774012685352039466,2860
7084,1774012685353807026,1774012685357215757,3408
7085,1774012685358879976,1774012685362342364,3462
7086,1774012685364051116,1774012685367446115,3394
7087,1774012685369076964,1774012685372486101,3409
7088,1774012685374313927,1774012685377479871,3165
7089,1774012685379178863,1774012685382483751,3304
7090,1774012685384389161,1774012685387942836,3553
7091,1774012685389652506,1774012685393108725,3456
7092,1774012685394729860,1774012685398402358,3672
7093,1774012685400184206,1774012685403121414,2937
7094,1774012685404784043,1774012685408198856,3414
7095,1774012685409978148,1774012685413489354,3511
7096,1774012685415264005,1774012685418670267,3406
7097,1774012685420351092,1774012685423551800,3200
7098,1774012685425404465,1774012685428777117,3372
7099,1774012685430532558,1774012685434037093,3504
7100,1774012685436029442,1774012685439154508,3125
7101,1774012685440951096,1774012685444401985,3450
7102,1774012685446151257,1774012685449542020,3390
7103,1774012685451260564,1774012685454175512,2914
7104,1774012685455931982,1774012685459532120,3600
7105,1774012685461345683,1774012685464097789,2752
7106,1774012685465781494,1774012685468547971,2766
7107,1774012685470056324,1774012685472773672,2717
7108,1774012685474544634,1774012685478111454,3566
7109,1774012685479916127,1774012685482747506,2831
7110,1774012685484395884,1774012685487424002,3028
7111,1774012685488974231,1774012685492284287,3310
7112,1774012685493890984,1774012685497185339,3294
7113,1774012685498742489,1774012685501889187,3146
7114,1774012685503635122,1774012685507199260,3564
7115,1774012685508847607,1774012685512262009,3414
7116,1774012685513928618,1774012685517418895,3490
7117,1774012685519371863,1774012685522824294,3452
7118,1774012685524677835,1774012685528020468,3342
7119,1774012685529689179,1774012685532880950,3191
7120,1774012685534660125,1774012685537933228,3273
7121,1774012685539591519,1774012685543040088,3448
7122,1774012685544802812,1774012685548440750,3637
7123,1774012685550094671,1774012685553531725,3437
7124,1774012685555373915,1774012685558612160,3238
7125,1774012685560590066,1774012685564164802,3574
7126,1774012685565796838,1774012685568993426,3196
7127,1774012685570893696,1774012685574448475,3554
7128,1774012685576110499,1774012685578898316,2787
7129,1774012685580575655,1774012685584031181,3455
7130,1774012685585516933,1774012685588954588,3437
7131,1774012685590603677,1774012685593638755,3035
7132,1774012685595411064,1774012685599013189,3602
7133,1774012685600519575,1774012685604034943,3515
7134,1774012685605456063,1774012685608485482,3029
7135,1774012685609963808,1774012685613677081,3713
7136,1774012685615303984,1774012685618044038,2740
7137,1774012685619594922,1774012685622559422,2964
7138,1774012685624167789,1774012685627049703,2881
7139,1774012685628727691,1774012685632351500,3623
7140,1774012685633939007,1774012685637548316,3609
7141,1774012685639259620,1774012685642088163,2828
7142,1774012685643788412,1774012685646864112,3075
7143,1774012685648531581,1774012685652106128,3574
7144,1774012685653829025,1774012685656986355,3157
7145,1774012685658755682,1774012685662273208,3517
7146,1774012685664371647,1774012685668020661,3649
7147,1774012685669999834,1774012685673542257,3542
7148,1774012685675360682,1774012685678613418,3252
7149,1774012685680568565,1774012685683963109,3394
7150,1774012685685689811,1774012685689249085,3559
7151,1774012685690855471,1774012685694431694,3576
7152,1774012685696115098,1774012685699532186,3417
7153,1774012685701190300,1774012685704620244,3429
7154,1774012685706339009,1774012685709818327,3479
7155,1774012685711561143,1774012685715236954,3675
7156,1774012685716902300,1774012685720000366,3098
7157,1774012685721692798,1774012685724899592,3206
7158,1774012685726626363,1774012685730362943,3736
7159,1774012685732055410,1774012685735575222,3519
7160,1774012685737220650,1774012685740746601,3525
7161,1774012685742453404,1774012685745247782,2794
7162,1774012685746870329,1774012685749920464,3050
7163,1774012685751604516,1774012685754803506,3198
7164,1774012685756519091,1774012685759927043,3407
7165,1774012685761552616,1774012685765073458,3520
7166,1774012685766636431,1774012685770484158,3847
7167,1774012685772126469,1774012685775020142,2893
7168,1774012685776749035,1774012685780106074,3357
7169,1774012685781831164,1774012685785458018,3626
7170,1774012685787120732,1774012685790614625,3493
7171,1774012685792527932,1774012685795940214,3412
7172,1774012685797835203,1774012685801386294,3551
7173,1774012685803128196,1774012685806129553,3001
7174,1774012685807824944,1774012685811506236,3681
7175,1774012685813188253,1774012685816634829,3446
7176,1774012685818464298,1774012685822007950,3543
7177,1774012685823812952,1774012685827363231,3550
7178,1774012685829166617,1774012685832492806,3326
7179,1774012685834231050,1774012685837854144,3623
7180,1774012685839579923,1774012685842754515,3174
7181,1774012685844454882,1774012685848105776,3650
7182,1774012685849779110,1774012685853120355,3341
7183,1774012685854739030,1774012685858095083,3356
7184,1774012685859712331,1774012685862866395,3154
7185,1774012685864446626,1774012685867982043,3535
7186,1774012685869587454,1774012685872498409,2910
7187,1774012685874116846,1774012685877189028,3072
7188,1774012685878807369,1774012685882256377,3449
7189,1774012685883890064,1774012685886880864,2990
7190,1774012685888575216,1774012685892202068,3626
7191,1774012685893929986,1774012685897537196,3607
7192,1774012685899210583,1774012685902503500,3292
7193,1774012685904284687,1774012685907828730,3544
7194,1774012685909628657,1774012685912862499,3233
7195,1774012685914554943,1774012685918178789,3623
7196,1774012685919925366,1774012685923653501,3728
7197,1774012685925523924,1774012685929151284,3627
7198,1774012685930891908,1774012685933902479,3010
7199,1774012685935776553,1774012685939375859,3599
7200,1774012685941202140,1774012685944626813,3424
7201,1774012685946490442,1774012685950217439,3726
7202,1774012685951880011,1774012685955408383,3528
7203,1774012685957158557,1774012685960024879,2866
7204,1774012685961739285,1774012685964887149,3147
7205,1774012685966576227,1774012685970111106,3534
7206,1774012685971809525,1774012685975226979,3417
7207,1774012685977062748,1774012685980616419,3553
7208,1774012685982401466,1774012685985825621,3424
7209,1774012685987590250,1774012685991018656,3428
7210,1774012685992757078,1774012685995945797,3188
7211,1774012685997663242,1774012686000771971,3108
7212,1774012686002339273,1774012686005402579,3063
7213,1774012686007040791,1774012686009653292,2612
7214,1774012686011303725,1774012686014055033,2751
7215,1774012686015617997,1774012686018411101,2793
7216,1774012686020057855,1774012686022729772,2671
7217,1774012686024466802,1774012686027724866,3258
7218,1774012686029400229,1774012686032787194,3386
7219,1774012686034387055,1774012686037524103,3137
7220,1774012686039188572,1774012686042068953,2880
7221,1774012686043715737,1774012686046559494,2843
7222,1774012686048407968,1774012686052081058,3673
7223,1774012686053824582,1774012686057455205,3630
7224,1774012686059220405,1774012686062693177,3472
7225,1774012686064430690,1774012686068399782,3969
7226,1774012686070323456,1774012686073764512,3441
7227,1774012686075511505,1774012686079515162,4003
7228,1774012686081315497,1774012686084393735,3078
7229,1774012686086136085,1774012686089369869,3233
7230,1774012686091071312,1774012686094173124,3101
7231,1774012686095958624,1774012686099017294,3058
7232,1774012686100777914,1774012686104458233,3680
7233,1774012686106317620,1774012686109296455,2978
7234,1774012686111081129,1774012686114787588,3706
7235,1774012686116582440,1774012686119861589,3279
7236,1774012686121573039,1774012686125047077,3474
7237,1774012686126792019,1774012686130355786,3563
7238,1774012686131992687,1774012686135525307,3532
7239,1774012686137357817,1774012686140296802,2938
7240,1774012686142071059,1774012686145627725,3556
7241,1774012686147452914,1774012686151059913,3606
7242,1774012686152789968,1774012686155952849,3162
7243,1774012686157745577,1774012686161441668,3696
7244,1774012686163154526,1774012686165971293,2816
7245,1774012686167812747,1774012686171273474,3460
7246,1774012686172992739,1774012686176587261,3594
7247,1774012686178289567,1774012686181651047,3361
7248,1774012686183403858,1774012686186570102,3166
7249,1774012686188314183,1774012686191540252,3226
7250,1774012686193224506,1774012686196124231,2899
7251,1774012686197794548,1774012686201391874,3597
7252,1774012686203049319,1774012686206420724,3371
7253,1774012686208212259,1774012686211718622,3506
7254,1774012686213761303,1774012686217316406,3555
7255,1774012686219002538,1774012686222610118,3607
7256,1774012686224638547,1774012686228093758,3455
7257,1774012686229961730,1774012686233323139,3361
7258,1774012686234987146,1774012686237931645,2944
7259,1774012686239611100,1774012686243345650,3734
7260,1774012686245092452,1774012686248688987,3596
7261,1774012686250561688,1774012686254042177,3480
7262,1774012686255982398,1774012686259424912,3442
7263,1774012686261087841,1774012686264121592,3033
7264,1774012686266074788,1774012686269703508,3628
7265,1774012686271464043,1774012686275034221,3570
7266,1774012686276838198,1774012686280513803,3675
7267,1774012686282144240,1774012686285001505,2857
7268,1774012686286714168,1774012686289927822,3213
7269,1774012686291559807,1774012686294267753,2707
7270,1774012686295864533,1774012686299029890,3165
7271,1774012686300634861,1774012686303363108,2728
7272,1774012686304826864,1774012686308176959,3350
7273,1774012686309536772,1774012686312641279,3104
7274,1774012686314266903,1774012686317489324,3222
7275,1774012686319176506,1774012686322089388,2912
7276,1774012686323750187,1774012686327158207,3408
7277,1774012686328825960,1774012686332078457,3252
7278,1774012686333872114,1774012686337355732,3483
7279,1774012686339071146,1774012686342490369,3419
7280,1774012686344298312,1774012686347126359,2828
7281,1774012686348783799,1774012686351922847,3139
7282,1774012686353566983,1774012686357349452,3782
7283,1774012686358966318,1774012686362271000,3304
7284,1774012686363922896,1774012686367395748,3472
7285,1774012686369056567,1774012686372558922,3502
7286,1774012686374305541,1774012686377712302,3406
7287,1774012686379417442,1774012686382611523,3194
7288,1774012686384298122,1774012686387872106,3573
7289,1774012686389565472,1774012686393465334,3899
7290,1774012686395251812,1774012686398280579,3028
7291,1774012686400184577,1774012686403800697,3616
7292,1774012686405540819,1774012686409082447,3541
7293,1774012686410686334,1774012686414119132,3432
7294,1774012686415711390,1774012686418857381,3145
7295,1774012686420522017,1774012686423598083,3076
7296,1774012686425212651,1774012686428875257,3662
7297,1774012686430476713,1774012686433751772,3275
7298,1774012686435419811,1774012686439014854,3595
7299,1774012686440588516,1774012686443524858,2936
7300,1774012686445114283,1774012686448038247,2923
7301,1774012686449548701,1774012686452226951,2678
7302,1774012686453688456,1774012686457056866,3368
7303,1774012686458619817,1774012686461751052,3131
7304,1774012686463400787,1774012686466521692,3120
7305,1774012686468201367,1774012686471580571,3379
7306,1774012686473263677,1774012686476737157,3473
7307,1774012686478558843,1774012686481860852,3302
7308,1774012686483526442,1774012686486928416,3401
7309,1774012686488692783,1774012686492070567,3377
7310,1774012686493753552,1774012686497180795,3427
7311,1774012686498868560,1774012686502368003,3499
7312,1774012686504053882,1774012686507090344,3036
7313,1774012686508829613,1774012686512413463,3583
7314,1774012686514091046,1774012686517338845,3247
7315,1774012686519038244,1774012686522420709,3382
7316,1774012686524208024,1774012686527124221,2916
7317,1774012686528875341,1774012686532434833,3559
7318,1774012686534149123,1774012686537358934,3209
7319,1774012686539017346,1774012686542450746,3433
7320,1774012686544209922,1774012686547568479,3358
7321,1774012686549226200,1774012686552961254,3735
7322,1774012686554745563,1774012686558469374,3723
7323,1774012686560190368,1774012686562945021,2754
7324,1774012686564541053,1774012686568087461,3546
7325,1774012686569673400,1774012686572892854,3219
7326,1774012686574365483,1774012686578024874,3659
7327,1774012686579485905,1774012686582753296,3267
7328,1774012686584393341,1774012686587880338,3486
7329,1774012686589540302,1774012686592817172,3276
7330,1774012686594449098,1774012686597181439,2732
7331,1774012686598722362,1774012686602171404,3449
7332,1774012686603933208,1774012686607335374,3402
7333,1774012686608939984,1774012686612482594,3542
7334,1774012686614271829,1774012686617076344,2804
7335,1774012686618735545,1774012686622136212,3400
7336,1774012686623780488,1774012686626823159,3042
7337,1774012686628560055,1774012686632022477,3462
7338,1774012686633663791,1774012686637100765,3436
7339,1774012686638870959,1774012686642011991,3141
7340,1774012686643838884,1774012686646960942,3122
7341,1774012686648760836,1774012686652580426,3819
7342,1774012686654511413,1774012686657608856,3097
7343,1774012686659358923,1774012686662667109,3308
7344,1774012686664463374,1774012686667619861,3156
7345,1774012686669320954,1774012686672314462,2993
7346,1774012686673879407,1774012686677325650,3446
7347,1774012686678995589,1774012686682524857,3529
7348,1774012686684233553,1774012686687735657,3502
7349,1774012686689450946,1774012686693140091,3689
7350,1774012686694979646,1774012686698234689,3255
7351,1774012686699576578,1774012686703278438,3701
7352,1774012686704889632,1774012686708283737,3394
7353,1774012686709780442,1774012686713024323,3243
7354,1774012686714503127,1774012686718071807,3568
7355,1774012686719764452,1774012686723184971,3420
7356,1774012686724584849,1774012686727472290,2887
7357,1774012686729161540,1774012686732676212,3514
7358,1774012686734311074,1774012686737938728,3627
7359,1774012686739615344,1774012686743077135,3461
7360,1774012686744759528,1774012686748231138,3471
7361,1774012686750108849,1774012686753540168,3431
7362,1774012686755213821,1774012686758434617,3220
7363,1774012686760067351,1774012686763078577,3011
7364,1774012686764740039,1774012686768337838,3597
7365,1774012686770015101,1774012686773449245,3434
7366,1774012686775224386,1774012686778549479,3325
7367,1774012686780139771,1774012686782933745,2793
7368,1774012686784702706,1774012686788269520,3566
7369,1774012686789874913,1774012686793339419,3464
7370,1774012686795218297,1774012686798661951,3443
7371,1774012686800570109,1774012686804275452,3705
7372,1774012686806002439,1774012686809085491,3083
7373,1774012686810737617,1774012686814458249,3720
7374,1774012686816147683,1774012686819654584,3506
7375,1774012686821258542,1774012686824571766,3313
7376,1774012686826355782,1774012686829614128,3258
7377,1774012686831393300,1774012686835007692,3614
7378,1774012686836616269,1774012686839215448,2599
7379,1774012686840637628,1774012686843818524,3180
7380,1774012686845433959,1774012686848443610,3009
7381,1774012686850180905,1774012686853478541,3297
7382,1774012686855239420,1774012686858942931,3703
7383,1774012686860736350,1774012686864309295,3572
7384,1774012686865965866,1774012686868990167,3024
7385,1774012686870696995,1774012686873992831,3295
7386,1774012686875725989,1774012686879168576,3442
7387,1774012686881031569,1774012686884694457,3662
7388,1774012686886495785,1774012686889903161,3407
7389,1774012686891841251,1774012686895522131,3680
7390,1774012686897339343,1774012686901049518,3710
7391,1774012686902776290,1774012686906514427,3738
7392,1774012686908485497,1774012686912077183,3591
7393,1774012686913811208,1774012686916962793,3151
7394,1774012686918629530,1774012686921856756,3227
7395,1774012686923875047,1774012686927408719,3533
7396,1774012686929217529,1774012686932231615,3014
7397,1774012686933890967,1774012686937516746,3625
7398,1774012686939168687,1774012686942566786,3398
7399,1774012686944306834,1774012686947635473,3328
7400,1774012686949593842,1774012686953195789,3601
7401,1774012686954892250,1774012686958630213,3737
7402,1774012686960675472,1774012686964270351,3594
7403,1774012686965959676,1774012686969615291,3655
7404,1774012686971387791,1774012686974344267,2956
7405,1774012686976052211,1774012686979422061,3369
7406,1774012686980972163,1774012686984047713,3075
7407,1774012686985681034,1774012686989362986,3681
7408,1774012686990831137,1774012686993854022,3022
7409,1774012686995464896,1774012686998220164,2755
7410,1774012686999959526,1774012687003467975,3508
7411,1774012687005207339,1774012687008149116,2941
7412,1774012687009833316,1774012687013227274,3393
7413,1774012687015016473,1774012687018505397,3488
7414,1774012687020219616,1774012687023660631,3441
7415,1774012687025370851,1774012687028158791,2787
7416,1774012687029908491,1774012687033470237,3561
7417,1774012687035120125,1774012687038395125,3275
7418,1774012687040064380,1774012687043454694,3390
7419,1774012687045415997,1774012687049045052,3629
7420,1774012687050877065,1774012687054524296,3647
7421,1774012687056404816,1774012687059880168,3475
7422,1774012687061715274,1774012687065129992,3414
7423,1774012687066960548,1774012687070084511,3123
7424,1774012687072042393,1774012687075204788,3162
7425,1774012687076870505,1774012687080413543,3543
7426,1774012687082270295,1774012687085741403,3471
7427,1774012687087401332,1774012687091031046,3629
7428,1774012687092998457,1774012687096531534,3533
7429,1774012687098192704,1774012687101088493,2895
7430,1774012687102750874,1774012687105872223,3121
7431,1774012687107523252,1774012687110525450,3002
7432,1774012687112363100,1774012687115978217,3615
7433,1774012687117755404,1774012687120851317,3095
7434,1774012687122465877,1774012687125719494,3253
7435,1774012687127257094,1774012687130117273,2860
7436,1774012687131718849,1774012687134877544,3158
7437,1774012687136323545,1774012687139102660,2779
7438,1774012687140699811,1774012687143987759,3287
7439,1774012687145600024,1774012687148904651,3304
7440,1774012687150542055,1774012687153792172,3250
7441,1774012687155458822,1774012687158595589,3136
7442,1774012687160358836,1774012687163897678,3538
7443,1774012687165831138,1774012687169452033,3620
7444,1774012687171250498,1774012687174217916,2967
7445,1774012687175953985,1774012687179258568,3304
7446,1774012687180928549,1774012687184591231,3662
7447,1774012687186458999,1774012687189688797,3229
7448,1774012687191362698,1774012687194626067,3263
7449,1774012687196287174,1774012687199621839,3334
7450,1774012687201643240,1774012687205296512,3653
7451,1774012687207060538,1774012687210532116,3471
7452,1774012687212287529,1774012687215641336,3353
7453,1774012687217353354,1774012687220393841,3040
7454,1774012687222060027,1774012687225497592,3437
7455,1774012687227145971,1774012687230190924,3044
7456,1774012687231955661,1774012687235505918,3550
7457,1774012687237215671,1774012687240732522,3516
7458,1774012687242438342,1774012687246131106,3692
7459,1774012687247708341,1774012687251328268,3619
7460,1774012687252970602,1774012687256006560,3035
7461,1774012687257500223,1774012687260304937,2804
7462,1774012687261943224,1774012687265226241,3283
7463,1774012687266865115,1774012687270487453,3622
7464,1774012687271806615,1774012687275297703,3491
7465,1774012687276904346,1774012687280375231,3470
7466,1774012687282016562,1774012687284951089,2934
7467,1774012687286624930,1774012687290032171,3407
7468,1774012687291634564,1774012687295156117,3521
7469,1774012687296987677,1774012687300482430,3494
7470,1774012687302168791,1774012687305570288,3401
7471,1774012687307326040,1774012687310759187,3433
7472,1774012687312555487,1774012687315975740,3420
7473,1774012687317666337,1774012687320840585,3174
7474,1774012687322682728,1774012687326154001,3471
7475,1774012687327853338,1774012687331439030,3585
7476,1774012687333081100,1774012687336440231,3359
7477,1774012687338079098,1774012687341463945,3384
7478,1774012687343550508,1774012687347109429,3558
7479,1774012687348782712,1774012687351987865,3205
7480,1774012687353640143,1774012687356793719,3153
7481,1774012687358527688,1774012687361810442,3282
7482,1774012687363549035,1774012687366960042,3411
7483,1774012687368582960,1774012687372111251,3528
7484,1774012687373737633,1774012687377533733,3796
7485,1774012687379141107,1774012687382075737,2934
7486,1774012687383690900,1774012687386794484,3103
7487,1774012687388510783,1774012687391367656,2856
7488,1774012687393029420,1774012687396260523,3231
7489,1774012687397947567,1774012687401545868,3598
7490,1774012687403278604,1774012687405704958,2426
7491,1774012687407292353,1774012687411001936,3709
7492,1774012687412739717,1774012687416067517,3327
7493,1774012687417696399,1774012687421143185,3446
7494,1774012687422898204,1774012687426487780,3589
7495,1774012687428355484,1774012687431950051,3594
7496,1774012687433868627,1774012687437237411,3368
7497,1774012687438912127,1774012687442439069,3526
7498,1774012687444104074,1774012687447343671,3239
7499,1774012687449106176,1774012687452561940,3455
7500,1774012687454201467,1774012687457043190,2841
7501,1774012687458681479,1774012687462099641,3418
7502,1774012687463853978,1774012687467425832,3571
7503,1774012687469058265,1774012687472550814,3492
7504,1774012687474195243,1774012687477226004,3030
7505,1774012687478916609,1774012687482533559,3616
7506,1774012687484224593,1774012687487908284,3683
7507,1774012687489638117,1774012687492820087,3181
7508,1774012687494846417,1774012687498525479,3679
7509,1774012687500238723,1774012687503253513,3014
7510,1774012687504984461,1774012687508631945,3647
7511,1774012687510454623,1774012687513218681,2764
7512,1774012687514943285,1774012687518465403,3522
7513,1774012687520231847,1774012687523699455,3467
7514,1774012687525379479,1774012687528484656,3105
7515,1774012687530126450,1774012687533739896,3613
7516,1774012687535305536,1774012687538043434,2737
7517,1774012687539813710,1774012687542877566,3063
7518,1774012687544514589,1774012687547334520,2819
7519,1774012687548829220,1774012687551856342,3027
7520,1774012687553441690,1774012687557012258,3570
7521,1774012687558634539,1774012687561414239,2779
7522,1774012687563065486,1774012687566406862,3341
7523,1774012687568036404,1774012687571457395,3420
7524,1774012687573066629,1774012687576342724,3276
7525,1774012687578025552,1774012687581336729,3311
7526,1774012687582963713,1774012687586376187,3412
7527,1774012687587989669,1774012687590894502,2904
7528,1774012687592534979,1774012687596206644,3671
7529,1774012687597882435,1774012687601350672,3468
7530,1774012687603030718,1774012687606587040,3556
7531,1774012687608520987,1774012687612032256,3511
7532,1774012687613860225,1774012687617032962,3172
7533,1774012687618772692,1774012687622502220,3729
7534,1774012687624221256,1774012687627542199,3320
7535,1774012687629192358,1774012687632525257,3332
7536,1774012687634177472,1774012687637931690,3754
7537,1774012687639802015,1774012687643046234,3244
7538,1774012687644987535,1774012687648613059,3625
7539,1774012687650488566,1774012687653342843,2854
7540,1774012687654982395,1774012687657786342,2803
7541,1774012687659514230,1774012687663106419,3592
7542,1774012687664706759,1774012687668260327,3553
7543,1774012687669942895,1774012687672703880,2760
7544,1774012687673927664,1774012687676825107,2897
7545,1774012687678476381,1774012687682021148,3544
7546,1774012687683310594,1774012687685922830,2612
7547,1774012687687432760,1774012687691089338,3656
7548,1774012687692681265,1774012687695777731,3096
7549,1774012687697384815,1774012687699953347,2568
7550,1774012687701767053,1774012687705208683,3441
7551,1774012687706970261,1774012687710561388,3591
7552,1774012687712260411,1774012687715261590,3001
7553,1774012687716897807,1774012687719788295,2890
7554,1774012687721542898,1774012687724864332,3321
7555,1774012687726509793,1774012687729919070,3409
7556,1774012687731665110,1774012687735145651,3480
7557,1774012687736995684,1774012687740536969,3541
7558,1774012687742363064,1774012687745694133,3331
7559,1774012687747369182,1774012687750167973,2798
7560,1774012687751832713,1774012687755455122,3622
7561,1774012687757091911,1774012687760381526,3289
7562,1774012687762049648,1774012687765440306,3390
7563,1774012687767127142,1774012687770600198,3473
7564,1774012687772044589,1774012687775809569,3764
7565,1774012687777056068,1774012687780399742,3343
7566,1774012687782063416,1774012687784848997,2785
7567,1774012687786455600,1774012687789558497,3102
7568,1774012687790767047,1774012687794122017,3354
7569,1774012687795565917,1774012687798475014,2909
7570,1774012687799678683,1774012687802214181,2535
7571,1774012687803610826,1774012687806559675,2948
7572,1774012687808196586,1774012687810729376,2532
7573,1774012687812179374,1774012687814545688,2366
7574,1774012687815772239,1774012687818602163,2829
7575,1774012687820027007,1774012687822928742,2901
7576,1774012687824501897,1774012687828003752,3501
7577,1774012687829535805,1774012687832989515,3453
7578,1774012687834638393,1774012687838084562,3446
7579,1774012687839892681,1774012687842833260,2940
7580,1774012687844527627,1774012687848531035,4003
7581,1774012687850238568,1774012687853227398,2988
7582,1774012687854929120,1774012687857858119,2928
7583,1774012687859779757,1774012687862990752,3210
7584,1774012687864790233,1774012687868370077,3579
7585,1774012687870176908,1774012687873650232,3473
7586,1774012687875538444,1774012687879023192,3484
7587,1774012687880735863,1774012687884368799,3632
7588,1774012687886076123,1774012687888940706,2864
7589,1774012687890592604,1774012687893914768,3322
7590,1774012687895568612,1774012687899081849,3513
7591,1774012687900798434,1774012687903886023,3087
7592,1774012687905510544,1774012687908941672,3431
7593,1774012687910604089,1774012687914067595,3463
7594,1774012687915780994,1774012687919465050,3684
7595,1774012687921187457,1774012687924525816,3338
7596,1774012687926298020,1774012687929033996,2735
7597,1774012687930897684,1774012687934532924,3635
7598,1774012687936284585,1774012687939632232,3347
7599,1774012687940878610,1774012687943468287,2589
7600,1774012687945080791,1774012687948260118,3179
7601,1774012687949574012,1774012687952270236,2696
7602,1774012687953907143,1774012687956520948,2613
7603,1774012687958127816,1774012687960901728,2773
7604,1774012687962472847,1774012687966095578,3622
7605,1774012687967980804,1774012687971028311,3047
7606,1774012687972788603,1774012687976416242,3627
7607,1774012687978204997,1774012687981729077,3524
7608,1774012687983640259,1774012687987304007,3663
7609,1774012687989026119,1774012687992148859,3122
7610,1774012687993865566,1774012687997097611,3232
7611,1774012687998869328,1774012688001995013,3125
7612,1774012688003770116,1774012688007337201,3567
7613,1774012688008942968,1774012688011983489,3040
7614,1774012688013880833,1774012688017593664,3712
7615,1774012688019394642,1774012688022957718,3563
7616,1774012688024777160,1774012688028105124,3327
7617,1774012688029745293,1774012688033253546,3508
7618,1774012688034957052,1774012688038358108,3401
7619,1774012688040224931,1774012688043678136,3453
7620,1774012688045351477,1774012688048233272,2881
7621,1774012688049972066,1774012688053356199,3384
7622,1774012688055304249,1774012688059018141,3713
7623,1774012688060730056,1774012688064449226,3719
7624,1774012688066048639,1774012688069570818,3522
7625,1774012688071264457,1774012688074476188,3211
7626,1774012688076006700,1774012688079690843,3684
7627,1774012688081351961,1774012688085112151,3760
7628,1774012688086809850,1774012688089609326,2799
7629,1774012688091186887,1774012688094117470,2930
7630,1774012688095808975,1774012688098925532,3116
7631,1774012688100755338,1774012688104180010,3424
7632,1774012688105992472,1774012688109589432,3596
7633,1774012688111351684,1774012688115124129,3772
7634,1774012688116966395,1774012688120490459,3524
7635,1774012688122254184,1774012688126044643,3790
7636,1774012688127924884,1774012688131628040,3703
7637,1774012688133554994,1774012688137142768,3587
7638,1774012688138840698,1774012688142489169,3648
7639,1774012688144319840,1774012688147761174,3441
7640,1774012688149574818,1774012688152854924,3280
7641,1774012688154642839,1774012688158283599,3640
7642,1774012688159972768,1774012688162931219,2958
7643,1774012688164806769,1774012688168424022,3617
7644,1774012688170097001,1774012688173417813,3320
7645,1774012688175247360,1774012688178635164,3387
7646,1774012688180313958,1774012688183567691,3253
7647,1774012688185328810,1774012688188997331,3668
7648,1774012688190732819,1774012688193943134,3210
7649,1774012688195748730,1774012688198988178,3239
7650,1774012688200623523,1774012688203462122,2838
7651,1774012688204905604,1774012688208367933,3462
7652,1774012688209906572,1774012688212813682,2907
7653,1774012688214515958,1774012688217738422,3222
7654,1774012688219413741,1774012688222507439,3093
7655,1774012688223832528,1774012688226811765,2979
7656,1774012688228496065,1774012688232158061,3661
7657,1774012688233782227,1774012688237358579,3576
7658,1774012688239117181,1774012688242499087,3381
7659,1774012688244224147,1774012688247938084,3713
7660,1774012688249835895,1774012688253503323,3667
7661,1774012688255382836,1774012688258995469,3612
7662,1774012688260703794,1774012688263873358,3169
7663,1774012688265724326,1774012688269321866,3597
7664,1774012688270952662,1774012688274514935,3562
7665,1774012688276212145,1774012688279286572,3074
7666,1774012688280980119,1774012688284034059,3053
7667,1774012688285734064,1774012688289481610,3747
7668,1774012688291138805,1774012688294519798,3380
7669,1774012688296342002,1774012688299798530,3456
7670,1774012688301530008,1774012688304890907,3360
7671,1774012688306536008,1774012688309984907,3448
7672,1774012688311632903,1774012688314814089,3181
7673,1774012688316504003,1774012688319559518,3055
7674,1774012688321164221,1774012688324583819,3419
7675,1774012688326404713,1774012688329832632,3427
7676,1774012688331641741,1774012688335211531,3569
7677,1774012688337003310,1774012688340449249,3445
7678,1774012688341975906,1774012688344733137,2757
7679,1774012688346445385,1774012688349931488,3486
7680,1774012688351620721,1774012688354735415,3114
7681,1774012688356366948,1774012688359944857,3577
7682,1774012688361393158,1774012688363986033,2592
7683,1774012688365429489,1774012688368461918,3032
7684,1774012688369963393,1774012688373176492,3213
7685,1774012688374874219,1774012688377887484,3013
7686,1774012688379525772,1774012688382978777,3453
7687,1774012688384573912,1774012688387952758,3378
7688,1774012688389635232,1774012688393241722,3606
7689,1774012688394923563,1774012688398433996,3510
7690,1774012688400203523,1774012688403754044,3550
7691,1774012688405359877,1774012688408789053,3429
7692,1774012688410429722,1774012688413468397,3038
7693,1774012688415086610,1774012688418567838,3481
7694,1774012688420211438,1774012688423679904,3468
7695,1774012688425428500,1774012688428873378,3444
7696,1774012688430571730,1774012688433219931,2648
7697,1774012688434879338,1774012688438164767,3285
7698,1774012688439773687,1774012688443470768,3697
7699,1774012688445151599,1774012688448560570,3408
7700,1774012688450333593,1774012688453624375,3290
7701,1774012688455444683,1774012688458487587,3042
7702,1774012688460135263,1774012688463124795,2989
7703,1774012688464788572,1774012688467801113,3012
7704,1774012688469591584,1774012688473212516,3620
7705,1774012688474858271,1774012688477844656,2986
7706,1774012688479498798,1774012688483022396,3523
7707,1774012688484424252,1774012688487581518,3157
7708,1774012688489269155,1774012688492051805,2782
7709,1774012688493656575,1774012688497248511,3591
7710,1774012688499020243,1774012688502791333,3771
7711,1774012688504388345,1774012688508196478,3808
7712,1774012688509988904,1774012688512961018,2972
7713,1774012688514574149,1774012688518200758,3626
7714,1774012688519953098,1774012688523476763,3523
7715,1774012688525550028,1774012688529065803,3515
7716,1774012688530796850,1774012688533932735,3135
7717,1774012688535558385,1774012688539338235,3779
7718,1774012688541093712,1774012688544781845,3688
7719,1774012688546613222,1774012688549950582,3337
7720,1774012688551849939,1774012688555377013,3527
7721,1774012688557269410,1774012688560417211,3147
7722,1774012688562117308,1774012688565539184,3421
7723,1774012688567204704,1774012688570586286,3381
7724,1774012688572390282,1774012688575461366,3071
7725,1774012688576944805,1774012688580733729,3788
7726,1774012688582473561,1774012688585715104,3241
7727,1774012688587388755,1774012688590442083,3053
7728,1774012688592101504,1774012688595584398,3482
7729,1774012688597465593,1774012688601142570,3676
7730,1774012688602837073,1774012688606426956,3589
7731,1774012688608181873,1774012688611019478,2837
7732,1774012688612361868,1774012688614991810,2629
7733,1774012688616545167,1774012688619219808,2674
7734,1774012688620823603,1774012688624241149,3417
7735,1774012688625833450,1774012688629437132,3603
7736,1774012688631044127,1774012688634356476,3312
7737,1774012688635946254,1774012688639405064,3458
7738,1774012688640971782,1774012688644386976,3415
7739,1774012688645998802,1774012688648898720,2899
7740,1774012688650555235,1774012688654001958,3446
7741,1774012688655582217,1774012688658605632,3023
7742,1774012688660282854,1774012688663706255,3423
7743,1774012688665362147,1774012688668703165,3341
7744,1774012688670335825,1774012688673536847,3201
7745,1774012688675175453,1774012688678656265,3480
7746,1774012688680289292,1774012688683654632,3365
7747,1774012688685291214,1774012688688769162,3477
7748,1774012688690388616,1774012688693885953,3497
7749,1774012688695635215,1774012688698887002,3251
7750,1774012688700763953,1774012688704211605,3447
7751,1774012688705934988,1774012688708854508,2919
7752,1774012688710571002,1774012688714139754,3568
7753,1774012688715799537,1774012688718847686,3048
7754,1774012688720859627,1774012688724321934,3462
7755,1774012688725966295,1774012688729371863,3405
7756,1774012688731120609,1774012688734353073,3232
7757,1774012688736099948,1774012688739522486,3422
7758,1774012688741460970,1774012688744980352,3519
7759,1774012688746817990,1774012688749608146,2790
7760,1774012688751304508,1774012688754705470,3400
7761,1774012688756228118,1774012688759903464,3675
7762,1774012688761479127,1774012688764374711,2895
7763,1774012688765857340,1774012688768923215,3065
7764,1774012688770623373,1774012688773399452,2776
7765,1774012688775042074,1774012688777583560,2541
7766,1774012688779228093,1774012688781992392,2764
7767,1774012688783313605,1774012688786234677,2921
7768,1774012688787909656,1774012688791433792,3524
7769,1774012688793214250,1774012688796057709,2843
7770,1774012688797735545,1774012688801256750,3521
7771,1774012688803052450,1774012688805905215,2852
7772,1774012688807607748,1774012688811229515,3621
7773,1774012688812886481,1774012688816560229,3673
7774,1774012688818262420,1774012688821629954,3367
7775,1774012688823341101,1774012688826888178,3547
7776,1774012688828664278,1774012688831819250,3154
7777,1774012688833538607,1774012688837083898,3545
7778,1774012688838778160,1774012688842388329,3610
7779,1774012688844231866,1774012688847680470,3448
7780,1774012688849370499,1774012688852787373,3416
7781,1774012688854716369,1774012688858194304,3477
7782,1774012688859914067,1774012688863439875,3525
7783,1774012688865139943,1774012688868049968,2910
7784,1774012688869673301,1774012688873016792,3343
7785,1774012688874749038,1774012688877952361,3203
7786,1774012688879489121,1774012688883081162,3592
7787,1774012688884854813,1774012688887746030,2891
7788,1774012688889404076,1774012688892085925,2681
7789,1774012688893899011,1774012688896882058,2983
7790,1774012688898600506,1774012688901934222,3333
7791,1774012688903590952,1774012688906354197,2763
7792,1774012688907917338,1774012688911277636,3360
7793,1774012688912741620,1774012688915766201,3024
7794,1774012688917412583,1774012688920909742,3497
7795,1774012688922541424,1774012688925642036,3100
7796,1774012688927356594,1774012688930221947,2865
7797,1774012688931926922,1774012688935588801,3661
7798,1774012688937327245,1774012688940702180,3374
7799,1774012688942592042,1774012688946360274,3768
7800,1774012688948030634,1774012688951983323,3952
7801,1774012688953836519,1774012688957520208,3683
7802,1774012688959209347,1774012688962170192,2960
7803,1774012688964000385,1774012688967609716,3609
7804,1774012688969356405,1774012688972785052,3428
7805,1774012688974774788,1774012688978027889,3253
7806,1774012688979728625,1774012688982917697,3189
7807,1774012688984611271,1774012688987748637,3137
7808,1774012688989536555,1774012688993061803,3525
7809,1774012688994997601,1774012688998346219,3348
7810,1774012689000086303,1774012689003685143,3598
7811,1774012689005465009,1774012689008822074,3357
7812,1774012689010696666,1774012689013862562,3165
7813,1774012689015676990,1774012689019374629,3697
7814,1774012689021039248,1774012689024663747,3624
7815,1774012689026309327,1774012689029147751,2838
7816,1774012689030825042,1774012689034222675,3397
7817,1774012689035868832,1774012689039479274,3610
7818,1774012689041259577,1774012689044189522,2929
7819,1774012689045859169,1774012689049286375,3427
7820,1774012689050894205,1774012689054018977,3124
7821,1774012689055678616,1774012689058985969,3307
7822,1774012689060794400,1774012689064337613,3543
7823,1774012689065904906,1774012689069352838,3447
7824,1774012689071033584,1774012689074075670,3042
7825,1774012689075791171,1774012689079413771,3622
7826,1774012689081238953,1774012689084728919,3489
7827,1774012689086523650,1774012689089827194,3303
7828,1774012689091737478,1774012689095454235,3716
7829,1774012689097350821,1774012689100908138,3557
7830,1774012689102826958,1774012689106470494,3643
7831,1774012689108210512,1774012689111231725,3021
7832,1774012689112942173,1774012689115954313,3012
7833,1774012689117643575,1774012689121347873,3704
7834,1774012689123199579,1774012689126179011,2979
7835,1774012689127920699,1774012689131666192,3745
7836,1774012689133863111,1774012689137437501,3574
7837,1774012689139083790,1774012689142508238,3424
7838,1774012689144184513,1774012689147099254,2914
7839,1774012689148995477,1774012689152615168,3619
7840,1774012689154302201,1774012689157817033,3514
7841,1774012689159547087,1774012689163141658,3594
7842,1774012689164973389,1774012689168515632,3542
7843,1774012689170043098,1774012689173254966,3211
7844,1774012689175029268,1774012689177906332,2877
7845,1774012689179564852,1774012689182733480,3168
7846,1774012689184455691,1774012689187138007,2682
7847,1774012689188350551,1774012689190938829,2588
7848,1774012689192547839,1774012689195270647,2722
7849,1774012689197010249,1774012689200569744,3559
7850,1774012689202191442,1774012689205637123,3445
7851,1774012689207290693,1774012689210217561,2926
7852,1774012689212013505,1774012689215463148,3449
7853,1774012689217129426,1774012689220083884,2954
7854,1774012689221768613,1774012689225150901,3382
7855,1774012689226741220,1774012689230175032,3433
7856,1774012689231982519,1774012689235525596,3543
7857,1774012689237191467,1774012689240576540,3385
7858,1774012689242321298,1774012689245447822,3126
7859,1774012689247106564,1774012689250458217,3351
7860,1774012689252254978,1774012689255615678,3360
7861,1774012689257520208,1774012689261256392,3736
7862,1774012689262915841,1774012689266072427,3156
7863,1774012689267914216,1774012689271518739,3604
7864,1774012689273208157,1774012689276629936,3421
7865,1774012689278368186,1774012689281670742,3302
7866,1774012689289999043,1774012689293464261,3465
7867,1774012689295140820,1774012689298731955,3591
7868,1774012689300453500,1774012689303349804,2896
7869,1774012689305133542,1774012689307834276,2700
7870,1774012689309550281,1774012689313222256,3671
7871,1774012689314784462,1774012689317781789,2997
7872,1774012689319456482,1774012689322728089,3271
7873,1774012689324271035,1774012689326905611,2634
7874,1774012689328476153,1774012689331265863,2789
7875,1774012689332909280,1774012689335980207,3070
7876,1774012689337672549,1774012689340685108,3012
7877,1774012689342383975,1774012689345840021,3456
7878,1774012689347517789,1774012689350901272,3383
7879,1774012689352669139,1774012689355932639,3263
7880,1774012689357721011,1774012689361195285,3474
7881,1774012689362800992,1774012689366394975,3593
7882,1774012689368070542,1774012689371439852,3369
7883,1774012689373125159,1774012689375893964,2768
7884,1774012689377806675,1774012689380970051,3163
7885,1774012689382681591,1774012689385796633,3115
7886,1774012689387468029,1774012689391183931,3715
7887,1774012689392946659,1774012689396377700,3431
7888,1774012689398031951,1774012689401389422,3357
7889,1774012689403400865,1774012689406643998,3243
7890,1774012689408443594,1774012689411903130,3459
7891,1774012689413732367,1774012689417033556,3301
7892,1774012689418718789,1774012689421925014,3206
7893,1774012689423816880,1774012689427236583,3419
7894,1774012689429020076,1774012689431714800,2694
7895,1774012689433435134,1774012689437001464,3566
7896,1774012689438696939,1774012689442417667,3720
7897,1774012689444186154,1774012689447725893,3539
7898,1774012689449168549,1774012689451790737,2622
7899,1774012689453435543,1774012689456945597,3510
7900,1774012689458604513,1774012689462200912,3596
7901,1774012689463938522,1774012689467446094,3507
7902,1774012689469143147,1774012689471916824,2773
7903,1774012689473489598,1774012689476277703,2788
7904,1774012689477937725,1774012689481423954,3486
7905,1774012689483048977,1774012689486513631,3464
7906,1774012689488398886,1774012689491952862,3553
7907,1774012689493552895,1774012689496630203,3077
7908,1774012689498282346,1774012689501357548,3075
7909,1774012689502975701,1774012689506062374,3086
7910,1774012689507729776,1774012689511278742,3548
7911,1774012689512858973,1774012689516190922,3331
7912,1774012689517772325,1774012689521230228,3457
7913,1774012689523009322,1774012689526104108,3094
7914,1774012689527885614,1774012689531471645,3586
7915,1774012689533086055,1774012689536089947,3003
7916,1774012689537880969,1774012689541358407,3477
7917,1774012689543020746,1774012689546331640,3310
7918,1774012689548015822,1774012689551532064,3516
7919,1774012689553248291,1774012689556679879,3431
7920,1774012689558451419,1774012689561790324,3338
7921,1774012689563516925,1774012689566845754,3328
7922,1774012689568593072,1774012689571777587,3184
7923,1774012689573457101,1774012689577045285,3588
7924,1774012689578762290,1774012689582314020,3551
7925,1774012689583956691,1774012689587516214,3559
7926,1774012689589368548,1774012689592216143,2847
7927,1774012689593972800,1774012689597418604,3445
7928,1774012689598836571,1774012689602506943,3670
7929,1774012689604264681,1774012689607857406,3592
7930,1774012689609440594,1774012689612820018,3379
7931,1774012689614401881,1774012689617693700,3291
7932,1774012689619311506,1774012689622056095,2744
7933,1774012689623719119,1774012689627351657,3632
7934,1774012689629143440,1774012689632342413,3198
7935,1774012689634069115,1774012689637544819,3475
7936,1774012689639150604,1774012689642026900,2876
7937,1774012689643875785,1774012689647384834,3509
7938,1774012689649128838,1774012689652593980,3465
7939,1774012689654351466,1774012689657954005,3602
7940,1774012689659709744,1774012689662710750,3001
7941,1774012689664357140,1774012689667810983,3453
7942,1774012689669630469,1774012689672928637,3298
7943,1774012689674690676,1774012689678318296,3627
7944,1774012689680025128,1774012689683015784,2990
7945,1774012689684796323,1774012689688544302,3747
7946,1774012689690196186,1774012689693614766,3418
7947,1774012689695511328,1774012689698471523,2960
7948,1774012689700356782,1774012689703837532,3480
7949,1774012689705722971,1774012689708841057,3118
7950,1774012689710527114,1774012689714057845,3530
7951,1774012689715653765,1774012689719122313,3468
7952,1774012689720731839,1774012689723666038,2934
7953,1774012689725154455,1774012689728693861,3539
7954,1774012689730325164,1774012689733618072,3292
7955,1774012689735270908,1774012689738016372,2745
7956,1774012689739749873,1774012689743125349,3375
7957,1774012689744710680,1774012689747816575,3105
7958,1774012689749576477,1774012689752984579,3408
7959,1774012689754729003,1774012689757977114,3248
7960,1774012689759605225,1774012689763076248,3471
7961,1774012689764869340,1774012689768023155,3153
7962,1774012689769815311,1774012689773356726,3541
7963,1774012689774991153,1774012689778181838,3190
7964,1774012689779874291,1774012689783415500,3541
7965,1774012689784919585,1774012689788172534,3252
7966,1774012689789780081,1774012689793108194,3328
7967,1774012689794947335,1774012689797844325,2896
7968,1774012689799491747,1774012689802980558,3488
7969,1774012689804572510,1774012689807731075,3158
7970,1774012689809481749,1774012689812644041,3162
7971,1774012689814261063,1774012689817142114,2881
7972,1774012689818813196,1774012689822327519,3514
7973,1774012689824096341,1774012689827425116,3328
7974,1774012689829037236,1774012689832670492,3633
7975,1774012689834460685,1774012689838107708,3647
7976,1774012689839767531,1774012689842796962,3029
7977,1774012689844560197,1774012689847773820,3213
7978,1774012689849460366,1774012689852508190,3047
7979,1774012689854300312,1774012689857096215,2795
7980,1774012689858718850,1774012689862396993,3678
7981,1774012689863945131,1774012689867086947,3141
7982,1774012689868804231,1774012689871534816,2730
7983,1774012689872996251,1774012689876178693,3182
7984,1774012689877765881,1774012689881063409,3297
7985,1774012689882826090,1774012689886325646,3499
7986,1774012689887853514,1774012689890824107,2970
7987,1774012689892530935,1774012689896086244,3555
7988,1774012689897903338,1774012689900922622,3019
7989,1774012689902763887,1774012689905912462,3148
7990,1774012689907734283,1774012689911160220,3425
7991,1774012689913014951,1774012689916984609,3969
7992,1774012689918855745,1774012689922622853,3767
7993,1774012689924279336,1774012689927319268,3039
7994,1774012689929138389,1774012689932872696,3734
7995,1774012689934703661,1774012689938341657,3637
7996,1774012689939996253,1774012689943616007,3619
7997,1774012689945340884,1774012689948748820,3407
7998,1774012689950778673,1774012689953851787,3073
7999,1774012689955609741,1774012689958829959,3220
8000,1774012689960532548,1774012689964124832,3592
8001,1774012689965885247,1774012689969577015,3691
8002,1774012689971222708,1774012689974932462,3709
8003,1774012689976858719,1774012689980535728,3677
8004,1774012689982332386,1774012689985327669,2995
8005,1774012689986963286,1774012689990551297,3588
8006,1774012689992378195,1774012689995108967,2730
8007,1774012689996752721,1774012690000220754,3468
8008,1774012690001765414,1774012690005363542,3598
8009,1774012690007073465,1774012690010582574,3509
8010,1774012690012189383,1774012690014934965,2745
8011,1774012690016596551,1774012690019403452,2806
8012,1774012690021087390,1774012690024590308,3502
8013,1774012690026191811,1774012690029329021,3137
8014,1774012690031044643,1774012690034521937,3477
8015,1774012690036178989,1774012690039075253,2896
8016,1774012690040960436,1774012690044544762,3584
8017,1774012690046263579,1774012690049778480,3514
8018,1774012690051539511,1774012690054763357,3223
8019,1774012690056800490,1774012690060599805,3799
8020,1774012690062548647,1774012690066086281,3537
8021,1774012690067940399,1774012690071561001,3620
8022,1774012690073464809,1774012690076873378,3408
8023,1774012690078787250,1774012690081817228,3029
8024,1774012690083466771,1774012690086734967,3268
8025,1774012690088466561,1774012690091704856,3238
8026,1774012690093499835,1774012690097435813,3935
8027,1774012690099184185,1774012690102938300,3754
8028,1774012690104606494,1774012690107923668,3317
8029,1774012690109569944,1774012690112896120,3326
8030,1774012690114540774,1774012690117893500,3352
8031,1774012690119510966,1774012690122721725,3210
8032,1774012690124367087,1774012690127893017,3525
8033,1774012690129451717,1774012690132270752,2819
8034,1774012690134019097,1774012690137088141,3069
8035,1774012690138625644,1774012690142329123,3703
8036,1774012690143909200,1774012690146865079,2955
8037,1774012690148427954,1774012690152101963,3674
8038,1774012690153846758,1774012690156586121,2739
8039,1774012690158226631,1774012690161923496,3696
8040,1774012690163658089,1774012690166775025,3116
8041,1774012690168473393,1774012690171733030,3259
8042,1774012690173463654,1774012690176785987,3322
8043,1774012690178535556,1774012690182204972,3669
8044,1774012690183964017,1774012690187466595,3502
8045,1774012690189256110,1774012690192446564,3190
8046,1774012690194290256,1774012690197662923,3372
8047,1774012690199388046,1774012690203088760,3700
8048,1774012690204901086,1774012690207977679,3076
8049,1774012690209808964,1774012690213398751,3589
8050,1774012690215056853,1774012690218182992,3126
8051,1774012690219907645,1774012690223007225,3099
8052,1774012690224914860,1774012690228659313,3744
8053,1774012690230529125,1774012690234067246,3538
8054,1774012690235921730,1774012690239410679,3488
8055,1774012690241070568,1774012690244549132,3478
8056,1774012690246296372,1774012690249621800,3325
8057,1774012690251294294,1774012690254365952,3071
8058,1774012690256298699,1774012690259506392,3207
8059,1774012690261020119,1774012690264270161,3250
8060,1774012690266105366,1774012690269613151,3507
8061,1774012690271481989,1774012690275107274,3625
8062,1774012690276736700,1774012690280134223,3397
8063,1774012690281823284,1774012690285217584,3394
8064,1774012690286872026,1774012690290193557,3321
8065,1774012690291911340,1774012690295386843,3475
8066,1774012690297074764,1774012690300035562,2960
8067,1774012690301756952,1774012690305270976,3514
8068,1774012690306979377,1774012690310043273,3063
8069,1774012690311824576,1774012690314877304,3052
8070,1774012690316496470,1774012690319712086,3215
8071,1774012690321280599,1774012690324091430,2810
8072,1774012690325723745,1774012690329359413,3635
8073,1774012690331085100,1774012690334007420,2922
8074,1774012690335715982,1774012690339313481,3597
8075,1774012690340998944,1774012690344545427,3546
8076,1774012690346383507,1774012690349861880,3478
8077,1774012690351790383,1774012690355544454,3754
8078,1774012690357411132,1774012690361072807,3661
8079,1774012690362778283,1774012690366260746,3482
8080,1774012690367910622,1774012690371211881,3301
8081,1774012690372909299,1774012690376236247,3326
8082,1774012690377895824,1774012690380902063,3006
8083,1774012690382712954,1774012690386223498,3510
8084,1774012690387955367,1774012690391324027,3368
8085,1774012690393029833,1774012690396010205,2980
8086,1774012690397639892,1774012690400564265,2924
8087,1774012690402061900,1774012690404850378,2788
8088,1774012690406620005,1774012690410327945,3707
8089,1774012690411908219,1774012690415266726,3358
8090,1774012690416869246,1774012690420292803,3423
8091,1774012690421976617,1774012690425255981,3279
8092,1774012690426790263,1774012690429863502,3073
8093,1774012690431314855,1774012690434188746,2873
8094,1774012690435940467,1774012690439528969,3588
8095,1774012690441192944,1774012690444196230,3003
8096,1774012690445846491,1774012690448998548,3152
8097,1774012690450681145,1774012690453730980,3049
8098,1774012690455377409,1774012690458277593,2900
8099,1774012690460061242,1774012690463892448,3831
8100,1774012690465788954,1774012690469051382,3262
8101,1774012690470959268,1774012690474615824,3656
8102,1774012690476423015,1774012690480068571,3645
8103,1774012690481719442,1774012690485469266,3749
8104,1774012690487128483,1774012690490602725,3474
8105,1774012690492447632,1774012690496014551,3566
8106,1774012690497954611,1774012690501533661,3579
8107,1774012690503260197,1774012690506643581,3383
8108,1774012690508347914,1774012690511330428,2982
8109,1774012690513222129,1774012690516586977,3364
8110,1774012690518269455,1774012690521785391,3515
8111,1774012690523445581,1774012690526887478,3441
8112,1774012690528573903,1774012690532109594,3535
8113,1774012690533687472,1774012690537593070,3905
8114,1774012690539322773,1774012690542959259,3636
8115,1774012690544736206,1774012690547996576,3260
8116,1774012690549589422,1774012690552888697,3299
8117,1774012690554432871,1774012690557680902,3248
8118,1774012690559195558,1774012690562595056,3399
8119,1774012690564301917,1774012690567544440,3242
8120,1774012690569210520,1774012690572032327,2821
8121,1774012690573731028,1774012690577142453,3411
8122,1774012690578793468,1774012690582264737,3471
8123,1774012690583958663,1774012690587016976,3058
8124,1774012690588750425,1774012690591853234,3102
8125,1774012690593692480,1774012690597283182,3590
8126,1774012690598930701,1774012690602422910,3492
8127,1774012690604055367,1774012690606966358,2910
8128,1774012690608731973,1774012690612398370,3666
8129,1774012690614044118,1774012690617436740,3392
8130,1774012690619090220,1774012690622269934,3179
8131,1774012690623945075,1774012690627588803,3643
8132,1774012690629204409,1774012690632781503,3577
8133,1774012690634550870,1774012690638042725,3491
8134,1774012690640106231,1774012690643015611,2909
8135,1774012690644942605,1774012690648527501,3584
8136,1774012690650193365,1774012690653678688,3485
8137,1774012690655383506,1774012690658520157,3136
8138,1774012690660204266,1774012690663872135,3667
8139,1774012690665582819,1774012690668728808,3145
8140,1774012690670430485,1774012690674127499,3697
8141,1774012690675830317,1774012690679397235,3566
8142,1774012690681058922,1774012690684481910,3422
8143,1774012690686119377,1774012690688967218,2847
8144,1774012690690203336,1774012690693231464,3028
8145,1774012690694688685,1774012690698167766,3479
8146,1774012690699739246,1774012690703055999,3316
8147,1774012690704596806,1774012690708100587,3503
8148,1774012690709697019,1774012690712752178,3055
8149,1774012690714375188,1774012690717891028,3515
8150,1774012690719625371,1774012690722674142,3048
8151,1774012690724406667,1774012690727859538,3452
8152,1774012690729744700,1774012690733031097,3286
8153,1774012690734733953,1774012690738476561,3742
8154,1774012690740274613,1774012690743844031,3569
8155,1774012690745576208,1774012690748890013,3313
8156,1774012690750531422,1774012690753635626,3104
8157,1774012690755575376,1774012690759127885,3552
8158,1774012690760986764,1774012690764453299,3466
8159,1774012690766318855,1774012690769213003,2894
8160,1774012690770956585,1774012690774531028,3574
8161,1774012690776285950,1774012690779896279,3610
8162,1774012690781672757,1774012690785434412,3761
8163,1774012690787052157,1774012690789879678,2827
8164,1774012690791625610,1774012690795025069,3399
8165,1774012690796669526,1774012690799915436,3245
8166,1774012690801558849,1774012690804658543,3099
8167,1774012690806312197,1774012690809172618,2860
8168,1774012690810879079,1774012690813775775,2896
8169,1774012690815480434,1774012690819028202,3547
8170,1774012690820453120,1774012690823313797,2860
8171,1774012690825098043,1774012690827755275,2657
8172,1774012690829336200,1774012690832140368,2804
8173,1774012690833901517,1774012690837166687,3265
8174,1774012690838933577,1774012690841985311,3051
8175,1774012690843660454,1774012690847312274,3651
8176,1774012690848936107,1774012690852480516,3544
8177,1774012690854260821,1774012690857209183,2948
8178,1774012690858897013,1774012690862769600,3872
8179,1774012690864676962,1774012690868561145,3884
8180,1774012690870385338,1774012690873867063,3481
8181,1774012690875859355,1774012690879495872,3636
8182,1774012690881309619,1774012690885107363,3797
8183,1774012690887040555,1774012690890424693,3384
8184,1774012690892151838,1774012690895719835,3567
8185,1774012690897476939,1774012690900651084,3174
8186,1774012690902366379,1774012690905959565,3593
8187,1774012690907676195,1774012690911272564,3596
8188,1774012690913109231,1774012690916821564,3712
8189,1774012690918790905,1774012690922252789,3461
8190,1774012690923944591,1774012690927520598,3576
8191,1774012690929149079,1774012690932527455,3378
8192,1774012690934329601,1774012690937094735,2765
8193,1774012690938928048,1774012690942438895,3510
8194,1774012690944111741,1774012690947222536,3110
8195,1774012690949114559,1774012690952394517,3279
8196,1774012690953907165,1774012690956919345,3012
8197,1774012690958678157,1774012690961803601,3125
8198,1774012690963541711,1774012690967145194,3603
8199,1774012690968809202,1774012690972226183,3416
8200,1774012690974036397,1774012690977054987,3018
8201,1774012690978713379,1774012690982236456,3523
8202,1774012690983830053,1774012690986890668,3060
8203,1774012690988626673,1774012690991830735,3204
8204,1774012690993495152,1774012690997049261,3554
8205,1774012690998861857,1774012691002386954,3525
8206,1774012691004366085,1774012691007931343,3565
8207,1774012691009643217,1774012691013364747,3721
8208,1774012691015062515,1774012691018237551,3175
8209,1774012691020136864,1774012691023282068,3145
8210,1774012691024999758,1774012691028561841,3562
8211,1774012691030268745,1774012691033248050,2979
8212,1774012691034979673,1774012691038618390,3638
8213,1774012691040402725,1774012691043729022,3326
8214,1774012691045460972,1774012691049078491,3617
8215,1774012691050764617,1774012691054325163,3560
8216,1774012691056016946,1774012691059221454,3204
8217,1774012691060996857,1774012691064499741,3502
8218,1774012691066414281,1774012691069597844,3183
8219,1774012691071347095,1774012691074346303,2999
8220,1774012691076008564,1774012691079130667,3122
8221,1774012691080901270,1774012691084762317,3861
8222,1774012691086523358,1774012691090241399,3718
8223,1774012691091831551,1774012691095456708,3625
8224,1774012691097143261,1774012691100789862,3646
8225,1774012691102446348,1774012691105267775,2821
8226,1774012691106953858,1774012691110186841,3232
8227,1774012691111872073,1774012691114997842,3125
8228,1774012691116467114,1774012691119788658,3321
8229,1774012691121319956,1774012691124050219,2730
8230,1774012691125724257,1774012691129373331,3649
8231,1774012691131166256,1774012691134123288,2957
8232,1774012691135894773,1774012691139348842,3454
8233,1774012691141044628,1774012691144650497,3605
8234,1774012691146586358,1774012691150258134,3671
8235,1774012691152224626,1774012691155797378,3572
8236,1774012691157810466,1774012691161373222,3562
8237,1774012691163387165,1774012691166689629,3302
8238,1774012691168571056,1774012691172013664,3442
8239,1774012691173718706,1774012691176932300,3213
8240,1774012691178809832,1774012691182371427,3561
8241,1774012691184049648,1774012691187604532,3554
8242,1774012691189271917,1774012691192200510,2928
8243,1774012691193843399,1774012691197367811,3524
8244,1774012691199046303,1774012691202542085,3495
8245,1774012691204171192,1774012691207247686,3076
8246,1774012691208814140,1774012691212190815,3376
8247,1774012691213841177,1774012691217386635,3545
8248,1774012691219300395,1774012691222128215,2827
8249,1774012691223728702,1774012691227189403,3460
8250,1774012691228883380,1774012691232391114,3507
8251,1774012691234017245,1774012691237034804,3017
8252,1774012691238888540,1774012691241596913,2708
8253,1774012691243377218,1774012691246911963,3534
8254,1774012691248530544,1774012691251622884,3092
8255,1774012691253140886,1774012691256490254,3349
8256,1774012691258153703,1774012691261159288,3005
8257,1774012691262850831,1774012691266419190,3568
8258,1774012691268143510,1774012691271761588,3618
8259,1774012691273520907,1774012691277136200,3615
8260,1774012691279054472,1774012691282613465,3558
8261,1774012691284385467,1774012691287685272,3299
8262,1774012691289670190,1774012691292890098,3219
8263,1774012691294628164,1774012691297801502,3173
8264,1774012691299507087,1774012691302894905,3387
8265,1774012691304676645,1774012691308184620,3507
8266,1774012691309891540,1774012691313429669,3538
8267,1774012691315135880,1774012691318588995,3453
8268,1774012691320558887,1774012691323989767,3430
8269,1774012691325676212,1774012691328925352,3249
8270,1774012691330611082,1774012691333898036,3286
8271,1774012691335561009,1774012691339077600,3516
8272,1774012691340864681,1774012691344363031,3498
8273,1774012691346016893,1774012691349424002,3407
8274,1774012691351140836,1774012691354610543,3469
8275,1774012691356350434,1774012691360099090,3748
8276,1774012691361857243,1774012691365157778,3300
8277,1774012691366872753,1774012691370262757,3390
8278,1774012691371907787,1774012691375212973,3305
8279,1774012691376605964,1774012691379332628,2726
8280,1774012691380931354,1774012691384145551,3214
8281,1774012691385742501,1774012691389189002,3446
8282,1774012691390822344,1774012691394145046,3322
8283,1774012691395751701,1774012691398765979,3014
8284,1774012691400193568,1774012691403746024,3552
8285,1774012691405478047,1774012691408768172,3290
8286,1774012691410505044,1774012691413609897,3104
8287,1774012691415456759,1774012691418997752,3540
8288,1774012691420757841,1774012691424414824,3656
8289,1774012691426109887,1774012691429241802,3131
8290,1774012691430872119,1774012691434021177,3149
8291,1774012691435699158,1774012691438904695,3205
8292,1774012691440551054,1774012691443960886,3409
8293,1774012691445750912,1774012691448963093,3212
8294,1774012691450775717,1774012691454252372,3476
8295,1774012691455998218,1774012691459533730,3535
8296,1774012691461180652,1774012691464540630,3359
8297,1774012691466195060,1774012691469350252,3155
8298,1774012691471038797,1774012691473986886,2948
8299,1774012691475620199,1774012691479014036,3393
8300,1774012691480987416,1774012691484768405,3780
8301,1774012691486479916,1774012691489973079,3493
8302,1774012691491832696,1774012691494926429,3093
8303,1774012691496612629,1774012691499724245,3111
8304,1774012691501448360,1774012691504629867,3181
8305,1774012691506098897,1774012691509420071,3321
8306,1774012691511163136,1774012691514729664,3566
8307,1774012691516096039,1774012691519470496,3374
8308,1774012691520792395,1774012691523512555,2720
8309,1774012691525124343,1774012691528598575,3474
8310,1774012691530395067,1774012691533533745,3138
8311,1774012691535127041,1774012691538142309,3015
8312,1774012691539813888,1774012691543359555,3545
8313,1774012691545087665,1774012691548424185,3336
8314,1774012691549995215,1774012691552932169,2936
8315,1774012691554707417,1774012691557998724,3291
8316,1774012691559668924,1774012691563117880,3448
8317,1774012691564776345,1774012691568332061,3555
8318,1774012691570216918,1774012691573630944,3414
8319,1774012691575361266,1774012691578851115,3489
8320,1774012691580715294,1774012691584226988,3511
8321,1774012691585868868,1774012691589167422,3298
8322,1774012691590944213,1774012691594378943,3434
8323,1774012691596152062,1774012691599532005,3379
8324,1774012691601290869,1774012691604590540,3299
8325,1774012691606509932,1774012691610065406,3555
8326,1774012691611791093,1774012691615427090,3635
8327,1774012691617192971,1774012691620889384,3696
8328,1774012691622637440,1774012691625981767,3344
8329,1774012691627828718,1774012691631417809,3589
8330,1774012691633123947,1774012691636624889,3500
8331,1774012691638198228,1774012691640959906,2761
8332,1774012691642635087,1774012691646115517,3480
8333,1774012691647791327,1774012691650978808,3187
8334,1774012691652527147,1774012691655782080,3254
8335,1774012691657439010,1774012691660390733,2951
8336,1774012691662011987,1774012691665002740,2990
8337,1774012691666689435,1774012691669849830,3160
8338,1774012691671396315,1774012691674623753,3227
8339,1774012691676327998,1774012691679566721,3238
8340,1774012691681425757,1774012691684839030,3413
8341,1774012691686745830,1774012691690349120,3603
8342,1774012691692205690,1774012691695598754,3393
8343,1774012691697298686,1774012691700193979,2895
8344,1774012691701966194,1774012691705096116,3129
8345,1774012691706753764,1774012691709667852,2914
8346,1774012691711338323,1774012691714920398,3582
8347,1774012691716728781,1774012691720164614,3435
8348,1774012691721836483,1774012691725359343,3522
8349,1774012691727021944,1774012691730094873,3072
8350,1774012691731744020,1774012691735159327,3415
8351,1774012691736968971,1774012691740539926,3570
8352,1774012691742201488,1774012691745584518,3383
8353,1774012691747351578,1774012691750385693,3034
8354,1774012691751972660,1774012691755624549,3651
8355,1774012691757482437,1774012691761089469,3607
8356,1774012691762912392,1774012691766371623,3459
8357,1774012691768070185,1774012691771480294,3410
8358,1774012691773312305,1774012691776470129,3157
8359,1774012691778157583,1774012691781482355,3324
8360,1774012691783266372,1774012691786392533,3126
8361,1774012691787964647,1774012691791412225,3447
8362,1774012691792858399,1774012691795878418,3020
8363,1774012691797349218,1774012691799796173,2446
8364,1774012691801398825,1774012691803990845,2592
8365,1774012691805560672,1774012691808954276,3393
8366,1774012691810497908,1774012691813760032,3262
8367,1774012691815466816,1774012691819028486,3561
8368,1774012691820655298,1774012691824087754,3432
8369,1774012691825804567,1774012691829295908,3491
8370,1774012691831033726,1774012691834613985,3580
8371,1774012691836322915,1774012691839628634,3305
8372,1774012691841323375,1774012691844876833,3553
8373,1774012691846762893,1774012691850024052,3261
8374,1774012691851758024,1774012691854880536,3122
8375,1774012691856691118,1774012691860415983,3724
8376,1774012691862239082,1774012691865872165,3633
8377,1774012691867627793,1774012691871160692,3532
8378,1774012691872882644,1774012691875899348,3016
8379,1774012691877693590,1774012691881377972,3684
8380,1774012691882973963,1774012691886023712,3049
8381,1774012691887752514,1774012691891235612,3483
8382,1774012691892882751,1774012691896190186,3307
8383,1774012691897834355,1774012691900797591,2963
8384,1774012691902452257,1774012691905886978,3434
8385,1774012691907637487,1774012691911051476,3413
8386,1774012691912518674,1774012691915706852,3188
8387,1774012691917414623,1774012691920786707,3372
8388,1774012691922621894,1774012691926489076,3867
8389,1774012691928158944,1774012691931526439,3367
8390,1774012691933246721,1774012691937004264,3757
8391,1774012691938490890,1774012691941167383,2676
8392,1774012691942899942,1774012691945921452,3021
8393,1774012691947421271,1774012691951012511,3591
8394,1774012691952821941,1774012691956449941,3628
8395,1774012691958139891,1774012691961530176,3390
8396,1774012691963290448,1774012691966851610,3561
8397,1774012691968542482,1774012691972227505,3685
8398,1774012691973880265,1774012691977106734,3226
8399,1774012691978838505,1774012691982014398,3175
8400,1774012691983895937,1774012691987328815,3432
8401,1774012691989066673,1774012691992940431,3873
8402,1774012691994728721,1774012691998285901,3557
8403,1774012692000029809,1774012692003633467,3603
8404,1774012692005658457,1774012692009513279,3854
8405,1774012692011262421,1774012692014376886,3114
8406,1774012692015948700,1774012692019622424,3673
8407,1774012692021423056,1774012692025158462,3735
8408,1774012692026819963,1774012692029994186,3174
8409,1774012692031804095,1774012692035341877,3537
8410,1774012692037001180,1774012692040486450,3485
8411,1774012692042305386,1774012692045814468,3509
8412,1774012692047575356,1774012692051131814,3556
8413,1774012692052819500,1774012692055720625,2901
8414,1774012692057387616,1774012692060287715,2900
8415,1774012692061936478,1774012692065440062,3503
8416,1774012692067122351,1774012692070546123,3423
8417,1774012692072192643,1774012692074958257,2765
8418,1774012692076887774,1774012692079811002,2923
8419,1774012692081348047,1774012692084605284,3257
8420,1774012692086279850,1774012692089540870,3261
8421,1774012692091213193,1774012692094055283,2842
8422,1774012692095756915,1774012692099401509,3644
8423,1774012692101236661,1774012692104702221,3465
8424,1774012692106457537,1774012692110549947,4092
8425,1774012692112550225,1774012692115746780,3196
8426,1774012692117583815,1774012692120958718,3374
8427,1774012692122664397,1774012692126392920,3728
8428,1774012692128159651,1774012692131891049,3731
8429,1774012692133701906,1774012692137507583,3805
8430,1774012692139271850,1774012692142348168,3076
8431,1774012692144059681,1774012692147799402,3739
8432,1774012692149588387,1774012692153319081,3730
8433,1774012692155066262,1774012692158180351,3114
8434,1774012692159949566,1774012692163609405,3659
8435,1774012692165238879,1774012692169045004,3806
8436,1774012692170910511,1774012692174655007,3744
8437,1774012692176446796,1774012692179494934,3048
8438,1774012692181228273,1774012692184847837,3619
8439,1774012692186606519,1774012692190225013,3618
8440,1774012692191928099,1774012692194766462,2838
8441,1774012692196566277,1774012692199493665,2927
8442,1774012692200977529,1774012692204705080,3727
8443,1774012692206424743,1774012692209117751,2693
8444,1774012692210864476,1774012692213840009,2975
8445,1774012692215637186,1774012692219208579,3571
8446,1774012692220835872,1774012692223652113,2816
8447,1774012692225217044,1774012692228788582,3571
8448,1774012692230719152,1774012692234159319,3440
8449,1774012692235951343,1774012692239536398,3585
8450,1774012692241226186,1774012692244617292,3391
8451,1774012692246365828,1774012692249392755,3026
8452,1774012692251062590,1774012692254523824,3461
8453,1774012692256277159,1774012692259642939,3365
8454,1774012692261299780,1774012692264711906,3412
8455,1774012692266355611,1774012692269854943,3499
8456,1774012692271566916,1774012692275101583,3534
8457,1774012692276724117,1774012692279753848,3029
8458,1774012692281576367,1774012692284947428,3371
8459,1774012692286615288,1774012692290169961,3554
8460,1774012692292063731,1774012692295603991,3540
8461,1774012692297342115,1774012692300369851,3027
8462,1774012692301963210,1774012692305460330,3497
8463,1774012692307171365,1774012692310593340,3421
8464,1774012692312242581,1774012692315133654,2891
8465,1774012692317050590,1774012692320619488,3568
8466,1774012692322479023,1774012692325605101,3126
8467,1774012692327205974,1774012692330997324,3791
8468,1774012692332861257,1774012692335956964,3095
8469,1774012692337610042,1774012692340680439,3070
8470,1774012692342387305,1774012692345367043,2979
8471,1774012692347169164,1774012692350898931,3729
8472,1774012692352617961,1774012692356083896,3465
8473,1774012692357861073,1774012692360889909,3028
8474,1774012692362507405,1774012692366121492,3614
8475,1774012692367804807,1774012692371367378,3562
8476,1774012692373062690,1774012692376437521,3374
8477,1774012692378174366,1774012692381570973,3396
8478,1774012692383308106,1774012692386111652,2803
8479,1774012692387767235,1774012692390978701,3211
8480,1774012692392619405,1774012692396173956,3554
8481,1774012692398039179,1774012692401684005,3644
8482,1774012692403481891,1774012692407175707,3693
8483,1774012692408834449,1774012692412532395,3697
8484,1774012692414223231,1774012692417629767,3406
8485,1774012692419407981,1774012692422913967,3505
8486,1774012692424764032,1774012692428375279,3611
8487,1774012692430037788,1774012692433075675,3037
8488,1774012692434731100,1774012692438191833,3460
8489,1774012692439785509,1774012692443394432,3608
8490,1774012692445060458,1774012692447928927,2868
8491,1774012692449687206,1774012692453430734,3743
8492,1774012692455116720,1774012692458571632,3454
8493,1774012692460297149,1774012692463736170,3439
8494,1774012692465413291,1774012692468306131,2892
8495,1774012692469797732,1774012692472814256,3016
8496,1774012692474417163,1774012692477924075,3506
8497,1774012692479661672,1774012692483149890,3488
8498,1774012692484841049,1774012692488120526,3279
8499,1774012692489722609,1774012692492723130,3000
8500,1774012692494144418,1774012692497318703,3174
8501,1774012692499001213,1774012692502187298,3186
8502,1774012692503658818,1774012692507196267,3537
8503,1774012692508863593,1774012692511737359,2873
8504,1774012692513337134,1774012692516845164,3508
8505,1774012692518531950,1774012692521910233,3378
8506,1774012692523664445,1774012692527023413,3358
8507,1774012692528663541,1774012692532102055,3438
8508,1774012692533832717,1774012692537348313,3515
8509,1774012692539037044,1774012692542431365,3394
8510,1774012692544128033,1774012692546923276,2795
8511,1774012692548557357,1774012692552242863,3685
8512,1774012692553922702,1774012692557372279,3449
8513,1774012692559027886,1774012692562004886,2977
8514,1774012692563735793,1774012692567026750,3290
8515,1774012692568811538,1774012692572348146,3536
8516,1774012692574020421,1774012692577568588,3548
8517,1774012692579185516,1774012692582767682,3582
8518,1774012692584484906,1774012692588022898,3537
8519,1774012692589885283,1774012692593431329,3546
8520,1774012692595094393,1774012692597975007,2880
8521,1774012692599637558,1774012692603320625,3683
8522,1774012692605011410,1774012692608741282,3729
8523,1774012692610388576,1774012692613682601,3294
8524,1774012692615270596,1774012692618362652,3092
8525,1774012692619942185,1774012692623035764,3093
8526,1774012692624730813,1774012692628307410,3576
8527,1774012692629996552,1774012692633054934,3058
8528,1774012692634629665,1774012692637880504,3250
8529,1774012692639574342,1774012692643043542,3469
8530,1774012692644615382,1774012692647839558,3224
8531,1774012692649626589,1774012692653414511,3787
8532,1774012692655086147,1774012692658387713,3301
8533,1774012692660362525,1774012692664096002,3733
8534,1774012692665992023,1774012692669859290,3867
8535,1774012692671860239,1774012692675028974,3168
8536,1774012692676718839,1774012692679869552,3150
8537,1774012692681984845,1774012692685853817,3868
8538,1774012692687628220,1774012692691344772,3716
8539,1774012692693120397,1774012692696244707,3124
8540,1774012692698044606,1774012692701620618,3576
8541,1774012692703404888,1774012692706409524,3004
8542,1774012692708065004,1774012692711246712,3181
8543,1774012692713177334,1774012692716852735,3675
8544,1774012692718614392,1774012692722242381,3627
8545,1774012692723919929,1774012692727374839,3454
8546,1774012692729069309,1774012692732438415,3369
8547,1774012692734029600,1774012692737483592,3453
8548,1774012692738909798,1774012692741936598,3026
8549,1774012692743609701,1774012692747134434,3524
8550,1774012692748634502,1774012692751656523,3022
8551,1774012692753232082,1774012692755975573,2743
8552,1774012692757781881,1774012692761462682,3680
8553,1774012692763121322,1774012692765952441,2831
8554,1774012692767534469,1774012692770600093,3065
8555,1774012692772266021,1774012692775901211,3635
8556,1774012692777461969,1774012692780868048,3406
8557,1774012692782525676,1774012692785934874,3409
8558,1774012692787628962,1774012692790981057,3352
8559,1774012692792557075,1774012692796085898,3528
8560,1774012692797717411,1774012692800763756,3046
8561,1774012692802383741,1774012692805905636,3521
8562,1774012692807563888,1774012692811068821,3504
8563,1774012692812753382,1774012692816256598,3503
8564,1774012692818067894,1774012692821147609,3079
8565,1774012692822821613,1774012692826324513,3502
8566,1774012692828132127,1774012692831508003,3375
8567,1774012692833229859,1774012692836890777,3660
8568,1774012692838872590,1774012692842042323,3169
8569,1774012692843781803,1774012692847411941,3630
8570,1774012692849163466,1774012692852699415,3535
8571,1774012692854563428,1774012692858191632,3628
8572,1774012692859955961,1774012692863036248,3080
8573,1774012692864786114,1774012692868400036,3613
8574,1774012692870097693,1774012692873190905,3093
8575,1774012692874726663,1774012692878260545,3533
8576,1774012692879796583,1774012692883348697,3552
8577,1774012692885013686,1774012692887989322,2975
8578,1774012692889516615,1774012692893029975,3513
8579,1774012692894749999,1774012692897474805,2724
8580,1774012692899225364,1774012692902077280,2851
8581,1774012692903630621,1774012692906633964,3003
8582,1774012692908473800,1774012692912107178,3633
8583,1774012692913858582,1774012692917488124,3629
8584,1774012692919133541,1774012692922849660,3716
8585,1774012692924559542,1774012692927765913,3206
8586,1774012692929637452,1774012692933396238,3758
8587,1774012692935138669,1774012692938199501,3060
8588,1774012692940002850,1774012692943611678,3608
8589,1774012692945306206,1774012692948913738,3607
8590,1774012692950780544,1774012692953808101,3027
8591,1774012692955564273,1774012692958561201,2996
8592,1774012692960200161,1774012692963243624,3043
8593,1774012692965276345,1774012692968807005,3530
8594,1774012692970460888,1774012692974050952,3590
8595,1774012692975704267,1774012692978921954,3217
8596,1774012692980592931,1774012692984217939,3625
8597,1774012692985972591,1774012692989589604,3617
8598,1774012692991288480,1774012692994664629,3376
8599,1774012692996343293,1774012692999221567,2878
8600,1774012693001035407,1774012693004904472,3869
8601,1774012693006749018,1774012693010229632,3480
8602,1774012693011986539,1774012693015611285,3624
8603,1774012693017291350,1774012693020976574,3685
8604,1774012693022657154,1774012693026306850,3649
8605,1774012693028017208,1774012693031016246,2999
8606,1774012693032776177,1774012693036473321,3697
8607,1774012693037980675,1774012693041315367,3334
8608,1774012693042702267,1774012693045775693,3073
8609,1774012693047320783,1774012693049991911,2671
8610,1774012693051712902,1774012693054784328,3071
8611,1774012693056445046,1774012693059195448,2750
8612,1774012693060786404,1774012693064152935,3366
8613,1774012693065914970,1774012693069492086,3577
8614,1774012693071178122,1774012693074561377,3383
8615,1774012693076430399,1774012693079615324,3184
8616,1774012693081281836,1774012693084773373,3491
8617,1774012693086501943,1774012693090016093,3514
8618,1774012693091873982,1774012693095514206,3640
8619,1774012693097187899,1774012693100235430,3047
8620,1774012693102167804,1774012693105926815,3759
8621,1774012693107828774,1774012693111341948,3513
8622,1774012693112972289,1774012693116594157,3621
8623,1774012693118532797,1774012693122374390,3841
8624,1774012693124036560,1774012693127035592,2999
8625,1774012693128855090,1774012693131977472,3122
8626,1774012693133627104,1774012693137217478,3590
8627,1774012693138934895,1774012693142503873,3568
8628,1774012693144169464,1774012693147507037,3337
8629,1774012693149173736,1774012693152501848,3328
8630,1774012693154143321,1774012693157688843,3545
8631,1774012693159439157,1774012693162701596,3262
8632,1774012693164501577,1774012693167947838,3446
8633,1774012693169815011,1774012693173419246,3604
8634,1774012693175136137,1774012693178080082,2943
8635,1774012693179753663,1774012693183322411,3568
8636,1774012693184970988,1774012693187986802,3015
8637,1774012693189580344,1774012693193034525,3454
8638,1774012693194846447,1774012693198292840,3446
8639,1774012693199928161,1774012693203101090,3172
8640,1774012693204984991,1774012693208522309,3537
8641,1774012693210201174,1774012693213504302,3303
8642,1774012693215115971,1774012693218563848,3447
8643,1774012693220384634,1774012693223723116,3338
8644,1774012693225529980,1774012693229074864,3544
8645,1774012693230735600,1774012693234277833,3542
8646,1774012693235939096,1774012693239228279,3289
8647,1774012693240867791,1774012693244409250,3541
8648,1774012693246102855,1774012693249511118,3408
8649,1774012693251433888,1774012693254619321,3185
8650,1774012693256500068,1774012693259988962,3488
8651,1774012693261699303,1774012693264897154,3197
8652,1774012693266598774,1774012693270177131,3578
8653,1774012693271834712,1774012693275278103,3443
8654,1774012693276927079,1774012693280374465,3447
8655,1774012693282068328,1774012693285632980,3564
8656,1774012693287393940,1774012693291087239,3693
8657,1774012693292641189,1774012693296205689,3564
8658,1774012693297937227,1774012693300883777,2946
8659,1774012693302600063,1774012693305517525,2917
8660,1774012693307231210,1774012693310607416,3376
8661,1774012693312253614,1774012693315500815,3247
8662,1774012693317142947,1774012693320412470,3269
8663,1774012693321859097,1774012693324771425,2912
8664,1774012693326325617,1774012693329490304,3164
8665,1774012693331076785,1774012693333959276,2882
8666,1774012693335522504,1774012693339028223,3505
8667,1774012693340702467,1774012693344145207,3442
8668,1774012693345777226,1774012693348653828,2876
8669,1774012693350369900,1774012693353901512,3531
8670,1774012693355561599,1774012693359244203,3682
8671,1774012693361203208,1774012693364918997,3715
8672,1774012693366679032,1774012693370279374,3600
8673,1774012693372240442,1774012693375251707,3011
8674,1774012693376922353,1774012693380404995,3482
8675,1774012693382282432,1774012693385256484,2974
8676,1774012693387139797,1774012693390887658,3747
8677,1774012693392513700,1774012693395602671,3088
8678,1774012693397276621,1774012693400840225,3563
8679,1774012693402595260,1774012693406097833,3502
8680,1774012693407919637,1774012693411013591,3093
8681,1774012693412651847,1774012693416153616,3501
8682,1774012693417881864,1774012693421541306,3659
8683,1774012693423285561,1774012693426836844,3551
8684,1774012693428416702,1774012693431901988,3485
8685,1774012693433417587,1774012693436311240,2893
8686,1774012693437937781,1774012693441388157,3450
8687,1774012693442995268,1774012693446564957,3569
8688,1774012693448332445,1774012693451501297,3168
8689,1774012693453059682,1774012693456399532,3339
8690,1774012693457977215,1774012693461304113,3326
8691,1774012693462877457,1774012693466257552,3380
8692,1774012693467886081,1774012693471137510,3251
8693,1774012693472715438,1774012693475935523,3220
8694,1774012693477622437,1774012693481020881,3398
8695,1774012693482725450,1774012693485852263,3126
8696,1774012693487483802,1774012693491007221,3523
8697,1774012693492700812,1774012693496354943,3654
8698,1774012693497959906,1774012693501446722,3486
8699,1774012693503039623,1774012693506459380,3419
8700,1774012693508407667,1774012693511837414,3429
8701,1774012693513540188,1774012693517075501,3535
8702,1774012693518777521,1774012693522397532,3620
8703,1774012693524132672,1774012693527130907,2998
8704,1774012693528809951,1774012693532009728,3199
8705,1774012693533811035,1774012693537400387,3589
8706,1774012693539247136,1774012693542582942,3335
8707,1774012693544477507,1774012693548103713,3626
8708,1774012693549992544,1774012693553558908,3566
8709,1774012693555371844,1774012693558603437,3231
8710,1774012693560296432,1774012693563267210,2970
8711,1774012693565090449,1774012693567891248,2800
8712,1774012693569620051,1774012693572364982,2744
8713,1774012693574068837,1774012693576929481,2860
8714,1774012693578637291,1774012693581881576,3244
8715,1774012693583481650,1774012693587154343,3672
8716,1774012693588783295,1774012693591602326,2819
8717,1774012693593321320,1774012693596277042,2955
8718,1774012693598009073,1774012693601471590,3462
8719,1774012693603101299,1774012693606150586,3049
8720,1774012693607804045,1774012693610888119,3084
8721,1774012693612516810,1774012693615965760,3448
8722,1774012693617807793,1774012693621563250,3755
8723,1774012693623247308,1774012693626694481,3447
8724,1774012693628563530,1774012693632077926,3514
8725,1774012693633957023,1774012693637419511,3462
8726,1774012693638949908,1774012693641865841,2915
8727,1774012693643547993,1774012693646787455,3239
8728,1774012693648485509,1774012693651944813,3459
8729,1774012693653707937,1774012693657129819,3421
8730,1774012693659030304,1774012693662519064,3488
8731,1774012693664301087,1774012693667762801,3461
8732,1774012693669652499,1774012693673177889,3525
8733,1774012693674808682,1774012693678033534,3224
8734,1774012693679699438,1774012693683085357,3385
8735,1774012693684735430,1774012693688111483,3376
8736,1774012693689913127,1774012693692969395,3056
8737,1774012693694738133,1774012693698409298,3671
8738,1774012693700230672,1774012693703783445,3552
8739,1774012693705455977,1774012693708141498,2685
8740,1774012693709691769,1774012693713164609,3472
8741,1774012693714846058,1774012693718129708,3283
8742,1774012693719754079,1774012693723258744,3504
8743,1774012693724522812,1774012693727076346,2553
8744,1774012693728685612,1774012693731403169,2717
8745,1774012693733046610,1774012693735825443,2778
8746,1774012693737286861,1774012693740009940,2723
8747,1774012693741576955,1774012693744330719,2753
8748,1774012693745786804,1774012693749319997,3533
8749,1774012693750992680,1774012693754497468,3504
8750,1774012693756154951,1774012693759439175,3284
8751,1774012693761193898,1774012693764476656,3282
8752,1774012693766112313,1774012693769437263,3324
8753,1774012693771078668,1774012693774383506,3304
8754,1774012693776091480,1774012693779404087,3312
8755,1774012693781048148,1774012693784001705,2953
8756,1774012693785601947,1774012693788499490,2897
8757,1774012693790123608,1774012693792963015,2839
8758,1774012693794684180,1774012693798292520,3608
8759,1774012693799953606,1774012693803180217,3226
8760,1774012693804845764,1774012693808186668,3340
8761,1774012693809771836,1774012693812817276,3045
8762,1774012693814403169,1774012693817123934,2720
8763,1774012693818774748,1774012693822310964,3536
8764,1774012693824081089,1774012693827516946,3435
8765,1774012693829382182,1774012693833020540,3638
8766,1774012693834715737,1774012693838488251,3772
8767,1774012693840189053,1774012693843607966,3418
8768,1774012693845279084,1774012693848858323,3579
8769,1774012693850505997,1774012693853637929,3131
8770,1774012693855208919,1774012693857848424,2639
8771,1774012693859533480,1774012693863049545,3516
8772,1774012693864667674,1774012693867226902,2559
8773,1774012693868659478,1774012693871951249,3291
8774,1774012693873668483,1774012693876774416,3105
8775,1774012693877862942,1774012693880514401,2651
8776,1774012693882195659,1774012693885046128,2850
8777,1774012693886664038,1774012693889640624,2976
8778,1774012693891301295,1774012693894531869,3230
8779,1774012693896161968,1774012693899566999,3405
8780,1774012693901198216,1774012693904066512,2868
8781,1774012693905748412,1774012693909340014,3591
8782,1774012693910961783,1774012693913998984,3037
8783,1774012693915819127,1774012693918766412,2947
8784,1774012693920443788,1774012693924272950,3829
8785,1774012693925899749,1774012693929466202,3566
8786,1774012693931171012,1774012693934809400,3638
8787,1774012693936519456,1774012693939636743,3117
8788,1774012693941341427,1774012693944875504,3534
8789,1774012693946776922,1774012693950078412,3301
8790,1774012693951855175,1774012693955465821,3610
8791,1774012693957164440,1774012693960294547,3130
8792,1774012693962029987,1774012693965582074,3552
8793,1774012693967362252,1774012693970939408,3577
8794,1774012693972736680,1774012693975819940,3083
8795,1774012693977487534,1774012693981159594,3672
8796,1774012693982879719,1774012693986392380,3512
8797,1774012693988037729,1774012693990912114,2874
8798,1774012693992528460,1774012693996219867,3691
8799,1774012693997991138,1774012694000678791,2687
8800,1774012694002270908,1774012694005869658,3598
8801,1774012694007483088,1774012694010358491,2875
8802,1774012694012021956,1774012694014962253,2940
8803,1774012694016627905,1774012694020374694,3746
8804,1774012694022087410,1774012694025710253,3622
8805,1774012694027392863,1774012694030658757,3265
8806,1774012694032404949,1774012694035325938,2920
8807,1774012694037006983,1774012694040627025,3620
8808,1774012694042377675,1774012694045419354,3041
8809,1774012694047134772,1774012694050698656,3563
8810,1774012694052390214,1774012694056169642,3779
8811,1774012694057877885,1774012694061421247,3543
8812,1774012694063108283,1774012694066474382,3366
8813,1774012694068233680,1774012694071378923,3145
8814,1774012694073043412,1774012694076440492,3397
8815,1774012694078061396,1774012694080972653,2911
8816,1774012694082828235,1774012694086476093,3647
8817,1774012694088119378,1774012694091529124,3409
8818,1774012694093371504,1774012694096695039,3323
8819,1774012694098350955,1774012694101952946,3601
8820,1774012694103886154,1774012694106978085,3091
8821,1774012694108907202,1774012694112164712,3257
8822,1774012694113822192,1774012694117163073,3340
8823,1774012694118656046,1774012694122391956,3735
8824,1774012694124215262,1774012694127761004,3545
8825,1774012694129450316,1774012694133393550,3943
8826,1774012694135002129,1774012694137971161,2969
8827,1774012694139635906,1774012694143450905,3814
8828,1774012694145230938,1774012694148478344,3247
8829,1774012694150184648,1774012694154011363,3826
8830,1774012694155734223,1774012694159371435,3637
8831,1774012694161129504,1774012694164600991,3471
8832,1774012694166390333,1774012694169720142,3329
8833,1774012694171682265,1774012694175216662,3534
8834,1774012694176968895,1774012694180533772,3564
8835,1774012694182437910,1774012694186133071,3695
8836,1774012694187842764,1774012694191007889,3165
8837,1774012694192922520,1774012694196071612,3149
8838,1774012694197718197,1774012694201084617,3366
8839,1774012694202970187,1774012694206072715,3102
8840,1774012694207724436,1774012694211296930,3572
8841,1774012694212940735,1774012694216458726,3517
8842,1774012694218429331,1774012694221829267,3399
8843,1774012694223549995,1774012694226769141,3219
8844,1774012694228453272,1774012694232296105,3842
8845,1774012694233984608,1774012694237542164,3557
8846,1774012694239284971,1774012694242659650,3374
8847,1774012694244451072,1774012694247982883,3531
8848,1774012694249774107,1774012694253215860,3441
8849,1774012694254950812,1774012694258456778,3505
8850,1774012694260162236,1774012694262965110,2802
8851,1774012694264599154,1774012694267456118,2856
8852,1774012694269075349,1774012694272576062,3500
8853,1774012694274269135,1774012694277938061,3668
8854,1774012694279421209,1774012694282960604,3539
8855,1774012694284554580,1774012694287383300,2828
8856,1774012694296082936,1774012694299092551,3009
8857,1774012694300690330,1774012694304074404,3384
8858,1774012694305880667,1774012694309390004,3509
8859,1774012694311047400,1774012694314472254,3424
8860,1774012694316111405,1774012694319107872,2996
8861,1774012694320740095,1774012694324174995,3434
8862,1774012694325917200,1774012694329338505,3421
8863,1774012694330982574,1774012694334371646,3389
8864,1774012694336004831,1774012694339000033,2995
8865,1774012694340625709,1774012694344097268,3471
8866,1774012694345838579,1774012694349312794,3474
8867,1774012694351193913,1774012694354540480,3346
8868,1774012694356217921,1774012694359682680,3464
8869,1774012694361374473,1774012694364692841,3318
8870,1774012694366351109,1774012694369878427,3527
8871,1774012694371603970,1774012694375180958,3576
8872,1774012694376856017,1774012694380452489,3596
8873,1774012694382182198,1774012694385614673,3432
8874,1774012694387521298,1774012694390758758,3237
8875,1774012694392444654,1774012694395881185,3436
8876,1774012694397586427,1774012694401055858,3469
8877,1774012694402760851,1774012694406460262,3699
8878,1774012694408158171,1774012694410956390,2798
8879,1774012694412678385,1774012694415519951,2841
8880,1774012694417246549,1774012694420186390,2939
8881,1774012694421983786,1774012694424682783,2698
8882,1774012694426350269,1774012694430011795,3661
8883,1774012694431711677,1774012694435078586,3366
8884,1774012694436689115,1774012694439743650,3054
8885,1774012694441418228,1774012694444885522,3467
8886,1774012694446583283,1774012694450114246,3530
8887,1774012694451744558,1774012694455098904,3354
8888,1774012694456729233,1774012694459853692,3124
8889,1774012694461485671,1774012694465134449,3648
8890,1774012694466983597,1774012694470063974,3080
8891,1774012694471953861,1774012694475100353,3146
8892,1774012694476918323,1774012694480672794,3754
8893,1774012694482469622,1774012694486505696,4036
8894,1774012694488178180,1774012694491223765,3045
8895,1774012694492817087,1774012694496666989,3849
8896,1774012694498397684,1774012694501382248,2984
8897,1774012694503278488,1774012694506716998,3438
8898,1774012694508362497,1774012694511842101,3479
8899,1774012694513699159,1774012694517226693,3527
8900,1774012694518873823,1774012694522574123,3700
8901,1774012694524587150,1774012694528089063,3501
8902,1774012694529734993,1774012694533100798,3365
8903,1774012694534903815,1774012694538446465,3542
8904,1774012694540150369,1774012694543708940,3558
8905,1774012694545358630,1774012694548214838,2856
8906,1774012694549854908,1774012694552973948,3119
8907,1774012694554591648,1774012694557915956,3324
8908,1774012694559457050,1774012694562826656,3369
8909,1774012694564420289,1774012694568030448,3610
8910,1774012694569614133,1774012694572346086,2731
8911,1774012694574034579,1774012694576716117,2681
8912,1774012694578431876,1774012694581916964,3485
8913,1774012694583603979,1774012694587025240,3421
8914,1774012694588628368,1774012694591991246,3362
8915,1774012694593621228,1774012694596831425,3210
8916,1774012694598574400,1774012694601611831,3037
8917,1774012694603361176,1774012694606987513,3626
8918,1774012694608791867,1774012694612357309,3565
8919,1774012694614020196,1774012694617454657,3434
8920,1774012694619125332,1774012694622662165,3536
8921,1774012694624594031,1774012694628505877,3911
8922,1774012694630207525,1774012694633558549,3351
8923,1774012694635358428,1774012694639072174,3713
8924,1774012694640750608,1774012694643876260,3125
8925,1774012694645643323,1774012694649298837,3655
8926,1774012694650912167,1774012694654046717,3134
8927,1774012694655872741,1774012694659545491,3672
8928,1774012694661374337,1774012694664854769,3480
8929,1774012694666690971,1774012694669893213,3202
8930,1774012694671631520,1774012694675218035,3586
8931,1774012694676995056,1774012694679911198,2916
8932,1774012694681695317,1774012694685101734,3406
8933,1774012694686713663,1774012694690195178,3481
8934,1774012694691844727,1774012694695438791,3594
8935,1774012694697273885,1774012694700609210,3335
8936,1774012694701886582,1774012694705233267,3346
8937,1774012694706956996,1774012694710368426,3411
8938,1774012694711983866,1774012694715336346,3352
8939,1774012694717016360,1774012694720306233,3289
8940,1774012694721908022,1774012694725320379,3412
8941,1774012694726932785,1774012694729807362,2874
8942,1774012694731420240,1774012694734502304,3082
8943,1774012694736137791,1774012694739457560,3319
8944,1774012694741177553,1774012694744460402,3282
8945,1774012694746208328,1774012694749718422,3510
8946,1774012694751344233,1774012694754019046,2674
8947,1774012694755652209,1774012694758821627,3169
8948,1774012694760449022,1774012694763805351,3356
8949,1774012694765589324,1774012694769295592,3706
8950,1774012694771104405,1774012694774511704,3407
8951,1774012694776266100,1774012694779676020,3409
8952,1774012694781598855,1774012694784864283,3265
8953,1774012694786631054,1774012694789747456,3116
8954,1774012694791537135,1774012694794665331,3128
8955,1774012694796158275,1774012694799797801,3639
8956,1774012694801427908,1774012694804108642,2680
8957,1774012694805721518,1774012694809184473,3462
8958,1774012694810829935,1774012694813768847,2938
8959,1774012694815482947,1774012694818747096,3264
8960,1774012694820464975,1774012694823838185,3373
8961,1774012694825434276,1774012694828127176,2692
8962,1774012694829743870,1774012694833068115,3324
8963,1774012694834702052,1774012694838246510,3544
8964,1774012694839880135,1774012694842545945,2665
8965,1774012694844014538,1774012694847226478,3211
8966,1774012694848678899,1774012694851632772,2953
8967,1774012694853216299,1774012694856632319,3416
8968,1774012694858252194,1774012694861498264,3246
8969,1774012694863205457,1774012694866599338,3393
8970,1774012694868223282,1774012694871518405,3295
8971,1774012694873089619,1774012694876338605,3248
8972,1774012694877992017,1774012694881439936,3447
8973,1774012694883144924,1774012694885979873,2834
8974,1774012694887590126,1774012694891120506,3530
8975,1774012694892874632,1774012694896331961,3457
8976,1774012694898019838,1774012694901402985,3383
8977,1774012694903205574,1774012694906502741,3297
8978,1774012694908168092,1774012694911622805,3454
8979,1774012694913299978,1774012694916347780,3047
8980,1774012694918008339,1774012694921422969,3414
8981,1774012694923324533,1774012694926936753,3612
8982,1774012694928585647,1774012694931802355,3216
8983,1774012694933507214,1774012694936970782,3463
8984,1774012694938951598,1774012694942464926,3513
8985,1774012694944234013,1774012694947911641,3677
8986,1774012694949709688,1774012694953275791,3566
8987,1774012694954980303,1774012694958493754,3513
8988,1774012694960176840,1774012694963677459,3500
8989,1774012694965347734,1774012694968831340,3483
8990,1774012694970385740,1774012694973581822,3196
8991,1774012694975330630,1774012694978512748,3182
8992,1774012694980137641,1774012694983725122,3587
8993,1774012694985490198,1774012694988335952,2845
8994,1774012694989927970,1774012694993246961,3318
8995,1774012694994829274,1774012694998472723,3643
8996,1774012695000112413,1774012695003439459,3327
8997,1774012695005212616,1774012695008584931,3372
8998,1774012695010237986,1774012695013691302,3453
8999,1774012695015454077,1774012695018315186,2861
9000,1774012695019975575,1774012695023390769,3415
9001,1774012695025305839,1774012695028683097,3377
9002,1774012695030452966,1774012695033903625,3450
9003,1774012695035553895,1774012695038787894,3233
9004,1774012695040437261,1774012695044059621,3622
9005,1774012695045953569,1774012695049445521,3491
9006,1774012695051209397,1774012695054129614,2920
9007,1774012695055791789,1774012695059404186,3612
9008,1774012695061022856,1774012695064811739,3788
9009,1774012695066616001,1774012695070216835,3600
9010,1774012695071852616,1774012695075378950,3526
9011,1774012695077273512,1774012695080937527,3664
9012,1774012695082586048,1774012695086153451,3567
9013,1774012695087946154,1774012695091536429,3590
9014,1774012695093205412,1774012695096826383,3620
9015,1774012695098550381,1774012695102064409,3514
9016,1774012695103729890,1774012695106820003,3090
9017,1774012695108309256,1774012695111141058,2831
9018,1774012695112888611,1774012695116256396,3367
9019,1774012695117767774,1774012695121155649,3387
9020,1774012695122838599,1774012695126153076,3314
9021,1774012695127868798,1774012695130926959,3058
9022,1774012695132603848,1774012695136079605,3475
9023,1774012695137668384,1774012695141025150,3356
9024,1774012695142787333,1774012695146265503,3478
9025,1774012695147879183,1774012695151246644,3367
9026,1774012695152902225,1774012695156389833,3487
9027,1774012695158198357,1774012695161615261,3416
9028,1774012695163435299,1774012695166896735,3461
9029,1774012695168636429,1774012695172127416,3490
9030,1774012695173897939,1774012695177154532,3256
9031,1774012695178956337,1774012695182547020,3590
9032,1774012695184344217,1774012695187808325,3464
9033,1774012695189452585,1774012695192447042,2994
9034,1774012695194083131,1774012695197465658,3382
9035,1774012695199197094,1774012695202694638,3497
9036,1774012695204516410,1774012695208102271,3585
9037,1774012695209819757,1774012695213436751,3616
9038,1774012695215152768,1774012695218776883,3624
9039,1774012695220607223,1774012695224478946,3871
9040,1774012695226229960,1774012695229149609,2919
9041,1774012695230818427,1774012695233958439,3140
9042,1774012695235566189,1774012695239144181,3577
9043,1774012695240897295,1774012695244492056,3594
9044,1774012695246307255,1774012695249841515,3534
9045,1774012695251310312,1774012695253979270,2668
9046,1774012695255492446,1774012695258491765,2999
9047,1774012695260032627,1774012695262391861,2359
9048,1774012695263672919,1774012695266174143,2501
9049,1774012695267892587,1774012695271235292,3342
9050,1774012695272896054,1774012695276440401,3544
9051,1774012695278138545,1774012695281483009,3344
9052,1774012695283226948,1774012695286131530,2904
9053,1774012695287755029,1774012695290982439,3227
9054,1774012695292674255,1774012695295988087,3313
9055,1774012695297632765,1774012695300838502,3205
9056,1774012695302616689,1774012695305883000,3266
9057,1774012695307570080,1774012695311088940,3518
9058,1774012695313060826,1774012695316031709,2970
9059,1774012695317690702,1774012695321493951,3803
9060,1774012695323234909,1774012695326814723,3579
9061,1774012695328502719,1774012695332009314,3506
9062,1774012695333721043,1774012695336818618,3097
9063,1774012695338672063,1774012695342263516,3591
9064,1774012695344084890,1774012695347498669,3413
9065,1774012695349280431,1774012695352211864,2931
9066,1774012695353834792,1774012695356984057,3149
9067,1774012695358626224,1774012695362112783,3486
9068,1774012695363726594,1774012695367597708,3871
9069,1774012695369395827,1774012695372881264,3485
9070,1774012695374428447,1774012695377241954,2813
9071,1774012695378957400,1774012695382298429,3341
9072,1774012695383901194,1774012695387663049,3761
9073,1774012695389317809,1774012695392506787,3188
9074,1774012695394059943,1774012695397542942,3482
9075,1774012695399311520,1774012695402208758,2897
9076,1774012695403733452,1774012695407111159,3377
9077,1774012695408774076,1774012695411640383,2866
9078,1774012695413253181,1774012695416782441,3529
9079,1774012695418415059,1774012695421833007,3417
9080,1774012695423506133,1774012695426627539,3121
9081,1774012695428527613,1774012695432186542,3658
9082,1774012695433863166,1774012695437247263,3384
9083,1774012695438950116,1774012695441895184,2945
9084,1774012695443553219,1774012695447114156,3560
9085,1774012695448734056,1774012695451767783,3033
9086,1774012695453531479,1774012695456971273,3439
9087,1774012695458699604,1774012695462142853,3443
9088,1774012695463874927,1774012695466900948,3026
9089,1774012695468596061,1774012695472160681,3564
9090,1774012695473792193,1774012695476852989,3060
9091,1774012695478741408,1774012695482143454,3402
9092,1774012695483798731,1774012695487151599,3352
9093,1774012695488842114,1774012695492490396,3648
9094,1774012695494185121,1774012695497520148,3335
9095,1774012695499277357,1774012695501962672,2685
9096,1774012695503742570,1774012695507206591,3464
9097,1774012695508790886,1774012695512413553,3622
9098,1774012695514117266,1774012695517594697,3477
9099,1774012695519367179,1774012695522081751,2714
9100,1774012695523616482,1774012695526596501,2980
9101,1774012695528279091,1774012695531953988,3674
9102,1774012695533413793,1774012695536426784,3012
9103,1774012695537882169,1774012695541371027,3488
9104,1774012695543086380,1774012695546011831,2925
9105,1774012695547714720,1774012695550867330,3152
9106,1774012695552596823,1774012695556190741,3593
9107,1774012695557874885,1774012695561263597,3388
9108,1774012695563007161,1774012695566808711,3801
9109,1774012695568638467,1774012695572163353,3524
9110,1774012695573858226,1774012695576822737,2964
9111,1774012695578569699,1774012695581736092,3166
9112,1774012695583446639,1774012695586639885,3193
9113,1774012695588424161,1774012695591901036,3476
9114,1774012695593718642,1774012695597313574,3594
9115,1774012695598984075,1774012695602325383,3341
9116,1774012695604019769,1774012695607636136,3616
9117,1774012695609375559,1774012695612404368,3028
9118,1774012695614072811,1774012695617584817,3512
9119,1774012695619278825,1774012695622739808,3460
9120,1774012695624459294,1774012695628069132,3609
9121,1774012695629915021,1774012695633539948,3624
9122,1774012695635405956,1774012695638938403,3532
9123,1774012695640518065,1774012695643715228,3197
9124,1774012695645458289,1774012695648266717,2808
9125,1774012695649922374,1774012695653491508,3569
9126,1774012695655120053,1774012695658737951,3617
9127,1774012695660548870,1774012695664155202,3606
9128,1774012695665723017,1774012695669303825,3580
9129,1774012695670800492,1774012695674377851,3577
9130,1774012695676099377,1774012695679738086,3638
9131,1774012695681382498,1774012695684177862,2795
9132,1774012695685890169,1774012695689478253,3588
9133,1774012695691143039,1774012695694513521,3370
9134,1774012695696163489,1774012695699486593,3323
9135,1774012695701104331,1774012695704406775,3302
9136,1774012695706121089,1774012695709120559,2999
9137,1774012695710754884,1774012695714063450,3308
9138,1774012695715686526,1774012695719338515,3651
9139,1774012695721031714,1774012695724122219,3090
9140,1774012695725880400,1774012695729467220,3586
9141,1774012695731079509,1774012695734658275,3578
9142,1774012695736700500,1774012695740040970,3340
9143,1774012695741702394,1774012695744931113,3228
9144,1774012695746858557,1774012695750018046,3159
9145,1774012695751788909,1774012695755429376,3640
9146,1774012695757093865,1774012695760146200,3052
9147,1774012695762014283,1774012695765474749,3460
9148,1774012695767173464,1774012695770897602,3724
9149,1774012695772754609,1774012695776464183,3709
9150,1774012695778191441,1774012695781169831,2978
9151,1774012695782795487,1774012695786490614,3695
9152,1774012695788115424,1774012695791747480,3632
9153,1774012695793457842,1774012695796250287,2792
9154,1774012695797503553,1774012695800228422,2724
9155,1774012695801788924,1774012695804434708,2645
9156,1774012695805905065,1774012695808818749,2913
9157,1774012695810393168,1774012695813326519,2933
9158,1774012695815005055,1774012695818472191,3467
9159,1774012695820112427,1774012695822991166,2878
9160,1774012695824672114,1774012695828305694,3633
9161,1774012695829993307,1774012695833092848,3099
9162,1774012695834783178,1774012695838432709,3649
9163,1774012695840122901,1774012695843620627,3497
9164,1774012695845639843,1774012695849295493,3655
9165,1774012695850994790,1774012695854519608,3524
9166,1774012695856410114,1774012695859572319,3162
9167,1774012695861213934,1774012695864755905,3541
9168,1774012695866446985,1774012695870015413,3568
9169,1774012695871657726,1774012695875100415,3442
9170,1774012695876975487,1774012695880768134,3792
9171,1774012695882629785,1774012695886113432,3483
9172,1774012695887758628,1774012695891164377,3405
9173,1774012695892849092,1774012695896387686,3538
9174,1774012695898186721,1774012695901614839,3428
9175,1774012695903272609,1774012695906400554,3127
9176,1774012695908057284,1774012695911037936,2980
9177,1774012695912732721,1774012695916236345,3503
9178,1774012695917955535,1774012695920636946,2681
9179,1774012695922221826,1774012695925865582,3643
9180,1774012695927591561,1774012695930438374,2846
9181,1774012695932013468,1774012695935083359,3069
9182,1774012695936811255,1774012695939376796,2565
9183,1774012695941009637,1774012695943952685,2943
9184,1774012695945475217,1774012695948064938,2589
9185,1774012695949483433,1774012695952196573,2713
9186,1774012695953825348,1774012695956861427,3036
9187,1774012695958573226,1774012695962047186,3473
9188,1774012695963638251,1774012695966948674,3310
9189,1774012695968616326,1774012695972147034,3530
9190,1774012695973928727,1774012695977347640,3418
9191,1774012695978982937,1774012695982487297,3504
9192,1774012695984158874,1774012695987616313,3457
9193,1774012695989359279,1774012695992621280,3262
9194,1774012695994263332,1774012695997667980,3404
9195,1774012695999267620,1774012696002667909,3400
9196,1774012696004525791,1774012696008007822,3482
9197,1774012696009712208,1774012696013178451,3466
9198,1774012696014930247,1774012696018548359,3618
9199,1774012696020314323,1774012696023823639,3509
9200,1774012696025551614,1774012696028705192,3153
9201,1774012696030358101,1774012696033871024,3512
9202,1774012696035621302,1774012696038924827,3303
9203,1774012696040723030,1774012696044021305,3298
9204,1774012696045816392,1774012696048879717,3063
9205,1774012696050572901,1774012696053377622,2804
9206,1774012696055100705,1774012696057948702,2847
9207,1774012696059458402,1774012696062251757,2793
9208,1774012696063693254,1774012696067254578,3561
9209,1774012696068857507,1774012696072227962,3370
9210,1774012696073973897,1774012696076997386,3023
9211,1774012696078730504,1774012696082117874,3387
9212,1774012696083626509,1774012696086440631,2814
9213,1774012696088040190,1774012696091490267,3450
9214,1774012696093017419,1774012696096465076,3447
9215,1774012696098100050,1774012696101019301,2919
9216,1774012696102685191,1774012696106094622,3409
9217,1774012696107719622,1774012696111290550,3570
9218,1774012696112962991,1774012696116361882,3398
9219,1774012696118036981,1774012696121505805,3468
9220,1774012696123290414,1774012696126523779,3233
9221,1774012696128327993,1774012696131253289,2925
9222,1774012696133193291,1774012696137367806,4174
9223,1774012696139172179,1774012696143064410,3892
9224,1774012696144863439,1774012696148029577,3166
9225,1774012696149911499,1774012696153509658,3598
9226,1774012696155060520,1774012696158630642,3570
9227,1774012696160526519,1774012696164070112,3543
9228,1774012696165781072,1774012696168840426,3059
9229,1774012696170840702,1774012696174396841,3556
9230,1774012696176296869,1774012696179948092,3651
9231,1774012696181690019,1774012696184908326,3218
9232,1774012696186693440,1774012696190390130,3696
9233,1774012696192002149,1774012696195624973,3622
9234,1774012696197361828,1774012696200190262,2828
9235,1774012696201953994,1774012696205368142,3414
9236,1774012696207056882,1774012696210925759,3868
9237,1774012696212741632,1774012696216171882,3430
9238,1774012696217855800,1774012696220888999,3033
9239,1774012696222397391,1774012696225969039,3571
9240,1774012696227607593,1774012696231054241,3446
9241,1774012696232720540,1774012696235899878,3179
9242,1774012696237600900,1774012696241385472,3784
9243,1774012696243345426,1774012696246836188,3490
9244,1774012696248630795,1774012696252160736,3529
9245,1774012696253802011,1774012696257124928,3322
9246,1774012696258873724,1774012696262143207,3269
9247,1774012696263962118,1774012696267163300,3201
9248,1774012696268979552,1774012696272411613,3432
9249,1774012696274083433,1774012696277592353,3508
9250,1774012696279297508,1774012696282885232,3587
9251,1774012696284558534,1774012696288070835,3512
9252,1774012696289752218,1774012696292916323,3164
9253,1774012696294766538,1774012696298493564,3727
9254,1774012696300151778,1774012696303146382,2994
9255,1774012696304836818,1774012696308330996,3494
9256,1774012696309957341,1774012696313037961,3080
9257,1774012696314725288,1774012696317937109,3211
9258,1774012696319698681,1774012696323166132,3467
9259,1774012696324836650,1774012696328393436,3556
9260,1774012696329938703,1774012696333552505,3613
9261,1774012696335102838,1774012696338451711,3348
9262,1774012696339994899,1774012696343365592,3370
9263,1774012696345010313,1774012696347740666,2730
9264,1774012696349367919,1774012696352205394,2837
9265,1774012696353861050,1774012696357458561,3597
9266,1774012696359190589,1774012696362554698,3364
9267,1774012696364089509,1774012696367678116,3588
9268,1774012696369355683,1774012696372595028,3239
9269,1774012696374500198,1774012696378077745,3577
9270,1774012696379731243,1774012696383382526,3651
9271,1774012696385058715,1774012696388480450,3421
9272,1774012696390261338,1774012696393578940,3317
9273,1774012696395196846,1774012696398527236,3330
9274,1774012696400213621,1774012696403745574,3531
9275,1774012696405512959,1774012696408986711,3473
9276,1774012696410626227,1774012696413797522,3171
9277,1774012696415580675,1774012696419096340,3515
9278,1774012696420752027,1774012696424390151,3638
9279,1774012696426135152,1774012696429578862,3443
9280,1774012696431291738,1774012696434629226,3337
9281,1774012696436532801,1774012696440121811,3589
9282,1774012696441792307,1774012696445407388,3615
9283,1774012696447136018,1774012696450653924,3517
9284,1774012696452634889,1774012696456366901,3732
9285,1774012696458185899,1774012696461237324,3051
9286,1774012696462898468,1774012696466546821,3648
9287,1774012696468181310,1774012696471069983,2888
9288,1774012696472886874,1774012696476527287,3640
9289,1774012696478084363,1774012696480753727,2669
9290,1774012696482351766,1774012696486240996,3889
9291,1774012696487727805,1774012696491067404,3339
9292,1774012696492739102,1774012696496413998,3674
9293,1774012696497781772,1774012696501245762,3463
9294,1774012696502965372,1774012696505857286,2891
9295,1774012696507524245,1774012696510753034,3228
9296,1774012696512483696,1774012696515966456,3482
9297,1774012696517716561,1774012696520801193,3084
9298,1774012696522617045,1774012696526153263,3536
9299,1774012696527858431,1774012696531450104,3591
9300,1774012696533289622,1774012696536685282,3395
9301,1774012696538440146,1774012696541817456,3377
9302,1774012696543743587,1774012696546920481,3176
9303,1774012696548756534,1774012696551913044,3156
9304,1774012696553618828,1774012696557043050,3424
9305,1774012696558864507,1774012696562516173,3651
9306,1774012696564167301,1774012696567550138,3382
9307,1774012696569278006,1774012696572371413,3093
9308,1774012696574136120,1774012696577642814,3506
9309,1774012696579279076,1774012696582366457,3087
9310,1774012696584036934,1774012696587377885,3340
9311,1774012696589045893,1774012696592542897,3497
9312,1774012696594318824,1774012696597733661,3414
9313,1774012696599573255,1774012696603129615,3556
9314,1774012696604834090,1774012696607879427,3045
9315,1774012696609582121,1774012696612373432,2791
9316,1774012696614032256,1774012696617103814,3071
9317,1774012696618763225,1774012696622215250,3452
9318,1774012696623819029,1774012696627010658,3191
9319,1774012696628907675,1774012696631898742,2991
9320,1774012696633615654,1774012696637162673,3547
9321,1774012696638885147,1774012696642260792,3375
9322,1774012696643987111,1774012696647400924,3413
9323,1774012696649161998,1774012696652707616,3545
9324,1774012696654617434,1774012696658117631,3500
9325,1774012696659971330,1774012696663385526,3414
9326,1774012696665012833,1774012696668160276,3147
9327,1774012696669831810,1774012696673657540,3825
9328,1774012696675381654,1774012696678544686,3163
9329,1774012696680206549,1774012696683604786,3398
9330,1774012696685334954,1774012696688887803,3552
9331,1774012696690827183,1774012696693998002,3170
9332,1774012696695699835,1774012696699177736,3477
9333,1774012696700965548,1774012696704497244,3531
9334,1774012696706205267,1774012696709092210,2886
9335,1774012696710740324,1774012696714406374,3666
9336,1774012696716044751,1774012696718946886,2902
9337,1774012696720294900,1774012696722877109,2582
9338,1774012696724531198,1774012696728106747,3575
9339,1774012696729641309,1774012696733105562,3464
9340,1774012696734808439,1774012696738231542,3423
9341,1774012696739859016,1774012696742740864,2881
9342,1774012696744416704,1774012696747844264,3427
9343,1774012696749620946,1774012696753146516,3525
9344,1774012696754827972,1774012696758031438,3203
9345,1774012696759747051,1774012696763164180,3417
9346,1774012696764848863,1774012696768253178,3404
9347,1774012696769876442,1774012696773348784,3472
9348,1774012696774963747,1774012696777905549,2941
9349,1774012696779497430,1774012696782924354,3426
9350,1774012696784586044,1774012696788309904,3723
9351,1774012696789916543,1774012696793384794,3468
9352,1774012696795040993,1774012696798379286,3338
9353,1774012696800043254,1774012696803264335,3221
9354,1774012696805084062,1774012696808201627,3117
9355,1774012696809936096,1774012696813535209,3599
9356,1774012696815219642,1774012696818606537,3386
9357,1774012696820253959,1774012696823634297,3380
9358,1774012696825378293,1774012696829000775,3622
9359,1774012696830676228,1774012696834255713,3579
9360,1774012696835912647,1774012696839340836,3428
9361,1774012696841041093,1774012696843984326,2943
9362,1774012696845814798,1774012696849410871,3596
9363,1774012696851427071,1774012696854600588,3173
9364,1774012696856466052,1774012696859919093,3453
9365,1774012696861689445,1774012696864896282,3206
9366,1774012696866569970,1774012696870225857,3655
9367,1774012696871965903,1774012696875359868,3393
9368,1774012696877146006,1774012696880817436,3671
9369,1774012696882552477,1774012696885931480,3379
9370,1774012696887730037,1774012696890860661,3130
9371,1774012696892613826,1774012696896310162,3696
9372,1774012696897837116,1774012696900496762,2659
9373,1774012696902159123,1774012696905591464,3432
9374,1774012696907256616,1774012696910895682,3639
9375,1774012696912570617,1774012696915322188,2751
9376,1774012696917022245,1774012696920548621,3526
9377,1774012696922212446,1774012696925985284,3772
9378,1774012696927877138,1774012696931053582,3176
9379,1774012696932755848,1774012696936463051,3707
9380,1774012696938458227,1774012696942078314,3620
9381,1774012696943780927,1774012696947285255,3504
9382,1774012696949284580,1774012696952327457,3042
9383,1774012696954099233,1774012696957728052,3628
9384,1774012696959448074,1774012696962746048,3297
9385,1774012696964590003,1774012696967893549,3303
9386,1774012696969582933,1774012696973172878,3589
9387,1774012696975133742,1774012696978556980,3423
9388,1774012696980227821,1774012696983624202,3396
9389,1774012696985469990,1774012696988633785,3163
9390,1774012696990359985,1774012696993779073,3419
9391,1774012696995463220,1774012696998612727,3149
9392,1774012697000365562,1774012697004033552,3667
9393,1774012697005705515,1774012697009429434,3723
9394,1774012697011072032,1774012697014032365,2960
9395,1774012697015867689,1774012697019520904,3653
9396,1774012697021268613,1774012697023901368,2632
9397,1774012697025565087,1774012697028227887,2662
9398,1774012697029808626,1774012697033403380,3594
9399,1774012697035028962,1774012697037791760,2762
9400,1774012697039477686,1774012697043088582,3610
9401,1774012697044561129,1774012697048133025,3571
9402,1774012697049596423,1774012697052537020,2940
9403,1774012697054172502,1774012697057548470,3375
9404,1774012697059049186,1774012697062090816,3041
9405,1774012697063825292,1774012697066719584,2894
9406,1774012697068357348,1774012697071894493,3537
9407,1774012697073588080,1774012697077181334,3593
9408,1774012697078837429,1774012697082226064,3388
9409,1774012697083953519,1774012697087209318,3255
9410,1774012697088970269,1774012697092417556,3447
9411,1774012697094043790,1774012697097111157,3067
9412,1774012697098931625,1774012697102320722,3389
9413,1774012697104051866,1774012697107617359,3565
9414,1774012697109248339,1774012697111962156,2713
9415,1774012697113596144,1774012697117101698,3505
9416,1774012697118732649,1774012697122289124,3556
9417,1774012697124009121,1774012697126927170,2918
9418,1774012697128613063,1774012697132085404,3472
9419,1774012697133768587,1774012697136927623,3159
9420,1774012697138609454,1774012697142057843,3448
9421,1774012697143780503,1774012697147498912,3718
9422,1774012697149191288,1774012697152163892,2972
9423,1774012697153893675,1774012697156914629,3020
9424,1774012697158522825,1774012697161612973,3090
9425,1774012697163398662,1774012697167088768,3690
9426,1774012697168758437,1774012697172069770,3311
9427,1774012697173905890,1774012697177055106,3149
9428,1774012697178967368,1774012697182752993,3785
9429,1774012697184467825,1774012697187605688,3137
9430,1774012697189087674,1774012697192925129,3837
9431,1774012697194588888,1774012697197856867,3267
9432,1774012697199769254,1774012697203069164,3299
9433,1774012697204983500,1774012697208664108,3680
9434,1774012697210470891,1774012697214328988,3858
9435,1774012697216060252,1774012697219961244,3900
9436,1774012697221875633,1774012697224936513,3060
9437,1774012697226809472,1774012697230309167,3499
9438,1774012697232200201,1774012697235828356,3628
9439,1774012697237629912,1774012697241431375,3801
9440,1774012697243157407,1774012697246918805,3761
9441,1774012697248870164,1774012697252485512,3615
9442,1774012697254150937,1774012697257191178,3040
9443,1774012697258912868,1774012697262034657,3121
9444,1774012697263929408,1774012697267515980,3586
9445,1774012697269179699,1774012697272120254,2940
9446,1774012697273997377,1774012697277674856,3677
9447,1774012697279665512,1774012697283227574,3562
9448,1774012697285060242,1774012697288229089,3168
9449,1774012697290050150,1774012697292871375,2821
9450,1774012697294582900,1774012697297814383,3231
9451,1774012697299625591,1774012697303113877,3488
9452,1774012697304755538,1774012697307809541,3054
9453,1774012697309485870,1774012697312379405,2893
9454,1774012697314054299,1774012697317631447,3577
9455,1774012697319366479,1774012697322243918,2877
9456,1774012697323708317,1774012697327191310,3482
9457,1774012697328771031,1774012697331744939,2973
9458,1774012697333342587,1774012697336464618,3122
9459,1774012697338110925,1774012697340963327,2852
9460,1774012697342806793,1774012697345958598,3151
9461,1774012697347656678,1774012697351165689,3509
9462,1774012697352827613,1774012697355930318,3102
9463,1774012697357781766,1774012697361220584,3438
9464,1774012697362973431,1774012697366513496,3540
9465,1774012697368332823,1774012697371949126,3616
9466,1774012697373888335,1774012697377420274,3531
9467,1774012697379181200,1774012697382220245,3039
9468,1774012697383845486,1774012697387496753,3651
9469,1774012697389270577,1774012697392684773,3414
9470,1774012697394525024,1774012697398250689,3725
9471,1774012697399920795,1774012697402906606,2985
9472,1774012697404534711,1774012697408113547,3578
9473,1774012697409889629,1774012697413468607,3578
9474,1774012697415228181,1774012697418677390,3449
9475,1774012697420344169,1774012697423640590,3296
9476,1774012697425356589,1774012697428679561,3322
9477,1774012697430341821,1774012697433076067,2734
9478,1774012697434860133,1774012697438323612,3463
9479,1774012697440046763,1774012697442992097,2945
9480,1774012697444666382,1774012697447688690,3022
9481,1774012697449296017,1774012697452942264,3646
9482,1774012697454731792,1774012697457878121,3146
9483,1774012697459596570,1774012697462776239,3179
9484,1774012697464429013,1774012697467173628,2744
9485,1774012697468752879,1774012697471957364,3204
9486,1774012697473611578,1774012697477087955,3476
9487,1774012697478840149,1774012697482414890,3574
9488,1774012697484094459,1774012697487011176,2916
9489,1774012697488632429,1774012697492156239,3523
9490,1774012697493895309,1774012697496946249,3050
9491,1774012697498711115,1774012697502204056,3492
9492,1774012697503945436,1774012697507585261,3639
9493,1774012697509345699,1774012697512881179,3535
9494,1774012697514789003,1774012697518445291,3656
9495,1774012697520085321,1774012697523444533,3359
9496,1774012697525059803,1774012697528126548,3066
9497,1774012697529917007,1774012697533521111,3604
9498,1774012697535191967,1774012697538688460,3496
9499,1774012697540458115,1774012697543657558,3199
9500,1774012697545277924,1774012697548665405,3387
9501,1774012697550431979,1774012697553864495,3432
9502,1774012697555707261,1774012697559230124,3522
9503,1774012697560904841,1774012697563870860,2966
9504,1774012697565605172,1774012697568451172,2846
9505,1774012697569993480,1774012697573521771,3528
9506,1774012697575165524,1774012697578587141,3421
9507,1774012697580297837,1774012697583008386,2710
9508,1774012697584597399,1774012697587719515,3122
9509,1774012697589382303,1774012697592285025,2902
9510,1774012697593994834,1774012697596985409,2990
9511,1774012697598393019,1774012697601183880,2790
9512,1774012697602817128,1774012697605849580,3032
9513,1774012697607567421,1774012697610175153,2607
9514,1774012697611838535,1774012697615210337,3371
9515,1774012697616847908,1774012697619778497,2930
9516,1774012697621553854,1774012697625021193,3467
9517,1774012697626631648,1774012697630081396,3449
9518,1774012697631911481,1774012697635603496,3692
9519,1774012697637546387,1774012697641247333,3700
9520,1774012697642894957,1774012697646009979,3115
9521,1774012697647754439,1774012697651258983,3504
9522,1774012697652904156,1774012697656444703,3540
9523,1774012697657989757,1774012697661465832,3476
9524,1774012697663206215,1774012697666699750,3493
9525,1774012697668440743,1774012697671627629,3186
9526,1774012697673301106,1774012697676629061,3327
9527,1774012697678297494,1774012697681679678,3382
9528,1774012697683496537,1774012697687029558,3533
9529,1774012697688825519,1774012697692327418,3501
9530,1774012697694114329,1774012697697562280,3447
9531,1774012697699319375,1774012697702794257,3474
9532,1774012697704576170,1774012697708033755,3457
9533,1774012697709680560,1774012697713227352,3546
9534,1774012697714844518,1774012697717945827,3101
9535,1774012697719597391,1774012697722308731,2711
9536,1774012697723961462,1774012697727219531,3258
9537,1774012697728630040,1774012697731940035,3309
9538,1774012697733514216,1774012697736755605,3241
9539,1774012697738211977,1774012697740884621,2672
9540,1774012697742441113,1774012697745150636,2709
9541,1774012697746748083,1774012697750270755,3522
9542,1774012697751832451,1774012697755070021,3237
9543,1774012697756771296,1774012697760401434,3630
9544,1774012697761925762,1774012697765364317,3438
9545,1774012697767272709,1774012697770091911,2819
9546,1774012697771776709,1774012697775333366,3556
9547,1774012697776971497,1774012697779970745,2999
9548,1774012697781890011,1774012697785421585,3531
9549,1774012697787095085,1774012697790446283,3351
9550,1774012697792229100,1774012697795783509,3554
9551,1774012697797458707,1774012697800865430,3406
9552,1774012697802573900,1774012697805668982,3095
9553,1774012697807375925,1774012697810715241,3339
9554,1774012697812225742,1774012697815541671,3315
9555,1774012697817252719,1774012697820773335,3520
9556,1774012697822401596,1774012697825949625,3548
9557,1774012697827635591,1774012697830862236,3226
9558,1774012697832642980,1774012697836129340,3486
9559,1774012697837897479,1774012697841410546,3513
9560,1774012697843028106,1774012697846704188,3676
9561,1774012697848368087,1774012697851593670,3225
9562,1774012697853342833,1774012697856370851,3028
9563,1774012697858061001,1774012697861900276,3839
9564,1774012697863403108,1774012697866710242,3307
9565,1774012697868414912,1774012697871341853,2926
9566,1774012697873052030,1774012697876760350,3708
9567,1774012697878526220,1774012697882175962,3649
9568,1774012697883891372,1774012697887600466,3709
9569,1774012697889370700,1774012697892537431,3166
9570,1774012697894297668,1774012697897937913,3640
9571,1774012697899754892,1774012697902960188,3205
9572,1774012697904672579,1774012697907879073,3206
9573,1774012697909640079,1774012697913011405,3371
9574,1774012697914839518,1774012697918390783,3551
9575,1774012697920193950,1774012697923780529,3586
9576,1774012697925487798,1774012697929279143,3791
9577,1774012697931007518,1774012697934048923,3041
9578,1774012697935864116,1774012697939456449,3592
9579,1774012697941376238,1774012697944890643,3514
9580,1774012697946615906,1774012697950224487,3608
9581,1774012697951930248,1774012697955517672,3587
9582,1774012697957191430,1774012697960598834,3407
9583,1774012697962351446,1774012697965734659,3383
9584,1774012697967454768,1774012697970387638,2932
9585,1774012697972061310,1774012697975229795,3168
9586,1774012697976971358,1774012697980599583,3628
9587,1774012697982343991,1774012697985630067,3286
9588,1774012697987285153,1774012697990123820,2838
9589,1774012697991760941,1774012697994738057,2977
9590,1774012697996334085,1774012697998986309,2652
9591,1774012698000875939,1774012698004228331,3352
9592,1774012698006002630,1774012698009491580,3488
9593,1774012698011236724,1774012698014982159,3745
9594,1774012698016718012,1774012698020444009,3725
9595,1774012698022067501,1774012698025535146,3467
9596,1774012698027360618,1774012698030287082,2926
9597,1774012698031915488,1774012698035516141,3600
9598,1774012698037198556,1774012698040511757,3313
9599,1774012698042168653,1774012698045631298,3462
9600,1774012698047378631,1774012698050734879,3356
9601,1774012698052478341,1774012698055823536,3345
9602,1774012698057419486,1774012698060458813,3039
9603,1774012698062080241,1774012698065163621,3083
9604,1774012698067072116,1774012698070535950,3463
9605,1774012698072436314,1774012698076140607,3704
9606,1774012698077882837,1774012698081191481,3308
9607,1774012698082864607,1774012698086387099,3522
9608,1774012698088333958,1774012698091355169,3021
9609,1774012698093033909,1774012698096192102,3158
9610,1774012698098232302,1774012698101384146,3151
9611,1774012698103061267,1774012698106525674,3464
9612,1774012698108345838,1774012698111389726,3043
9613,1774012698113474740,1774012698116948097,3473
9614,1774012698118638157,1774012698122372411,3734
9615,1774012698124133758,1774012698127599219,3465
9616,1774012698129388785,1774012698132493768,3104
9617,1774012698134123599,1774012698137220325,3096
9618,1774012698139078227,1774012698141865851,2787
9619,1774012698143402305,1774012698146486988,3084
9620,1774012698148167942,1774012698151575817,3407
9621,1774012698153169656,1774012698156488409,3318
9622,1774012698158178169,1774012698161593445,3415
9623,1774012698163230583,1774012698166044351,2813
9624,1774012698167733225,1774012698171519379,3786
9625,1774012698173398190,1774012698176340692,2942
9626,1774012698178068824,1774012698181088797,3019
9627,1774012698182807233,1774012698186504027,3696
9628,1774012698188179920,1774012698191558189,3378
9629,1774012698193252615,1774012698196690369,3437
9630,1774012698198455721,1774012698201918679,3462
9631,1774012698203571501,1774012698206912190,3340
9632,1774012698208609174,1774012698212242846,3633
9633,1774012698213929023,1774012698217332645,3403
9634,1774012698218982187,1774012698222365450,3383
9635,1774012698224221795,1774012698227399929,3178
9636,1774012698229062091,1774012698232470216,3408
9637,1774012698234253187,1774012698237699697,3446
9638,1774012698239447640,1774012698242815558,3367
9639,1774012698244429172,1774012698247218601,2789
9640,1774012698248867536,1774012698252347082,3479
9641,1774012698253985755,1774012698257490032,3504
9642,1774012698259192006,1774012698261951230,2759
9643,1774012698263651033,1774012698267270137,3619
9644,1774012698268891671,1774012698272453243,3561
9645,1774012698274069218,1774012698277130041,3060
9646,1774012698278739779,1774012698282277763,3537
9647,1774012698283710871,1774012698287429893,3719
9648,1774012698289071901,1774012698292606172,3534
9649,1774012698294118846,1774012698297135211,3016
9650,1774012698298731052,1774012698301811752,3080
9651,1774012698303361279,1774012698306592896,3231
9652,1774012698308215836,1774012698311955678,3739
9653,1774012698313572934,1774012698317016122,3443
9654,1774012698318640958,1774012698322115033,3474
9655,1774012698323759448,1774012698327272331,3512
9656,1774012698329055576,1774012698332650963,3595
9657,1774012698334476489,1774012698337929100,3452
9658,1774012698339594179,1774012698343413906,3819
9659,1774012698345113036,1774012698348522245,3409
9660,1774012698350168744,1774012698353168127,2999
9661,1774012698354966247,1774012698358547806,3581
9662,1774012698360299972,1774012698363747013,3447
9663,1774012698365462985,1774012698369316549,3853
9664,1774012698370988756,1774012698373923971,2935
9665,1774012698375582683,1774012698379235049,3652
9666,1774012698380889414,1774012698384332580,3443
9667,1774012698386106882,1774012698389230883,3124
9668,1774012698390927514,1774012698394494613,3567
9669,1774012698396251358,1774012698398983798,2732
9670,1774012698400684445,1774012698403878406,3193
9671,1774012698405591178,1774012698409014037,3422
9672,1774012698410561057,1774012698414112225,3551
9673,1774012698415500699,1774012698418873960,3373
9674,1774012698420578391,1774012698423359981,2781
9675,1774012698425048415,1774012698427816757,2768
9676,1774012698429372668,1774012698432132577,2759
9677,1774012698433738332,1774012698437265997,3527
9678,1774012698438864035,1774012698442289108,3425
9679,1774012698443898851,1774012698446818311,2919
9680,1774012698448502843,1774012698451927617,3424
9681,1774012698453587564,1774012698456905048,3317
9682,1774012698458731525,1774012698462060055,3328
9683,1774012698463869698,1774012698467313895,3444
9684,1774012698468936511,1774012698472017108,3080
9685,1774012698473782334,1774012698476850611,3068
9686,1774012698478611174,1774012698482395275,3784
9687,1774012698484346968,1774012698487925417,3578
9688,1774012698489676741,1774012698493187418,3510
9689,1774012698495027068,1774012698498426272,3399
9690,1774012698500204210,1774012698503721748,3517
9691,1774012698505588298,1774012698508885246,3296
9692,1774012698510746976,1774012698513960381,3213
9693,1774012698515861834,1774012698519404833,3542
9694,1774012698521125640,1774012698524264634,3138
9695,1774012698526063016,1774012698529580697,3517
9696,1774012698531409605,1774012698534621980,3212
9697,1774012698536339944,1774012698539032235,2692
9698,1774012698540514818,1774012698543142517,2627
9699,1774012698544816385,1774012698547911018,3094
9700,1774012698549549419,1774012698552349799,2800
9701,1774012698553925270,1774012698557080364,3155
9702,1774012698558629571,1774012698561662246,3032
9703,1774012698563267772,1774012698566733322,3465
9704,1774012698568341565,1774012698571206964,2865
9705,1774012698572922819,1774012698576406394,3483
9706,1774012698578108836,1774012698580928612,2819
9707,1774012698582619907,1774012698586220990,3601
9708,1774012698587789333,1774012698591001843,3212
9709,1774012698592595524,1774012698596308584,3713
9710,1774012698598253262,1774012698601689741,3436
9711,1774012698603589643,1774012698606659684,3070
9712,1774012698608270946,1774012698611599331,3328
9713,1774012698613203501,1774012698616674110,3470
9714,1774012698618269532,1774012698621635481,3365
9715,1774012698623263413,1774012698626558434,3295
9716,1774012698628176310,1774012698631155254,2978
9717,1774012698632877025,1774012698635939058,3062
9718,1774012698637683687,1774012698641442580,3758
9719,1774012698643175958,1774012698646958438,3782
9720,1774012698648687189,1774012698651884132,3196
9721,1774012698653801441,1774012698657312519,3511
9722,1774012698659043441,1774012698662550761,3507
9723,1774012698664235871,1774012698667292118,3056
9724,1774012698669325775,1774012698672292699,2966
9725,1774012698673979921,1774012698677593274,3613
9726,1774012698679365276,1774012698683038189,3672
9727,1774012698684777277,1774012698688238333,3461
9728,1774012698689827817,1774012698693569413,3741
9729,1774012698695175942,1774012698697751700,2575
9730,1774012698699278617,1774012698702363231,3084
9731,1774012698704187865,1774012698707181496,2993
9732,1774012698708926630,1774012698711921959,2995
9733,1774012698713552992,1774012698717040584,3487
9734,1774012698718561873,1774012698721998553,3436
9735,1774012698723924462,1774012698726909541,2985
9736,1774012698728543381,1774012698731931203,3387
9737,1774012698733607618,1774012698737402580,3794
9738,1774012698739189348,1774012698742617272,3427
9739,1774012698744358627,1774012698747607282,3248
9740,1774012698749583871,1774012698753178274,3594
9741,1774012698754830529,1774012698758114767,3284
9742,1774012698759713645,1774012698762856282,3142
9743,1774012698764503880,1774012698767799428,3295
9744,1774012698769465168,1774012698773033654,3568
9745,1774012698774724422,1774012698778220515,3496
9746,1774012698779831693,1774012698782887792,3056
9747,1774012698784543791,1774012698788072830,3529
9748,1774012698789894506,1774012698793553223,3658
9749,1774012698795223181,1774012698798523811,3300
9750,1774012698800210300,1774012698803643582,3433
9751,1774012698805336894,1774012698808709137,3372
9752,1774012698810066825,1774012698813003482,2936
9753,1774012698814268381,1774012698817109603,2841
9754,1774012698818804145,1774012698821412197,2608
9755,1774012698822997854,1774012698825545158,2547
9756,1774012698826794712,1774012698830103130,3308
9757,1774012698831598911,1774012698834631338,3032
9758,1774012698836322017,1774012698839435130,3113
9759,1774012698841112006,1774012698844379379,3267
9760,1774012698845956339,1774012698848964437,3008
9761,1774012698850680955,1774012698854371953,3690
9762,1774012698855995550,1774012698859133244,3137
9763,1774012698861102508,1774012698864198074,3095
9764,1774012698865900391,1774012698869400076,3499
9765,1774012698871189423,1774012698874957989,3768
9766,1774012698876774859,1774012698880427844,3652
9767,1774012698882303816,1774012698885389161,3085
9768,1774012698887144876,1774012698890969169,3824
9769,1774012698892715108,1774012698896280467,3565
9770,1774012698897920551,1774012698901006595,3086
9771,1774012698902678677,1774012698905976275,3297
9772,1774012698907869380,1774012698911567097,3697
9773,1774012698913286365,1774012698916732472,3446
9774,1774012698918661558,1774012698922013413,3351
9775,1774012698923989372,1774012698927532702,3543
9776,1774012698929190907,1774012698932678014,3487
9777,1774012698934468615,1774012698938151794,3683
9778,1774012698939797240,1774012698943317821,3520
9779,1774012698944990346,1774012698948616437,3626
9780,1774012698950396875,1774012698953228024,2831
9781,1774012698954854393,1774012698958596468,3742
9782,1774012698960475755,1774012698963229881,2754
9783,1774012698964947535,1774012698968429179,3481
9784,1774012698970181874,1774012698972943011,2761
9785,1774012698974673656,1774012698978150179,3476
9786,1774012698979842160,1774012698983374906,3532
9787,1774012698985007958,1774012698988268909,3260
9788,1774012698990016640,1774012698992852351,2835
9789,1774012698994493670,1774012698997269990,2776
9790,1774012698998921980,1774012699002393013,3471
9791,1774012699004117949,1774012699007520834,3402
9792,1774012699009169145,1774012699012562025,3392
9793,1774012699014275039,1774012699017304075,3029
9794,1774012699018933544,1774012699022309997,3376
9795,1774012699023938001,1774012699027321255,3383
9796,1774012699028959772,1774012699032374902,3415
9797,1774012699034011581,1774012699037331531,3319
9798,1774012699039070212,1774012699042502192,3431
9799,1774012699044266883,1774012699047641092,3374
9800,1774012699049442886,1774012699052635453,3192
9801,1774012699054331610,1774012699057336528,3004
9802,1774012699058898326,1774012699061956618,3058
9803,1774012699063837076,1774012699067517754,3680
9804,1774012699069312214,1774012699073015639,3703
9805,1774012699074671687,1774012699078013692,3342
9806,1774012699079845418,1774012699083595780,3750
9807,1774012699085326689,1774012699088688251,3361
9808,1774012699090416305,1774012699093231146,2814
9809,1774012699094870045,1774012699098492106,3622
9810,1774012699100234088,1774012699103784829,3550
9811,1774012699105469897,1774012699108215894,2745
9812,1774012699109895308,1774012699112854119,2958
9813,1774012699114557030,1774012699117414114,2857
9814,1774012699118894010,1774012699122326279,3432
9815,1774012699123900667,1774012699127434967,3534
9816,1774012699129071605,1774012699132576807,3505
9817,1774012699134470846,1774012699137747107,3276
9818,1774012699139560249,1774012699143211869,3651
9819,1774012699144871001,1774012699148344305,3473
9820,1774012699149915953,1774012699152905331,2989
9821,1774012699154632960,1774012699158066097,3433
9822,1774012699159938194,1774012699162958058,3019
9823,1774012699164831487,1774012699168181198,3349
9824,1774012699169838853,1774012699173013614,3174
9825,1774012699174997052,1774012699178049570,3052
9826,1774012699179772305,1774012699183212816,3440
9827,1774012699185092438,1774012699188113643,3021
9828,1774012699189882206,1774012699193376761,3494
9829,1774012699195006887,1774012699198376808,3369
9830,1774012699200164790,1774012699203719348,3554
9831,1774012699205430709,1774012699208671145,3240
9832,1774012699210336445,1774012699213466073,3129
9833,1774012699215098576,1774012699217979308,2880
9834,1774012699219592226,1774012699223399932,3807
9835,1774012699225033329,1774012699228538291,3504
9836,1774012699230131855,1774012699233042700,2910
9837,1774012699234695866,1774012699237380176,2684
9838,1774012699239012360,1774012699242598848,3586
9839,1774012699244232138,1774012699247374887,3142
9840,1774012699248856828,1774012699251510367,2653
9841,1774012699253118279,1774012699256491420,3373
9842,1774012699257997734,1774012699260881306,2883
9843,1774012699262495751,1774012699266010704,3514
9844,1774012699267599219,1774012699270677887,3078
9845,1774012699272324010,1774012699275651809,3327
9846,1774012699277301407,1774012699280777531,3476
9847,1774012699282665056,1774012699286301234,3636
9848,1774012699287918618,1774012699291419035,3500
9849,1774012699299397772,1774012699302887328,3489
9850,1774012699304544274,1774012699308054978,3510
9851,1774012699309746235,1774012699313158012,3411
9852,1774012699314816558,1774012699318313841,3497
9853,1774012699320137010,1774012699323707990,3570
9854,1774012699325630674,1774012699329182171,3551
9855,1774012699330844803,1774012699333941345,3096
9856,1774012699335790090,1774012699339442336,3652
9857,1774012699341139749,1774012699344531165,3391
9858,1774012699346374716,1774012699349790092,3415
9859,1774012699351473530,1774012699354896421,3422
9860,1774012699356606670,1774012699359899518,3292
9861,1774012699361563820,1774012699365117830,3554
9862,1774012699366723446,1774012699370446931,3723
9863,1774012699372102565,1774012699374932206,2829
9864,1774012699376557025,1774012699379532569,2975
9865,1774012699381140186,1774012699384241455,3101
9866,1774012699385907282,1774012699388451093,2543
9867,1774012699389919779,1774012699393457095,3537
9868,1774012699395291415,1774012699398665448,3374
9869,1774012699400407879,1774012699403273748,2865
9870,1774012699405004698,1774012699408062938,3058
9871,1774012699409779543,1774012699413249909,3470
9872,1774012699414603700,1774012699417430390,2826
9873,1774012699419177653,1774012699422101146,2923
9874,1774012699423687736,1774012699427151118,3463
9875,1774012699428747383,1774012699432038863,3291
9876,1774012699433641650,1774012699437153460,3511
9877,1774012699438808856,1774012699442190095,3381
9878,1774012699443951958,1774012699447401679,3449
9879,1774012699449131128,1774012699452545114,3413
9880,1774012699454204470,1774012699457571880,3367
9881,1774012699459276135,1774012699462596023,3319
9882,1774012699464351632,1774012699467922124,3570
9883,1774012699469671433,1774012699473119479,3448
9884,1774012699474793935,1774012699478204034,3410
9885,1774012699479940193,1774012699483477478,3537
9886,1774012699485195595,1774012699488610068,3414
9887,1774012699490559031,1774012699493593008,3033
9888,1774012699495406482,1774012699498858637,3452
9889,1774012699500583077,1774012699504115489,3532
9890,1774012699505756412,1774012699508800098,3043
9891,1774012699510225045,1774012699513368699,3143
9892,1774012699514882373,1774012699518399744,3517
9893,1774012699519828395,1774012699523425715,3597
9894,1774012699525106993,1774012699528018096,2911
9895,1774012699529654099,1774012699533062515,3408
9896,1774012699534804836,1774012699538094760,3289
9897,1774012699539586221,1774012699543048298,3462
9898,1774012699544740060,1774012699547655361,2915
9899,1774012699549301697,1774012699552066862,2765
9900,1774012699553712790,1774012699557227185,3514
9901,1774012699558854482,1774012699561874236,3019
9902,1774012699563597478,1774012699567159542,3562
9903,1774012699568824616,1774012699572009128,3184
9904,1774012699573733773,1774012699576991458,3257
9905,1774012699578729584,1774012699581841165,3111
9906,1774012699583741525,1774012699587360845,3619
9907,1774012699589264866,1774012699592865791,3600
9908,1774012699594598601,1774012699598015023,3416
9909,1774012699599925242,1774012699603516860,3591
9910,1774012699605399695,1774012699608522644,3122
9911,1774012699610308271,1774012699613909639,3601
9912,1774012699615673717,1774012699619045125,3371
9913,1774012699620917256,1774012699623990832,3073
9914,1774012699625768238,1774012699629350796,3582
9915,1774012699631048525,1774012699634701606,3653
9916,1774012699636375041,1774012699639805104,3430
9917,1774012699641527291,1774012699644793773,3266
9918,1774012699646391156,1774012699650093942,3702
9919,1774012699651868243,1774012699655128002,3259
9920,1774012699656719993,1774012699659693752,2973
9921,1774012699661360599,1774012699664735055,3374
9922,1774012699666344622,1774012699669059605,2714
9923,1774012699670592510,1774012699673812105,3219
9924,1774012699675382608,1774012699678287444,2904
9925,1774012699679825519,1774012699683230268,3404
9926,1774012699684995640,1774012699688389750,3394
9927,1774012699690014025,1774012699693366857,3352
9928,1774012699694979514,1774012699698079380,3099
9929,1774012699699875288,1774012699703309350,3434
9930,1774012699704917675,1774012699708418113,3500
9931,1774012699710073652,1774012699713424982,3351
9932,1774012699715047042,1774012699718422155,3375
9933,1774012699720183979,1774012699723508979,3325
9934,1774012699725370031,1774012699728902770,3532
9935,1774012699730546238,1774012699733614859,3068
9936,1774012699735229628,1774012699738084205,2854
9937,1774012699739697968,1774012699743152410,3454
9938,1774012699744860957,1774012699748467419,3606
9939,1774012699750100318,1774012699753512334,3412
9940,1774012699755171392,1774012699758118906,2947
9941,1774012699759883460,1774012699763331976,3448
9942,1774012699765020004,1774012699768551801,3531
9943,1774012699770260288,1774012699773531565,3271
9944,1774012699775199845,1774012699778662669,3462
9945,1774012699780426175,1774012699784020190,3594
9946,1774012699785593101,1774012699789098386,3505
9947,1774012699790729906,1774012699793814020,3084
9948,1774012699795533116,1774012699798283918,2750
9949,1774012699799926386,1774012699802579980,2653
9950,1774012699804076355,1774012699807377046,3300
9951,1774012699809014712,1774012699811907459,2892
9952,1774012699813619304,1774012699816437038,2817
9953,1774012699817952126,1774012699821575054,3622
9954,1774012699823223650,1774012699825956043,2732
9955,1774012699827628892,1774012699830817259,3188
9956,1774012699832526608,1774012699836018005,3491
9957,1774012699837943634,1774012699841507816,3564
9958,1774012699843322705,1774012699846784045,3461
9959,1774012699848551066,1774012699852086927,3535
9960,1774012699853812129,1774012699857385136,3573
9961,1774012699859227825,1774012699862207964,2980
9962,1774012699863961461,1774012699867375962,3414
9963,1774012699869072303,1774012699872672434,3600
9964,1774012699874557314,1774012699878279640,3722
9965,1774012699880033202,1774012699883837858,3804
9966,1774012699885705818,1774012699889201808,3495
9967,1774012699890807736,1774012699894480319,3672
9968,1774012699896206978,1774012699899273302,3066
9969,1774012699900925684,1774012699904524294,3598
9970,1774012699906365435,1774012699909614872,3249
9971,1774012699911363389,1774012699914881332,3517
9972,1774012699916175919,1774012699919680707,3504
9973,1774012699921594622,1774012699925225404,3630
9974,1774012699926912462,1774012699930050128,3137
9975,1774012699931844074,1774012699934710215,2866
9976,1774012699936364972,1774012699939628084,3263
9977,1774012699941246401,1774012699944083701,2837
9978,1774012699945809010,1774012699949340333,3531
9979,1774012699950986008,1774012699953988613,3002
9980,1774012699955676475,1774012699958858206,3181
9981,1774012699960736717,1774012699964477602,3740
9982,1774012699966105167,1774012699969078535,2973
9983,1774012699971096233,1774012699974691441,3595
9984,1774012699976375323,1774012699979883356,3508
9985,1774012699981571298,1774012699985155171,3583
9986,1774012699986872390,1774012699989886318,3013
9987,1774012699991567398,1774012699995203629,3636
9988,1774012699997005970,1774012700000133411,3127
9989,1774012700001923086,1774012700005456997,3533
9990,1774012700007468873,1774012700010909124,3440
9991,1774012700012804518,1774012700015930662,3126
9992,1774012700017794202,1774012700020927447,3133
9993,1774012700022783127,1774012700025958244,3175
9994,1774012700027702449,1774012700030892171,3189
9995,1774012700032835445,1774012700036265069,3429
9996,1774012700038208321,1774012700041248325,3040
9997,1774012700042905831,1774012700046526163,3620
9998,1774012700047977409,1774012700050871933,2894
9999,1774012700052522212,1774012700055984640,3462
10000,1774012700057630850,1774012700060551529,2920
10001,1774012700061852831,1774012700064717850,2865
10002,1774012700066304940,1774012700069285690,2980
10003,1774012700070998148,1774012700074370375,3372
10004,1774012700075936403,1774012700079038716,3102
10005,1774012700080779954,1774012700084276442,3496
10006,1774012700085924738,1774012700089451438,3526
10007,1774012700091115097,1774012700094692025,3576
10008,1774012700096569923,1774012700100393893,3823
10009,1774012700102108527,1774012700105230121,3121
10010,1774012700106992283,1774012700110084592,3092
10011,1774012700111756392,1774012700115066978,3310
10012,1774012700116836342,1774012700120029957,3193
10013,1774012700121905720,1774012700125545037,3639
10014,1774012700127213442,1774012700130316283,3102
10015,1774012700131988588,1774012700135494170,3505
10016,1774012700137159575,1774012700140402508,3242
10017,1774012700142052516,1774012700144996400,2943
10018,1774012700146751171,1774012700150509620,3758
10019,1774012700152175913,1774012700155476792,3300
10020,1774012700157346183,1774012700161111617,3765
10021,1774012700162976385,1774012700167009950,4033
10022,1774012700168911639,1774012700171950121,3038
10023,1774012700173378121,1774012700176036702,2658
10024,1774012700177651305,1774012700181011628,3360
10025,1774012700182608704,1774012700185937081,3328
10026,1774012700187560629,1774012700190838783,3278
10027,1774012700192422069,1774012700195377382,2955
10028,1774012700197019837,1774012700199753977,2734
10029,1774012700201439647,1774012700204788149,3348
10030,1774012700206337215,1774012700209092053,2754
10031,1774012700210787007,1774012700214475851,3688
10032,1774012700216048026,1774012700219469828,3421
10033,1774012700221328041,1774012700224836326,3508
10034,1774012700226540879,1774012700229917751,3376
10035,1774012700231808951,1774012700235458466,3649
10036,1774012700237193697,1774012700240642998,3449
10037,1774012700242530353,1774012700246128146,3597
10038,1774012700248004271,1774012700251566005,3561
10039,1774012700253287043,1774012700256480875,3193
10040,1774012700258266082,1774012700261771844,3505
10041,1774012700263551761,1774012700267208302,3656
10042,1774012700268936951,1774012700272516387,3579
10043,1774012700274172439,1774012700277608786,3436
10044,1774012700279903323,1774012700283473008,3569
10045,1774012700285203854,1774012700288802188,3598
10046,1774012700290550986,1774012700293727842,3176
10047,1774012700295520782,1774012700298917418,3396
10048,1774012700300679370,1774012700303787628,3108
10049,1774012700305468042,1774012700308947551,3479
10050,1774012700310770738,1774012700314567212,3796
10051,1774012700316493487,1774012700320005030,3511
10052,1774012700321769742,1774012700325327006,3557
10053,1774012700327010702,1774012700330703548,3692
10054,1774012700332100198,1774012700335512885,3412
10055,1774012700337070410,1774012700340396797,3326
10056,1774012700342029737,1774012700345354772,3325
10057,1774012700346956230,1774012700350504924,3548
10058,1774012700352112558,1774012700354755837,2643
10059,1774012700356325570,1774012700359727888,3402
10060,1774012700361278249,1774012700364184167,2905
10061,1774012700365809433,1774012700369090952,3281
10062,1774012700370671072,1774012700373902772,3231
10063,1774012700375524626,1774012700379213800,3689
10064,1774012700380799127,1774012700384235949,3436
10065,1774012700386017937,1774012700389920937,3903
10066,1774012700391544817,1774012700395171824,3627
10067,1774012700396988263,1774012700400738495,3750
10068,1774012700402610865,1774012700406182697,3571
10069,1774012700407880972,1774012700411281812,3400
10070,1774012700413119950,1774012700416234645,3114
10071,1774012700417888071,1774012700421068491,3180
10072,1774012700423008092,1774012700426415433,3407
10073,1774012700428106244,1774012700431535379,3429
10074,1774012700433196856,1774012700436401112,3204
10075,1774012700438222404,1774012700441908368,3685
10076,1774012700443637300,1774012700446909279,3271
10077,1774012700448608013,1774012700452330204,3722
10078,1774012700453985141,1774012700457664920,3679
10079,1774012700459462387,1774012700462952483,3490
10080,1774012700464614068,1774012700468219415,3605
10081,1774012700469905712,1774012700473589215,3683
10082,1774012700475316246,1774012700478184961,2868
10083,1774012700479622265,1774012700483113177,3490
10084,1774012700484670410,1774012700487106461,2436
10085,1774012700488543538,1774012700491933952,3390
10086,1774012700493517725,1774012700496238248,2720
10087,1774012700497844795,1774012700501424545,3579
10088,1774012700503074206,1774012700506409628,3335
10089,1774012700508005857,1774012700511007491,3001
10090,1774012700512816962,1774012700516400454,3583
10091,1774012700518005406,1774012700521525388,3519
10092,1774012700523295446,1774012700526720909,3425
10093,1774012700528448432,1774012700531746655,3298
10094,1774012700533598053,1774012700536863479,3265
10095,1774012700538627793,1774012700542191560,3563
10096,1774012700544081262,1774012700546986736,2905
10097,1774012700548771487,1774012700552358036,3586
10098,1774012700554068352,1774012700557695343,3626
10099,1774012700559528140,1774012700562984557,3456
10100,1774012700564896114,1774012700568018558,3122
10101,1774012700569749497,1774012700573207386,3457
10102,1774012700574830846,1774012700577794887,2964
10103,1774012700579447766,1774012700582989029,3541
10104,1774012700584743402,1774012700588342713,3599
10105,1774012700589983062,1774012700593576159,3593
10106,1774012700595339148,1774012700598116225,2777
10107,1774012700599746953,1774012700603257887,3510
10108,1774012700604978657,1774012700607613755,2635
10109,1774012700609310360,1774012700612504022,3193
10110,1774012700614137138,1774012700617702077,3564
10111,1774012700619458044,1774012700623277308,3819
10112,1774012700624906765,1774012700627919119,3012
10113,1774012700629454803,1774012700632535840,3081
10114,1774012700634084398,1774012700637255474,3171
10115,1774012700638777338,1774012700641869318,3091
10116,1774012700643590404,1774012700646940282,3349
10117,1774012700648556097,1774012700651681680,3125
10118,1774012700653400811,1774012700656996506,3595
10119,1774012700658872973,1774012700662285162,3412
10120,1774012700664366914,1774012700667681098,3314
10121,1774012700669530429,1774012700673064368,3533
10122,1774012700675105824,1774012700678153922,3048
10123,1774012700679914750,1774012700683076484,3161
10124,1774012700684819449,1774012700688051600,3232
10125,1774012700689795700,1774012700693407657,3611
10126,1774012700695097039,1774012700698528324,3431
10127,1774012700700381703,1774012700703887506,3505
10128,1774012700705543856,1774012700709020302,3476
10129,1774012700710682206,1774012700714253798,3571
10130,1774012700715913398,1774012700719305330,3391
10131,1774012700720986541,1774012700724203453,3216
10132,1774012700726092304,1774012700729586208,3493
10133,1774012700731206732,1774012700734979400,3772
10134,1774012700736619253,1774012700740131462,3512
10135,1774012700741872624,1774012700745425056,3552
10136,1774012700747140238,1774012700750716561,3576
10137,1774012700752296107,1774012700755642859,3346
10138,1774012700757249030,1774012700759962838,2713
10139,1774012700761581438,1774012700765131567,3550
10140,1774012700766737907,1774012700770245080,3507
10141,1774012700771941135,1774012700774910019,2968
10142,1774012700776468353,1774012700779751310,3282
10143,1774012700781404839,1774012700784287410,2882
10144,1774012700785854339,1774012700789437987,3583
10145,1774012700791319561,1774012700794867765,3548
10146,1774012700796627502,1774012700800246587,3619
10147,1774012700801969091,1774012700805500970,3531
10148,1774012700807188667,1774012700810743106,3554
10149,1774012700812509598,1774012700816296256,3786
10150,1774012700818007575,1774012700821476098,3468
10151,1774012700823230135,1774012700826540607,3310
10152,1774012700828213860,1774012700831506273,3292
10153,1774012700833152413,1774012700836613106,3460
10154,1774012700838226047,1774012700841579164,3353
10155,1774012700843251323,1774012700846583853,3332
10156,1774012700848218737,1774012700851572219,3353
10157,1774012700853205650,1774012700856658717,3453
10158,1774012700858306303,1774012700861161920,2855
10159,1774012700862864853,1774012700866407067,3542
10160,1774012700868157993,1774012700871137176,2979
10161,1774012700872933860,1774012700876404793,3470
10162,1774012700878039909,1774012700880927794,2887
10163,1774012700882536835,1774012700885750405,3213
10164,1774012700887426846,1774012700891040208,3613
10165,1774012700892558273,1774012700895932268,3373
10166,1774012700897545318,1774012700900798389,3253
10167,1774012700902441704,1774012700905355303,2913
10168,1774012700906918981,1774012700910377178,3458
10169,1774012700912152458,1774012700915582892,3430
10170,1774012700917353185,1774012700920867666,3514
10171,1774012700922666055,1774012700926077105,3411
10172,1774012700927783861,1774012700931076406,3292
10173,1774012700932990053,1774012700936525112,3535
10174,1774012700938207042,1774012700941625584,3418
10175,1774012700943333810,1774012700946620341,3286
10176,1774012700948301763,1774012700951934564,3632
10177,1774012700953661054,1774012700957139316,3478
10178,1774012700958980612,1774012700961915622,2935
10179,1774012700963564836,1774012700966824522,3259
10180,1774012700968570588,1774012700971968010,3397
10181,1774012700973692621,1774012700976969657,3277
10182,1774012700978818118,1774012700981819298,3001
10183,1774012700983501834,1774012700987165680,3663
10184,1774012700988901927,1774012700992449196,3547
10185,1774012700994115131,1774012700997454990,3339
10186,1774012700999109932,1774012701002526235,3416
10187,1774012701004182996,1774012701007193695,3010
10188,1774012701008975128,1774012701012698806,3723
10189,1774012701014489135,1774012701017624081,3134
10190,1774012701019359712,1774012701022206522,2846
10191,1774012701023840575,1774012701026414051,2573
10192,1774012701027784907,1774012701030727706,2942
10193,1774012701032351480,1774012701035220447,2868
10194,1774012701036921713,1774012701039504322,2582
10195,1774012701041066642,1774012701044126755,3060
10196,1774012701045765681,1774012701048947729,3182
10197,1774012701050692383,1774012701054057627,3365
10198,1774012701055721414,1774012701059175551,3454
10199,1774012701060905051,1774012701064249027,3343
10200,1774012701065886077,1774012701069503891,3617
10201,1774012701071189291,1774012701074439679,3250
10202,1774012701076125860,1774012701079061593,2935
10203,1774012701080834172,1774012701084440887,3606
10204,1774012701086193995,1774012701089585943,3391
10205,1774012701091270024,1774012701094716992,3446
10206,1774012701096446017,1774012701099207610,2761
10207,1774012701100840302,1774012701103881222,3040
10208,1774012701105769569,1774012701109052190,3282
10209,1774012701110848652,1774012701114188083,3339
10210,1774012701115987502,1774012701119512442,3524
10211,1774012701121374545,1774012701124939551,3565
10212,1774012701126736235,1774012701130197053,3460
10213,1774012701131854146,1774012701134885255,3031
10214,1774012701136613037,1774012701139799703,3186
10215,1774012701141722196,1774012701145109825,3387
10216,1774012701146697704,1774012701150140004,3442
10217,1774012701151829878,1774012701155589475,3759
10218,1774012701157226643,1774012701160653955,3427
10219,1774012701162190677,1774012701165465750,3275
10220,1774012701167188060,1774012701170099419,2911
10221,1774012701171737577,1774012701175272155,3534
10222,1774012701176812001,1774012701180149922,3337
10223,1774012701181870732,1774012701185351563,3480
10224,1774012701186957368,1774012701189823107,2865
10225,1774012701191678983,1774012701195187580,3508
10226,1774012701196845236,1774012701200210405,3365
10227,1774012701201890548,1774012701205529374,3638
10228,1774012701207316350,1774012701210926805,3610
10229,1774012701212805378,1774012701215947098,3141
10230,1774012701217710362,1774012701221449683,3739
10231,1774012701223107621,1774012701226434634,3327
10232,1774012701228110954,1774012701231443280,3332
10233,1774012701233104279,1774012701236570703,3466
10234,1774012701238227632,1774012701241712190,3484
10235,1774012701243455092,1774012701247146149,3691
10236,1774012701248919413,1774012701252133037,3213
10237,1774012701253989423,1774012701257519037,3529
10238,1774012701259207642,1774012701262095260,2887
10239,1774012701263724572,1774012701267373843,3649
10240,1774012701269038356,1774012701272539126,3500
10241,1774012701274196663,1774012701277512724,3316
10242,1774012701279146391,1774012701282821368,3674
10243,1774012701284578893,1774012701288181537,3602
10244,1774012701289803569,1774012701292912973,3109
10245,1774012701294444552,1774012701298051624,3607
10246,1774012701299691294,1774012701303238869,3547
10247,1774012701304781257,1774012701308196728,3415
10248,1774012701309796112,1774012701312918699,3122
10249,1774012701314381558,1774012701316959202,2577
10250,1774012701318525714,1774012701321244207,2718
10251,1774012701322919279,1774012701326395164,3475
10252,1774012701328081473,1774012701331415478,3334
10253,1774012701333173740,1774012701335959823,2786
10254,1774012701337531001,1774012701340658736,3127
10255,1774012701342266552,1774012701345459428,3192
10256,1774012701347194367,1774012701350592651,3398
10257,1774012701352300861,1774012701355619053,3318
10258,1774012701357542614,1774012701360784921,3242
10259,1774012701362466983,1774012701366216236,3749
10260,1774012701368303789,1774012701371733685,3429
10261,1774012701373444977,1774012701376812836,3367
10262,1774012701378773540,1774012701381937677,3164
10263,1774012701383668175,1774012701387152970,3484
10264,1774012701388796017,1774012701391945426,3149
10265,1774012701393750443,1774012701396970664,3220
10266,1774012701398819760,1774012701402460816,3641
10267,1774012701404443049,1774012701407666094,3223
10268,1774012701409596305,1774012701413118344,3522
10269,1774012701414775065,1774012701417866286,3091
10270,1774012701419640910,1774012701423309799,3668
10271,1774012701424848719,1774012701427815345,2966
10272,1774012701429387893,1774012701432450166,3062
10273,1774012701434154284,1774012701436976225,2821
10274,1774012701438555828,1774012701442094640,3538
10275,1774012701443668656,1774012701447330054,3661
10276,1774012701448981210,1774012701451826413,2845
10277,1774012701453434307,1774012701456625948,3191
10278,1774012701458193911,1774012701461134350,2940
10279,1774012701462687427,1774012701466090318,3402
10280,1774012701467900967,1774012701471342171,3441
10281,1774012701472997979,1774012701476027063,3029
10282,1774012701477721080,1774012701480805973,3084
10283,1774012701482465669,1774012701485980641,3514
10284,1774012701487820563,1774012701491450589,3630
10285,1774012701493127124,1774012701496483193,3356
10286,1774012701498149194,1774012701501707379,3558
10287,1774012701503554261,1774012701507050716,3496
10288,1774012701508919117,1774012701511967605,3048
10289,1774012701513660590,1774012701516760023,3099
10290,1774012701518460779,1774012701521904776,3443
10291,1774012701523747242,1774012701527190757,3443
10292,1774012701528814581,1774012701532190602,3376
10293,1774012701533893621,1774012701537519748,3626
10294,1774012701539183510,1774012701542236422,3052
10295,1774012701543889589,1774012701547392972,3503
10296,1774012701549018169,1774012701552473964,3455
10297,1774012701554165389,1774012701557458749,3293
10298,1774012701559228067,1774012701562846885,3618
10299,1774012701564553839,1774012701568027730,3473
10300,1774012701569661709,1774012701572804627,3142
10301,1774012701574212965,1774012701577030140,2817
10302,1774012701578750750,1774012701582274289,3523
10303,1774012701583997184,1774012701587011310,3014
10304,1774012701588637134,1774012701591729703,3092
10305,1774012701593329536,1774012701596031989,2702
10306,1774012701597759355,1774012701600780842,3021
10307,1774012701602322216,1774012701605718613,3396
10308,1774012701607316897,1774012701610000305,2683
10309,1774012701611748083,1774012701614963394,3215
10310,1774012701616671602,1774012701619919057,3247
10311,1774012701621579824,1774012701624795234,3215
10312,1774012701626558046,1774012701630062046,3504
10313,1774012701631913392,1774012701635540407,3627
10314,1774012701637429962,1774012701640576000,3146
10315,1774012701642280748,1774012701645543644,3262
10316,1774012701647337784,1774012701650908654,3570
10317,1774012701652827885,1774012701656526385,3698
10318,1774012701658563238,1774012701662419115,3855
10319,1774012701664317836,1774012701667628127,3310
10320,1774012701669270411,1774012701672367450,3097
10321,1774012701674238766,1774012701677814854,3576
10322,1774012701679547333,1774012701683110632,3563
10323,1774012701684882729,1774012701687974876,3092
10324,1774012701689745097,1774012701693367184,3622
10325,1774012701695240998,1774012701698071104,2830
10326,1774012701699802510,1774012701702546293,2743
10327,1774012701704173152,1774012701707330045,3156
10328,1774012701708940378,1774012701711917657,2977
10329,1774012701713633854,1774012701716952035,3318
10330,1774012701718607396,1774012701721338049,2730
10331,1774012701722552887,1774012701726065159,3512
10332,1774012701727732988,1774012701731201813,3468
10333,1774012701732770539,1774012701735737183,2966
10334,1774012701737441956,1774012701740879277,3437
10335,1774012701742655040,1774012701746243929,3588
10336,1774012701747997273,1774012701751315888,3318
10337,1774012701753135461,1774012701756515681,3380
10338,1774012701758232862,1774012701761535157,3302
10339,1774012701763192496,1774012701766481345,3288
10340,1774012701768119563,1774012701771635769,3516
10341,1774012701773283584,1774012701776713611,3430
10342,1774012701778601843,1774012701782047154,3445
10343,1774012701783971457,1774012701787387299,3415
10344,1774012701788994164,1774012701792618159,3623
10345,1774012701794576933,1774012701798035620,3458
10346,1774012701799740682,1774012701802875011,3134
10347,1774012701804804471,1774012701808474239,3669
10348,1774012701810131607,1774012701813625811,3494
10349,1774012701815346102,1774012701818916484,3570
10350,1774012701820216116,1774012701823026938,2810
10351,1774012701824685118,1774012701828110820,3425
10352,1774012701829717928,1774012701832688889,2970
10353,1774012701834282397,1774012701837844790,3562
10354,1774012701839324030,1774012701841965638,2641
10355,1774012701843796507,1774012701846491478,2694
10356,1774012701848153835,1774012701851682365,3528
10357,1774012701853322459,1774012701856478300,3155
10358,1774012701858104994,1774012701861529519,3424
10359,1774012701863232016,1774012701866032299,2800
10360,1774012701867621510,1774012701871157712,3536
10361,1774012701872901869,1774012701875801753,2899
10362,1774012701877449357,1774012701880834898,3385
10363,1774012701882487956,1774012701885595738,3107
10364,1774012701887233237,1774012701890674422,3441
10365,1774012701892275487,1774012701895695458,3419
10366,1774012701897493022,1774012701900587071,3094
10367,1774012701902338604,1774012701905206884,2868
10368,1774012701906954434,1774012701910641815,3687
10369,1774012701912598781,1774012701916209260,3610
10370,1774012701917902586,1774012701921443025,3540
10371,1774012701923229297,1774012701926338261,3108
10372,1774012701927999314,1774012701931669099,3669
10373,1774012701933391873,1774012701936652854,3260
10374,1774012701938410337,1774012701941838329,3427
10375,1774012701943528862,1774012701946724874,3196
10376,1774012701948382021,1774012701951868695,3486
10377,1774012701953534324,1774012701956950948,3416
10378,1774012701958772883,1774012701962184314,3411
10379,1774012701963964360,1774012701967500646,3536
10380,1774012701969169638,1774012701972617927,3448
10381,1774012701974245427,1774012701977690206,3444
10382,1774012701979416625,1774012701982905795,3489
10383,1774012701984509825,1774012701988046518,3536
10384,1774012701989846317,1774012701992817151,2970
10385,1774012701994053686,1774012701996863214,2809
10386,1774012701998498626,1774012702001746125,3247
10387,1774012702003195325,1774012702006572838,3377
10388,1774012702008143222,1774012702010965121,2821
10389,1774012702012600566,1774012702016116599,3516
10390,1774012702017869054,1774012702021457639,3588
10391,1774012702023127497,1774012702026581214,3453
10392,1774012702028362400,1774012702031641431,3279
10393,1774012702033667537,1774012702037334505,3666
10394,1774012702038982986,1774012702042423099,3440
10395,1774012702044273307,1774012702047655628,3382
10396,1774012702049444924,1774012702052915020,3470
10397,1774012702054792714,1774012702058516428,3723
10398,1774012702060177570,1774012702063249596,3072
10399,1774012702065002826,1774012702068292424,3289
10400,1774012702070438228,1774012702073989830,3551
10401,1774012702075852946,1774012702079322477,3469
10402,1774012702080951627,1774012702084518043,3566
10403,1774012702086154763,1774012702089596360,3441
10404,1774012702091292636,1774012702094706572,3413
10405,1774012702096533035,1774012702099969443,3436
10406,1774012702101678167,1774012702104706409,3028
10407,1774012702106420277,1774012702110002248,3581
10408,1774012702111674661,1774012702115098866,3424
10409,1774012702116684684,1774012702120367515,3682
10410,1774012702121995517,1774012702125544703,3549
10411,1774012702127233322,1774012702130801953,3568
10412,1774012702132074867,1774012702134953401,2878
10413,1774012702136707722,1774012702140278813,3571
10414,1774012702141802303,1774012702144893083,3090
10415,1774012702146493115,1774012702149932428,3439
10416,1774012702151542620,1774012702154712251,3169
10417,1774012702156583389,1774012702160250023,3666
10418,1774012702161937238,1774012702165596672,3659
10419,1774012702167541427,1774012702171041980,3500
10420,1774012702172904377,1774012702176860533,3956
10421,1774012702178953998,1774012702183017426,4063
10422,1774012702184718420,1774012702188077612,3359
10423,1774012702189853438,1774012702192874166,3020
10424,1774012702194459134,1774012702197587278,3128
10425,1774012702199292392,1774012702202778418,3486
10426,1774012702204551424,1774012702207963113,3411
10427,1774012702209559386,1774012702213002073,3442
10428,1774012702214931558,1774012702217930295,2998
10429,1774012702219629489,1774012702223088689,3459
10430,1774012702224722079,1774012702228332283,3610
10431,1774012702230022534,1774012702233377162,3354
10432,1774012702234934526,1774012702237897970,2963
10433,1774012702239607292,1774012702243040494,3433
10434,1774012702244642317,1774012702248046272,3403
10435,1774012702249495266,1774012702253138663,3643
10436,1774012702254812986,1774012702257729901,2916
10437,1774012702259445969,1774012702263011663,3565
10438,1774012702264693996,1774012702268148426,3454
10439,1774012702269845216,1774012702272955434,3110
10440,1774012702274599540,1774012702277851503,3251
10441,1774012702279635545,1774012702283236137,3600
10442,1774012702284967588,1774012702287927633,2960
10443,1774012702289635665,1774012702293376140,3740
10444,1774012702295004061,1774012702298723040,3718
10445,1774012702300470590,1774012702303976791,3506
10446,1774012702305853447,1774012702309066887,3213
10447,1774012702310808203,1774012702313925357,3117
10448,1774012702315865059,1774012702319835515,3970
10449,1774012702321494853,1774012702324376482,2881
10450,1774012702326070900,1774012702329705961,3635
10451,1774012702331463997,1774012702334971605,3507
10452,1774012702336805844,1774012702340420373,3614
10453,1774012702342294905,1774012702345606650,3311
10454,1774012702347262034,1774012702350184435,2922
10455,1774012702351842187,1774012702355007831,3165
10456,1774012702356896154,1774012702360342072,3445
10457,1774012702362111855,1774012702365511104,3399
10458,1774012702367406098,1774012702370959602,3553
10459,1774012702372949184,1774012702376515311,3566
10460,1774012702378181776,1774012702381087860,2906
10461,1774012702382899528,1774012702386537224,3637
10462,1774012702388235984,1774012702391871261,3635
10463,1774012702393582413,1774012702396173045,2590
10464,1774012702397874763,1774012702400979631,3104
10465,1774012702402771782,1774012702406272946,3501
10466,1774012702407968697,1774012702411465077,3496
10467,1774012702413147031,1774012702416635932,3488
10468,1774012702418315612,1774012702421091354,2775
10469,1774012702422715960,1774012702426288313,3572
10470,1774012702428015000,1774012702431559926,3544
10471,1774012702433285944,1774012702436977164,3691
10472,1774012702438828314,1774012702442061204,3232
10473,1774012702443848816,1774012702447362175,3513
10474,1774012702449052711,1774012702452464134,3411
10475,1774012702454197783,1774012702457631822,3434
10476,1774012702459284481,1774012702462598188,3313
10477,1774012702464412013,1774012702467568897,3156
10478,1774012702469294932,1774012702472908577,3613
10479,1774012702474962593,1774012702478620789,3658
10480,1774012702480275674,1774012702483806763,3531
10481,1774012702485686986,1774012702489004528,3317
10482,1774012702490862040,1774012702494528720,3666
10483,1774012702496199199,1774012702499182891,2983
10484,1774012702501521875,1774012702504796281,3274
10485,1774012702506519147,1774012702510101798,3582
10486,1774012702511958255,1774012702515313837,3355
10487,1774012702517075104,1774012702520607389,3532
10488,1774012702522550057,1774012702526120993,3570
10489,1774012702527887588,1774012702531308837,3421
10490,1774012702532926337,1774012702536697783,3771
10491,1774012702538351054,1774012702541189608,2838
10492,1774012702542782900,1774012702546094151,3311
10493,1774012702547655903,1774012702550287897,2631
10494,1774012702551894342,1774012702555408613,3514
10495,1774012702556927957,1774012702560455331,3527
10496,1774012702562211065,1774012702565127906,2916
10497,1774012702566796939,1774012702569926900,3129
10498,1774012702571556786,1774012702575056785,3499
10499,1774012702576749064,1774012702580310371,3561
10500,1774012702581918362,1774012702585373234,3454
10501,1774012702587359075,1774012702590741491,3382
10502,1774012702592517691,1774012702596083922,3566
10503,1774012702597766909,1774012702600885217,3118
10504,1774012702602560097,1774012702605718048,3157
10505,1774012702607457580,1774012702611079847,3622
10506,1774012702612862020,1774012702616488189,3626
10507,1774012702618165571,1774012702621628016,3462
10508,1774012702623443271,1774012702626631105,3187
10509,1774012702628418711,1774012702631961422,3542
10510,1774012702633666704,1774012702636905898,3239
10511,1774012702638780639,1774012702641824605,3043
10512,1774012702643497383,1774012702647088589,3591
10513,1774012702648919838,1774012702652416541,3496
10514,1774012702654094046,1774012702657721963,3627
10515,1774012702659348724,1774012702662162416,2813
10516,1774012702663774428,1774012702667463588,3689
10517,1774012702669010635,1774012702671934783,2924
10518,1774012702673378347,1774012702676615419,3237
10519,1774012702678224034,1774012702681566656,3342
10520,1774012702683201057,1774012702685921292,2720
10521,1774012702687367447,1774012702690519408,3151
10522,1774012702692114933,1774012702694969704,2854
10523,1774012702696555692,1774012702699993972,3438
10524,1774012702701638539,1774012702705257053,3618
10525,1774012702706872459,1774012702709889045,3016
10526,1774012702711673650,1774012702715189126,3515
10527,1774012702716842921,1774012702720138820,3295
10528,1774012702721847553,1774012702724796227,2948
10529,1774012702726473875,1774012702730004138,3530
10530,1774012702731659898,1774012702734595678,2935
10531,1774012702736508454,1774012702739957433,3448
10532,1774012702741718201,1774012702745218400,3500
10533,1774012702746964174,1774012702750530430,3566
10534,1774012702752199119,1774012702755599384,3400
10535,1774012702757445417,1774012702760705068,3259
10536,1774012702762360730,1774012702765850261,3489
10537,1774012702767552627,1774012702770984047,3431
10538,1774012702772901382,1774012702776449668,3548
10539,1774012702778091113,1774012702781409109,3317
10540,1774012702783173802,1774012702786022414,2848
10541,1774012702787695280,1774012702790673888,2978
10542,1774012702792421472,1774012702796036980,3615
10543,1774012702797611047,1774012702801198552,3587
10544,1774012702802823180,1774012702806363034,3539
10545,1774012702808031540,1774012702811614443,3582
10546,1774012702813313811,1774012702816033880,2720
10547,1774012702817677212,1774012702820192224,2515
10548,1774012702821687268,1774012702825310252,3622
10549,1774012702826782076,1774012702829578847,2796
10550,1774012702831251695,1774012702834120914,2869
10551,1774012702835829548,1774012702839373505,3543
10552,1774012702841007635,1774012702843874970,2867
10553,1774012702845554036,1774012702849222775,3668
10554,1774012702850893419,1774012702854385519,3492
10555,1774012702855932056,1774012702859032178,3100
10556,1774012702860814179,1774012702864389477,3575
10557,1774012702866280385,1774012702869492013,3211
10558,1774012702871182337,1774012702874956938,3774
10559,1774012702876854661,1774012702880435728,3581
10560,1774012702882115195,1774012702885752335,3637
10561,1774012702887849897,1774012702891554992,3705
10562,1774012702893199519,1774012702896128209,2928
10563,1774012702897780832,1774012702901047330,3266
10564,1774012702902705761,1774012702905919602,3213
10565,1774012702907869838,1774012702911446706,3576
10566,1774012702913059731,1774012702916507820,3448
10567,1774012702918268407,1774012702921822429,3554
10568,1774012702923526991,1774012702926865476,3338
10569,1774012702928672991,1774012702932235412,3562
10570,1774012702933850061,1774012702937461661,3611
10571,1774012702939099915,1774012702942038316,2938
10572,1774012702943641166,1774012702946705306,3064
10573,1774012702948237089,1774012702951872381,3635
10574,1774012702953286572,1774012702956093806,2807
10575,1774012702957765618,1774012702960893944,3128
10576,1774012702962614391,1774012702965810147,3195
10577,1774012702967375195,1774012702970985905,3610
10578,1774012702972597566,1774012702975979033,3381
10579,1774012702977605711,1774012702981174403,3568
10580,1774012702982831180,1774012702986440506,3609
10581,1774012702988022340,1774012702990968318,2945
10582,1774012702992945092,1774012702996045622,3100
10583,1774012702997745082,1774012703001359203,3614
10584,1774012703003029115,1774012703006773236,3744
10585,1774012703008534837,1774012703012032956,3498
10586,1774012703013958792,1774012703016994095,3035
10587,1774012703018858207,1774012703022502849,3644
10588,1774012703024122396,1774012703027220341,3097
10589,1774012703028905840,1774012703032054284,3148
10590,1774012703033716848,1774012703037264108,3547
10591,1774012703038918771,1774012703041925509,3006
10592,1774012703043711696,1774012703047171107,3459
10593,1774012703049023191,1774012703052419361,3396
10594,1774012703054509253,1774012703057921387,3412
10595,1774012703059665420,1774012703062976033,3310
10596,1774012703064770245,1774012703068409437,3639
10597,1774012703070248610,1774012703073255704,3007
10598,1774012703075012729,1774012703078401845,3389
10599,1774012703080140767,1774012703083079836,2939
10600,1774012703084751224,1774012703087255682,2504
10601,1774012703088857063,1774012703091957546,3100
10602,1774012703093594425,1774012703097062910,3468
10603,1774012703098530755,1774012703101220450,2689
10604,1774012703102720741,1774012703106279785,3559
10605,1774012703107964688,1774012703110939696,2975
10606,1774012703112637103,1774012703115915814,3278
10607,1774012703117608898,1774012703120999658,3390
10608,1774012703122758070,1774012703126348292,3590
10609,1774012703128103686,1774012703131483399,3379
10610,1774012703133239231,1774012703136612844,3373
10611,1774012703138335760,1774012703141789393,3453
10612,1774012703143515999,1774012703146703776,3187
10613,1774012703148459443,1774012703152025400,3565
10614,1774012703153772913,1774012703157425932,3653
10615,1774012703159286514,1774012703163115114,3828
10616,1774012703164996806,1774012703168504633,3507
10617,1774012703170169203,1774012703173356302,3187
10618,1774012703175069374,1774012703178684555,3615
10619,1774012703180425294,1774012703184184089,3758
10620,1774012703185841488,1774012703189432078,3590
10621,1774012703191086488,1774012703194557726,3471
10622,1774012703196368375,1774012703199989908,3621
10623,1774012703201781791,1774012703205432999,3651
10624,1774012703207066155,1774012703210534300,3468
10625,1774012703212350393,1774012703215256611,2906
10626,1774012703216860274,1774012703220395501,3535
10627,1774012703222041716,1774012703225692926,3651
10628,1774012703227458719,1774012703230147097,2688
10629,1774012703231777672,1774012703235268986,3491
10630,1774012703236914033,1774012703240450277,3536
10631,1774012703242156870,1774012703245313533,3156
10632,1774012703246908157,1774012703250291445,3383
10633,1774012703251986172,1774012703254944673,2958
10634,1774012703256521789,1774012703260217215,3695
10635,1774012703261925875,1774012703265551284,3625
10636,1774012703267189325,1774012703270582548,3393
10637,1774012703272302489,1774012703275515434,3212
10638,1774012703277251615,1774012703280563178,3311
10639,1774012703282244739,1774012703285653877,3409
10640,1774012703287384885,1774012703290602502,3217
10641,1774012703292310881,1774012703295660411,3349
10642,1774012703297459059,1774012703301354423,3895
10643,1774012703303041365,1774012703306650910,3609
10644,1774012703308351436,1774012703311620478,3269
10645,1774012703313246222,1774012703316173209,2926
10646,1774012703317758076,1774012703321429819,3671
10647,1774012703323148251,1774012703326935686,3787
10648,1774012703328755392,1774012703331905921,3150
10649,1774012703333657125,1774012703337204378,3547
10650,1774012703338988333,1774012703342493845,3505
10651,1774012703344190780,1774012703347072256,2881
10652,1774012703348704086,1774012703351828290,3124
10653,1774012703353555359,1774012703357084127,3528
10654,1774012703358712650,1774012703362234804,3522
10655,1774012703363843076,1774012703366423205,2580
10656,1774012703368046768,1774012703370990624,2943
10657,1774012703372477332,1774012703375573724,3096
10658,1774012703377204469,1774012703379937856,2733
10659,1774012703381512271,1774012703384303962,2791
10660,1774012703385913794,1774012703389269940,3356
10661,1774012703390968685,1774012703394389778,3421
10662,1774012703396194522,1774012703399417536,3223
10663,1774012703401115556,1774012703404437177,3321
10664,1774012703406162073,1774012703409594166,3432
10665,1774012703411384170,1774012703414986997,3602
10666,1774012703416760750,1774012703420306104,3545
10667,1774012703421918797,1774012703425323163,3404
10668,1774012703427212307,1774012703430489429,3277
10669,1774012703432227532,1774012703435636401,3408
10670,1774012703437360854,1774012703440717249,3356
10671,1774012703442578430,1774012703446092138,3513
10672,1774012703447759979,1774012703451485497,3725
10673,1774012703453289061,1774012703456393918,3104
10674,1774012703458074106,1774012703461880066,3805
10675,1774012703463556282,1774012703467121274,3564
10676,1774012703468786613,1774012703471941543,3154
10677,1774012703473773303,1774012703477331289,3557
10678,1774012703479264037,1774012703482815337,3551
10679,1774012703484577331,1774012703488148613,3571
10680,1774012703489819818,1774012703492919003,3099
10681,1774012703494674592,1774012703498338365,3663
10682,1774012703499866233,1774012703502199317,2333
10683,1774012703503439832,1774012703506859022,3419
10684,1774012703508426588,1774012703511556378,3129
10685,1774012703513031117,1774012703515576228,2545
10686,1774012703517158733,1774012703519953432,2794
10687,1774012703521497350,1774012703524844037,3346
10688,1774012703526546778,1774012703529944404,3397
10689,1774012703531741544,1774012703535133105,3391
10690,1774012703536798793,1774012703539723570,2924
10691,1774012703541345926,1774012703544155303,2809
10692,1774012703545787128,1774012703549170690,3383
10693,1774012703550806762,1774012703554455938,3649
10694,1774012703556073946,1774012703559262921,3188
10695,1774012703560879395,1774012703564497415,3618
10696,1774012703566268534,1774012703569760420,3491
10697,1774012703571367593,1774012703574853892,3486
10698,1774012703576584627,1774012703580091758,3507
10699,1774012703581761732,1774012703585236805,3475
10700,1774012703586924256,1774012703590333719,3409
10701,1774012703592109247,1774012703595140455,3031
10702,1774012703596780685,1774012703599942646,3161
10703,1774012703601781572,1774012703605340804,3559
10704,1774012703606984717,1774012703610434703,3449
10705,1774012703612129947,1774012703615161783,3031
10706,1774012703616868322,1774012703619948833,3080
10707,1774012703621680211,1774012703625144828,3464
10708,1774012703626955241,1774012703630426618,3471
10709,1774012703632130990,1774012703634986991,2856
10710,1774012703636466106,1774012703639176239,2710
10711,1774012703640427053,1774012703642947209,2520
10712,1774012703644683603,1774012703647464548,2780
10713,1774012703648999561,1774012703651552982,2553
10714,1774012703653056316,1774012703655556657,2500
10715,1774012703657059991,1774012703660446065,3386
10716,1774012703662052162,1774012703664955108,2902
10717,1774012703666526817,1774012703669987109,3460
10718,1774012703671610348,1774012703674873076,3262
10719,1774012703676203452,1774012703679556219,3352
10720,1774012703681245731,1774012703684675002,3429
10721,1774012703686360599,1774012703689558969,3198
10722,1774012703691208749,1774012703694438050,3229
10723,1774012703696028649,1774012703699244273,3215
10724,1774012703700950376,1774012703704270808,3320
10725,1774012703705802875,1774012703709215776,3412
10726,1774012703710892940,1774012703714423870,3530
10727,1774012703716220957,1774012703719596654,3375
10728,1774012703721339833,1774012703724925381,3585
10729,1774012703726761332,1774012703730304670,3543
10730,1774012703731956676,1774012703735247149,3290
10731,1774012703736985588,1774012703740591128,3605
10732,1774012703742294680,1774012703745835577,3540
10733,1774012703747545724,1774012703751014629,3468
10734,1774012703752732581,1774012703755797677,3065
10735,1774012703757123994,1774012703760518737,3394
10736,1774012703762236028,1774012703765738323,3502
10737,1774012703767490578,1774012703770678485,3187
10738,1774012703772316957,1774012703775124445,2807
10739,1774012703776836169,1774012703779790522,2954
10740,1774012703781531365,1774012703784854162,3322
10741,1774012703786484751,1774012703790012019,3527
10742,1774012703791697217,1774012703794878114,3180
10743,1774012703796510990,1774012703799915017,3404
10744,1774012703801749722,1774012703804967093,3217
10745,1774012703806752804,1774012703810311198,3558
10746,1774012703812005589,1774012703815464601,3459
10747,1774012703817165611,1774012703820404590,3238
10748,1774012703822191675,1774012703825980466,3788
10749,1774012703827719137,1774012703831186644,3467
10750,1774012703832787472,1774012703836141960,3354
10751,1774012703837745205,1774012703840843968,3098
10752,1774012703842451882,1774012703845779861,3327
10753,1774012703847392816,1774012703850913748,3520
10754,1774012703852547683,1774012703855913603,3365
10755,1774012703857610255,1774012703860973979,3363
10756,1774012703862725444,1774012703866197766,3472
10757,1774012703868142181,1774012703871664071,3521
10758,1774012703873368920,1774012703876719816,3350
10759,1774012703878366390,1774012703881915005,3548
10760,1774012703883529160,1774012703886911592,3382
10761,1774012703888657785,1774012703892285976,3628
10762,1774012703893985837,1774012703897515644,3529
10763,1774012703899197938,1774012703902436260,3238
10764,1774012703904137398,1774012703906998533,2861
10765,1774012703908691362,1774012703912100299,3408
10766,1774012703913737952,1774012703916942152,3204
10767,1774012703918748735,1774012703922490593,3741
10768,1774012703924161916,1774012703927087145,2925
10769,1774012703928711439,1774012703931962391,3250
10770,1774012703933657663,1774012703936851738,3194
10771,1774012703938468866,1774012703941201768,2732
10772,1774012703942906697,1774012703946576373,3669
10773,1774012703948393365,1774012703951888961,3495
10774,1774012703953686120,1774012703957232663,3546
10775,1774012703958943862,1774012703961981252,3037
10776,1774012703963620851,1774012703966976104,3355
10777,1774012703968880128,1774012703972334187,3454
10778,1774012703974095018,1774012703977543626,3448
10779,1774012703979398033,1774012703982843780,3445
10780,1774012703984547614,1774012703987621780,3074
10781,1774012703989434098,1774012703992591220,3157
10782,1774012703994282592,1774012703997712049,3429
10783,1774012703999447894,1774012704003122191,3674
10784,1774012704005053916,1774012704008516606,3462
10785,1774012704010370795,1774012704013855530,3484
10786,1774012704015634454,1774012704019328973,3694
10787,1774012704021064820,1774012704024516729,3451
10788,1774012704026551035,1774012704030080484,3529
10789,1774012704031724389,1774012704035087010,3362
10790,1774012704036720811,1774012704039905604,3184
10791,1774012704041519062,1774012704044040189,2521
10792,1774012704045682549,1774012704048279977,2597
10793,1774012704049596023,1774012704052428122,2832
10794,1774012704054112498,1774012704056881513,2769
10795,1774012704058487134,1774012704061170837,2683
10796,1774012704062806444,1774012704065670863,2864
10797,1774012704067128176,1774012704070506485,3378
10798,1774012704072211222,1774012704075715328,3504
10799,1774012704077368109,1774012704080290947,2922
10800,1774012704082025960,1774012704085120606,3094
10801,1774012704086796715,1774012704090205687,3408
10802,1774012704091899520,1774012704095504519,3604
10803,1774012704097162044,1774012704100723446,3561
10804,1774012704102398245,1774012704105940555,3542
10805,1774012704107606768,1774012704110842613,3235
10806,1774012704112618291,1774012704116126247,3507
10807,1774012704117976927,1774012704121622432,3645
10808,1774012704123315489,1774012704126478382,3162
10809,1774012704128216861,1774012704131795295,3578
10810,1774012704133675826,1774012704136812832,3137
10811,1774012704138459274,1774012704141960430,3501
10812,1774012704143718209,1774012704147268689,3550
10813,1774012704149003428,1774012704152066822,3063
10814,1774012704153955061,1774012704157397194,3442
10815,1774012704159234477,1774012704162691551,3457
10816,1774012704164371936,1774012704167973996,3602
10817,1774012704169759491,1774012704172998886,3239
10818,1774012704174759560,1774012704178399121,3639
10819,1774012704180051203,1774012704183730382,3679
10820,1774012704185398318,1774012704188691748,3293
10821,1774012704190280332,1774012704193327631,3047
10822,1774012704195165221,1774012704198425363,3260
10823,1774012704200175292,1774012704203895815,3720
10824,1774012704205679779,1774012704208872770,3192
10825,1774012704210548817,1774012704213999378,3450
10826,1774012704215744226,1774012704219463829,3719
10827,1774012704221186080,1774012704224901712,3715
10828,1774012704226638826,1774012704230156080,3517
10829,1774012704231885226,1774012704235473777,3588
10830,1774012704237217855,1774012704240623934,3406
10831,1774012704242492244,1774012704246000793,3508
10832,1774012704247935364,1774012704251100505,3165
10833,1774012704252856416,1774012704256530684,3674
10834,1774012704258431094,1774012704262051361,3620
10835,1774012704263786295,1774012704267560728,3774
10836,1774012704269370605,1774012704272738666,3368
10837,1774012704274541784,1774012704277830479,3288
10838,1774012704279696766,1774012704283463370,3766
10839,1774012704285088184,1774012704288510308,3422
10840,1774012704290172950,1774012704293379335,3206
10841,1774012704295061128,1774012704298167069,3105
10842,1774012704306559432,1774012704310159230,3599
10843,1774012704311841769,1774012704315452292,3610
10844,1774012704317027376,1774012704320605748,3578
10845,1774012704322236496,1774012704325363085,3126
10846,1774012704326998091,1774012704330026597,3028
10847,1774012704331476476,1774012704334372413,2895
10848,1774012704336030634,1774012704338881138,2850
10849,1774012704340086654,1774012704343011653,2924
10850,1774012704344698824,1774012704348321807,3622
10851,1774012704350018784,1774012704353523436,3504
10852,1774012704355171143,1774012704358152972,2981
10853,1774012704359849871,1774012704363270428,3420
10854,1774012704365056409,1774012704368605628,3549
10855,1774012704370473573,1774012704373993227,3519
10856,1774012704375771767,1774012704378928672,3156
10857,1774012704380773736,1774012704384339780,3566
10858,1774012704386124960,1774012704389559423,3434
10859,1774012704391203045,1774012704394372735,3169
10860,1774012704396048932,1774012704399394182,3345
10861,1774012704401123994,1774012704404560699,3436
10862,1774012704406379726,1774012704409883958,3504
10863,1774012704411637891,1774012704415055325,3417
10864,1774012704416765290,1774012704420459675,3694
10865,1774012704422385320,1774012704425833980,3448
10866,1774012704427498513,1774012704430606038,3107
10867,1774012704432282595,1774012704435710837,3428
10868,1774012704437470017,1774012704441247147,3777
10869,1774012704442811805,1774012704445369410,2557
10870,1774012704447049217,1774012704450626586,3577
10871,1774012704452268668,1774012704455024358,2755
10872,1774012704456656633,1774012704460146460,3489
10873,1774012704461749471,1774012704465142608,3393
10874,1774012704466784839,1774012704469756355,2971
10875,1774012704471395370,1774012704474226795,2831
10876,1774012704475800659,1774012704479330382,3529
10877,1774012704481118297,1774012704484588482,3470
10878,1774012704486208485,1774012704489541654,3333
10879,1774012704491088231,1774012704494575162,3486
10880,1774012704496378365,1774012704499900453,3522
10881,1774012704501582509,1774012704505222326,3639
10882,1774012704507023949,1774012704510694805,3670
10883,1774012704512447464,1774012704515619132,3171
10884,1774012704517290715,1774012704520640250,3349
10885,1774012704522329582,1774012704525836211,3506
10886,1774012704527779094,1774012704531461913,3682
10887,1774012704533185873,1774012704536599609,3413
10888,1774012704538462112,1774012704542162280,3700
10889,1774012704544084301,1774012704547563377,3479
10890,1774012704549414629,1774012704552622563,3207
10891,1774012704554271707,1774012704557150759,2879
10892,1774012704558822226,1774012704562304263,3482
10893,1774012704563980798,1774012704567615649,3634
10894,1774012704569282446,1774012704572694909,3412
10895,1774012704574452199,1774012704578109013,3656
10896,1774012704579887749,1774012704583565084,3677
10897,1774012704585260761,1774012704588462545,3201
10898,1774012704590099916,1774012704593037300,2937
10899,1774012704594660626,1774012704598078187,3417
10900,1774012704599756052,1774012704603229143,3473
10901,1774012704604814136,1774012704607519355,2705
10902,1774012704609219043,1774012704612010157,2791
10903,1774012704613504673,1774012704616580185,3075
10904,1774012704618100820,1774012704621071361,2970
10905,1774012704622705870,1774012704626384376,3678
10906,1774012704628026787,1774012704631054725,3027
10907,1774012704632735394,1774012704636170707,3435
10908,1774012704637818160,1774012704640991735,3173
10909,1774012704642753664,1774012704646342941,3589
10910,1774012704648158752,1774012704651605073,3446
10911,1774012704653273804,1774012704656337282,3063
10912,1774012704657946936,1774012704661544298,3597
10913,1774012704663487045,1774012704667171646,3684
10914,1774012704668981715,1774012704672523351,3541
10915,1774012704674230178,1774012704677622292,3392
10916,1774012704679461584,1774012704683123661,3662
10917,1774012704684830388,1774012704688556774,3726
10918,1774012704690383099,1774012704694022402,3639
10919,1774012704695976362,1774012704699525669,3549
10920,1774012704701249564,1774012704704282590,3033
10921,1774012704706019502,1774012704709340184,3320
10922,1774012704711135012,1774012704714204042,3069
10923,1774012704715944902,1774012704719440756,3495
10924,1774012704721171874,1774012704724745693,3573
10925,1774012704726490673,1774012704729180075,2689
10926,1774012704730793168,1774012704734379579,3586
10927,1774012704736013691,1774012704739830498,3816
10928,1774012704741566708,1774012704745065860,3499
10929,1774012704746829075,1774012704749705991,2876
10930,1774012704751352456,1774012704754883106,3530
10931,1774012704756521863,1774012704759363146,2841
10932,1774012704760924996,1774012704764124291,3199
10933,1774012704765787634,1774012704769292921,3505
10934,1774012704770980996,1774012704774591011,3610
10935,1774012704776268532,1774012704779230824,2962
10936,1774012704780850802,1774012704783925672,3074
10937,1774012704785745819,1774012704789491712,3745
10938,1774012704791150883,1774012704794451260,3300
10939,1774012704796089483,1774012704799165802,3076
10940,1774012704800851077,1774012704804398496,3547
10941,1774012704806238198,1774012704809884842,3646
10942,1774012704811650043,1774012704814832597,3182
10943,1774012704816620431,1774012704819738108,3117
10944,1774012704821588114,1774012704825169540,3581
10945,1774012704826975860,1774012704829968104,2992
10946,1774012704831687670,1774012704834814722,3127
10947,1774012704836345758,1774012704839038467,2692
10948,1774012704840708349,1774012704844138904,3430
10949,1774012704845874497,1774012704849256282,3381
10950,1774012704850897733,1774012704853932047,3034
10951,1774012704855686286,1774012704858747708,3061
10952,1774012704860503679,1774012704864061359,3557
10953,1774012704865481075,1774012704868302196,2821
10954,1774012704869797783,1774012704873004060,3206
10955,1774012704874742047,1774012704877457250,2715
10956,1774012704879066334,1774012704881891334,2825
10957,1774012704883683693,1774012704887315719,3632
10958,1774012704888961771,1774012704892017894,3056
10959,1774012704893705852,1774012704896827667,3121
10960,1774012704898494581,1774012704901423134,2928
10961,1774012704903185413,1774012704906594919,3409
10962,1774012704908282674,1774012704912001653,3718
10963,1774012704913641785,1774012704917357043,3715
10964,1774012704919215465,1774012704922851996,3636
10965,1774012704924563329,1774012704927959912,3396
10966,1774012704929629295,1774012704933204830,3575
10967,1774012704934893526,1774012704938512310,3618
10968,1774012704940222202,1774012704943392724,3170
10969,1774012704945098706,1774012704948187453,3088
10970,1774012704949845078,1774012704953532796,3687
10971,1774012704955201485,1774012704958541864,3340
10972,1774012704960218530,1774012704963751898,3533
10973,1774012704965464665,1774012704969133032,3668
10974,1774012704970782363,1774012704973881638,3099
10975,1774012704975890100,1774012704979146892,3256
10976,1774012704981048463,1774012704984576765,3528
10977,1774012704986279314,1774012704989186512,2907
10978,1774012704990982946,1774012704994553083,3570
10979,1774012704996333997,1774012704999203367,2869
10980,1774012705000891519,1774012705003880036,2988
10981,1774012705005496547,1774012705009171952,3675
10982,1774012705010773412,1774012705013774874,3001
10983,1774012705015511765,1774012705018638078,3126
10984,1774012705020302222,1774012705022908403,2606
10985,1774012705024265511,1774012705027557785,3292
10986,1774012705029103189,1774012705031929174,2825
10987,1774012705033523474,1774012705036666717,3143
10988,1774012705038353975,1774012705041214946,2860
10989,1774012705042818276,1774012705046305872,3487
10990,1774012705048078092,1774012705051474134,3396
10991,1774012705053156502,1774012705056208055,3051
10992,1774012705057779419,1774012705060905655,3126
10993,1774012705062618089,1774012705065928762,3310
10994,1774012705067688506,1774012705071235249,3546
10995,1774012705072859347,1774012705075998303,3138
10996,1774012705077820040,1774012705081323022,3502
10997,1774012705082913524,1774012705086399152,3485
10998,1774012705088157931,1774012705091189733,3031
10999,1774012705092812622,1774012705096225756,3413
11000,1774012705097861602,1774012705100829650,2968
11001,1774012705102457202,1774012705105848806,3391
11002,1774012705107702589,1774012705110910608,3208
11003,1774012705112740379,1774012705115931487,3191
11004,1774012705117681590,1774012705120815236,3133
11005,1774012705122502079,1774012705125915407,3413
11006,1774012705127602554,1774012705131286438,3683
11007,1774012705133064146,1774012705136419232,3355
11008,1774012705138146012,1774012705141717830,3571
11009,1774012705143383567,1774012705146124046,2740
11010,1774012705147903242,1774012705150506433,2603
11011,1774012705152285234,1774012705155863526,3578
11012,1774012705157511762,1774012705160687526,3175
11013,1774012705162278415,1774012705164805683,2527
11014,1774012705166394359,1774012705169464000,3069
11015,1774012705171128469,1774012705174557411,3428
11016,1774012705176448709,1774012705180010334,3561
11017,1774012705181815807,1774012705185006868,3191
11018,1774012705186843012,1774012705190079643,3236
11019,1774012705191766267,1774012705195343493,3577
11020,1774012705197071300,1774012705200534415,3463
11021,1774012705202181490,1774012705205448367,3266
11022,1774012705207064052,1774012705210201747,3137
11023,1774012705211983573,1774012705215636054,3652
11024,1774012705217467167,1774012705221050521,3583
11025,1774012705222771454,1774012705226000050,3228
11026,1774012705227717126,1774012705231154267,3437
11027,1774012705232772349,1774012705236419749,3647
11028,1774012705238153949,1774012705241664323,3510
11029,1774012705243370522,1774012705246635062,3264
11030,1774012705248382910,1774012705251477017,3094
11031,1774012705253135780,1774012705256038048,2902
11032,1774012705257782776,1774012705261203085,3420
11033,1774012705263021418,1774012705266512170,3490
11034,1774012705268196590,1774012705271088367,2891
11035,1774012705272851291,1774012705275952860,3101
11036,1774012705277604983,1774012705280862193,3257
11037,1774012705282479898,1774012705285723579,3243
11038,1774012705286804904,1774012705290351000,3546
11039,1774012705292043507,1774012705294904127,2860
11040,1774012705296390678,1774012705299497381,3106
11041,1774012705301194381,1774012705304582392,3388
11042,1774012705306293614,1774012705309533616,3240
11043,1774012705311145979,1774012705314118380,2972
11044,1774012705315874964,1774012705319365315,3490
11045,1774012705321102833,1774012705323949942,2847
11046,1774012705325622439,1774012705329117721,3495
11047,1774012705330727391,1774012705333791772,3064
11048,1774012705335437212,1774012705338633872,3196
11049,1774012705340401989,1774012705343615756,3213
11050,1774012705345378621,1774012705348126631,2748
11051,1774012705349795961,1774012705353248439,3452
11052,1774012705354989917,1774012705358666641,3676
11053,1774012705360555543,1774012705364010421,3454
11054,1774012705365866611,1774012705368986176,3119
11055,1774012705370852536,1774012705374439875,3587
11056,1774012705376052960,1774012705379805741,3752
11057,1774012705381802997,1774012705385473892,3670
11058,1774012705387159625,1774012705390465815,3306
11059,1774012705392119737,1774012705395327273,3207
11060,1774012705396996069,1774012705400434562,3438
11061,1774012705402285253,1774012705405858586,3573
11062,1774012705407655953,1774012705411201212,3545
11063,1774012705412883689,1774012705416331782,3448
11064,1774012705417893443,1774012705420831775,2938
11065,1774012705422388459,1774012705426012129,3623
11066,1774012705427624267,1774012705430809701,3185
11067,1774012705432489750,1774012705436048522,3558
11068,1774012705437793621,1774012705440722994,2929
11069,1774012705442173566,1774012705445038971,2865
11070,1774012705446719345,1774012705450320777,3601
11071,1774012705451890526,1774012705454992524,3101
11072,1774012705456749509,1774012705460246401,3496
11073,1774012705462040413,1774012705465170078,3129
11074,1774012705467048235,1774012705470268838,3220
11075,1774012705472013984,1774012705475058124,3044
11076,1774012705476877447,1774012705480125197,3247
11077,1774012705481780462,1774012705485007426,3226
11078,1774012705486816462,1774012705490455416,3638
11079,1774012705492209037,1774012705495225037,3016
11080,1774012705496956059,1774012705500064284,3108
11081,1774012705501906341,1774012705505391902,3485
11082,1774012705507041788,1774012705510512078,3470
11083,1774012705512180031,1774012705515165570,2985
11084,1774012705517032083,1774012705520791221,3759
11085,1774012705522500973,1774012705526198339,3697
11086,1774012705527871183,1774012705530874632,3003
11087,1774012705532584443,1774012705536027687,3443
11088,1774012705537941188,1774012705541520781,3579
11089,1774012705543207458,1774012705546710638,3503
11090,1774012705548524900,1774012705552139801,3614
11091,1774012705553753584,1774012705557277200,3523
11092,1774012705558625239,1774012705561830344,3205
11093,1774012705563618844,1774012705567161142,3542
11094,1774012705568757052,1774012705571875028,3117
11095,1774012705573483929,1774012705576357387,2873
11096,1774012705578001070,1774012705580599930,2598
11097,1774012705582128961,1774012705585494621,3365
11098,1774012705587215840,1774012705590691485,3475
11099,1774012705592326662,1774012705595504946,3178
11100,1774012705597140717,1774012705600470378,3329
11101,1774012705602143214,1774012705605657238,3514
11102,1774012705607479802,1774012705610965419,3485
11103,1774012705612752764,1774012705615818882,3066
11104,1774012705617502680,1774012705620994910,3492
11105,1774012705622659321,1774012705626380059,3720
11106,1774012705628165719,1774012705631591015,3425
11107,1774012705633419132,1774012705636680071,3260
11108,1774012705638556515,1774012705642001096,3444
11109,1774012705643827822,1774012705647085336,3257
11110,1774012705648759169,1774012705652171677,3412
11111,1774012705653828837,1774012705656896155,3067
11112,1774012705658778825,1774012705662042801,3263
11113,1774012705663795066,1774012705667383326,3588
11114,1774012705669031933,1774012705672434262,3402
11115,1774012705674406782,1774012705677716835,3310
11116,1774012705679325587,1774012705682169815,2844
11117,1774012705683796771,1774012705686766243,2969
11118,1774012705688366326,1774012705692069329,3703
11119,1774012705693828511,1774012705696489674,2661
11120,1774012705698039691,1774012705701452630,3412
11121,1774012705703066238,1774012705705921967,2855
11122,1774012705707688801,1774012705710840866,3152
11123,1774012705712493685,1774012705715307096,2813
11124,1774012705716914964,1774012705720284339,3369
11125,1774012705721968694,1774012705725323696,3355
11126,1774012705726984092,1774012705729993050,3008
11127,1774012705731559129,1774012705735089689,3530
11128,1774012705736731254,1774012705739860759,3129
11129,1774012705741592635,1774012705744652009,3059
11130,1774012705746370489,1774012705749761466,3390
11131,1774012705751422503,1774012705754940930,3518
11132,1774012705756680290,1774012705759855691,3175
11133,1774012705761491265,1774012705764717527,3226
11134,1774012705766356768,1774012705769240151,2883
11135,1774012705770907395,1774012705774570601,3663
11136,1774012705776476961,1774012705779955183,3478
11137,1774012705781666111,1774012705785331304,3665
11138,1774012705787000473,1774012705790537498,3537
11139,1774012705792316419,1774012705795898096,3581
11140,1774012705797681486,1774012705801127790,3446
11141,1774012705802780635,1774012705805912507,3131
11142,1774012705807556008,1774012705811083365,3527
11143,1774012705812687511,1774012705816204642,3517
11144,1774012705817845828,1774012705821371763,3525
11145,1774012705823022017,1774012705825896897,2874
11146,1774012705827704959,1774012705831266780,3561
11147,1774012705832746425,1774012705836386815,3640
11148,1774012705837846964,1774012705840614442,2767
11149,1774012705842253728,1774012705845466698,3212
11150,1774012705847085039,1774012705849850176,2765
11151,1774012705851330557,1774012705854221971,2891
11152,1774012705855941454,1774012705859425530,3484
11153,1774012705861113931,1774012705864549792,3435
11154,1774012705866254576,1774012705869592768,3338
11155,1774012705871297037,1774012705874312367,3015
11156,1774012705876046518,1774012705879726360,3679
11157,1774012705881479332,1774012705885169075,3689
11158,1774012705886858921,1774012705890259558,3400
11159,1774012705892106676,1774012705895685753,3579
11160,1774012705897607876,1774012705901129548,3521
11161,1774012705902790385,1774012705906007474,3217
11162,1774012705907674324,1774012705910890915,3216
11163,1774012705912615066,1774012705916065865,3450
11164,1774012705917947300,1774012705921516823,3569
11165,1774012705923167912,1774012705926453088,3285
11166,1774012705928108624,1774012705931439754,3331
11167,1774012705933150174,1774012705937088196,3938
11168,1774012705938840510,1774012705942005253,3164
11169,1774012705943832802,1774012705946996211,3163
11170,1774012705948850994,1774012705952662450,3811
11171,1774012705954584164,1774012705958261580,3677
11172,1774012705959895066,1774012705962767556,2872
11173,1774012705964331501,1774012705967766854,3435
11174,1774012705969488316,1774012705972438470,2950
11175,1774012705974093390,1774012705977652285,3558
11176,1774012705979174234,1774012705982508317,3334
11177,1774012705983985459,1774012705987078631,3093
11178,1774012705988809763,1774012705992470138,3660
11179,1774012705994073499,1774012705997638123,3564
11180,1774012705999328371,1774012706002269502,2941
11181,1774012706003913768,1774012706007399690,3485
11182,1774012706009200205,1774012706012476506,3276
11183,1774012706014208641,1774012706017889308,3680
11184,1774012706019719790,1774012706022974644,3254
11185,1774012706024641115,1774012706028099323,3458
11186,1774012706029862563,1774012706033534311,3671
11187,1774012706035346042,1774012706038904981,3558
11188,1774012706040511453,1774012706043828534,3317
11189,1774012706045547137,1774012706048735820,3188
11190,1774012706050383487,1774012706053710051,3326
11191,1774012706055426977,1774012706058977068,3550
11192,1774012706060814605,1774012706064012496,3197
11193,1774012706065671881,1774012706069166637,3494
11194,1774012706070960693,1774012706074238499,3277
11195,1774012706075986059,1774012706079452313,3466
11196,1774012706081061962,1774012706084610923,3548
11197,1774012706086381403,1774012706089833185,3451
11198,1774012706091570103,1774012706095046370,3476
11199,1774012706096763808,1774012706100253648,3489
11200,1774012706102007859,1774012706105489397,3481
11201,1774012706107323827,1774012706110159166,2835
11202,1774012706111837258,1774012706114759611,2922
11203,1774012706116462593,1774012706119507144,3044
11204,1774012706121305773,1774012706124088350,2782
11205,1774012706125755613,1774012706128863577,3107
11206,1774012706130250860,1774012706133093580,2842
11207,1774012706134654478,1774012706137681499,3027
11208,1774012706139562786,1774012706143085687,3522
11209,1774012706144734943,1774012706147824468,3089
11210,1774012706149737279,1774012706153001293,3264
11211,1774012706154683620,1774012706157858342,3174
11212,1774012706159575577,1774012706162764038,3188
11213,1774012706164517145,1774012706168075024,3557
11214,1774012706169828794,1774012706173400785,3571
11215,1774012706175146064,1774012706178611296,3465
11216,1774012706180379564,1774012706183993589,3614
11217,1774012706185864051,1774012706189085406,3221
11218,1774012706190751631,1774012706193956838,3205
11219,1774012706195906631,1774012706199546869,3640
11220,1774012706201415362,1774012706205255127,3839
11221,1774012706207134842,1774012706210967684,3832
11222,1774012706212899515,1774012706216641274,3741
11223,1774012706218305505,1774012706221870892,3565
11224,1774012706223538763,1774012706226884762,3345
11225,1774012706228552739,1774012706231782635,3229
11226,1774012706233563281,1774012706237193625,3630
11227,1774012706238840461,1774012706241509849,2669
11228,1774012706243225608,1774012706246797345,3571
11229,1774012706248468444,1774012706252017286,3548
11230,1774012706253667904,1774012706256433439,2765
11231,1774012706257946409,1774012706260940714,2994
11232,1774012706262745358,1774012706265627845,2882
11233,1774012706267359295,1774012706270528376,3169
11234,1774012706272093941,1774012706275713685,3619
11235,1774012706277370606,1774012706280468487,3097
11236,1774012706282272647,1774012706285251513,2978
11237,1774012706286971295,1774012706290155608,3184
11238,1774012706291906702,1774012706295567215,3660
11239,1774012706297369933,1774012706300959021,3589
11240,1774012706302697953,1774012706306178222,3480
11241,1774012706307875765,1774012706311511505,3635
11242,1774012706313207350,1774012706316748985,3541
11243,1774012706318454425,1774012706322018174,3563
11244,1774012706323670216,1774012706327156070,3485
11245,1774012706328929092,1774012706332059582,3130
11246,1774012706333815204,1774012706337385774,3570
11247,1774012706339068851,1774012706342020099,2951
11248,1774012706343905477,1774012706347526272,3620
11249,1774012706349214066,1774012706352687359,3473
11250,1774012706354522324,1774012706358120991,3598
11251,1774012706359776885,1774012706363232678,3455
11252,1774012706365117183,1774012706368282016,3164
11253,1774012706370195412,1774012706373909121,3713
11254,1774012706375591677,1774012706378421643,2829
11255,1774012706380008399,1774012706383327726,3319
11256,1774012706384919316,1774012706388537093,3617
11257,1774012706390306793,1774012706393547521,3240
11258,1774012706395095228,1774012706398639762,3544
11259,1774012706400217423,1774012706402824002,2606
11260,1774012706404494357,1774012706407322606,2828
11261,1774012706408996510,1774012706412506550,3510
11262,1774012706414199809,1774012706417215978,3016
11263,1774012706418910975,1774012706422447543,3536
11264,1774012706424202315,1774012706427512734,3310
11265,1774012706429269190,1774012706432702150,3432
11266,1774012706434526578,1774012706438169562,3642
11267,1774012706439939518,1774012706443240860,3301
11268,1774012706444965430,1774012706448523594,3558
11269,1774012706450439689,1774012706453741961,3302
11270,1774012706455489048,1774012706459014911,3525
11271,1774012706460664745,1774012706463965398,3300
11272,1774012706465823995,1774012706469290338,3466
11273,1774012706471007024,1774012706473906127,2899
11274,1774012706475652055,1774012706478781072,3129
11275,1774012706480656054,1774012706484209548,3553
11276,1774012706485891443,1774012706489435852,3544
11277,1774012706491235416,1774012706494365090,3129
11278,1774012706496034399,1774012706499389116,3354
11279,1774012706500989495,1774012706504107010,3117
11280,1774012706505912737,1774012706509735146,3822
11281,1774012706511488772,1774012706514910543,3421
11282,1774012706516525751,1774012706519762251,3236
11283,1774012706521656073,1774012706525374954,3718
11284,1774012706526918129,1774012706530481325,3563
11285,1774012706532003026,1774012706535570913,3567
11286,1774012706537251816,1774012706540482116,3230
11287,1774012706542102261,1774012706544723427,2621
11288,1774012706546374969,1774012706549844890,3469
11289,1774012706551615906,1774012706555238439,3622
11290,1774012706556859632,1774012706560372869,3513
11291,1774012706562075530,1774012706565094088,3018
11292,1774012706566796725,1774012706570468903,3672
11293,1774012706572103844,1774012706575400447,3296
11294,1774012706577115621,1774012706580377748,3262
11295,1774012706582093818,1774012706585570332,3476
11296,1774012706587458456,1774012706590613871,3155
11297,1774012706592477427,1774012706595708315,3230
11298,1774012706597362936,1774012706600632781,3269
11299,1774012706602333244,1774012706605354527,3021
11300,1774012706607021798,1774012706609995559,2973
11301,1774012706611852792,1774012706615378425,3525
11302,1774012706617043979,1774012706620514998,3471
11303,1774012706622184646,1774012706625031999,2847
11304,1774012706626850237,1774012706630122619,3272
11305,1774012706631966887,1774012706635521223,3554
11306,1774012706637193747,1774012706640547174,3353
11307,1774012706642192056,1774012706645112577,2920
11308,1774012706646818989,1774012706649667855,2848
11309,1774012706651470571,1774012706654715127,3244
11310,1774012706656431056,1774012706660183785,3752
11311,1774012706661929266,1774012706665362304,3433
11312,1774012706667053582,1774012706669975555,2921
11313,1774012706671418374,1774012706674932501,3514
11314,1774012706676700970,1774012706679137431,2436
11315,1774012706680586244,1774012706684195645,3609
11316,1774012706685957451,1774012706689132907,3175
11317,1774012706690842212,1774012706694538347,3696
11318,1774012706696178972,1774012706699794078,3615
11319,1774012706701412039,1774012706704263316,2851
11320,1774012706706091303,1774012706709991893,3900
11321,1774012706711826418,1774012706715314268,3487
11322,1774012706717001671,1774012706720482207,3480
11323,1774012706722280721,1774012706725069840,2789
11324,1774012706726721539,1774012706729742061,3020
11325,1774012706731363454,1774012706734942912,3579
11326,1774012706736700315,1774012706740191468,3491
11327,1774012706741793116,1774012706745344966,3551
11328,1774012706747053612,1774012706750520909,3467
11329,1774012706752206304,1774012706755142111,2935
11330,1774012706756801533,1774012706760416324,3614
11331,1774012706762073120,1774012706765570012,3496
11332,1774012706767255704,1774012706770155675,2899
11333,1774012706771774934,1774012706775139512,3364
11334,1774012706776839933,1774012706780431598,3591
11335,1774012706782178966,1774012706784927751,2748
11336,1774012706786667559,1774012706789980863,3313
11337,1774012706791873684,1774012706795474049,3600
11338,1774012706797287970,1774012706800242841,2954
11339,1774012706801906923,1774012706804884572,2977
11340,1774012706806428291,1774012706809557919,3129
11341,1774012706810991255,1774012706814044128,3052
11342,1774012706815404749,1774012706818554290,3149
11343,1774012706820044316,1774012706822851620,2807
11344,1774012706824405732,1774012706827685427,3279
11345,1774012706829335768,1774012706833022556,3686
11346,1774012706834767268,1774012706838267831,3500
11347,1774012706839869736,1774012706843361211,3491
11348,1774012706844967817,1774012706848282219,3314
11349,1774012706849921437,1774012706852849433,2927
11350,1774012706854452292,1774012706857905038,3452
11351,1774012706859577255,1774012706863151592,3574
11352,1774012706864959127,1774012706868445273,3486
11353,1774012706870226988,1774012706873150415,2923
11354,1774012706874828522,1774012706878554156,3725
11355,1774012706880298954,1774012706883891979,3593
11356,1774012706885703128,1774012706889413082,3709
11357,1774012706891062992,1774012706894055220,2992
11358,1774012706895758833,1774012706899395668,3636
11359,1774012706901036648,1774012706904504295,3467
11360,1774012706906322014,1774012706909276769,2954
11361,1774012706910883032,1774012706914498671,3615
11362,1774012706916142867,1774012706919870541,3727
11363,1774012706921530437,1774012706925125481,3595
11364,1774012706926710884,1774012706929796072,3085
11365,1774012706931463014,1774012706935106732,3643
11366,1774012706936748018,1774012706939894319,3146
11367,1774012706941546449,1774012706944739510,3193
11368,1774012706946402930,1774012706950058230,3655
11369,1774012706951339294,1774012706954157653,2818
11370,1774012706955785037,1774012706958436305,2651
11371,1774012706960102796,1774012706963433171,3330
11372,1774012706965229067,1774012706968495612,3266
11373,1774012706970179119,1774012706973608191,3429
11374,1774012706975245657,1774012706978719709,3474
11375,1774012706980612934,1774012706984197267,3584
11376,1774012706985972012,1774012706989010321,3038
11377,1774012706990756646,1774012706994405996,3649
11378,1774012706996257046,1774012706999678049,3421
11379,1774012707001365592,1774012707004603884,3238
11380,1774012707006407242,1774012707009885371,3478
11381,1774012707011846429,1774012707015332502,3486
11382,1774012707017005224,1774012707020441812,3436
11383,1774012707022170356,1774012707025126393,2956
11384,1774012707026978940,1774012707030585967,3607
11385,1774012707032360467,1774012707035886472,3526
11386,1774012707037662179,1774012707041167710,3505
11387,1774012707042840029,1774012707046139241,3299
11388,1774012707047788550,1774012707051176753,3388
11389,1774012707052828201,1774012707056351016,3522
11390,1774012707058053879,1774012707061325478,3271
11391,1774012707062917185,1774012707065855792,2938
11392,1774012707067458008,1774012707070981105,3523
11393,1774012707072666630,1774012707075850632,3184
11394,1774012707077120635,1774012707080434971,3314
11395,1774012707082075673,1774012707085205736,3130
11396,1774012707086819627,1774012707090269728,3450
11397,1774012707092015697,1774012707095481403,3465
11398,1774012707097059188,1774012707100488231,3429
11399,1774012707102157237,1774012707105713076,3555
11400,1774012707107399630,1774012707110616948,3217
11401,1774012707112368200,1774012707115294435,2926
11402,1774012707116897143,1774012707120418246,3521
11403,1774012707122129316,1774012707125336596,3207
11404,1774012707127002492,1774012707130429543,3427
11405,1774012707131987952,1774012707135463174,3475
11406,1774012707137100229,1774012707140591284,3491
11407,1774012707142295031,1774012707145836885,3541
11408,1774012707147663630,1774012707150847555,3183
11409,1774012707152738047,1774012707156098695,3360
11410,1774012707157778938,1774012707160916913,3137
11411,1774012707162615581,1774012707166164006,3548
11412,1774012707168061781,1774012707171536164,3474
11413,1774012707173362183,1774012707176735796,3373
11414,1774012707178604730,1774012707182069176,3464
11415,1774012707183916102,1774012707187213657,3297
11416,1774012707189007405,1774012707192580085,3572
11417,1774012707194145841,1774012707196950073,2804
11418,1774012707198631513,1774012707202267149,3635
11419,1774012707203902032,1774012707206883642,2981
11420,1774012707208421601,1774012707211329186,2907
11421,1774012707213051051,1774012707215893257,2842
11422,1774012707217372262,1774012707220091802,2719
11423,1774012707221587301,1774012707225206935,3619
11424,1774012707226836312,1774012707229288339,2452
11425,1774012707230635894,1774012707233493721,2857
11426,1774012707235161583,1774012707238975534,3813
11427,1774012707240750363,1774012707244359665,3609
11428,1774012707246241819,1774012707249908950,3667
11429,1774012707251679747,1774012707255431243,3751
11430,1774012707257421919,1774012707260502298,3080
11431,1774012707262381793,1774012707265886986,3505
11432,1774012707267669467,1774012707270964580,3295
11433,1774012707272937287,1774012707276435234,3497
11434,1774012707278170093,1774012707281654643,3484
11435,1774012707283578693,1774012707287000817,3422
11436,1774012707288700941,1774012707292120729,3419
11437,1774012707294056582,1774012707297569983,3513
11438,1774012707299299515,1774012707302835587,3536
11439,1774012707304774982,1774012707307916186,3141
11440,1774012707309846568,1774012707313386592,3540
11441,1774012707315035518,1774012707317938386,2902
11442,1774012707319528659,1774012707322473306,2944
11443,1774012707324108397,1774012707326976172,2867
11444,1774012707328681292,1774012707332059461,3378
11445,1774012707333691854,1774012707337145999,3454
11446,1774012707338708230,1774012707341932924,3224
11447,1774012707343653577,1774012707347185260,3531
11448,1774012707348801933,1774012707352264120,3462
11449,1774012707353989036,1774012707357202958,3213
11450,1774012707358796680,1774012707361918659,3121
11451,1774012707363523919,1774012707367058467,3534
11452,1774012707368589174,1774012707371425728,2836
11453,1774012707373148301,1774012707376553561,3405
11454,1774012707378246359,1774012707381300397,3054
11455,1774012707382976757,1774012707386466143,3489
11456,1774012707388116556,1774012707391476761,3360
11457,1774012707393051097,1774012707395977192,2926
11458,1774012707397558060,1774012707400901599,3343
11459,1774012707402512977,1774012707405857418,3344
11460,1774012707407489765,1774012707410895323,3405
11461,1774012707412614503,1774012707415976564,3362
11462,1774012707417819014,1774012707421421370,3602
11463,1774012707423132747,1774012707426526710,3393
11464,1774012707428329582,1774012707431736816,3407
11465,1774012707433577096,1774012707437110495,3533
11466,1774012707438819023,1774012707442112710,3293
11467,1774012707443835444,1774012707447349074,3513
11468,1774012707449098430,1774012707452505188,3406
11469,1774012707454212393,1774012707457488935,3276
11470,1774012707459138961,1774012707462497374,3358
11471,1774012707464092776,1774012707467481258,3388
11472,1774012707469258611,1774012707472879982,3621
11473,1774012707474597004,1774012707477708704,3111
11474,1774012707479166288,1774012707482011389,2845
11475,1774012707483643406,1774012707486636113,2992
11476,1774012707488077391,1774012707490821418,2744
11477,1774012707492511177,1774012707495352022,2840
11478,1774012707496998711,1774012707500277667,3278
11479,1774012707501903060,1774012707504543340,2640
11480,1774012707506181422,1774012707508936131,2754
11481,1774012707510453228,1774012707513636914,3183
11482,1774012707515331846,1774012707518695464,3363
11483,1774012707520381355,1774012707523239658,2858
11484,1774012707525028374,1774012707528012725,2984
11485,1774012707529847601,1774012707533474703,3627
11486,1774012707535184289,1774012707538384297,3200
11487,1774012707540047534,1774012707543015702,2968
11488,1774012707544695562,1774012707548323175,3627
11489,1774012707550037216,1774012707553575346,3538
11490,1774012707555321546,1774012707558620041,3298
11491,1774012707560479178,1774012707563802547,3323
11492,1774012707565494612,1774012707569020546,3525
11493,1774012707570436549,1774012707573725187,3288
11494,1774012707575551514,1774012707578713000,3161
11495,1774012707580372523,1774012707583239119,2866
11496,1774012707585115261,1774012707588042609,2927
11497,1774012707589690362,1774012707593248365,3558
11498,1774012707594896003,1774012707597928428,3032
11499,1774012707599742299,1774012707602724873,2982
11500,1774012707604459747,1774012707607956282,3496
11501,1774012707609605397,1774012707612907941,3302
11502,1774012707614513817,1774012707617165797,2651
11503,1774012707618856407,1774012707622008582,3152
11504,1774012707623542453,1774012707626612831,3070
11505,1774012707628386071,1774012707631169783,2783
11506,1774012707632765173,1774012707636106336,3341
11507,1774012707637785307,1774012707640407041,2621
11508,1774012707642094106,1774012707645061873,2967
11509,1774012707646694383,1774012707650049604,3355
11510,1774012707651698380,1774012707654819830,3121
11511,1774012707656447366,1774012707659904369,3457
11512,1774012707661536355,1774012707664970060,3433
11513,1774012707666577690,1774012707669825939,3248
11514,1774012707671450638,1774012707674933604,3482
11515,1774012707676559824,1774012707680330117,3770
11516,1774012707682042442,1774012707685196628,3154
11517,1774012707686853546,1774012707690517581,3664
11518,1774012707692460244,1774012707696219123,3758
11519,1774012707697923973,1774012707700994528,3070
11520,1774012707702768449,1774012707705980674,3212
11521,1774012707707714489,1774012707711238865,3524
11522,1774012707712893608,1774012707716522512,3628
11523,1774012707718197502,1774012707721441134,3243
11524,1774012707723146008,1774012707726833730,3687
11525,1774012707728609195,1774012707731896831,3287
11526,1774012707733683998,1774012707737257194,3573
11527,1774012707738895017,1774012707742547830,3652
11528,1774012707744128834,1774012707746970888,2842
11529,1774012707748722172,1774012707751794436,3072
11530,1774012707753510052,1774012707756804086,3294
11531,1774012707758465346,1774012707761588781,3123
11532,1774012707762804498,1774012707766038439,3233
11533,1774012707767510826,1774012707770240984,2730
11534,1774012707771795304,1774012707775262582,3467
11535,1774012707776918118,1774012707779864973,2946
11536,1774012707781501647,1774012707784990176,3488
11537,1774012707786628073,1774012707790289515,3661
11538,1774012707792072186,1774012707795568228,3496
11539,1774012707797422475,1774012707800630920,3208
11540,1774012707802359986,1774012707805759683,3399
11541,1774012707807465216,1774012707810917731,3452
11542,1774012707812736772,1774012707816436707,3699
11543,1774012707818099290,1774012707821492357,3393
11544,1774012707823211385,1774012707826561113,3349
11545,1774012707828345818,1774012707831909224,3563
11546,1774012707833691234,1774012707836933114,3241
11547,1774012707838540558,1774012707841228863,2688
11548,1774012707842856915,1774012707846381083,3524
11549,1774012707847883831,1774012707851279265,3395
11550,1774012707852934233,1774012707856533319,3599
11551,1774012707858204426,1774012707861035728,2831
11552,1774012707862986600,1774012707866204152,3217
11553,1774012707867854345,1774012707871425260,3570
11554,1774012707872993641,1774012707876405888,3412
11555,1774012707877905617,1774012707881358991,3453
11556,1774012707882880135,1774012707885821504,2941
11557,1774012707887452593,1774012707890000774,2548
11558,1774012707891567064,1774012707895171611,3604
11559,1774012707896930269,1774012707899603275,2673
11560,1774012707901437099,1774012707904250044,2812
11561,1774012707905770432,1774012707908813984,3043
11562,1774012707910170576,1774012707913447531,3276
11563,1774012707915128716,1774012707918594410,3465
11564,1774012707920260059,1774012707923602326,3342
11565,1774012707925312921,1774012707928144658,2831
11566,1774012707929746272,1774012707933279648,3533
11567,1774012707934953200,1774012707938617753,3664
11568,1774012707940570787,1774012707944278404,3707
11569,1774012707945939492,1774012707949567129,3627
11570,1774012707951420537,1774012707955050035,3629
11571,1774012707956928717,1774012707960408560,3479
11572,1774012707962107803,1774012707965214813,3107
11573,1774012707966908544,1774012707970449960,3541
11574,1774012707972250013,1774012707975771264,3521
11575,1774012707977558756,1774012707980730650,3171
11576,1774012707982477893,1774012707985847559,3369
11577,1774012707987737225,1774012707991474816,3737
11578,1774012707993239182,1774012707996893781,3654
11579,1774012707998622290,1774012708002119181,3496
11580,1774012708003811123,1774012708007321104,3509
11581,1774012708009192918,1774012708012682714,3489
11582,1774012708014371797,1774012708018044704,3672
11583,1774012708019728269,1774012708023349428,3621
11584,1774012708025105971,1774012708028349914,3243
11585,1774012708029983607,1774012708032961196,2977
11586,1774012708034234339,1774012708036743815,2509
11587,1774012708038348040,1774012708042080312,3732
11588,1774012708043743751,1774012708046896446,3152
11589,1774012708048509294,1774012708051150044,2640
11590,1774012708052834884,1774012708055844914,3010
11591,1774012708057506928,1774012708060508616,3001
11592,1774012708062039044,1774012708065488921,3449
11593,1774012708067171390,1774012708070147849,2976
11594,1774012708071797188,1774012708075352595,3555
11595,1774012708077026635,1774012708079931500,2904
11596,1774012708081701662,1774012708085386912,3685
11597,1774012708087203531,1774012708090743967,3540
11598,1774012708092668936,1774012708096431830,3762
11599,1774012708098183678,1774012708101589060,3405
11600,1774012708103372583,1774012708106220021,2847
11601,1774012708107969002,1774012708111512552,3543
11602,1774012708113420310,1774012708116804389,3384
11603,1774012708118558764,1774012708121842111,3283
11604,1774012708123560444,1774012708126753071,3192
11605,1774012708128618751,1774012708132062397,3443
11606,1774012708133893131,1774012708137466976,3573
11607,1774012708139148989,1774012708142275870,3126
11608,1774012708144055517,1774012708147591528,3536
11609,1774012708149511151,1774012708152696252,3185
11610,1774012708154642565,1774012708158221769,3579
11611,1774012708159835223,1774012708162905648,3070
11612,1774012708164621989,1774012708168079123,3457
11613,1774012708169575030,1774012708172413518,2838
11614,1774012708174069944,1774012708176871111,2801
11615,1774012708178405377,1774012708181777228,3371
11616,1774012708183242281,1774012708186322089,3079
11617,1774012708187620758,1774012708190733757,3112
11618,1774012708192371285,1774012708196205253,3833
11619,1774012708197980897,1774012708201009389,3028
11620,1774012708202677434,1774012708205908162,3230
11621,1774012708207562470,1774012708211063860,3501
11622,1774012708212704461,1774012708216406140,3701
11623,1774012708218191744,1774012708222106725,3914
11624,1774012708223874117,1774012708227979934,4105
11625,1774012708229395380,1774012708232460473,3065
11626,1774012708234240556,1774012708237915039,3674
11627,1774012708239580862,1774012708243178506,3597
11628,1774012708244997725,1774012708248603183,3605
11629,1774012708250386962,1774012708253619984,3233
11630,1774012708255217732,1774012708258608747,3391
11631,1774012708260275466,1774012708263097758,2822
11632,1774012708264875470,1774012708268547700,3672
11633,1774012708270195424,1774012708273148048,2952
11634,1774012708274755401,1774012708277940561,3185
11635,1774012708279938831,1774012708283816102,3877
11636,1774012708285546286,1774012708288985828,3439
11637,1774012708290839885,1774012708294442724,3602
11638,1774012708296139939,1774012708299726089,3586
11639,1774012708301345351,1774012708304238340,2892
11640,1774012708305849567,1774012708309494378,3644
11641,1774012708311032594,1774012708314074508,3041
11642,1774012708315655303,1774012708318805669,3150
11643,1774012708320475222,1774012708323558062,3082
11644,1774012708325111758,1774012708328058454,2946
11645,1774012708329762268,1774012708333366682,3604
11646,1774012708335021669,1774012708337990073,2968
11647,1774012708339732508,1774012708342931220,3198
11648,1774012708344640213,1774012708348401307,3761
11649,1774012708350077718,1774012708353625888,3548
11650,1774012708355447225,1774012708358924135,3476
11651,1774012708360886343,1774012708364413043,3526
11652,1774012708366293509,1774012708369812422,3518
11653,1774012708371700731,1774012708375122766,3422
11654,1774012708376822549,1774012708379997035,3174
11655,1774012708381607905,1774012708384699923,3092
11656,1774012708386328271,1774012708389921158,3592
11657,1774012708391766669,1774012708395162182,3395
11658,1774012708396970465,1774012708400473197,3502
11659,1774012708402179797,1774012708405403119,3223
11660,1774012708406990606,1774012708410107444,3116
11661,1774012708411856103,1774012708415525932,3669
11662,1774012708417334904,1774012708420538997,3204
11663,1774012708422209476,1774012708425630791,3421
11664,1774012708427371346,1774012708430967612,3596
11665,1774012708432666511,1774012708436172709,3506
11666,1774012708437785891,1774012708440901815,3115
11667,1774012708442500680,1774012708445189799,2689
11668,1774012708446637469,1774012708449763808,3126
11669,1774012708450960494,1774012708454004569,3044
11670,1774012708455274209,1774012708457804224,2530
11671,1774012708459465043,1774012708463075220,3610
11672,1774012708464751630,1774012708468033348,3281
11673,1774012708469665761,1774012708473065169,3399
11674,1774012708474776974,1774012708478240039,3463
11675,1774012708479852938,1774012708482818375,2965
11676,1774012708484493013,1774012708488096180,3603
11677,1774012708489783592,1774012708493418249,3634
11678,1774012708495113360,1774012708498600881,3487
11679,1774012708500337665,1774012708503239849,2902
11680,1774012708504987264,1774012708508042904,3055
11681,1774012708509731289,1774012708513153918,3422
11682,1774012708514879295,1774012708518546481,3667
11683,1774012708520295666,1774012708523812416,3516
11684,1774012708525796288,1774012708529451926,3655
11685,1774012708531358406,1774012708534713485,3355
11686,1774012708536434356,1774012708539742976,3308
11687,1774012708541795613,1774012708545452957,3657
11688,1774012708547202259,1774012708550656123,3453
11689,1774012708552479903,1774012708555823508,3343
11690,1774012708557443225,1774012708560892035,3448
11691,1774012708562680853,1774012708566225955,3545
11692,1774012708567889968,1774012708571469320,3579
11693,1774012708572957787,1774012708576320069,3362
11694,1774012708577811661,1774012708580789237,2977
11695,1774012708582290174,1774012708585915586,3625
11696,1774012708587365675,1774012708590288566,2922
11697,1774012708591696042,1774012708595061732,3365
11698,1774012708596731997,1774012708600256455,3524
11699,1774012708601850560,1774012708604846281,2995
11700,1774012708606521126,1774012708610190836,3669
11701,1774012708611861043,1774012708615395575,3534
11702,1774012708617161954,1774012708620131361,2969
11703,1774012708621802013,1774012708625417786,3615
11704,1774012708627017872,1774012708630022811,3004
11705,1774012708631700622,1774012708635196237,3495
11706,1774012708636766428,1774012708640163620,3397
11707,1774012708641891273,1774012708645428347,3537
11708,1774012708647088551,1774012708650542794,3454
11709,1774012708652618254,1774012708656264706,3646
11710,1774012708657957879,1774012708661364870,3406
11711,1774012708662998978,1774012708665967123,2968
11712,1774012708667615734,1774012708670977780,3362
11713,1774012708672786892,1774012708676273274,3486
11714,1774012708678099022,1774012708681574919,3475
11715,1774012708683267375,1774012708686686465,3419
11716,1774012708688493048,1774012708691908548,3415
11717,1774012708693587193,1774012708697089849,3502
11718,1774012708698836674,1774012708701654657,2817
11719,1774012708703244477,1774012708706959697,3715
11720,1774012708708568220,1774012708711146267,2578
11721,1774012708712623082,1774012708715601261,2978
11722,1774012708717029362,1774012708720631899,3602
11723,1774012708722323929,1774012708725010377,2686
11724,1774012708726573131,1774012708730107957,3534
11725,1774012708731820946,1774012708735154377,3333
11726,1774012708736770329,1774012708739775399,3005
11727,1774012708741397374,1774012708744995420,3598
11728,1774012708746613508,1774012708749626554,3013
11729,1774012708751385349,1774012708754909395,3524
11730,1774012708756603235,1774012708760020447,3417
11731,1774012708761641436,1774012708765332579,3691
11732,1774012708766925726,1774012708770303949,3378
11733,1774012708771830019,1774012708775465239,3635
11734,1774012708777204920,1774012708780684062,3479
11735,1774012708782364335,1774012708785434458,3070
11736,1774012708787061222,1774012708790249896,3188
11737,1774012708791907991,1774012708795304622,3396
11738,1774012708797112032,1774012708800548211,3436
11739,1774012708802151381,1774012708805539607,3388
11740,1774012708807147685,1774012708810177670,3029
11741,1774012708811999625,1774012708815486810,3487
11742,1774012708817086979,1774012708820518464,3431
11743,1774012708822446225,1774012708825717657,3271
11744,1774012708827436667,1774012708830855004,3418
11745,1774012708832574764,1774012708835648483,3073
11746,1774012708837412645,1774012708840894477,3481
11747,1774012708842560459,1774012708845562579,3002
11748,1774012708847204041,1774012708849925160,2721
11749,1774012708851534276,1774012708854379434,2845
11750,1774012708855943397,1774012708858482130,2538
11751,1774012708860094022,1774012708862868617,2774
11752,1774012708864499097,1774012708867842116,3343
11753,1774012708869482145,1774012708872656931,3174
11754,1774012708874333031,1774012708877514100,3181
11755,1774012708879175611,1774012708882505852,3330
11756,1774012708884348683,1774012708887886760,3538
11757,1774012708889604969,1774012708892752704,3147
11758,1774012708894547479,1774012708898356689,3809
11759,1774012708900027067,1774012708903460013,3432
11760,1774012708905119532,1774012708908619196,3499
11761,1774012708910357671,1774012708913772597,3414
11762,1774012708915533889,1774012708918762091,3228
11763,1774012708920469708,1774012708924049127,3579
11764,1774012708925767365,1774012708928908329,3140
11765,1774012708930875173,1774012708934324762,3449
11766,1774012708935982650,1774012708939376892,3394
11767,1774012708941035158,1774012708944563064,3527
11768,1774012708946220058,1774012708949362446,3142
11769,1774012708951031701,1774012708954441803,3410
11770,1774012708956191122,1774012708959520140,3329
11771,1774012708961193730,1774012708964872204,3678
11772,1774012708966809261,1774012708970415485,3606
11773,1774012708972252972,1774012708975938440,3685
11774,1774012708977407472,1774012708980909240,3501
11775,1774012708982513615,1774012708986137454,3623
11776,1774012708987805024,1774012708990631077,2826
11777,1774012708992332889,1774012708994928211,2595
11778,1774012708996052092,1774012708999595462,3543
11779,1774012709001225916,1774012709004448209,3222
11780,1774012709005857592,1774012709008932741,3075
11781,1774012709010552003,1774012709014008760,3456
11782,1774012709015697512,1774012709018790192,3092
11783,1774012709020469036,1774012709023981657,3512
11784,1774012709025652483,1774012709028865015,3212
11785,1774012709030629532,1774012709034359909,3730
11786,1774012709036285520,1774012709039293466,3007
11787,1774012709040911020,1774012709044602334,3691
11788,1774012709046375149,1774012709049711338,3336
11789,1774012709051462778,1774012709054881474,3418
11790,1774012709056712454,1774012709060331023,3618
11791,1774012709061966683,1774012709065453496,3486
11792,1774012709067274108,1774012709070748619,3474
11793,1774012709072526454,1774012709075971055,3444
11794,1774012709077674792,1774012709080911690,3236
11795,1774012709082606868,1774012709085989882,3383
11796,1774012709087672039,1774012709091328253,3656
11797,1774012709093012661,1774012709096319001,3306
11798,1774012709097961141,1774012709101289067,3327
11799,1774012709103060651,1774012709106478097,3417
11800,1774012709108168945,1774012709111194471,3025
11801,1774012709112886342,1774012709115831969,2945
11802,1774012709117425031,1774012709121007693,3582
11803,1774012709122660717,1774012709125861897,3201
11804,1774012709127111951,1774012709129920824,2808
11805,1774012709131310247,1774012709134460518,3150
11806,1774012709136089433,1774012709139723613,3634
11807,1774012709141402499,1774012709144937113,3534
11808,1774012709146610501,1774012709150207458,3596
11809,1774012709151817773,1774012709155331670,3513
11810,1774012709156955429,1774012709160562037,3606
11811,1774012709162409961,1774012709165386174,2976
11812,1774012709167134877,1774012709170498552,3363
11813,1774012709172282189,1774012709175650267,3368
11814,1774012709177461386,1774012709180821622,3360
11815,1774012709182660964,1774012709186393468,3732
11816,1774012709188036740,1774012709191427704,3390
11817,1774012709193078382,1774012709195987523,2909
11818,1774012709197784458,1774012709201208824,3424
11819,1774012709203113552,1774012709206193114,3079
11820,1774012709208057655,1774012709211615215,3557
11821,1774012709213558936,1774012709216881661,3322
11822,1774012709218811555,1774012709221963630,3152
11823,1774012709223835901,1774012709227568946,3733
11824,1774012709229280154,1774012709232587328,3307
11825,1774012709234568276,1774012709237854401,3286
11826,1774012709239506334,1774012709242996540,3490
11827,1774012709244625699,1774012709247921025,3295
11828,1774012709249522842,1774012709253212087,3689
11829,1774012709254904306,1774012709258381369,3477
11830,1774012709259982729,1774012709263584713,3601
11831,1774012709265281265,1774012709268438535,3157
11832,1774012709270062243,1774012709273343701,3281
11833,1774012709274885986,1774012709278087211,3201
11834,1774012709279785849,1774012709283320361,3534
11835,1774012709285029262,1774012709288448962,3419
11836,1774012709290059093,1774012709293317650,3258
11837,1774012709295055895,1774012709298080940,3025
11838,1774012709299768427,1774012709303223883,3455
11839,1774012709311241760,1774012709314240152,2998
11840,1774012709315995883,1774012709319126138,3130
11841,1774012709320921104,1774012709324361199,3440
11842,1774012709326153139,1774012709329601713,3448
11843,1774012709331290873,1774012709334629149,3338
11844,1774012709336277239,1774012709339568589,3291
11845,1774012709341174630,1774012709344582551,3407
11846,1774012709346269152,1774012709349152900,2883
11847,1774012709350800511,1774012709353873988,3073
11848,1774012709355670291,1774012709358750167,3079
11849,1774012709360680542,1774012709364073277,3392
11850,1774012709365850358,1774012709369283537,3433
11851,1774012709370917362,1774012709373988180,3070
11852,1774012709375606990,1774012709379044219,3437
11853,1774012709380864806,1774012709384554595,3689
11854,1774012709386270990,1774012709389578843,3307
11855,1774012709391419138,1774012709394904682,3485
11856,1774012709396379440,1774012709399242968,2863
11857,1774012709400885444,1774012709404275543,3390
11858,1774012709405982418,1774012709408967935,2985
11859,1774012709410773290,1774012709414127005,3353
11860,1774012709415941903,1774012709419360282,3418
11861,1774012709420932565,1774012709424368225,3435
11862,1774012709426239260,1774012709429475252,3235
11863,1774012709431073934,1774012709434408242,3334
11864,1774012709436098019,1774012709439576121,3478
11865,1774012709441393755,1774012709444680179,3286
11866,1774012709446315458,1774012709449300435,2984
11867,1774012709451032734,1774012709454673764,3641
11868,1774012709456536872,1774012709460085424,3548
11869,1774012709461726231,1774012709465257533,3531
11870,1774012709467263921,1774012709470500265,3236
11871,1774012709472373367,1774012709475689653,3316
11872,1774012709477385405,1774012709480626208,3240
11873,1774012709482272818,1774012709485194826,2922
11874,1774012709486914262,1774012709490360494,3446
11875,1774012709492153724,1774012709495384676,3230
11876,1774012709497020282,1774012709499981839,2961
11877,1774012709501592178,1774012709504725362,3133
11878,1774012709506450852,1774012709509306888,2856
11879,1774012709511012292,1774012709514479821,3467
11880,1774012709516143860,1774012709519677087,3533
11881,1774012709521473466,1774012709524756439,3282
11882,1774012709526401595,1774012709529570255,3168
11883,1774012709531110688,1774012709534108681,2997
11884,1774012709535718508,1774012709539142385,3423
11885,1774012709540670554,1774012709543904281,3233
11886,1774012709545545815,1774012709549171320,3625
11887,1774012709550967894,1774012709554180743,3212
11888,1774012709555841210,1774012709559409733,3568
11889,1774012709561073564,1774012709564529773,3456
11890,1774012709566147987,1774012709569479626,3331
11891,1774012709571091472,1774012709574084238,2992
11892,1774012709575734511,1774012709579218511,3484
11893,1774012709580904246,1774012709584404952,3500
11894,1774012709586034583,1774012709589382614,3348
11895,1774012709591044474,1774012709594140050,3095
11896,1774012709595821852,1774012709599399887,3578
11897,1774012709601162591,1774012709604351188,3188
11898,1774012709605991766,1774012709609469724,3477
11899,1774012709611086989,1774012709614541167,3454
11900,1774012709616289454,1774012709619255953,2966
11901,1774012709620917472,1774012709624516783,3599
11902,1774012709626218373,1774012709629713025,3494
11903,1774012709631370329,1774012709634463103,3092
11904,1774012709636062973,1774012709639463460,3400
11905,1774012709641147023,1774012709644212760,3065
11906,1774012709646030727,1774012709649564495,3533
11907,1774012709651369743,1774012709654999307,3629
11908,1774012709656855662,1774012709660537048,3681
11909,1774012709662342568,1774012709665946779,3604
11910,1774012709667591817,1774012709670448919,2857
11911,1774012709672007571,1774012709674961436,2953
11912,1774012709676682052,1774012709679733668,3051
11913,1774012709681070905,1774012709683763729,2692
11914,1774012709685091340,1774012709688545600,3454
11915,1774012709690017031,1774012709692928162,2911
11916,1774012709694496445,1774012709696979634,2483
11917,1774012709698537994,1774012709702384306,3846
11918,1774012709704009275,1774012709706851157,2841
11919,1774012709708472794,1774012709711686052,3213
11920,1774012709713563499,1774012709716736985,3173
11921,1774012709718462253,1774012709721858831,3396
11922,1774012709723733910,1774012709727279732,3545
11923,1774012709728958256,1774012709732318113,3359
11924,1774012709733909422,1774012709736885199,2975
11925,1774012709738593292,1774012709741860358,3267
11926,1774012709743580966,1774012709747033436,3452
11927,1774012709748844815,1774012709752178577,3333
11928,1774012709754014129,1774012709757034663,3020
11929,1774012709758733709,1774012709761770729,3037
11930,1774012709763497963,1774012709767245181,3747
11931,1774012709769022595,1774012709772445221,3422
11932,1774012709774314089,1774012709777403677,3089
11933,1774012709779039566,1774012709782148432,3108
11934,1774012709783845300,1774012709787521345,3676
11935,1774012709789337069,1774012709792406865,3069
11936,1774012709794187278,1774012709797412165,3224
11937,1774012709799099903,1774012709802750690,3650
11938,1774012709804267934,1774012709807846842,3578
11939,1774012709809690577,1774012709813205291,3514
11940,1774012709814676875,1774012709818277312,3600
11941,1774012709819898868,1774012709822688584,2789
11942,1774012709824211721,1774012709827343181,3131
11943,1774012709828983532,1774012709831636047,2652
11944,1774012709833325680,1774012709836514022,3188
11945,1774012709838353434,1774012709841065445,2712
11946,1774012709842789123,1774012709846547028,3757
11947,1774012709848151782,1774012709851469796,3318
11948,1774012709853141543,1774012709855953814,2812
11949,1774012709857584805,1774012709861234292,3649
11950,1774012709862850301,1774012709865963595,3113
11951,1774012709867702784,1774012709870925180,3222
11952,1774012709872672223,1774012709876292797,3620
11953,1774012709878044131,1774012709881634994,3590
11954,1774012709883467599,1774012709887080935,3613
11955,1774012709888912471,1774012709892412297,3499
11956,1774012709894028906,1774012709897121974,3093
11957,1774012709898856080,1774012709902007511,3151
11958,1774012709903670455,1774012709906907096,3236
11959,1774012709908556993,1774012709912053562,3496
11960,1774012709913820462,1774012709917373231,3552
11961,1774012709918938684,1774012709922361144,3422
11962,1774012709923937010,1774012709927102932,3165
11963,1774012709928881514,1774012709931967824,3086
11964,1774012709933813814,1774012709937263897,3450
11965,1774012709938987840,1774012709942278566,3290
11966,1774012709943908201,1774012709946747546,2839
11967,1774012709948318206,1774012709951177430,2859
11968,1774012709952865734,1774012709955896358,3030
11969,1774012709957557013,1774012709960673613,3116
11970,1774012709962381629,1774012709966072040,3690
11971,1774012709967563914,1774012709970362033,2798
11972,1774012709972054094,1774012709975110498,3056
11973,1774012709976748361,1774012709980463201,3714
11974,1774012709982173037,1774012709985538239,3365
11975,1774012709987250981,1774012709990676101,3425
11976,1774012709992396063,1774012709995901201,3505
11977,1774012709997584007,1774012710001172862,3588
