time_ms,cpu,scaling_cur_freq_khz,scaling_min_khz,scaling_max_khz,activity
2,0,524194,400000,4600000,cryptographic
2,1,4046896,400000,4600000,cryptographic
2,2,400000,400000,4600000,cryptographic
2,3,4232472,400000,4600000,cryptographic
2,4,400000,400000,4600000,cryptographic
2,5,400000,400000,4600000,cryptographic
2,6,4500000,400000,4600000,cryptographic
2,7,811356,400000,4600000,cryptographic
2,8,3400497,400000,3400000,cryptographic
2,9,3387272,400000,3400000,cryptographic
2,10,3399969,400000,3400000,cryptographic
2,11,3400137,400000,3400000,cryptographic
138,0,718609,400000,4600000,cryptographic
138,1,400000,400000,4600000,cryptographic
138,2,400131,400000,4600000,cryptographic
138,3,3328322,400000,4600000,cryptographic
138,4,2442423,400000,4600000,cryptographic
138,5,400000,400000,4600000,cryptographic
138,6,399611,400000,4600000,cryptographic
138,7,400000,400000,4600000,cryptographic
138,8,3400112,400000,3400000,cryptographic
138,9,3399462,400000,3400000,cryptographic
138,10,3399553,400000,3400000,cryptographic
138,11,3401634,400000,3400000,cryptographic
275,0,400000,400000,4600000,cryptographic
275,1,400000,400000,4600000,cryptographic
275,2,400097,400000,4600000,cryptographic
275,3,400000,400000,4600000,cryptographic
275,4,399665,400000,4600000,cryptographic
275,5,400000,400000,4600000,cryptographic
275,6,4418776,400000,4600000,cryptographic
275,7,400000,400000,4600000,cryptographic
275,8,3400681,400000,3400000,cryptographic
275,9,3400432,400000,3400000,cryptographic
275,10,3398754,400000,3400000,cryptographic
275,11,3400268,400000,3400000,cryptographic
410,0,742593,400000,4600000,cryptographic
410,1,400000,400000,4600000,cryptographic
410,2,400183,400000,4600000,cryptographic
410,3,400000,400000,4600000,cryptographic
410,4,551732,400000,4600000,cryptographic
410,5,400000,400000,4600000,cryptographic
410,6,400284,400000,4600000,cryptographic
410,7,885953,400000,4600000,cryptographic
410,8,3399563,400000,3400000,cryptographic
410,9,3404166,400000,3400000,cryptographic
410,10,3401542,400000,3400000,cryptographic
410,11,3400679,400000,3400000,cryptographic
546,0,400103,400000,4600000,cryptographic
546,1,1781627,400000,4600000,cryptographic
546,2,483760,400000,4600000,cryptographic
546,3,2008659,400000,4600000,cryptographic
546,4,1887408,400000,4600000,cryptographic
546,5,400000,400000,4600000,cryptographic
546,6,440411,400000,4600000,cryptographic
546,7,400000,400000,4600000,cryptographic
546,8,3400052,400000,3400000,cryptographic
546,9,3408845,400000,3400000,cryptographic
546,10,3401286,400000,3400000,cryptographic
546,11,3400106,400000,3400000,cryptographic
683,0,400000,400000,4600000,cryptographic
683,1,400000,400000,4600000,cryptographic
683,2,400381,400000,4600000,cryptographic
683,3,400000,400000,4600000,cryptographic
683,4,1231437,400000,4600000,cryptographic
683,5,400000,400000,4600000,cryptographic
683,6,400187,400000,4600000,cryptographic
683,7,400000,400000,4600000,cryptographic
683,8,3400050,400000,3400000,cryptographic
683,9,3400258,400000,3400000,cryptographic
683,10,3400301,400000,3400000,cryptographic
683,11,3400890,400000,3400000,cryptographic
819,0,400000,400000,4600000,cryptographic
819,1,400000,400000,4600000,cryptographic
819,2,1008446,400000,4600000,cryptographic
819,3,400000,400000,4600000,cryptographic
819,4,400000,400000,4600000,cryptographic
819,5,400000,400000,4600000,cryptographic
819,6,1089675,400000,4600000,cryptographic
819,7,400000,400000,4600000,cryptographic
819,8,3400219,400000,3400000,cryptographic
819,9,3400309,400000,3400000,cryptographic
819,10,3397268,400000,3400000,cryptographic
819,11,3399985,400000,3400000,cryptographic
955,0,1676734,400000,4600000,cryptographic
955,1,400000,400000,4600000,cryptographic
955,2,400000,400000,4600000,cryptographic
955,3,1462479,400000,4600000,cryptographic
955,4,2589460,400000,4600000,cryptographic
955,5,400000,400000,4600000,cryptographic
955,6,400000,400000,4600000,cryptographic
955,7,400000,400000,4600000,cryptographic
955,8,3412894,400000,3400000,cryptographic
955,9,3369047,400000,3400000,cryptographic
955,10,3400080,400000,3400000,cryptographic
955,11,3399686,400000,3400000,cryptographic
1089,0,400277,400000,4600000,cryptographic
1089,1,400000,400000,4600000,cryptographic
1089,2,382372,400000,4600000,cryptographic
1089,3,4496933,400000,4600000,cryptographic
1089,4,4508934,400000,4600000,cryptographic
1089,5,400000,400000,4600000,cryptographic
1089,6,2412634,400000,4600000,cryptographic
1089,7,400000,400000,4600000,cryptographic
1089,8,3399779,400000,3400000,cryptographic
1089,9,3399729,400000,3400000,cryptographic
1089,10,3400017,400000,3400000,cryptographic
1089,11,3399484,400000,3400000,cryptographic
1225,0,1444108,400000,4600000,cryptographic
1225,1,514532,400000,4600000,cryptographic
1225,2,399900,400000,4600000,cryptographic
1225,3,400000,400000,4600000,cryptographic
1225,4,2938595,400000,4600000,cryptographic
1225,5,400000,400000,4600000,cryptographic
1225,6,400327,400000,4600000,cryptographic
1225,7,400000,400000,4600000,cryptographic
1225,8,3399967,400000,3400000,cryptographic
1225,9,3399969,400000,3400000,cryptographic
1225,10,3399895,400000,3400000,cryptographic
1225,11,3399929,400000,3400000,cryptographic
1359,0,1352360,400000,4600000,cryptographic
1359,1,399761,400000,4600000,cryptographic
1359,2,1058453,400000,4600000,cryptographic
1359,3,3613890,400000,4600000,cryptographic
1359,4,871580,400000,4600000,cryptographic
1359,5,400000,400000,4600000,cryptographic
1359,6,1262100,400000,4600000,cryptographic
1359,7,1270716,400000,4600000,cryptographic
1359,8,3414679,400000,3400000,cryptographic
1359,9,3400033,400000,3400000,cryptographic
1359,10,3400143,400000,3400000,cryptographic
1359,11,3399469,400000,3400000,cryptographic
1496,0,4592135,400000,4600000,cryptographic
1496,1,399715,400000,4600000,cryptographic
1496,2,1742652,400000,4600000,cryptographic
1496,3,2645728,400000,4600000,cryptographic
1496,4,576541,400000,4600000,cryptographic
1496,5,400000,400000,4600000,cryptographic
1496,6,400000,400000,4600000,cryptographic
1496,7,4401504,400000,4600000,cryptographic
1496,8,3399971,400000,3400000,cryptographic
1496,9,3399631,400000,3400000,cryptographic
1496,10,3399987,400000,3400000,cryptographic
1496,11,3399797,400000,3400000,cryptographic
1632,0,400322,400000,4600000,cryptographic
1632,1,399529,400000,4600000,cryptographic
1632,2,3006595,400000,4600000,cryptographic
1632,3,400000,400000,4600000,cryptographic
1632,4,659677,400000,4600000,cryptographic
1632,5,400000,400000,4600000,cryptographic
1632,6,401099,400000,4600000,cryptographic
1632,7,399774,400000,4600000,cryptographic
1632,8,3399983,400000,3400000,cryptographic
1632,9,3400087,400000,3400000,cryptographic
1632,10,3449637,400000,3400000,cryptographic
1632,11,3399678,400000,3400000,cryptographic
1767,0,704934,400000,4600000,cryptographic
1767,1,399727,400000,4600000,cryptographic
1767,2,3957653,400000,4600000,cryptographic
1767,3,762943,400000,4600000,cryptographic
1767,4,1590984,400000,4600000,cryptographic
1767,5,400000,400000,4600000,cryptographic
1767,6,541350,400000,4600000,cryptographic
1767,7,745166,400000,4600000,cryptographic
1767,8,3399917,400000,3400000,cryptographic
1767,9,3399925,400000,3400000,cryptographic
1767,10,3400016,400000,3400000,cryptographic
1767,11,3399976,400000,3400000,cryptographic
1904,0,4372063,400000,4600000,cryptographic
1904,1,4545703,400000,4600000,cryptographic
1904,2,4281344,400000,4600000,cryptographic
1904,3,400000,400000,4600000,cryptographic
1904,4,4009375,400000,4600000,cryptographic
1904,5,400000,400000,4600000,cryptographic
1904,6,4500000,400000,4600000,cryptographic
1904,7,4499897,400000,4600000,cryptographic
1904,8,3400770,400000,3400000,cryptographic
1904,9,3399216,400000,3400000,cryptographic
1904,10,3405555,400000,3400000,cryptographic
1904,11,3400638,400000,3400000,cryptographic
2039,0,399910,400000,4600000,cryptographic
2039,1,400090,400000,4600000,cryptographic
2039,2,400220,400000,4600000,cryptographic
2039,3,400000,400000,4600000,cryptographic
2039,4,1675666,400000,4600000,cryptographic
2039,5,400000,400000,4600000,cryptographic
2039,6,2383027,400000,4600000,cryptographic
2039,7,400000,400000,4600000,cryptographic
2039,8,3399979,400000,3400000,cryptographic
2039,9,3400044,400000,3400000,cryptographic
2039,10,3399872,400000,3400000,cryptographic
2039,11,3399586,400000,3400000,cryptographic
2174,0,4352065,400000,4600000,cryptographic
2174,1,397289,400000,4600000,cryptographic
2174,2,4600000,400000,4600000,cryptographic
2174,3,529365,400000,4600000,cryptographic
2174,4,399876,400000,4600000,cryptographic
2174,5,400000,400000,4600000,cryptographic
2174,6,400000,400000,4600000,cryptographic
2174,7,400000,400000,4600000,cryptographic
2174,8,3399824,400000,3400000,cryptographic
2174,9,3399467,400000,3400000,cryptographic
2174,10,3400038,400000,3400000,cryptographic
2174,11,3399844,400000,3400000,cryptographic
2310,0,1475547,400000,4600000,cryptographic
2310,1,399820,400000,4600000,cryptographic
2310,2,399264,400000,4600000,cryptographic
2310,3,3050155,400000,4600000,cryptographic
2310,4,1923802,400000,4600000,cryptographic
2310,5,400000,400000,4600000,cryptographic
2310,6,4095038,400000,4600000,cryptographic
2310,7,400000,400000,4600000,cryptographic
2310,8,3399633,400000,3400000,cryptographic
2310,9,3398521,400000,3400000,cryptographic
2310,10,3408235,400000,3400000,cryptographic
2310,11,3400824,400000,3400000,cryptographic
2445,0,3456092,400000,4600000,cryptographic
2445,1,4500127,400000,4600000,cryptographic
2445,2,400000,400000,4600000,cryptographic
2445,3,685327,400000,4600000,cryptographic
2445,4,399820,400000,4600000,cryptographic
2445,5,607566,400000,4600000,cryptographic
2445,6,3942427,400000,4600000,cryptographic
2445,7,4032597,400000,4600000,cryptographic
2445,8,3399719,400000,3400000,cryptographic
2445,9,3399213,400000,3400000,cryptographic
2445,10,3400636,400000,3400000,cryptographic
2445,11,3421944,400000,3400000,cryptographic
2579,0,2880269,400000,4600000,cryptographic
2579,1,400000,400000,4600000,cryptographic
2579,2,1268938,400000,4600000,cryptographic
2579,3,1116731,400000,4600000,cryptographic
2579,4,3380314,400000,4600000,cryptographic
2579,5,400000,400000,4600000,cryptographic
2579,6,2378521,400000,4600000,cryptographic
2579,7,4361930,400000,4600000,cryptographic
2579,8,3399928,400000,3400000,cryptographic
2579,9,3399791,400000,3400000,cryptographic
2579,10,3399977,400000,3400000,cryptographic
2579,11,3399661,400000,3400000,cryptographic
2714,0,592439,400000,4600000,cryptographic
2714,1,615410,400000,4600000,cryptographic
2714,2,4336154,400000,4600000,cryptographic
2714,3,400000,400000,4600000,cryptographic
2714,4,400000,400000,4600000,cryptographic
2714,5,400000,400000,4600000,cryptographic
2714,6,4564433,400000,4600000,cryptographic
2714,7,1322954,400000,4600000,cryptographic
2714,8,3399528,400000,3400000,cryptographic
2714,9,3399760,400000,3400000,cryptographic
2714,10,3399570,400000,3400000,cryptographic
2714,11,3400166,400000,3400000,cryptographic
2849,0,3985540,400000,4600000,cryptographic
2849,1,400508,400000,4600000,cryptographic
2849,2,399636,400000,4600000,cryptographic
2849,3,1329702,400000,4600000,cryptographic
2849,4,1445710,400000,4600000,cryptographic
2849,5,400000,400000,4600000,cryptographic
2849,6,1544325,400000,4600000,cryptographic
2849,7,400000,400000,4600000,cryptographic
2849,8,3400137,400000,3400000,cryptographic
2849,9,3400635,400000,3400000,cryptographic
2849,10,3399837,400000,3400000,cryptographic
2849,11,3399841,400000,3400000,cryptographic
2985,0,1824039,400000,4600000,cryptographic
2985,1,480135,400000,4600000,cryptographic
2985,2,399288,400000,4600000,cryptographic
2985,3,400000,400000,4600000,cryptographic
2985,4,399929,400000,4600000,cryptographic
2985,5,400000,400000,4600000,cryptographic
2985,6,400000,400000,4600000,cryptographic
2985,7,400000,400000,4600000,cryptographic
2985,8,3401587,400000,3400000,cryptographic
2985,9,3399660,400000,3400000,cryptographic
2985,10,3406164,400000,3400000,cryptographic
2985,11,3398826,400000,3400000,cryptographic
3122,0,1146805,400000,4600000,cryptographic
3122,1,400124,400000,4600000,cryptographic
3122,2,1394422,400000,4600000,cryptographic
3122,3,400000,400000,4600000,cryptographic
3122,4,658979,400000,4600000,cryptographic
3122,5,400000,400000,4600000,cryptographic
3122,6,400138,400000,4600000,cryptographic
3122,7,400000,400000,4600000,cryptographic
3122,8,3399789,400000,3400000,cryptographic
3122,9,3399690,400000,3400000,cryptographic
3122,10,3399810,400000,3400000,cryptographic
3122,11,3400306,400000,3400000,cryptographic
3257,0,2894016,400000,4600000,cryptographic
3257,1,400582,400000,4600000,cryptographic
3257,2,3262983,400000,4600000,cryptographic
3257,3,400073,400000,4600000,cryptographic
3257,4,400736,400000,4600000,cryptographic
3257,5,400000,400000,4600000,cryptographic
3257,6,3378426,400000,4600000,cryptographic
3257,7,1430783,400000,4600000,cryptographic
3257,8,3400225,400000,3400000,cryptographic
3257,9,3399557,400000,3400000,cryptographic
3257,10,3399077,400000,3400000,cryptographic
3257,11,3399992,400000,3400000,cryptographic
3392,0,2525486,400000,4600000,cryptographic
3392,1,4600000,400000,4600000,cryptographic
3392,2,4359908,400000,4600000,cryptographic
3392,3,400723,400000,4600000,cryptographic
3392,4,3687221,400000,4600000,cryptographic
3392,5,400000,400000,4600000,cryptographic
3392,6,3324640,400000,4600000,cryptographic
3392,7,400000,400000,4600000,cryptographic
3392,8,3399761,400000,3400000,cryptographic
3392,9,3400107,400000,3400000,cryptographic
3392,10,3400243,400000,3400000,cryptographic
3392,11,3399650,400000,3400000,cryptographic
3527,0,4420010,400000,4600000,cryptographic
3527,1,400000,400000,4600000,cryptographic
3527,2,3461836,400000,4600000,cryptographic
3527,3,400249,400000,4600000,cryptographic
3527,4,400406,400000,4600000,cryptographic
3527,5,400000,400000,4600000,cryptographic
3527,6,4426109,400000,4600000,cryptographic
3527,7,400000,400000,4600000,cryptographic
3527,8,3400328,400000,3400000,cryptographic
3527,9,3400017,400000,3400000,cryptographic
3527,10,3399832,400000,3400000,cryptographic
3527,11,3399782,400000,3400000,cryptographic
3662,0,4365479,400000,4600000,cryptographic
3662,1,4432991,400000,4600000,cryptographic
3662,2,399843,400000,4600000,cryptographic
3662,3,400000,400000,4600000,cryptographic
3662,4,1021016,400000,4600000,cryptographic
3662,5,400000,400000,4600000,cryptographic
3662,6,625294,400000,4600000,cryptographic
3662,7,400000,400000,4600000,cryptographic
3662,8,3399957,400000,3400000,cryptographic
3662,9,3399773,400000,3400000,cryptographic
3662,10,3358908,400000,3400000,cryptographic
3662,11,3400379,400000,3400000,cryptographic
3797,0,399656,400000,4600000,cryptographic
3797,1,400000,400000,4600000,cryptographic
3797,2,4002859,400000,4600000,cryptographic
3797,3,2199948,400000,4600000,cryptographic
3797,4,1577054,400000,4600000,cryptographic
3797,5,400000,400000,4600000,cryptographic
3797,6,4394791,400000,4600000,cryptographic
3797,7,400000,400000,4600000,cryptographic
3797,8,3400284,400000,3400000,cryptographic
3797,9,3400200,400000,3400000,cryptographic
3797,10,3400657,400000,3400000,cryptographic
3797,11,3400445,400000,3400000,cryptographic
3932,0,2456078,400000,4600000,cryptographic
3932,1,400000,400000,4600000,cryptographic
3932,2,3344654,400000,4600000,cryptographic
3932,3,400000,400000,4600000,cryptographic
3932,4,1055753,400000,4600000,cryptographic
3932,5,400000,400000,4600000,cryptographic
3932,6,4427162,400000,4600000,cryptographic
3932,7,400000,400000,4600000,cryptographic
3932,8,3399476,400000,3400000,cryptographic
3932,9,3400092,400000,3400000,cryptographic
3932,10,3400047,400000,3400000,cryptographic
3932,11,3399907,400000,3400000,cryptographic
4068,0,399248,400000,4600000,cryptographic
4068,1,783677,400000,4600000,cryptographic
4068,2,3042666,400000,4600000,cryptographic
4068,3,400000,400000,4600000,cryptographic
4068,4,4568461,400000,4600000,cryptographic
4068,5,400000,400000,4600000,cryptographic
4068,6,400000,400000,4600000,cryptographic
4068,7,400000,400000,4600000,cryptographic
4068,8,3399604,400000,3400000,cryptographic
4068,9,3399765,400000,3400000,cryptographic
4068,10,3400224,400000,3400000,cryptographic
4068,11,3400324,400000,3400000,cryptographic
4202,0,3997606,400000,4600000,cryptographic
4202,1,656399,400000,4600000,cryptographic
4202,2,400350,400000,4600000,cryptographic
4202,3,400000,400000,4600000,cryptographic
4202,4,2220657,400000,4600000,cryptographic
4202,5,400000,400000,4600000,cryptographic
4202,6,3915066,400000,4600000,cryptographic
4202,7,400000,400000,4600000,cryptographic
4202,8,3399254,400000,3400000,cryptographic
4202,9,3399238,400000,3400000,cryptographic
4202,10,3400030,400000,3400000,cryptographic
4202,11,3399813,400000,3400000,cryptographic
4337,0,3997118,400000,4600000,cryptographic
4337,1,399777,400000,4600000,cryptographic
4337,2,400248,400000,4600000,cryptographic
4337,3,400000,400000,4600000,cryptographic
4337,4,3960568,400000,4600000,cryptographic
4337,5,400000,400000,4600000,cryptographic
4337,6,1253336,400000,4600000,cryptographic
4337,7,4017795,400000,4600000,cryptographic
4337,8,3400136,400000,3400000,cryptographic
4337,9,3400434,400000,3400000,cryptographic
4337,10,3399968,400000,3400000,cryptographic
4337,11,3400178,400000,3400000,cryptographic
4471,0,1115506,400000,4600000,cryptographic
4471,1,400000,400000,4600000,cryptographic
4471,2,399852,400000,4600000,cryptographic
4471,3,400000,400000,4600000,cryptographic
4471,4,4566905,400000,4600000,cryptographic
4471,5,400000,400000,4600000,cryptographic
4471,6,399697,400000,4600000,cryptographic
4471,7,400000,400000,4600000,cryptographic
4471,8,3400332,400000,3400000,cryptographic
4471,9,3399878,400000,3400000,cryptographic
4471,10,3400200,400000,3400000,cryptographic
4471,11,3400116,400000,3400000,cryptographic
4605,0,3092198,400000,4600000,cryptographic
4605,1,399385,400000,4600000,cryptographic
4605,2,400000,400000,4600000,cryptographic
4605,3,1229285,400000,4600000,cryptographic
4605,4,400118,400000,4600000,cryptographic
4605,5,400000,400000,4600000,cryptographic
4605,6,1147212,400000,4600000,cryptographic
4605,7,400000,400000,4600000,cryptographic
4605,8,3400087,400000,3400000,cryptographic
4605,9,3399497,400000,3400000,cryptographic
4605,10,3427531,400000,3400000,cryptographic
4605,11,3400067,400000,3400000,cryptographic
4743,0,606366,400000,4600000,cryptographic
4743,1,2361024,400000,4600000,cryptographic
4743,2,2442295,400000,4600000,cryptographic
4743,3,400000,400000,4600000,cryptographic
4743,4,400190,400000,4600000,cryptographic
4743,5,400000,400000,4600000,cryptographic
4743,6,2354025,400000,4600000,cryptographic
4743,7,400000,400000,4600000,cryptographic
4743,8,3400193,400000,3400000,cryptographic
4743,9,3400058,400000,3400000,cryptographic
4743,10,3400112,400000,3400000,cryptographic
4743,11,3400654,400000,3400000,cryptographic
4881,0,711482,400000,4600000,cryptographic
4881,1,1528622,400000,4600000,cryptographic
4881,2,400091,400000,4600000,cryptographic
4881,3,400000,400000,4600000,cryptographic
4881,4,400191,400000,4600000,cryptographic
4881,5,400000,400000,4600000,cryptographic
4881,6,462635,400000,4600000,cryptographic
4881,7,400000,400000,4600000,cryptographic
4881,8,3399928,400000,3400000,cryptographic
4881,9,3400144,400000,3400000,cryptographic
4881,10,3399926,400000,3400000,cryptographic
4881,11,3400246,400000,3400000,cryptographic
5019,0,400680,400000,4600000,cryptographic
5019,1,786103,400000,4600000,cryptographic
5019,2,1089285,400000,4600000,cryptographic
5019,3,567728,400000,4600000,cryptographic
5019,4,1974341,400000,4600000,cryptographic
5019,5,4500000,400000,4600000,cryptographic
5019,6,3927580,400000,4600000,cryptographic
5019,7,3871382,400000,4600000,cryptographic
5019,8,3399921,400000,3400000,cryptographic
5019,9,3399148,400000,3400000,cryptographic
5019,10,3399689,400000,3400000,cryptographic
5019,11,3399699,400000,3400000,cryptographic
5156,0,870849,400000,4600000,cryptographic
5156,1,2077301,400000,4600000,cryptographic
5156,2,400360,400000,4600000,cryptographic
5156,3,400000,400000,4600000,cryptographic
5156,4,400291,400000,4600000,cryptographic
5156,5,400000,400000,4600000,cryptographic
5156,6,4591293,400000,4600000,cryptographic
5156,7,400000,400000,4600000,cryptographic
5156,8,3398686,400000,3400000,cryptographic
5156,9,3400242,400000,3400000,cryptographic
5156,10,3401226,400000,3400000,cryptographic
5156,11,3400685,400000,3400000,cryptographic
5293,0,865609,400000,4600000,cryptographic
5293,1,686300,400000,4600000,cryptographic
5293,2,987937,400000,4600000,cryptographic
5293,3,400000,400000,4600000,cryptographic
5293,4,400193,400000,4600000,cryptographic
5293,5,400000,400000,4600000,cryptographic
5293,6,3371550,400000,4600000,cryptographic
5293,7,2139061,400000,4600000,cryptographic
5293,8,3403535,400000,3400000,cryptographic
5293,9,3072165,400000,3400000,cryptographic
5293,10,3400322,400000,3400000,cryptographic
5293,11,3400133,400000,3400000,cryptographic
5432,0,400113,400000,4600000,cryptographic
5432,1,400000,400000,4600000,cryptographic
5432,2,501123,400000,4600000,cryptographic
5432,3,400000,400000,4600000,cryptographic
5432,4,1047845,400000,4600000,cryptographic
5432,5,400000,400000,4600000,cryptographic
5432,6,4594675,400000,4600000,cryptographic
5432,7,1487087,400000,4600000,cryptographic
5432,8,3400028,400000,3400000,cryptographic
5432,9,3391493,400000,3400000,cryptographic
5432,10,3399903,400000,3400000,cryptographic
5432,11,3397463,400000,3400000,cryptographic
5569,0,2578920,400000,4600000,cryptographic
5569,1,930717,400000,4600000,cryptographic
5569,2,3897652,400000,4600000,cryptographic
5569,3,400000,400000,4600000,cryptographic
5569,4,2093711,400000,4600000,cryptographic
5569,5,400000,400000,4600000,cryptographic
5569,6,499653,400000,4600000,cryptographic
5569,7,400000,400000,4600000,cryptographic
5569,8,3399906,400000,3400000,cryptographic
5569,9,3400012,400000,3400000,cryptographic
5569,10,3400850,400000,3400000,cryptographic
5569,11,3400380,400000,3400000,cryptographic
5707,0,434355,400000,4600000,cryptographic
5707,1,1854374,400000,4600000,cryptographic
5707,2,3202200,400000,4600000,cryptographic
5707,3,400000,400000,4600000,cryptographic
5707,4,400158,400000,4600000,cryptographic
5707,5,400000,400000,4600000,cryptographic
5707,6,4095137,400000,4600000,cryptographic
5707,7,400000,400000,4600000,cryptographic
5707,8,3400070,400000,3400000,cryptographic
5707,9,3400556,400000,3400000,cryptographic
5707,10,3398050,400000,3400000,cryptographic
5707,11,3400291,400000,3400000,cryptographic
5844,0,3298159,400000,4600000,cryptographic
5844,1,1498215,400000,4600000,cryptographic
5844,2,400351,400000,4600000,cryptographic
5844,3,400000,400000,4600000,cryptographic
5844,4,1110102,400000,4600000,cryptographic
5844,5,400000,400000,4600000,cryptographic
5844,6,1062171,400000,4600000,cryptographic
5844,7,400000,400000,4600000,cryptographic
5844,8,3400166,400000,3400000,cryptographic
5844,9,3400085,400000,3400000,cryptographic
5844,10,3399838,400000,3400000,cryptographic
5844,11,3400373,400000,3400000,cryptographic
5981,0,818665,400000,4600000,cryptographic
5981,1,860437,400000,4600000,cryptographic
5981,2,487775,400000,4600000,cryptographic
5981,3,1801272,400000,4600000,cryptographic
5981,4,456691,400000,4600000,cryptographic
5981,5,400000,400000,4600000,cryptographic
5981,6,4563441,400000,4600000,cryptographic
5981,7,400000,400000,4600000,cryptographic
5981,8,3399969,400000,3400000,cryptographic
5981,9,3400459,400000,3400000,cryptographic
5981,10,3399831,400000,3400000,cryptographic
5981,11,3401142,400000,3400000,cryptographic
6118,0,1132733,400000,4600000,cryptographic
6118,1,1262772,400000,4600000,cryptographic
6118,2,2560755,400000,4600000,cryptographic
6118,3,400000,400000,4600000,cryptographic
6118,4,400096,400000,4600000,cryptographic
6118,5,3949282,400000,4600000,cryptographic
6118,6,1577037,400000,4600000,cryptographic
6118,7,400000,400000,4600000,cryptographic
6118,8,3399683,400000,3400000,cryptographic
6118,9,3399647,400000,3400000,cryptographic
6118,10,3399582,400000,3400000,cryptographic
6118,11,3400127,400000,3400000,cryptographic
6257,0,735849,400000,4600000,cryptographic
6257,1,751570,400000,4600000,cryptographic
6257,2,2742643,400000,4600000,cryptographic
6257,3,400000,400000,4600000,cryptographic
6257,4,400233,400000,4600000,cryptographic
6257,5,400000,400000,4600000,cryptographic
6257,6,3617170,400000,4600000,cryptographic
6257,7,3715201,400000,4600000,cryptographic
6257,8,3399859,400000,3400000,cryptographic
6257,9,3400365,400000,3400000,cryptographic
6257,10,3399963,400000,3400000,cryptographic
6257,11,3399885,400000,3400000,cryptographic
6395,0,4513307,400000,4600000,cryptographic
6395,1,400341,400000,4600000,cryptographic
6395,2,400287,400000,4600000,cryptographic
6395,3,400000,400000,4600000,cryptographic
6395,4,796187,400000,4600000,cryptographic
6395,5,400000,400000,4600000,cryptographic
6395,6,2943563,400000,4600000,cryptographic
6395,7,1051376,400000,4600000,cryptographic
6395,8,3392692,400000,3400000,cryptographic
6395,9,3400426,400000,3400000,cryptographic
6395,10,3399836,400000,3400000,cryptographic
6395,11,3399009,400000,3400000,cryptographic
6533,0,400233,400000,4600000,cryptographic
6533,1,476111,400000,4600000,cryptographic
6533,2,3159440,400000,4600000,cryptographic
6533,3,4591099,400000,4600000,cryptographic
6533,4,400675,400000,4600000,cryptographic
6533,5,400000,400000,4600000,cryptographic
6533,6,980960,400000,4600000,cryptographic
6533,7,400246,400000,4600000,cryptographic
6533,8,3399761,400000,3400000,cryptographic
6533,9,3399771,400000,3400000,cryptographic
6533,10,3399819,400000,3400000,cryptographic
6533,11,3394545,400000,3400000,cryptographic
6672,0,400068,400000,4600000,cryptographic
6672,1,1419972,400000,4600000,cryptographic
6672,2,506713,400000,4600000,cryptographic
6672,3,400000,400000,4600000,cryptographic
6672,4,1290896,400000,4600000,cryptographic
6672,5,400000,400000,4600000,cryptographic
6672,6,421379,400000,4600000,cryptographic
6672,7,3232441,400000,4600000,cryptographic
6672,8,3399927,400000,3400000,cryptographic
6672,9,3400199,400000,3400000,cryptographic
6672,10,3400223,400000,3400000,cryptographic
6672,11,3387500,400000,3400000,cryptographic
6810,0,400241,400000,4600000,cryptographic
6810,1,889371,400000,4600000,cryptographic
6810,2,486098,400000,4600000,cryptographic
6810,3,400000,400000,4600000,cryptographic
6810,4,3345048,400000,4600000,cryptographic
6810,5,400000,400000,4600000,cryptographic
6810,6,400000,400000,4600000,cryptographic
6810,7,399820,400000,4600000,cryptographic
6810,8,3400157,400000,3400000,cryptographic
6810,9,3393046,400000,3400000,cryptographic
6810,10,3400147,400000,3400000,cryptographic
6810,11,3383738,400000,3400000,cryptographic
6949,0,3303686,400000,4600000,cryptographic
6949,1,486587,400000,4600000,cryptographic
6949,2,400182,400000,4600000,cryptographic
6949,3,400000,400000,4600000,cryptographic
6949,4,3583661,400000,4600000,cryptographic
6949,5,400000,400000,4600000,cryptographic
6949,6,3389117,400000,4600000,cryptographic
6949,7,400000,400000,4600000,cryptographic
6949,8,3399487,400000,3400000,cryptographic
6949,9,3400624,400000,3400000,cryptographic
6949,10,3400062,400000,3400000,cryptographic
6949,11,3398722,400000,3400000,cryptographic
7087,0,400254,400000,4600000,cryptographic
7087,1,2603257,400000,4600000,cryptographic
7087,2,2617972,400000,4600000,cryptographic
7087,3,1574317,400000,4600000,cryptographic
7087,4,1520130,400000,4600000,cryptographic
7087,5,400000,400000,4600000,cryptographic
7087,6,1576496,400000,4600000,cryptographic
7087,7,806246,400000,4600000,cryptographic
7087,8,3400930,400000,3400000,cryptographic
7087,9,3399930,400000,3400000,cryptographic
7087,10,3400469,400000,3400000,cryptographic
7087,11,3399532,400000,3400000,cryptographic
7224,0,432357,400000,4600000,cryptographic
7224,1,400000,400000,4600000,cryptographic
7224,2,400191,400000,4600000,cryptographic
7224,3,400000,400000,4600000,cryptographic
7224,4,3543902,400000,4600000,cryptographic
7224,5,400000,400000,4600000,cryptographic
7224,6,3981260,400000,4600000,cryptographic
7224,7,399154,400000,4600000,cryptographic
7224,8,3400019,400000,3400000,cryptographic
7224,9,3399325,400000,3400000,cryptographic
7224,10,3399780,400000,3400000,cryptographic
7224,11,3399323,400000,3400000,cryptographic
7363,0,1095916,400000,4600000,cryptographic
7363,1,3930984,400000,4600000,cryptographic
7363,2,400254,400000,4600000,cryptographic
7363,3,783250,400000,4600000,cryptographic
7363,4,4439686,400000,4600000,cryptographic
7363,5,518516,400000,4600000,cryptographic
7363,6,3197286,400000,4600000,cryptographic
7363,7,586677,400000,4600000,cryptographic
7363,8,3400145,400000,3400000,cryptographic
7363,9,3400023,400000,3400000,cryptographic
7363,10,3401699,400000,3400000,cryptographic
7363,11,3399343,400000,3400000,cryptographic
7501,0,2390371,400000,4600000,cryptographic
7501,1,812807,400000,4600000,cryptographic
7501,2,2671049,400000,4600000,cryptographic
7501,3,735594,400000,4600000,cryptographic
7501,4,3200883,400000,4600000,cryptographic
7501,5,400000,400000,4600000,cryptographic
7501,6,2380637,400000,4600000,cryptographic
7501,7,400000,400000,4600000,cryptographic
7501,8,3399885,400000,3400000,cryptographic
7501,9,3400127,400000,3400000,cryptographic
7501,10,3405503,400000,3400000,cryptographic
7501,11,3399954,400000,3400000,cryptographic
7638,0,449751,400000,4600000,cryptographic
7638,1,709187,400000,4600000,cryptographic
7638,2,3159927,400000,4600000,cryptographic
7638,3,400000,400000,4600000,cryptographic
7638,4,960487,400000,4600000,cryptographic
7638,5,400000,400000,4600000,cryptographic
7638,6,1866492,400000,4600000,cryptographic
7638,7,400000,400000,4600000,cryptographic
7638,8,3399858,400000,3400000,cryptographic
7638,9,3399939,400000,3400000,cryptographic
7638,10,3401604,400000,3400000,cryptographic
7638,11,3403320,400000,3400000,cryptographic
7776,0,552621,400000,4600000,cryptographic
7776,1,622395,400000,4600000,cryptographic
7776,2,475709,400000,4600000,cryptographic
7776,3,400000,400000,4600000,cryptographic
7776,4,3643244,400000,4600000,cryptographic
7776,5,400000,400000,4600000,cryptographic
7776,6,3262783,400000,4600000,cryptographic
7776,7,400000,400000,4600000,cryptographic
7776,8,3400122,400000,3400000,cryptographic
7776,9,3400062,400000,3400000,cryptographic
7776,10,3400003,400000,3400000,cryptographic
7776,11,3399886,400000,3400000,cryptographic
7914,0,398002,400000,4600000,cryptographic
7914,1,500177,400000,4600000,cryptographic
7914,2,400090,400000,4600000,cryptographic
7914,3,918736,400000,4600000,cryptographic
7914,4,1283627,400000,4600000,cryptographic
7914,5,400000,400000,4600000,cryptographic
7914,6,3236649,400000,4600000,cryptographic
7914,7,400000,400000,4600000,cryptographic
7914,8,3399749,400000,3400000,cryptographic
7914,9,3400703,400000,3400000,cryptographic
7914,10,3400081,400000,3400000,cryptographic
7914,11,3399739,400000,3400000,cryptographic
8051,0,3360472,400000,4600000,cryptographic
8051,1,1001911,400000,4600000,cryptographic
8051,2,400266,400000,4600000,cryptographic
8051,3,400000,400000,4600000,cryptographic
8051,4,1505088,400000,4600000,cryptographic
8051,5,400000,400000,4600000,cryptographic
8051,6,909203,400000,4600000,cryptographic
8051,7,400000,400000,4600000,cryptographic
8051,8,3400192,400000,3400000,cryptographic
8051,9,3399860,400000,3400000,cryptographic
8051,10,3400411,400000,3400000,cryptographic
8051,11,3399373,400000,3400000,cryptographic
8189,0,2915265,400000,4600000,cryptographic
8189,1,4600000,400000,4600000,cryptographic
8189,2,3481513,400000,4600000,cryptographic
8189,3,400000,400000,4600000,cryptographic
8189,4,4568390,400000,4600000,cryptographic
8189,5,400000,400000,4600000,cryptographic
8189,6,400360,400000,4600000,cryptographic
8189,7,2807625,400000,4600000,cryptographic
8189,8,3400039,400000,3400000,cryptographic
8189,9,3402514,400000,3400000,cryptographic
8189,10,3400114,400000,3400000,cryptographic
8189,11,3399902,400000,3400000,cryptographic
8325,0,683171,400000,4600000,cryptographic
8325,1,400000,400000,4600000,cryptographic
8325,2,3614255,400000,4600000,cryptographic
8325,3,400622,400000,4600000,cryptographic
8325,4,400137,400000,4600000,cryptographic
8325,5,400000,400000,4600000,cryptographic
8325,6,3935330,400000,4600000,cryptographic
8325,7,645386,400000,4600000,cryptographic
8325,8,3400341,400000,3400000,cryptographic
8325,9,3400216,400000,3400000,cryptographic
8325,10,3400329,400000,3400000,cryptographic
8325,11,3400149,400000,3400000,cryptographic
8463,0,1524475,400000,4600000,cryptographic
8463,1,714200,400000,4600000,cryptographic
8463,2,4499933,400000,4600000,cryptographic
8463,3,400000,400000,4600000,cryptographic
8463,4,3278758,400000,4600000,cryptographic
8463,5,3720854,400000,4600000,cryptographic
8463,6,401131,400000,4600000,cryptographic
8463,7,400214,400000,4600000,cryptographic
8463,8,3400064,400000,3400000,cryptographic
8463,9,3399842,400000,3400000,cryptographic
8463,10,3399851,400000,3400000,cryptographic
8463,11,3400031,400000,3400000,cryptographic
8600,0,918781,400000,4600000,cryptographic
8600,1,400000,400000,4600000,cryptographic
8600,2,888223,400000,4600000,cryptographic
8600,3,400000,400000,4600000,cryptographic
8600,4,400192,400000,4600000,cryptographic
8600,5,400000,400000,4600000,cryptographic
8600,6,400178,400000,4600000,cryptographic
8600,7,860560,400000,4600000,cryptographic
8600,8,3397171,400000,3400000,cryptographic
8600,9,3399907,400000,3400000,cryptographic
8600,10,3402038,400000,3400000,cryptographic
8600,11,3400049,400000,3400000,cryptographic
8736,0,600796,400000,4600000,cryptographic
8736,1,951181,400000,4600000,cryptographic
8736,2,400192,400000,4600000,cryptographic
8736,3,2802080,400000,4600000,cryptographic
8736,4,399729,400000,4600000,cryptographic
8736,5,400000,400000,4600000,cryptographic
8736,6,893834,400000,4600000,cryptographic
8736,7,965970,400000,4600000,cryptographic
8736,8,3399929,400000,3400000,cryptographic
8736,9,3400059,400000,3400000,cryptographic
8736,10,3398975,400000,3400000,cryptographic
8736,11,3400062,400000,3400000,cryptographic
8875,0,1217026,400000,4600000,cryptographic
8875,1,3372640,400000,4600000,cryptographic
8875,2,3436280,400000,4600000,cryptographic
8875,3,400000,400000,4600000,cryptographic
8875,4,400193,400000,4600000,cryptographic
8875,5,400000,400000,4600000,cryptographic
8875,6,1859668,400000,4600000,cryptographic
8875,7,1616356,400000,4600000,cryptographic
8875,8,3399871,400000,3400000,cryptographic
8875,9,3400275,400000,3400000,cryptographic
8875,10,3399991,400000,3400000,cryptographic
8875,11,3399941,400000,3400000,cryptographic
9013,0,400314,400000,4600000,cryptographic
9013,1,3943509,400000,4600000,cryptographic
9013,2,4005628,400000,4600000,cryptographic
9013,3,400000,400000,4600000,cryptographic
9013,4,1350896,400000,4600000,cryptographic
9013,5,400000,400000,4600000,cryptographic
9013,6,2095435,400000,4600000,cryptographic
9013,7,550385,400000,4600000,cryptographic
9013,8,3399993,400000,3400000,cryptographic
9013,9,3400375,400000,3400000,cryptographic
9013,10,3399596,400000,3400000,cryptographic
9013,11,3400153,400000,3400000,cryptographic
9150,0,475691,400000,4600000,cryptographic
9150,1,400000,400000,4600000,cryptographic
9150,2,2706691,400000,4600000,cryptographic
9150,3,493218,400000,4600000,cryptographic
9150,4,400121,400000,4600000,cryptographic
9150,5,400000,400000,4600000,cryptographic
9150,6,4278918,400000,4600000,cryptographic
9150,7,864612,400000,4600000,cryptographic
9150,8,3400053,400000,3400000,cryptographic
9150,9,3399910,400000,3400000,cryptographic
9150,10,3407217,400000,3400000,cryptographic
9150,11,3399629,400000,3400000,cryptographic
9288,0,747869,400000,4600000,cryptographic
9288,1,1299934,400000,4600000,cryptographic
9288,2,617508,400000,4600000,cryptographic
9288,3,400000,400000,4600000,cryptographic
9288,4,400194,400000,4600000,cryptographic
9288,5,400000,400000,4600000,cryptographic
9288,6,431350,400000,4600000,cryptographic
9288,7,1441016,400000,4600000,cryptographic
9288,8,3399883,400000,3400000,cryptographic
9288,9,3399990,400000,3400000,cryptographic
9288,10,3400056,400000,3400000,cryptographic
9288,11,3399697,400000,3400000,cryptographic
9426,0,469866,400000,4600000,cryptographic
9426,1,2529243,400000,4600000,cryptographic
9426,2,400286,400000,4600000,cryptographic
9426,3,400000,400000,4600000,cryptographic
9426,4,720015,400000,4600000,cryptographic
9426,5,400000,400000,4600000,cryptographic
9426,6,590994,400000,4600000,cryptographic
9426,7,400417,400000,4600000,cryptographic
9426,8,3400844,400000,3400000,cryptographic
9426,9,3400140,400000,3400000,cryptographic
9426,10,3399493,400000,3400000,cryptographic
9426,11,3400124,400000,3400000,cryptographic
9564,0,2134852,400000,4600000,cryptographic
9564,1,400000,400000,4600000,cryptographic
9564,2,4440226,400000,4600000,cryptographic
9564,3,400000,400000,4600000,cryptographic
9564,4,2008281,400000,4600000,cryptographic
9564,5,427540,400000,4600000,cryptographic
9564,6,826243,400000,4600000,cryptographic
9564,7,400000,400000,4600000,cryptographic
9564,8,3400383,400000,3400000,cryptographic
9564,9,3400112,400000,3400000,cryptographic
9564,10,3399880,400000,3400000,cryptographic
9564,11,3399937,400000,3400000,cryptographic
9702,0,881089,400000,4600000,cryptographic
9702,1,400337,400000,4600000,cryptographic
9702,2,934112,400000,4600000,cryptographic
9702,3,400000,400000,4600000,cryptographic
9702,4,400000,400000,4600000,cryptographic
9702,5,400000,400000,4600000,cryptographic
9702,6,3081735,400000,4600000,cryptographic
9702,7,4574063,400000,4600000,cryptographic
9702,8,3401156,400000,3400000,cryptographic
9702,9,3400429,400000,3400000,cryptographic
9702,10,3400118,400000,3400000,cryptographic
9702,11,3399379,400000,3400000,cryptographic
9838,0,2708896,400000,4600000,cryptographic
9838,1,565299,400000,4600000,cryptographic
9838,2,429014,400000,4600000,cryptographic
9838,3,400000,400000,4600000,cryptographic
9838,4,4393945,400000,4600000,cryptographic
9838,5,400000,400000,4600000,cryptographic
9838,6,569801,400000,4600000,cryptographic
9838,7,400000,400000,4600000,cryptographic
9838,8,3399756,400000,3400000,cryptographic
9838,9,3400005,400000,3400000,cryptographic
9838,10,3400002,400000,3400000,cryptographic
9838,11,3399968,400000,3400000,cryptographic
9977,0,725261,400000,4600000,cryptographic
9977,1,729251,400000,4600000,cryptographic
9977,2,2849023,400000,4600000,cryptographic
9977,3,400000,400000,4600000,cryptographic
9977,4,400000,400000,4600000,cryptographic
9977,5,400000,400000,4600000,cryptographic
9977,6,2394985,400000,4600000,cryptographic
9977,7,400000,400000,4600000,cryptographic
9977,8,3399969,400000,3400000,cryptographic
9977,9,3399970,400000,3400000,cryptographic
9977,10,3399970,400000,3400000,cryptographic
9977,11,3399850,400000,3400000,cryptographic
10113,0,537862,400000,4600000,cryptographic
10113,1,400000,400000,4600000,cryptographic
10113,2,2888626,400000,4600000,cryptographic
10113,3,400000,400000,4600000,cryptographic
10113,4,400122,400000,4600000,cryptographic
10113,5,400000,400000,4600000,cryptographic
10113,6,400089,400000,4600000,cryptographic
10113,7,1179579,400000,4600000,cryptographic
10113,8,3399366,400000,3400000,cryptographic
10113,9,3400249,400000,3400000,cryptographic
10113,10,3400013,400000,3400000,cryptographic
10113,11,3400163,400000,3400000,cryptographic
10251,0,3123187,400000,4600000,cryptographic
10251,1,400000,400000,4600000,cryptographic
10251,2,400000,400000,4600000,cryptographic
10251,3,400000,400000,4600000,cryptographic
10251,4,400349,400000,4600000,cryptographic
10251,5,400000,400000,4600000,cryptographic
10251,6,400225,400000,4600000,cryptographic
10251,7,400000,400000,4600000,cryptographic
10251,8,3378431,400000,3400000,cryptographic
10251,9,3399891,400000,3400000,cryptographic
10251,10,3400352,400000,3400000,cryptographic
10251,11,3401217,400000,3400000,cryptographic
10390,0,768667,400000,4600000,cryptographic
10390,1,400000,400000,4600000,cryptographic
10390,2,3801463,400000,4600000,cryptographic
10390,3,400000,400000,4600000,cryptographic
10390,4,4399677,400000,4600000,cryptographic
10390,5,400000,400000,4600000,cryptographic
10390,6,400189,400000,4600000,cryptographic
10390,7,400000,400000,4600000,cryptographic
10390,8,3399839,400000,3400000,cryptographic
10390,9,3400027,400000,3400000,cryptographic
10390,10,3399627,400000,3400000,cryptographic
10390,11,1360024,400000,3400000,cryptographic
10528,0,399924,400000,4600000,cryptographic
10528,1,1839766,400000,4600000,cryptographic
10528,2,1634839,400000,4600000,cryptographic
10528,3,400000,400000,4600000,cryptographic
10528,4,1325598,400000,4600000,cryptographic
10528,5,400000,400000,4600000,cryptographic
10528,6,3597259,400000,4600000,cryptographic
10528,7,400000,400000,4600000,cryptographic
10528,8,3400085,400000,3400000,cryptographic
10528,9,3399920,400000,3400000,cryptographic
10528,10,3399430,400000,3400000,cryptographic
10528,11,3398572,400000,3400000,cryptographic
10665,0,400429,400000,4600000,cryptographic
10665,1,2074741,400000,4600000,cryptographic
10665,2,1486462,400000,4600000,cryptographic
10665,3,400000,400000,4600000,cryptographic
10665,4,428554,400000,4600000,cryptographic
10665,5,430043,400000,4600000,cryptographic
10665,6,3000353,400000,4600000,cryptographic
10665,7,2483033,400000,4600000,cryptographic
10665,8,3399785,400000,3400000,cryptographic
10665,9,3399945,400000,3400000,cryptographic
10665,10,3399728,400000,3400000,cryptographic
10665,11,3400000,400000,3400000,cryptographic
10804,0,883211,400000,4600000,cryptographic
10804,1,400348,400000,4600000,cryptographic
10804,2,508647,400000,4600000,cryptographic
10804,3,400000,400000,4600000,cryptographic
10804,4,400164,400000,4600000,cryptographic
10804,5,400000,400000,4600000,cryptographic
10804,6,4419495,400000,4600000,cryptographic
10804,7,400000,400000,4600000,cryptographic
10804,8,3400095,400000,3400000,cryptographic
10804,9,3400949,400000,3400000,cryptographic
10804,10,3400073,400000,3400000,cryptographic
10804,11,3399473,400000,3400000,cryptographic
10941,0,400290,400000,4600000,cryptographic
10941,1,400000,400000,4600000,cryptographic
10941,2,3178521,400000,4600000,cryptographic
10941,3,400000,400000,4600000,cryptographic
10941,4,877030,400000,4600000,cryptographic
10941,5,400000,400000,4600000,cryptographic
10941,6,400186,400000,4600000,cryptographic
10941,7,2493392,400000,4600000,cryptographic
10941,8,3400402,400000,3400000,cryptographic
10941,9,3400493,400000,3400000,cryptographic
10941,10,3400328,400000,3400000,cryptographic
10941,11,3399825,400000,3400000,cryptographic
11077,0,400291,400000,4600000,cryptographic
11077,1,3983106,400000,4600000,cryptographic
11077,2,1126333,400000,4600000,cryptographic
11077,3,528048,400000,4600000,cryptographic
11077,4,3897336,400000,4600000,cryptographic
11077,5,3834799,400000,4600000,cryptographic
11077,6,400000,400000,4600000,cryptographic
11077,7,400588,400000,4600000,cryptographic
11077,8,3400128,400000,3400000,cryptographic
11077,9,3400156,400000,3400000,cryptographic
11077,10,3400025,400000,3400000,cryptographic
11077,11,3400004,400000,3400000,cryptographic
11214,0,1695362,400000,4600000,cryptographic
11214,1,2449609,400000,4600000,cryptographic
11214,2,520182,400000,4600000,cryptographic
11214,3,400000,400000,4600000,cryptographic
11214,4,400094,400000,4600000,cryptographic
11214,5,400000,400000,4600000,cryptographic
11214,6,400000,400000,4600000,cryptographic
11214,7,400000,400000,4600000,cryptographic
11214,8,3399852,400000,3400000,cryptographic
11214,9,3400067,400000,3400000,cryptographic
11214,10,3399863,400000,3400000,cryptographic
11214,11,3396460,400000,3400000,cryptographic
11351,0,400104,400000,4600000,cryptographic
11351,1,3908842,400000,4600000,cryptographic
11351,2,1351432,400000,4600000,cryptographic
11351,3,1392687,400000,4600000,cryptographic
11351,4,862411,400000,4600000,cryptographic
11351,5,400000,400000,4600000,cryptographic
11351,6,585254,400000,4600000,cryptographic
11351,7,400000,400000,4600000,cryptographic
11351,8,3400042,400000,3400000,cryptographic
11351,9,3399910,400000,3400000,cryptographic
11351,10,3422000,400000,3400000,cryptographic
11351,11,3399618,400000,3400000,cryptographic
11489,0,400000,400000,4600000,cryptographic
11489,1,399550,400000,4600000,cryptographic
11489,2,2931443,400000,4600000,cryptographic
11489,3,399422,400000,4600000,cryptographic
11489,4,4452300,400000,4600000,cryptographic
11489,5,400000,400000,4600000,cryptographic
11489,6,4130647,400000,4600000,cryptographic
11489,7,399731,400000,4600000,cryptographic
11489,8,3400027,400000,3400000,cryptographic
11489,9,3399966,400000,3400000,cryptographic
11489,10,3399569,400000,3400000,cryptographic
11489,11,3373387,400000,3400000,cryptographic
11623,0,2492050,400000,4600000,cryptographic
11623,1,1293812,400000,4600000,cryptographic
11623,2,4529368,400000,4600000,cryptographic
11623,3,400000,400000,4600000,cryptographic
11623,4,4000203,400000,4600000,cryptographic
11623,5,400000,400000,4600000,cryptographic
11623,6,616700,400000,4600000,cryptographic
11623,7,400000,400000,4600000,cryptographic
11623,8,3399743,400000,3400000,cryptographic
11623,9,3400423,400000,3400000,cryptographic
11623,10,3399914,400000,3400000,cryptographic
11623,11,3402559,400000,3400000,cryptographic
11760,0,4590441,400000,4600000,cryptographic
11760,1,4149924,400000,4600000,cryptographic
11760,2,400390,400000,4600000,cryptographic
11760,3,400000,400000,4600000,cryptographic
11760,4,400274,400000,4600000,cryptographic
11760,5,400000,400000,4600000,cryptographic
11760,6,400112,400000,4600000,cryptographic
11760,7,400000,400000,4600000,cryptographic
11760,8,3398680,400000,3400000,cryptographic
11760,9,3400013,400000,3400000,cryptographic
11760,10,3400062,400000,3400000,cryptographic
11760,11,3350438,400000,3400000,cryptographic
11898,0,400270,400000,4600000,cryptographic
11898,1,399759,400000,4600000,cryptographic
11898,2,400000,400000,4600000,cryptographic
11898,3,400000,400000,4600000,cryptographic
11898,4,3677833,400000,4600000,cryptographic
11898,5,400000,400000,4600000,cryptographic
11898,6,4055151,400000,4600000,cryptographic
11898,7,400000,400000,4600000,cryptographic
11898,8,3399900,400000,3400000,cryptographic
11898,9,3400058,400000,3400000,cryptographic
11898,10,3399883,400000,3400000,cryptographic
11898,11,3400663,400000,3400000,cryptographic
12036,0,958280,400000,4600000,cryptographic
12036,1,1635619,400000,4600000,cryptographic
12036,2,1086720,400000,4600000,cryptographic
12036,3,400000,400000,4600000,cryptographic
12036,4,4529212,400000,4600000,cryptographic
12036,5,400000,400000,4600000,cryptographic
12036,6,400183,400000,4600000,cryptographic
12036,7,400000,400000,4600000,cryptographic
12036,8,2868428,400000,3400000,cryptographic
12036,9,3399301,400000,3400000,cryptographic
12036,10,3399992,400000,3400000,cryptographic
12036,11,3397894,400000,3400000,cryptographic
12172,0,1088826,400000,4600000,cryptographic
12172,1,3146723,400000,4600000,cryptographic
12172,2,4351101,400000,4600000,cryptographic
12172,3,400000,400000,4600000,cryptographic
12172,4,652284,400000,4600000,cryptographic
12172,5,400000,400000,4600000,cryptographic
12172,6,399670,400000,4600000,cryptographic
12172,7,400000,400000,4600000,cryptographic
12172,8,3400005,400000,3400000,cryptographic
12172,9,3399770,400000,3400000,cryptographic
12172,10,3406571,400000,3400000,cryptographic
12172,11,3399444,400000,3400000,cryptographic
12310,0,982167,400000,4600000,cryptographic
12310,1,3057362,400000,4600000,cryptographic
12310,2,3079638,400000,4600000,cryptographic
12310,3,400000,400000,4600000,cryptographic
12310,4,3462598,400000,4600000,cryptographic
12310,5,400000,400000,4600000,cryptographic
12310,6,1546668,400000,4600000,cryptographic
12310,7,400000,400000,4600000,cryptographic
12310,8,3261378,400000,3400000,cryptographic
12310,9,3400199,400000,3400000,cryptographic
12310,10,3400318,400000,3400000,cryptographic
12310,11,3400034,400000,3400000,cryptographic
12449,0,530791,400000,4600000,cryptographic
12449,1,2097758,400000,4600000,cryptographic
12449,2,2346927,400000,4600000,cryptographic
12449,3,400000,400000,4600000,cryptographic
12449,4,400192,400000,4600000,cryptographic
12449,5,400000,400000,4600000,cryptographic
12449,6,1419096,400000,4600000,cryptographic
12449,7,400000,400000,4600000,cryptographic
12449,8,3400163,400000,3400000,cryptographic
12449,9,3399811,400000,3400000,cryptographic
12449,10,3399795,400000,3400000,cryptographic
12449,11,3398422,400000,3400000,cryptographic
12587,0,1113822,400000,4600000,cryptographic
12587,1,1066245,400000,4600000,cryptographic
12587,2,400000,400000,4600000,cryptographic
12587,3,544750,400000,4600000,cryptographic
12587,4,4567223,400000,4600000,cryptographic
12587,5,400000,400000,4600000,cryptographic
12587,6,400000,400000,4600000,cryptographic
12587,7,400000,400000,4600000,cryptographic
12587,8,3400495,400000,3400000,cryptographic
12587,9,3399800,400000,3400000,cryptographic
12587,10,3400960,400000,3400000,cryptographic
12587,11,3400117,400000,3400000,cryptographic
12725,0,400187,400000,4600000,cryptographic
12725,1,400000,400000,4600000,cryptographic
12725,2,400188,400000,4600000,cryptographic
12725,3,400000,400000,4600000,cryptographic
12725,4,2770757,400000,4600000,cryptographic
12725,5,400000,400000,4600000,cryptographic
12725,6,888420,400000,4600000,cryptographic
12725,7,400000,400000,4600000,cryptographic
12725,8,3401063,400000,3400000,cryptographic
12725,9,3400011,400000,3400000,cryptographic
12725,10,3398590,400000,3400000,cryptographic
12725,11,3399630,400000,3400000,cryptographic
12862,0,867686,400000,4600000,cryptographic
12862,1,3959902,400000,4600000,cryptographic
12862,2,1732657,400000,4600000,cryptographic
12862,3,400000,400000,4600000,cryptographic
12862,4,400096,400000,4600000,cryptographic
12862,5,400000,400000,4600000,cryptographic
12862,6,400091,400000,4600000,cryptographic
12862,7,400000,400000,4600000,cryptographic
12862,8,3399371,400000,3400000,cryptographic
12862,9,3399690,400000,3400000,cryptographic
12862,10,3399713,400000,3400000,cryptographic
12862,11,3399689,400000,3400000,cryptographic
13001,0,836729,400000,4600000,cryptographic
13001,1,2145543,400000,4600000,cryptographic
13001,2,400284,400000,4600000,cryptographic
13001,3,400000,400000,4600000,cryptographic
13001,4,547470,400000,4600000,cryptographic
13001,5,400000,400000,4600000,cryptographic
13001,6,913501,400000,4600000,cryptographic
13001,7,400000,400000,4600000,cryptographic
13001,8,3400136,400000,3400000,cryptographic
13001,9,3399968,400000,3400000,cryptographic
13001,10,3400216,400000,3400000,cryptographic
13001,11,3399611,400000,3400000,cryptographic
13139,0,908018,400000,4600000,cryptographic
13139,1,400215,400000,4600000,cryptographic
13139,2,3696956,400000,4600000,cryptographic
13139,3,400000,400000,4600000,cryptographic
13139,4,400268,400000,4600000,cryptographic
13139,5,400000,400000,4600000,cryptographic
13139,6,4576240,400000,4600000,cryptographic
13139,7,400000,400000,4600000,cryptographic
13139,8,3399938,400000,3400000,cryptographic
13139,9,3400104,400000,3400000,cryptographic
13139,10,3404065,400000,3400000,cryptographic
13139,11,3399637,400000,3400000,cryptographic
13277,0,2201389,400000,4600000,cryptographic
13277,1,2712818,400000,4600000,cryptographic
13277,2,400186,400000,4600000,cryptographic
13277,3,400000,400000,4600000,cryptographic
13277,4,2812227,400000,4600000,cryptographic
13277,5,400000,400000,4600000,cryptographic
13277,6,4324647,400000,4600000,cryptographic
13277,7,400000,400000,4600000,cryptographic
13277,8,3400003,400000,3400000,cryptographic
13277,9,3350000,400000,3400000,cryptographic
13277,10,3399916,400000,3400000,cryptographic
13277,11,3399894,400000,3400000,cryptographic
13414,0,871182,400000,4600000,cryptographic
13414,1,2946897,400000,4600000,cryptographic
13414,2,400191,400000,4600000,cryptographic
13414,3,400000,400000,4600000,cryptographic
13414,4,3499975,400000,4600000,cryptographic
13414,5,400000,400000,4600000,cryptographic
13414,6,535712,400000,4600000,cryptographic
13414,7,400000,400000,4600000,cryptographic
13414,8,3400053,400000,3400000,cryptographic
13414,9,3399982,400000,3400000,cryptographic
13414,10,3398853,400000,3400000,cryptographic
13414,11,3401271,400000,3400000,cryptographic
13552,0,520621,400000,4600000,cryptographic
13552,1,400000,400000,4600000,cryptographic
13552,2,400289,400000,4600000,cryptographic
13552,3,400000,400000,4600000,cryptographic
13552,4,400191,400000,4600000,cryptographic
13552,5,400000,400000,4600000,cryptographic
13552,6,2912061,400000,4600000,cryptographic
13552,7,400000,400000,4600000,cryptographic
13552,8,3400051,400000,3400000,cryptographic
13552,9,3400432,400000,3400000,cryptographic
13552,10,3399470,400000,3400000,cryptographic
13552,11,3425304,400000,3400000,cryptographic
13689,0,453123,400000,4600000,cryptographic
13689,1,1922173,400000,4600000,cryptographic
13689,2,400634,400000,4600000,cryptographic
13689,3,400000,400000,4600000,cryptographic
13689,4,400191,400000,4600000,cryptographic
13689,5,400000,400000,4600000,cryptographic
13689,6,921380,400000,4600000,cryptographic
13689,7,400000,400000,4600000,cryptographic
13689,8,3399915,400000,3400000,cryptographic
13689,9,3400483,400000,3400000,cryptographic
13689,10,3400071,400000,3400000,cryptographic
13689,11,3422191,400000,3400000,cryptographic
13826,0,904946,400000,4600000,cryptographic
13826,1,2260338,400000,4600000,cryptographic
13826,2,3270109,400000,4600000,cryptographic
13826,3,400000,400000,4600000,cryptographic
13826,4,4503908,400000,4600000,cryptographic
13826,5,400000,400000,4600000,cryptographic
13826,6,3075277,400000,4600000,cryptographic
13826,7,400000,400000,4600000,cryptographic
13826,8,3400421,400000,3400000,cryptographic
13826,9,3399550,400000,3400000,cryptographic
13826,10,3400231,400000,3400000,cryptographic
13826,11,3399872,400000,3400000,cryptographic
13964,0,400527,400000,4600000,cryptographic
13964,1,399905,400000,4600000,cryptographic
13964,2,400263,400000,4600000,cryptographic
13964,3,400438,400000,4600000,cryptographic
13964,4,400273,400000,4600000,cryptographic
13964,5,400000,400000,4600000,cryptographic
13964,6,699694,400000,4600000,cryptographic
13964,7,400000,400000,4600000,cryptographic
13964,8,3400237,400000,3400000,cryptographic
13964,9,3399526,400000,3400000,cryptographic
13964,10,3399906,400000,3400000,cryptographic
13964,11,3399320,400000,3400000,cryptographic
14102,0,1173722,400000,4600000,cryptographic
14102,1,4577960,400000,4600000,cryptographic
14102,2,400533,400000,4600000,cryptographic
14102,3,400000,400000,4600000,cryptographic
14102,4,400174,400000,4600000,cryptographic
14102,5,400000,400000,4600000,cryptographic
14102,6,560056,400000,4600000,cryptographic
14102,7,400000,400000,4600000,cryptographic
14102,8,3400184,400000,3400000,cryptographic
14102,9,3399910,400000,3400000,cryptographic
14102,10,3378378,400000,3400000,cryptographic
14102,11,3399905,400000,3400000,cryptographic
14240,0,400192,400000,4600000,cryptographic
14240,1,2440424,400000,4600000,cryptographic
14240,2,503868,400000,4600000,cryptographic
14240,3,1253327,400000,4600000,cryptographic
14240,4,3504871,400000,4600000,cryptographic
14240,5,400000,400000,4600000,cryptographic
14240,6,2603846,400000,4600000,cryptographic
14240,7,400000,400000,4600000,cryptographic
14240,8,3399543,400000,3400000,cryptographic
14240,9,3399375,400000,3400000,cryptographic
14240,10,3400049,400000,3400000,cryptographic
14240,11,3401054,400000,3400000,cryptographic
14378,0,589260,400000,4600000,cryptographic
14378,1,399867,400000,4600000,cryptographic
14378,2,3788879,400000,4600000,cryptographic
14378,3,1186435,400000,4600000,cryptographic
14378,4,3627243,400000,4600000,cryptographic
14378,5,400000,400000,4600000,cryptographic
14378,6,4158584,400000,4600000,cryptographic
14378,7,400000,400000,4600000,cryptographic
14378,8,3399834,400000,3400000,cryptographic
14378,9,3399868,400000,3400000,cryptographic
14378,10,3400034,400000,3400000,cryptographic
14378,11,3400055,400000,3400000,cryptographic
14514,0,1267527,400000,4600000,cryptographic
14514,1,2996118,400000,4600000,cryptographic
14514,2,625410,400000,4600000,cryptographic
14514,3,400000,400000,4600000,cryptographic
14514,4,400435,400000,4600000,cryptographic
14514,5,400000,400000,4600000,cryptographic
14514,6,400741,400000,4600000,cryptographic
14514,7,400000,400000,4600000,cryptographic
14514,8,3400178,400000,3400000,cryptographic
14514,9,3399840,400000,3400000,cryptographic
14514,10,3378629,400000,3400000,cryptographic
14514,11,3399500,400000,3400000,cryptographic
14651,0,1531848,400000,4600000,cryptographic
14651,1,1574135,400000,4600000,cryptographic
14651,2,400097,400000,4600000,cryptographic
14651,3,1858416,400000,4600000,cryptographic
14651,4,400291,400000,4600000,cryptographic
14651,5,400000,400000,4600000,cryptographic
14651,6,1336818,400000,4600000,cryptographic
14651,7,2503249,400000,4600000,cryptographic
14651,8,3399934,400000,3400000,cryptographic
14651,9,3398623,400000,3400000,cryptographic
14651,10,3400569,400000,3400000,cryptographic
14651,11,3399963,400000,3400000,cryptographic
14789,0,400665,400000,4600000,cryptographic
14789,1,1715436,400000,4600000,cryptographic
14789,2,400358,400000,4600000,cryptographic
14789,3,400000,400000,4600000,cryptographic
14789,4,400389,400000,4600000,cryptographic
14789,5,400000,400000,4600000,cryptographic
14789,6,3770995,400000,4600000,cryptographic
14789,7,400000,400000,4600000,cryptographic
14789,8,3400634,400000,3400000,cryptographic
14789,9,3399771,400000,3400000,cryptographic
14789,10,3390562,400000,3400000,cryptographic
14789,11,3399761,400000,3400000,cryptographic
14926,0,399727,400000,4600000,cryptographic
14926,1,1861266,400000,4600000,cryptographic
14926,2,3622724,400000,4600000,cryptographic
14926,3,718210,400000,4600000,cryptographic
14926,4,400264,400000,4600000,cryptographic
14926,5,400000,400000,4600000,cryptographic
14926,6,400372,400000,4600000,cryptographic
14926,7,399742,400000,4600000,cryptographic
14926,8,3400337,400000,3400000,cryptographic
14926,9,3400068,400000,3400000,cryptographic
14926,10,3399571,400000,3400000,cryptographic
14926,11,3400577,400000,3400000,cryptographic
15064,0,400246,400000,4600000,cryptographic
15064,1,477073,400000,4600000,cryptographic
15064,2,982827,400000,4600000,cryptographic
15064,3,728320,400000,4600000,cryptographic
15064,4,476348,400000,4600000,cryptographic
15064,5,400000,400000,4600000,cryptographic
15064,6,1116478,400000,4600000,cryptographic
15064,7,400000,400000,4600000,cryptographic
15064,8,3399662,400000,3400000,cryptographic
15064,9,3399755,400000,3400000,cryptographic
15064,10,3400230,400000,3400000,cryptographic
15064,11,3401194,400000,3400000,cryptographic
15203,0,443713,400000,4600000,cryptographic
15203,1,4127147,400000,4600000,cryptographic
15203,2,2681279,400000,4600000,cryptographic
15203,3,825038,400000,4600000,cryptographic
15203,4,400000,400000,4600000,cryptographic
15203,5,400000,400000,4600000,cryptographic
15203,6,400186,400000,4600000,cryptographic
15203,7,400000,400000,4600000,cryptographic
15203,8,3399911,400000,3400000,cryptographic
15203,9,3413500,400000,3400000,cryptographic
15203,10,3399802,400000,3400000,cryptographic
15203,11,3399084,400000,3400000,cryptographic
15341,0,400187,400000,4600000,cryptographic
15341,1,400000,400000,4600000,cryptographic
15341,2,590044,400000,4600000,cryptographic
15341,3,400000,400000,4600000,cryptographic
15341,4,400089,400000,4600000,cryptographic
15341,5,400000,400000,4600000,cryptographic
15341,6,4156632,400000,4600000,cryptographic
15341,7,400000,400000,4600000,cryptographic
15341,8,3400649,400000,3400000,cryptographic
15341,9,3400977,400000,3400000,cryptographic
15341,10,3398302,400000,3400000,cryptographic
15341,11,3400747,400000,3400000,cryptographic
15479,0,744621,400000,4600000,cryptographic
15479,1,1195786,400000,4600000,cryptographic
15479,2,3406006,400000,4600000,cryptographic
15479,3,2029421,400000,4600000,cryptographic
15479,4,4500000,400000,4600000,cryptographic
15479,5,400000,400000,4600000,cryptographic
15479,6,524516,400000,4600000,cryptographic
15479,7,881182,400000,4600000,cryptographic
15479,8,3401543,400000,3400000,cryptographic
15479,9,3399962,400000,3400000,cryptographic
15479,10,3431122,400000,3400000,cryptographic
15479,11,3399771,400000,3400000,cryptographic
15614,0,400000,400000,4600000,cryptographic
15614,1,2351831,400000,4600000,cryptographic
15614,2,399633,400000,4600000,cryptographic
15614,3,400000,400000,4600000,cryptographic
15614,4,4400721,400000,4600000,cryptographic
15614,5,400000,400000,4600000,cryptographic
15614,6,3011802,400000,4600000,cryptographic
15614,7,400000,400000,4600000,cryptographic
15614,8,3399823,400000,3400000,cryptographic
15614,9,3399591,400000,3400000,cryptographic
15614,10,3400229,400000,3400000,cryptographic
15614,11,3400001,400000,3400000,cryptographic
15752,0,3111904,400000,4600000,cryptographic
15752,1,513264,400000,4600000,cryptographic
15752,2,823767,400000,4600000,cryptographic
15752,3,400000,400000,4600000,cryptographic
15752,4,400119,400000,4600000,cryptographic
15752,5,400000,400000,4600000,cryptographic
15752,6,400087,400000,4600000,cryptographic
15752,7,400000,400000,4600000,cryptographic
15752,8,3399679,400000,3400000,cryptographic
15752,9,3399808,400000,3400000,cryptographic
15752,10,3400322,400000,3400000,cryptographic
15752,11,3423940,400000,3400000,cryptographic
15890,0,4404485,400000,4600000,cryptographic
15890,1,2572605,400000,4600000,cryptographic
15890,2,400095,400000,4600000,cryptographic
15890,3,400474,400000,4600000,cryptographic
15890,4,400096,400000,4600000,cryptographic
15890,5,400000,400000,4600000,cryptographic
15890,6,657231,400000,4600000,cryptographic
15890,7,400000,400000,4600000,cryptographic
15890,8,3380523,400000,3400000,cryptographic
15890,9,3399393,400000,3400000,cryptographic
15890,10,3400770,400000,3400000,cryptographic
15890,11,3400060,400000,3400000,cryptographic
16027,0,4168295,400000,4600000,cryptographic
16027,1,1624316,400000,4600000,cryptographic
16027,2,544137,400000,4600000,cryptographic
16027,3,4591153,400000,4600000,cryptographic
16027,4,4235430,400000,4600000,cryptographic
16027,5,400000,400000,4600000,cryptographic
16027,6,3567916,400000,4600000,cryptographic
16027,7,400000,400000,4600000,cryptographic
16027,8,3399512,400000,3400000,cryptographic
16027,9,3399972,400000,3400000,cryptographic
16027,10,3400138,400000,3400000,cryptographic
16027,11,3399951,400000,3400000,cryptographic
16166,0,495387,400000,4600000,cryptographic
16166,1,3993424,400000,4600000,cryptographic
16166,2,2697401,400000,4600000,cryptographic
16166,3,400000,400000,4600000,cryptographic
16166,4,3012126,400000,4600000,cryptographic
16166,5,400000,400000,4600000,cryptographic
16166,6,3190768,400000,4600000,cryptographic
16166,7,4149501,400000,4600000,cryptographic
16166,8,3399372,400000,3400000,cryptographic
16166,9,3400074,400000,3400000,cryptographic
16166,10,3401624,400000,3400000,cryptographic
16166,11,3399806,400000,3400000,cryptographic
16304,0,1080723,400000,4600000,cryptographic
16304,1,869088,400000,4600000,cryptographic
16304,2,399812,400000,4600000,cryptographic
16304,3,484153,400000,4600000,cryptographic
16304,4,3152662,400000,4600000,cryptographic
16304,5,400000,400000,4600000,cryptographic
16304,6,615242,400000,4600000,cryptographic
16304,7,400000,400000,4600000,cryptographic
16304,8,3400914,400000,3400000,cryptographic
16304,9,3399687,400000,3400000,cryptographic
16304,10,3392413,400000,3400000,cryptographic
16304,11,3399576,400000,3400000,cryptographic
16441,0,1617606,400000,4600000,cryptographic
16441,1,400000,400000,4600000,cryptographic
16441,2,533915,400000,4600000,cryptographic
16441,3,400346,400000,4600000,cryptographic
16441,4,495948,400000,4600000,cryptographic
16441,5,400000,400000,4600000,cryptographic
16441,6,4515288,400000,4600000,cryptographic
16441,7,4600000,400000,4600000,cryptographic
16441,8,3399397,400000,3400000,cryptographic
16441,9,3400024,400000,3400000,cryptographic
16441,10,3399923,400000,3400000,cryptographic
16441,11,3400993,400000,3400000,cryptographic
16578,0,2330644,400000,4600000,cryptographic
16578,1,400000,400000,4600000,cryptographic
16578,2,680593,400000,4600000,cryptographic
16578,3,400000,400000,4600000,cryptographic
16578,4,962087,400000,4600000,cryptographic
16578,5,400000,400000,4600000,cryptographic
16578,6,1434832,400000,4600000,cryptographic
16578,7,400000,400000,4600000,cryptographic
16578,8,3399711,400000,3400000,cryptographic
16578,9,3400026,400000,3400000,cryptographic
16578,10,3399816,400000,3400000,cryptographic
16578,11,3399327,400000,3400000,cryptographic
16715,0,2198894,400000,4600000,cryptographic
16715,1,400636,400000,4600000,cryptographic
16715,2,1360378,400000,4600000,cryptographic
16715,3,4196475,400000,4600000,cryptographic
16715,4,4339309,400000,4600000,cryptographic
16715,5,400000,400000,4600000,cryptographic
16715,6,3113574,400000,4600000,cryptographic
16715,7,400000,400000,4600000,cryptographic
16715,8,3399905,400000,3400000,cryptographic
16715,9,3373026,400000,3400000,cryptographic
16715,10,3399952,400000,3400000,cryptographic
16715,11,3400104,400000,3400000,cryptographic
16851,0,4053321,400000,4600000,cryptographic
16851,1,400000,400000,4600000,cryptographic
16851,2,3378095,400000,4600000,cryptographic
16851,3,400000,400000,4600000,cryptographic
16851,4,4600000,400000,4600000,cryptographic
16851,5,400000,400000,4600000,cryptographic
16851,6,400317,400000,4600000,cryptographic
16851,7,400000,400000,4600000,cryptographic
16851,8,3400443,400000,3400000,cryptographic
16851,9,3400287,400000,3400000,cryptographic
16851,10,3399892,400000,3400000,cryptographic
16851,11,3399566,400000,3400000,cryptographic
16989,0,4427583,400000,4600000,cryptographic
16989,1,789544,400000,4600000,cryptographic
16989,2,400191,400000,4600000,cryptographic
16989,3,400000,400000,4600000,cryptographic
16989,4,1348473,400000,4600000,cryptographic
16989,5,400000,400000,4600000,cryptographic
16989,6,400275,400000,4600000,cryptographic
16989,7,400000,400000,4600000,cryptographic
16989,8,3399648,400000,3400000,cryptographic
16989,9,3400251,400000,3400000,cryptographic
16989,10,3400059,400000,3400000,cryptographic
16989,11,3399953,400000,3400000,cryptographic
17126,0,634790,400000,4600000,cryptographic
17126,1,400000,400000,4600000,cryptographic
17126,2,1290724,400000,4600000,cryptographic
17126,3,399759,400000,4600000,cryptographic
17126,4,400169,400000,4600000,cryptographic
17126,5,477052,400000,4600000,cryptographic
17126,6,4468718,400000,4600000,cryptographic
17126,7,400000,400000,4600000,cryptographic
17126,8,3399815,400000,3400000,cryptographic
17126,9,3400201,400000,3400000,cryptographic
17126,10,3399723,400000,3400000,cryptographic
17126,11,3399923,400000,3400000,cryptographic
17264,0,446634,400000,4600000,cryptographic
17264,1,400000,400000,4600000,cryptographic
17264,2,3567837,400000,4600000,cryptographic
17264,3,400000,400000,4600000,cryptographic
17264,4,2049429,400000,4600000,cryptographic
17264,5,400000,400000,4600000,cryptographic
17264,6,2789111,400000,4600000,cryptographic
17264,7,400000,400000,4600000,cryptographic
17264,8,3399964,400000,3400000,cryptographic
17264,9,3400210,400000,3400000,cryptographic
17264,10,3400258,400000,3400000,cryptographic
17264,11,3400135,400000,3400000,cryptographic
17402,0,400170,400000,4600000,cryptographic
17402,1,400000,400000,4600000,cryptographic
17402,2,882792,400000,4600000,cryptographic
17402,3,400000,400000,4600000,cryptographic
17402,4,399774,400000,4600000,cryptographic
17402,5,400000,400000,4600000,cryptographic
17402,6,3597888,400000,4600000,cryptographic
17402,7,400000,400000,4600000,cryptographic
17402,8,3465000,400000,3400000,cryptographic
17402,9,3399905,400000,3400000,cryptographic
17402,10,3429947,400000,3400000,cryptographic
17402,11,3399239,400000,3400000,cryptographic
17539,0,400000,400000,4600000,cryptographic
17539,1,400000,400000,4600000,cryptographic
17539,2,3440496,400000,4600000,cryptographic
17539,3,400000,400000,4600000,cryptographic
17539,4,803628,400000,4600000,cryptographic
17539,5,400000,400000,4600000,cryptographic
17539,6,3769975,400000,4600000,cryptographic
17539,7,400000,400000,4600000,cryptographic
17539,8,3399722,400000,3400000,cryptographic
17539,9,3398815,400000,3400000,cryptographic
17539,10,3399984,400000,3400000,cryptographic
17539,11,3399243,400000,3400000,cryptographic
17675,0,3846831,400000,4600000,cryptographic
17675,1,756117,400000,4600000,cryptographic
17675,2,400287,400000,4600000,cryptographic
17675,3,1288062,400000,4600000,cryptographic
17675,4,1943073,400000,4600000,cryptographic
17675,5,400000,400000,4600000,cryptographic
17675,6,4588429,400000,4600000,cryptographic
17675,7,400000,400000,4600000,cryptographic
17675,8,3400439,400000,3400000,cryptographic
17675,9,3399909,400000,3400000,cryptographic
17675,10,3400349,400000,3400000,cryptographic
17675,11,3400045,400000,3400000,cryptographic
17813,0,673058,400000,4600000,cryptographic
17813,1,398502,400000,4600000,cryptographic
17813,2,805552,400000,4600000,cryptographic
17813,3,400000,400000,4600000,cryptographic
17813,4,399725,400000,4600000,cryptographic
17813,5,400000,400000,4600000,cryptographic
17813,6,400237,400000,4600000,cryptographic
17813,7,3994091,400000,4600000,cryptographic
17813,8,3399975,400000,3400000,cryptographic
17813,9,3395348,400000,3400000,cryptographic
17813,10,3403611,400000,3400000,cryptographic
17813,11,3398858,400000,3400000,cryptographic
17951,0,400165,400000,4600000,cryptographic
17951,1,400000,400000,4600000,cryptographic
17951,2,399552,400000,4600000,cryptographic
17951,3,1198938,400000,4600000,cryptographic
17951,4,400291,400000,4600000,cryptographic
17951,5,400000,400000,4600000,cryptographic
17951,6,400000,400000,4600000,cryptographic
17951,7,400000,400000,4600000,cryptographic
17951,8,3399877,400000,3400000,cryptographic
17951,9,3400036,400000,3400000,cryptographic
17951,10,3399897,400000,3400000,cryptographic
17951,11,3399296,400000,3400000,cryptographic
18089,0,400186,400000,4600000,cryptographic
18089,1,400000,400000,4600000,cryptographic
18089,2,400365,400000,4600000,cryptographic
18089,3,400000,400000,4600000,cryptographic
18089,4,400277,400000,4600000,cryptographic
18089,5,400000,400000,4600000,cryptographic
18089,6,2870991,400000,4600000,cryptographic
18089,7,400000,400000,4600000,cryptographic
18089,8,3400733,400000,3400000,cryptographic
18089,9,3400387,400000,3400000,cryptographic
18089,10,3400788,400000,3400000,cryptographic
18089,11,3399532,400000,3400000,cryptographic
18227,0,856090,400000,4600000,cryptographic
18227,1,400000,400000,4600000,cryptographic
18227,2,399439,400000,4600000,cryptographic
18227,3,2544241,400000,4600000,cryptographic
18227,4,532327,400000,4600000,cryptographic
18227,5,400000,400000,4600000,cryptographic
18227,6,400204,400000,4600000,cryptographic
18227,7,400000,400000,4600000,cryptographic
18227,8,3400036,400000,3400000,cryptographic
18227,9,3399614,400000,3400000,cryptographic
18227,10,3399928,400000,3400000,cryptographic
18227,11,3400004,400000,3400000,cryptographic
18364,0,2449038,400000,4600000,cryptographic
18364,1,400000,400000,4600000,cryptographic
18364,2,887288,400000,4600000,cryptographic
18364,3,400087,400000,4600000,cryptographic
18364,4,4356157,400000,4600000,cryptographic
18364,5,400000,400000,4600000,cryptographic
18364,6,400279,400000,4600000,cryptographic
18364,7,400000,400000,4600000,cryptographic
18364,8,3399851,400000,3400000,cryptographic
18364,9,3400015,400000,3400000,cryptographic
18364,10,3399324,400000,3400000,cryptographic
18364,11,3400045,400000,3400000,cryptographic
18503,0,3872567,400000,4600000,cryptographic
18503,1,739159,400000,4600000,cryptographic
18503,2,4513717,400000,4600000,cryptographic
18503,3,400000,400000,4600000,cryptographic
18503,4,4359608,400000,4600000,cryptographic
18503,5,400000,400000,4600000,cryptographic
18503,6,399667,400000,4600000,cryptographic
18503,7,400000,400000,4600000,cryptographic
18503,8,3399589,400000,3400000,cryptographic
18503,9,3441470,400000,3400000,cryptographic
18503,10,3400231,400000,3400000,cryptographic
18503,11,3400396,400000,3400000,cryptographic
18638,0,4284276,400000,4600000,cryptographic
18638,1,3358776,400000,4600000,cryptographic
18638,2,3085295,400000,4600000,cryptographic
18638,3,4600000,400000,4600000,cryptographic
18638,4,3010852,400000,4600000,cryptographic
18638,5,400000,400000,4600000,cryptographic
18638,6,538803,400000,4600000,cryptographic
18638,7,400000,400000,4600000,cryptographic
18638,8,3399501,400000,3400000,cryptographic
18638,9,3400093,400000,3400000,cryptographic
18638,10,3400883,400000,3400000,cryptographic
18638,11,3400032,400000,3400000,cryptographic
18775,0,878679,400000,4600000,cryptographic
18775,1,400000,400000,4600000,cryptographic
18775,2,4585657,400000,4600000,cryptographic
18775,3,823029,400000,4600000,cryptographic
18775,4,4378082,400000,4600000,cryptographic
18775,5,400000,400000,4600000,cryptographic
18775,6,2507432,400000,4600000,cryptographic
18775,7,2907315,400000,4600000,cryptographic
18775,8,3400091,400000,3400000,cryptographic
18775,9,3399840,400000,3400000,cryptographic
18775,10,3399873,400000,3400000,cryptographic
18775,11,3399725,400000,3400000,cryptographic
18913,0,517470,400000,4600000,cryptographic
18913,1,400000,400000,4600000,cryptographic
18913,2,1044874,400000,4600000,cryptographic
18913,3,2354916,400000,4600000,cryptographic
18913,4,400269,400000,4600000,cryptographic
18913,5,400000,400000,4600000,cryptographic
18913,6,4460748,400000,4600000,cryptographic
18913,7,400000,400000,4600000,cryptographic
18913,8,3399248,400000,3400000,cryptographic
18913,9,3399894,400000,3400000,cryptographic
18913,10,3399979,400000,3400000,cryptographic
18913,11,3400135,400000,3400000,cryptographic
19052,0,400609,400000,4600000,cryptographic
19052,1,779903,400000,4600000,cryptographic
19052,2,2660806,400000,4600000,cryptographic
19052,3,453393,400000,4600000,cryptographic
19052,4,4433002,400000,4600000,cryptographic
19052,5,400000,400000,4600000,cryptographic
19052,6,3692471,400000,4600000,cryptographic
19052,7,400000,400000,4600000,cryptographic
19052,8,3400319,400000,3400000,cryptographic
19052,9,3399870,400000,3400000,cryptographic
19052,10,3399770,400000,3400000,cryptographic
19052,11,3399998,400000,3400000,cryptographic
19190,0,400000,400000,4600000,cryptographic
19190,1,400377,400000,4600000,cryptographic
19190,2,400000,400000,4600000,cryptographic
19190,3,698779,400000,4600000,cryptographic
19190,4,399918,400000,4600000,cryptographic
19190,5,400000,400000,4600000,cryptographic
19190,6,1291822,400000,4600000,cryptographic
19190,7,400000,400000,4600000,cryptographic
19190,8,3399928,400000,3400000,cryptographic
19190,9,3398548,400000,3400000,cryptographic
19190,10,3400254,400000,3400000,cryptographic
19190,11,3400823,400000,3400000,cryptographic
19328,0,400787,400000,4600000,cryptographic
19328,1,1138173,400000,4600000,cryptographic
19328,2,2626965,400000,4600000,cryptographic
19328,3,3432311,400000,4600000,cryptographic
19328,4,497924,400000,4600000,cryptographic
19328,5,400000,400000,4600000,cryptographic
19328,6,4591475,400000,4600000,cryptographic
19328,7,400000,400000,4600000,cryptographic
19328,8,3400286,400000,3400000,cryptographic
19328,9,3400739,400000,3400000,cryptographic
19328,10,3401702,400000,3400000,cryptographic
19328,11,3400285,400000,3400000,cryptographic
19465,0,521076,400000,4600000,cryptographic
19465,1,400000,400000,4600000,cryptographic
19465,2,4508181,400000,4600000,cryptographic
19465,3,1394149,400000,4600000,cryptographic
19465,4,400295,400000,4600000,cryptographic
19465,5,400000,400000,4600000,cryptographic
19465,6,1823574,400000,4600000,cryptographic
19465,7,400240,400000,4600000,cryptographic
19465,8,3399897,400000,3400000,cryptographic
19465,9,3400115,400000,3400000,cryptographic
19465,10,3393738,400000,3400000,cryptographic
19465,11,3398231,400000,3400000,cryptographic
19602,0,2739968,400000,4600000,cryptographic
19602,1,458471,400000,4600000,cryptographic
19602,2,399817,400000,4600000,cryptographic
19602,3,909582,400000,4600000,cryptographic
19602,4,400195,400000,4600000,cryptographic
19602,5,400000,400000,4600000,cryptographic
19602,6,1154227,400000,4600000,cryptographic
19602,7,400000,400000,4600000,cryptographic
19602,8,3400154,400000,3400000,cryptographic
19602,9,3399733,400000,3400000,cryptographic
19602,10,3399924,400000,3400000,cryptographic
19602,11,3400129,400000,3400000,cryptographic
19741,0,400132,400000,4600000,cryptographic
19741,1,1007167,400000,4600000,cryptographic
19741,2,400189,400000,4600000,cryptographic
19741,3,928295,400000,4600000,cryptographic
19741,4,502249,400000,4600000,cryptographic
19741,5,400000,400000,4600000,cryptographic
19741,6,400281,400000,4600000,cryptographic
19741,7,400000,400000,4600000,cryptographic
19741,8,3399940,400000,3400000,cryptographic
19741,9,3400216,400000,3400000,cryptographic
19741,10,3400823,400000,3400000,cryptographic
19741,11,3400107,400000,3400000,cryptographic
19879,0,736551,400000,4600000,cryptographic
19879,1,400000,400000,4600000,cryptographic
19879,2,2985091,400000,4600000,cryptographic
19879,3,2285006,400000,4600000,cryptographic
19879,4,3543438,400000,4600000,cryptographic
19879,5,400000,400000,4600000,cryptographic
19879,6,4440286,400000,4600000,cryptographic
19879,7,400000,400000,4600000,cryptographic
19879,8,3399896,400000,3400000,cryptographic
19879,9,3400352,400000,3400000,cryptographic
19879,10,3399917,400000,3400000,cryptographic
19879,11,3399569,400000,3400000,cryptographic
20016,0,400095,400000,4600000,cryptographic
20016,1,667300,400000,4600000,cryptographic
20016,2,400177,400000,4600000,cryptographic
20016,3,1808873,400000,4600000,cryptographic
20016,4,400288,400000,4600000,cryptographic
20016,5,400000,400000,4600000,cryptographic
20016,6,4558259,400000,4600000,cryptographic
20016,7,400000,400000,4600000,cryptographic
20016,8,3399764,400000,3400000,cryptographic
20016,9,3399987,400000,3400000,cryptographic
20016,10,3399749,400000,3400000,cryptographic
20016,11,3400043,400000,3400000,cryptographic
20153,0,400384,400000,4600000,cryptographic
20153,1,4600046,400000,4600000,cryptographic
20153,2,1804470,400000,4600000,cryptographic
20153,3,1019936,400000,4600000,cryptographic
20153,4,928242,400000,4600000,cryptographic
20153,5,400000,400000,4600000,cryptographic
20153,6,4237611,400000,4600000,cryptographic
20153,7,3578342,400000,4600000,cryptographic
20153,8,3399027,400000,3400000,cryptographic
20153,9,3399904,400000,3400000,cryptographic
20153,10,3399725,400000,3400000,cryptographic
20153,11,3400154,400000,3400000,cryptographic
20290,0,1695057,400000,4600000,cryptographic
20290,1,400000,400000,4600000,cryptographic
20290,2,906387,400000,4600000,cryptographic
20290,3,400000,400000,4600000,cryptographic
20290,4,700223,400000,4600000,cryptographic
20290,5,400000,400000,4600000,cryptographic
20290,6,3696650,400000,4600000,cryptographic
20290,7,400000,400000,4600000,cryptographic
20290,8,3402439,400000,3400000,cryptographic
20290,9,3399992,400000,3400000,cryptographic
20290,10,3413888,400000,3400000,cryptographic
20290,11,3400062,400000,3400000,cryptographic
20427,0,1096774,400000,4600000,cryptographic
20427,1,400000,400000,4600000,cryptographic
20427,2,400184,400000,4600000,cryptographic
20427,3,937529,400000,4600000,cryptographic
20427,4,2981536,400000,4600000,cryptographic
20427,5,400000,400000,4600000,cryptographic
20427,6,400283,400000,4600000,cryptographic
20427,7,400000,400000,4600000,cryptographic
20427,8,3400011,400000,3400000,cryptographic
20427,9,3400270,400000,3400000,cryptographic
20427,10,3399807,400000,3400000,cryptographic
20427,11,3400514,400000,3400000,cryptographic
20565,0,2670645,400000,4600000,cryptographic
20565,1,560224,400000,4600000,cryptographic
20565,2,400323,400000,4600000,cryptographic
20565,3,730959,400000,4600000,cryptographic
20565,4,3279651,400000,4600000,cryptographic
20565,5,1241657,400000,4600000,cryptographic
20565,6,400000,400000,4600000,cryptographic
20565,7,675290,400000,4600000,cryptographic
20565,8,3400026,400000,3400000,cryptographic
20565,9,3399546,400000,3400000,cryptographic
20565,10,3399827,400000,3400000,cryptographic
20565,11,3400156,400000,3400000,cryptographic
20702,0,450791,400000,4600000,cryptographic
20702,1,400000,400000,4600000,cryptographic
20702,2,4366189,400000,4600000,cryptographic
20702,3,2620842,400000,4600000,cryptographic
20702,4,1642407,400000,4600000,cryptographic
20702,5,400000,400000,4600000,cryptographic
20702,6,400000,400000,4600000,cryptographic
20702,7,4586581,400000,4600000,cryptographic
20702,8,3400019,400000,3400000,cryptographic
20702,9,3400185,400000,3400000,cryptographic
20702,10,3400194,400000,3400000,cryptographic
20702,11,3400032,400000,3400000,cryptographic
20838,0,465365,400000,4600000,cryptographic
20838,1,603441,400000,4600000,cryptographic
20838,2,438894,400000,4600000,cryptographic
20838,3,645282,400000,4600000,cryptographic
20838,4,400089,400000,4600000,cryptographic
20838,5,400000,400000,4600000,cryptographic
20838,6,4270724,400000,4600000,cryptographic
20838,7,400000,400000,4600000,cryptographic
20838,8,3399853,400000,3400000,cryptographic
20838,9,3399593,400000,3400000,cryptographic
20838,10,3400108,400000,3400000,cryptographic
20838,11,3399631,400000,3400000,cryptographic
20976,0,558355,400000,4600000,cryptographic
20976,1,3623973,400000,4600000,cryptographic
20976,2,400085,400000,4600000,cryptographic
20976,3,456988,400000,4600000,cryptographic
20976,4,400095,400000,4600000,cryptographic
20976,5,400000,400000,4600000,cryptographic
20976,6,989680,400000,4600000,cryptographic
20976,7,400000,400000,4600000,cryptographic
20976,8,3399657,400000,3400000,cryptographic
20976,9,3399951,400000,3400000,cryptographic
20976,10,3400140,400000,3400000,cryptographic
20976,11,3400314,400000,3400000,cryptographic
21113,0,400613,400000,4600000,cryptographic
21113,1,676559,400000,4600000,cryptographic
21113,2,2148896,400000,4600000,cryptographic
21113,3,1129416,400000,4600000,cryptographic
21113,4,458974,400000,4600000,cryptographic
21113,5,400000,400000,4600000,cryptographic
21113,6,400227,400000,4600000,cryptographic
21113,7,400000,400000,4600000,cryptographic
21113,8,3400074,400000,3400000,cryptographic
21113,9,3399985,400000,3400000,cryptographic
21113,10,3399976,400000,3400000,cryptographic
21113,11,3399779,400000,3400000,cryptographic
21252,0,745307,400000,4600000,cryptographic
21252,1,400356,400000,4600000,cryptographic
21252,2,789856,400000,4600000,cryptographic
21252,3,4590580,400000,4600000,cryptographic
21252,4,2621568,400000,4600000,cryptographic
21252,5,400000,400000,4600000,cryptographic
21252,6,400281,400000,4600000,cryptographic
21252,7,400000,400000,4600000,cryptographic
21252,8,3400100,400000,3400000,cryptographic
21252,9,3399801,400000,3400000,cryptographic
21252,10,3400162,400000,3400000,cryptographic
21252,11,3400041,400000,3400000,cryptographic
21390,0,400064,400000,4600000,cryptographic
21390,1,760513,400000,4600000,cryptographic
21390,2,400170,400000,4600000,cryptographic
21390,3,689971,400000,4600000,cryptographic
21390,4,400271,400000,4600000,cryptographic
21390,5,400000,400000,4600000,cryptographic
21390,6,400271,400000,4600000,cryptographic
21390,7,400000,400000,4600000,cryptographic
21390,8,3400080,400000,3400000,cryptographic
21390,9,3401090,400000,3400000,cryptographic
21390,10,3423913,400000,3400000,cryptographic
21390,11,3400115,400000,3400000,cryptographic
21528,0,1956545,400000,4600000,cryptographic
21528,1,398931,400000,4600000,cryptographic
21528,2,4001973,400000,4600000,cryptographic
21528,3,399712,400000,4600000,cryptographic
21528,4,802225,400000,4600000,cryptographic
21528,5,400000,400000,4600000,cryptographic
21528,6,399658,400000,4600000,cryptographic
21528,7,400000,400000,4600000,cryptographic
21528,8,3400459,400000,3400000,cryptographic
21528,9,3400015,400000,3400000,cryptographic
21528,10,3399357,400000,3400000,cryptographic
21528,11,3400860,400000,3400000,cryptographic
21664,0,399839,400000,4600000,cryptographic
21664,1,442831,400000,4600000,cryptographic
21664,2,1882618,400000,4600000,cryptographic
21664,3,1289624,400000,4600000,cryptographic
21664,4,1272990,400000,4600000,cryptographic
21664,5,400000,400000,4600000,cryptographic
21664,6,612848,400000,4600000,cryptographic
21664,7,560104,400000,4600000,cryptographic
21664,8,3399957,400000,3400000,cryptographic
21664,9,3363947,400000,3400000,cryptographic
21664,10,3400263,400000,3400000,cryptographic
21664,11,3399848,400000,3400000,cryptographic
21801,0,3848963,400000,4600000,cryptographic
21801,1,400000,400000,4600000,cryptographic
21801,2,1070763,400000,4600000,cryptographic
21801,3,400000,400000,4600000,cryptographic
21801,4,400227,400000,4600000,cryptographic
21801,5,442954,400000,4600000,cryptographic
21801,6,2755454,400000,4600000,cryptographic
21801,7,1976379,400000,4600000,cryptographic
21801,8,3399911,400000,3400000,cryptographic
21801,9,3400055,400000,3400000,cryptographic
21801,10,3399805,400000,3400000,cryptographic
21801,11,3399561,400000,3400000,cryptographic
21936,0,400201,400000,4600000,cryptographic
21936,1,501991,400000,4600000,cryptographic
21936,2,400000,400000,4600000,cryptographic
21936,3,1185420,400000,4600000,cryptographic
21936,4,400167,400000,4600000,cryptographic
21936,5,400000,400000,4600000,cryptographic
21936,6,399896,400000,4600000,cryptographic
21936,7,400000,400000,4600000,cryptographic
21936,8,3399970,400000,3400000,cryptographic
21936,9,3399865,400000,3400000,cryptographic
21936,10,3400201,400000,3400000,cryptographic
21936,11,3400522,400000,3400000,cryptographic
22073,0,433045,400000,4600000,cryptographic
22073,1,400000,400000,4600000,cryptographic
22073,2,1799765,400000,4600000,cryptographic
22073,3,973741,400000,4600000,cryptographic
22073,4,400283,400000,4600000,cryptographic
22073,5,433108,400000,4600000,cryptographic
22073,6,3949547,400000,4600000,cryptographic
22073,7,400000,400000,4600000,cryptographic
22073,8,3399846,400000,3400000,cryptographic
22073,9,3399958,400000,3400000,cryptographic
22073,10,3399858,400000,3400000,cryptographic
22073,11,3399895,400000,3400000,cryptographic
22211,0,400244,400000,4600000,cryptographic
22211,1,1372046,400000,4600000,cryptographic
22211,2,864754,400000,4600000,cryptographic
22211,3,1101595,400000,4600000,cryptographic
22211,4,1370437,400000,4600000,cryptographic
22211,5,400000,400000,4600000,cryptographic
22211,6,1608417,400000,4600000,cryptographic
22211,7,1756085,400000,4600000,cryptographic
22211,8,3399104,400000,3400000,cryptographic
22211,9,3400039,400000,3400000,cryptographic
22211,10,3398979,400000,3400000,cryptographic
22211,11,3399769,400000,3400000,cryptographic
22348,0,1212086,400000,4600000,cryptographic
22348,1,400000,400000,4600000,cryptographic
22348,2,400535,400000,4600000,cryptographic
22348,3,774496,400000,4600000,cryptographic
22348,4,2668307,400000,4600000,cryptographic
22348,5,400000,400000,4600000,cryptographic
22348,6,400178,400000,4600000,cryptographic
22348,7,400000,400000,4600000,cryptographic
22348,8,3399423,400000,3400000,cryptographic
22348,9,3399918,400000,3400000,cryptographic
22348,10,3400105,400000,3400000,cryptographic
22348,11,3400266,400000,3400000,cryptographic
22486,0,400143,400000,4600000,cryptographic
22486,1,400000,400000,4600000,cryptographic
22486,2,399816,400000,4600000,cryptographic
22486,3,978544,400000,4600000,cryptographic
22486,4,400140,400000,4600000,cryptographic
22486,5,400000,400000,4600000,cryptographic
22486,6,400673,400000,4600000,cryptographic
22486,7,400000,400000,4600000,cryptographic
22486,8,3400270,400000,3400000,cryptographic
22486,9,3400405,400000,3400000,cryptographic
22486,10,3399819,400000,3400000,cryptographic
22486,11,3399938,400000,3400000,cryptographic
22623,0,469449,400000,4600000,cryptographic
22623,1,400294,400000,4600000,cryptographic
22623,2,2618263,400000,4600000,cryptographic
22623,3,1010133,400000,4600000,cryptographic
22623,4,400194,400000,4600000,cryptographic
22623,5,2391239,400000,4600000,cryptographic
22623,6,4233196,400000,4600000,cryptographic
22623,7,400000,400000,4600000,cryptographic
22623,8,3401938,400000,3400000,cryptographic
22623,9,3398010,400000,3400000,cryptographic
22623,10,3399956,400000,3400000,cryptographic
22623,11,3400143,400000,3400000,cryptographic
22761,0,780399,400000,4600000,cryptographic
22761,1,504956,400000,4600000,cryptographic
22761,2,400000,400000,4600000,cryptographic
22761,3,400381,400000,4600000,cryptographic
22761,4,1053883,400000,4600000,cryptographic
22761,5,400339,400000,4600000,cryptographic
22761,6,4319551,400000,4600000,cryptographic
22761,7,400000,400000,4600000,cryptographic
22761,8,3400217,400000,3400000,cryptographic
22761,9,3399732,400000,3400000,cryptographic
22761,10,3399856,400000,3400000,cryptographic
22761,11,3400056,400000,3400000,cryptographic
22898,0,4183449,400000,4600000,cryptographic
22898,1,400000,400000,4600000,cryptographic
22898,2,2998434,400000,4600000,cryptographic
22898,3,1288110,400000,4600000,cryptographic
22898,4,1211937,400000,4600000,cryptographic
22898,5,1498795,400000,4600000,cryptographic
22898,6,400313,400000,4600000,cryptographic
22898,7,400000,400000,4600000,cryptographic
22898,8,3399735,400000,3400000,cryptographic
22898,9,3398941,400000,3400000,cryptographic
22898,10,3399665,400000,3400000,cryptographic
22898,11,3410084,400000,3400000,cryptographic
23037,0,1406166,400000,4600000,cryptographic
23037,1,400000,400000,4600000,cryptographic
23037,2,400080,400000,4600000,cryptographic
23037,3,400328,400000,4600000,cryptographic
23037,4,400094,400000,4600000,cryptographic
23037,5,664888,400000,4600000,cryptographic
23037,6,1454042,400000,4600000,cryptographic
23037,7,400000,400000,4600000,cryptographic
23037,8,3400036,400000,3400000,cryptographic
23037,9,3399955,400000,3400000,cryptographic
23037,10,3403961,400000,3400000,cryptographic
23037,11,3400175,400000,3400000,cryptographic
23174,0,479987,400000,4600000,cryptographic
23174,1,400363,400000,4600000,cryptographic
23174,2,3231439,400000,4600000,cryptographic
23174,3,399732,400000,4600000,cryptographic
23174,4,4040488,400000,4600000,cryptographic
23174,5,400377,400000,4600000,cryptographic
23174,6,4406345,400000,4600000,cryptographic
23174,7,400000,400000,4600000,cryptographic
23174,8,3400009,400000,3400000,cryptographic
23174,9,3401063,400000,3400000,cryptographic
23174,10,3400025,400000,3400000,cryptographic
23174,11,3404293,400000,3400000,cryptographic
23310,0,943714,400000,4600000,cryptographic
23310,1,539611,400000,4600000,cryptographic
23310,2,400000,400000,4600000,cryptographic
23310,3,2585821,400000,4600000,cryptographic
23310,4,400200,400000,4600000,cryptographic
23310,5,400000,400000,4600000,cryptographic
23310,6,660694,400000,4600000,cryptographic
23310,7,4460246,400000,4600000,cryptographic
23310,8,3400135,400000,3400000,cryptographic
23310,9,3400060,400000,3400000,cryptographic
23310,10,3395637,400000,3400000,cryptographic
23310,11,3396886,400000,3400000,cryptographic
23447,0,894255,400000,4600000,cryptographic
23447,1,788189,400000,4600000,cryptographic
23447,2,519631,400000,4600000,cryptographic
23447,3,1375463,400000,4600000,cryptographic
23447,4,3915588,400000,4600000,cryptographic
23447,5,400000,400000,4600000,cryptographic
23447,6,4127482,400000,4600000,cryptographic
23447,7,400000,400000,4600000,cryptographic
23447,8,3400153,400000,3400000,cryptographic
23447,9,3400314,400000,3400000,cryptographic
23447,10,3281201,400000,3400000,cryptographic
23447,11,3400392,400000,3400000,cryptographic
23585,0,631027,400000,4600000,cryptographic
23585,1,400000,400000,4600000,cryptographic
23585,2,4273771,400000,4600000,cryptographic
23585,3,4058391,400000,4600000,cryptographic
23585,4,400250,400000,4600000,cryptographic
23585,5,4503861,400000,4600000,cryptographic
23585,6,399849,400000,4600000,cryptographic
23585,7,400000,400000,4600000,cryptographic
23585,8,3399805,400000,3400000,cryptographic
23585,9,3407147,400000,3400000,cryptographic
23585,10,3404065,400000,3400000,cryptographic
23585,11,3398512,400000,3400000,cryptographic
23722,0,399906,400000,4600000,cryptographic
23722,1,3649480,400000,4600000,cryptographic
23722,2,475443,400000,4600000,cryptographic
23722,3,400686,400000,4600000,cryptographic
23722,4,436167,400000,4600000,cryptographic
23722,5,400000,400000,4600000,cryptographic
23722,6,2630650,400000,4600000,cryptographic
23722,7,400000,400000,4600000,cryptographic
23722,8,3402136,400000,3400000,cryptographic
23722,9,3399870,400000,3400000,cryptographic
23722,10,3400011,400000,3400000,cryptographic
23722,11,3399906,400000,3400000,cryptographic
23858,0,1100424,400000,4600000,cryptographic
23858,1,490032,400000,4600000,cryptographic
23858,2,656556,400000,4600000,cryptographic
23858,3,955127,400000,4600000,cryptographic
23858,4,1185056,400000,4600000,cryptographic
23858,5,400000,400000,4600000,cryptographic
23858,6,4534463,400000,4600000,cryptographic
23858,7,4587739,400000,4600000,cryptographic
23858,8,3400174,400000,3400000,cryptographic
23858,9,3400169,400000,3400000,cryptographic
23858,10,3399887,400000,3400000,cryptographic
23858,11,3399874,400000,3400000,cryptographic
23996,0,1017670,400000,4600000,cryptographic
23996,1,1051154,400000,4600000,cryptographic
23996,2,400711,400000,4600000,cryptographic
23996,3,992667,400000,4600000,cryptographic
23996,4,4255707,400000,4600000,cryptographic
23996,5,400000,400000,4600000,cryptographic
23996,6,400078,400000,4600000,cryptographic
23996,7,400000,400000,4600000,cryptographic
23996,8,3400266,400000,3400000,cryptographic
23996,9,3399794,400000,3400000,cryptographic
23996,10,3400167,400000,3400000,cryptographic
23996,11,3400074,400000,3400000,cryptographic
24135,0,4499214,400000,4600000,cryptographic
24135,1,400000,400000,4600000,cryptographic
24135,2,3844700,400000,4600000,cryptographic
24135,3,667385,400000,4600000,cryptographic
24135,4,4197399,400000,4600000,cryptographic
24135,5,400000,400000,4600000,cryptographic
24135,6,4110864,400000,4600000,cryptographic
24135,7,400000,400000,4600000,cryptographic
24135,8,3412500,400000,3400000,cryptographic
24135,9,3399965,400000,3400000,cryptographic
24135,10,3397413,400000,3400000,cryptographic
24135,11,3399894,400000,3400000,cryptographic
24273,0,400086,400000,4600000,cryptographic
24273,1,400183,400000,4600000,cryptographic
24273,2,400000,400000,4600000,cryptographic
24273,3,400427,400000,4600000,cryptographic
24273,4,4343054,400000,4600000,cryptographic
24273,5,400000,400000,4600000,cryptographic
24273,6,400106,400000,4600000,cryptographic
24273,7,400000,400000,4600000,cryptographic
24273,8,3399714,400000,3400000,cryptographic
24273,9,3401520,400000,3400000,cryptographic
24273,10,3400018,400000,3400000,cryptographic
24273,11,3399688,400000,3400000,cryptographic
24410,0,905403,400000,4600000,cryptographic
24410,1,1007960,400000,4600000,cryptographic
24410,2,2483539,400000,4600000,cryptographic
24410,3,904381,400000,4600000,cryptographic
24410,4,400088,400000,4600000,cryptographic
24410,5,400000,400000,4600000,cryptographic
24410,6,4560685,400000,4600000,cryptographic
24410,7,400000,400000,4600000,cryptographic
24410,8,3402244,400000,3400000,cryptographic
24410,9,3400475,400000,3400000,cryptographic
24410,10,3388489,400000,3400000,cryptographic
24410,11,3399887,400000,3400000,cryptographic
24546,0,475865,400000,4600000,cryptographic
24546,1,820003,400000,4600000,cryptographic
24546,2,4447376,400000,4600000,cryptographic
24546,3,400000,400000,4600000,cryptographic
24546,4,3965377,400000,4600000,cryptographic
24546,5,400000,400000,4600000,cryptographic
24546,6,1173017,400000,4600000,cryptographic
24546,7,400000,400000,4600000,cryptographic
24546,8,3399858,400000,3400000,cryptographic
24546,9,3399545,400000,3400000,cryptographic
24546,10,3399743,400000,3400000,cryptographic
24546,11,3400261,400000,3400000,cryptographic
24683,0,1681619,400000,4600000,cryptographic
24683,1,477571,400000,4600000,cryptographic
24683,2,447341,400000,4600000,cryptographic
24683,3,510351,400000,4600000,cryptographic
24683,4,452691,400000,4600000,cryptographic
24683,5,400000,400000,4600000,cryptographic
24683,6,400153,400000,4600000,cryptographic
24683,7,1946141,400000,4600000,cryptographic
24683,8,3400023,400000,3400000,cryptographic
24683,9,3400187,400000,3400000,cryptographic
24683,10,3399581,400000,3400000,cryptographic
24683,11,3400103,400000,3400000,cryptographic
24822,0,2229422,400000,4600000,cryptographic
24822,1,400432,400000,4600000,cryptographic
24822,2,400000,400000,4600000,cryptographic
24822,3,709179,400000,4600000,cryptographic
24822,4,437636,400000,4600000,cryptographic
24822,5,400000,400000,4600000,cryptographic
24822,6,452833,400000,4600000,cryptographic
24822,7,400000,400000,4600000,cryptographic
24822,8,3400138,400000,3400000,cryptographic
24822,9,3399802,400000,3400000,cryptographic
24822,10,3398579,400000,3400000,cryptographic
24822,11,3392145,400000,3400000,cryptographic
24959,0,400334,400000,4600000,cryptographic
24959,1,545422,400000,4600000,cryptographic
24959,2,4590504,400000,4600000,cryptographic
24959,3,400000,400000,4600000,cryptographic
24959,4,1183076,400000,4600000,cryptographic
24959,5,400000,400000,4600000,cryptographic
24959,6,3725474,400000,4600000,cryptographic
24959,7,400000,400000,4600000,cryptographic
24959,8,3399659,400000,3400000,cryptographic
24959,9,3399720,400000,3400000,cryptographic
24959,10,3400084,400000,3400000,cryptographic
24959,11,3401453,400000,3400000,cryptographic
25097,0,854787,400000,4600000,cryptographic
25097,1,400000,400000,4600000,cryptographic
25097,2,1223503,400000,4600000,cryptographic
25097,3,667992,400000,4600000,cryptographic
25097,4,3906877,400000,4600000,cryptographic
25097,5,400000,400000,4600000,cryptographic
25097,6,4194491,400000,4600000,cryptographic
25097,7,400000,400000,4600000,cryptographic
25097,8,3399343,400000,3400000,cryptographic
25097,9,3400189,400000,3400000,cryptographic
25097,10,3399917,400000,3400000,cryptographic
25097,11,3400011,400000,3400000,cryptographic
25235,0,4423715,400000,4600000,cryptographic
25235,1,399016,400000,4600000,cryptographic
25235,2,1026439,400000,4600000,cryptographic
25235,3,950368,400000,4600000,cryptographic
25235,4,400000,400000,4600000,cryptographic
25235,5,400000,400000,4600000,cryptographic
25235,6,400189,400000,4600000,cryptographic
25235,7,400000,400000,4600000,cryptographic
25235,8,3399974,400000,3400000,cryptographic
25235,9,3407518,400000,3400000,cryptographic
25235,10,3431250,400000,3400000,cryptographic
25235,11,3399063,400000,3400000,cryptographic
25373,0,458918,400000,4600000,cryptographic
25373,1,4357321,400000,4600000,cryptographic
25373,2,4103158,400000,4600000,cryptographic
25373,3,751777,400000,4600000,cryptographic
25373,4,400389,400000,4600000,cryptographic
25373,5,400000,400000,4600000,cryptographic
25373,6,400233,400000,4600000,cryptographic
25373,7,400000,400000,4600000,cryptographic
25373,8,3399244,400000,3400000,cryptographic
25373,9,3400150,400000,3400000,cryptographic
25373,10,3399647,400000,3400000,cryptographic
25373,11,3399880,400000,3400000,cryptographic
25511,0,399924,400000,4600000,cryptographic
25511,1,769622,400000,4600000,cryptographic
25511,2,400615,400000,4600000,cryptographic
25511,3,1094471,400000,4600000,cryptographic
25511,4,4499923,400000,4600000,cryptographic
25511,5,400000,400000,4600000,cryptographic
25511,6,400274,400000,4600000,cryptographic
25511,7,400000,400000,4600000,cryptographic
25511,8,3399643,400000,3400000,cryptographic
25511,9,3400199,400000,3400000,cryptographic
25511,10,3399152,400000,3400000,cryptographic
25511,11,3399753,400000,3400000,cryptographic
25646,0,996641,400000,4600000,cryptographic
25646,1,400000,400000,4600000,cryptographic
25646,2,1706485,400000,4600000,cryptographic
25646,3,4589912,400000,4600000,cryptographic
25646,4,723674,400000,4600000,cryptographic
25646,5,400000,400000,4600000,cryptographic
25646,6,4587350,400000,4600000,cryptographic
25646,7,400000,400000,4600000,cryptographic
25646,8,3022334,400000,3400000,cryptographic
25646,9,3400117,400000,3400000,cryptographic
25646,10,2642028,400000,3400000,cryptographic
25646,11,3399959,400000,3400000,cryptographic
25782,0,2102584,400000,4600000,cryptographic
25782,1,2573890,400000,4600000,cryptographic
25782,2,400191,400000,4600000,cryptographic
25782,3,728700,400000,4600000,cryptographic
25782,4,3386931,400000,4600000,cryptographic
25782,5,4606705,400000,4600000,cryptographic
25782,6,4453579,400000,4600000,cryptographic
25782,7,4162155,400000,4600000,cryptographic
25782,8,3399880,400000,3400000,cryptographic
25782,9,3399887,400000,3400000,cryptographic
25782,10,3396074,400000,3400000,cryptographic
25782,11,3400311,400000,3400000,cryptographic
25919,0,693873,400000,4600000,cryptographic
25919,1,434043,400000,4600000,cryptographic
25919,2,2298058,400000,4600000,cryptographic
25919,3,3235840,400000,4600000,cryptographic
25919,4,4317304,400000,4600000,cryptographic
25919,5,400000,400000,4600000,cryptographic
25919,6,4584690,400000,4600000,cryptographic
25919,7,400000,400000,4600000,cryptographic
25919,8,3399745,400000,3400000,cryptographic
25919,9,3400229,400000,3400000,cryptographic
25919,10,3400213,400000,3400000,cryptographic
25919,11,3399951,400000,3400000,cryptographic
26057,0,400826,400000,4600000,cryptographic
26057,1,400000,400000,4600000,cryptographic
26057,2,400231,400000,4600000,cryptographic
26057,3,691186,400000,4600000,cryptographic
26057,4,400325,400000,4600000,cryptographic
26057,5,400000,400000,4600000,cryptographic
26057,6,400276,400000,4600000,cryptographic
26057,7,400000,400000,4600000,cryptographic
26057,8,3400102,400000,3400000,cryptographic
26057,9,3399768,400000,3400000,cryptographic
26057,10,3399928,400000,3400000,cryptographic
26057,11,3400138,400000,3400000,cryptographic
26196,0,1792188,400000,4600000,cryptographic
26196,1,400000,400000,4600000,cryptographic
26196,2,4257761,400000,4600000,cryptographic
26196,3,400561,400000,4600000,cryptographic
26196,4,3711535,400000,4600000,cryptographic
26196,5,400000,400000,4600000,cryptographic
26196,6,3977821,400000,4600000,cryptographic
26196,7,400000,400000,4600000,cryptographic
26196,8,3399863,400000,3400000,cryptographic
26196,9,3400177,400000,3400000,cryptographic
26196,10,3398900,400000,3400000,cryptographic
26196,11,3400027,400000,3400000,cryptographic
26333,0,400373,400000,4600000,cryptographic
26333,1,712913,400000,4600000,cryptographic
26333,2,400572,400000,4600000,cryptographic
26333,3,583033,400000,4600000,cryptographic
26333,4,400211,400000,4600000,cryptographic
26333,5,400000,400000,4600000,cryptographic
26333,6,400342,400000,4600000,cryptographic
26333,7,400000,400000,4600000,cryptographic
26333,8,3400136,400000,3400000,cryptographic
26333,9,3400073,400000,3400000,cryptographic
26333,10,3391581,400000,3400000,cryptographic
26333,11,3399772,400000,3400000,cryptographic
26471,0,864521,400000,4600000,cryptographic
26471,1,943775,400000,4600000,cryptographic
26471,2,2299674,400000,4600000,cryptographic
26471,3,400367,400000,4600000,cryptographic
26471,4,4307964,400000,4600000,cryptographic
26471,5,400000,400000,4600000,cryptographic
26471,6,400308,400000,4600000,cryptographic
26471,7,400000,400000,4600000,cryptographic
26471,8,3400286,400000,3400000,cryptographic
26471,9,3385472,400000,3400000,cryptographic
26471,10,3400877,400000,3400000,cryptographic
26471,11,3400036,400000,3400000,cryptographic
26607,0,400377,400000,4600000,cryptographic
26607,1,400000,400000,4600000,cryptographic
26607,2,400435,400000,4600000,cryptographic
26607,3,4418023,400000,4600000,cryptographic
26607,4,4048620,400000,4600000,cryptographic
26607,5,400000,400000,4600000,cryptographic
26607,6,2496840,400000,4600000,cryptographic
26607,7,400000,400000,4600000,cryptographic
26607,8,3400202,400000,3400000,cryptographic
26607,9,3403596,400000,3400000,cryptographic
26607,10,3401512,400000,3400000,cryptographic
26607,11,3400145,400000,3400000,cryptographic
26740,0,1551664,400000,4600000,cryptographic
26740,1,4231085,400000,4600000,cryptographic
26740,2,557102,400000,4600000,cryptographic
26740,3,1330312,400000,4600000,cryptographic
26740,4,4388931,400000,4600000,cryptographic
26740,5,400000,400000,4600000,cryptographic
26740,6,1254545,400000,4600000,cryptographic
26740,7,400000,400000,4600000,cryptographic
26740,8,3399933,400000,3400000,cryptographic
26740,9,3399594,400000,3400000,cryptographic
26740,10,3399864,400000,3400000,cryptographic
26740,11,3399454,400000,3400000,cryptographic
26879,0,961906,400000,4600000,cryptographic
26879,1,400000,400000,4600000,cryptographic
26879,2,400267,400000,4600000,cryptographic
26879,3,400000,400000,4600000,cryptographic
26879,4,1019142,400000,4600000,cryptographic
26879,5,400000,400000,4600000,cryptographic
26879,6,400268,400000,4600000,cryptographic
26879,7,400000,400000,4600000,cryptographic
26879,8,3400150,400000,3400000,cryptographic
26879,9,3476293,400000,3400000,cryptographic
26879,10,3399561,400000,3400000,cryptographic
26879,11,3400132,400000,3400000,cryptographic
27016,0,2356005,400000,4600000,cryptographic
27016,1,400000,400000,4600000,cryptographic
27016,2,2104070,400000,4600000,cryptographic
27016,3,400000,400000,4600000,cryptographic
27016,4,400216,400000,4600000,cryptographic
27016,5,790268,400000,4600000,cryptographic
27016,6,400226,400000,4600000,cryptographic
27016,7,400000,400000,4600000,cryptographic
27016,8,3400120,400000,3400000,cryptographic
27016,9,3399763,400000,3400000,cryptographic
27016,10,3400438,400000,3400000,cryptographic
27016,11,3399606,400000,3400000,cryptographic
27154,0,871128,400000,4600000,cryptographic
27154,1,850905,400000,4600000,cryptographic
27154,2,2879750,400000,4600000,cryptographic
27154,3,400000,400000,4600000,cryptographic
27154,4,3613310,400000,4600000,cryptographic
27154,5,400000,400000,4600000,cryptographic
27154,6,872823,400000,4600000,cryptographic
27154,7,400000,400000,4600000,cryptographic
27154,8,3400007,400000,3400000,cryptographic
27154,9,3399988,400000,3400000,cryptographic
27154,10,3399931,400000,3400000,cryptographic
27154,11,3401404,400000,3400000,cryptographic
27292,0,400274,400000,4600000,cryptographic
27292,1,966049,400000,4600000,cryptographic
27292,2,400190,400000,4600000,cryptographic
27292,3,1777319,400000,4600000,cryptographic
27292,4,709098,400000,4600000,cryptographic
27292,5,400000,400000,4600000,cryptographic
27292,6,400169,400000,4600000,cryptographic
27292,7,400000,400000,4600000,cryptographic
27292,8,3399970,400000,3400000,cryptographic
27292,9,3400170,400000,3400000,cryptographic
27292,10,3400079,400000,3400000,cryptographic
27292,11,3399929,400000,3400000,cryptographic
27432,0,462043,400000,4600000,cryptographic
27432,1,400000,400000,4600000,cryptographic
27432,2,400262,400000,4600000,cryptographic
27432,3,1145782,400000,4600000,cryptographic
27432,4,709392,400000,4600000,cryptographic
27432,5,400000,400000,4600000,cryptographic
27432,6,400283,400000,4600000,cryptographic
27432,7,400000,400000,4600000,cryptographic
27432,8,3399757,400000,3400000,cryptographic
27432,9,3399895,400000,3400000,cryptographic
27432,10,3400400,400000,3400000,cryptographic
27432,11,3399643,400000,3400000,cryptographic
27570,0,586052,400000,4600000,cryptographic
27570,1,400000,400000,4600000,cryptographic
27570,2,400000,400000,4600000,cryptographic
27570,3,400000,400000,4600000,cryptographic
27570,4,1537918,400000,4600000,cryptographic
27570,5,400000,400000,4600000,cryptographic
27570,6,400222,400000,4600000,cryptographic
27570,7,621272,400000,4600000,cryptographic
27570,8,3400089,400000,3400000,cryptographic
27570,9,3400560,400000,3400000,cryptographic
27570,10,3399448,400000,3400000,cryptographic
27570,11,3400043,400000,3400000,cryptographic
27708,0,3683111,400000,4600000,cryptographic
27708,1,400000,400000,4600000,cryptographic
27708,2,1891975,400000,4600000,cryptographic
27708,3,400000,400000,4600000,cryptographic
27708,4,976186,400000,4600000,cryptographic
27708,5,400000,400000,4600000,cryptographic
27708,6,2861151,400000,4600000,cryptographic
27708,7,961526,400000,4600000,cryptographic
27708,8,3392215,400000,3400000,cryptographic
27708,9,3399896,400000,3400000,cryptographic
27708,10,3399431,400000,3400000,cryptographic
27708,11,3400142,400000,3400000,cryptographic
27846,0,400582,400000,4600000,cryptographic
27846,1,400000,400000,4600000,cryptographic
27846,2,2463961,400000,4600000,cryptographic
27846,3,1514333,400000,4600000,cryptographic
27846,4,927119,400000,4600000,cryptographic
27846,5,3142950,400000,4600000,cryptographic
27846,6,4335378,400000,4600000,cryptographic
27846,7,851365,400000,4600000,cryptographic
27846,8,3388182,400000,3400000,cryptographic
27846,9,3399371,400000,3400000,cryptographic
27846,10,3399129,400000,3400000,cryptographic
27846,11,3413554,400000,3400000,cryptographic
27984,0,400000,400000,4600000,cryptographic
27984,1,959115,400000,4600000,cryptographic
27984,2,400207,400000,4600000,cryptographic
27984,3,400000,400000,4600000,cryptographic
27984,4,400000,400000,4600000,cryptographic
27984,5,400000,400000,4600000,cryptographic
27984,6,400302,400000,4600000,cryptographic
27984,7,1918010,400000,4600000,cryptographic
27984,8,3399825,400000,3400000,cryptographic
27984,9,3400229,400000,3400000,cryptographic
27984,10,3400198,400000,3400000,cryptographic
27984,11,3400044,400000,3400000,cryptographic
28122,0,3152383,400000,4600000,cryptographic
28122,1,400000,400000,4600000,cryptographic
28122,2,3958299,400000,4600000,cryptographic
28122,3,400000,400000,4600000,cryptographic
28122,4,400284,400000,4600000,cryptographic
28122,5,400000,400000,4600000,cryptographic
28122,6,523383,400000,4600000,cryptographic
28122,7,1645171,400000,4600000,cryptographic
28122,8,3415591,400000,3400000,cryptographic
28122,9,3400275,400000,3400000,cryptographic
28122,10,3389600,400000,3400000,cryptographic
28122,11,3400115,400000,3400000,cryptographic
28260,0,400069,400000,4600000,cryptographic
28260,1,400000,400000,4600000,cryptographic
28260,2,440185,400000,4600000,cryptographic
28260,3,1698814,400000,4600000,cryptographic
28260,4,400175,400000,4600000,cryptographic
28260,5,400000,400000,4600000,cryptographic
28260,6,400704,400000,4600000,cryptographic
28260,7,990731,400000,4600000,cryptographic
28260,8,3400232,400000,3400000,cryptographic
28260,9,3399857,400000,3400000,cryptographic
28260,10,3400059,400000,3400000,cryptographic
28260,11,3400019,400000,3400000,cryptographic
28398,0,4600000,400000,4600000,cryptographic
28398,1,400000,400000,4600000,cryptographic
28398,2,400000,400000,4600000,cryptographic
28398,3,1447160,400000,4600000,cryptographic
28398,4,546232,400000,4600000,cryptographic
28398,5,400000,400000,4600000,cryptographic
28398,6,422610,400000,4600000,cryptographic
28398,7,950923,400000,4600000,cryptographic
28398,8,3399357,400000,3400000,cryptographic
28398,9,3399822,400000,3400000,cryptographic
28398,10,3401849,400000,3400000,cryptographic
28398,11,3400540,400000,3400000,cryptographic
28535,0,4402152,400000,4600000,cryptographic
28535,1,1048651,400000,4600000,cryptographic
28535,2,3554076,400000,4600000,cryptographic
28535,3,497238,400000,4600000,cryptographic
28535,4,4404956,400000,4600000,cryptographic
28535,5,400000,400000,4600000,cryptographic
28535,6,463290,400000,4600000,cryptographic
28535,7,2594877,400000,4600000,cryptographic
28535,8,3400068,400000,3400000,cryptographic
28535,9,3400484,400000,3400000,cryptographic
28535,10,3399618,400000,3400000,cryptographic
28535,11,3400342,400000,3400000,cryptographic
28671,0,1472347,400000,4600000,cryptographic
28671,1,400332,400000,4600000,cryptographic
28671,2,4488936,400000,4600000,cryptographic
28671,3,2156063,400000,4600000,cryptographic
28671,4,501380,400000,4600000,cryptographic
28671,5,400000,400000,4600000,cryptographic
28671,6,446774,400000,4600000,cryptographic
28671,7,905528,400000,4600000,cryptographic
28671,8,3399913,400000,3400000,cryptographic
28671,9,3400518,400000,3400000,cryptographic
28671,10,3398960,400000,3400000,cryptographic
28671,11,3400026,400000,3400000,cryptographic
28808,0,1236764,400000,4600000,cryptographic
28808,1,678874,400000,4600000,cryptographic
28808,2,399039,400000,4600000,cryptographic
28808,3,413926,400000,4600000,cryptographic
28808,4,576107,400000,4600000,cryptographic
28808,5,400000,400000,4600000,cryptographic
28808,6,399819,400000,4600000,cryptographic
28808,7,533190,400000,4600000,cryptographic
28808,8,3399996,400000,3400000,cryptographic
28808,9,3400404,400000,3400000,cryptographic
28808,10,3401272,400000,3400000,cryptographic
28808,11,3400731,400000,3400000,cryptographic
28946,0,890851,400000,4600000,cryptographic
28946,1,4600000,400000,4600000,cryptographic
28946,2,811438,400000,4600000,cryptographic
28946,3,400000,400000,4600000,cryptographic
28946,4,1417980,400000,4600000,cryptographic
28946,5,400000,400000,4600000,cryptographic
28946,6,400180,400000,4600000,cryptographic
28946,7,801689,400000,4600000,cryptographic
28946,8,3400128,400000,3400000,cryptographic
28946,9,3399793,400000,3400000,cryptographic
28946,10,3399944,400000,3400000,cryptographic
28946,11,3399835,400000,3400000,cryptographic
29084,0,795751,400000,4600000,cryptographic
29084,1,729291,400000,4600000,cryptographic
29084,2,400086,400000,4600000,cryptographic
29084,3,400423,400000,4600000,cryptographic
29084,4,400287,400000,4600000,cryptographic
29084,5,400000,400000,4600000,cryptographic
29084,6,621226,400000,4600000,cryptographic
29084,7,1233941,400000,4600000,cryptographic
29084,8,3399867,400000,3400000,cryptographic
29084,9,3398177,400000,3400000,cryptographic
29084,10,3400969,400000,3400000,cryptographic
29084,11,3399663,400000,3400000,cryptographic
29222,0,458517,400000,4600000,cryptographic
29222,1,478867,400000,4600000,cryptographic
29222,2,399887,400000,4600000,cryptographic
29222,3,398655,400000,4600000,cryptographic
29222,4,1381048,400000,4600000,cryptographic
29222,5,400000,400000,4600000,cryptographic
29222,6,400299,400000,4600000,cryptographic
29222,7,477210,400000,4600000,cryptographic
29222,8,3399820,400000,3400000,cryptographic
29222,9,3400165,400000,3400000,cryptographic
29222,10,3399323,400000,3400000,cryptographic
29222,11,3399890,400000,3400000,cryptographic
29359,0,408802,400000,4600000,cryptographic
29359,1,400000,400000,4600000,cryptographic
29359,2,445983,400000,4600000,cryptographic
29359,3,400000,400000,4600000,cryptographic
29359,4,400096,400000,4600000,cryptographic
29359,5,400000,400000,4600000,cryptographic
29359,6,1581686,400000,4600000,cryptographic
29359,7,400000,400000,4600000,cryptographic
29359,8,3400192,400000,3400000,cryptographic
29359,9,3399961,400000,3400000,cryptographic
29359,10,3399561,400000,3400000,cryptographic
29359,11,3400298,400000,3400000,cryptographic
29497,0,540309,400000,4600000,cryptographic
29497,1,553857,400000,4600000,cryptographic
29497,2,503266,400000,4600000,cryptographic
29497,3,791315,400000,4600000,cryptographic
29497,4,3181595,400000,4600000,cryptographic
29497,5,400000,400000,4600000,cryptographic
29497,6,400000,400000,4600000,cryptographic
29497,7,400000,400000,4600000,cryptographic
29497,8,3400211,400000,3400000,cryptographic
29497,9,3400807,400000,3400000,cryptographic
29497,10,3401061,400000,3400000,cryptographic
29497,11,3399863,400000,3400000,cryptographic
29635,0,4296346,400000,4600000,cryptographic
29635,1,400000,400000,4600000,cryptographic
29635,2,1058698,400000,4600000,cryptographic
29635,3,400000,400000,4600000,cryptographic
29635,4,400000,400000,4600000,cryptographic
29635,5,400000,400000,4600000,cryptographic
29635,6,4591486,400000,4600000,cryptographic
29635,7,400000,400000,4600000,cryptographic
29635,8,3400551,400000,3400000,cryptographic
29635,9,3400132,400000,3400000,cryptographic
29635,10,3399448,400000,3400000,cryptographic
29635,11,3399739,400000,3400000,cryptographic
29770,0,597674,400000,4600000,cryptographic
29770,1,400000,400000,4600000,cryptographic
29770,2,1154995,400000,4600000,cryptographic
29770,3,400000,400000,4600000,cryptographic
29770,4,854343,400000,4600000,cryptographic
29770,5,400000,400000,4600000,cryptographic
29770,6,3370247,400000,4600000,cryptographic
29770,7,400000,400000,4600000,cryptographic
29770,8,3400160,400000,3400000,cryptographic
29770,9,3400043,400000,3400000,cryptographic
29770,10,3400141,400000,3400000,cryptographic
29770,11,3399935,400000,3400000,cryptographic
29909,0,4446548,400000,4600000,cryptographic
29909,1,400232,400000,4600000,cryptographic
29909,2,3821300,400000,4600000,cryptographic
29909,3,537927,400000,4600000,cryptographic
29909,4,400122,400000,4600000,cryptographic
29909,5,400000,400000,4600000,cryptographic
29909,6,1017013,400000,4600000,cryptographic
29909,7,400000,400000,4600000,cryptographic
29909,8,3400024,400000,3400000,cryptographic
29909,9,3400192,400000,3400000,cryptographic
29909,10,3399966,400000,3400000,cryptographic
29909,11,3400239,400000,3400000,cryptographic
30045,0,1751424,400000,4600000,cryptographic
30045,1,400000,400000,4600000,cryptographic
30045,2,583071,400000,4600000,cryptographic
30045,3,1479930,400000,4600000,cryptographic
30045,4,712938,400000,4600000,cryptographic
30045,5,400000,400000,4600000,cryptographic
30045,6,2882234,400000,4600000,cryptographic
30045,7,400000,400000,4600000,cryptographic
30045,8,3399882,400000,3400000,cryptographic
30045,9,3400935,400000,3400000,cryptographic
30045,10,3400042,400000,3400000,cryptographic
30045,11,3400169,400000,3400000,cryptographic
30182,0,2124310,400000,4600000,cryptographic
30182,1,400000,400000,4600000,cryptographic
30182,2,2309225,400000,4600000,cryptographic
30182,3,400440,400000,4600000,cryptographic
30182,4,3206250,400000,4600000,cryptographic
30182,5,400000,400000,4600000,cryptographic
30182,6,3882412,400000,4600000,cryptographic
30182,7,400000,400000,4600000,cryptographic
30182,8,3400437,400000,3400000,cryptographic
30182,9,3399512,400000,3400000,cryptographic
30182,10,3399949,400000,3400000,cryptographic
30182,11,3400040,400000,3400000,cryptographic
30321,0,1820493,400000,4600000,cryptographic
30321,1,399566,400000,4600000,cryptographic
30321,2,400384,400000,4600000,cryptographic
30321,3,478173,400000,4600000,cryptographic
30321,4,490158,400000,4600000,cryptographic
30321,5,400000,400000,4600000,cryptographic
30321,6,491729,400000,4600000,cryptographic
30321,7,400000,400000,4600000,cryptographic
30321,8,3400454,400000,3400000,cryptographic
30321,9,3399237,400000,3400000,cryptographic
30321,10,3399855,400000,3400000,cryptographic
30321,11,3400061,400000,3400000,cryptographic
30459,0,400803,400000,4600000,cryptographic
30459,1,400000,400000,4600000,cryptographic
30459,2,400329,400000,4600000,cryptographic
30459,3,2398549,400000,4600000,cryptographic
30459,4,2029235,400000,4600000,cryptographic
30459,5,400000,400000,4600000,cryptographic
30459,6,400000,400000,4600000,cryptographic
30459,7,400000,400000,4600000,cryptographic
30459,8,3399981,400000,3400000,cryptographic
30459,9,3399904,400000,3400000,cryptographic
30459,10,3399646,400000,3400000,cryptographic
30459,11,3399839,400000,3400000,cryptographic
30596,0,760634,400000,4600000,cryptographic
30596,1,400000,400000,4600000,cryptographic
30596,2,1531043,400000,4600000,cryptographic
30596,3,1531330,400000,4600000,cryptographic
30596,4,400000,400000,4600000,cryptographic
30596,5,400000,400000,4600000,cryptographic
30596,6,590306,400000,4600000,cryptographic
30596,7,400000,400000,4600000,cryptographic
30596,8,3399979,400000,3400000,cryptographic
30596,9,3400211,400000,3400000,cryptographic
30596,10,3399884,400000,3400000,cryptographic
30596,11,3401200,400000,3400000,cryptographic
30733,0,971530,400000,4600000,cryptographic
30733,1,400000,400000,4600000,cryptographic
30733,2,400261,400000,4600000,cryptographic
30733,3,860744,400000,4600000,cryptographic
30733,4,634429,400000,4600000,cryptographic
30733,5,400000,400000,4600000,cryptographic
30733,6,622793,400000,4600000,cryptographic
30733,7,400000,400000,4600000,cryptographic
30733,8,3399970,400000,3400000,cryptographic
30733,9,3402205,400000,3400000,cryptographic
30733,10,3399898,400000,3400000,cryptographic
30733,11,3400298,400000,3400000,cryptographic
30871,0,3709300,400000,4600000,cryptographic
30871,1,663719,400000,4600000,cryptographic
30871,2,2757868,400000,4600000,cryptographic
30871,3,400426,400000,4600000,cryptographic
30871,4,548716,400000,4600000,cryptographic
30871,5,400000,400000,4600000,cryptographic
30871,6,2723934,400000,4600000,cryptographic
30871,7,400000,400000,4600000,cryptographic
30871,8,3400017,400000,3400000,cryptographic
30871,9,3399613,400000,3400000,cryptographic
30871,10,3400527,400000,3400000,cryptographic
30871,11,3399774,400000,3400000,cryptographic
31010,0,613661,400000,4600000,cryptographic
31010,1,1832590,400000,4600000,cryptographic
31010,2,436508,400000,4600000,cryptographic
31010,3,400000,400000,4600000,cryptographic
31010,4,443034,400000,4600000,cryptographic
31010,5,2155805,400000,4600000,cryptographic
31010,6,2906864,400000,4600000,cryptographic
31010,7,400000,400000,4600000,cryptographic
31010,8,3400378,400000,3400000,cryptographic
31010,9,3400092,400000,3400000,cryptographic
31010,10,3400218,400000,3400000,cryptographic
31010,11,3400332,400000,3400000,cryptographic
31148,0,1320007,400000,4600000,cryptographic
31148,1,400000,400000,4600000,cryptographic
31148,2,558574,400000,4600000,cryptographic
31148,3,981716,400000,4600000,cryptographic
31148,4,3137785,400000,4600000,cryptographic
31148,5,400000,400000,4600000,cryptographic
31148,6,917901,400000,4600000,cryptographic
31148,7,400000,400000,4600000,cryptographic
31148,8,3400203,400000,3400000,cryptographic
31148,9,3399494,400000,3400000,cryptographic
31148,10,3399916,400000,3400000,cryptographic
31148,11,3399563,400000,3400000,cryptographic
31286,0,786962,400000,4600000,cryptographic
31286,1,399262,400000,4600000,cryptographic
31286,2,537914,400000,4600000,cryptographic
31286,3,400000,400000,4600000,cryptographic
31286,4,571334,400000,4600000,cryptographic
31286,5,400000,400000,4600000,cryptographic
31286,6,3871792,400000,4600000,cryptographic
31286,7,400000,400000,4600000,cryptographic
31286,8,3373138,400000,3400000,cryptographic
31286,9,3400299,400000,3400000,cryptographic
31286,10,3399720,400000,3400000,cryptographic
31286,11,3400019,400000,3400000,cryptographic
31423,0,936333,400000,4600000,cryptographic
31423,1,400467,400000,4600000,cryptographic
31423,2,1635164,400000,4600000,cryptographic
31423,3,2979433,400000,4600000,cryptographic
31423,4,4076720,400000,4600000,cryptographic
31423,5,2475882,400000,4600000,cryptographic
31423,6,1041719,400000,4600000,cryptographic
31423,7,400000,400000,4600000,cryptographic
31423,8,3399502,400000,3400000,cryptographic
31423,9,3399808,400000,3400000,cryptographic
31423,10,3399875,400000,3400000,cryptographic
31423,11,3400000,400000,3400000,cryptographic
31562,0,4405366,400000,4600000,cryptographic
31562,1,1747557,400000,4600000,cryptographic
31562,2,398956,400000,4600000,cryptographic
31562,3,400000,400000,4600000,cryptographic
31562,4,3624607,400000,4600000,cryptographic
31562,5,400000,400000,4600000,cryptographic
31562,6,4109840,400000,4600000,cryptographic
31562,7,400000,400000,4600000,cryptographic
31562,8,3399804,400000,3400000,cryptographic
31562,9,3400408,400000,3400000,cryptographic
31562,10,3399955,400000,3400000,cryptographic
31562,11,3400099,400000,3400000,cryptographic
31698,0,494585,400000,4600000,cryptographic
31698,1,400000,400000,4600000,cryptographic
31698,2,3455554,400000,4600000,cryptographic
31698,3,927158,400000,4600000,cryptographic
31698,4,400181,400000,4600000,cryptographic
31698,5,400000,400000,4600000,cryptographic
31698,6,474457,400000,4600000,cryptographic
31698,7,400000,400000,4600000,cryptographic
31698,8,3406090,400000,3400000,cryptographic
31698,9,3400175,400000,3400000,cryptographic
31698,10,3399729,400000,3400000,cryptographic
31698,11,3400141,400000,3400000,cryptographic
31836,0,399526,400000,4600000,cryptographic
31836,1,857859,400000,4600000,cryptographic
31836,2,400381,400000,4600000,cryptographic
31836,3,400000,400000,4600000,cryptographic
31836,4,400194,400000,4600000,cryptographic
31836,5,400000,400000,4600000,cryptographic
31836,6,400260,400000,4600000,cryptographic
31836,7,400000,400000,4600000,cryptographic
31836,8,3400071,400000,3400000,cryptographic
31836,9,3399346,400000,3400000,cryptographic
31836,10,3399382,400000,3400000,cryptographic
31836,11,3400255,400000,3400000,cryptographic
31974,0,774543,400000,4600000,cryptographic
31974,1,400000,400000,4600000,cryptographic
31974,2,401797,400000,4600000,cryptographic
31974,3,498081,400000,4600000,cryptographic
31974,4,400194,400000,4600000,cryptographic
31974,5,400000,400000,4600000,cryptographic
31974,6,3234041,400000,4600000,cryptographic
31974,7,400000,400000,4600000,cryptographic
31974,8,3399883,400000,3400000,cryptographic
31974,9,3397307,400000,3400000,cryptographic
31974,10,3400152,400000,3400000,cryptographic
31974,11,3399925,400000,3400000,cryptographic
32111,0,769045,400000,4600000,cryptographic
32111,1,400000,400000,4600000,cryptographic
32111,2,400194,400000,4600000,cryptographic
32111,3,400403,400000,4600000,cryptographic
32111,4,396160,400000,4600000,cryptographic
32111,5,400000,400000,4600000,cryptographic
32111,6,3241398,400000,4600000,cryptographic
32111,7,492074,400000,4600000,cryptographic
32111,8,3400026,400000,3400000,cryptographic
32111,9,3427250,400000,3400000,cryptographic
32111,10,3400167,400000,3400000,cryptographic
32111,11,3400649,400000,3400000,cryptographic
32249,0,1004863,400000,4600000,cryptographic
32249,1,4096890,400000,4600000,cryptographic
32249,2,3869282,400000,4600000,cryptographic
32249,3,400000,400000,4600000,cryptographic
32249,4,656905,400000,4600000,cryptographic
32249,5,4500000,400000,4600000,cryptographic
32249,6,4500000,400000,4600000,cryptographic
32249,7,4499954,400000,4600000,cryptographic
32249,8,3400002,400000,3400000,cryptographic
32249,9,3393215,400000,3400000,cryptographic
32249,10,400283,400000,3400000,cryptographic
32249,11,3399974,400000,3400000,cryptographic
32406,0,1872469,400000,4600000,cryptographic
32406,1,400000,400000,4600000,cryptographic
32406,2,918139,400000,4600000,cryptographic
32406,3,899723,400000,4600000,cryptographic
32406,4,3911775,400000,4600000,cryptographic
32406,5,400000,400000,4600000,cryptographic
32406,6,1089859,400000,4600000,cryptographic
32406,7,400000,400000,4600000,cryptographic
32406,8,3400104,400000,3400000,cryptographic
32406,9,3399553,400000,3400000,cryptographic
32406,10,3400467,400000,3400000,cryptographic
32406,11,3400923,400000,3400000,cryptographic
32544,0,541563,400000,4600000,cryptographic
32544,1,2668390,400000,4600000,cryptographic
32544,2,400000,400000,4600000,cryptographic
32544,3,400000,400000,4600000,cryptographic
32544,4,399644,400000,4600000,cryptographic
32544,5,400000,400000,4600000,cryptographic
32544,6,4453212,400000,4600000,cryptographic
32544,7,400000,400000,4600000,cryptographic
32544,8,3399829,400000,3400000,cryptographic
32544,9,3400156,400000,3400000,cryptographic
32544,10,3400801,400000,3400000,cryptographic
32544,11,3399609,400000,3400000,cryptographic
32680,0,1294432,400000,4600000,cryptographic
32680,1,570111,400000,4600000,cryptographic
32680,2,1947037,400000,4600000,cryptographic
32680,3,400000,400000,4600000,cryptographic
32680,4,3182741,400000,4600000,cryptographic
32680,5,400000,400000,4600000,cryptographic
32680,6,400386,400000,4600000,cryptographic
32680,7,400000,400000,4600000,cryptographic
32680,8,3399904,400000,3400000,cryptographic
32680,9,3400199,400000,3400000,cryptographic
32680,10,3400051,400000,3400000,cryptographic
32680,11,3399098,400000,3400000,cryptographic
32818,0,817394,400000,4600000,cryptographic
32818,1,1684379,400000,4600000,cryptographic
32818,2,877836,400000,4600000,cryptographic
32818,3,400264,400000,4600000,cryptographic
32818,4,1116579,400000,4600000,cryptographic
32818,5,400000,400000,4600000,cryptographic
32818,6,879230,400000,4600000,cryptographic
32818,7,400000,400000,4600000,cryptographic
32818,8,3399940,400000,3400000,cryptographic
32818,9,3399782,400000,3400000,cryptographic
32818,10,3399956,400000,3400000,cryptographic
32818,11,3399601,400000,3400000,cryptographic
32956,0,1177642,400000,4600000,cryptographic
32956,1,400000,400000,4600000,cryptographic
32956,2,4375663,400000,4600000,cryptographic
32956,3,400000,400000,4600000,cryptographic
32956,4,1202035,400000,4600000,cryptographic
32956,5,400000,400000,4600000,cryptographic
32956,6,400167,400000,4600000,cryptographic
32956,7,400000,400000,4600000,cryptographic
32956,8,3400096,400000,3400000,cryptographic
32956,9,3399747,400000,3400000,cryptographic
32956,10,3399860,400000,3400000,cryptographic
32956,11,3400249,400000,3400000,cryptographic
33093,0,2947564,400000,4600000,cryptographic
33093,1,400422,400000,4600000,cryptographic
33093,2,400176,400000,4600000,cryptographic
33093,3,400000,400000,4600000,cryptographic
33093,4,1335822,400000,4600000,cryptographic
33093,5,400000,400000,4600000,cryptographic
33093,6,4307723,400000,4600000,cryptographic
33093,7,400000,400000,4600000,cryptographic
33093,8,3399632,400000,3400000,cryptographic
33093,9,3399691,400000,3400000,cryptographic
33093,10,3399870,400000,3400000,cryptographic
33093,11,3399824,400000,3400000,cryptographic
33232,0,4525120,400000,4600000,cryptographic
33232,1,2028197,400000,4600000,cryptographic
33232,2,1399656,400000,4600000,cryptographic
33232,3,400257,400000,4600000,cryptographic
33232,4,873748,400000,4600000,cryptographic
33232,5,400000,400000,4600000,cryptographic
33232,6,2629789,400000,4600000,cryptographic
33232,7,555707,400000,4600000,cryptographic
33232,8,3399997,400000,3400000,cryptographic
33232,9,3399996,400000,3400000,cryptographic
33232,10,3399746,400000,3400000,cryptographic
33232,11,3394140,400000,3400000,cryptographic
33367,0,1825323,400000,4600000,cryptographic
33367,1,400000,400000,4600000,cryptographic
33367,2,400000,400000,4600000,cryptographic
33367,3,400000,400000,4600000,cryptographic
33367,4,665744,400000,4600000,cryptographic
33367,5,2505138,400000,4600000,cryptographic
33367,6,400000,400000,4600000,cryptographic
33367,7,400000,400000,4600000,cryptographic
33367,8,3399778,400000,3400000,cryptographic
33367,9,3399912,400000,3400000,cryptographic
33367,10,3400204,400000,3400000,cryptographic
33367,11,3261694,400000,3400000,cryptographic
33505,0,1839923,400000,4600000,cryptographic
33505,1,490976,400000,4600000,cryptographic
33505,2,400192,400000,4600000,cryptographic
33505,3,400000,400000,4600000,cryptographic
33505,4,4548728,400000,4600000,cryptographic
33505,5,400000,400000,4600000,cryptographic
33505,6,700810,400000,4600000,cryptographic
33505,7,400000,400000,4600000,cryptographic
33505,8,3398549,400000,3400000,cryptographic
33505,9,3400112,400000,3400000,cryptographic
33505,10,3400025,400000,3400000,cryptographic
33505,11,3400828,400000,3400000,cryptographic
33642,0,609291,400000,4600000,cryptographic
33642,1,400000,400000,4600000,cryptographic
33642,2,3481118,400000,4600000,cryptographic
33642,3,608335,400000,4600000,cryptographic
33642,4,4406485,400000,4600000,cryptographic
33642,5,400000,400000,4600000,cryptographic
33642,6,840100,400000,4600000,cryptographic
33642,7,400000,400000,4600000,cryptographic
33642,8,3400967,400000,3400000,cryptographic
33642,9,3390489,400000,3400000,cryptographic
33642,10,3399870,400000,3400000,cryptographic
33642,11,3399755,400000,3400000,cryptographic
33781,0,1215110,400000,4600000,cryptographic
33781,1,1892900,400000,4600000,cryptographic
33781,2,439391,400000,4600000,cryptographic
33781,3,3347225,400000,4600000,cryptographic
33781,4,400175,400000,4600000,cryptographic
33781,5,400000,400000,4600000,cryptographic
33781,6,400225,400000,4600000,cryptographic
33781,7,400000,400000,4600000,cryptographic
33781,8,3399670,400000,3400000,cryptographic
33781,9,3400203,400000,3400000,cryptographic
33781,10,3399944,400000,3400000,cryptographic
33781,11,3400104,400000,3400000,cryptographic
33926,0,1603465,400000,4600000,cryptographic
33926,1,400000,400000,4600000,cryptographic
33926,2,400131,400000,4600000,cryptographic
33926,3,400000,400000,4600000,cryptographic
33926,4,399654,400000,4600000,cryptographic
33926,5,400000,400000,4600000,cryptographic
33926,6,4035729,400000,4600000,cryptographic
33926,7,400000,400000,4600000,cryptographic
33926,8,3400128,400000,3400000,cryptographic
33926,9,3408563,400000,3400000,cryptographic
33926,10,3400378,400000,3400000,cryptographic
33926,11,3400269,400000,3400000,cryptographic
34063,0,610336,400000,4600000,cryptographic
34063,1,400000,400000,4600000,cryptographic
34063,2,399328,400000,4600000,cryptographic
34063,3,400325,400000,4600000,cryptographic
34063,4,400000,400000,4600000,cryptographic
34063,5,400000,400000,4600000,cryptographic
34063,6,3536634,400000,4600000,cryptographic
34063,7,400000,400000,4600000,cryptographic
34063,8,3399793,400000,3400000,cryptographic
34063,9,3398611,400000,3400000,cryptographic
34063,10,3399749,400000,3400000,cryptographic
34063,11,3386968,400000,3400000,cryptographic
34200,0,1155964,400000,4600000,cryptographic
34200,1,455086,400000,4600000,cryptographic
34200,2,3735676,400000,4600000,cryptographic
34200,3,600825,400000,4600000,cryptographic
34200,4,1655427,400000,4600000,cryptographic
34200,5,400000,400000,4600000,cryptographic
34200,6,4292139,400000,4600000,cryptographic
34200,7,400000,400000,4600000,cryptographic
34200,8,3400076,400000,3400000,cryptographic
34200,9,3398449,400000,3400000,cryptographic
34200,10,3400164,400000,3400000,cryptographic
34200,11,3402100,400000,3400000,cryptographic
34337,0,971661,400000,4600000,cryptographic
34337,1,829964,400000,4600000,cryptographic
34337,2,400000,400000,4600000,cryptographic
34337,3,400000,400000,4600000,cryptographic
34337,4,400990,400000,4600000,cryptographic
34337,5,400000,400000,4600000,cryptographic
34337,6,723023,400000,4600000,cryptographic
34337,7,400000,400000,4600000,cryptographic
34337,8,3399871,400000,3400000,cryptographic
34337,9,3399926,400000,3400000,cryptographic
34337,10,3400271,400000,3400000,cryptographic
34337,11,3399855,400000,3400000,cryptographic
34475,0,400000,400000,4600000,cryptographic
34475,1,400000,400000,4600000,cryptographic
34475,2,400082,400000,4600000,cryptographic
34475,3,400000,400000,4600000,cryptographic
34475,4,729674,400000,4600000,cryptographic
34475,5,400000,400000,4600000,cryptographic
34475,6,400355,400000,4600000,cryptographic
34475,7,400000,400000,4600000,cryptographic
34475,8,3399698,400000,3400000,cryptographic
34475,9,3399988,400000,3400000,cryptographic
34475,10,3400047,400000,3400000,cryptographic
34475,11,3399919,400000,3400000,cryptographic
34610,0,737996,400000,4600000,cryptographic
34610,1,400000,400000,4600000,cryptographic
34610,2,844299,400000,4600000,cryptographic
34610,3,2830028,400000,4600000,cryptographic
34610,4,1868514,400000,4600000,cryptographic
34610,5,400000,400000,4600000,cryptographic
34610,6,1219529,400000,4600000,cryptographic
34610,7,400000,400000,4600000,cryptographic
34610,8,3400186,400000,3400000,cryptographic
34610,9,3362500,400000,3400000,cryptographic
34610,10,3397452,400000,3400000,cryptographic
34610,11,3400079,400000,3400000,cryptographic
34748,0,1828302,400000,4600000,cryptographic
34748,1,400000,400000,4600000,cryptographic
34748,2,400230,400000,4600000,cryptographic
34748,3,400000,400000,4600000,cryptographic
34748,4,400095,400000,4600000,cryptographic
34748,5,400000,400000,4600000,cryptographic
34748,6,617689,400000,4600000,cryptographic
34748,7,400000,400000,4600000,cryptographic
34748,8,3399894,400000,3400000,cryptographic
34748,9,3399353,400000,3400000,cryptographic
34748,10,3399990,400000,3400000,cryptographic
34748,11,3399940,400000,3400000,cryptographic
34884,0,4376804,400000,4600000,cryptographic
34884,1,2757811,400000,4600000,cryptographic
34884,2,400240,400000,4600000,cryptographic
34884,3,400459,400000,4600000,cryptographic
34884,4,3713455,400000,4600000,cryptographic
34884,5,400000,400000,4600000,cryptographic
34884,6,3697862,400000,4600000,cryptographic
34884,7,400000,400000,4600000,cryptographic
34884,8,3399876,400000,3400000,cryptographic
34884,9,3399943,400000,3400000,cryptographic
34884,10,3399955,400000,3400000,cryptographic
34884,11,3409615,400000,3400000,cryptographic
35021,0,533717,400000,4600000,cryptographic
35021,1,400000,400000,4600000,cryptographic
35021,2,1613428,400000,4600000,cryptographic
35021,3,1411186,400000,4600000,cryptographic
35021,4,852914,400000,4600000,cryptographic
35021,5,400000,400000,4600000,cryptographic
35021,6,3653721,400000,4600000,cryptographic
35021,7,400000,400000,4600000,cryptographic
35021,8,3400106,400000,3400000,cryptographic
35021,9,3399931,400000,3400000,cryptographic
35021,10,3400033,400000,3400000,cryptographic
35021,11,3399891,400000,3400000,cryptographic
35159,0,442992,400000,4600000,cryptographic
35159,1,400000,400000,4600000,cryptographic
35159,2,745847,400000,4600000,cryptographic
35159,3,400000,400000,4600000,cryptographic
35159,4,400193,400000,4600000,cryptographic
35159,5,400000,400000,4600000,cryptographic
35159,6,1538281,400000,4600000,cryptographic
35159,7,400000,400000,4600000,cryptographic
35159,8,3399952,400000,3400000,cryptographic
35159,9,3399791,400000,3400000,cryptographic
35159,10,3400151,400000,3400000,cryptographic
35159,11,3400200,400000,3400000,cryptographic
35297,0,2300639,400000,4600000,cryptographic
35297,1,785361,400000,4600000,cryptographic
35297,2,1525103,400000,4600000,cryptographic
35297,3,1450993,400000,4600000,cryptographic
35297,4,511872,400000,4600000,cryptographic
35297,5,400000,400000,4600000,cryptographic
35297,6,4029415,400000,4600000,cryptographic
35297,7,400000,400000,4600000,cryptographic
35297,8,3399648,400000,3400000,cryptographic
35297,9,3400124,400000,3400000,cryptographic
35297,10,3400444,400000,3400000,cryptographic
35297,11,3399550,400000,3400000,cryptographic
35434,0,977834,400000,4600000,cryptographic
35434,1,400000,400000,4600000,cryptographic
35434,2,400212,400000,4600000,cryptographic
35434,3,2667147,400000,4600000,cryptographic
35434,4,399696,400000,4600000,cryptographic
35434,5,400000,400000,4600000,cryptographic
35434,6,464169,400000,4600000,cryptographic
35434,7,400000,400000,4600000,cryptographic
35434,8,3400537,400000,3400000,cryptographic
35434,9,3400098,400000,3400000,cryptographic
35434,10,3399344,400000,3400000,cryptographic
35434,11,3399851,400000,3400000,cryptographic
35571,0,430573,400000,4600000,cryptographic
35571,1,400000,400000,4600000,cryptographic
35571,2,488407,400000,4600000,cryptographic
35571,3,447447,400000,4600000,cryptographic
35571,4,400687,400000,4600000,cryptographic
35571,5,400000,400000,4600000,cryptographic
35571,6,4389947,400000,4600000,cryptographic
35571,7,400000,400000,4600000,cryptographic
35571,8,3300515,400000,3400000,cryptographic
35571,9,3300547,400000,3400000,cryptographic
35571,10,3301442,400000,3400000,cryptographic
35571,11,3300076,400000,3400000,cryptographic
35707,0,400094,400000,4600000,cryptographic
35707,1,1388198,400000,4600000,cryptographic
35707,2,1630295,400000,4600000,cryptographic
35707,3,400000,400000,4600000,cryptographic
35707,4,399668,400000,4600000,cryptographic
35707,5,400000,400000,4600000,cryptographic
35707,6,400094,400000,4600000,cryptographic
35707,7,400000,400000,4600000,cryptographic
35707,8,3399773,400000,3400000,cryptographic
35707,9,3399896,400000,3400000,cryptographic
35707,10,3378100,400000,3400000,cryptographic
35707,11,3300280,400000,3400000,cryptographic
35843,0,3424278,400000,4600000,cryptographic
35843,1,398114,400000,4600000,cryptographic
35843,2,2604305,400000,4600000,cryptographic
35843,3,3694412,400000,4600000,cryptographic
35843,4,400000,400000,4600000,cryptographic
35843,5,400000,400000,4600000,cryptographic
35843,6,3123837,400000,4600000,cryptographic
35843,7,400000,400000,4600000,cryptographic
35843,8,3398964,400000,3400000,cryptographic
35843,9,3400073,400000,3400000,cryptographic
35843,10,3399986,400000,3400000,cryptographic
35843,11,3400066,400000,3400000,cryptographic
35981,0,1704133,400000,4600000,cryptographic
35981,1,400000,400000,4600000,cryptographic
35981,2,1224288,400000,4600000,cryptographic
35981,3,400000,400000,4600000,cryptographic
35981,4,3116165,400000,4600000,cryptographic
35981,5,400000,400000,4600000,cryptographic
35981,6,400179,400000,4600000,cryptographic
35981,7,400000,400000,4600000,cryptographic
35981,8,3400157,400000,3400000,cryptographic
35981,9,3400042,400000,3400000,cryptographic
35981,10,3399911,400000,3400000,cryptographic
35981,11,3397926,400000,3400000,cryptographic
36120,0,676185,400000,4600000,cryptographic
36120,1,400000,400000,4600000,cryptographic
36120,2,580404,400000,4600000,cryptographic
36120,3,400434,400000,4600000,cryptographic
36120,4,516902,400000,4600000,cryptographic
36120,5,400000,400000,4600000,cryptographic
36120,6,2270616,400000,4600000,cryptographic
36120,7,400000,400000,4600000,cryptographic
36120,8,3400716,400000,3400000,cryptographic
36120,9,3400050,400000,3400000,cryptographic
36120,10,3399941,400000,3400000,cryptographic
36120,11,3400688,400000,3400000,cryptographic
36257,0,400180,400000,4600000,cryptographic
36257,1,400000,400000,4600000,cryptographic
36257,2,1086985,400000,4600000,cryptographic
36257,3,651399,400000,4600000,cryptographic
36257,4,3455085,400000,4600000,cryptographic
36257,5,400000,400000,4600000,cryptographic
36257,6,765016,400000,4600000,cryptographic
36257,7,400000,400000,4600000,cryptographic
36257,8,3399921,400000,3400000,cryptographic
36257,9,3400012,400000,3400000,cryptographic
36257,10,3400059,400000,3400000,cryptographic
36257,11,3156635,400000,3400000,cryptographic
36395,0,4591828,400000,4600000,cryptographic
36395,1,446899,400000,4600000,cryptographic
36395,2,3324108,400000,4600000,cryptographic
36395,3,400000,400000,4600000,cryptographic
36395,4,400309,400000,4600000,cryptographic
36395,5,400000,400000,4600000,cryptographic
36395,6,1035195,400000,4600000,cryptographic
36395,7,400000,400000,4600000,cryptographic
36395,8,3399934,400000,3400000,cryptographic
36395,9,3399795,400000,3400000,cryptographic
36395,10,3399921,400000,3400000,cryptographic
36395,11,3431565,400000,3400000,cryptographic
36532,0,448072,400000,4600000,cryptographic
36532,1,1341150,400000,4600000,cryptographic
36532,2,503836,400000,4600000,cryptographic
36532,3,400000,400000,4600000,cryptographic
36532,4,783620,400000,4600000,cryptographic
36532,5,400000,400000,4600000,cryptographic
36532,6,4045261,400000,4600000,cryptographic
36532,7,400000,400000,4600000,cryptographic
36532,8,3400196,400000,3400000,cryptographic
36532,9,3399892,400000,3400000,cryptographic
36532,10,3399467,400000,3400000,cryptographic
36532,11,3400023,400000,3400000,cryptographic
36670,0,412936,400000,4600000,cryptographic
36670,1,972187,400000,4600000,cryptographic
36670,2,1498535,400000,4600000,cryptographic
36670,3,1827301,400000,4600000,cryptographic
36670,4,685773,400000,4600000,cryptographic
36670,5,400000,400000,4600000,cryptographic
36670,6,770328,400000,4600000,cryptographic
36670,7,400000,400000,4600000,cryptographic
36670,8,3400312,400000,3400000,cryptographic
36670,9,3400837,400000,3400000,cryptographic
36670,10,3399921,400000,3400000,cryptographic
36670,11,3399671,400000,3400000,cryptographic
36807,0,1736289,400000,4600000,cryptographic
36807,1,400000,400000,4600000,cryptographic
36807,2,2692148,400000,4600000,cryptographic
36807,3,400000,400000,4600000,cryptographic
36807,4,1029213,400000,4600000,cryptographic
36807,5,400000,400000,4600000,cryptographic
36807,6,540676,400000,4600000,cryptographic
36807,7,400000,400000,4600000,cryptographic
36807,8,3400227,400000,3400000,cryptographic
36807,9,3400289,400000,3400000,cryptographic
36807,10,3400372,400000,3400000,cryptographic
36807,11,3400062,400000,3400000,cryptographic
36945,0,400418,400000,4600000,cryptographic
36945,1,1078285,400000,4600000,cryptographic
36945,2,400355,400000,4600000,cryptographic
36945,3,400000,400000,4600000,cryptographic
36945,4,400209,400000,4600000,cryptographic
36945,5,400000,400000,4600000,cryptographic
36945,6,1036635,400000,4600000,cryptographic
36945,7,400000,400000,4600000,cryptographic
36945,8,3400953,400000,3400000,cryptographic
36945,9,3400913,400000,3400000,cryptographic
36945,10,3400142,400000,3400000,cryptographic
36945,11,3384791,400000,3400000,cryptographic
37083,0,400187,400000,4600000,cryptographic
37083,1,400000,400000,4600000,cryptographic
37083,2,400272,400000,4600000,cryptographic
37083,3,400709,400000,4600000,cryptographic
37083,4,400191,400000,4600000,cryptographic
37083,5,400000,400000,4600000,cryptographic
37083,6,541917,400000,4600000,cryptographic
37083,7,400000,400000,4600000,cryptographic
37083,8,3394864,400000,3400000,cryptographic
37083,9,3399918,400000,3400000,cryptographic
37083,10,3399447,400000,3400000,cryptographic
37083,11,3399808,400000,3400000,cryptographic
37221,0,3786729,400000,4600000,cryptographic
37221,1,400000,400000,4600000,cryptographic
37221,2,1220196,400000,4600000,cryptographic
37221,3,400000,400000,4600000,cryptographic
37221,4,400291,400000,4600000,cryptographic
37221,5,400000,400000,4600000,cryptographic
37221,6,810549,400000,4600000,cryptographic
37221,7,400000,400000,4600000,cryptographic
37221,8,3401307,400000,3400000,cryptographic
37221,9,3400057,400000,3400000,cryptographic
37221,10,3400002,400000,3400000,cryptographic
37221,11,3399788,400000,3400000,cryptographic
37359,0,2217014,400000,4600000,cryptographic
37359,1,400000,400000,4600000,cryptographic
37359,2,3994414,400000,4600000,cryptographic
37359,3,400000,400000,4600000,cryptographic
37359,4,3965387,400000,4600000,cryptographic
37359,5,400000,400000,4600000,cryptographic
37359,6,2972512,400000,4600000,cryptographic
37359,7,400000,400000,4600000,cryptographic
37359,8,3399703,400000,3400000,cryptographic
37359,9,3399219,400000,3400000,cryptographic
37359,10,3398647,400000,3400000,cryptographic
37359,11,3300040,400000,3400000,cryptographic
37498,0,991024,400000,4600000,cryptographic
37498,1,464684,400000,4600000,cryptographic
37498,2,3092284,400000,4600000,cryptographic
37498,3,400000,400000,4600000,cryptographic
37498,4,497097,400000,4600000,cryptographic
37498,5,400000,400000,4600000,cryptographic
37498,6,2591450,400000,4600000,cryptographic
37498,7,400000,400000,4600000,cryptographic
37498,8,3400620,400000,3400000,cryptographic
37498,9,2651463,400000,3400000,cryptographic
37498,10,3400134,400000,3400000,cryptographic
37498,11,3400446,400000,3400000,cryptographic
37636,0,400180,400000,4600000,cryptographic
37636,1,400000,400000,4600000,cryptographic
37636,2,4285972,400000,4600000,cryptographic
37636,3,400000,400000,4600000,cryptographic
37636,4,456867,400000,4600000,cryptographic
37636,5,400000,400000,4600000,cryptographic
37636,6,4420309,400000,4600000,cryptographic
37636,7,400000,400000,4600000,cryptographic
37636,8,3425287,400000,3400000,cryptographic
37636,9,3399502,400000,3400000,cryptographic
37636,10,3399858,400000,3400000,cryptographic
37636,11,3399959,400000,3400000,cryptographic
37775,0,2936168,400000,4600000,cryptographic
37775,1,400000,400000,4600000,cryptographic
37775,2,3995525,400000,4600000,cryptographic
37775,3,400000,400000,4600000,cryptographic
37775,4,876293,400000,4600000,cryptographic
37775,5,400000,400000,4600000,cryptographic
37775,6,3743415,400000,4600000,cryptographic
37775,7,400000,400000,4600000,cryptographic
37775,8,3400254,400000,3400000,cryptographic
37775,9,3398970,400000,3400000,cryptographic
37775,10,3399966,400000,3400000,cryptographic
37775,11,3400050,400000,3400000,cryptographic
37914,0,399824,400000,4600000,cryptographic
37914,1,4600000,400000,4600000,cryptographic
37914,2,2772378,400000,4600000,cryptographic
37914,3,400000,400000,4600000,cryptographic
37914,4,400289,400000,4600000,cryptographic
37914,5,400000,400000,4600000,cryptographic
37914,6,764173,400000,4600000,cryptographic
37914,7,400000,400000,4600000,cryptographic
37914,8,3399849,400000,3400000,cryptographic
37914,9,3400555,400000,3400000,cryptographic
37914,10,3399701,400000,3400000,cryptographic
37914,11,3400080,400000,3400000,cryptographic
38050,0,861228,400000,4600000,cryptographic
38050,1,647411,400000,4600000,cryptographic
38050,2,2857855,400000,4600000,cryptographic
38050,3,400000,400000,4600000,cryptographic
38050,4,2976303,400000,4600000,cryptographic
38050,5,400000,400000,4600000,cryptographic
38050,6,981524,400000,4600000,cryptographic
38050,7,400000,400000,4600000,cryptographic
38050,8,3400237,400000,3400000,cryptographic
38050,9,3399432,400000,3400000,cryptographic
38050,10,3399725,400000,3400000,cryptographic
38050,11,3400254,400000,3400000,cryptographic
38188,0,3561640,400000,4600000,cryptographic
38188,1,400252,400000,4600000,cryptographic
38188,2,1395981,400000,4600000,cryptographic
38188,3,400000,400000,4600000,cryptographic
38188,4,400198,400000,4600000,cryptographic
38188,5,400000,400000,4600000,cryptographic
38188,6,400243,400000,4600000,cryptographic
38188,7,840829,400000,4600000,cryptographic
38188,8,3400188,400000,3400000,cryptographic
38188,9,3393945,400000,3400000,cryptographic
38188,10,3399882,400000,3400000,cryptographic
38188,11,3400895,400000,3400000,cryptographic
38327,0,4431554,400000,4600000,cryptographic
38327,1,400000,400000,4600000,cryptographic
38327,2,400000,400000,4600000,cryptographic
38327,3,394956,400000,4600000,cryptographic
38327,4,808033,400000,4600000,cryptographic
38327,5,881634,400000,4600000,cryptographic
38327,6,1119763,400000,4600000,cryptographic
38327,7,2554524,400000,4600000,cryptographic
38327,8,3399785,400000,3400000,cryptographic
38327,9,3399905,400000,3400000,cryptographic
38327,10,3399979,400000,3400000,cryptographic
38327,11,3399982,400000,3400000,cryptographic
38464,0,434024,400000,4600000,cryptographic
38464,1,400000,400000,4600000,cryptographic
38464,2,4584855,400000,4600000,cryptographic
38464,3,400000,400000,4600000,cryptographic
38464,4,4556423,400000,4600000,cryptographic
38464,5,400000,400000,4600000,cryptographic
38464,6,3276066,400000,4600000,cryptographic
38464,7,595167,400000,4600000,cryptographic
38464,8,3400038,400000,3400000,cryptographic
38464,9,3400023,400000,3400000,cryptographic
38464,10,3399921,400000,3400000,cryptographic
38464,11,3399688,400000,3400000,cryptographic
38599,0,1339459,400000,4600000,cryptographic
38599,1,399545,400000,4600000,cryptographic
38599,2,569521,400000,4600000,cryptographic
38599,3,400000,400000,4600000,cryptographic
38599,4,3133776,400000,4600000,cryptographic
38599,5,400000,400000,4600000,cryptographic
38599,6,3647592,400000,4600000,cryptographic
38599,7,416322,400000,4600000,cryptographic
38599,8,3399993,400000,3400000,cryptographic
38599,9,3400649,400000,3400000,cryptographic
38599,10,3400313,400000,3400000,cryptographic
38599,11,3398453,400000,3400000,cryptographic
38737,0,399804,400000,4600000,cryptographic
38737,1,462105,400000,4600000,cryptographic
38737,2,924630,400000,4600000,cryptographic
38737,3,400000,400000,4600000,cryptographic
38737,4,1935770,400000,4600000,cryptographic
38737,5,400000,400000,4600000,cryptographic
38737,6,1187160,400000,4600000,cryptographic
38737,7,1490042,400000,4600000,cryptographic
38737,8,3390467,400000,3400000,cryptographic
38737,9,3399560,400000,3400000,cryptographic
38737,10,3400301,400000,3400000,cryptographic
38737,11,3399948,400000,3400000,cryptographic
38876,0,775680,400000,4600000,cryptographic
38876,1,400000,400000,4600000,cryptographic
38876,2,400286,400000,4600000,cryptographic
38876,3,400000,400000,4600000,cryptographic
38876,4,597424,400000,4600000,cryptographic
38876,5,400000,400000,4600000,cryptographic
38876,6,2068716,400000,4600000,cryptographic
38876,7,812576,400000,4600000,cryptographic
38876,8,3400106,400000,3400000,cryptographic
38876,9,3400042,400000,3400000,cryptographic
38876,10,3399972,400000,3400000,cryptographic
38876,11,3399792,400000,3400000,cryptographic
39014,0,604670,400000,4600000,cryptographic
39014,1,400322,400000,4600000,cryptographic
39014,2,3140697,400000,4600000,cryptographic
39014,3,3726066,400000,4600000,cryptographic
39014,4,1249094,400000,4600000,cryptographic
39014,5,400000,400000,4600000,cryptographic
39014,6,1265737,400000,4600000,cryptographic
39014,7,1032847,400000,4600000,cryptographic
39014,8,3400055,400000,3400000,cryptographic
39014,9,3399825,400000,3400000,cryptographic
39014,10,3399761,400000,3400000,cryptographic
39014,11,3399361,400000,3400000,cryptographic
39152,0,572570,400000,4600000,cryptographic
39152,1,400000,400000,4600000,cryptographic
39152,2,400463,400000,4600000,cryptographic
39152,3,400000,400000,4600000,cryptographic
39152,4,2526639,400000,4600000,cryptographic
39152,5,400000,400000,4600000,cryptographic
39152,6,2424579,400000,4600000,cryptographic
39152,7,1117385,400000,4600000,cryptographic
39152,8,3400326,400000,3400000,cryptographic
39152,9,3399678,400000,3400000,cryptographic
39152,10,3400119,400000,3400000,cryptographic
39152,11,3382031,400000,3400000,cryptographic
39290,0,400180,400000,4600000,cryptographic
39290,1,505214,400000,4600000,cryptographic
39290,2,3589377,400000,4600000,cryptographic
39290,3,508803,400000,4600000,cryptographic
39290,4,1236116,400000,4600000,cryptographic
39290,5,399625,400000,4600000,cryptographic
39290,6,2755851,400000,4600000,cryptographic
39290,7,1025203,400000,4600000,cryptographic
39290,8,3400274,400000,3400000,cryptographic
39290,9,3400118,400000,3400000,cryptographic
39290,10,3400117,400000,3400000,cryptographic
39290,11,3399899,400000,3400000,cryptographic
39427,0,2860095,400000,4600000,cryptographic
39427,1,1216025,400000,4600000,cryptographic
39427,2,4214347,400000,4600000,cryptographic
39427,3,400370,400000,4600000,cryptographic
39427,4,3579433,400000,4600000,cryptographic
39427,5,400000,400000,4600000,cryptographic
39427,6,400179,400000,4600000,cryptographic
39427,7,948258,400000,4600000,cryptographic
39427,8,3399997,400000,3400000,cryptographic
39427,9,3465540,400000,3400000,cryptographic
39427,10,3400354,400000,3400000,cryptographic
39427,11,3399899,400000,3400000,cryptographic
39564,0,2822498,400000,4600000,cryptographic
39564,1,825037,400000,4600000,cryptographic
39564,2,4141291,400000,4600000,cryptographic
39564,3,400000,400000,4600000,cryptographic
39564,4,863421,400000,4600000,cryptographic
39564,5,400000,400000,4600000,cryptographic
39564,6,3934818,400000,4600000,cryptographic
39564,7,400000,400000,4600000,cryptographic
39564,8,3399481,400000,3400000,cryptographic
39564,9,3399384,400000,3400000,cryptographic
39564,10,3399907,400000,3400000,cryptographic
39564,11,3400144,400000,3400000,cryptographic
39701,0,409560,400000,4600000,cryptographic
39701,1,400000,400000,4600000,cryptographic
39701,2,914011,400000,4600000,cryptographic
39701,3,400000,400000,4600000,cryptographic
39701,4,2413832,400000,4600000,cryptographic
39701,5,400000,400000,4600000,cryptographic
39701,6,888568,400000,4600000,cryptographic
39701,7,400000,400000,4600000,cryptographic
39701,8,3400007,400000,3400000,cryptographic
39701,9,3400094,400000,3400000,cryptographic
39701,10,3400036,400000,3400000,cryptographic
39701,11,3400422,400000,3400000,cryptographic
39838,0,480444,400000,4600000,cryptographic
39838,1,400000,400000,4600000,cryptographic
39838,2,486065,400000,4600000,cryptographic
39838,3,400000,400000,4600000,cryptographic
39838,4,400000,400000,4600000,cryptographic
39838,5,400000,400000,4600000,cryptographic
39838,6,1333726,400000,4600000,cryptographic
39838,7,400000,400000,4600000,cryptographic
39838,8,3399665,400000,3400000,cryptographic
39838,9,3400000,400000,3400000,cryptographic
39838,10,3397938,400000,3400000,cryptographic
39838,11,3400007,400000,3400000,cryptographic
39976,0,4456290,400000,4600000,cryptographic
39976,1,2515002,400000,4600000,cryptographic
39976,2,3082970,400000,4600000,cryptographic
39976,3,400000,400000,4600000,cryptographic
39976,4,400288,400000,4600000,cryptographic
39976,5,400000,400000,4600000,cryptographic
39976,6,400178,400000,4600000,cryptographic
39976,7,400000,400000,4600000,cryptographic
39976,8,3400465,400000,3400000,cryptographic
39976,9,3399137,400000,3400000,cryptographic
39976,10,3406096,400000,3400000,cryptographic
39976,11,3400125,400000,3400000,cryptographic
40113,0,1562196,400000,4600000,cryptographic
40113,1,400105,400000,4600000,cryptographic
40113,2,400292,400000,4600000,cryptographic
40113,3,400000,400000,4600000,cryptographic
40113,4,400089,400000,4600000,cryptographic
40113,5,400000,400000,4600000,cryptographic
40113,6,400194,400000,4600000,cryptographic
40113,7,2889233,400000,4600000,cryptographic
40113,8,3399983,400000,3400000,cryptographic
40113,9,3412276,400000,3400000,cryptographic
40113,10,3400146,400000,3400000,cryptographic
40113,11,3399802,400000,3400000,cryptographic
40251,0,3598896,400000,4600000,cryptographic
40251,1,2361168,400000,4600000,cryptographic
40251,2,897797,400000,4600000,cryptographic
40251,3,400000,400000,4600000,cryptographic
40251,4,811991,400000,4600000,cryptographic
40251,5,400000,400000,4600000,cryptographic
40251,6,399682,400000,4600000,cryptographic
40251,7,400000,400000,4600000,cryptographic
40251,8,3399825,400000,3400000,cryptographic
40251,9,3400990,400000,3400000,cryptographic
40251,10,3400475,400000,3400000,cryptographic
40251,11,3397345,400000,3400000,cryptographic
40389,0,869780,400000,4600000,cryptographic
40389,1,663988,400000,4600000,cryptographic
40389,2,4179829,400000,4600000,cryptographic
40389,3,400000,400000,4600000,cryptographic
40389,4,2895841,400000,4600000,cryptographic
40389,5,400000,400000,4600000,cryptographic
40389,6,400277,400000,4600000,cryptographic
40389,7,400000,400000,4600000,cryptographic
40389,8,3400045,400000,3400000,cryptographic
40389,9,3400170,400000,3400000,cryptographic
40389,10,3399806,400000,3400000,cryptographic
40389,11,3399740,400000,3400000,cryptographic
40528,0,733470,400000,4600000,cryptographic
40528,1,400000,400000,4600000,cryptographic
40528,2,777149,400000,4600000,cryptographic
40528,3,400000,400000,4600000,cryptographic
40528,4,2499531,400000,4600000,cryptographic
40528,5,400000,400000,4600000,cryptographic
40528,6,868906,400000,4600000,cryptographic
40528,7,400000,400000,4600000,cryptographic
40528,8,3399984,400000,3400000,cryptographic
40528,9,3399217,400000,3400000,cryptographic
40528,10,3400331,400000,3400000,cryptographic
40528,11,3400154,400000,3400000,cryptographic
40667,0,3374218,400000,4600000,cryptographic
40667,1,2354525,400000,4600000,cryptographic
40667,2,400305,400000,4600000,cryptographic
40667,3,400000,400000,4600000,cryptographic
40667,4,2786354,400000,4600000,cryptographic
40667,5,400000,400000,4600000,cryptographic
40667,6,4268437,400000,4600000,cryptographic
40667,7,400000,400000,4600000,cryptographic
40667,8,3370779,400000,3400000,cryptographic
40667,9,3399753,400000,3400000,cryptographic
40667,10,3399935,400000,3400000,cryptographic
40667,11,3399941,400000,3400000,cryptographic
40806,0,3497225,400000,4600000,cryptographic
40806,1,641788,400000,4600000,cryptographic
40806,2,2535849,400000,4600000,cryptographic
40806,3,400000,400000,4600000,cryptographic
40806,4,400182,400000,4600000,cryptographic
40806,5,400000,400000,4600000,cryptographic
40806,6,2982795,400000,4600000,cryptographic
40806,7,400000,400000,4600000,cryptographic
40806,8,3399968,400000,3400000,cryptographic
40806,9,3399682,400000,3400000,cryptographic
40806,10,3399711,400000,3400000,cryptographic
40806,11,3395739,400000,3400000,cryptographic
40943,0,400172,400000,4600000,cryptographic
40943,1,1830436,400000,4600000,cryptographic
40943,2,1680870,400000,4600000,cryptographic
40943,3,400000,400000,4600000,cryptographic
40943,4,4409718,400000,4600000,cryptographic
40943,5,400000,400000,4600000,cryptographic
40943,6,400185,400000,4600000,cryptographic
40943,7,400000,400000,4600000,cryptographic
40943,8,3399042,400000,3400000,cryptographic
40943,9,3399850,400000,3400000,cryptographic
40943,10,3399657,400000,3400000,cryptographic
40943,11,3400309,400000,3400000,cryptographic
41081,0,4570145,400000,4600000,cryptographic
41081,1,399785,400000,4600000,cryptographic
41081,2,400192,400000,4600000,cryptographic
41081,3,400000,400000,4600000,cryptographic
41081,4,622995,400000,4600000,cryptographic
41081,5,400000,400000,4600000,cryptographic
41081,6,400374,400000,4600000,cryptographic
41081,7,400000,400000,4600000,cryptographic
41081,8,3403050,400000,3400000,cryptographic
41081,9,3400041,400000,3400000,cryptographic
41081,10,3382526,400000,3400000,cryptographic
41081,11,3399782,400000,3400000,cryptographic
41217,0,759842,400000,4600000,cryptographic
41217,1,1781822,400000,4600000,cryptographic
41217,2,3020089,400000,4600000,cryptographic
41217,3,400000,400000,4600000,cryptographic
41217,4,3692265,400000,4600000,cryptographic
41217,5,400000,400000,4600000,cryptographic
41217,6,400107,400000,4600000,cryptographic
41217,7,400000,400000,4600000,cryptographic
41217,8,3401737,400000,3400000,cryptographic
41217,9,3400133,400000,3400000,cryptographic
41217,10,3399868,400000,3400000,cryptographic
41217,11,3399920,400000,3400000,cryptographic
41354,0,400229,400000,4600000,cryptographic
41354,1,940205,400000,4600000,cryptographic
41354,2,3729834,400000,4600000,cryptographic
41354,3,400000,400000,4600000,cryptographic
41354,4,1019065,400000,4600000,cryptographic
41354,5,400000,400000,4600000,cryptographic
41354,6,400189,400000,4600000,cryptographic
41354,7,400000,400000,4600000,cryptographic
41354,8,3400383,400000,3400000,cryptographic
41354,9,3400015,400000,3400000,cryptographic
41354,10,3400054,400000,3400000,cryptographic
41354,11,3400110,400000,3400000,cryptographic
41493,0,463304,400000,4600000,cryptographic
41493,1,1661774,400000,4600000,cryptographic
41493,2,565773,400000,4600000,cryptographic
41493,3,400000,400000,4600000,cryptographic
41493,4,1170165,400000,4600000,cryptographic
41493,5,400000,400000,4600000,cryptographic
41493,6,2979904,400000,4600000,cryptographic
41493,7,400000,400000,4600000,cryptographic
41493,8,3399699,400000,3400000,cryptographic
41493,9,3400206,400000,3400000,cryptographic
41493,10,3400163,400000,3400000,cryptographic
41493,11,2938819,400000,3400000,cryptographic
41630,0,398488,400000,4600000,cryptographic
41630,1,399733,400000,4600000,cryptographic
41630,2,3854590,400000,4600000,cryptographic
41630,3,400000,400000,4600000,cryptographic
41630,4,3641879,400000,4600000,cryptographic
41630,5,400000,400000,4600000,cryptographic
41630,6,4189531,400000,4600000,cryptographic
41630,7,400000,400000,4600000,cryptographic
41630,8,3371538,400000,3400000,cryptographic
41630,9,3392826,400000,3400000,cryptographic
41630,10,3300662,400000,3400000,cryptographic
41630,11,3298802,400000,3400000,cryptographic
41767,0,496872,400000,4600000,cryptographic
41767,1,1830762,400000,4600000,cryptographic
41767,2,578374,400000,4600000,cryptographic
41767,3,400000,400000,4600000,cryptographic
41767,4,400087,400000,4600000,cryptographic
41767,5,400000,400000,4600000,cryptographic
41767,6,3396628,400000,4600000,cryptographic
41767,7,400000,400000,4600000,cryptographic
41767,8,3399870,400000,3400000,cryptographic
41767,9,3399730,400000,3400000,cryptographic
41767,10,3399803,400000,3400000,cryptographic
41767,11,3400129,400000,3400000,cryptographic
41905,0,602530,400000,4600000,cryptographic
41905,1,920902,400000,4600000,cryptographic
41905,2,657382,400000,4600000,cryptographic
41905,3,400000,400000,4600000,cryptographic
41905,4,3987813,400000,4600000,cryptographic
41905,5,1276653,400000,4600000,cryptographic
41905,6,2772429,400000,4600000,cryptographic
41905,7,400000,400000,4600000,cryptographic
41905,8,3400070,400000,3400000,cryptographic
41905,9,3400612,400000,3400000,cryptographic
41905,10,3400309,400000,3400000,cryptographic
41905,11,3399782,400000,3400000,cryptographic
42045,0,1501777,400000,4600000,cryptographic
42045,1,571030,400000,4600000,cryptographic
42045,2,400107,400000,4600000,cryptographic
42045,3,400000,400000,4600000,cryptographic
42045,4,400107,400000,4600000,cryptographic
42045,5,400000,400000,4600000,cryptographic
42045,6,400382,400000,4600000,cryptographic
42045,7,400000,400000,4600000,cryptographic
42045,8,3413011,400000,3400000,cryptographic
42045,9,3399952,400000,3400000,cryptographic
42045,10,3400101,400000,3400000,cryptographic
42045,11,3399872,400000,3400000,cryptographic
42183,0,3381230,400000,4600000,cryptographic
42183,1,4541909,400000,4600000,cryptographic
42183,2,400172,400000,4600000,cryptographic
42183,3,538697,400000,4600000,cryptographic
42183,4,1265763,400000,4600000,cryptographic
42183,5,400000,400000,4600000,cryptographic
42183,6,847815,400000,4600000,cryptographic
42183,7,400000,400000,4600000,cryptographic
42183,8,3400110,400000,3400000,cryptographic
42183,9,3398585,400000,3400000,cryptographic
42183,10,3396336,400000,3400000,cryptographic
42183,11,3421000,400000,3400000,cryptographic
42321,0,540965,400000,4600000,cryptographic
42321,1,400000,400000,4600000,cryptographic
42321,2,2317964,400000,4600000,cryptographic
42321,3,400000,400000,4600000,cryptographic
42321,4,400194,400000,4600000,cryptographic
42321,5,400000,400000,4600000,cryptographic
42321,6,1677300,400000,4600000,cryptographic
42321,7,400000,400000,4600000,cryptographic
42321,8,3400082,400000,3400000,cryptographic
42321,9,3397765,400000,3400000,cryptographic
42321,10,3400108,400000,3400000,cryptographic
42321,11,3399978,400000,3400000,cryptographic
42458,0,537765,400000,4600000,cryptographic
42458,1,793379,400000,4600000,cryptographic
42458,2,4244372,400000,4600000,cryptographic
42458,3,400000,400000,4600000,cryptographic
42458,4,400191,400000,4600000,cryptographic
42458,5,400000,400000,4600000,cryptographic
42458,6,926000,400000,4600000,cryptographic
42458,7,400000,400000,4600000,cryptographic
42458,8,3400310,400000,3400000,cryptographic
42458,9,3399750,400000,3400000,cryptographic
42458,10,3399237,400000,3400000,cryptographic
42458,11,3400072,400000,3400000,cryptographic
42597,0,1393147,400000,4600000,cryptographic
42597,1,400000,400000,4600000,cryptographic
42597,2,400000,400000,4600000,cryptographic
42597,3,400000,400000,4600000,cryptographic
42597,4,400195,400000,4600000,cryptographic
42597,5,4315040,400000,4600000,cryptographic
42597,6,4568395,400000,4600000,cryptographic
42597,7,400000,400000,4600000,cryptographic
42597,8,3399982,400000,3400000,cryptographic
42597,9,3397490,400000,3400000,cryptographic
42597,10,3400008,400000,3400000,cryptographic
42597,11,3299830,400000,3400000,cryptographic
42733,0,578588,400000,4600000,cryptographic
42733,1,744488,400000,4600000,cryptographic
42733,2,1887249,400000,4600000,cryptographic
42733,3,400000,400000,4600000,cryptographic
42733,4,3389385,400000,4600000,cryptographic
42733,5,400000,400000,4600000,cryptographic
42733,6,1079140,400000,4600000,cryptographic
42733,7,400000,400000,4600000,cryptographic
42733,8,3399951,400000,3400000,cryptographic
42733,9,3400018,400000,3400000,cryptographic
42733,10,3399352,400000,3400000,cryptographic
42733,11,3399851,400000,3400000,cryptographic
42871,0,839317,400000,4600000,cryptographic
42871,1,400000,400000,4600000,cryptographic
42871,2,400308,400000,4600000,cryptographic
42871,3,400000,400000,4600000,cryptographic
42871,4,400260,400000,4600000,cryptographic
42871,5,400000,400000,4600000,cryptographic
42871,6,400178,400000,4600000,cryptographic
42871,7,400000,400000,4600000,cryptographic
42871,8,3376893,400000,3400000,cryptographic
42871,9,3399809,400000,3400000,cryptographic
42871,10,3399610,400000,3400000,cryptographic
42871,11,3400227,400000,3400000,cryptographic
43008,0,400361,400000,4600000,cryptographic
43008,1,400155,400000,4600000,cryptographic
43008,2,400000,400000,4600000,cryptographic
43008,3,2412881,400000,4600000,cryptographic
43008,4,4437584,400000,4600000,cryptographic
43008,5,400000,400000,4600000,cryptographic
43008,6,3506497,400000,4600000,cryptographic
43008,7,400000,400000,4600000,cryptographic
43008,8,2708477,400000,3400000,cryptographic
43008,9,3400666,400000,3400000,cryptographic
43008,10,3399978,400000,3400000,cryptographic
43008,11,3400223,400000,3400000,cryptographic
43146,0,4418293,400000,4600000,cryptographic
43146,1,2999513,400000,4600000,cryptographic
43146,2,400281,400000,4600000,cryptographic
43146,3,400413,400000,4600000,cryptographic
43146,4,400193,400000,4600000,cryptographic
43146,5,400000,400000,4600000,cryptographic
43146,6,395221,400000,4600000,cryptographic
43146,7,400000,400000,4600000,cryptographic
43146,8,3399645,400000,3400000,cryptographic
43146,9,3399820,400000,3400000,cryptographic
43146,10,3399998,400000,3400000,cryptographic
43146,11,3399760,400000,3400000,cryptographic
43284,0,2354236,400000,4600000,cryptographic
43284,1,475479,400000,4600000,cryptographic
43284,2,3743698,400000,4600000,cryptographic
43284,3,400000,400000,4600000,cryptographic
43284,4,400000,400000,4600000,cryptographic
43284,5,400000,400000,4600000,cryptographic
43284,6,4503310,400000,4600000,cryptographic
43284,7,1104494,400000,4600000,cryptographic
43284,8,3401924,400000,3400000,cryptographic
43284,9,3399944,400000,3400000,cryptographic
43284,10,3399773,400000,3400000,cryptographic
43284,11,3400101,400000,3400000,cryptographic
43422,0,403613,400000,4600000,cryptographic
43422,1,573630,400000,4600000,cryptographic
43422,2,2722039,400000,4600000,cryptographic
43422,3,421574,400000,4600000,cryptographic
43422,4,674846,400000,4600000,cryptographic
43422,5,400000,400000,4600000,cryptographic
43422,6,1330626,400000,4600000,cryptographic
43422,7,400000,400000,4600000,cryptographic
43422,8,3409278,400000,3400000,cryptographic
43422,9,3400136,400000,3400000,cryptographic
43422,10,3400035,400000,3400000,cryptographic
43422,11,3399669,400000,3400000,cryptographic
43561,0,808893,400000,4600000,cryptographic
43561,1,1045925,400000,4600000,cryptographic
43561,2,400173,400000,4600000,cryptographic
43561,3,3174697,400000,4600000,cryptographic
43561,4,2893089,400000,4600000,cryptographic
43561,5,400000,400000,4600000,cryptographic
43561,6,1052041,400000,4600000,cryptographic
43561,7,400000,400000,4600000,cryptographic
43561,8,3400395,400000,3400000,cryptographic
43561,9,3397777,400000,3400000,cryptographic
43561,10,3399967,400000,3400000,cryptographic
43561,11,3400043,400000,3400000,cryptographic
43699,0,1171922,400000,4600000,cryptographic
43699,1,400582,400000,4600000,cryptographic
43699,2,922131,400000,4600000,cryptographic
43699,3,400000,400000,4600000,cryptographic
43699,4,556818,400000,4600000,cryptographic
43699,5,400000,400000,4600000,cryptographic
43699,6,400087,400000,4600000,cryptographic
43699,7,400000,400000,4600000,cryptographic
43699,8,3400089,400000,3400000,cryptographic
43699,9,3297643,400000,3400000,cryptographic
43699,10,3300163,400000,3400000,cryptographic
43699,11,3299578,400000,3400000,cryptographic
43838,0,868692,400000,4600000,cryptographic
43838,1,395447,400000,4600000,cryptographic
43838,2,3860911,400000,4600000,cryptographic
43838,3,2510033,400000,4600000,cryptographic
43838,4,2730373,400000,4600000,cryptographic
43838,5,400000,400000,4600000,cryptographic
43838,6,1394902,400000,4600000,cryptographic
43838,7,400000,400000,4600000,cryptographic
43838,8,3400436,400000,3400000,cryptographic
43838,9,3400214,400000,3400000,cryptographic
43838,10,3400095,400000,3400000,cryptographic
43838,11,3399816,400000,3400000,cryptographic
43976,0,4590350,400000,4600000,cryptographic
43976,1,1060047,400000,4600000,cryptographic
43976,2,4372280,400000,4600000,cryptographic
43976,3,400000,400000,4600000,cryptographic
43976,4,400328,400000,4600000,cryptographic
43976,5,400000,400000,4600000,cryptographic
43976,6,4497456,400000,4600000,cryptographic
43976,7,400000,400000,4600000,cryptographic
43976,8,3399845,400000,3400000,cryptographic
43976,9,3399984,400000,3400000,cryptographic
43976,10,3400376,400000,3400000,cryptographic
43976,11,3400000,400000,3400000,cryptographic
44114,0,859210,400000,4600000,cryptographic
44114,1,400000,400000,4600000,cryptographic
44114,2,3760348,400000,4600000,cryptographic
44114,3,400000,400000,4600000,cryptographic
44114,4,1495290,400000,4600000,cryptographic
44114,5,400000,400000,4600000,cryptographic
44114,6,4379014,400000,4600000,cryptographic
44114,7,400000,400000,4600000,cryptographic
44114,8,3400052,400000,3400000,cryptographic
44114,9,3399761,400000,3400000,cryptographic
44114,10,3399947,400000,3400000,cryptographic
44114,11,3399885,400000,3400000,cryptographic
44252,0,474849,400000,4600000,cryptographic
44252,1,400000,400000,4600000,cryptographic
44252,2,507801,400000,4600000,cryptographic
44252,3,1089440,400000,4600000,cryptographic
44252,4,2912832,400000,4600000,cryptographic
44252,5,400000,400000,4600000,cryptographic
44252,6,4581986,400000,4600000,cryptographic
44252,7,400000,400000,4600000,cryptographic
44252,8,3400108,400000,3400000,cryptographic
44252,9,3399545,400000,3400000,cryptographic
44252,10,3399637,400000,3400000,cryptographic
44252,11,3400003,400000,3400000,cryptographic
44390,0,3049855,400000,4600000,cryptographic
44390,1,400000,400000,4600000,cryptographic
44390,2,693772,400000,4600000,cryptographic
44390,3,400000,400000,4600000,cryptographic
44390,4,1365973,400000,4600000,cryptographic
44390,5,400000,400000,4600000,cryptographic
44390,6,1287864,400000,4600000,cryptographic
44390,7,400000,400000,4600000,cryptographic
44390,8,3399989,400000,3400000,cryptographic
44390,9,3399958,400000,3400000,cryptographic
44390,10,3400783,400000,3400000,cryptographic
44390,11,3398149,400000,3400000,cryptographic
44528,0,793622,400000,4600000,cryptographic
44528,1,400289,400000,4600000,cryptographic
44528,2,400341,400000,4600000,cryptographic
44528,3,400000,400000,4600000,cryptographic
44528,4,455998,400000,4600000,cryptographic
44528,5,400000,400000,4600000,cryptographic
44528,6,4127909,400000,4600000,cryptographic
44528,7,400000,400000,4600000,cryptographic
44528,8,3400026,400000,3400000,cryptographic
44528,9,3399587,400000,3400000,cryptographic
44528,10,3399583,400000,3400000,cryptographic
44528,11,3399884,400000,3400000,cryptographic
44667,0,400000,400000,4600000,cryptographic
44667,1,399237,400000,4600000,cryptographic
44667,2,1110743,400000,4600000,cryptographic
44667,3,400000,400000,4600000,cryptographic
44667,4,2545771,400000,4600000,cryptographic
44667,5,400000,400000,4600000,cryptographic
44667,6,1657095,400000,4600000,cryptographic
44667,7,896135,400000,4600000,cryptographic
44667,8,3401050,400000,3400000,cryptographic
44667,9,3399376,400000,3400000,cryptographic
44667,10,3297643,400000,3400000,cryptographic
44667,11,3300155,400000,3400000,cryptographic
44804,0,854030,400000,4600000,cryptographic
44804,1,636164,400000,4600000,cryptographic
44804,2,400095,400000,4600000,cryptographic
44804,3,400000,400000,4600000,cryptographic
44804,4,400000,400000,4600000,cryptographic
44804,5,400000,400000,4600000,cryptographic
44804,6,400133,400000,4600000,cryptographic
44804,7,400000,400000,4600000,cryptographic
44804,8,3425675,400000,3400000,cryptographic
44804,9,3396401,400000,3400000,cryptographic
44804,10,3400290,400000,3400000,cryptographic
44804,11,3399989,400000,3400000,cryptographic
44942,0,653569,400000,4600000,cryptographic
44942,1,1482046,400000,4600000,cryptographic
44942,2,400246,400000,4600000,cryptographic
44942,3,400000,400000,4600000,cryptographic
44942,4,480699,400000,4600000,cryptographic
44942,5,400000,400000,4600000,cryptographic
44942,6,400291,400000,4600000,cryptographic
44942,7,400000,400000,4600000,cryptographic
44942,8,3399960,400000,3400000,cryptographic
44942,9,3400515,400000,3400000,cryptographic
44942,10,3414876,400000,3400000,cryptographic
44942,11,3399457,400000,3400000,cryptographic
45081,0,397521,400000,4600000,cryptographic
45081,1,1194705,400000,4600000,cryptographic
45081,2,1296289,400000,4600000,cryptographic
45081,3,400000,400000,4600000,cryptographic
45081,4,2836346,400000,4600000,cryptographic
45081,5,400000,400000,4600000,cryptographic
45081,6,929569,400000,4600000,cryptographic
45081,7,400000,400000,4600000,cryptographic
45081,8,3400111,400000,3400000,cryptographic
45081,9,3400131,400000,3400000,cryptographic
45081,10,3400063,400000,3400000,cryptographic
45081,11,3400214,400000,3400000,cryptographic
45218,0,1861979,400000,4600000,cryptographic
45218,1,1426009,400000,4600000,cryptographic
45218,2,897697,400000,4600000,cryptographic
45218,3,400000,400000,4600000,cryptographic
45218,4,4313907,400000,4600000,cryptographic
45218,5,400000,400000,4600000,cryptographic
45218,6,400093,400000,4600000,cryptographic
45218,7,400000,400000,4600000,cryptographic
45218,8,3399732,400000,3400000,cryptographic
45218,9,3399939,400000,3400000,cryptographic
45218,10,3399895,400000,3400000,cryptographic
45218,11,3399858,400000,3400000,cryptographic
45356,0,1581587,400000,4600000,cryptographic
45356,1,400178,400000,4600000,cryptographic
45356,2,400247,400000,4600000,cryptographic
45356,3,3674484,400000,4600000,cryptographic
45356,4,400180,400000,4600000,cryptographic
45356,5,400000,400000,4600000,cryptographic
45356,6,3914637,400000,4600000,cryptographic
45356,7,400000,400000,4600000,cryptographic
45356,8,3397054,400000,3400000,cryptographic
45356,9,3398998,400000,3400000,cryptographic
45356,10,3399870,400000,3400000,cryptographic
45356,11,3400254,400000,3400000,cryptographic
45492,0,399279,400000,4600000,cryptographic
45492,1,3854362,400000,4600000,cryptographic
45492,2,400083,400000,4600000,cryptographic
45492,3,495623,400000,4600000,cryptographic
45492,4,4592746,400000,4600000,cryptographic
45492,5,400000,400000,4600000,cryptographic
45492,6,399563,400000,4600000,cryptographic
45492,7,400000,400000,4600000,cryptographic
45492,8,3387138,400000,3400000,cryptographic
45492,9,3399700,400000,3400000,cryptographic
45492,10,3400022,400000,3400000,cryptographic
45492,11,3400444,400000,3400000,cryptographic
45629,0,3251226,400000,4600000,cryptographic
45629,1,400325,400000,4600000,cryptographic
45629,2,400218,400000,4600000,cryptographic
45629,3,400000,400000,4600000,cryptographic
45629,4,4583773,400000,4600000,cryptographic
45629,5,400000,400000,4600000,cryptographic
45629,6,3032194,400000,4600000,cryptographic
45629,7,400000,400000,4600000,cryptographic
45629,8,3399932,400000,3400000,cryptographic
45629,9,3400378,400000,3400000,cryptographic
45629,10,3399855,400000,3400000,cryptographic
45629,11,3400313,400000,3400000,cryptographic
45767,0,661761,400000,4600000,cryptographic
45767,1,1361767,400000,4600000,cryptographic
45767,2,4113832,400000,4600000,cryptographic
45767,3,2081936,400000,4600000,cryptographic
45767,4,4299296,400000,4600000,cryptographic
45767,5,400000,400000,4600000,cryptographic
45767,6,1094569,400000,4600000,cryptographic
45767,7,400000,400000,4600000,cryptographic
45767,8,3432425,400000,3400000,cryptographic
45767,9,3399641,400000,3400000,cryptographic
45767,10,3400301,400000,3400000,cryptographic
45767,11,3435588,400000,3400000,cryptographic
45903,0,764541,400000,4600000,cryptographic
45903,1,400534,400000,4600000,cryptographic
45903,2,2713459,400000,4600000,cryptographic
45903,3,400000,400000,4600000,cryptographic
45903,4,399587,400000,4600000,cryptographic
45903,5,400000,400000,4600000,cryptographic
45903,6,2742828,400000,4600000,cryptographic
45903,7,400000,400000,4600000,cryptographic
45903,8,3400134,400000,3400000,cryptographic
45903,9,3400216,400000,3400000,cryptographic
45903,10,3399893,400000,3400000,cryptographic
45903,11,3399712,400000,3400000,cryptographic
46041,0,1955104,400000,4600000,cryptographic
46041,1,454811,400000,4600000,cryptographic
46041,2,4267523,400000,4600000,cryptographic
46041,3,400000,400000,4600000,cryptographic
46041,4,400222,400000,4600000,cryptographic
46041,5,400000,400000,4600000,cryptographic
46041,6,4142869,400000,4600000,cryptographic
46041,7,400000,400000,4600000,cryptographic
46041,8,3399466,400000,3400000,cryptographic
46041,9,3400084,400000,3400000,cryptographic
46041,10,3400000,400000,3400000,cryptographic
46041,11,3399140,400000,3400000,cryptographic
46179,0,2620618,400000,4600000,cryptographic
46179,1,400000,400000,4600000,cryptographic
46179,2,400287,400000,4600000,cryptographic
46179,3,400000,400000,4600000,cryptographic
46179,4,2540240,400000,4600000,cryptographic
46179,5,400000,400000,4600000,cryptographic
46179,6,3846481,400000,4600000,cryptographic
46179,7,400000,400000,4600000,cryptographic
46179,8,3400073,400000,3400000,cryptographic
46179,9,3399960,400000,3400000,cryptographic
46179,10,3401743,400000,3400000,cryptographic
46179,11,3400248,400000,3400000,cryptographic
46317,0,840711,400000,4600000,cryptographic
46317,1,2204669,400000,4600000,cryptographic
46317,2,400129,400000,4600000,cryptographic
46317,3,400000,400000,4600000,cryptographic
46317,4,532766,400000,4600000,cryptographic
46317,5,400000,400000,4600000,cryptographic
46317,6,4503078,400000,4600000,cryptographic
46317,7,400000,400000,4600000,cryptographic
46317,8,3399810,400000,3400000,cryptographic
46317,9,3399719,400000,3400000,cryptographic
46317,10,3399915,400000,3400000,cryptographic
46317,11,3400112,400000,3400000,cryptographic
46454,0,1946956,400000,4600000,cryptographic
46454,1,1904853,400000,4600000,cryptographic
46454,2,400359,400000,4600000,cryptographic
46454,3,400000,400000,4600000,cryptographic
46454,4,452773,400000,4600000,cryptographic
46454,5,400000,400000,4600000,cryptographic
46454,6,3355248,400000,4600000,cryptographic
46454,7,400000,400000,4600000,cryptographic
46454,8,3400221,400000,3400000,cryptographic
46454,9,3400073,400000,3400000,cryptographic
46454,10,3400088,400000,3400000,cryptographic
46454,11,3400083,400000,3400000,cryptographic
46592,0,4499890,400000,4600000,cryptographic
46592,1,4500000,400000,4600000,cryptographic
46592,2,4211862,400000,4600000,cryptographic
46592,3,4493137,400000,4600000,cryptographic
46592,4,4226917,400000,4600000,cryptographic
46592,5,4244475,400000,4600000,cryptographic
46592,6,4334779,400000,4600000,cryptographic
46592,7,4491493,400000,4600000,cryptographic
46592,8,3200730,400000,3400000,cryptographic
46592,9,3200228,400000,3400000,cryptographic
46592,10,3199692,400000,3400000,cryptographic
46592,11,3200218,400000,3400000,cryptographic
46729,0,400163,400000,4600000,cryptographic
46729,1,808222,400000,4600000,cryptographic
46729,2,2906157,400000,4600000,cryptographic
46729,3,400000,400000,4600000,cryptographic
46729,4,3261083,400000,4600000,cryptographic
46729,5,400000,400000,4600000,cryptographic
46729,6,4238357,400000,4600000,cryptographic
46729,7,400000,400000,4600000,cryptographic
46729,8,3300879,400000,3400000,cryptographic
46729,9,3299792,400000,3400000,cryptographic
46729,10,3200013,400000,3400000,cryptographic
46729,11,3199753,400000,3400000,cryptographic
46867,0,913636,400000,4600000,cryptographic
46867,1,3993957,400000,4600000,cryptographic
46867,2,1131679,400000,4600000,cryptographic
46867,3,400000,400000,4600000,cryptographic
46867,4,400469,400000,4600000,cryptographic
46867,5,400000,400000,4600000,cryptographic
46867,6,4591636,400000,4600000,cryptographic
46867,7,400000,400000,4600000,cryptographic
46867,8,3399386,400000,3400000,cryptographic
46867,9,3398822,400000,3400000,cryptographic
46867,10,3400469,400000,3400000,cryptographic
46867,11,3400414,400000,3400000,cryptographic
47005,0,506650,400000,4600000,cryptographic
47005,1,1218074,400000,4600000,cryptographic
47005,2,2972353,400000,4600000,cryptographic
47005,3,400000,400000,4600000,cryptographic
47005,4,3129234,400000,4600000,cryptographic
47005,5,400000,400000,4600000,cryptographic
47005,6,4592294,400000,4600000,cryptographic
47005,7,400000,400000,4600000,cryptographic
47005,8,3400265,400000,3400000,cryptographic
47005,9,3399674,400000,3400000,cryptographic
47005,10,3400857,400000,3400000,cryptographic
47005,11,3400338,400000,3400000,cryptographic
47143,0,1013475,400000,4600000,cryptographic
47143,1,924856,400000,4600000,cryptographic
47143,2,457434,400000,4600000,cryptographic
47143,3,400000,400000,4600000,cryptographic
47143,4,400253,400000,4600000,cryptographic
47143,5,400000,400000,4600000,cryptographic
47143,6,400344,400000,4600000,cryptographic
47143,7,2973351,400000,4600000,cryptographic
47143,8,3399899,400000,3400000,cryptographic
47143,9,3399892,400000,3400000,cryptographic
47143,10,3400698,400000,3400000,cryptographic
47143,11,3399727,400000,3400000,cryptographic
47281,0,714480,400000,4600000,cryptographic
47281,1,4029636,400000,4600000,cryptographic
47281,2,3346057,400000,4600000,cryptographic
47281,3,400000,400000,4600000,cryptographic
47281,4,400099,400000,4600000,cryptographic
47281,5,400000,400000,4600000,cryptographic
47281,6,399491,400000,4600000,cryptographic
47281,7,483230,400000,4600000,cryptographic
47281,8,3398964,400000,3400000,cryptographic
47281,9,3400430,400000,3400000,cryptographic
47281,10,3400419,400000,3400000,cryptographic
47281,11,3400137,400000,3400000,cryptographic
47419,0,1190183,400000,4600000,cryptographic
47419,1,895399,400000,4600000,cryptographic
47419,2,400178,400000,4600000,cryptographic
47419,3,400000,400000,4600000,cryptographic
47419,4,502078,400000,4600000,cryptographic
47419,5,400000,400000,4600000,cryptographic
47419,6,3258742,400000,4600000,cryptographic
47419,7,914465,400000,4600000,cryptographic
47419,8,3399830,400000,3400000,cryptographic
47419,9,3399713,400000,3400000,cryptographic
47419,10,3399551,400000,3400000,cryptographic
47419,11,3400569,400000,3400000,cryptographic
47557,0,1086741,400000,4600000,cryptographic
47557,1,2447369,400000,4600000,cryptographic
47557,2,400149,400000,4600000,cryptographic
47557,3,400000,400000,4600000,cryptographic
47557,4,400094,400000,4600000,cryptographic
47557,5,400000,400000,4600000,cryptographic
47557,6,1609372,400000,4600000,cryptographic
47557,7,2515968,400000,4600000,cryptographic
47557,8,3014061,400000,3400000,cryptographic
47557,9,3398996,400000,3400000,cryptographic
47557,10,3399845,400000,3400000,cryptographic
47557,11,3400264,400000,3400000,cryptographic
47695,0,963742,400000,4600000,cryptographic
47695,1,400313,400000,4600000,cryptographic
47695,2,3636768,400000,4600000,cryptographic
47695,3,2207267,400000,4600000,cryptographic
47695,4,400141,400000,4600000,cryptographic
47695,5,3248463,400000,4600000,cryptographic
47695,6,4399955,400000,4600000,cryptographic
47695,7,400000,400000,4600000,cryptographic
47695,8,3199399,400000,3400000,cryptographic
47695,9,3199951,400000,3400000,cryptographic
47695,10,3199470,400000,3400000,cryptographic
47695,11,3200008,400000,3400000,cryptographic
47834,0,1742540,400000,4600000,cryptographic
47834,1,1103220,400000,4600000,cryptographic
47834,2,2475631,400000,4600000,cryptographic
47834,3,400000,400000,4600000,cryptographic
47834,4,4348112,400000,4600000,cryptographic
47834,5,400813,400000,4600000,cryptographic
47834,6,520962,400000,4600000,cryptographic
47834,7,400000,400000,4600000,cryptographic
47834,8,3399880,400000,3400000,cryptographic
47834,9,3400817,400000,3400000,cryptographic
47834,10,3399562,400000,3400000,cryptographic
47834,11,3400684,400000,3400000,cryptographic
47971,0,1385050,400000,4600000,cryptographic
47971,1,400000,400000,4600000,cryptographic
47971,2,399242,400000,4600000,cryptographic
47971,3,400000,400000,4600000,cryptographic
47971,4,2514340,400000,4600000,cryptographic
47971,5,400000,400000,4600000,cryptographic
47971,6,475891,400000,4600000,cryptographic
47971,7,1438483,400000,4600000,cryptographic
47971,8,3315294,400000,3400000,cryptographic
47971,9,3299960,400000,3400000,cryptographic
47971,10,3299856,400000,3400000,cryptographic
47971,11,3301009,400000,3400000,cryptographic
48109,0,3944943,400000,4600000,cryptographic
48109,1,1342879,400000,4600000,cryptographic
48109,2,3026313,400000,4600000,cryptographic
48109,3,911773,400000,4600000,cryptographic
48109,4,400133,400000,4600000,cryptographic
48109,5,400115,400000,4600000,cryptographic
48109,6,400376,400000,4600000,cryptographic
48109,7,400172,400000,4600000,cryptographic
48109,8,3199736,400000,3400000,cryptographic
48109,9,3199969,400000,3400000,cryptographic
48109,10,3200402,400000,3400000,cryptographic
48109,11,3200132,400000,3400000,cryptographic
48250,0,4400044,400000,4600000,cryptographic
48250,1,1381127,400000,4600000,cryptographic
48250,2,3408149,400000,4600000,cryptographic
48250,3,2472650,400000,4600000,cryptographic
48250,4,3417331,400000,4600000,cryptographic
48250,5,400000,400000,4600000,cryptographic
48250,6,400000,400000,4600000,cryptographic
48250,7,400000,400000,4600000,cryptographic
48250,8,3299847,400000,3400000,cryptographic
48250,9,3213690,400000,3400000,cryptographic
48250,10,3200400,400000,3400000,cryptographic
48250,11,3200120,400000,3400000,cryptographic
48389,0,4287825,400000,4600000,cryptographic
48389,1,4399945,400000,4600000,cryptographic
48389,2,428271,400000,4600000,cryptographic
48389,3,399753,400000,4600000,cryptographic
48389,4,1038009,400000,4600000,cryptographic
48389,5,400000,400000,4600000,cryptographic
48389,6,609553,400000,4600000,cryptographic
48389,7,3106679,400000,4600000,cryptographic
48389,8,3200053,400000,3400000,cryptographic
48389,9,3199878,400000,3400000,cryptographic
48389,10,3199803,400000,3400000,cryptographic
48389,11,3199479,400000,3400000,cryptographic
48528,0,1195082,400000,4600000,cryptographic
48528,1,400373,400000,4600000,cryptographic
48528,2,3800922,400000,4600000,cryptographic
48528,3,4400044,400000,4600000,cryptographic
48528,4,3980027,400000,4600000,cryptographic
48528,5,400000,400000,4600000,cryptographic
48528,6,761174,400000,4600000,cryptographic
48528,7,400000,400000,4600000,cryptographic
48528,8,3300446,400000,3400000,cryptographic
48528,9,3300301,400000,3400000,cryptographic
48528,10,3300174,400000,3400000,cryptographic
48528,11,3300097,400000,3400000,cryptographic
48667,0,475489,400000,4600000,cryptographic
48667,1,400190,400000,4600000,cryptographic
48667,2,430284,400000,4600000,cryptographic
48667,3,1910666,400000,4600000,cryptographic
48667,4,4500000,400000,4600000,cryptographic
48667,5,1549557,400000,4600000,cryptographic
48667,6,3530517,400000,4600000,cryptographic
48667,7,2067701,400000,4600000,cryptographic
48667,8,3300714,400000,3400000,cryptographic
48667,9,3299974,400000,3400000,cryptographic
48667,10,3299503,400000,3400000,cryptographic
48667,11,3300028,400000,3400000,cryptographic
48807,0,2221356,400000,4600000,cryptographic
48807,1,1030652,400000,4600000,cryptographic
48807,2,2310515,400000,4600000,cryptographic
48807,3,400000,400000,4600000,cryptographic
48807,4,400113,400000,4600000,cryptographic
48807,5,400000,400000,4600000,cryptographic
48807,6,3619351,400000,4600000,cryptographic
48807,7,400000,400000,4600000,cryptographic
48807,8,3400007,400000,3400000,cryptographic
48807,9,3399753,400000,3400000,cryptographic
48807,10,3400412,400000,3400000,cryptographic
48807,11,3400009,400000,3400000,cryptographic
48955,0,1005183,400000,4600000,cryptographic
48955,1,400000,400000,4600000,cryptographic
48955,2,400190,400000,4600000,cryptographic
48955,3,2336138,400000,4600000,cryptographic
48955,4,3835793,400000,4600000,cryptographic
48955,5,400000,400000,4600000,cryptographic
48955,6,400066,400000,4600000,cryptographic
48955,7,400000,400000,4600000,cryptographic
48955,8,3399953,400000,3400000,cryptographic
48955,9,3401514,400000,3400000,cryptographic
48955,10,3399233,400000,3400000,cryptographic
48955,11,3399355,400000,3400000,cryptographic
49092,0,3713542,400000,4600000,cryptographic
49092,1,420732,400000,4600000,cryptographic
49092,2,400190,400000,4600000,cryptographic
49092,3,400000,400000,4600000,cryptographic
49092,4,1180695,400000,4600000,cryptographic
49092,5,400000,400000,4600000,cryptographic
49092,6,400280,400000,4600000,cryptographic
49092,7,400000,400000,4600000,cryptographic
49092,8,3399675,400000,3400000,cryptographic
49092,9,3399853,400000,3400000,cryptographic
49092,10,3400317,400000,3400000,cryptographic
49092,11,3400185,400000,3400000,cryptographic
49231,0,954365,400000,4600000,cryptographic
49231,1,1047822,400000,4600000,cryptographic
49231,2,3953911,400000,4600000,cryptographic
49231,3,400000,400000,4600000,cryptographic
49231,4,400348,400000,4600000,cryptographic
49231,5,400000,400000,4600000,cryptographic
49231,6,400150,400000,4600000,cryptographic
49231,7,400000,400000,4600000,cryptographic
49231,8,3399536,400000,3400000,cryptographic
49231,9,3399632,400000,3400000,cryptographic
49231,10,3400267,400000,3400000,cryptographic
49231,11,3400093,400000,3400000,cryptographic
49369,0,2184058,400000,4600000,cryptographic
49369,1,4520325,400000,4600000,cryptographic
49369,2,400128,400000,4600000,cryptographic
49369,3,400100,400000,4600000,cryptographic
49369,4,3300175,400000,4600000,cryptographic
49369,5,400000,400000,4600000,cryptographic
49369,6,400000,400000,4600000,cryptographic
49369,7,400000,400000,4600000,cryptographic
49369,8,3395833,400000,3400000,cryptographic
49369,9,3399729,400000,3400000,cryptographic
49369,10,3400136,400000,3400000,cryptographic
49369,11,3399863,400000,3400000,cryptographic
49505,0,1293844,400000,4600000,cryptographic
49505,1,400692,400000,4600000,cryptographic
49505,2,400096,400000,4600000,cryptographic
49505,3,400000,400000,4600000,cryptographic
49505,4,3786036,400000,4600000,cryptographic
49505,5,400000,400000,4600000,cryptographic
49505,6,400178,400000,4600000,cryptographic
49505,7,400000,400000,4600000,cryptographic
49505,8,3399866,400000,3400000,cryptographic
49505,9,3399385,400000,3400000,cryptographic
49505,10,3400308,400000,3400000,cryptographic
49505,11,3326409,400000,3400000,cryptographic
49641,0,2284765,400000,4600000,cryptographic
49641,1,3916245,400000,4600000,cryptographic
49641,2,435491,400000,4600000,cryptographic
49641,3,400000,400000,4600000,cryptographic
49641,4,3667030,400000,4600000,cryptographic
49641,5,400000,400000,4600000,cryptographic
49641,6,3952881,400000,4600000,cryptographic
49641,7,400000,400000,4600000,cryptographic
49641,8,3362025,400000,3400000,cryptographic
49641,9,3292780,400000,3400000,cryptographic
49641,10,3300000,400000,3400000,cryptographic
49641,11,3300095,400000,3400000,cryptographic
49780,0,2503731,400000,4600000,cryptographic
49780,1,817414,400000,4600000,cryptographic
49780,2,2587972,400000,4600000,cryptographic
49780,3,1822916,400000,4600000,cryptographic
49780,4,3451257,400000,4600000,cryptographic
49780,5,400000,400000,4600000,cryptographic
49780,6,1962775,400000,4600000,cryptographic
49780,7,400000,400000,4600000,cryptographic
49780,8,3399872,400000,3400000,cryptographic
49780,9,3399988,400000,3400000,cryptographic
49780,10,3399328,400000,3400000,cryptographic
49780,11,3400283,400000,3400000,cryptographic
49919,0,4350910,400000,4600000,cryptographic
49919,1,2441050,400000,4600000,cryptographic
49919,2,400097,400000,4600000,cryptographic
49919,3,400000,400000,4600000,cryptographic
49919,4,735275,400000,4600000,cryptographic
49919,5,400000,400000,4600000,cryptographic
49919,6,4433071,400000,4600000,cryptographic
49919,7,400000,400000,4600000,cryptographic
49919,8,3399719,400000,3400000,cryptographic
49919,9,3400030,400000,3400000,cryptographic
49919,10,3399569,400000,3400000,cryptographic
49919,11,3400032,400000,3400000,cryptographic
50055,0,773962,400000,4600000,cryptographic
50055,1,619499,400000,4600000,cryptographic
50055,2,1281220,400000,4600000,cryptographic
50055,3,400000,400000,4600000,cryptographic
50055,4,2318268,400000,4600000,cryptographic
50055,5,400000,400000,4600000,cryptographic
50055,6,2923663,400000,4600000,cryptographic
50055,7,400000,400000,4600000,cryptographic
50055,8,3399994,400000,3400000,cryptographic
50055,9,3403199,400000,3400000,cryptographic
50055,10,3400168,400000,3400000,cryptographic
50055,11,3400265,400000,3400000,cryptographic
50193,0,413451,400000,4600000,cryptographic
50193,1,1024404,400000,4600000,cryptographic
50193,2,400194,400000,4600000,cryptographic
50193,3,2542082,400000,4600000,cryptographic
50193,4,400095,400000,4600000,cryptographic
50193,5,400000,400000,4600000,cryptographic
50193,6,2216870,400000,4600000,cryptographic
50193,7,400000,400000,4600000,cryptographic
50193,8,3400663,400000,3400000,cryptographic
50193,9,3400171,400000,3400000,cryptographic
50193,10,3399859,400000,3400000,cryptographic
50193,11,3399791,400000,3400000,cryptographic
50331,0,453954,400000,4600000,cryptographic
50331,1,485308,400000,4600000,cryptographic
50331,2,400164,400000,4600000,cryptographic
50331,3,4591228,400000,4600000,cryptographic
50331,4,400000,400000,4600000,cryptographic
50331,5,399533,400000,4600000,cryptographic
50331,6,3040039,400000,4600000,cryptographic
50331,7,400000,400000,4600000,cryptographic
50331,8,3400036,400000,3400000,cryptographic
50331,9,3400565,400000,3400000,cryptographic
50331,10,3399818,400000,3400000,cryptographic
50331,11,3401418,400000,3400000,cryptographic
50468,0,478088,400000,4600000,cryptographic
50468,1,487871,400000,4600000,cryptographic
50468,2,3267542,400000,4600000,cryptographic
50468,3,400000,400000,4600000,cryptographic
50468,4,4099067,400000,4600000,cryptographic
50468,5,2305828,400000,4600000,cryptographic
50468,6,3929918,400000,4600000,cryptographic
50468,7,400000,400000,4600000,cryptographic
50468,8,3399687,400000,3400000,cryptographic
50468,9,3405258,400000,3400000,cryptographic
50468,10,3400106,400000,3400000,cryptographic
50468,11,3399955,400000,3400000,cryptographic
50606,0,3305603,400000,4600000,cryptographic
50606,1,1927955,400000,4600000,cryptographic
50606,2,400171,400000,4600000,cryptographic
50606,3,4413431,400000,4600000,cryptographic
50606,4,722844,400000,4600000,cryptographic
50606,5,3974383,400000,4600000,cryptographic
50606,6,400000,400000,4600000,cryptographic
50606,7,399845,400000,4600000,cryptographic
50606,8,3399799,400000,3400000,cryptographic
50606,9,3399952,400000,3400000,cryptographic
50606,10,3399485,400000,3400000,cryptographic
50606,11,3400063,400000,3400000,cryptographic
50741,0,1344859,400000,4600000,cryptographic
50741,1,400000,400000,4600000,cryptographic
50741,2,400000,400000,4600000,cryptographic
50741,3,400000,400000,4600000,cryptographic
50741,4,3212518,400000,4600000,cryptographic
50741,5,877842,400000,4600000,cryptographic
50741,6,1562832,400000,4600000,cryptographic
50741,7,400000,400000,4600000,cryptographic
50741,8,3400493,400000,3400000,cryptographic
50741,9,3399943,400000,3400000,cryptographic
50741,10,3399960,400000,3400000,cryptographic
50741,11,3399969,400000,3400000,cryptographic
50879,0,2046967,400000,4600000,cryptographic
50879,1,3892814,400000,4600000,cryptographic
50879,2,486129,400000,4600000,cryptographic
50879,3,1602109,400000,4600000,cryptographic
50879,4,4181036,400000,4600000,cryptographic
50879,5,2711903,400000,4600000,cryptographic
50879,6,2463636,400000,4600000,cryptographic
50879,7,400000,400000,4600000,cryptographic
50879,8,3435000,400000,3400000,cryptographic
50879,9,3400001,400000,3400000,cryptographic
50879,10,3398079,400000,3400000,cryptographic
50879,11,3398854,400000,3400000,cryptographic
51017,0,2859983,400000,4600000,cryptographic
51017,1,399886,400000,4600000,cryptographic
51017,2,400183,400000,4600000,cryptographic
51017,3,400000,400000,4600000,cryptographic
51017,4,458498,400000,4600000,cryptographic
51017,5,677527,400000,4600000,cryptographic
51017,6,2447794,400000,4600000,cryptographic
51017,7,400000,400000,4600000,cryptographic
51017,8,3399489,400000,3400000,cryptographic
51017,9,3409890,400000,3400000,cryptographic
51017,10,3399601,400000,3400000,cryptographic
51017,11,3399995,400000,3400000,cryptographic
51157,0,2218194,400000,4600000,cryptographic
51157,1,400000,400000,4600000,cryptographic
51157,2,4345714,400000,4600000,cryptographic
51157,3,400000,400000,4600000,cryptographic
51157,4,399661,400000,4600000,cryptographic
51157,5,400373,400000,4600000,cryptographic
51157,6,3799503,400000,4600000,cryptographic
51157,7,400000,400000,4600000,cryptographic
51157,8,3399913,400000,3400000,cryptographic
51157,9,3399950,400000,3400000,cryptographic
51157,10,3399714,400000,3400000,cryptographic
51157,11,3435714,400000,3400000,cryptographic
51296,0,557882,400000,4600000,cryptographic
51296,1,828282,400000,4600000,cryptographic
51296,2,400283,400000,4600000,cryptographic
51296,3,688339,400000,4600000,cryptographic
51296,4,591895,400000,4600000,cryptographic
51296,5,400000,400000,4600000,cryptographic
51296,6,400162,400000,4600000,cryptographic
51296,7,400000,400000,4600000,cryptographic
51296,8,3399544,400000,3400000,cryptographic
51296,9,3400025,400000,3400000,cryptographic
51296,10,3399959,400000,3400000,cryptographic
51296,11,3400047,400000,3400000,cryptographic
51434,0,762228,400000,4600000,cryptographic
51434,1,400000,400000,4600000,cryptographic
51434,2,400188,400000,4600000,cryptographic
51434,3,2765102,400000,4600000,cryptographic
51434,4,3797585,400000,4600000,cryptographic
51434,5,911767,400000,4600000,cryptographic
51434,6,533534,400000,4600000,cryptographic
51434,7,400000,400000,4600000,cryptographic
51434,8,3400003,400000,3400000,cryptographic
51434,9,3448267,400000,3400000,cryptographic
51434,10,3399956,400000,3400000,cryptographic
51434,11,3398017,400000,3400000,cryptographic
51573,0,3202042,400000,4600000,cryptographic
51573,1,776911,400000,4600000,cryptographic
51573,2,400232,400000,4600000,cryptographic
51573,3,400000,400000,4600000,cryptographic
51573,4,400222,400000,4600000,cryptographic
51573,5,490435,400000,4600000,cryptographic
51573,6,1046591,400000,4600000,cryptographic
51573,7,400000,400000,4600000,cryptographic
51573,8,3400222,400000,3400000,cryptographic
51573,9,3399741,400000,3400000,cryptographic
51573,10,3399797,400000,3400000,cryptographic
51573,11,3399907,400000,3400000,cryptographic
51710,0,2207941,400000,4600000,cryptographic
51710,1,612883,400000,4600000,cryptographic
51710,2,3967289,400000,4600000,cryptographic
51710,3,400000,400000,4600000,cryptographic
51710,4,4068900,400000,4600000,cryptographic
51710,5,4597594,400000,4600000,cryptographic
51710,6,2131386,400000,4600000,cryptographic
51710,7,400000,400000,4600000,cryptographic
51710,8,3400193,400000,3400000,cryptographic
51710,9,3399856,400000,3400000,cryptographic
51710,10,3400534,400000,3400000,cryptographic
51710,11,3399945,400000,3400000,cryptographic
51847,0,400350,400000,4600000,cryptographic
51847,1,496001,400000,4600000,cryptographic
51847,2,1277153,400000,4600000,cryptographic
51847,3,643177,400000,4600000,cryptographic
51847,4,1787843,400000,4600000,cryptographic
51847,5,3876709,400000,4600000,cryptographic
51847,6,3349558,400000,4600000,cryptographic
51847,7,400000,400000,4600000,cryptographic
51847,8,3400257,400000,3400000,cryptographic
51847,9,3400774,400000,3400000,cryptographic
51847,10,3399320,400000,3400000,cryptographic
51847,11,3399945,400000,3400000,cryptographic
51986,0,820354,400000,4600000,cryptographic
51986,1,400000,400000,4600000,cryptographic
51986,2,2616845,400000,4600000,cryptographic
51986,3,400000,400000,4600000,cryptographic
51986,4,452276,400000,4600000,cryptographic
51986,5,400420,400000,4600000,cryptographic
51986,6,400186,400000,4600000,cryptographic
51986,7,400000,400000,4600000,cryptographic
51986,8,3325464,400000,3400000,cryptographic
51986,9,3424750,400000,3400000,cryptographic
51986,10,3400586,400000,3400000,cryptographic
51986,11,3400435,400000,3400000,cryptographic
52124,0,858416,400000,4600000,cryptographic
52124,1,400000,400000,4600000,cryptographic
52124,2,4393258,400000,4600000,cryptographic
52124,3,400000,400000,4600000,cryptographic
52124,4,4455778,400000,4600000,cryptographic
52124,5,786717,400000,4600000,cryptographic
52124,6,3617461,400000,4600000,cryptographic
52124,7,400000,400000,4600000,cryptographic
52124,8,3400099,400000,3400000,cryptographic
52124,9,3400550,400000,3400000,cryptographic
52124,10,3400030,400000,3400000,cryptographic
52124,11,3400167,400000,3400000,cryptographic
52262,0,4389499,400000,4600000,cryptographic
52262,1,400000,400000,4600000,cryptographic
52262,2,400241,400000,4600000,cryptographic
52262,3,400339,400000,4600000,cryptographic
52262,4,3865173,400000,4600000,cryptographic
52262,5,400000,400000,4600000,cryptographic
52262,6,2943005,400000,4600000,cryptographic
52262,7,400000,400000,4600000,cryptographic
52262,8,3399937,400000,3400000,cryptographic
52262,9,3399198,400000,3400000,cryptographic
52262,10,3400742,400000,3400000,cryptographic
52262,11,3400282,400000,3400000,cryptographic
52400,0,4312306,400000,4600000,cryptographic
52400,1,398969,400000,4600000,cryptographic
52400,2,898711,400000,4600000,cryptographic
52400,3,400000,400000,4600000,cryptographic
52400,4,3109264,400000,4600000,cryptographic
52400,5,400000,400000,4600000,cryptographic
52400,6,615355,400000,4600000,cryptographic
52400,7,400000,400000,4600000,cryptographic
52400,8,3399884,400000,3400000,cryptographic
52400,9,3400596,400000,3400000,cryptographic
52400,10,3400171,400000,3400000,cryptographic
52400,11,3400869,400000,3400000,cryptographic
52539,0,400248,400000,4600000,cryptographic
52539,1,4146858,400000,4600000,cryptographic
52539,2,400199,400000,4600000,cryptographic
52539,3,400000,400000,4600000,cryptographic
52539,4,400286,400000,4600000,cryptographic
52539,5,400000,400000,4600000,cryptographic
52539,6,3956222,400000,4600000,cryptographic
52539,7,400000,400000,4600000,cryptographic
52539,8,3399787,400000,3400000,cryptographic
52539,9,3399383,400000,3400000,cryptographic
52539,10,3399726,400000,3400000,cryptographic
52539,11,3400078,400000,3400000,cryptographic
52677,0,918549,400000,4600000,cryptographic
52677,1,1150342,400000,4600000,cryptographic
52677,2,400293,400000,4600000,cryptographic
52677,3,1384359,400000,4600000,cryptographic
52677,4,400292,400000,4600000,cryptographic
52677,5,400000,400000,4600000,cryptographic
52677,6,400177,400000,4600000,cryptographic
52677,7,400000,400000,4600000,cryptographic
52677,8,3342376,400000,3400000,cryptographic
52677,9,3400262,400000,3400000,cryptographic
52677,10,3401089,400000,3400000,cryptographic
52677,11,3381666,400000,3400000,cryptographic
52815,0,990295,400000,4600000,cryptographic
52815,1,400000,400000,4600000,cryptographic
52815,2,400181,400000,4600000,cryptographic
52815,3,3497442,400000,4600000,cryptographic
52815,4,400071,400000,4600000,cryptographic
52815,5,400000,400000,4600000,cryptographic
52815,6,2695657,400000,4600000,cryptographic
52815,7,400000,400000,4600000,cryptographic
52815,8,3400114,400000,3400000,cryptographic
52815,9,3399674,400000,3400000,cryptographic
52815,10,3399765,400000,3400000,cryptographic
52815,11,3408132,400000,3400000,cryptographic
52952,0,712552,400000,4600000,cryptographic
52952,1,400000,400000,4600000,cryptographic
52952,2,400247,400000,4600000,cryptographic
52952,3,400000,400000,4600000,cryptographic
52952,4,3542103,400000,4600000,cryptographic
52952,5,400000,400000,4600000,cryptographic
52952,6,411226,400000,4600000,cryptographic
52952,7,397951,400000,4600000,cryptographic
52952,8,3399745,400000,3400000,cryptographic
52952,9,3399876,400000,3400000,cryptographic
52952,10,3408250,400000,3400000,cryptographic
52952,11,3400028,400000,3400000,cryptographic
53091,0,825112,400000,4600000,cryptographic
53091,1,400000,400000,4600000,cryptographic
53091,2,3713826,400000,4600000,cryptographic
53091,3,400000,400000,4600000,cryptographic
53091,4,4212549,400000,4600000,cryptographic
53091,5,400000,400000,4600000,cryptographic
53091,6,4377843,400000,4600000,cryptographic
53091,7,400000,400000,4600000,cryptographic
53091,8,3399848,400000,3400000,cryptographic
53091,9,3399822,400000,3400000,cryptographic
53091,10,3400023,400000,3400000,cryptographic
53091,11,3399857,400000,3400000,cryptographic
53229,0,1341720,400000,4600000,cryptographic
53229,1,400351,400000,4600000,cryptographic
53229,2,3961797,400000,4600000,cryptographic
53229,3,400000,400000,4600000,cryptographic
53229,4,3717437,400000,4600000,cryptographic
53229,5,400000,400000,4600000,cryptographic
53229,6,429719,400000,4600000,cryptographic
53229,7,803997,400000,4600000,cryptographic
53229,8,3414197,400000,3400000,cryptographic
53229,9,3399949,400000,3400000,cryptographic
53229,10,3399984,400000,3400000,cryptographic
53229,11,3400068,400000,3400000,cryptographic
53367,0,4499954,400000,4600000,cryptographic
53367,1,4301306,400000,4600000,cryptographic
53367,2,3820946,400000,4600000,cryptographic
53367,3,1370767,400000,4600000,cryptographic
53367,4,427906,400000,4600000,cryptographic
53367,5,4052277,400000,4600000,cryptographic
53367,6,4128798,400000,4600000,cryptographic
53367,7,4104463,400000,4600000,cryptographic
53367,8,3100000,400000,3400000,cryptographic
53367,9,3098453,400000,3400000,cryptographic
53367,10,3000245,400000,3400000,cryptographic
53367,11,3000016,400000,3400000,cryptographic
53507,0,1656202,400000,4600000,cryptographic
53507,1,400312,400000,4600000,cryptographic
53507,2,400176,400000,4600000,cryptographic
53507,3,2887101,400000,4600000,cryptographic
53507,4,435372,400000,4600000,cryptographic
53507,5,400000,400000,4600000,cryptographic
53507,6,878919,400000,4600000,cryptographic
53507,7,400000,400000,4600000,cryptographic
53507,8,3199754,400000,3400000,cryptographic
53507,9,3200527,400000,3400000,cryptographic
53507,10,3199705,400000,3400000,cryptographic
53507,11,3199721,400000,3400000,cryptographic
53648,0,1376069,400000,4600000,cryptographic
53648,1,769962,400000,4600000,cryptographic
53648,2,400000,400000,4600000,cryptographic
53648,3,400259,400000,4600000,cryptographic
53648,4,400192,400000,4600000,cryptographic
53648,5,400000,400000,4600000,cryptographic
53648,6,399869,400000,4600000,cryptographic
53648,7,400000,400000,4600000,cryptographic
53648,8,3300194,400000,3400000,cryptographic
53648,9,3299670,400000,3400000,cryptographic
53648,10,3300237,400000,3400000,cryptographic
53648,11,3300148,400000,3400000,cryptographic
53787,0,3989929,400000,4600000,cryptographic
53787,1,400000,400000,4600000,cryptographic
53787,2,2411790,400000,4600000,cryptographic
53787,3,520500,400000,4600000,cryptographic
53787,4,1040759,400000,4600000,cryptographic
53787,5,400000,400000,4600000,cryptographic
53787,6,400000,400000,4600000,cryptographic
53787,7,400000,400000,4600000,cryptographic
53787,8,3399466,400000,3400000,cryptographic
53787,9,3399320,400000,3400000,cryptographic
53787,10,3399927,400000,3400000,cryptographic
53787,11,3400104,400000,3400000,cryptographic
53925,0,400181,400000,4600000,cryptographic
53925,1,400000,400000,4600000,cryptographic
53925,2,400000,400000,4600000,cryptographic
53925,3,422584,400000,4600000,cryptographic
53925,4,400096,400000,4600000,cryptographic
53925,5,400000,400000,4600000,cryptographic
53925,6,399907,400000,4600000,cryptographic
53925,7,400000,400000,4600000,cryptographic
53925,8,3399289,400000,3400000,cryptographic
53925,9,3400163,400000,3400000,cryptographic
53925,10,3330383,400000,3400000,cryptographic
53925,11,3300290,400000,3400000,cryptographic
54064,0,399762,400000,4600000,cryptographic
54064,1,1053402,400000,4600000,cryptographic
54064,2,400000,400000,4600000,cryptographic
54064,3,400452,400000,4600000,cryptographic
54064,4,4212648,400000,4600000,cryptographic
54064,5,400000,400000,4600000,cryptographic
54064,6,4401065,400000,4600000,cryptographic
54064,7,400000,400000,4600000,cryptographic
54064,8,3399896,400000,3400000,cryptographic
54064,9,3399932,400000,3400000,cryptographic
54064,10,3402449,400000,3400000,cryptographic
54064,11,3400006,400000,3400000,cryptographic
54200,0,1014892,400000,4600000,cryptographic
54200,1,400489,400000,4600000,cryptographic
54200,2,400179,400000,4600000,cryptographic
54200,3,532630,400000,4600000,cryptographic
54200,4,4591496,400000,4600000,cryptographic
54200,5,400000,400000,4600000,cryptographic
54200,6,4567183,400000,4600000,cryptographic
54200,7,399756,400000,4600000,cryptographic
54200,8,3399805,400000,3400000,cryptographic
54200,9,3401279,400000,3400000,cryptographic
54200,10,3400064,400000,3400000,cryptographic
54200,11,3400247,400000,3400000,cryptographic
54338,0,1057363,400000,4600000,cryptographic
54338,1,400000,400000,4600000,cryptographic
54338,2,400287,400000,4600000,cryptographic
54338,3,400000,400000,4600000,cryptographic
54338,4,4304069,400000,4600000,cryptographic
54338,5,588411,400000,4600000,cryptographic
54338,6,4558790,400000,4600000,cryptographic
54338,7,400000,400000,4600000,cryptographic
54338,8,3397211,400000,3400000,cryptographic
54338,9,3399889,400000,3400000,cryptographic
54338,10,3376111,400000,3400000,cryptographic
54338,11,3399863,400000,3400000,cryptographic
54475,0,399904,400000,4600000,cryptographic
54475,1,1534974,400000,4600000,cryptographic
54475,2,796731,400000,4600000,cryptographic
54475,3,400000,400000,4600000,cryptographic
54475,4,400190,400000,4600000,cryptographic
54475,5,400000,400000,4600000,cryptographic
54475,6,609964,400000,4600000,cryptographic
54475,7,400000,400000,4600000,cryptographic
54475,8,3400155,400000,3400000,cryptographic
54475,9,3400069,400000,3400000,cryptographic
54475,10,3400087,400000,3400000,cryptographic
54475,11,3400051,400000,3400000,cryptographic
54612,0,1886987,400000,4600000,cryptographic
54612,1,633824,400000,4600000,cryptographic
54612,2,4500000,400000,4600000,cryptographic
54612,3,400000,400000,4600000,cryptographic
54612,4,579122,400000,4600000,cryptographic
54612,5,3375034,400000,4600000,cryptographic
54612,6,2556054,400000,4600000,cryptographic
54612,7,400000,400000,4600000,cryptographic
54612,8,3400131,400000,3400000,cryptographic
54612,9,3399924,400000,3400000,cryptographic
54612,10,3400275,400000,3400000,cryptographic
54612,11,3400130,400000,3400000,cryptographic
54748,0,2732120,400000,4600000,cryptographic
54748,1,400000,400000,4600000,cryptographic
54748,2,3588953,400000,4600000,cryptographic
54748,3,400000,400000,4600000,cryptographic
54748,4,4427716,400000,4600000,cryptographic
54748,5,400000,400000,4600000,cryptographic
54748,6,1159184,400000,4600000,cryptographic
54748,7,400000,400000,4600000,cryptographic
54748,8,3400276,400000,3400000,cryptographic
54748,9,3399524,400000,3400000,cryptographic
54748,10,3400371,400000,3400000,cryptographic
54748,11,3396016,400000,3400000,cryptographic
54885,0,856746,400000,4600000,cryptographic
54885,1,400000,400000,4600000,cryptographic
54885,2,590454,400000,4600000,cryptographic
54885,3,400000,400000,4600000,cryptographic
54885,4,4118015,400000,4600000,cryptographic
54885,5,400000,400000,4600000,cryptographic
54885,6,1268185,400000,4600000,cryptographic
54885,7,400000,400000,4600000,cryptographic
54885,8,3400042,400000,3400000,cryptographic
54885,9,3399876,400000,3400000,cryptographic
54885,10,3401395,400000,3400000,cryptographic
54885,11,3062044,400000,3400000,cryptographic
55023,0,1027497,400000,4600000,cryptographic
55023,1,400000,400000,4600000,cryptographic
55023,2,2487126,400000,4600000,cryptographic
55023,3,2587477,400000,4600000,cryptographic
55023,4,554037,400000,4600000,cryptographic
55023,5,685643,400000,4600000,cryptographic
55023,6,400252,400000,4600000,cryptographic
55023,7,400000,400000,4600000,cryptographic
55023,8,3400202,400000,3400000,cryptographic
55023,9,3399811,400000,3400000,cryptographic
55023,10,3399598,400000,3400000,cryptographic
55023,11,3399864,400000,3400000,cryptographic
55162,0,2888530,400000,4600000,cryptographic
55162,1,400000,400000,4600000,cryptographic
55162,2,2272957,400000,4600000,cryptographic
55162,3,663927,400000,4600000,cryptographic
55162,4,4086132,400000,4600000,cryptographic
55162,5,400000,400000,4600000,cryptographic
55162,6,4408369,400000,4600000,cryptographic
55162,7,400000,400000,4600000,cryptographic
55162,8,3401496,400000,3400000,cryptographic
55162,9,3399761,400000,3400000,cryptographic
55162,10,3399983,400000,3400000,cryptographic
55162,11,3400252,400000,3400000,cryptographic
55300,0,4280517,400000,4600000,cryptographic
55300,1,400000,400000,4600000,cryptographic
55300,2,692419,400000,4600000,cryptographic
55300,3,400000,400000,4600000,cryptographic
55300,4,690061,400000,4600000,cryptographic
55300,5,977628,400000,4600000,cryptographic
55300,6,643131,400000,4600000,cryptographic
55300,7,400000,400000,4600000,cryptographic
55300,8,3399945,400000,3400000,cryptographic
55300,9,3400155,400000,3400000,cryptographic
55300,10,3399975,400000,3400000,cryptographic
55300,11,3399987,400000,3400000,cryptographic
55437,0,761090,400000,4600000,cryptographic
55437,1,400181,400000,4600000,cryptographic
55437,2,399176,400000,4600000,cryptographic
55437,3,697700,400000,4600000,cryptographic
55437,4,1479448,400000,4600000,cryptographic
55437,5,4031011,400000,4600000,cryptographic
55437,6,1704763,400000,4600000,cryptographic
55437,7,400000,400000,4600000,cryptographic
55437,8,3300087,400000,3400000,cryptographic
55437,9,3200327,400000,3400000,cryptographic
55437,10,3200455,400000,3400000,cryptographic
55437,11,3200094,400000,3400000,cryptographic
55575,0,3568654,400000,4600000,cryptographic
55575,1,400000,400000,4600000,cryptographic
55575,2,400276,400000,4600000,cryptographic
55575,3,400000,400000,4600000,cryptographic
55575,4,491780,400000,4600000,cryptographic
55575,5,400000,400000,4600000,cryptographic
55575,6,4589890,400000,4600000,cryptographic
55575,7,400332,400000,4600000,cryptographic
55575,8,3400004,400000,3400000,cryptographic
55575,9,3400373,400000,3400000,cryptographic
55575,10,3400053,400000,3400000,cryptographic
55575,11,3400160,400000,3400000,cryptographic
55713,0,2831537,400000,4600000,cryptographic
55713,1,400000,400000,4600000,cryptographic
55713,2,418006,400000,4600000,cryptographic
55713,3,400000,400000,4600000,cryptographic
55713,4,3673680,400000,4600000,cryptographic
55713,5,400000,400000,4600000,cryptographic
55713,6,2504109,400000,4600000,cryptographic
55713,7,400000,400000,4600000,cryptographic
55713,8,3399888,400000,3400000,cryptographic
55713,9,3299876,400000,3400000,cryptographic
55713,10,3300463,400000,3400000,cryptographic
55713,11,3334042,400000,3400000,cryptographic
55851,0,553850,400000,4600000,cryptographic
55851,1,846555,400000,4600000,cryptographic
55851,2,400282,400000,4600000,cryptographic
55851,3,1525883,400000,4600000,cryptographic
55851,4,400089,400000,4600000,cryptographic
55851,5,400300,400000,4600000,cryptographic
55851,6,4590936,400000,4600000,cryptographic
55851,7,400000,400000,4600000,cryptographic
55851,8,3400628,400000,3400000,cryptographic
55851,9,3400013,400000,3400000,cryptographic
55851,10,3400111,400000,3400000,cryptographic
55851,11,3400623,400000,3400000,cryptographic
55990,0,696241,400000,4600000,cryptographic
55990,1,2311382,400000,4600000,cryptographic
55990,2,3981208,400000,4600000,cryptographic
55990,3,400000,400000,4600000,cryptographic
55990,4,3205860,400000,4600000,cryptographic
55990,5,400000,400000,4600000,cryptographic
55990,6,400094,400000,4600000,cryptographic
55990,7,400000,400000,4600000,cryptographic
55990,8,3402703,400000,3400000,cryptographic
55990,9,3398949,400000,3400000,cryptographic
55990,10,3399664,400000,3400000,cryptographic
55990,11,3400409,400000,3400000,cryptographic
56128,0,3953717,400000,4600000,cryptographic
56128,1,400687,400000,4600000,cryptographic
56128,2,1011648,400000,4600000,cryptographic
56128,3,400000,400000,4600000,cryptographic
56128,4,506741,400000,4600000,cryptographic
56128,5,400000,400000,4600000,cryptographic
56128,6,3928366,400000,4600000,cryptographic
56128,7,494270,400000,4600000,cryptographic
56128,8,3072254,400000,3400000,cryptographic
56128,9,3400085,400000,3400000,cryptographic
56128,10,3400239,400000,3400000,cryptographic
56128,11,3399512,400000,3400000,cryptographic
56265,0,400330,400000,4600000,cryptographic
56265,1,470712,400000,4600000,cryptographic
56265,2,4591702,400000,4600000,cryptographic
56265,3,2038289,400000,4600000,cryptographic
56265,4,400287,400000,4600000,cryptographic
56265,5,1412312,400000,4600000,cryptographic
56265,6,400094,400000,4600000,cryptographic
56265,7,400000,400000,4600000,cryptographic
56265,8,3399985,400000,3400000,cryptographic
56265,9,3400310,400000,3400000,cryptographic
56265,10,3405699,400000,3400000,cryptographic
56265,11,3400097,400000,3400000,cryptographic
56403,0,400170,400000,4600000,cryptographic
56403,1,2984020,400000,4600000,cryptographic
56403,2,565520,400000,4600000,cryptographic
56403,3,400000,400000,4600000,cryptographic
56403,4,4590107,400000,4600000,cryptographic
56403,5,400000,400000,4600000,cryptographic
56403,6,399743,400000,4600000,cryptographic
56403,7,400000,400000,4600000,cryptographic
56403,8,3361016,400000,3400000,cryptographic
56403,9,3400126,400000,3400000,cryptographic
56403,10,3395975,400000,3400000,cryptographic
56403,11,3400840,400000,3400000,cryptographic
56540,0,4370750,400000,4600000,cryptographic
56540,1,400375,400000,4600000,cryptographic
56540,2,460965,400000,4600000,cryptographic
56540,3,1327968,400000,4600000,cryptographic
56540,4,4055603,400000,4600000,cryptographic
56540,5,400000,400000,4600000,cryptographic
56540,6,897488,400000,4600000,cryptographic
56540,7,400000,400000,4600000,cryptographic
56540,8,3400164,400000,3400000,cryptographic
56540,9,3400035,400000,3400000,cryptographic
56540,10,3399914,400000,3400000,cryptographic
56540,11,3399460,400000,3400000,cryptographic
56678,0,3723690,400000,4600000,cryptographic
56678,1,2126729,400000,4600000,cryptographic
56678,2,1595659,400000,4600000,cryptographic
56678,3,703004,400000,4600000,cryptographic
56678,4,579368,400000,4600000,cryptographic
56678,5,1878929,400000,4600000,cryptographic
56678,6,3343246,400000,4600000,cryptographic
56678,7,400000,400000,4600000,cryptographic
56678,8,3399901,400000,3400000,cryptographic
56678,9,3399848,400000,3400000,cryptographic
56678,10,3399991,400000,3400000,cryptographic
56678,11,3399379,400000,3400000,cryptographic
56817,0,400000,400000,4600000,cryptographic
56817,1,400000,400000,4600000,cryptographic
56817,2,400000,400000,4600000,cryptographic
56817,3,400000,400000,4600000,cryptographic
56817,4,746602,400000,4600000,cryptographic
56817,5,400000,400000,4600000,cryptographic
56817,6,400000,400000,4600000,cryptographic
56817,7,400000,400000,4600000,cryptographic
56817,8,3400287,400000,3400000,cryptographic
56817,9,3399964,400000,3400000,cryptographic
56817,10,3400234,400000,3400000,cryptographic
56817,11,3399939,400000,3400000,cryptographic
56954,0,4056117,400000,4600000,cryptographic
56954,1,4600000,400000,4600000,cryptographic
56954,2,400069,400000,4600000,cryptographic
56954,3,400000,400000,4600000,cryptographic
56954,4,400095,400000,4600000,cryptographic
56954,5,400000,400000,4600000,cryptographic
56954,6,1437963,400000,4600000,cryptographic
56954,7,400000,400000,4600000,cryptographic
56954,8,3397291,400000,3400000,cryptographic
56954,9,3386956,400000,3400000,cryptographic
56954,10,3399644,400000,3400000,cryptographic
56954,11,3400125,400000,3400000,cryptographic
57091,0,1594944,400000,4600000,cryptographic
57091,1,1900125,400000,4600000,cryptographic
57091,2,412444,400000,4600000,cryptographic
57091,3,400000,400000,4600000,cryptographic
57091,4,4572255,400000,4600000,cryptographic
57091,5,721744,400000,4600000,cryptographic
57091,6,1196370,400000,4600000,cryptographic
57091,7,400000,400000,4600000,cryptographic
57091,8,3400366,400000,3400000,cryptographic
57091,9,3399807,400000,3400000,cryptographic
57091,10,3399869,400000,3400000,cryptographic
57091,11,3400589,400000,3400000,cryptographic
57229,0,400577,400000,4600000,cryptographic
57229,1,400513,400000,4600000,cryptographic
57229,2,1518434,400000,4600000,cryptographic
57229,3,400000,400000,4600000,cryptographic
57229,4,4578274,400000,4600000,cryptographic
57229,5,400000,400000,4600000,cryptographic
57229,6,4226787,400000,4600000,cryptographic
57229,7,400000,400000,4600000,cryptographic
57229,8,3400119,400000,3400000,cryptographic
57229,9,3399826,400000,3400000,cryptographic
57229,10,3400055,400000,3400000,cryptographic
57229,11,3399890,400000,3400000,cryptographic
57368,0,885559,400000,4600000,cryptographic
57368,1,926506,400000,4600000,cryptographic
57368,2,1743116,400000,4600000,cryptographic
57368,3,400000,400000,4600000,cryptographic
57368,4,3332474,400000,4600000,cryptographic
57368,5,400000,400000,4600000,cryptographic
57368,6,3309223,400000,4600000,cryptographic
57368,7,400000,400000,4600000,cryptographic
57368,8,3399811,400000,3400000,cryptographic
57368,9,3400155,400000,3400000,cryptographic
57368,10,3399894,400000,3400000,cryptographic
57368,11,3384208,400000,3400000,cryptographic
57507,0,1754978,400000,4600000,cryptographic
57507,1,1296857,400000,4600000,cryptographic
57507,2,2997228,400000,4600000,cryptographic
57507,3,400000,400000,4600000,cryptographic
57507,4,3429122,400000,4600000,cryptographic
57507,5,1198645,400000,4600000,cryptographic
57507,6,4418923,400000,4600000,cryptographic
57507,7,400000,400000,4600000,cryptographic
57507,8,3400561,400000,3400000,cryptographic
57507,9,3399470,400000,3400000,cryptographic
57507,10,3399826,400000,3400000,cryptographic
57507,11,3399807,400000,3400000,cryptographic
57644,0,400308,400000,4600000,cryptographic
57644,1,3205506,400000,4600000,cryptographic
57644,2,400000,400000,4600000,cryptographic
57644,3,399783,400000,4600000,cryptographic
57644,4,400189,400000,4600000,cryptographic
57644,5,400000,400000,4600000,cryptographic
57644,6,4129611,400000,4600000,cryptographic
57644,7,400000,400000,4600000,cryptographic
57644,8,3399868,400000,3400000,cryptographic
57644,9,3400314,400000,3400000,cryptographic
57644,10,3300156,400000,3400000,cryptographic
57644,11,3300028,400000,3400000,cryptographic
57782,0,3452647,400000,4600000,cryptographic
57782,1,4600000,400000,4600000,cryptographic
57782,2,4116978,400000,4600000,cryptographic
57782,3,400000,400000,4600000,cryptographic
57782,4,1399739,400000,4600000,cryptographic
57782,5,400000,400000,4600000,cryptographic
57782,6,1630192,400000,4600000,cryptographic
57782,7,400000,400000,4600000,cryptographic
57782,8,3399952,400000,3400000,cryptographic
57782,9,3400149,400000,3400000,cryptographic
57782,10,3403186,400000,3400000,cryptographic
57782,11,3400059,400000,3400000,cryptographic
57920,0,400000,400000,4600000,cryptographic
57920,1,607118,400000,4600000,cryptographic
57920,2,4113336,400000,4600000,cryptographic
57920,3,400000,400000,4600000,cryptographic
57920,4,523902,400000,4600000,cryptographic
57920,5,400000,400000,4600000,cryptographic
57920,6,454707,400000,4600000,cryptographic
57920,7,400000,400000,4600000,cryptographic
57920,8,3399655,400000,3400000,cryptographic
57920,9,3400026,400000,3400000,cryptographic
57920,10,3399880,400000,3400000,cryptographic
57920,11,3399831,400000,3400000,cryptographic
58058,0,399467,400000,4600000,cryptographic
58058,1,683888,400000,4600000,cryptographic
58058,2,510664,400000,4600000,cryptographic
58058,3,3971300,400000,4600000,cryptographic
58058,4,1522053,400000,4600000,cryptographic
58058,5,400000,400000,4600000,cryptographic
58058,6,3389348,400000,4600000,cryptographic
58058,7,400000,400000,4600000,cryptographic
58058,8,3400243,400000,3400000,cryptographic
58058,9,3400475,400000,3400000,cryptographic
58058,10,3400018,400000,3400000,cryptographic
58058,11,3399462,400000,3400000,cryptographic
58195,0,1219219,400000,4600000,cryptographic
58195,1,400000,400000,4600000,cryptographic
58195,2,2967513,400000,4600000,cryptographic
58195,3,400000,400000,4600000,cryptographic
58195,4,400000,400000,4600000,cryptographic
58195,5,400000,400000,4600000,cryptographic
58195,6,1862060,400000,4600000,cryptographic
58195,7,399124,400000,4600000,cryptographic
58195,8,3400182,400000,3400000,cryptographic
58195,9,3400355,400000,3400000,cryptographic
58195,10,3400739,400000,3400000,cryptographic
58195,11,3371982,400000,3400000,cryptographic
58333,0,486067,400000,4600000,cryptographic
58333,1,455750,400000,4600000,cryptographic
58333,2,3451233,400000,4600000,cryptographic
58333,3,400000,400000,4600000,cryptographic
58333,4,400382,400000,4600000,cryptographic
58333,5,400000,400000,4600000,cryptographic
58333,6,3268426,400000,4600000,cryptographic
58333,7,400000,400000,4600000,cryptographic
58333,8,3400956,400000,3400000,cryptographic
58333,9,3400466,400000,3400000,cryptographic
58333,10,3400117,400000,3400000,cryptographic
58333,11,3400402,400000,3400000,cryptographic
58470,0,400095,400000,4600000,cryptographic
58470,1,1261970,400000,4600000,cryptographic
58470,2,3942291,400000,4600000,cryptographic
58470,3,787276,400000,4600000,cryptographic
58470,4,400185,400000,4600000,cryptographic
58470,5,400000,400000,4600000,cryptographic
58470,6,3784566,400000,4600000,cryptographic
58470,7,400000,400000,4600000,cryptographic
58470,8,3400213,400000,3400000,cryptographic
58470,9,3400781,400000,3400000,cryptographic
58470,10,3400634,400000,3400000,cryptographic
58470,11,3399122,400000,3400000,cryptographic
58608,0,707916,400000,4600000,cryptographic
58608,1,400342,400000,4600000,cryptographic
58608,2,986834,400000,4600000,cryptographic
58608,3,400000,400000,4600000,cryptographic
58608,4,659844,400000,4600000,cryptographic
58608,5,400000,400000,4600000,cryptographic
58608,6,400461,400000,4600000,cryptographic
58608,7,3877509,400000,4600000,cryptographic
58608,8,3400140,400000,3400000,cryptographic
58608,9,3399906,400000,3400000,cryptographic
58608,10,3399767,400000,3400000,cryptographic
58608,11,3399769,400000,3400000,cryptographic
58746,0,3904608,400000,4600000,cryptographic
58746,1,400000,400000,4600000,cryptographic
58746,2,3719606,400000,4600000,cryptographic
58746,3,400000,400000,4600000,cryptographic
58746,4,416896,400000,4600000,cryptographic
58746,5,2464272,400000,4600000,cryptographic
58746,6,4115091,400000,4600000,cryptographic
58746,7,400000,400000,4600000,cryptographic
58746,8,3399516,400000,3400000,cryptographic
58746,9,3300243,400000,3400000,cryptographic
58746,10,3300098,400000,3400000,cryptographic
58746,11,3300516,400000,3400000,cryptographic
58882,0,479250,400000,4600000,cryptographic
58882,1,777895,400000,4600000,cryptographic
58882,2,400288,400000,4600000,cryptographic
58882,3,400000,400000,4600000,cryptographic
58882,4,4292266,400000,4600000,cryptographic
58882,5,400000,400000,4600000,cryptographic
58882,6,400170,400000,4600000,cryptographic
58882,7,400000,400000,4600000,cryptographic
58882,8,3400696,400000,3400000,cryptographic
58882,9,3400065,400000,3400000,cryptographic
58882,10,3395312,400000,3400000,cryptographic
58882,11,3399755,400000,3400000,cryptographic
59020,0,3959309,400000,4600000,cryptographic
59020,1,400000,400000,4600000,cryptographic
59020,2,1315494,400000,4600000,cryptographic
59020,3,400000,400000,4600000,cryptographic
59020,4,400141,400000,4600000,cryptographic
59020,5,400000,400000,4600000,cryptographic
59020,6,400373,400000,4600000,cryptographic
59020,7,400000,400000,4600000,cryptographic
59020,8,3399540,400000,3400000,cryptographic
59020,9,3400246,400000,3400000,cryptographic
59020,10,3400182,400000,3400000,cryptographic
59020,11,3400821,400000,3400000,cryptographic
59157,0,400165,400000,4600000,cryptographic
59157,1,400277,400000,4600000,cryptographic
59157,2,490388,400000,4600000,cryptographic
59157,3,400000,400000,4600000,cryptographic
59157,4,400132,400000,4600000,cryptographic
59157,5,400000,400000,4600000,cryptographic
59157,6,3288596,400000,4600000,cryptographic
59157,7,400000,400000,4600000,cryptographic
59157,8,3399822,400000,3400000,cryptographic
59157,9,3399961,400000,3400000,cryptographic
59157,10,3400138,400000,3400000,cryptographic
59157,11,3399602,400000,3400000,cryptographic
59295,0,3321172,400000,4600000,cryptographic
59295,1,869056,400000,4600000,cryptographic
59295,2,400195,400000,4600000,cryptographic
59295,3,400000,400000,4600000,cryptographic
59295,4,4175070,400000,4600000,cryptographic
59295,5,400000,400000,4600000,cryptographic
59295,6,451288,400000,4600000,cryptographic
59295,7,400000,400000,4600000,cryptographic
59295,8,3398745,400000,3400000,cryptographic
59295,9,3400013,400000,3400000,cryptographic
59295,10,3399852,400000,3400000,cryptographic
59295,11,3399752,400000,3400000,cryptographic
59432,0,400242,400000,4600000,cryptographic
59432,1,708359,400000,4600000,cryptographic
59432,2,738006,400000,4600000,cryptographic
59432,3,401427,400000,4600000,cryptographic
59432,4,1282368,400000,4600000,cryptographic
59432,5,400435,400000,4600000,cryptographic
59432,6,522331,400000,4600000,cryptographic
59432,7,567753,400000,4600000,cryptographic
59432,8,3300065,400000,3400000,cryptographic
59432,9,3299652,400000,3400000,cryptographic
59432,10,3300389,400000,3400000,cryptographic
59432,11,3190346,400000,3400000,cryptographic
59572,0,467216,400000,4600000,cryptographic
59572,1,487508,400000,4600000,cryptographic
59572,2,400000,400000,4600000,cryptographic
59572,3,400345,400000,4600000,cryptographic
59572,4,3687148,400000,4600000,cryptographic
59572,5,400000,400000,4600000,cryptographic
59572,6,3263139,400000,4600000,cryptographic
59572,7,400000,400000,4600000,cryptographic
59572,8,3399633,400000,3400000,cryptographic
59572,9,3400990,400000,3400000,cryptographic
59572,10,3300283,400000,3400000,cryptographic
59572,11,3299881,400000,3400000,cryptographic
59709,0,3897491,400000,4600000,cryptographic
59709,1,400670,400000,4600000,cryptographic
59709,2,504420,400000,4600000,cryptographic
59709,3,400000,400000,4600000,cryptographic
59709,4,3431667,400000,4600000,cryptographic
59709,5,400000,400000,4600000,cryptographic
59709,6,2926651,400000,4600000,cryptographic
59709,7,400000,400000,4600000,cryptographic
59709,8,3199660,400000,3400000,cryptographic
59709,9,3200305,400000,3400000,cryptographic
59709,10,3200065,400000,3400000,cryptographic
59709,11,3199794,400000,3400000,cryptographic
59849,0,614007,400000,4600000,cryptographic
59849,1,400348,400000,4600000,cryptographic
59849,2,400441,400000,4600000,cryptographic
59849,3,400000,400000,4600000,cryptographic
59849,4,400167,400000,4600000,cryptographic
59849,5,400000,400000,4600000,cryptographic
59849,6,3805966,400000,4600000,cryptographic
59849,7,400000,400000,4600000,cryptographic
59849,8,3400348,400000,3400000,cryptographic
59849,9,3400076,400000,3400000,cryptographic
59849,10,3399930,400000,3400000,cryptographic
59849,11,3399885,400000,3400000,cryptographic
59986,0,399910,400000,4600000,cryptographic
59986,1,1337566,400000,4600000,cryptographic
59986,2,518055,400000,4600000,cryptographic
59986,3,400000,400000,4600000,cryptographic
59986,4,4350312,400000,4600000,cryptographic
59986,5,400000,400000,4600000,cryptographic
59986,6,400252,400000,4600000,cryptographic
59986,7,400000,400000,4600000,cryptographic
59986,8,3400648,400000,3400000,cryptographic
59986,9,3400487,400000,3400000,cryptographic
59986,10,3401369,400000,3400000,cryptographic
59986,11,3400370,400000,3400000,cryptographic
60124,0,3094732,400000,4600000,cryptographic
60124,1,769232,400000,4600000,cryptographic
60124,2,1173806,400000,4600000,cryptographic
60124,3,400000,400000,4600000,cryptographic
60124,4,400361,400000,4600000,cryptographic
60124,5,400000,400000,4600000,cryptographic
60124,6,400186,400000,4600000,cryptographic
60124,7,400000,400000,4600000,cryptographic
60124,8,3400850,400000,3400000,cryptographic
60124,9,3400017,400000,3400000,cryptographic
60124,10,3401121,400000,3400000,cryptographic
60124,11,3400241,400000,3400000,cryptographic
60262,0,3383925,400000,4600000,cryptographic
60262,1,1076898,400000,4600000,cryptographic
60262,2,815233,400000,4600000,cryptographic
60262,3,400000,400000,4600000,cryptographic
60262,4,2601859,400000,4600000,cryptographic
60262,5,400000,400000,4600000,cryptographic
60262,6,508336,400000,4600000,cryptographic
60262,7,400000,400000,4600000,cryptographic
60262,8,3399860,400000,3400000,cryptographic
60262,9,3399717,400000,3400000,cryptographic
60262,10,3399836,400000,3400000,cryptographic
60262,11,3400003,400000,3400000,cryptographic
