iter,start_ns,end_ns,duration_us
1,1774278989156995425,1774278989163103867,6108
2,1774278989164644412,1774278989171499750,6855
3,1774278989173101622,1774278989178030357,4928
4,1774278989179598196,1774278989186199806,6601
5,1774278989187691502,1774278989192935486,5243
6,1774278989194503495,1774278989199693085,5189
7,1774278989201307277,1774278989206193139,4885
8,1774278989207761295,1774278989214029345,6268
9,1774278989215579555,1774278989222229275,6649
10,1774278989223775583,1774278989228337201,4561
11,1774278989229915484,1774278989235464704,5549
12,1774278989236950761,1774278989243790511,6839
13,1774278989245408476,1774278989250612075,5203
14,1774278989252199010,1774278989259267495,7068
15,1774278989260805158,1774278989265271136,4465
16,1774278989266774893,1774278989272807374,6032
17,1774278989274309452,1774278989278919210,4609
18,1774278989280393844,1774278989286207551,5813
19,1774278989287694241,1774278989293023728,5329
20,1774278989294604519,1774278989299677742,5073
21,1774278989301247141,1774278989306287778,5040
22,1774278989307952936,1774278989313751636,5798
23,1774278989315422102,1774278989321423290,6001
24,1774278989322946132,1774278989328605702,5659
25,1774278989330252087,1774278989334724222,4472
26,1774278989336268180,1774278989341508115,5239
27,1774278989343055667,1774278989347975848,4920
28,1774278989349560879,1774278989354327504,4766
29,1774278989355907364,1774278989362111393,6204
30,1774278989363622360,1774278989370316735,6694
31,1774278989371911775,1774278989376444183,4532
32,1774278989378065807,1774278989384823185,6757
33,1774278989386457146,1774278989391197367,4740
34,1774278989392808834,1774278989398194101,5385
35,1774278989399796984,1774278989404321997,4525
36,1774278989405916254,1774278989410949533,5033
37,1774278989412525383,1774278989417273090,4747
38,1774278989418839857,1774278989423429833,4589
39,1774278989424871154,1774278989429487478,4616
40,1774278989431089770,1774278989435579212,4489
41,1774278989437158140,1774278989441753618,4595
42,1774278989443276679,1774278989447730949,4454
43,1774278989449288368,1774278989455929629,6641
44,1774278989457537211,1774278989462781316,5244
45,1774278989464367841,1774278989469713186,5345
46,1774278989471216213,1774278989476027149,4810
47,1774278989477593826,1774278989482753473,5159
48,1774278989484349374,1774278989491123131,6773
49,1774278989492634711,1774278989497332729,4698
50,1774278989498925862,1774278989505177191,6251
51,1774278989506693505,1774278989512414022,5720
52,1774278989514017820,1774278989518976341,4958
53,1774278989520590905,1774278989525695875,5104
54,1774278989527315863,1774278989532516382,5200
55,1774278989534108679,1774278989541024260,6915
56,1774278989542557413,1774278989547880731,5323
57,1774278989549416775,1774278989554801135,5384
58,1774278989556406131,1774278989561314518,4908
59,1774278989562900030,1774278989567882018,4981
60,1774278989569443479,1774278989574582456,5138
61,1774278989576108498,1774278989580663726,4555
62,1774278989582186229,1774278989587152523,4966
63,1774278989588691968,1774278989593308227,4616
64,1774278989594914384,1774278989599542883,4628
65,1774278989601082685,1774278989605604376,4521
66,1774278989607125046,1774278989611565680,4440
67,1774278989613093830,1774278989617559361,4465
68,1774278989619053977,1774278989623579652,4525
69,1774278989625103656,1774278989629648432,4544
70,1774278989631200766,1774278989636054674,4853
71,1774278989637612390,1774278989643290432,5678
72,1774278989644891361,1774278989651965634,7074
73,1774278989653619057,1774278989660508144,6889
74,1774278989662094888,1774278989667034630,4939
75,1774278989668624290,1774278989673685514,5061
76,1774278989675030127,1774278989679826789,4796
77,1774278989681354176,1774278989687241749,5887
78,1774278989688684085,1774278989693380931,4696
79,1774278989694982672,1774278989700320871,5338
80,1774278989701828258,1774278989708545372,6717
81,1774278989710141510,1774278989715512107,5370
82,1774278989717108419,1774278989723122223,6013
83,1774278989724697762,1774278989729356687,4658
84,1774278989730895660,1774278989736644317,5748
85,1774278989738341534,1774278989743036134,4694
86,1774278989744595932,1774278989749581080,4985
87,1774278989751183654,1774278989755698376,4514
88,1774278989757268479,1774278989761753809,4485
89,1774278989763351007,1774278989768588509,5237
90,1774278989770144944,1774278989774644112,4499
91,1774278989776192149,1774278989781453413,5261
92,1774278989783050067,1774278989788642685,5592
93,1774278989790239749,1774278989796133788,5894
94,1774278989797748394,1774278989802354934,4606
95,1774278989803764772,1774278989808331735,4566
96,1774278989809956361,1774278989814594235,4637
97,1774278989816137796,1774278989820744247,4606
98,1774278989822272346,1774278989826729849,4457
99,1774278989828311901,1774278989835154851,6842
100,1774278989836795949,1774278989842391156,5595
101,1774278989843890473,1774278989850511103,6620
102,1774278989852097974,1774278989856926177,4828
103,1774278989858633182,1774278989864365476,5732
104,1774278989865995962,1774278989870887031,4891
105,1774278989872467968,1774278989877582907,5114
106,1774278989879145834,1774278989883610232,4464
107,1774278989885146578,1774278989890652628,5506
108,1774278989892200934,1774278989899011507,6810
109,1774278989900575222,1774278989905923695,5348
110,1774278989907537989,1774278989912774647,5236
111,1774278989914353757,1774278989919101104,4747
112,1774278989920580859,1774278989925958881,5378
113,1774278989927581953,1774278989933378944,5796
114,1774278989934762533,1774278989939747802,4985
115,1774278989941297780,1774278989947041447,5743
116,1774278989948642788,1774278989953150058,4507
117,1774278989954685244,1774278989959360344,4675
118,1774278989960886439,1774278989967737259,6850
119,1774278989969359815,1774278989974758322,5398
120,1774278989976286273,1774278989980725200,4438
121,1774278989982276869,1774278989987190931,4914
122,1774278989988827482,1774278989994293623,5466
123,1774278989995882845,1774278990001431917,5549
124,1774278990002967308,1774278990007456578,4489
125,1774278990008890394,1774278990013541738,4651
126,1774278990015082771,1774278990019608236,4525
127,1774278990021160096,1774278990026752448,5592
128,1774278990028326482,1774278990035138558,6812
129,1774278990036680465,1774278990043316736,6636
130,1774278990044883727,1774278990049428812,4545
131,1774278990051029691,1774278990057995208,6965
132,1774278990059428353,1774278990064584455,5156
133,1774278990066151133,1774278990071472198,5321
134,1774278990073093595,1774278990078061478,4967
135,1774278990079669134,1774278990084080146,4411
136,1774278990085698353,1774278990090817820,5119
137,1774278990092377634,1774278990096859053,4481
138,1774278990098428700,1774278990103222999,4794
139,1774278990104731191,1774278990109541242,4810
140,1774278990110944361,1774278990115588537,4644
141,1774278990117126802,1774278990121705908,4579
142,1774278990123249602,1774278990127759122,4509
143,1774278990129300978,1774278990133704049,4403
144,1774278990135305637,1774278990139816544,4510
145,1774278990141355005,1774278990147282457,5927
146,1774278990148840504,1774278990154502266,5661
147,1774278990156052252,1774278990160991920,4939
148,1774278990162562611,1774278990167634724,5072
149,1774278990169140767,1774278990174000937,4860
150,1774278990175539705,1774278990180300218,4760
151,1774278990181825608,1774278990186425403,4599
152,1774278990187992172,1774278990192437760,4445
153,1774278990193724667,1774278990198075375,4350
154,1774278990199663770,1774278990204377137,4713
155,1774278990205959092,1774278990210581737,4622
156,1774278990212157581,1774278990216735379,4577
157,1774278990218348701,1774278990223096747,4748
158,1774278990224629716,1774278990229760552,5130
159,1774278990231346039,1774278990238440066,7094
160,1774278990240045627,1774278990245355237,5309
161,1774278990246923708,1774278990252171178,5247
162,1774278990253716741,1774278990258379620,4662
163,1774278990259943433,1774278990264919866,4976
164,1774278990266444395,1774278990271856461,5412
165,1774278990273447413,1774278990278210096,4762
166,1774278990279692261,1774278990284754762,5062
167,1774278990286323949,1774278990292220937,5896
168,1774278990293744280,1774278990299591327,5847
169,1774278990301198569,1774278990305950026,4751
170,1774278990307700528,1774278990312753980,5053
171,1774278990314318095,1774278990318715215,4397
172,1774278990320295005,1774278990327202320,6907
173,1774278990328781296,1774278990334055460,5274
174,1774278990335452808,1774278990341653677,6200
175,1774278990343299864,1774278990348562352,5262
176,1774278990350034876,1774278990354857413,4822
177,1774278990356432773,1774278990361227265,4794
178,1774278990362661685,1774278990367330763,4669
179,1774278990368868764,1774278990373442378,4573
180,1774278990374969105,1774278990379431145,4462
181,1774278990380953032,1774278990385395993,4442
182,1774278990386926952,1774278990391354186,4427
183,1774278990392877568,1774278990397508526,4630
184,1774278990399075187,1774278990403642003,4566
185,1774278990405249787,1774278990409842616,4592
186,1774278990411372849,1774278990417283424,5910
187,1774278990418891521,1774278990423686608,4795
188,1774278990425209434,1774278990430365062,5155
189,1774278990431854590,1774278990437626937,5772
190,1774278990439294482,1774278990443748772,4454
191,1774278990445328949,1774278990450541429,5212
192,1774278990452089912,1774278990458901675,6811
193,1774278990460250737,1774278990465396914,5146
194,1774278990467034740,1774278990471923727,4888
195,1774278990473503335,1774278990478228810,4725
196,1774278990479875107,1774278990485634476,5759
197,1774278990487235791,1774278990491750213,4514
198,1774278990493266348,1774278990498643554,5377
199,1774278990500209837,1774278990505069606,4859
200,1774278990506606852,1774278990511339174,4732
201,1774278990512905061,1774278990517739000,4833
202,1774278990519271374,1774278990523695907,4424
203,1774278990525271143,1774278990530134654,4863
204,1774278990531670915,1774278990537113644,5442
205,1774278990538660670,1774278990544005106,5344
206,1774278990545566932,1774278990550281187,4714
207,1774278990551890557,1774278990557455506,5564
208,1774278990558918552,1774278990564630863,5712
209,1774278990566237022,1774278990571202600,4965
210,1774278990572707529,1774278990577924315,5216
211,1774278990579545038,1774278990584944743,5399
212,1774278990586547067,1774278990593238264,6691
213,1774278990594899821,1774278990600582188,5682
214,1774278990602101992,1774278990606716610,4614
215,1774278990608190467,1774278990612712097,4521
216,1774278990614328323,1774278990618800006,4471
217,1774278990620356287,1774278990625583847,5227
218,1774278990626973335,1774278990631876573,4903
219,1774278990633451289,1774278990638253664,4802
220,1774278990639735954,1774278990645517099,5781
221,1774278990647048629,1774278990652657519,5608
222,1774278990654199292,1774278990658932827,4733
223,1774278990660576985,1774278990665336016,4759
224,1774278990666904312,1774278990671470291,4565
225,1774278990673020006,1774278990678015437,4995
226,1774278990679581077,1774278990686345588,6764
227,1774278990688004831,1774278990693591188,5586
228,1774278990695171563,1774278990700350407,5178
229,1774278990701909290,1774278990708182267,6272
230,1774278990709700527,1774278990716527120,6826
231,1774278990718115265,1774278990722633582,4518
232,1774278990724249406,1774278990731184223,6934
233,1774278990732807831,1774278990737911119,5103
234,1774278990739390663,1774278990744389620,4998
235,1774278990746039843,1774278990750666804,4626
236,1774278990752184713,1774278990757228071,5043
237,1774278990758660881,1774278990763738126,5077
238,1774278990765241975,1774278990771769108,6527
239,1774278990773304389,1774278990778765481,5461
240,1774278990780313931,1774278990785194401,4880
241,1774278990786679985,1774278990791733105,5053
242,1774278990793299862,1774278990799272127,5972
243,1774278990800779898,1774278990807115820,6335
244,1774278990808676443,1774278990813393842,4717
245,1774278990815043127,1774278990820316429,5273
246,1774278990821814949,1774278990827396143,5581
247,1774278990828979826,1774278990833436484,4456
248,1774278990835000059,1774278990840279799,5279
249,1774278990841768312,1774278990847434554,5666
250,1774278990848999505,1774278990853563977,4564
251,1774278990855113122,1774278990860472703,5359
252,1774278990861966441,1774278990866427087,4460
253,1774278990868012208,1774278990872394070,4381
254,1774278990874069653,1774278990878857162,4787
255,1774278990880282665,1774278990885221389,4938
256,1774278990886619926,1774278990892400791,5780
257,1774278990893964198,1774278990898621210,4657
258,1774278990900125638,1774278990905750590,5624
259,1774278990907298638,1774278990912706996,5408
260,1774278990914253799,1774278990919090616,4836
261,1774278990920648943,1774278990925380416,4731
262,1774278990926861515,1774278990933180328,6318
263,1774278990934696881,1774278990940096395,5399
264,1774278990941653782,1774278990946342892,4689
265,1774278990947890111,1774278990953657759,5767
266,1774278990955244691,1774278990960699995,5455
267,1774278990962285850,1774278990968910649,6624
268,1774278990970466775,1774278990977143454,6676
269,1774278990978719178,1774278990983783289,5064
270,1774278990985418066,1774278990992081634,6663
271,1774278990993690030,1774278990998443235,4753
272,1774278991000054034,1774278991004482212,4428
273,1774278991006070598,1774278991010582298,4511
274,1774278991012169812,1774278991019191988,7022
275,1774278991020824698,1774278991025804616,4979
276,1774278991027364562,1774278991034012910,6648
277,1774278991035573238,1774278991040310914,4737
278,1774278991041932573,1774278991046453180,4520
279,1774278991048009763,1774278991054690482,6680
280,1774278991056239222,1774278991062850491,6611
281,1774278991064404290,1774278991069421206,5016
282,1774278991070976509,1774278991075799737,4823
283,1774278991077320000,1774278991081945779,4625
284,1774278991083524331,1774278991090167261,6642
285,1774278991091681549,1774278991096726759,5045
286,1774278991098292608,1774278991104270695,5978
287,1774278991105830701,1774278991112696116,6865
288,1774278991114308600,1774278991118725161,4416
289,1774278991120269379,1774278991124786625,4517
290,1774278991126322294,1774278991130799975,4477
291,1774278991132490836,1774278991137668856,5178
292,1774278991138937111,1774278991143385431,4448
293,1774278991145026492,1774278991151808398,6781
294,1774278991153373838,1774278991158240683,4866
295,1774278991159698205,1774278991164447617,4749
296,1774278991165998791,1774278991170611755,4612
297,1774278991172136646,1774278991177171325,5034
298,1774278991178619415,1774278991184361759,5742
299,1774278991185875938,1774278991192543251,6667
300,1774278991194095065,1774278991198959326,4864
301,1774278991200551615,1774278991207195773,6644
302,1774278991208719050,1774278991213386368,4667
303,1774278991214884063,1774278991221718380,6834
304,1774278991223268993,1774278991228395909,5126
305,1774278991229974492,1774278991235211407,5236
306,1774278991236686242,1774278991241335482,4649
307,1774278991242942478,1774278991248394293,5451
308,1774278991249987794,1774278991254655494,4667
309,1774278991256182453,1774278991261125914,4943
310,1774278991262657161,1774278991269391713,6734
311,1774278991271002274,1774278991277879778,6877
312,1774278991279487775,1774278991284765056,5277
313,1774278991286275177,1774278991293387178,7112
314,1774278991295002259,1774278991299608821,4606
315,1774278991300699537,1774278991305352896,4653
316,1774278991306973307,1774278991312287120,5313
317,1774278991313824615,1774278991319174945,5350
318,1774278991320774360,1774278991326123083,5348
319,1774278991327750195,1774278991332669056,4918
320,1774278991334271060,1774278991339863247,5592
321,1774278991341426648,1774278991346916334,5489
322,1774278991348523953,1774278991353267459,4743
323,1774278991354853458,1774278991359434416,4580
324,1774278991360972196,1774278991365484839,4512
325,1774278991367037117,1774278991371495127,4458
326,1774278991373011399,1774278991377470808,4459
327,1774278991378987378,1774278991384568055,5580
328,1774278991386139813,1774278991391333336,5193
329,1774278991392965118,1774278991397465069,4499
330,1774278991399015692,1774278991403888643,4872
331,1774278991405442851,1774278991411745182,6302
332,1774278991413311817,1774278991418519938,5208
333,1774278991420117612,1774278991424903712,4786
334,1774278991426392119,1774278991430787490,4395
335,1774278991432439497,1774278991438189482,5749
336,1774278991439799897,1774278991445575637,5775
337,1774278991447243384,1774278991452348713,5105
338,1774278991454112463,1774278991458796803,4684
339,1774278991460455214,1774278991466771431,6316
340,1774278991468435540,1774278991473661323,5225
341,1774278991475225857,1774278991480139967,4914
342,1774278991481685908,1774278991486302209,4616
343,1774278991487844407,1774278991492372521,4528
344,1774278991493827515,1774278991498586200,4758
345,1774278991500198398,1774278991504803114,4604
346,1774278991506333857,1774278991511567688,5233
347,1774278991513152045,1774278991519788301,6636
348,1774278991521348928,1774278991526679555,5330
349,1774278991528229397,1774278991533411976,5182
350,1774278991534945873,1774278991539856154,4910
351,1774278991541418927,1774278991546109571,4690
352,1774278991547659548,1774278991552166369,4506
353,1774278991553814228,1774278991558594394,4780
354,1774278991560183830,1774278991564947493,4763
355,1774278991566506055,1774278991571674530,5168
356,1774278991573225058,1774278991577761953,4536
357,1774278991579308066,1774278991586157161,6849
358,1774278991587715025,1774278991592690139,4975
359,1774278991594262154,1774278991599638609,5376
360,1774278991601169911,1774278991606702307,5532
361,1774278991608259110,1774278991613113970,4854
362,1774278991614695998,1774278991619444954,4748
363,1774278991621017360,1774278991626507348,5489
364,1774278991628086703,1774278991633292115,5205
365,1774278991634813517,1774278991639900582,5087
366,1774278991641410819,1774278991647978343,6567
367,1774278991649596189,1774278991654742570,5146
368,1774278991656302838,1774278991661440317,5137
369,1774278991663020388,1774278991667633596,4613
370,1774278991669163097,1774278991674072375,4909
371,1774278991675654582,1774278991681047701,5393
372,1774278991682516012,1774278991687715968,5199
373,1774278991689183258,1774278991696246203,7062
374,1774278991697715844,1774278991702781568,5065
375,1774278991704335166,1774278991709629797,5294
376,1774278991711133582,1774278991715950577,4816
377,1774278991717582348,1774278991722316667,4734
378,1774278991723881508,1774278991728402125,4520
379,1774278991729944821,1774278991734430785,4485
380,1774278991735940457,1774278991740438327,4497
381,1774278991741954413,1774278991746410512,4456
382,1774278991748042880,1774278991752777114,4734
383,1774278991754332478,1774278991758787712,4455
384,1774278991760362103,1774278991766305136,5943
385,1774278991767927771,1774278991773256005,5328
386,1774278991774832692,1774278991779413891,4581
387,1774278991780988058,1774278991785894998,4906
388,1774278991787387993,1774278991794141097,6753
389,1774278991795695774,1774278991800718708,5022
390,1774278991802304625,1774278991807062915,4758
391,1774278991808529309,1774278991813236223,4706
392,1774278991814859947,1774278991819474767,4614
393,1774278991820909565,1774278991825443397,4533
394,1774278991827010983,1774278991831617658,4606
395,1774278991832981057,1774278991837368601,4387
396,1774278991838955226,1774278991843773155,4817
397,1774278991845308190,1774278991849838274,4530
398,1774278991851382681,1774278991855804797,4422
399,1774278991857334841,1774278991864501731,7166
400,1774278991866123279,1774278991871692766,5569
401,1774278991873244698,1774278991878546646,5301
402,1774278991880100294,1774278991885303663,5203
403,1774278991886868860,1774278991891397751,4528
404,1774278991892941738,1774278991897844415,4902
405,1774278991899379922,1774278991906080678,6700
406,1774278991907646091,1774278991912291953,4645
407,1774278991913861467,1774278991920645614,6784
408,1774278991922170137,1774278991926630411,4460
409,1774278991928144657,1774278991933695450,5550
410,1774278991935226179,1774278991939693073,4466
411,1774278991941256844,1774278991945718330,4461
412,1774278991947267445,1774278991952877375,5609
413,1774278991954430716,1774278991961135154,6704
414,1774278991962602240,1774278991967261441,4659
415,1774278991968861640,1774278991973925277,5063
416,1774278991975388862,1774278991981907144,6518
417,1774278991983442403,1774278991988603112,5160
418,1774278991990144654,1774278991995401947,5257
419,1774278991996946642,1774278992001556836,4610
420,1774278992003134504,1774278992008088180,4953
421,1774278992009658823,1774278992016305693,6646
422,1774278992017809239,1774278992022462469,4653
423,1774278992023948237,1774278992030832013,6883
424,1774278992032403263,1774278992037502402,5099
425,1774278992038955755,1774278992044286513,5330
426,1774278992045852406,1774278992050458681,4606
427,1774278992051981125,1774278992056932449,4951
428,1774278992058454612,1774278992063360293,4905
429,1774278992064906150,1774278992069394386,4488
430,1774278992070842506,1774278992076214412,5371
431,1774278992077770183,1774278992082149776,4379
432,1774278992083632583,1774278992090556932,6924
433,1774278992092114118,1774278992097237782,5123
434,1774278992098840774,1774278992103763772,4922
435,1774278992105347888,1774278992110180261,4832
436,1774278992111665119,1774278992116731759,5066
437,1774278992118318550,1774278992122826452,4507
438,1774278992124338435,1774278992129232619,4894
439,1774278992130792795,1774278992135501386,4708
440,1774278992137078841,1774278992141628536,4549
441,1774278992143176022,1774278992149800426,6624
442,1774278992151405820,1774278992156829999,5424
443,1774278992158366401,1774278992163412876,5046
444,1774278992165011102,1774278992169909904,4898
445,1774278992171443535,1774278992177867637,6424
446,1774278992179445534,1774278992186248266,6802
447,1774278992187694371,1774278992192339374,4645
448,1774278992193906163,1774278992200092862,6186
449,1774278992201625674,1774278992208403944,6778
450,1774278992209969749,1774278992214379701,4409
451,1774278992216017142,1774278992222971811,6954
452,1774278992224490836,1774278992229697831,5206
453,1774278992231315251,1774278992236314481,4999
454,1774278992237984193,1774278992243233072,5248
455,1774278992244812909,1774278992250223012,5410
456,1774278992251763076,1774278992257231704,5468
457,1774278992258910418,1774278992263603568,4693
458,1774278992265137258,1774278992269701276,4564
459,1774278992271218911,1774278992275852934,4634
460,1774278992277488136,1774278992282675461,5187
461,1774278992284326022,1774278992289102359,4776
462,1774278992290613153,1774278992295331215,4718
463,1774278992296960422,1774278992301492416,4531
464,1774278992303095375,1774278992307639380,4544
465,1774278992309170710,1774278992313624025,4453
466,1774278992315177882,1774278992319633371,4455
467,1774278992321249314,1774278992326198376,4949
468,1774278992327653892,1774278992333354094,5700
469,1774278992334863446,1774278992341125762,6262
470,1774278992342697192,1774278992347350835,4653
471,1774278992348954022,1774278992355781487,6827
472,1774278992357323418,1774278992362904282,5580
473,1774278992364179759,1774278992369614366,5434
474,1774278992371242050,1774278992376388150,5146
475,1774278992378019357,1774278992383003250,4983
476,1774278992384597048,1774278992389718665,5121
477,1774278992391285059,1774278992395724894,4439
478,1774278992397277705,1774278992403277267,5999
479,1774278992404805938,1774278992410629134,5823
480,1774278992412209618,1774278992416648900,4439
481,1774278992418171080,1774278992423366385,5195
482,1774278992424866348,1774278992430513348,5647
483,1774278992432065489,1774278992436590009,4524
484,1774278992438201442,1774278992443631901,5430
485,1774278992445199908,1774278992450707467,5507
486,1774278992452245749,1774278992456756946,4511
487,1774278992458310438,1774278992463501797,5191
488,1774278992464915473,1774278992470534681,5619
489,1774278992472077951,1774278992476545380,4467
490,1774278992478088166,1774278992485007424,6919
491,1774278992486633553,1774278992491704484,5070
492,1774278992493302932,1774278992497744127,4441
493,1774278992499314122,1774278992504235126,4921
494,1774278992505693100,1774278992510285462,4592
495,1774278992511451887,1774278992515797243,4345
496,1774278992517332549,1774278992521807849,4475
497,1774278992523546424,1774278992528535328,4988
498,1774278992530224395,1774278992534869558,4645
499,1774278992536574964,1774278992541769395,5194
500,1774278992543419188,1774278992550060361,6641
501,1774278992551706115,1774278992558078270,6372
502,1774278992559706390,1774278992564808570,5102
503,1774278992566465080,1774278992571272938,4807
504,1774278992572938800,1774278992577564906,4626
505,1774278992579196468,1774278992583817409,4620
506,1774278992585458247,1774278992590671500,5213
507,1774278992592440419,1774278992599285073,6844
508,1774278992600930770,1774278992607246390,6315
509,1774278992609030740,1774278992613787335,4756
510,1774278992615441797,1774278992621455179,6013
511,1774278992623102328,1774278992628705360,5603
512,1774278992630318749,1774278992634874841,4556
513,1774278992636301781,1774278992643173472,6871
514,1774278992644870919,1774278992649605455,4734
515,1774278992651274015,1774278992656881359,5607
516,1774278992658613147,1774278992665530302,6917
517,1774278992667165032,1774278992672589888,5424
518,1774278992674417235,1774278992680392109,5974
519,1774278992682224204,1774278992687862618,5638
520,1774278992689538425,1774278992694555852,5017
521,1774278992696505409,1774278992701452436,4947
522,1774278992703184207,1774278992708878667,5694
523,1774278992710536830,1774278992716558187,6021
524,1774278992718264490,1774278992723760133,5495
525,1774278992725689929,1774278992731095397,5405
526,1774278992732762119,1774278992738366092,5603
527,1774278992740056112,1774278992746283342,6227
528,1774278992748056846,1774278992752631784,4574
529,1774278992754163548,1774278992759730350,5566
530,1774278992761548786,1774278992766480787,4932
531,1774278992768150678,1774278992772757088,4606
532,1774278992774429048,1774278992778774932,4345
533,1774278992780318115,1774278992784832434,4514
534,1774278992786387279,1774278992792007428,5620
535,1774278992793761754,1774278992799279165,5517
536,1774278992801065375,1774278992805776614,4711
537,1774278992807495450,1774278992814583192,7087
538,1774278992816237702,1774278992822337738,6100
539,1774278992824004741,1774278992829175157,5170
540,1774278992830841510,1774278992836317099,5475
541,1774278992838213985,1774278992845146889,6932
542,1774278992846936470,1774278992852151658,5215
543,1774278992854001309,1774278992859326775,5325
544,1774278992861047860,1774278992866944746,5896
545,1774278992868701291,1774278992875838274,7136
546,1774278992877747879,1774278992882555494,4807
547,1774278992884341123,1774278992891373307,7032
548,1774278992893058754,1774278992900078888,7020
549,1774278992901676143,1774278992906217671,4541
550,1774278992907987837,1774278992913490573,5502
551,1774278992915024550,1774278992919569805,4545
552,1774278992921235968,1774278992925864583,4628
553,1774278992927229885,1774278992932141419,4911
554,1774278992933745451,1774278992940253766,6508
555,1774278992942114748,1774278992947603948,5489
556,1774278992949292115,1774278992954286766,4994
557,1774278992955981108,1774278992960877723,4896
558,1774278992962689898,1774278992968363043,5673
559,1774278992970035005,1774278992975787222,5752
560,1774278992977570905,1774278992984286993,6716
561,1774278992986227409,1774278992991255214,5027
562,1774278992992991917,1774278992999465376,6473
563,1774278993001398668,1774278993007061898,5663
564,1774278993008817955,1774278993013809768,4991
565,1774278993015567048,1774278993020636707,5069
566,1774278993022379565,1774278993029455631,7076
567,1774278993030814147,1774278993037771883,6957
568,1774278993038966736,1774278993043249154,4282
569,1774278993044719404,1774278993050039387,5319
570,1774278993051650519,1774278993056611159,4960
571,1774278993058242273,1774278993062989120,4746
572,1774278993064600306,1774278993069884138,5283
573,1774278993071552582,1774278993076308372,4755
574,1774278993078121901,1774278993085270231,7148
575,1774278993086776326,1774278993091981857,5205
576,1774278993093757944,1774278993099722941,5964
577,1774278993101378775,1774278993107078497,5699
578,1774278993108745828,1774278993114205482,5459
579,1774278993115883319,1774278993122268093,6384
580,1774278993123900441,1774278993128807974,4907
581,1774278993130586028,1774278993135407945,4821
582,1774278993137443815,1774278993143090533,5646
583,1774278993144808236,1774278993150284420,5476
584,1774278993151922826,1774278993157788249,5865
585,1774278993159550165,1774278993166858561,7308
586,1774278993168597704,1774278993174689791,6092
587,1774278993176337417,1774278993181714266,5376
588,1774278993183200325,1774278993187876978,4676
589,1774278993189514575,1774278993195051489,5536
590,1774278993196624856,1774278993201333393,4708
591,1774278993202962872,1774278993209394693,6431
592,1774278993211060493,1774278993217274721,6214
593,1774278993218918401,1774278993223736233,4817
594,1774278993225401244,1774278993230823414,5422
595,1774278993232680650,1774278993237467076,4786
596,1774278993239307538,1774278993244296190,4988
597,1774278993246122298,1774278993251392822,5270
598,1774278993253210239,1774278993258843160,5632
599,1774278993260552044,1774278993266437016,5884
600,1774278993268347058,1774278993273564394,5217
601,1774278993275210206,1774278993280396266,5186
602,1774278993282140502,1774278993287980537,5840
603,1774278993289854398,1774278993295713250,5858
604,1774278993297544038,1774278993303174273,5630
605,1774278993304889348,1774278993309499360,4610
606,1774278993311223470,1774278993316297493,5074
607,1774278993318052761,1774278993323031271,4978
608,1774278993324762297,1774278993331277082,6514
609,1774278993333039656,1774278993337831870,4792
610,1774278993339667794,1774278993346859357,7191
611,1774278993348441800,1774278993353465024,5023
612,1774278993355169763,1774278993359860929,4691
613,1774278993361448614,1774278993367556373,6107
614,1774278993369313939,1774278993375543173,6229
615,1774278993377293528,1774278993384171051,6877
616,1774278993385799761,1774278993390852860,5053
617,1774278993392888663,1774278993399293283,6404
618,1774278993401033947,1774278993406248079,5214
619,1774278993408111695,1774278993413237111,5125
620,1774278993414935012,1774278993420467757,5532
621,1774278993422231074,1774278993429206127,6975
622,1774278993431206070,1774278993436714109,5508
623,1774278993438496518,1774278993444025279,5528
624,1774278993445736908,1774278993451012177,5275
625,1774278993452710941,1774278993457547878,4836
626,1774278993459387793,1774278993464059305,4671
627,1774278993465687828,1774278993470193453,4505
628,1774278993471696414,1774278993476405053,4708
629,1774278993478092734,1774278993483985513,5892
630,1774278993485927112,1774278993491085325,5158
631,1774278993492753690,1774278993498655778,5902
632,1774278993500290451,1774278993505802645,5512
633,1774278993507432124,1774278993512566821,5134
634,1774278993514230303,1774278993518828240,4597
635,1774278993520457080,1774278993525510915,5053
636,1774278993527264501,1774278993534227937,6963
637,1774278993536020930,1774278993541795717,5774
638,1774278993543539505,1774278993548868840,5329
639,1774278993550553613,1774278993555496731,4943
640,1774278993557246329,1774278993562122841,4876
641,1774278993563851291,1774278993568745026,4893
642,1774278993570686769,1774278993575693976,5007
643,1774278993577478493,1774278993582827745,5349
644,1774278993584676188,1774278993590669652,5993
645,1774278993592303108,1774278993597286263,4983
646,1774278993598935276,1774278993604010670,5075
647,1774278993605648669,1774278993611204106,5555
648,1774278993612894929,1774278993619445384,6550
649,1774278993621368619,1774278993626504914,5136
650,1774278993628269683,1774278993633437339,5167
651,1774278993635153840,1774278993640289986,5136
652,1774278993641955728,1774278993647643463,5687
653,1774278993649490968,1774278993654941510,5450
654,1774278993656658174,1774278993661630754,4972
655,1774278993663412613,1774278993669146038,5733
656,1774278993670855284,1774278993676661035,5805
657,1774278993678385511,1774278993683457393,5071
658,1774278993685366896,1774278993690484341,5117
659,1774278993692335782,1774278993698606832,6271
660,1774278993700413535,1774278993706539922,6126
661,1774278993708220934,1774278993712892912,4671
662,1774278993714525341,1774278993721594824,7069
663,1774278993723320056,1774278993730127670,6807
664,1774278993731800986,1774278993737217567,5416
665,1774278993738834924,1774278993744035267,5200
666,1774278993745752862,1774278993750458253,4705
667,1774278993752185460,1774278993757320870,5135
668,1774278993758975961,1774278993764334872,5358
669,1774278993766177193,1774278993772483963,6306
670,1774278993774511985,1774278993780270310,5758
671,1774278993781937972,1774278993786771916,4833
672,1774278993788626971,1774278993793945086,5318
673,1774278993795856675,1774278993800817275,4960
674,1774278993802538104,1774278993808687502,6149
675,1774278993810674646,1774278993816600822,5926
676,1774278993818336177,1774278993823422659,5086
677,1774278993825239970,1774278993830354209,5114
678,1774278993832016582,1774278993837759883,5743
679,1774278993839622288,1774278993846545320,6923
680,1774278993848591283,1774278993853884770,5293
681,1774278993855567934,1774278993860237180,4669
682,1774278993861899852,1774278993866527876,4628
683,1774278993867944475,1774278993873101567,5157
684,1774278993874689251,1774278993879635989,4946
685,1774278993881295848,1774278993888027622,6731
686,1774278993889688237,1774278993895727324,6039
687,1774278993897463349,1774278993902417344,4953
688,1774278993904113408,1774278993909269792,5156
689,1774278993911012429,1774278993917839331,6826
690,1774278993919629276,1774278993924561671,4932
691,1774278993926431280,1774278993931786664,5355
692,1774278993933562714,1774278993940403549,6840
693,1774278993942196741,1774278993947450237,5253
694,1774278993949134122,1774278993955437599,6303
695,1774278993957303406,1774278993962762112,5458
696,1774278993964427973,1774278993969471523,5043
697,1774278993971305139,1774278993976080835,4775
698,1774278993977677717,1774278993984798026,7120
699,1774278993986657001,1774278993992011137,5354
700,1774278993993683239,1774278993998601212,4917
701,1774278994000505610,1774278994005071589,4565
702,1774278994006795561,1774278994011721445,4925
703,1774278994013234312,1774278994017780966,4546
704,1774278994019501059,1774278994026880226,7379
705,1774278994028523921,1774278994033801308,5277
706,1774278994035412135,1774278994040848722,5436
707,1774278994042813337,1774278994048661748,5848
708,1774278994050599622,1774278994056268628,5669
709,1774278994058072902,1774278994062785141,4712
710,1774278994064784961,1774278994069691897,4906
711,1774278994071592430,1774278994077553757,5961
712,1774278994079422674,1774278994086845842,7423
713,1774278994088533037,1774278994094156107,5623
714,1774278994095817565,1774278994102687701,6870
715,1774278994104490938,1774278994109400238,4909
716,1774278994111229660,1774278994116872157,5642
717,1774278994118701087,1774278994124317931,5616
718,1774278994126139465,1774278994131051745,4912
719,1774278994133016866,1774278994137629195,4612
720,1774278994139332255,1774278994144634654,5302
721,1774278994146463338,1774278994152167264,5703
722,1774278994153784807,1774278994158550310,4765
723,1774278994160164371,1774278994164788523,4624
724,1774278994166456821,1774278994171791066,5334
725,1774278994173568442,1774278994178711241,5142
726,1774278994180544283,1774278994187842049,7297
727,1774278994189601165,1774278994194616771,5015
728,1774278994196390103,1774278994202076432,5686
729,1774278994203837554,1774278994210714428,6876
730,1774278994212594033,1774278994218060012,5465
731,1774278994219713783,1774278994225595021,5881
732,1774278994227462576,1774278994232381669,4919
733,1774278994234153332,1774278994239213113,5059
734,1774278994240840298,1774278994245830209,4989
735,1774278994247540361,1774278994252731916,5191
736,1774278994254633968,1774278994261254500,6620
737,1774278994262731118,1774278994268211694,5480
738,1774278994269738701,1774278994275344065,5605
739,1774278994276990464,1774278994281953056,4962
740,1774278994283670470,1774278994288506833,4836
741,1774278994290194772,1774278994294868788,4674
742,1774278994296453348,1774278994300972741,4519
743,1774278994302407156,1774278994309051060,6643
744,1774278994310882935,1774278994316444083,5561
745,1774278994318441773,1774278994323504625,5062
746,1774278994325339973,1774278994332311298,6971
747,1774278994334024421,1774278994339679027,5654
748,1774278994341389055,1774278994346170344,4781
749,1774278994348101759,1774278994353073732,4971
750,1774278994354927890,1774278994359992357,5064
751,1774278994361676387,1774278994366547361,4870
752,1774278994368197420,1774278994372962869,4765
753,1774278994374616586,1774278994381854501,7237
754,1774278994383781635,1774278994389505659,5724
755,1774278994391320839,1774278994396309788,4988
756,1774278994398023876,1774278994402668058,4644
757,1774278994404321976,1774278994409954250,5632
758,1774278994411693806,1774278994418086087,6392
759,1774278994419700586,1774278994425747669,6047
760,1774278994427394473,1774278994432304310,4909
761,1774278994434156522,1774278994438659111,4502
762,1774278994440314629,1774278994445264856,4950
763,1774278994447077465,1774278994451844211,4766
764,1774278994453540531,1774278994459193885,5653
765,1774278994460900295,1774278994468252371,7352
766,1774278994470329796,1774278994475470353,5140
767,1774278994477457545,1774278994482820076,5362
768,1774278994484711850,1774278994490612817,5900
769,1774278994492308957,1774278994498238805,5929
770,1774278994499958359,1774278994504763178,4804
771,1774278994506680164,1774278994512087179,5407
772,1774278994513971930,1774278994521376560,7404
773,1774278994523279549,1774278994528653745,5374
774,1774278994530436956,1774278994535935471,5498
775,1774278994537803984,1774278994542422806,4618
776,1774278994544128617,1774278994549590330,5461
777,1774278994551278863,1774278994557527931,6249
778,1774278994559181014,1774278994564575826,5394
779,1774278994566205768,1774278994570849021,4643
780,1774278994572354036,1774278994576891730,4537
781,1774278994578581823,1774278994583560801,4978
782,1774278994585362398,1774278994591307042,5944
783,1774278994593045505,1774278994598370323,5324
784,1774278994600027098,1774278994605771810,5744
785,1774278994607631039,1774278994612696118,5065
786,1774278994614431591,1774278994619513547,5081
787,1774278994621287541,1774278994626068024,4780
788,1774278994627811433,1774278994634943882,7132
789,1774278994636684773,1774278994642133421,5448
790,1774278994644041023,1774278994649142864,5101
791,1774278994651050633,1774278994656884606,5833
792,1774278994658572160,1774278994665557029,6984
793,1774278994667307032,1774278994672635154,5328
794,1774278994674426206,1774278994680860467,6434
795,1774278994682629537,1774278994687240922,4611
796,1774278994688873329,1774278994693583012,4709
797,1774278994695253338,1774278994699911371,4658
798,1774278994701511109,1774278994706295263,4784
799,1774278994707980528,1774278994714117457,6136
800,1774278994715724670,1774278994720442906,4718
801,1774278994722109329,1774278994727858781,5749
802,1774278994729507853,1774278994735201986,5694
803,1774278994736905309,1774278994742156317,5251
804,1774278994743798988,1774278994751258998,7460
805,1774278994752922770,1774278994757802336,4879
806,1774278994759495668,1774278994764946720,5451
807,1774278994766786299,1774278994772557780,5771
808,1774278994774291462,1774278994779468166,5176
809,1774278994781197847,1774278994786102192,4904
810,1774278994787769039,1774278994793017986,5248
811,1774278994795179063,1774278994801038538,5859
812,1774278994802734849,1774278994807771854,5037
813,1774278994809601675,1774278994816640462,7038
814,1774278994818305426,1774278994823435128,5129
815,1774278994825249779,1774278994832319915,7070
816,1774278994833981389,1774278994838754399,4773
817,1774278994840355730,1774278994846050599,5694
818,1774278994847804456,1774278994852700144,4895
819,1774278994854297057,1774278994859569051,5271
820,1774278994861213619,1774278994866855696,5642
821,1774278994868443793,1774278994873760695,5316
822,1774278994875499543,1774278994880425601,4926
823,1774278994882062188,1774278994886717053,4654
824,1774278994888333275,1774278994893781872,5448
825,1774278994895487846,1774278994900849433,5361
826,1774278994902427192,1774278994907706220,5279
827,1774278994909429504,1774278994914598763,5169
828,1774278994916282915,1774278994921304329,5021
829,1774278994923132074,1774278994930156794,7024
830,1774278994932104949,1774278994936990464,4885
831,1774278994938911030,1774278994943990778,5079
832,1774278994945811253,1774278994952908009,7096
833,1774278994954615381,1774278994959942938,5327
834,1774278994961596103,1774278994968733907,7137
835,1774278994970353783,1774278994975045302,4691
836,1774278994976646098,1774278994981296304,4650
837,1774278994982825160,1774278994987319760,4494
838,1774278994988903204,1774278994993943636,5040
839,1774278994995474590,1774278995000499302,5024
840,1774278995002186373,1774278995008425224,6238
841,1774278995010436712,1774278995017279209,6842
842,1774278995019301305,1774278995024944747,5643
843,1774278995026918911,1774278995032874345,5955
844,1774278995034698443,1774278995039742859,5044
845,1774278995041738880,1774278995046598822,4859
846,1774278995048487980,1774278995055483832,6995
847,1774278995057345293,1774278995064068669,6723
848,1774278995065682180,1774278995070990751,5308
849,1774278995072898433,1774278995078045095,5146
850,1774278995079731359,1774278995085401753,5670
851,1774278995087310719,1774278995093328795,6018
852,1774278995095033867,1774278995102001640,6967
853,1774278995103608051,1774278995109080578,5472
854,1774278995110688881,1774278995115515632,4826
855,1774278995117184333,1774278995121988427,4804
856,1774278995123648835,1774278995130551341,6902
857,1774278995132384682,1774278995137152267,4767
858,1774278995138783156,1774278995144303840,5520
859,1774278995145915452,1774278995152702083,6786
860,1774278995154461669,1774278995160043041,5581
861,1774278995161679199,1774278995167522187,5842
862,1774278995169120680,1774278995173756034,4635
863,1774278995175377056,1774278995180685233,5308
864,1774278995182387449,1774278995187990812,5603
865,1774278995189693828,1774278995194689749,4995
866,1774278995196423329,1774278995203249997,6826
867,1774278995205006597,1774278995210075656,5069
868,1774278995211745755,1774278995217554809,5809
869,1774278995219243302,1774278995224716626,5473
870,1774278995226402931,1774278995231795030,5392
871,1774278995233497981,1774278995240065305,6567
872,1774278995241745539,1774278995246979551,5234
873,1774278995248649835,1774278995253242952,4593
874,1774278995254936093,1774278995259763003,4826
875,1774278995261413612,1774278995266401677,4988
876,1774278995267994930,1774278995273195710,5200
877,1774278995274835894,1774278995281279493,6443
878,1774278995283066788,1774278995288358767,5291
879,1774278995290042202,1774278995295219982,5177
880,1774278995296880931,1774278995302535246,5654
881,1774278995304287780,1774278995311163266,6875
882,1774278995313079187,1774278995317830814,4751
883,1774278995319825861,1774278995325428534,5602
884,1774278995327201822,1774278995331957492,4755
885,1774278995333629363,1774278995340587552,6958
886,1774278995342296128,1774278995349261251,6965
887,1774278995351021881,1774278995356227853,5205
888,1774278995358021346,1774278995362746394,4725
889,1774278995364036569,1774278995369737360,5700
890,1774278995371408853,1774278995376258174,4849
891,1774278995377591021,1774278995382868252,5277
892,1774278995384434472,1774278995388854704,4420
893,1774278995390406988,1774278995395360404,4953
894,1774278995396923085,1774278995401573905,4650
895,1774278995403261999,1774278995407860549,4598
896,1774278995409440908,1774278995416333119,6892
897,1774278995417961509,1774278995423665507,5703
898,1774278995425625217,1774278995432435503,6810
899,1774278995434230089,1774278995439776117,5546
900,1774278995441501441,1774278995447622112,6120
901,1774278995449441201,1774278995456240271,6799
902,1774278995457981829,1774278995463789145,5807
903,1774278995465595243,1774278995471413283,5818
904,1774278995473333389,1774278995478317293,4983
905,1774278995480014796,1774278995485265279,5250
906,1774278995486999073,1774278995494126199,7127
907,1774278995495906751,1774278995500718354,4811
908,1774278995502408925,1774278995508088836,5679
909,1774278995509765699,1774278995514352409,4586
910,1774278995515799495,1774278995521042598,5243
911,1774278995522438627,1774278995527400570,4961
912,1774278995528992366,1774278995533806444,4814
913,1774278995535381973,1774278995540910732,5528
914,1774278995542508101,1774278995548250942,5742
915,1774278995549997058,1774278995554836170,4839
916,1774278995556497372,1774278995561458025,4960
917,1774278995563281568,1774278995568749953,5468
918,1774278995570433812,1774278995576409601,5975
919,1774278995578118427,1774278995584325240,6206
920,1774278995586013076,1774278995591136586,5123
921,1774278995592859857,1774278995598033879,5174
922,1774278995599848744,1774278995605729308,5880
923,1774278995607672714,1774278995612701560,5028
924,1774278995614427477,1774278995621158123,6730
925,1774278995623119324,1774278995628822237,5702
926,1774278995630524711,1774278995635564083,5039
927,1774278995637390474,1774278995642450853,5060
928,1774278995644162707,1774278995649861915,5699
929,1774278995651514587,1774278995656995461,5480
930,1774278995658346681,1774278995663848486,5501
931,1774278995665442663,1774278995670819973,5377
932,1774278995672400957,1774278995677630711,5229
933,1774278995679394620,1774278995684369147,4974
934,1774278995686290647,1774278995691350690,5060
935,1774278995693115705,1774278995699219991,6104
936,1774278995701150159,1774278995707225883,6075
937,1774278995709202395,1774278995713972844,4770
938,1774278995715654966,1774278995721029031,5374
939,1774278995722852208,1774278995729816232,6964
940,1774278995731666726,1774278995737387662,5720
941,1774278995739106501,1774278995745405289,6298
942,1774278995747140236,1774278995752335594,5195
943,1774278995754040265,1774278995759077855,5037
944,1774278995760943778,1774278995765842374,4898
945,1774278995767525466,1774278995772457675,4932
946,1774278995774389705,1774278995781208204,6818
947,1774278995782704872,1774278995788828588,6123
948,1774278995790587105,1774278995795793808,5206
949,1774278995797471858,1774278995802898051,5426
950,1774278995804457964,1774278995809426854,4968
951,1774278995811044615,1774278995816838422,5793
952,1774278995818618464,1774278995823871499,5253
953,1774278995825531311,1774278995830981263,5449
954,1774278995832570841,1774278995839335362,6764
955,1774278995841159101,1774278995846862787,5703
956,1774278995848622625,1774278995854640700,6018
957,1774278995856384121,1774278995862092034,5707
958,1774278995863753600,1774278995868725064,4971
959,1774278995870691191,1774278995875868321,5177
960,1774278995877346838,1774278995882243288,4896
961,1774278995883891519,1774278995889455223,5563
962,1774278995891087520,1774278995895861369,4773
963,1774278995897652937,1774278995904291707,6638
964,1774278995905940046,1774278995911096377,5156
965,1774278995912759996,1774278995919855152,7095
966,1774278995921520376,1774278995927245336,5724
967,1774278995928868736,1774278995933792831,4924
968,1774278995935582082,1774278995941268213,5686
969,1774278995942940597,1774278995947660908,4720
970,1774278995949374121,1774278995954682148,5308
971,1774278995956321927,1774278995962965810,6643
972,1774278995964817196,1774278995970283796,5466
973,1774278995972036247,1774278995976741426,4705
974,1774278995978466861,1774278995983669222,5202
975,1774278995985423127,1774278995991221777,5798
976,1774278995992925207,1774278995998802844,5877
977,1774278996000710803,1774278996006717160,6006
978,1774278996008765580,1774278996014636767,5871
979,1774278996016538470,1774278996021937994,5399
980,1774278996023600397,1774278996028873331,5272
981,1774278996030915416,1774278996038138219,7222
982,1774278996039915384,1774278996044860351,4944
983,1774278996046613872,1774278996053787546,7173
984,1774278996055412230,1774278996060420248,5008
985,1774278996062174823,1774278996067576368,5401
986,1774278996069338285,1774278996074663430,5325
987,1774278996076320980,1774278996081117446,4796
988,1774278996082720994,1774278996087269873,4548
989,1774278996089138736,1774278996094847843,5709
990,1774278996096511328,1774278996102449797,5938
991,1774278996104243461,1774278996110388807,6145
992,1774278996112069320,1774278996117039844,4970
993,1774278996118892888,1774278996123848720,4955
994,1774278996125800682,1774278996132317033,6516
995,1774278996134017939,1774278996139369090,5351
996,1774278996141054352,1774278996146164335,5109
997,1774278996147836135,1774278996153014541,5178
998,1774278996154958023,1774278996159835587,4877
999,1774278996161561167,1774278996166684045,5122
1000,1774278996168425583,1774278996175298088,6872
1001,1774278996177011963,1774278996183204700,6192
1002,1774278996184904985,1774278996190091643,5186
1003,1774278996191895533,1774278996198903810,7008
1004,1774278996200551326,1774278996205762181,5210
1005,1774278996207344531,1774278996212226168,4881
1006,1774278996213796210,1774278996219329173,5532
1007,1774278996221065294,1774278996225726156,4660
1008,1774278996227385811,1774278996232333389,4947
1009,1774278996234121630,1774278996241317863,7196
1010,1774278996243023852,1774278996248335784,5311
1011,1774278996250002665,1774278996255719053,5716
1012,1774278996257342024,1774278996264125113,6783
1013,1774278996265747666,1774278996272206908,6459
1014,1774278996274203399,1774278996280001835,5798
1015,1774278996281797551,1774278996286718498,4920
1016,1774278996288484612,1774278996293602244,5117
1017,1774278996295304986,1774278996302328555,7023
1018,1774278996303991116,1774278996309306464,5315
1019,1774278996311157112,1774278996316568757,5411
1020,1774278996318293703,1774278996323046804,4753
1021,1774278996324756587,1774278996329578943,4822
1022,1774278996331352287,1774278996336761493,5409
1023,1774278996338419008,1774278996343397421,4978
1024,1774278996344901265,1774278996351286206,6384
1025,1774278996353085863,1774278996358567745,5481
1026,1774278996360278084,1774278996364759134,4481
1027,1774278996366410485,1774278996371437557,5027
1028,1774278996373079443,1774278996378174546,5095
1029,1774278996379867441,1774278996386896014,7028
1030,1774278996388780077,1774278996394832148,6052
1031,1774278996396609437,1774278996402171003,5561
1032,1774278996404048744,1774278996409261485,5212
1033,1774278996410968849,1774278996415804554,4835
1034,1774278996417576214,1774278996422756368,5180
1035,1774278996424723364,1774278996431379554,6656
1036,1774278996433495389,1774278996438792060,5296
1037,1774278996440556764,1774278996445611972,5055
1038,1774278996447379043,1774278996454379510,7000
1039,1774278996456041450,1774278996461285006,5243
1040,1774278996463009058,1774278996468584191,5575
1041,1774278996470298816,1774278996475255466,4956
1042,1774278996476814875,1774278996481557260,4742
1043,1774278996483207159,1774278996487914601,4707
1044,1774278996489662895,1774278996494556486,4893
1045,1774278996496093127,1774278996500721775,4628
1046,1774278996502429430,1774278996508410084,5980
1047,1774278996510191676,1774278996517066728,6875
1048,1774278996518709778,1774278996523914450,5204
1049,1774278996525598559,1774278996530521127,4922
1050,1774278996532224087,1774278996537143015,4918
1051,1774278996538865089,1774278996544314850,5449
1052,1774278996546112914,1774278996551314203,5201
1053,1774278996553296928,1774278996558804576,5507
1054,1774278996560601172,1774278996566717557,6116
1055,1774278996568423611,1774278996574037071,5613
1056,1774278996575768430,1774278996580844996,5076
1057,1774278996582633232,1774278996588164974,5531
1058,1774278996590120220,1774278996595660859,5540
1059,1774278996597558821,1774278996602914207,5355
1060,1774278996604559367,1774278996610180132,5620
1061,1774278996611921521,1774278996619136469,7214
1062,1774278996620788152,1774278996627809356,7021
1063,1774278996629434261,1774278996635033775,5599
1064,1774278996636764873,1774278996641955537,5190
1065,1774278996643608382,1774278996648484848,4876
1066,1774278996650170354,1774278996655062098,4891
1067,1774278996656738574,1774278996661560715,4822
1068,1774278996663422619,1774278996670296263,6873
1069,1774278996671992382,1774278996677123286,5130
1070,1774278996678758803,1774278996685274537,6515
1071,1774278996687011642,1774278996691812745,4801
1072,1774278996693569250,1774278996698879936,5310
1073,1774278996700563556,1774278996706247576,5684
1074,1774278996707912676,1774278996713117991,5205
1075,1774278996715038850,1774278996721320609,6281
1076,1774278996723235841,1774278996730090124,6854
1077,1774278996732206545,1774278996737431215,5224
1078,1774278996739075299,1774278996743690956,4615
1079,1774278996745370687,1774278996750317580,4946
1080,1774278996751932458,1774278996758828028,6895
1081,1774278996760439736,1774278996766116813,5677
1082,1774278996767820893,1774278996772710050,4889
1083,1774278996774324388,1774278996779456290,5131
1084,1774278996781233193,1774278996786626981,5393
1085,1774278996788458109,1774278996794558648,6100
1086,1774278996796442200,1774278996802050518,5608
1087,1774278996803831818,1774278996808864703,5032
1088,1774278996810652841,1774278996815464359,4811
1089,1774278996817194214,1774278996823970391,6776
1090,1774278996825806477,1774278996831814479,6008
1091,1774278996833781987,1774278996839072026,5290
1092,1774278996840743843,1774278996845724623,4980
1093,1774278996847661168,1774278996852586497,4925
1094,1774278996854283267,1774278996859222983,4939
1095,1774278996861086692,1774278996865915459,4828
1096,1774278996867856051,1774278996872718621,4862
1097,1774278996874391392,1774278996880161324,5769
1098,1774278996881819551,1774278996887433408,5613
1099,1774278996889068939,1774278996893657989,4589
1100,1774278996895266709,1774278996900060261,4793
1101,1774278996901584037,1774278996906365717,4781
1102,1774278996908000964,1774278996912775658,4774
1103,1774278996914300158,1774278996919009273,4709
1104,1774278996920656841,1774278996927627817,6970
1105,1774278996929276680,1774278996934977428,5700
1106,1774278996936667785,1774278996941928991,5261
1107,1774278996943655417,1774278996948623350,4967
1108,1774278996950279868,1774278996955066076,4786
1109,1774278996956736545,1774278996962062697,5326
1110,1774278996963878278,1774278996971139048,7260
1111,1774278996972832769,1774278996977659157,4826
1112,1774278996979665032,1774278996984940742,5275
1113,1774278996986607609,1774278996993531769,6924
1114,1774278996995348051,1774278997000934528,5586
1115,1774278997002595130,1774278997008045563,5450
1116,1774278997009859863,1774278997016854175,6994
1117,1774278997018551266,1774278997023500658,4949
1118,1774278997025160034,1774278997029671605,4511
1119,1774278997031275772,1774278997035937004,4661
1120,1774278997037553561,1774278997042902106,5348
1121,1774278997044500092,1774278997049641124,5141
1122,1774278997051271949,1774278997056945849,5673
1123,1774278997058591824,1774278997064327533,5735
1124,1774278997066018031,1774278997070820466,4802
1125,1774278997072669833,1774278997077650263,4980
1126,1774278997079381661,1774278997086390989,7009
1127,1774278997088268987,1774278997093688771,5419
1128,1774278997095387744,1774278997102182766,6795
1129,1774278997103868675,1774278997109776714,5908
1130,1774278997111714291,1774278997117228178,5513
1131,1774278997119252979,1774278997124844127,5591
1132,1774278997126774690,1774278997132417988,5643
1133,1774278997134243142,1774278997139718789,5475
1134,1774278997141525613,1774278997148678750,7153
1135,1774278997150456934,1774278997155594651,5137
1136,1774278997157235553,1774278997163562044,6326
1137,1774278997165386818,1774278997171070369,5683
1138,1774278997172815875,1774278997178810748,5994
1139,1774278997180520664,1774278997187211010,6690
1140,1774278997188855279,1774278997195993453,7138
1141,1774278997197850913,1774278997203473052,5622
1142,1774278997205357602,1774278997211553299,6195
1143,1774278997213408470,1774278997219050292,5641
1144,1774278997220757579,1774278997225656772,4899
1145,1774278997227331780,1774278997232417315,5085
1146,1774278997234283583,1774278997239724036,5440
1147,1774278997241542534,1774278997247524427,5981
1148,1774278997249354698,1774278997255233604,5878
1149,1774278997257042801,1774278997262233145,5190
1150,1774278997263910182,1774278997268689204,4779
1151,1774278997270382248,1774278997276266529,5884
1152,1774278997278003801,1774278997284356134,6352
1153,1774278997286056862,1774278997293307564,7250
1154,1774278997295016359,1774278997299932015,4915
1155,1774278997301586216,1774278997306968884,5382
1156,1774278997308691627,1774278997327619998,18928
1157,1774278997328960835,1774278997334374682,5413
1158,1774278997336350764,1774278997342668261,6317
1159,1774278997344612818,1774278997351674663,7061
1160,1774278997353512383,1774278997359278457,5766
1161,1774278997361038866,1774278997366530912,5492
1162,1774278997368385012,1774278997375757043,7372
1163,1774278997377530996,1774278997382223734,4692
1164,1774278997383873523,1774278997389472637,5599
1165,1774278997391163444,1774278997396474820,5311
1166,1774278997398186001,1774278997403021374,4835
1167,1774278997404643919,1774278997411787547,7143
1168,1774278997413569434,1774278997419114204,5544
1169,1774278997420752798,1774278997426133729,5380
1170,1774278997427818461,1774278997434239421,6420
1171,1774278997436090754,1774278997443404257,7313
1172,1774278997445231670,1774278997452352150,7120
1173,1774278997454046972,1774278997459589755,5542
1174,1774278997461276819,1774278997466071192,4794
1175,1774278997467770467,1774278997472397214,4626
1176,1774278997473828215,1774278997480714583,6886
1177,1774278997482306613,1774278997487065373,4758
1178,1774278997488735694,1774278997494674206,5938
1179,1774278997496612612,1774278997501983259,5370
1180,1774278997503654936,1774278997508667133,5012
1181,1774278997510401834,1774278997517431692,7029
1182,1774278997519202495,1774278997525971292,6768
1183,1774278997527621370,1774278997532450430,4829
1184,1774278997534291975,1774278997540205286,5913
1185,1774278997542122098,1774278997547735335,5613
1186,1774278997549451454,1774278997555536567,6085
1187,1774278997557474900,1774278997563535859,6060
1188,1774278997565306989,1774278997569985037,4678
1189,1774278997571644125,1774278997578727149,7083
1190,1774278997580420842,1774278997587483557,7062
1191,1774278997589118412,1774278997593768902,4650
1192,1774278997595308080,1774278997600651563,5343
1193,1774278997602362006,1774278997607007896,4645
1194,1774278997608630349,1774278997613744291,5113
1195,1774278997615361208,1774278997620316415,4955
1196,1774278997621977318,1774278997627884393,5907
1197,1774278997629653170,1774278997634449397,4796
1198,1774278997636225923,1774278997641370217,5144
1199,1774278997643041211,1774278997649839977,6798
1200,1774278997651785632,1774278997656877007,5091
1201,1774278997658594402,1774278997664137533,5543
1202,1774278997666054759,1774278997672273326,6218
1203,1774278997674056244,1774278997679928039,5871
1204,1774278997681591775,1774278997687405985,5814
1205,1774278997689181128,1774278997694005315,4824
1206,1774278997695656885,1774278997700967229,5310
1207,1774278997702730527,1774278997708390030,5659
1208,1774278997710129312,1774278997717183223,7053
1209,1774278997718866470,1774278997723752721,4886
1210,1774278997725355658,1774278997730026477,4670
1211,1774278997731594868,1774278997736579213,4984
1212,1774278997738374022,1774278997745151019,6776
1213,1774278997746857527,1774278997751727230,4869
1214,1774278997753450305,1774278997758151944,4701
1215,1774278997759824772,1774278997766943525,7118
1216,1774278997768702521,1774278997774232180,5529
1217,1774278997775887847,1774278997781304299,5416
1218,1774278997783003297,1774278997788020042,5016
1219,1774278997789795930,1774278997794728668,4932
1220,1774278997796527243,1774278997803278468,6751
1221,1774278997804962904,1774278997810544912,5582
1222,1774278997812500058,1774278997817546722,5046
1223,1774278997819294801,1774278997824339203,5044
1224,1774278997826213555,1774278997832002793,5789
1225,1774278997833926135,1774278997839378325,5452
1226,1774278997841111520,1774278997846682143,5570
1227,1774278997848665110,1774278997854033918,5368
1228,1774278997855774378,1774278997862913668,7139
1229,1774278997864572263,1774278997869866557,5294
1230,1774278997871567984,1774278997877213092,5645
1231,1774278997878772535,1774278997883673154,4900
1232,1774278997885049346,1774278997890184007,5134
1233,1774278997891752692,1774278997896785673,5032
1234,1774278997898439381,1774278997903405081,4965
1235,1774278997905172706,1774278997910646088,5473
1236,1774278997912632153,1774278997919184512,6552
1237,1774278997921198095,1774278997925739731,4541
1238,1774278997927518101,1774278997932313082,4794
1239,1774278997933972654,1774278997940827473,6854
1240,1774278997942728992,1774278997949360888,6631
1241,1774278997951238808,1774278997956385801,5146
1242,1774278997958082893,1774278997963108122,5025
1243,1774278997964847329,1774278997970515727,5668
1244,1774278997972511426,1774278997977634484,5123
1245,1774278997979318212,1774278997983985844,4667
1246,1774278997985815775,1774278997990431797,4616
1247,1774278997992217770,1774278997999352686,7134
1248,1774278998001005861,1774278998005323414,4317
1249,1774278998006621508,1774278998011487812,4866
1250,1774278998013124171,1774278998018771141,5646
1251,1774278998020389290,1774278998025332290,4943
1252,1774278998026935326,1774278998032596164,5660
1253,1774278998034203231,1774278998039532747,5329
1254,1774278998041206989,1774278998046556170,5349
1255,1774278998048248949,1774278998054990473,6741
1256,1774278998056713048,1774278998061718582,5005
1257,1774278998063428064,1774278998069533522,6105
1258,1774278998071369625,1774278998078325413,6955
1259,1774278998080226947,1774278998085225276,4998
1260,1774278998086900165,1774278998092404581,5504
1261,1774278998094496034,1774278998101796383,7300
1262,1774278998103726996,1774278998108586771,4859
1263,1774278998110332974,1774278998116191929,5858
1264,1774278998117779450,1774278998124616279,6836
1265,1774278998126308930,1774278998131410696,5101
1266,1774278998133108428,1774278998139258485,6150
1267,1774278998141047876,1774278998145756980,4709
1268,1774278998147408133,1774278998152598629,5190
1269,1774278998154106374,1774278998158887143,4780
1270,1774278998160397261,1774278998165362254,4964
1271,1774278998167209220,1774278998171786756,4577
1272,1774278998173417844,1774278998178993158,5575
1273,1774278998180921615,1774278998187413806,6492
1274,1774278998189337295,1774278998195017753,5680
1275,1774278998196681596,1774278998201612860,4931
1276,1774278998203289100,1774278998208062593,4773
1277,1774278998209725069,1774278998216822937,7097
1278,1774278998218585322,1774278998224356112,5770
1279,1774278998226049430,1774278998231375998,5326
1280,1774278998233058472,1774278998237847323,4788
1281,1774278998239512813,1774278998244595839,5083
1282,1774278998246300089,1774278998253269180,6969
1283,1774278998254929973,1774278998260673111,5743
1284,1774278998262578477,1774278998269608143,7029
1285,1774278998271353739,1774278998276652243,5298
1286,1774278998278124583,1774278998282629166,4504
1287,1774278998284316426,1774278998288896815,4580
1288,1774278998290686688,1774278998295926645,5239
1289,1774278998297553423,1774278998302370951,4817
1290,1774278998304037905,1774278998309460235,5422
1291,1774278998311190695,1774278998315837431,4646
1292,1774278998317405437,1774278998323552036,6146
1293,1774278998325360486,1774278998330681394,5320
1294,1774278998332367589,1774278998337387285,5019
1295,1774278998339270340,1774278998344288707,5018
1296,1774278998346079759,1774278998352294810,6215
1297,1774278998353946291,1774278998359605936,5659
1298,1774278998361594830,1774278998366610399,5015
1299,1774278998368351325,1774278998373457376,5106
1300,1774278998375512633,1774278998382524033,7011
1301,1774278998384396476,1774278998389923099,5526
1302,1774278998391622074,1774278998396883820,5261
1303,1774278998398573167,1774278998405749985,7176
1304,1774278998407411654,1774278998412519633,5107
1305,1774278998414212055,1774278998419349080,5137
1306,1774278998420910768,1774278998426988484,6077
1307,1774278998428689020,1774278998433557974,4868
1308,1774278998435179854,1774278998440738201,5558
1309,1774278998442423527,1774278998447439903,5016
1310,1774278998449047748,1774278998453782512,4734
1311,1774278998455549332,1774278998462391027,6841
1312,1774278998464074053,1774278998469961935,5887
1313,1774278998471674468,1774278998477292550,5618
1314,1774278998479037193,1774278998483870677,4833
1315,1774278998485560810,1774278998491269007,5708
1316,1774278998493517486,1774278998498887561,5370
1317,1774278998500794066,1774278998506464297,5670
1318,1774278998508243907,1774278998513715569,5471
1319,1774278998515465111,1774278998522441884,6976
1320,1774278998524198972,1774278998528909909,4710
1321,1774278998530841151,1774278998536725636,5884
1322,1774278998538509691,1774278998545592786,7083
1323,1774278998547155418,1774278998551737803,4582
1324,1774278998553523707,1774278998559207285,5683
1325,1774278998560898458,1774278998566690594,5792
1326,1774278998568363773,1774278998573474612,5110
1327,1774278998575095958,1774278998580492745,5396
1328,1774278998582438489,1774278998587161555,4723
1329,1774278998589136220,1774278998594028381,4892
1330,1774278998595669171,1774278998601640811,5971
1331,1774278998603610584,1774278998609173557,5562
1332,1774278998610822616,1774278998615695978,4873
1333,1774278998617417956,1774278998622511356,5093
1334,1774278998624434782,1774278998629872666,5437
1335,1774278998631682929,1774278998637697278,6014
1336,1774278998639650562,1774278998645352577,5702
1337,1774278998647044480,1774278998651844802,4800
1338,1774278998653738979,1774278998659028932,5289
1339,1774278998660934712,1774278998665642167,4707
1340,1774278998667371386,1774278998674431384,7059
1341,1774278998676192419,1774278998681577904,5385
1342,1774278998683281364,1774278998688421620,5140
1343,1774278998689797930,1774278998694524409,4726
1344,1774278998696154868,1774278998701366288,5211
1345,1774278998703093910,1774278998708105486,5011
1346,1774278998709677031,1774278998714378022,4700
1347,1774278998716163946,1774278998720683842,4519
1348,1774278998722281375,1774278998728519017,6237
1349,1774278998730176059,1774278998735803215,5627
1350,1774278998737455282,1774278998742325956,4870
1351,1774278998743934441,1774278998749470445,5536
1352,1774278998751200523,1774278998756235966,5035
1353,1774278998757863348,1774278998762586879,4723
1354,1774278998764607806,1774278998771792111,7184
1355,1774278998773539325,1774278998778625304,5085
1356,1774278998780301751,1774278998785693469,5391
1357,1774278998787442927,1774278998793532776,6089
1358,1774278998795372999,1774278998801072450,5699
1359,1774278998802887510,1774278998809026935,6139
1360,1774278998810814244,1774278998816381779,5567
1361,1774278998818064339,1774278998825089194,7024
1362,1774278998826699003,1774278998831714903,5015
1363,1774278998833501275,1774278998838729978,5228
1364,1774278998840459059,1774278998846050560,5591
1365,1774278998847648182,1774278998853575726,5927
1366,1774278998855356299,1774278998859833594,4477
1367,1774278998861515320,1774278998867571789,6056
1368,1774278998869328962,1774278998876107961,6778
1369,1774278998877841416,1774278998884764017,6922
1370,1774278998886590663,1774278998892214459,5623
1371,1774278998893835980,1774278998898553299,4717
1372,1774278998900186546,1774278998905105909,4919
1373,1774278998906794128,1774278998911528332,4734
1374,1774278998913010683,1774278998917545926,4535
1375,1774278998919410250,1774278998926114255,6704
1376,1774278998927972247,1774278998933454504,5482
1377,1774278998935132687,1774278998940526100,5393
1378,1774278998942179738,1774278998946938451,4758
1379,1774278998948607327,1774278998953413800,4806
1380,1774278998955306231,1774278998960453878,5147
1381,1774278998962156593,1774278998968850748,6694
1382,1774278998970524871,1774278998976569074,6044
1383,1774278998978172481,1774278998982883237,4710
1384,1774278998984359290,1774278998988937148,4577
1385,1774278998990426954,1774278998995122631,4695
1386,1774278998996814303,1774278999002052691,5238
1387,1774278999003573267,1774278999008617256,5043
1388,1774278999010299785,1774278999017265711,6965
1389,1774278999018930839,1774278999025795617,6864
1390,1774278999027616706,1774278999032605834,4989
1391,1774278999034344472,1774278999040155955,5811
1392,1774278999041765829,1774278999048776041,7010
1393,1774278999050429789,1774278999056519514,6089
1394,1774278999058390367,1774278999064046172,5655
1395,1774278999065756547,1774278999070776385,5019
1396,1774278999072492046,1774278999077368507,4876
1397,1774278999079158509,1774278999086324046,7165
1398,1774278999088309665,1774278999093722754,5413
1399,1774278999095443429,1774278999100489480,5046
1400,1774278999102289451,1774278999106963614,4674
1401,1774278999108693673,1774278999113608835,4915
1402,1774278999115254516,1774278999120083805,4829
1403,1774278999121720071,1774278999126698429,4978
1404,1774278999128301044,1774278999134873444,6572
1405,1774278999136554658,1774278999141961764,5407
1406,1774278999143643999,1774278999148544722,4900
1407,1774278999150207001,1774278999155072407,4865
1408,1774278999156746345,1774278999161694380,4948
1409,1774278999163583807,1774278999169172105,5588
1410,1774278999171253606,1774278999177025623,5772
1411,1774278999178709160,1774278999184720716,6011
1412,1774278999186473684,1774278999193433691,6960
1413,1774278999195430702,1774278999200913649,5482
1414,1774278999202815205,1774278999208709624,5894
1415,1774278999210416459,1774278999216070924,5654
1416,1774278999217840045,1774278999222759231,4919
1417,1774278999224710492,1774278999232014305,7303
1418,1774278999233966216,1774278999238562789,4596
1419,1774278999240191111,1774278999245582379,5391
1420,1774278999247259426,1774278999254363537,7104
1421,1774278999256060716,1774278999260774626,4713
1422,1774278999262416764,1774278999267407537,4990
1423,1774278999269276803,1774278999274355736,5078
1424,1774278999275961573,1774278999282384368,6422
1425,1774278999284342010,1774278999291223844,6881
1426,1774278999293162485,1774278999298281566,5119
1427,1774278999299917863,1774278999305564440,5646
1428,1774278999307428804,1774278999314759558,7330
1429,1774278999316723953,1774278999321984920,5260
1430,1774278999323678750,1774278999329501866,5823
1431,1774278999331399201,1774278999338339331,6940
1432,1774278999340166757,1774278999344940854,4774
1433,1774278999346636712,1774278999353488185,6851
1434,1774278999355380221,1774278999362102689,6722
1435,1774278999363812333,1774278999369008320,5195
1436,1774278999370773492,1774278999377328287,6554
1437,1774278999379036566,1774278999386466458,7429
1438,1774278999387881422,1774278999392957597,5076
1439,1774278999394622245,1774278999399886187,5263
1440,1774278999401404767,1774278999405936490,4531
1441,1774278999407531231,1774278999413416185,5884
1442,1774278999415231657,1774278999420853559,5621
1443,1774278999422536060,1774278999427310763,4774
1444,1774278999428942066,1774278999433727571,4785
1445,1774278999435364718,1774278999440432985,5068
1446,1774278999442228730,1774278999447504864,5276
1447,1774278999449160451,1774278999453870761,4710
1448,1774278999455578781,1774278999462590631,7011
1449,1774278999464410640,1774278999470121143,5710
1450,1774278999471805695,1774278999477259127,5453
1451,1774278999479069834,1774278999483912645,4842
1452,1774278999485602313,1774278999490651997,5049
1453,1774278999492520286,1774278999497600238,5079
1454,1774278999499382147,1774278999504723383,5341
1455,1774278999506417404,1774278999512522986,6105
1456,1774278999514320546,1774278999519016245,4695
1457,1774278999520428463,1774278999525804032,5375
1458,1774278999527475068,1774278999533152371,5677
1459,1774278999534731963,1774278999540327971,5596
1460,1774278999541928477,1774278999546453143,4524
1461,1774278999548024047,1774278999553258484,5234
1462,1774278999554974034,1774278999559749645,4775
1463,1774278999561612992,1774278999568294371,6681
1464,1774278999570008050,1774278999575544187,5536
1465,1774278999577300383,1774278999582274504,4974
1466,1774278999584017167,1774278999589274985,5257
1467,1774278999590976003,1774278999598061388,7085
1468,1774278999600022876,1774278999605459831,5436
1469,1774278999607296508,1774278999612495742,5199
1470,1774278999614268340,1774278999619109726,4841
1471,1774278999620846236,1774278999626245228,5398
1472,1774278999628148013,1774278999635096976,6948
1473,1774278999636870154,1774278999642093968,5223
1474,1774278999643940985,1774278999649781314,5840
1475,1774278999651406586,1774278999658545515,7138
1476,1774278999660055838,1774278999664755146,4699
1477,1774278999666383613,1774278999671910619,5527
1478,1774278999673566119,1774278999678294437,4728
1479,1774278999679939930,1774278999684578137,4638
1480,1774278999686171850,1774278999691521241,5349
1481,1774278999693203037,1774278999698904029,5700
1482,1774278999700558453,1774278999707197112,6638
1483,1774278999708927339,1774278999713595269,4667
1484,1774278999715272930,1774278999721258050,5985
1485,1774278999723025438,1774278999729784049,6758
1486,1774278999731423880,1774278999736391172,4967
1487,1774278999738029028,1774278999742830651,4801
1488,1774278999744504121,1774278999750667697,6163
1489,1774278999768687066,1774278999775700082,7013
1490,1774278999777420336,1774278999782654633,5234
1491,1774278999784455565,1774278999791068951,6613
1492,1774278999792764625,1774278999797534536,4769
1493,1774278999799383831,1774278999806417693,7033
1494,1774278999808172541,1774278999813900687,5728
1495,1774278999815551090,1774278999820401625,4850
1496,1774278999822080435,1774278999827955593,5875
1497,1774278999829701581,1774278999835548464,5846
1498,1774278999837301076,1774278999842124971,4823
1499,1774278999843810713,1774278999849064957,5254
1500,1774278999850985642,1774278999855881384,4895
1501,1774278999857558177,1774278999864381698,6823
1502,1774278999866063695,1774278999871807137,5743
1503,1774278999873671960,1774278999878563995,4892
1504,1774278999880323616,1774278999885327546,5003
1505,1774278999886806033,1774278999892179912,5373
1506,1774278999893796612,1774278999899606491,5809
1507,1774278999901293054,1774278999907370819,6077
1508,1774278999909009819,1774278999914346096,5336
1509,1774278999915992624,1774278999920925331,4932
1510,1774278999922620607,1774278999928080665,5460
1511,1774278999929687892,1774278999934925128,5237
1512,1774278999936593595,1774278999941298699,4705
1513,1774278999943066775,1774278999947603723,4536
1514,1774278999949047708,1774278999953760935,4713
1515,1774278999955391296,1774278999961987540,6596
1516,1774278999963639428,1774278999968934468,5295
1517,1774278999970635323,1774278999975981286,5345
1518,1774278999977664287,1774278999982588508,4924
1519,1774278999984230066,1774278999988980521,4750
1520,1774278999990711404,1774278999997840462,7129
1521,1774278999999647222,1774279000005129624,5482
1522,1774279000006785908,1774279000012187551,5401
1523,1774279000013958149,1774279000018771275,4813
1524,1774279000020543083,1774279000026176405,5633
1525,1774279000027675489,1774279000032970116,5294
1526,1774279000034790206,1774279000039986406,5196
1527,1774279000041668531,1774279000047182485,5513
1528,1774279000048805311,1774279000054230881,5425
1529,1774279000055980202,1774279000062321203,6341
1530,1774279000064032881,1774279000069403356,5370
1531,1774279000071068492,1774279000076189974,5121
1532,1774279000077834575,1774279000084286827,6452
1533,1774279000085841367,1774279000090940346,5098
1534,1774279000092720010,1774279000098688648,5968
1535,1774279000100424401,1774279000105369901,4945
1536,1774279000106995495,1774279000112112878,5117
1537,1774279000113830959,1774279000120689499,6858
1538,1774279000122438830,1774279000127523780,5084
1539,1774279000129296313,1774279000134204629,4908
1540,1774279000135822789,1774279000141330408,5507
1541,1774279000143058724,1774279000149211926,6153
1542,1774279000150887841,1774279000155708094,4820
1543,1774279000157659294,1774279000162922582,5263
1544,1774279000164797000,1774279000169902908,5105
1545,1774279000171759196,1774279000177647063,5887
1546,1774279000179356289,1774279000184847446,5491
1547,1774279000186740473,1774279000191840996,5100
1548,1774279000193633550,1774279000200850553,7217
1549,1774279000202490857,1774279000208089517,5598
1550,1774279000209764517,1774279000214196488,4431
1551,1774279000215839863,1774279000221074210,5234
1552,1774279000222704909,1774279000227607788,4902
1553,1774279000229260361,1774279000233892405,4632
1554,1774279000235581723,1774279000242810838,7229
1555,1774279000244559175,1774279000250242178,5683
1556,1774279000252033343,1774279000257366574,5333
1557,1774279000259211490,1774279000263909675,4698
1558,1774279000265874824,1774279000271845775,5970
1559,1774279000273670444,1774279000278923561,5253
1560,1774279000280922152,1774279000285782999,4860
1561,1774279000287539398,1774279000293161458,5622
1562,1774279000295089108,1774279000300921958,5832
1563,1774279000302812733,1774279000308377520,5564
1564,1774279000310073436,1774279000315178462,5105
1565,1774279000316878499,1774279000321962591,5084
1566,1774279000323790718,1774279000329379524,5588
1567,1774279000331242052,1774279000337328934,6086
1568,1774279000338787680,1774279000343493657,4705
1569,1774279000345219226,1774279000349809504,4590
1570,1774279000351398891,1774279000356668930,5270
1571,1774279000358356402,1774279000363529887,5173
1572,1774279000364818900,1774279000369653254,4834
1573,1774279000371294825,1774279000376700450,5405
1574,1774279000378409567,1774279000385368401,6958
1575,1774279000387010684,1774279000392069148,5058
1576,1774279000393823337,1774279000400396207,6572
1577,1774279000402282608,1774279000409181262,6898
1578,1774279000411216258,1774279000416621552,5405
1579,1774279000418367675,1774279000424387909,6020
1580,1774279000426097486,1774279000430881671,4784
1581,1774279000432550668,1774279000437820631,5269
1582,1774279000439749210,1774279000446925422,7176
1583,1774279000448678769,1774279000453603628,4924
1584,1774279000455305013,1774279000461082660,5777
1585,1774279000462973487,1774279000469984307,7010
1586,1774279000471753100,1774279000477040769,5287
1587,1774279000479063469,1774279000484751351,5687
1588,1774279000486426736,1774279000491342319,4915
1589,1774279000492985146,1774279000497935115,4949
1590,1774279000499621874,1774279000504271153,4649
1591,1774279000505917949,1774279000510687302,4769
1592,1774279000512439657,1774279000519521704,7082
1593,1774279000521193270,1774279000525836160,4642
1594,1774279000527677035,1774279000533392236,5715
1595,1774279000535378640,1774279000540689664,5311
1596,1774279000542402247,1774279000548383282,5981
1597,1774279000550210055,1774279000556552665,6342
1598,1774279000558303316,1774279000563995231,5691
1599,1774279000565672426,1774279000570661526,4989
1600,1774279000572647204,1774279000577735809,5088
1601,1774279000579606132,1774279000585701982,6095
1602,1774279000587618531,1774279000593230854,5612
1603,1774279000595123624,1774279000599925341,4801
1604,1774279000601871003,1774279000606760331,4889
1605,1774279000608572734,1774279000614347452,5774
1606,1774279000616005410,1774279000623069791,7064
1607,1774279000624723797,1774279000630185488,5461
1608,1774279000631749699,1774279000638855251,7105
1609,1774279000640613569,1774279000645390446,4776
1610,1774279000647064978,1774279000651862564,4797
1611,1774279000653439671,1774279000658996639,5556
1612,1774279000660620907,1774279000667349273,6728
1613,1774279000669012626,1774279000673779514,4766
1614,1774279000675550059,1774279000682344481,6794
1615,1774279000684004927,1774279000690217554,6212
1616,1774279000691950400,1774279000697686359,5735
1617,1774279000699369579,1774279000706379255,7009
1618,1774279000708121115,1774279000713171388,5050
1619,1774279000714828020,1774279000719727769,4899
1620,1774279000721587004,1774279000728655691,7068
1621,1774279000730449643,1774279000735505829,5056
1622,1774279000737291390,1774279000743088565,5797
1623,1774279000744824300,1774279000752006359,7182
1624,1774279000753604708,1774279000758884806,5280
1625,1774279000760552671,1774279000766183760,5631
1626,1774279000767811456,1774279000772503449,4691
1627,1774279000774100966,1774279000780301961,6200
1628,1774279000781830450,1774279000786973630,5143
1629,1774279000788691784,1774279000793348597,4656
1630,1774279000795020213,1774279000801038160,6017
1631,1774279000802644925,1774279000807816983,5172
1632,1774279000809440941,1774279000815208694,5767
1633,1774279000816814784,1774279000824141239,7326
1634,1774279000826070802,1774279000830975186,4904
1635,1774279000832668584,1774279000838791683,6123
1636,1774279000840802812,1774279000845745463,4942
1637,1774279000847522257,1774279000852568433,5046
1638,1774279000854369316,1774279000859743239,5373
1639,1774279000861491012,1774279000867486041,5995
1640,1774279000869440316,1774279000875715455,6275
1641,1774279000877423790,1774279000884415053,6991
1642,1774279000886326629,1774279000891041518,4714
1643,1774279000892459063,1774279000898420659,5961
1644,1774279000900049310,1774279000905770734,5721
1645,1774279000907404465,1774279000913311404,5906
1646,1774279000914982512,1774279000919606334,4623
1647,1774279000921357579,1774279000926818641,5461
1648,1774279000928555532,1774279000935362145,6806
1649,1774279000937328693,1774279000942658910,5330
1650,1774279000944393101,1774279000950277001,5883
1651,1774279000951999509,1774279000958947293,6947
1652,1774279000960842369,1774279000965821103,4978
1653,1774279000967566533,1774279000973544411,5977
1654,1774279000975432821,1774279000980865337,5432
1655,1774279000982739368,1774279000987651261,4911
1656,1774279000989383439,1774279000995297199,5913
1657,1774279000997360235,1774279001004240789,6880
1658,1774279001006061936,1774279001010907320,4845
1659,1774279001012763606,1774279001018402772,5639
1660,1774279001020279232,1774279001025241774,4962
1661,1774279001026998935,1774279001031719901,4720
1662,1774279001033092173,1774279001038174213,5082
1663,1774279001039809128,1774279001045675186,5866
1664,1774279001047240669,1774279001052135129,4894
1665,1774279001053840406,1774279001058917857,5077
1666,1774279001060473176,1774279001067286154,6812
1667,1774279001068989180,1774279001075017889,6028
1668,1774279001076724624,1774279001082635436,5910
1669,1774279001084366491,1774279001091405320,7038
1670,1774279001093488249,1774279001099121302,5633
1671,1774279001100800495,1774279001106729631,5929
1672,1774279001108509789,1774279001115515579,7005
1673,1774279001117533888,1774279001124349597,6815
1674,1774279001126019550,1774279001131125767,5106
1675,1774279001132890226,1774279001139952879,7062
1676,1774279001141791915,1774279001147456641,5664
1677,1774279001149131598,1774279001154860721,5729
1678,1774279001156645628,1774279001163827107,7181
1679,1774279001165547387,1774279001170133685,4586
1680,1774279001171805182,1774279001178865067,7059
1681,1774279001180468618,1774279001186985020,6516
1682,1774279001188633316,1774279001193815965,5182
1683,1774279001195356126,1774279001200631211,5275
1684,1774279001202203601,1774279001207607774,5404
1685,1774279001209241358,1774279001214901948,5660
1686,1774279001216549983,1774279001221398197,4848
1687,1774279001223044095,1774279001228021414,4977
1688,1774279001230009921,1774279001236762750,6752
1689,1774279001238381257,1774279001244085024,5703
1690,1774279001245814235,1774279001251255922,5441
1691,1774279001252923604,1774279001257697567,4773
1692,1774279001259433425,1774279001264390860,4957
1693,1774279001266262303,1774279001271336428,5074
1694,1774279001273098776,1774279001279544266,6445
1695,1774279001281254030,1774279001286930267,5676
1696,1774279001288640296,1774279001293547377,4907
1697,1774279001295336223,1774279001300411311,5075
1698,1774279001302026959,1774279001309008409,6981
1699,1774279001310715653,1774279001316310424,5594
1700,1774279001317999197,1774279001323025721,5026
1701,1774279001324599935,1774279001329450495,4850
1702,1774279001330980817,1774279001336243087,5262
1703,1774279001337906777,1774279001342848377,4941
1704,1774279001344661098,1774279001349962612,5301
1705,1774279001351738989,1774279001357730959,5991
1706,1774279001359635931,1774279001365614995,5979
1707,1774279001367357331,1774279001372680724,5323
1708,1774279001374346582,1774279001381265541,6918
1709,1774279001383031451,1774279001390026248,6994
1710,1774279001391708768,1774279001397209502,5500
1711,1774279001399023708,1774279001406382091,7358
1712,1774279001408183732,1774279001413540561,5356
1713,1774279001415177596,1774279001420534983,5357
1714,1774279001422299716,1774279001427300656,5000
1715,1774279001429099824,1774279001434047936,4948
1716,1774279001435797520,1774279001440644662,4847
1717,1774279001442393004,1774279001447492219,5099
1718,1774279001449129402,1774279001456372490,7243
1719,1774279001458031860,1774279001463183933,5152
1720,1774279001464780011,1774279001469285794,4505
1721,1774279001470845002,1774279001475941799,5096
1722,1774279001477564956,1774279001484350305,6785
1723,1774279001486109056,1774279001491389457,5280
1724,1774279001493007204,1774279001499422408,6415
1725,1774279001501263772,1774279001507989129,6725
1726,1774279001509766633,1774279001514616947,4850
1727,1774279001516359349,1774279001523270164,6910
1728,1774279001524957719,1774279001531790699,6832
1729,1774279001533555514,1774279001538773578,5218
1730,1774279001540507635,1774279001547279448,6771
1731,1774279001548975780,1774279001555799515,6823
1732,1774279001557533805,1774279001562776426,5242
1733,1774279001564614654,1774279001569612716,4998
1734,1774279001571438001,1774279001578652905,7214
1735,1774279001580314928,1774279001585269764,4954
1736,1774279001586991186,1774279001594040229,7049
1737,1774279001595718628,1774279001600542789,4824
1738,1774279001601995545,1774279001609076116,7080
1739,1774279001610751333,1774279001615929891,5178
1740,1774279001617486404,1774279001622974547,5488
1741,1774279001624703696,1774279001630456492,5752
1742,1774279001632332642,1774279001639292411,6959
1743,1774279001640980369,1774279001646770013,5789
1744,1774279001648467387,1774279001655091374,6623
1745,1774279001656756147,1774279001663883363,7127
1746,1774279001665650473,1774279001670952862,5302
1747,1774279001672639169,1774279001679302013,6662
1748,1774279001681076544,1774279001687813415,6736
1749,1774279001689512989,1774279001695229322,5716
1750,1774279001696937442,1774279001703203198,6265
1751,1774279001705048371,1774279001710069411,5021
1752,1774279001711776904,1774279001716930613,5153
1753,1774279001718590207,1774279001725832510,7242
1754,1774279001727590725,1774279001732450658,4859
1755,1774279001734114242,1774279001741085688,6971
1756,1774279001742792878,1774279001747281882,4489
1757,1774279001748890096,1774279001753739375,4849
1758,1774279001755345235,1774279001762427429,7082
1759,1774279001764292112,1774279001769704396,5412
1760,1774279001771368045,1774279001777276071,5908
1761,1774279001779026950,1774279001785774068,6747
1762,1774279001787652226,1774279001792659984,5007
1763,1774279001794332001,1774279001799306381,4974
1764,1774279001801264644,1774279001806195770,4931
1765,1774279001807867555,1774279001814298730,6431
1766,1774279001816008882,1774279001822921239,6912
1767,1774279001824805788,1774279001829815329,5009
1768,1774279001831646395,1774279001837674289,6027
1769,1774279001839624456,1774279001846759029,7134
1770,1774279001848510554,1774279001853801886,5291
1771,1774279001855446331,1774279001862204116,6757
1772,1774279001863952071,1774279001868771169,4819
1773,1774279001870284380,1774279001875743480,5459
1774,1774279001877330501,1774279001881869422,4538
1775,1774279001883514624,1774279001888406889,4892
1776,1774279001890175047,1774279001895714134,5539
1777,1774279001897381505,1774279001902684803,5303
1778,1774279001904282067,1774279001910429258,6147
1779,1774279001912128761,1774279001916878587,4749
1780,1774279001918517723,1774279001923907550,5389
1781,1774279001925600459,1774279001930490218,4889
1782,1774279001932105386,1774279001937155366,5049
1783,1774279001939177800,1774279001946258176,7080
1784,1774279001947959775,1774279001953212704,5252
1785,1774279001954966407,1774279001961858546,6892
1786,1774279001963763741,1774279001970611385,6847
1787,1774279001972267519,1774279001977294717,5027
1788,1774279001978985248,1774279001984819206,5833
1789,1774279001986321214,1774279001991331993,5010
1790,1774279001993050242,1774279001999796326,6746
1791,1774279002001408889,1774279002007383699,5974
1792,1774279002009102827,1774279002013766519,4663
1793,1774279002015265236,1774279002020267725,5002
1794,1774279002022047880,1774279002026894871,4846
1795,1774279002028566003,1774279002033440716,4874
1796,1774279002034936779,1774279002040372738,5435
1797,1774279002042141647,1774279002047876000,5734
1798,1774279002049613259,1774279002055556427,5943
1799,1774279002057330908,1774279002062813007,5482
1800,1774279002064580266,1774279002071231873,6651
1801,1774279002073146266,1774279002078374732,5228
1802,1774279002080065482,1774279002085274401,5208
1803,1774279002086924456,1774279002091764555,4840
1804,1774279002093511308,1774279002100673020,7161
1805,1774279002102506053,1774279002108439053,5933
1806,1774279002110264549,1774279002115537750,5273
1807,1774279002117197341,1774279002122332595,5135
1808,1774279002124118970,1774279002129838262,5719
1809,1774279002131391448,1774279002135869455,4478
1810,1774279002137387628,1774279002142354953,4967
1811,1774279002144039106,1774279002148569889,4530
1812,1774279002150166409,1774279002154754859,4588
1813,1774279002156356628,1774279002160782848,4426
1814,1774279002162306923,1774279002166880539,4573
1815,1774279002168563028,1774279002173674140,5111
1816,1774279002175307256,1774279002181133100,5825
1817,1774279002182813582,1774279002187597855,4784
1818,1774279002189522218,1774279002194548529,5026
1819,1774279002196203049,1774279002201843329,5640
1820,1774279002203743328,1774279002210617241,6873
1821,1774279002212532367,1774279002217877223,5344
1822,1774279002219580708,1774279002225416110,5835
1823,1774279002227169780,1774279002231710668,4540
1824,1774279002233456434,1774279002238717398,5260
1825,1774279002240724375,1774279002246003120,5278
1826,1774279002247929271,1774279002253456583,5527
1827,1774279002255138698,1774279002261292665,6153
1828,1774279002263004186,1774279002269951126,6946
1829,1774279002271687134,1774279002277243488,5556
1830,1774279002278920720,1774279002284423428,5502
1831,1774279002286047563,1774279002290762191,4714
1832,1774279002292396723,1774279002297534041,5137
1833,1774279002299085926,1774279002306012950,6927
1834,1774279002307973730,1774279002313294044,5320
1835,1774279002314918389,1774279002320467294,5548
1836,1774279002322277462,1774279002327332831,5055
1837,1774279002329022318,1774279002334452093,5429
1838,1774279002336232106,1774279002340841429,4609
1839,1774279002342507925,1774279002347924703,5416
1840,1774279002349684118,1774279002356324223,6640
1841,1774279002358019491,1774279002363137701,5118
1842,1774279002364817835,1774279002370061815,5243
1843,1774279002371725807,1774279002377609196,5883
1844,1774279002379364237,1774279002385458624,6094
1845,1774279002387109368,1774279002391784876,4675
1846,1774279002393521053,1774279002398470011,4948
1847,1774279002400287508,1774279002405762993,5475
1848,1774279002407363550,1774279002411990258,4626
1849,1774279002413655542,1774279002419050155,5394
1850,1774279002420752837,1774279002426359376,5606
1851,1774279002428061251,1774279002432465987,4404
1852,1774279002434005911,1774279002439081782,5075
1853,1774279002440565056,1774279002445930835,5365
1854,1774279002447752996,1774279002453441289,5688
1855,1774279002455163022,1774279002460014852,4851
1856,1774279002461923191,1774279002466857585,4934
1857,1774279002468776805,1774279002474497112,5720
1858,1774279002476246309,1774279002481679370,5433
1859,1774279002483723522,1774279002490709549,6986
1860,1774279002492543599,1774279002497603863,5060
1861,1774279002499524272,1774279002505454981,5930
1862,1774279002507324342,1774279002512976570,5652
1863,1774279002514630489,1774279002519647282,5016
1864,1774279002521384341,1774279002526375911,4991
1865,1774279002528250560,1774279002533850435,5599
1866,1774279002535624018,1774279002540559340,4935
1867,1774279002542307625,1774279002547979893,5672
1868,1774279002549595231,1774279002556234829,6639
1869,1774279002557859911,1774279002562507164,4647
1870,1774279002564205345,1774279002569248148,5042
1871,1774279002570825325,1774279002575819797,4994
1872,1774279002577547513,1774279002583682319,6134
1873,1774279002585484374,1774279002591391598,5907
1874,1774279002593085063,1774279002598780318,5695
1875,1774279002600668315,1774279002605661554,4993
1876,1774279002607432869,1774279002613115552,5682
1877,1774279002615057125,1774279002621315948,6258
1878,1774279002623049955,1774279002628630431,5580
1879,1774279002630516949,1774279002635537637,5020
1880,1774279002637286751,1774279002644225955,6939
1881,1774279002645884978,1774279002652299057,6414
1882,1774279002653957724,1774279002660339499,6381
1883,1774279002662091105,1774279002667633837,5542
1884,1774279002669608016,1774279002675001727,5393
1885,1774279002676662079,1774279002682513230,5851
1886,1774279002684278491,1774279002688860139,4581
1887,1774279002690495429,1774279002695632917,5137
1888,1774279002697251191,1774279002701913994,4662
1889,1774279002703525394,1774279002708440433,4915
1890,1774279002710132442,1774279002715887072,5754
1891,1774279002717709901,1774279002722989618,5279
1892,1774279002724911063,1774279002729624401,4713
1893,1774279002731351616,1774279002737098762,5747
1894,1774279002738719665,1774279002745460473,6740
1895,1774279002747383760,1774279002754186057,6802
1896,1774279002755897287,1774279002761340876,5443
1897,1774279002763233122,1774279002768783702,5550
1898,1774279002770501774,1774279002776674584,6172
1899,1774279002778459723,1774279002785391729,6932
1900,1774279002787347425,1774279002792926445,5579
1901,1774279002794631442,1774279002800611725,5980
1902,1774279002802391869,1774279002807525025,5133
1903,1774279002809322159,1774279002814187673,4865
1904,1774279002815843832,1774279002822938035,7094
1905,1774279002824423743,1774279002829712955,5289
1906,1774279002831374829,1774279002838305667,6930
1907,1774279002840019944,1774279002845282977,5263
1908,1774279002846864397,1774279002852206398,5342
1909,1774279002853871785,1774279002858836608,4964
1910,1774279002860560768,1774279002866280435,5719
1911,1774279002867909960,1774279002873287104,5377
1912,1774279002875027908,1774279002881317389,6289
1913,1774279002883228179,1774279002888982734,5754
1914,1774279002890740883,1774279002896498702,5757
1915,1774279002897913663,1774279002903185784,5272
1916,1774279002904750196,1774279002909823250,5073
1917,1774279002911325416,1774279002917332179,6006
1918,1774279002919104146,1774279002923716421,4612
1919,1774279002925526698,1774279002931097572,5570
1920,1774279002932846421,1774279002938307195,5460
1921,1774279002939968463,1774279002945675360,5706
1922,1774279002947397812,1774279002953031918,5634
1923,1774279002954662577,1774279002961080018,6417
1924,1774279002962800971,1774279002968487288,5686
1925,1774279002970198860,1774279002974856023,4657
1926,1774279002976497944,1774279002982566282,6068
1927,1774279002984323084,1774279002990101476,5778
1928,1774279002991779587,1774279002997065349,5285
1929,1774279002998770078,1774279003003705433,4935
1930,1774279003005381118,1774279003010884203,5503
1931,1774279003012599014,1774279003019450376,6851
1932,1774279003021380327,1774279003028192579,6812
1933,1774279003029951850,1774279003035205287,5253
1934,1774279003036899440,1774279003042017738,5118
1935,1774279003044234052,1774279003050019952,5785
1936,1774279003051706696,1774279003056744331,5037
1937,1774279003058697899,1774279003065256281,6558
1938,1774279003066951474,1774279003072233025,5281
1939,1774279003073938097,1774279003079778222,5840
1940,1774279003081713263,1774279003088818398,7105
1941,1774279003090422908,1774279003097504443,7081
1942,1774279003099168447,1774279003104362339,5193
1943,1774279003106021473,1774279003110780101,4758
1944,1774279003112518681,1774279003117069438,4550
1945,1774279003118610848,1774279003125473692,6862
1946,1774279003127114534,1774279003132788696,5674
1947,1774279003134422486,1774279003139909593,5487
1948,1774279003141547456,1774279003146394862,4847
1949,1774279003148145074,1774279003153074904,4929
1950,1774279003154706844,1774279003159925156,5218
1951,1774279003161607797,1774279003168413681,6805
1952,1774279003170046022,1774279003175516909,5470
1953,1774279003177172798,1774279003182539696,5366
1954,1774279003184232120,1774279003191279377,7047
1955,1774279003192975684,1774279003197696542,4720
1956,1774279003199647016,1774279003205312900,5665
1957,1774279003206971879,1774279003212704365,5732
1958,1774279003214393266,1774279003221285006,6891
1959,1774279003223173664,1774279003228526624,5352
1960,1774279003230197111,1774279003236291932,6094
1961,1774279003237982636,1774279003242745631,4762
1962,1774279003244425767,1774279003251059779,6634
1963,1774279003252714863,1774279003258273962,5559
1964,1774279003259915319,1774279003265020369,5105
1965,1774279003266814277,1774279003271778789,4964
1966,1774279003273500852,1774279003278351498,4850
1967,1774279003280019402,1774279003286810666,6791
1968,1774279003288576510,1774279003293940090,5363
1969,1774279003295753750,1774279003301293179,5539
1970,1774279003303213876,1774279003309003424,5789
1971,1774279003310734304,1774279003316842495,6108
1972,1774279003318724609,1774279003324676304,5951
1973,1774279003326421486,1774279003332806400,6384
1974,1774279003334510417,1774279003340435803,5925
1975,1774279003342202158,1774279003347005803,4803
1976,1774279003348666788,1774279003353625038,4958
1977,1774279003355488662,1774279003360675214,5186
1978,1774279003362382680,1774279003368059327,5676
1979,1774279003369737949,1774279003375702591,5964
1980,1774279003377213587,1774279003382025170,4811
1981,1774279003383659741,1774279003388739994,5080
1982,1774279003390404667,1774279003397557568,7152
1983,1774279003399068981,1774279003404981635,5912
1984,1774279003406647931,1774279003412566186,5918
1985,1774279003414375589,1774279003419568690,5193
1986,1774279003421255880,1774279003425832631,4576
1987,1774279003427502689,1774279003432486418,4983
1988,1774279003434201255,1774279003438887683,4686
1989,1774279003440705754,1774279003447191553,6485
1990,1774279003448997699,1774279003454750845,5753
1991,1774279003456457196,1774279003461452136,4994
1992,1774279003463092618,1774279003468291116,5198
1993,1774279003469973301,1774279003475351692,5378
1994,1774279003477068782,1774279003483497172,6428
1995,1774279003485246600,1774279003491381876,6135
1996,1774279003493062453,1774279003497876380,4813
1997,1774279003499829933,1774279003507030196,7200
1998,1774279003508675552,1774279003513590773,4915
1999,1774279003515392195,1774279003522501331,7109
2000,1774279003524061946,1774279003529359678,5297
2001,1774279003531234100,1774279003536638042,5403
2002,1774279003538076620,1774279003543803356,5726
2003,1774279003545444149,1774279003550383408,4939
2004,1774279003552059383,1774279003557043532,4984
2005,1774279003558733386,1774279003565729920,6996
2006,1774279003567676831,1774279003572657764,4980
2007,1774279003574452238,1774279003580259866,5807
2008,1774279003582003516,1774279003587797951,5794
2009,1774279003589535416,1774279003594569575,5034
2010,1774279003596463032,1774279003601537032,5074
2011,1774279003603337848,1774279003610383827,7045
2012,1774279003612049146,1774279003617281610,5232
2013,1774279003618933436,1774279003624951975,6018
2014,1774279003626684236,1774279003632311137,5626
2015,1774279003634182303,1774279003638822853,4640
2016,1774279003640547195,1774279003645502986,4955
2017,1774279003647218006,1774279003651752483,4534
2018,1774279003653425792,1774279003658923340,5497
2019,1774279003660407701,1774279003665873688,5465
2020,1774279003667576316,1774279003672204730,4628
2021,1774279003673794558,1774279003678571728,4777
2022,1774279003680018059,1774279003686288859,6270
2023,1774279003688212704,1774279003695219443,7006
2024,1774279003696986418,1774279003702707514,5721
2025,1774279003704641860,1774279003710604825,5962
2026,1774279003712379875,1774279003717797500,5417
2027,1774279003719571124,1774279003724528140,4957
2028,1774279003726501291,1774279003733286572,6785
2029,1774279003735032845,1774279003740148917,5116
2030,1774279003741959637,1774279003748858696,6899
2031,1774279003750783961,1774279003755782239,4998
2032,1774279003757814404,1774279003763454233,5639
2033,1774279003765124286,1774279003771449137,6324
2034,1774279003773267347,1774279003780510316,7242
2035,1774279003782241221,1774279003787667393,5426
2036,1774279003789337934,1774279003796546119,7208
2037,1774279003798252288,1774279003802857581,4605
2038,1774279003804471293,1774279003809115341,4644
2039,1774279003810720931,1774279003815900070,5179
2040,1774279003817497105,1774279003823207920,5710
2041,1774279003824956589,1774279003831285319,6328
2042,1774279003833004034,1774279003838425590,5421
2043,1774279003840257270,1774279003845970275,5713
2044,1774279003847823826,1774279003854852859,7029
2045,1774279003856625170,1774279003861933576,5308
2046,1774279003863609273,1774279003869232469,5623
2047,1774279003870997387,1774279003876447310,5449
2048,1774279003878181409,1774279003883012405,4830
2049,1774279003884795688,1774279003889872654,5076
2050,1774279003891678028,1774279003897461218,5783
2051,1774279003899309598,1774279003904136978,4827
2052,1774279003905807459,1774279003910605800,4798
2053,1774279003912205953,1774279003916748309,4542
2054,1774279003918578936,1774279003925555160,6976
2055,1774279003927047285,1774279003931674964,4627
2056,1774279003933146544,1774279003938618275,5471
2057,1774279003940121941,1774279003945547657,5425
2058,1774279003946990552,1774279003952128560,5138
2059,1774279003953772068,1774279003958911150,5139
2060,1774279003960562661,1774279003967545786,6983
2061,1774279003969167571,1774279003976052751,6885
2062,1774279003977695575,1774279003983594927,5899
2063,1774279003985251865,1774279003990295595,5043
2064,1774279003991947398,1774279003996705558,4758
2065,1774279003998342936,1774279004004248518,5905
2066,1774279004005952506,1774279004012327210,6374
2067,1774279004013991095,1774279004020359204,6368
2068,1774279004022089050,1774279004026914418,4825
2069,1774279004028686411,1774279004033996319,5309
2070,1774279004035701460,1774279004041333460,5632
2071,1774279004043051731,1774279004048866214,5814
2072,1774279004050781103,1774279004056783101,6001
2073,1774279004058574051,1774279004064627799,6053
2074,1774279004066499170,1774279004071591657,5092
2075,1774279004073226433,1774279004077955420,4728
2076,1774279004079570530,1774279004084942969,5372
2077,1774279004086323941,1774279004091195185,4871
2078,1774279004092836698,1774279004098074977,5238
2079,1774279004099845863,1774279004105473208,5627
2080,1774279004107371195,1774279004113103131,5731
2081,1774279004114845595,1774279004120850209,6004
2082,1774279004122730180,1774279004128649861,5919
2083,1774279004130654744,1774279004135606614,4951
2084,1774279004137318692,1774279004142329594,5010
2085,1774279004144200936,1774279004151312042,7111
2086,1774279004153022839,1774279004158438535,5415
2087,1774279004160324097,1774279004165606645,5282
2088,1774279004167381242,1774279004173698407,6317
2089,1774279004175640812,1774279004181568058,5927
2090,1774279004183263839,1774279004188323065,5059
2091,1774279004190039065,1774279004196986545,6947
2092,1774279004198727053,1774279004203987643,5260
2093,1774279004205729900,1774279004211037831,5307
2094,1774279004212698865,1774279004219288893,6590
2095,1774279004221146356,1774279004225918059,4771
2096,1774279004227599626,1774279004233140632,5541
2097,1774279004234815077,1774279004241277817,6462
2098,1774279004243039135,1774279004248124346,5085
2099,1774279004250044454,1774279004255490081,5445
2100,1774279004257438505,1774279004263317029,5878
2101,1774279004265125249,1774279004270937486,5812
2102,1774279004272607243,1774279004277567841,4960
2103,1774279004279292501,1774279004285077368,5784
2104,1774279004286780248,1774279004293697491,6917
2105,1774279004295717743,1774279004301089046,5371
2106,1774279004302913638,1774279004309489266,6575
2107,1774279004311336201,1774279004317085546,5749
2108,1774279004318767095,1774279004323712868,4945
2109,1774279004325659579,1774279004330573805,4914
2110,1774279004332170393,1774279004338052840,5882
2111,1774279004339951194,1774279004344545969,4594
2112,1774279004346237389,1774279004351616745,5379
2113,1774279004353309240,1774279004358237978,4928
2114,1774279004359863799,1774279004364722526,4858
2115,1774279004366307074,1774279004371283375,4976
2116,1774279004372894061,1774279004377733710,4839
2117,1774279004379500857,1774279004386372422,6871
2118,1774279004388037895,1774279004394948923,6911
2119,1774279004396703038,1774279004402242567,5539
2120,1774279004404044064,1774279004409261452,5217
2121,1774279004411106001,1774279004418008699,6902
2122,1774279004419687203,1774279004424615700,4928
2123,1774279004426387774,1774279004433279429,6891
2124,1774279004435016089,1774279004440574869,5558
2125,1774279004442665003,1774279004448436927,5771
2126,1774279004450553051,1774279004456005841,5452
2127,1774279004457755797,1774279004464232794,6476
2128,1774279004465928168,1774279004470714145,4785
2129,1774279004472257123,1774279004477724087,5466
2130,1774279004479352679,1774279004484506478,5153
2131,1774279004486171895,1774279004490731670,4559
2132,1774279004492252618,1774279004496995880,4743
2133,1774279004498628772,1774279004504419775,5791
2134,1774279004506141666,1774279004510830449,4688
2135,1774279004512671127,1774279004518727760,6056
2136,1774279004520456778,1774279004525791729,5334
2137,1774279004527443277,1774279004532455789,5012
2138,1774279004534081084,1774279004538629508,4548
2139,1774279004540388514,1774279004547605836,7217
2140,1774279004549418695,1774279004554343093,4924
2141,1774279004556151575,1774279004561614932,5463
2142,1774279004563405466,1774279004569166291,5760
2143,1774279004570889805,1774279004578099778,7209
2144,1774279004579882095,1774279004585358307,5476
2145,1774279004587056404,1774279004593358002,6301
2146,1774279004595291564,1774279004602519288,7227
2147,1774279004604276738,1774279004609535267,5258
2148,1774279004611141450,1774279004618239792,7098
2149,1774279004619819386,1774279004625852691,6033
2150,1774279004627638529,1774279004633167637,5529
2151,1774279004634880417,1774279004640405020,5524
2152,1774279004642260235,1774279004646916647,4656
2153,1774279004648561368,1774279004654164228,5602
2154,1774279004655981803,1774279004663096527,7114
2155,1774279004664844357,1774279004670248051,5403
2156,1774279004671913953,1774279004677667603,5753
2157,1774279004679369146,1774279004686115400,6746
2158,1774279004687753722,1774279004693811364,6057
2159,1774279004695546410,1774279004702123416,6577
2160,1774279004703971211,1774279004708916193,4944
2161,1774279004710599768,1774279004715524433,4924
2162,1774279004717359167,1774279004724309329,6950
2163,1774279004725985070,1774279004731178751,5193
2164,1774279004732884472,1774279004739829793,6945
2165,1774279004741471255,1774279004746042439,4571
2166,1774279004747770329,1774279004753711246,5940
2167,1774279004756801081,1774279004761781260,4980
2168,1774279004763393615,1774279004768093983,4700
2169,1774279004769626512,1774279004774955687,5329
2170,1774279004776683689,1774279004783073686,6389
2171,1774279004784772432,1774279004790797046,6024
2172,1774279004792548186,1774279004798572842,6024
2173,1774279004800318376,1774279004805011135,4692
2174,1774279004806675582,1774279004812239022,5563
2175,1774279004814059196,1774279004819830700,5771
2176,1774279004821575176,1774279004827654813,6079
2177,1774279004829420354,1774279004835878795,6458
2178,1774279004837749937,1774279004842703562,4953
2179,1774279004844497494,1774279004849907310,5409
2180,1774279004851886066,1774279004858979452,7093
2181,1774279004860674431,1774279004866739466,6065
2182,1774279004868745731,1774279004874749920,6004
2183,1774279004876712607,1774279004883893341,7180
2184,1774279004885658075,1774279004891311139,5653
2185,1774279004892972102,1774279004897426551,4454
2186,1774279004899091839,1774279004904190240,5098
2187,1774279004905377737,1774279004911427674,6049
2188,1774279004912809818,1774279004917930025,5120
2189,1774279004919514271,1774279004924651148,5136
2190,1774279004926300061,1774279004931308262,5008
2191,1774279004933025027,1774279004937718054,4693
2192,1774279004939359827,1774279004946151445,6791
2193,1774279004947823497,1774279004952685406,4861
2194,1774279004954352321,1774279004959717206,5364
2195,1774279004961453430,1774279004967002921,5549
2196,1774279004968702882,1774279004974678218,5975
2197,1774279004976564913,1774279004981889845,5324
2198,1774279004983738771,1774279004988731740,4992
2199,1774279004990459047,1774279004996291477,5832
2200,1774279004998200512,1774279005005201257,7000
2201,1774279005006918024,1774279005011855400,4937
2202,1774279005013550971,1774279005019234153,5683
2203,1774279005020986248,1774279005028255670,7269
2204,1774279005029884247,1774279005034534621,4650
2205,1774279005036004882,1774279005040777956,4773
2206,1774279005042429834,1774279005049560580,7130
2207,1774279005051211941,1774279005055864642,4652
2208,1774279005057578007,1774279005062400343,4822
2209,1774279005064247493,1774279005069891978,5644
2210,1774279005071628561,1774279005077490344,5861
2211,1774279005079280605,1774279005083915571,4634
2212,1774279005085553035,1774279005092301032,6747
2213,1774279005093940140,1774279005100825757,6885
2214,1774279005102452430,1774279005108314739,5862
2215,1774279005109998206,1774279005114741832,4743
2216,1774279005116626449,1774279005121642449,5016
2217,1774279005123408865,1774279005129036863,5627
2218,1774279005130983417,1774279005136293462,5310
2219,1774279005137964472,1774279005142613428,4648
2220,1774279005144264904,1774279005149705233,5440
2221,1774279005151495201,1774279005157131363,5636
2222,1774279005158871078,1774279005164034684,5163
2223,1774279005165851478,1774279005172322014,6470
2224,1774279005174018875,1774279005178687379,4668
2225,1774279005180171852,1774279005184732619,4560
2226,1774279005186304480,1774279005190853005,4548
2227,1774279005192433429,1774279005199126049,6692
2228,1774279005200915715,1774279005208211713,7295
2229,1774279005209870735,1774279005214820495,4949
2230,1774279005216498476,1774279005221863783,5365
2231,1774279005223539742,1774279005230656154,7116
2232,1774279005232538984,1774279005237880921,5341
2233,1774279005239728883,1774279005245122826,5393
2234,1774279005246778650,1774279005252688750,5910
2235,1774279005254498417,1774279005259522690,5024
2236,1774279005261236754,1774279005266234950,4998
2237,1774279005267964315,1774279005274378766,6414
2238,1774279005276243060,1774279005281984704,5741
2239,1774279005283662490,1774279005288712910,5050
2240,1774279005290530235,1774279005295481934,4951
2241,1774279005297192011,1774279005302191560,4999
2242,1774279005303799171,1774279005308248745,4449
2243,1774279005309912776,1774279005314773584,4860
2244,1774279005316330045,1774279005322366804,6036
2245,1774279005324020659,1774279005328715391,4694
2246,1774279005330276539,1774279005335353702,5077
2247,1774279005337000272,1774279005341706778,4706
2248,1774279005343351193,1774279005349471183,6119
2249,1774279005351117110,1774279005357388188,6271
2250,1774279005359169358,1774279005363953335,4783
2251,1774279005365581610,1774279005370529713,4948
2252,1774279005372186299,1774279005377878680,5692
2253,1774279005379544730,1774279005385570962,6026
2254,1774279005387257225,1774279005391917466,4660
2255,1774279005393556696,1774279005398774380,5217
2256,1774279005400505173,1774279005407369187,6864
2257,1774279005409163829,1774279005414514813,5350
2258,1774279005416223791,1774279005422074987,5851
2259,1774279005423861060,1774279005430466402,6605
2260,1774279005431913410,1774279005436565116,4651
2261,1774279005438154416,1774279005442826705,4672
2262,1774279005444441960,1774279005451504376,7062
2263,1774279005453111058,1774279005459958905,6847
2264,1774279005461455167,1774279005466771905,5316
2265,1774279005468370976,1774279005473563597,5192
2266,1774279005475239567,1774279005480278111,5038
2267,1774279005481997148,1774279005488976853,6979
2268,1774279005490616776,1774279005495766363,5149
2269,1774279005497474729,1774279005502833593,5358
2270,1774279005504669448,1774279005511238531,6569
2271,1774279005512987123,1774279005520037902,7050
2272,1774279005521831296,1774279005526964854,5133
2273,1774279005528651851,1774279005534022708,5370
2274,1774279005535938415,1774279005540729357,4790
2275,1774279005542735151,1774279005548290465,5555
2276,1774279005549896848,1774279005555935188,6038
2277,1774279005557745073,1774279005563516972,5771
2278,1774279005565257340,1774279005570499463,5242
2279,1774279005572277470,1774279005577246805,4969
2280,1774279005578903171,1774279005584226887,5323
2281,1774279005586002389,1774279005591937438,5935
2282,1774279005593605062,1774279005598869308,5264
2283,1774279005600690140,1774279005605849972,5159
2284,1774279005607546787,1774279005613291105,5744
2285,1774279005615043205,1774279005619627339,4584
2286,1774279005621339834,1774279005628130413,6790
2287,1774279005629836539,1774279005637021900,7185
2288,1774279005638740089,1774279005643672448,4932
2289,1774279005645336662,1774279005650998604,5661
2290,1774279005653097342,1774279005658014332,4916
2291,1774279005659691333,1774279005665306771,5615
2292,1774279005667309786,1774279005674124061,6814
2293,1774279005675795648,1774279005681481265,5685
2294,1774279005683273571,1774279005688967000,5693
2295,1774279005690831767,1774279005695686981,4855
2296,1774279005697494375,1774279005702565194,5070
2297,1774279005704262138,1774279005709609306,5347
2298,1774279005711328403,1774279005715914340,4585
2299,1774279005717592102,1774279005722267990,4675
2300,1774279005723701999,1774279005728408013,4706
2301,1774279005729989449,1774279005734636601,4647
2302,1774279005736192993,1774279005740723627,4530
2303,1774279005742313593,1774279005747729792,5416
2304,1774279005749396224,1774279005754976015,5579
2305,1774279005756661269,1774279005761449111,4787
2306,1774279005763107745,1774279005768036282,4928
2307,1774279005769716565,1774279005775660130,5943
2308,1774279005777772508,1774279005783795914,6023
2309,1774279005785606560,1774279005791622682,6016
2310,1774279005793350133,1774279005799324607,5974
2311,1774279005800998158,1774279005808031523,7033
2312,1774279005809767344,1774279005815847136,6079
2313,1774279005817508700,1774279005822579248,5070
2314,1774279005824373543,1774279005829345843,4972
2315,1774279005830993089,1774279005837397851,6404
2316,1774279005839153281,1774279005846286852,7133
2317,1774279005848041090,1774279005855104585,7063
2318,1774279005856788508,1774279005862818803,6030
2319,1774279005864466542,1774279005869464656,4998
2320,1774279005871140392,1774279005875781990,4641
2321,1774279005877348565,1774279005883399097,6050
2322,1774279005885009507,1774279005890523191,5513
2323,1774279005892164626,1774279005897365328,5200
2324,1774279005899115573,1774279005903954637,4839
2325,1774279005905742199,1774279005911068417,5326
2326,1774279005912580560,1774279005919115257,6534
2327,1774279005920725880,1774279005926065799,5339
2328,1774279005927807802,1774279005933337069,5529
2329,1774279005935009171,1774279005939642320,4633
2330,1774279005941259890,1774279005946252444,4992
2331,1774279005947906831,1774279005954761508,6854
2332,1774279005956505987,1774279005962069266,5563
2333,1774279005963813021,1774279005970839670,7026
2334,1774279005972651022,1774279005979636169,6985
2335,1774279005981346720,1774279005986690488,5343
2336,1774279005988352173,1774279005993033524,4681
2337,1774279005994446069,1774279005999320542,4874
2338,1774279006000945189,1774279006007947872,7002
2339,1774279006009558138,1774279006014529539,4971
2340,1774279006016161315,1774279006021350895,5189
2341,1774279006022980349,1774279006030106839,7126
2342,1774279006031849058,1774279006036704203,4855
2343,1774279006038364961,1774279006044402860,6037
2344,1774279006046307762,1774279006053081694,6773
2345,1774279006054744877,1774279006059982675,5237
2346,1774279006061838001,1774279006068830439,6992
2347,1774279006070717855,1774279006075583863,4866
2348,1774279006077283587,1774279006082741572,5457
2349,1774279006084705501,1774279006091658982,6953
2350,1774279006093227274,1774279006098745545,5518
2351,1774279006100466373,1774279006107496738,7030
2352,1774279006109332473,1774279006116416289,7083
2353,1774279006118153816,1774279006123139694,4985
2354,1774279006124680214,1774279006129810940,5130
2355,1774279006131492456,1774279006136505547,5013
2356,1774279006138157367,1774279006143909471,5752
2357,1774279006145560105,1774279006150508814,4948
2358,1774279006152062896,1774279006157727432,5664
2359,1774279006159386419,1774279006166306050,6919
2360,1774279006168261051,1774279006173380890,5119
2361,1774279006175084492,1774279006181991304,6906
2362,1774279006183643007,1774279006190446289,6803
2363,1774279006192216016,1774279006198393081,6177
2364,1774279006200049247,1774279006205834506,5785
2365,1774279006207740719,1774279006212666711,4925
2366,1774279006214407192,1774279006219366901,4959
2367,1774279006221243498,1774279006228277178,7033
2368,1774279006229913882,1774279006235160421,5246
2369,1774279006236823204,1774279006242249011,5425
2370,1774279006244037955,1774279006249150129,5112
2371,1774279006250825776,1774279006256336010,5510
2372,1774279006258218271,1774279006262822679,4604
2373,1774279006264484222,1774279006269032722,4548
2374,1774279006270553401,1774279006275419793,4866
2375,1774279006276956723,1774279006283272011,6315
2376,1774279006284842047,1774279006290252070,5410
2377,1774279006291865006,1774279006296693387,4828
2378,1774279006298360349,1774279006303312623,4952
2379,1774279006305018891,1774279006309839360,4820
2380,1774279006311828977,1774279006318735630,6906
2381,1774279006320369088,1774279006325313084,4943
2382,1774279006327001137,1774279006333456700,6455
2383,1774279006335454019,1774279006342380124,6926
2384,1774279006344111454,1774279006348841407,4729
2385,1774279006350810424,1774279006357708599,6898
2386,1774279006359466659,1774279006364877304,5410
2387,1774279006366565826,1774279006372730335,6164
2388,1774279006374461973,1774279006381614579,7152
2389,1774279006383493592,1774279006388992649,5499
2390,1774279006390654214,1774279006395538329,4884
2391,1774279006397321479,1774279006404648456,7326
2392,1774279006406360758,1774279006411736374,5375
2393,1774279006413440241,1774279006418786802,5346
2394,1774279006420434489,1774279006425934493,5500
2395,1774279006427560993,1774279006432390875,4829
2396,1774279006434036805,1774279006439347698,5310
2397,1774279006441067782,1774279006446913522,5845
2398,1774279006448643525,1774279006454521382,5877
2399,1774279006456436968,1774279006462019674,5582
2400,1774279006463724054,1774279006469461053,5736
2401,1774279006471117253,1774279006475879545,4762
2402,1774279006477677177,1774279006483048025,5370
2403,1774279006484914584,1774279006490843703,5929
2404,1774279006492655918,1774279006498384006,5728
2405,1774279006500037832,1774279006505888341,5850
2406,1774279006507604195,1774279006514428534,6824
2407,1774279006516297618,1774279006521935535,5637
2408,1774279006523552521,1774279006530484045,6931
2409,1774279006532106420,1774279006538143432,6037
2410,1774279006539906310,1774279006545376430,5470
2411,1774279006547001195,1774279006552032342,5031
2412,1774279006553677325,1774279006560981700,7304
2413,1774279006562690982,1774279006567538059,4847
2414,1774279006569191454,1774279006575054776,5863
2415,1774279006577093741,1774279006582605529,5511
2416,1774279006584326903,1774279006589308652,4981
2417,1774279006591013591,1774279006595806471,4792
2418,1774279006597582597,1774279006603271847,5689
2419,1774279006605229602,1774279006610908304,5678
2420,1774279006612760911,1774279006618847949,6087
2421,1774279006620634211,1774279006626807824,6173
2422,1774279006628530684,1774279006634528810,5998
2423,1774279006636205605,1774279006641057190,4851
2424,1774279006643008407,1774279006648229206,5220
2425,1774279006650117246,1774279006654959758,4842
2426,1774279006656744205,1774279006663774055,7029
2427,1774279006665549597,1774279006672646634,7097
2428,1774279006674354957,1774279006679061131,4706
2429,1774279006680745578,1774279006686545175,5799
2430,1774279006688182073,1774279006693223468,5041
2431,1774279006694430843,1774279006698853176,4422
2432,1774279006700398844,1774279006705390178,4991
2433,1774279006706982231,1774279006712498188,5515
2434,1774279006714209212,1774279006720999777,6790
2435,1774279006722662527,1774279006728173518,5510
2436,1774279006729936008,1774279006737199153,7263
2437,1774279006739060409,1774279006744418499,5358
2438,1774279006746199314,1774279006751942501,5743
2439,1774279006753737952,1774279006758762570,5024
2440,1774279006760535848,1774279006765483280,4947
2441,1774279006767138675,1774279006771909513,4770
2442,1774279006773595948,1774279006780841672,7245
2443,1774279006782642527,1774279006787990131,5347
2444,1774279006789671079,1774279006795077451,5406
2445,1774279006796824059,1774279006804160901,7336
2446,1774279006805935565,1774279006811852812,5917
2447,1774279006813624325,1774279006819169921,5545
2448,1774279006820782637,1774279006827945485,7162
2449,1774279006829740149,1774279006834184627,4444
2450,1774279006835673181,1774279006839909065,4235
2451,1774279006841483643,1774279006845928978,4445
2452,1774279006847602604,1774279006854543997,6941
2453,1774279006856502176,1774279006861500670,4998
2454,1774279006863266543,1774279006868985613,5719
2455,1774279006870812236,1774279006878025716,7213
2456,1774279006879995782,1774279006885107133,5111
2457,1774279006886772944,1774279006892469888,5696
2458,1774279006894365089,1774279006901202381,6837
2459,1774279006902871797,1774279006907699854,4828
2460,1774279006909300788,1774279006916595276,7294
2461,1774279006918259769,1774279006925295365,7035
2462,1774279006926922549,1774279006931550107,4627
2463,1774279006933188233,1774279006940055702,6867
2464,1774279006941851921,1774279006948819873,6967
2465,1774279006950454738,1774279006954995740,4541
2466,1774279006956537566,1774279006961802416,5264
2467,1774279006963382494,1774279006967816322,4433
2468,1774279006969550354,1774279006976734384,7184
2469,1774279006978337539,1774279006982848225,4510
2470,1774279006984440674,1774279006990159708,5719
2471,1774279006992190842,1774279006997928498,5737
2472,1774279006999642560,1774279007005310879,5668
2473,1774279007007240325,1774279007013362533,6122
2474,1774279007015278936,1774279007021469116,6190
2475,1774279007023192015,1774279007028997448,5805
2476,1774279007030667702,1774279007035547635,4879
2477,1774279007037329273,1774279007042468909,5139
2478,1774279007044201087,1774279007049082008,4880
2479,1774279007050833810,1774279007057978598,7144
2480,1774279007059716665,1774279007065353163,5636
2481,1774279007067045174,1774279007072213915,5168
2482,1774279007073901010,1774279007078766774,4865
2483,1774279007080427857,1774279007086263896,5836
2484,1774279007088100944,1774279007093334077,5233
2485,1774279007095011773,1774279007100197203,5185
2486,1774279007101883476,1774279007106301840,4418
2487,1774279007107982854,1774279007113446160,5463
2488,1774279007115145570,1774279007120101341,4955
2489,1774279007121847698,1774279007127400323,5552
2490,1774279007129210433,1774279007135619879,6409
2491,1774279007137417716,1774279007143926142,6508
2492,1774279007145705869,1774279007151861404,6155
2493,1774279007153819545,1774279007160192997,6373
2494,1774279007162181903,1774279007168308429,6126
2495,1774279007170295282,1774279007176117029,5821
2496,1774279007177923200,1774279007184394839,6471
2497,1774279007186416230,1774279007192232136,5815
2498,1774279007193934881,1774279007199105844,5170
2499,1774279007200814826,1774279007206196322,5381
2500,1774279007207960548,1774279007215136106,7175
2501,1774279007216811167,1774279007222016047,5204
2502,1774279007223786270,1774279007229074437,5288
2503,1774279007230661554,1774279007236068398,5406
2504,1774279007237825628,1774279007245136159,7310
2505,1774279007246860886,1774279007252173999,5313
2506,1774279007253758492,1774279007258731655,4973
2507,1774279007260445330,1774279007265326068,4880
2508,1774279007267043465,1774279007272574296,5530
2509,1774279007274518778,1774279007281554130,7035
2510,1774279007283328137,1774279007288213563,4885
2511,1774279007289855986,1774279007296221314,6365
2512,1774279007298010174,1774279007305049761,7039
2513,1774279007306753394,1774279007312345846,5592
2514,1774279007313987711,1774279007319162586,5174
2515,1774279007321047580,1774279007326026033,4978
2516,1774279007327827560,1774279007333842588,6015
2517,1774279007335655768,1774279007342580617,6924
2518,1774279007344352515,1774279007349556502,5203
2519,1774279007351231147,1774279007358782160,7551
2520,1774279007360526184,1774279007365834078,5307
2521,1774279007367555079,1774279007372970004,5414
2522,1774279007374580240,1774279007382066350,7486
2523,1774279007383767327,1774279007391127382,7360
2524,1774279007392986341,1774279007397957296,4970
2525,1774279007399768263,1774279007405611561,5843
2526,1774279007407399089,1774279007412784201,5385
2527,1774279007414439214,1774279007419315653,4876
2528,1774279007421027513,1774279007425745440,4717
2529,1774279007427387687,1774279007434393426,7005
2530,1774279007436326882,1774279007443982466,7655
2531,1774279007445711644,1774279007451001197,5289
2532,1774279007452711782,1774279007457946851,5235
2533,1774279007459698627,1774279007464662585,4963
2534,1774279007466503683,1774279007473121782,6618
2535,1774279007474802147,1774279007480236787,5434
2536,1774279007481990847,1774279007486765787,4774
2537,1774279007488550883,1774279007493363851,4812
2538,1774279007495059601,1774279007499759526,4699
2539,1774279007501529731,1774279007507294810,5765
2540,1774279007508840694,1774279007513783363,4942
2541,1774279007515435815,1774279007520498390,5062
2542,1774279007522142437,1774279007527043961,4901
2543,1774279007528689219,1774279007533506591,4817
2544,1774279007535109386,1774279007540393439,5284
2545,1774279007542277053,1774279007547757219,5480
2546,1774279007549418456,1774279007554767065,5348
2547,1774279007556637405,1774279007563327192,6689
2548,1774279007564997805,1774279007569918762,4920
2549,1774279007571864082,1774279007577313828,5449
2550,1774279007578999808,1774279007584537453,5537
2551,1774279007586293585,1774279007593278770,6985
2552,1774279007595170299,1774279007600472604,5302
2553,1774279007602276322,1774279007608103846,5827
2554,1774279007609987839,1774279007615195883,5208
2555,1774279007616868744,1774279007621871742,5002
2556,1774279007623723039,1774279007628676231,4953
2557,1774279007630372867,1774279007635834823,5461
2558,1774279007637713415,1774279007643773956,6060
2559,1774279007645587420,1774279007650567819,4980
2560,1774279007652223450,1774279007657298702,5075
2561,1774279007658938917,1774279007664523577,5584
2562,1774279007666165216,1774279007671763698,5598
2563,1774279007673444724,1774279007678358587,4913
2564,1774279007679982718,1774279007684708701,4725
2565,1774279007686339921,1774279007693292781,6952
2566,1774279007695031976,1774279007700657282,5625
2567,1774279007702290653,1774279007706923744,4633
2568,1774279007708581350,1774279007713790658,5209
2569,1774279007715546661,1774279007722352266,6805
2570,1774279007724132582,1774279007729379732,5247
2571,1774279007731185391,1774279007737311318,6125
2572,1774279007738962350,1774279007744074789,5112
2573,1774279007745884778,1774279007751182410,5297
2574,1774279007752941521,1774279007757945756,5004
2575,1774279007760026525,1774279007766356362,6329
2576,1774279007768180097,1774279007773955824,5775
2577,1774279007775583662,1774279007780514366,4930
2578,1774279007782190500,1774279007787023681,4833
2579,1774279007788852426,1774279007793818519,4966
2580,1774279007795504251,1774279007802084862,6580
2581,1774279007803785330,1774279007809080211,5294
2582,1774279007810730052,1774279007815859606,5129
2583,1774279007817520024,1774279007824490113,6970
2584,1774279007826207964,1774279007830909191,4701
2585,1774279007832746643,1774279007838723098,5976
2586,1774279007840662516,1774279007846301376,5638
2587,1774279007847986465,1774279007852833731,4847
2588,1774279007854539297,1774279007859516139,4976
2589,1774279007861424198,1774279007868793414,7369
2590,1774279007870606793,1774279007876233764,5626
2591,1774279007877974953,1774279007883328146,5353
2592,1774279007885047748,1774279007889999437,4951
2593,1774279007891669997,1774279007897282876,5612
2594,1774279007899006221,1774279007904064877,5058
2595,1774279007905755791,1774279007910730654,4974
2596,1774279007912175416,1774279007917397513,5222
2597,1774279007919117231,1774279007923797276,4680
2598,1774279007925135043,1774279007929570834,4435
2599,1774279007930703929,1774279007935413113,4709
2600,1774279007937008837,1774279007941521979,4513
2601,1774279007943039980,1774279007947755516,4715
2602,1774279007949381706,1774279007955588325,6206
2603,1774279007957360698,1774279007964162123,6801
2604,1774279007965824148,1774279007972219647,6395
2605,1774279007973879001,1774279007980911387,7032
2606,1774279007982569732,1774279007988413898,5844
2607,1774279007990114059,1774279007995112073,4998
2608,1774279007996964591,1774279008004198649,7234
2609,1774279008005901656,1774279008010790659,4889
2610,1774279008012526342,1774279008018241791,5715
2611,1774279008020114063,1774279008025499404,5385
2612,1774279008027255337,1774279008032234358,4979
2613,1774279008033932078,1774279008040285976,6353
2614,1774279008042182899,1774279008047192507,5009
2615,1774279008048742802,1774279008053613722,4870
2616,1774279008055351013,1774279008059893029,4542
2617,1774279008061497212,1774279008067578292,6081
2618,1774279008069056933,1774279008074934384,5877
2619,1774279008076639472,1774279008081542928,4903
2620,1774279008083219241,1774279008088287715,5068
2621,1774279008090066188,1774279008096799308,6733
2622,1774279008098689666,1774279008104212742,5523
2623,1774279008106203806,1774279008111261197,5057
2624,1774279008113053689,1774279008118322291,5268
2625,1774279008120112316,1774279008124823322,4711
2626,1774279008126439740,1774279008131868343,5428
2627,1774279008133684561,1774279008139218126,5533
2628,1774279008140977189,1774279008146471643,5494
2629,1774279008148214588,1774279008154358403,6143
2630,1774279008156230089,1774279008162291559,6061
2631,1774279008163982884,1774279008170094154,6111
2632,1774279008171981657,1774279008176487573,4505
2633,1774279008178143677,1774279008183873993,5730
2634,1774279008185334309,1774279008192610351,7276
2635,1774279008194276350,1774279008198736052,4459
2636,1774279008200426804,1774279008205500696,5073
2637,1774279008207160292,1774279008211670751,4510
2638,1774279008213234403,1774279008217893079,4658
2639,1774279008219618946,1774279008225554614,5935
2640,1774279008227238466,1774279008232548998,5310
2641,1774279008234191270,1774279008239267108,5075
2642,1774279008241007143,1774279008245767098,4759
2643,1774279008247496443,1774279008254690269,7193
2644,1774279008256709975,1774279008262282349,5572
2645,1774279008263917392,1774279008269212845,5295
2646,1774279008270901109,1774279008275690798,4789
2647,1774279008277397068,1774279008282995418,5598
2648,1774279008284921195,1774279008290542293,5621
2649,1774279008292396095,1774279008298019455,5623
2650,1774279008299688958,1774279008305677966,5989
2651,1774279008307457766,1774279008314514318,7056
2652,1774279008316330850,1774279008321165193,4834
2653,1774279008322808251,1774279008328371584,5563
2654,1774279008330052978,1774279008334783031,4730
2655,1774279008336470569,1774279008341137231,4666
2656,1774279008342778414,1774279008347487880,4709
2657,1774279008348702245,1774279008353340090,4637
2658,1774279008354944364,1774279008359861277,4916
2659,1774279008361427309,1774279008368470789,7043
2660,1774279008370167491,1774279008375064475,4896
2661,1774279008376842568,1774279008383948804,7106
2662,1774279008385831057,1774279008391854384,6023
2663,1774279008393547699,1774279008398930086,5382
2664,1774279008400596759,1774279008405638854,5042
2665,1774279008407353696,1774279008414239677,6885
2666,1774279008416242466,1774279008423102948,6860
2667,1774279008424803370,1774279008430055173,5251
2668,1774279008431726598,1774279008437290572,5563
2669,1774279008439271194,1774279008444387168,5115
2670,1774279008446156750,1774279008450989182,4832
2671,1774279008452704240,1774279008459384299,6680
2672,1774279008460968390,1774279008466250150,5281
2673,1774279008467908656,1774279008473017992,5109
2674,1774279008474738132,1774279008481006831,6268
2675,1774279008482731657,1774279008488706113,5974
2676,1774279008490302695,1774279008495332091,5029
2677,1774279008497043525,1774279008502191193,5147
2678,1774279008503863605,1774279008510845395,6981
2679,1774279008512654830,1774279008519241343,6586
2680,1774279008521094050,1774279008526122175,5028
2681,1774279008527791639,1774279008533110126,5318
2682,1774279008535202682,1774279008540618564,5415
2683,1774279008542361197,1774279008548254056,5892
2684,1774279008549949844,1774279008555717713,5767
2685,1774279008557432041,1774279008562997562,5565
2686,1774279008564769194,1774279008570232580,5463
2687,1774279008572115069,1774279008579058107,6943
2688,1774279008580716864,1774279008585888277,5171
2689,1774279008587623751,1774279008594736217,7112
2690,1774279008596343229,1774279008601871790,5528
2691,1774279008603504953,1774279008608566565,5061
2692,1774279008609912794,1774279008616864932,6952
2693,1774279008618535710,1774279008623288491,4752
2694,1774279008624841957,1774279008630336830,5494
2695,1774279008631954163,1774279008639095763,7141
2696,1774279008640916998,1774279008646364421,5447
2697,1774279008648029707,1774279008655079825,7050
2698,1774279008656838263,1774279008663950031,7111
2699,1774279008665845334,1774279008671017918,5172
2700,1774279008672660433,1774279008679160881,6500
2701,1774279008681040046,1774279008687805654,6765
2702,1774279008689523432,1774279008695098762,5575
2703,1774279008696786563,1774279008702491767,5705
2704,1774279008704390122,1774279008709930063,5539
2705,1774279008711658324,1774279008717011341,5353
2706,1774279008718660041,1774279008723842807,5182
2707,1774279008725573086,1774279008730979901,5406
2708,1774279008732723692,1774279008738192462,5468
2709,1774279008739682874,1774279008744177705,4494
2710,1774279008745961186,1774279008751772829,5811
2711,1774279008753398236,1774279008760578928,7180
2712,1774279008762207389,1774279008766985822,4778
2713,1774279008768576170,1774279008773513267,4937
2714,1774279008775467828,1774279008781534373,6066
2715,1774279008783570607,1774279008789397180,5826
2716,1774279008791182012,1774279008796571675,5389
2717,1774279008798370909,1774279008803917647,5546
2718,1774279008805630966,1774279008811356736,5725
2719,1774279008813183629,1774279008819365429,6181
2720,1774279008821055274,1774279008826885444,5830
2721,1774279008828587724,1774279008833453551,4865
2722,1774279008835393368,1774279008840387776,4994
2723,1774279008842188544,1774279008847966508,5777
2724,1774279008849822457,1774279008856319547,6497
2725,1774279008858239417,1774279008863763698,5524
2726,1774279008865460266,1774279008872544284,7084
2727,1774279008874240891,1774279008881407457,7166
2728,1774279008883280766,1774279008888441007,5160
2729,1774279008890021125,1774279008894572681,4551
2730,1774279008896219969,1774279008900817397,4597
2731,1774279008902429467,1774279008908030251,5600
2732,1774279008909776554,1774279008916113810,6337
2733,1774279008917410839,1774279008922496088,5085
2734,1774279008924149776,1774279008929065966,4916
2735,1774279008930709507,1774279008937670720,6961
2736,1774279008939314538,1774279008944820575,5506
2737,1774279008946557795,1774279008952055860,5498
2738,1774279008953720842,1774279008958961259,5240
2739,1774279008960640747,1774279008965572510,4931
2740,1774279008967289696,1774279008971944107,4654
2741,1774279008973604634,1774279008980758870,7154
2742,1774279008982456798,1774279008988372532,5915
2743,1774279008990067159,1774279008995131357,5064
2744,1774279008996815462,1774279009003809195,6993
2745,1774279009005440256,1774279009010209534,4769
2746,1774279009011774204,1774279009017613175,5838
2747,1774279009019267442,1774279009024410418,5142
2748,1774279009025984843,1774279009030768222,4783
2749,1774279009032328375,1774279009037351601,5023
2750,1774279009038873782,1774279009043613834,4740
2751,1774279009045320073,1774279009050446071,5125
2752,1774279009052179280,1774279009057794550,5615
2753,1774279009059558957,1774279009065644108,6085
2754,1774279009067318577,1774279009073467073,6148
2755,1774279009075298784,1774279009081535570,6236
2756,1774279009083221122,1774279009088054543,4833
2757,1774279009089885180,1774279009095066660,5181
2758,1774279009096764449,1774279009102223761,5459
2759,1774279009103971783,1774279009109838908,5867
2760,1774279009111714910,1774279009117679804,5964
2761,1774279009119525046,1774279009126244194,6719
2762,1774279009128237388,1774279009134556364,6318
2763,1774279009136314586,1774279009141073885,4759
2764,1774279009142669807,1774279009147826486,5156
2765,1774279009149544113,1774279009156826736,7282
2766,1774279009158537994,1774279009163542626,5004
2767,1774279009165186714,1774279009169682835,4496
2768,1774279009170762452,1774279009175380103,4617
2769,1774279009176842072,1774279009182790525,5948
2770,1774279009184342901,1774279009191141970,6799
2771,1774279009192820599,1774279009198363266,5542
2772,1774279009200173631,1774279009206388617,6214
2773,1774279009208302578,1774279009213053318,4750
2774,1774279009214721831,1774279009221348802,6626
2775,1774279009223011861,1774279009229884959,6873
2776,1774279009231719984,1774279009237140145,5420
2777,1774279009238782793,1774279009243955154,5172
2778,1774279009245779068,1774279009252649264,6870
2779,1774279009254584881,1774279009259825961,5241
2780,1774279009261575559,1774279009267470970,5895
2781,1774279009269202500,1774279009276080806,6878
2782,1774279009277773263,1774279009283362345,5589
2783,1774279009285052810,1774279009292058391,7005
2784,1774279009293595428,1774279009300945500,7350
2785,1774279009302701609,1774279009307990360,5288
2786,1774279009309471074,1774279009314177198,4706
2787,1774279009315816459,1774279009320734660,4918
2788,1774279009322572390,1774279009327862516,5290
2789,1774279009329619349,1774279009336663432,7044
2790,1774279009338432163,1774279009343592978,5160
2791,1774279009345327351,1774279009350939120,5611
2792,1774279009352798885,1774279009359711290,6912
2793,1774279009361626567,1774279009366993260,5366
2794,1774279009368900701,1774279009375304199,6403
2795,1774279009377202348,1774279009382258309,5055
2796,1774279009383941384,1774279009389122359,5180
2797,1774279009391078250,1774279009396808847,5730
2798,1774279009398566758,1774279009405299730,6732
2799,1774279009407025174,1774279009412428506,5403
2800,1774279009414203221,1774279009419235660,5032
2801,1774279009420893210,1774279009426608097,5714
2802,1774279009428300788,1774279009433274686,4973
2803,1774279009435122938,1774279009439835755,4712
2804,1774279009441444743,1774279009445844310,4399
2805,1774279009447549385,1774279009453754487,6205
2806,1774279009455526759,1774279009460685393,5158
2807,1774279009462376940,1774279009467307560,4930
2808,1774279009468955191,1774279009473700978,4745
2809,1774279009475384282,1774279009482360200,6975
2810,1774279009484210024,1774279009489240752,5030
2811,1774279009490936325,1774279009496358261,5421
2812,1774279009498013048,1774279009503043319,5030
2813,1774279009504824069,1774279009509771266,4947
2814,1774279009511667507,1774279009516617322,4949
2815,1774279009518337472,1774279009524437236,6099
2816,1774279009526443193,1774279009533363116,6919
2817,1774279009535028659,1774279009540048496,5019
2818,1774279009541709996,1774279009548810457,7100
2819,1774279009550645050,1774279009557589561,6944
2820,1774279009559428233,1774279009565436644,6008
2821,1774279009567141909,1774279009572504342,5362
2822,1774279009574231763,1774279009579990625,5758
2823,1774279009581571532,1774279009586602618,5031
2824,1774279009588220870,1774279009595109931,6889
2825,1774279009596866115,1774279009601903287,5037
2826,1774279009603583553,1774279009608875851,5292
2827,1774279009610623177,1774279009616048978,5425
2828,1774279009617790289,1774279009622994351,5204
2829,1774279009624928369,1774279009631219175,6290
2830,1774279009633015636,1774279009637741803,4726
2831,1774279009639640335,1774279009645121219,5480
2832,1774279009646802260,1774279009652244764,5442
2833,1774279009653984865,1774279009659245631,5260
2834,1774279009660952263,1774279009665696362,4744
2835,1774279009667299617,1774279009672041008,4741
2836,1774279009673761115,1774279009680231002,6469
2837,1774279009682112637,1774279009688384969,6272
2838,1774279009690243850,1774279009696438577,6194
2839,1774279009698211895,1774279009703646266,5434
2840,1774279009705325946,1774279009710397492,5071
2841,1774279009712236046,1774279009717746031,5509
2842,1774279009719162381,1774279009724262132,5099
2843,1774279009725909873,1774279009730518972,4609
2844,1774279009732140193,1774279009736769381,4629
2845,1774279009738419297,1774279009745199428,6780
2846,1774279009746834925,1774279009753550468,6715
2847,1774279009755177628,1774279009760251225,5073
2848,1774279009761872356,1774279009767328647,5456
2849,1774279009769023036,1774279009774809193,5786
2850,1774279009776521882,1774279009782089485,5567
2851,1774279009783755778,1774279009789880901,6125
2852,1774279009791715790,1774279009797352854,5637
2853,1774279009799034812,1774279009803923561,4888
2854,1774279009805760818,1774279009812829710,7068
2855,1774279009814532114,1774279009819458447,4926
2856,1774279009821160084,1774279009825978477,4818
2857,1774279009827845663,1774279009834999474,7153
2858,1774279009836695667,1774279009843752368,7056
2859,1774279009845262455,1774279009850525188,5262
2860,1774279009852202062,1774279009857921536,5719
2861,1774279009859619414,1774279009864084960,4465
2862,1774279009865733967,1774279009871624124,5890
2863,1774279009873313399,1774279009880181792,6868
2864,1774279009881868895,1774279009888339579,6470
2865,1774279009890010097,1774279009895605386,5595
2866,1774279009897519404,1774279009902711868,5192
2867,1774279009904417277,1774279009911217355,6800
2868,1774279009912813185,1774279009918031591,5218
2869,1774279009919665657,1774279009925494352,5828
2870,1774279009927118687,1774279009931719703,4601
2871,1774279009933352912,1774279009938358075,5005
2872,1774279009939975678,1774279009946221261,6245
2873,1774279009948011233,1774279009954378750,6367
2874,1774279009956009598,1774279009960955042,4945
2875,1774279009962610694,1774279009969567233,6956
2876,1774279009971399657,1774279009976327361,4927
2877,1774279009977948257,1774279009982722777,4774
2878,1774279009984338246,1774279009989410275,5072
2879,1774279009991110647,1774279009996175763,5065
2880,1774279009997762405,1774279010002774061,5011
2881,1774279010004370997,1774279010009765516,5394
2882,1774279010011564139,1774279010017251590,5687
2883,1774279010019201247,1774279010026154514,6953
2884,1774279010027793585,1774279010032824944,5031
2885,1774279010034736507,1774279010041422210,6685
2886,1774279010043274347,1774279010048015934,4741
2887,1774279010049792141,1774279010055119396,5327
2888,1774279010056965939,1774279010063846309,6880
2889,1774279010065744562,1774279010071032683,5288
2890,1774279010072733368,1774279010078449704,5716
2891,1774279010080269174,1774279010087427753,7158
2892,1774279010089272031,1774279010094002026,4729
2893,1774279010095684970,1774279010102333549,6648
2894,1774279010104127820,1774279010109877121,5749
2895,1774279010111548281,1774279010116862380,5314
2896,1774279010118599748,1774279010124610324,6010
2897,1774279010126344229,1774279010133219541,6875
2898,1774279010134881649,1774279010140843368,5961
2899,1774279010142445277,1774279010147112737,4667
2900,1774279010148796574,1774279010153714046,4917
2901,1774279010155350193,1774279010162399140,7048
2902,1774279010164080141,1774279010170900924,6820
2903,1774279010172713399,1774279010178070139,5356
2904,1774279010180090608,1774279010185891347,5800
2905,1774279010187768489,1774279010192636430,4867
2906,1774279010194320649,1774279010200313499,5992
2907,1774279010202019142,1774279010207880215,5861
2908,1774279010209568190,1774279010214706198,5138
2909,1774279010216482865,1774279010223346581,6863
2910,1774279010225176984,1774279010229983875,4806
2911,1774279010231659764,1774279010237075948,5416
2912,1774279010238748621,1774279010243978130,5229
2913,1774279010245631757,1774279010250561276,4929
2914,1774279010252368750,1774279010257688795,5320
2915,1774279010259171711,1774279010263519033,4347
2916,1774279010265145664,1774279010270680415,5534
2917,1774279010272246664,1774279010277267197,5020
2918,1774279010278817895,1774279010283947563,5129
2919,1774279010285559670,1774279010291005274,5445
2920,1774279010292701160,1774279010297844187,5143
2921,1774279010299520240,1774279010306119233,6598
2922,1774279010307883198,1774279010314392421,6509
2923,1774279010316162251,1774279010321198902,5036
2924,1774279010322919602,1774279010329863976,6944
2925,1774279010331791641,1774279010338757579,6965
2926,1774279010340530368,1774279010345597107,5066
2927,1774279010347314512,1774279010353308840,5994
2928,1774279010354994304,1774279010359809337,4815
2929,1774279010361455669,1774279010367471519,6015
2930,1774279010369200451,1774279010373968572,4768
2931,1774279010375665514,1774279010380874268,5208
2932,1774279010382623925,1774279010387568608,4944
2933,1774279010389268960,1774279010393873196,4604
2934,1774279010395693162,1774279010400579605,4886
2935,1774279010402241994,1774279010407780116,5538
2936,1774279010409198116,1774279010413694086,4495
2937,1774279010415362955,1774279010421010010,5647
2938,1774279010422625352,1774279010428522598,5897
2939,1774279010430313986,1774279010435939740,5625
2940,1774279010437709988,1774279010444002738,6292
2941,1774279010445522670,1774279010450423067,4900
2942,1774279010452162561,1774279010458339189,6176
2943,1774279010460006064,1774279010466895491,6889
2944,1774279010468555724,1774279010473525110,4969
2945,1774279010475183343,1774279010482319865,7136
2946,1774279010484002458,1774279010489227311,5224
2947,1774279010490990852,1774279010496675772,5684
2948,1774279010498457682,1774279010505180271,6722
2949,1774279010507272754,1774279010512840115,5567
2950,1774279010514565698,1774279010519338715,4773
2951,1774279010521222323,1774279010525824091,4601
2952,1774279010527403332,1774279010532196749,4793
2953,1774279010533870777,1774279010538985626,5114
2954,1774279010540726484,1774279010546407679,5681
2955,1774279010548083620,1774279010553125795,5042
2956,1774279010554950854,1774279010559578104,4627
2957,1774279010561228917,1774279010566824687,5595
2958,1774279010568592637,1774279010573887557,5294
2959,1774279010575557994,1774279010580405001,4847
2960,1774279010582390692,1774279010589234563,6843
2961,1774279010591031237,1774279010596187101,5155
2962,1774279010597856380,1774279010604665472,6809
2963,1774279010606678892,1774279010612766598,6087
2964,1774279010614575748,1774279010620461651,5885
2965,1774279010622263408,1774279010627655531,5392
2966,1774279010629397036,1774279010634999369,5602
2967,1774279010636846204,1774279010643307667,6461
2968,1774279010644997963,1774279010650922620,5924
2969,1774279010652652214,1774279010659809033,7156
2970,1774279010661653303,1774279010666601218,4947
2971,1774279010668276717,1774279010673997601,5720
2972,1774279010675674749,1774279010681059796,5385
2973,1774279010682749081,1774279010687983133,5234
2974,1774279010689549103,1774279010695020845,5471
2975,1774279010696704829,1774279010703212550,6507
2976,1774279010705004573,1774279010710824215,5819
2977,1774279010712483503,1774279010717382742,4899
2978,1774279010719070416,1774279010724128406,5057
2979,1774279010725722610,1774279010732760894,7038
2980,1774279010734496682,1774279010740043556,5546
2981,1774279010741713324,1774279010747266034,5552
2982,1774279010748916706,1774279010753743578,4826
2983,1774279010755524196,1774279010760881461,5357
2984,1774279010762776218,1774279010769854513,7078
2985,1774279010771696599,1774279010776719253,5022
2986,1774279010778553080,1774279010784573021,6019
2987,1774279010786332733,1774279010791043496,4710
2988,1774279010792762481,1774279010797903666,5141
2989,1774279010799679013,1774279010804804566,5125
2990,1774279010806624499,1774279010812307618,5683
2991,1774279010813994085,1774279010818697282,4703
2992,1774279010820284047,1774279010826234699,5950
2993,1774279010827846719,1774279010834734459,6887
2994,1774279010836346741,1774279010843103237,6756
2995,1774279010845012029,1774279010849815693,4803
2996,1774279010851491521,1774279010857174216,5682
2997,1774279010858882664,1774279010865818816,6936
2998,1774279010867716573,1774279010873458699,5742
2999,1774279010875152607,1774279010880918284,5765
3000,1774279010882843867,1774279010888009229,5165
3001,1774279010889734428,1774279010894861187,5126
3002,1774279010896724596,1774279010903334731,6610
3003,1774279010905168676,1774279010910452109,5283
3004,1774279010912162191,1774279010917656783,5494
3005,1774279010919543934,1774279010925000298,5456
3006,1774279010926414913,1774279010930940102,4525
3007,1774279010932450922,1774279010939578445,7127
3008,1774279010941166001,1774279010945716839,4550
3009,1774279010947364986,1774279010952521447,5156
3010,1774279010954110198,1774279010958988657,4878
3011,1774279010960719699,1774279010966500851,5781
3012,1774279010968078426,1774279010974220314,6141
3013,1774279010975988069,1774279010980752927,4764
3014,1774279010982493994,1774279010989298032,6804
3015,1774279010990937080,1774279010995772367,4835
3016,1774279010997457947,1774279011002843587,5385
3017,1774279011004680165,1774279011010724323,6044
3018,1774279011012597782,1774279011018301655,5703
3019,1774279011020031809,1774279011025836466,5804
3020,1774279011027490560,1774279011034610346,7119
3021,1774279011036339672,1774279011041962457,5622
3022,1774279011043810253,1774279011049774759,5964
3023,1774279011051674919,1774279011056672579,4997
3024,1774279011058375432,1774279011063344911,4969
3025,1774279011065113566,1774279011072445825,7332
3026,1774279011074041524,1774279011081288603,7247
3027,1774279011082937585,1774279011087643507,4705
3028,1774279011089228069,1774279011093661206,4433
3029,1774279011095311521,1774279011099962089,4650
3030,1774279011101709401,1774279011107242091,5532
3031,1774279011108860785,1774279011114368814,5508
3032,1774279011116116526,1774279011121846658,5730
3033,1774279011123558772,1774279011128944122,5385
3034,1774279011130701942,1774279011135750675,5048
3035,1774279011137548648,1774279011144747320,7198
3036,1774279011146524324,1774279011151787742,5263
3037,1774279011153579654,1774279011159008479,5428
3038,1774279011160750949,1774279011167866967,7116
3039,1774279011169604927,1774279011174896222,5291
3040,1774279011176545490,1774279011182163150,5617
3041,1774279011183791703,1774279011190851406,7059
3042,1774279011192717302,1774279011198198169,5480
3043,1774279011199770322,1774279011205634537,5864
3044,1774279011207023527,1774279011211749541,4726
3045,1774279011213300913,1774279011218700079,5399
3046,1774279011220323300,1774279011224862094,4538
3047,1774279011226504428,1774279011231209233,4704
3048,1774279011232815032,1774279011237261908,4446
3049,1774279011238805930,1774279011243527985,4722
3050,1774279011245237671,1774279011249927046,4689
3051,1774279011251647340,1774279011258751326,7103
3052,1774279011260593175,1774279011266184592,5591
3053,1774279011267819075,1774279011273270834,5451
3054,1774279011275075599,1774279011279807863,4732
3055,1774279011281699281,1774279011288506753,6807
3056,1774279011290293322,1774279011295451185,5157
3057,1774279011297097242,1774279011302248264,5151
3058,1774279011303893586,1774279011311199650,7306
3059,1774279011313050763,1774279011318571110,5520
3060,1774279011320523363,1774279011326267766,5744
3061,1774279011327958558,1774279011332896244,4937
3062,1774279011334941039,1774279011339561531,4620
3063,1774279011341277394,1774279011346960473,5683
3064,1774279011348675750,1774279011354190221,5514
3065,1774279011355797206,1774279011361738611,5941
3066,1774279011363384354,1774279011368370989,4986
3067,1774279011370153871,1774279011375227564,5073
3068,1774279011376942664,1774279011383984824,7042
3069,1774279011385815913,1774279011391166284,5350
3070,1774279011392908472,1774279011398379397,5470
3071,1774279011400104417,1774279011404868068,4763
3072,1774279011406763700,1774279011411817785,5054
3073,1774279011413714072,1774279011419335414,5621
3074,1774279011421249234,1774279011427008462,5759
3075,1774279011428752838,1774279011435874950,7122
3076,1774279011437806095,1774279011443688152,5882
3077,1774279011445744531,1774279011451352769,5608
3078,1774279011453244556,1774279011458779012,5534
3079,1774279011460583073,1774279011466923626,6340
3080,1774279011468653090,1774279011474198232,5545
3081,1774279011475901011,1774279011482427854,6526
3082,1774279011484114985,1774279011488948139,4833
3083,1774279011490554832,1774279011495811900,5257
3084,1774279011497520020,1774279011501875268,4355
3085,1774279011503435716,1774279011508288128,4852
3086,1774279011509872978,1774279011515719077,5846
3087,1774279011517307594,1774279011522486707,5179
3088,1774279011524296480,1774279011529166704,4870
3089,1774279011530877731,1774279011538236330,7358
3090,1774279011539917887,1774279011544706781,4788
3091,1774279011546418461,1774279011552091236,5672
3092,1774279011553898770,1774279011560963294,7064
3093,1774279011562746512,1774279011568409782,5663
3094,1774279011570183569,1774279011575973582,5790
3095,1774279011577827119,1774279011583089369,5262
3096,1774279011584717589,1774279011589813100,5095
3097,1774279011591727066,1774279011598768380,7041
3098,1774279011600553061,1774279011606177551,5624
3099,1774279011607852052,1774279011613093045,5240
3100,1774279011614754410,1774279011619547336,4792
3101,1774279011621197499,1774279011625761330,4563
3102,1774279011627394590,1774279011632833524,5438
3103,1774279011634447342,1774279011639907595,5460
3104,1774279011641628274,1774279011647569900,5941
3105,1774279011649160053,1774279011654762354,5602
3106,1774279011656460225,1774279011661514881,5054
3107,1774279011663191170,1774279011667848100,4656
3108,1774279011669555393,1774279011676499967,6944
3109,1774279011678124878,1774279011683855509,5730
3110,1774279011685572894,1774279011690855741,5282
3111,1774279011692577729,1774279011697566603,4988
3112,1774279011699268720,1774279011704047000,4778
3113,1774279011705808143,1774279011711886386,6078
3114,1774279011713953482,1774279011718820299,4866
3115,1774279011720768909,1774279011725567532,4798
3116,1774279011727275725,1774279011732916333,5640
3117,1774279011734849949,1774279011741776766,6926
3118,1774279011743745478,1774279011748833008,5087
3119,1774279011750410839,1774279011754993866,4583
3120,1774279011756687641,1774279011761248374,4560
3121,1774279011762931855,1774279011767833961,4902
3122,1774279011769447398,1774279011774544255,5096
3123,1774279011776158918,1774279011783128946,6970
3124,1774279011784788178,1774279011789815039,5026
3125,1774279011791432387,1774279011796008978,4576
3126,1774279011797718321,1774279011804638199,6919
3127,1774279011806429022,1774279011811296677,4867
3128,1774279011813127440,1774279011819473523,6346
3129,1774279011821218786,1774279011826649483,5430
3130,1774279011828389071,1774279011835411614,7022
3131,1774279011837366912,1774279011844471420,7104
3132,1774279011846454452,1774279011851381179,4926
3133,1774279011853053239,1774279011858561633,5508
3134,1774279011860359386,1774279011867161500,6802
3135,1774279011868782594,1774279011874394342,5611
3136,1774279011876195186,1774279011882372822,6177
3137,1774279011884197351,1774279011889891314,5693
3138,1774279011891400002,1774279011896418659,5018
3139,1774279011898184658,1774279011903646474,5461
3140,1774279011905413241,1774279011911051645,5638
3141,1774279011912641583,1774279011917078534,4436
3142,1774279011918726295,1774279011924008512,5282
3143,1774279011925642281,1774279011931034644,5392
3144,1774279011932615696,1774279011939381760,6766
3145,1774279011941152851,1774279011946680454,5527
3146,1774279011948556297,1774279011955103150,6546
3147,1774279011956842168,1774279011962040505,5198
3148,1774279011963722537,1774279011968760910,5038
3149,1774279011970723139,1774279011977703355,6980
3150,1774279011979382824,1774279011984441060,5058
3151,1774279011986147976,1774279011991932864,5784
3152,1774279011993727773,1774279012000574132,6846
3153,1774279012002236682,1774279012007617196,5380
3154,1774279012009314226,1774279012014523993,5209
3155,1774279012016191586,1774279012020901496,4709
3156,1774279012022571365,1774279012028041868,5470
3157,1774279012029650770,1774279012034624560,4973
3158,1774279012036237906,1774279012042403146,6165
3159,1774279012044036575,1774279012051047694,7011
3160,1774279012052631360,1774279012057146234,4514
3161,1774279012058739713,1774279012064081589,5341
3162,1774279012065616819,1774279012070490219,4873
3163,1774279012072141156,1774279012077869842,5728
3164,1774279012079434170,1774279012084774201,5340
3165,1774279012086739240,1774279012091752060,5012
3166,1774279012093419987,1774279012099518405,6098
3167,1774279012101450652,1774279012108248455,6797
3168,1774279012110215244,1774279012115594203,5378
3169,1774279012117658211,1774279012123678524,6020
3170,1774279012125575920,1774279012130901285,5325
3171,1774279012132590950,1774279012137646283,5055
3172,1774279012139375914,1774279012146484918,7109
3173,1774279012148299085,1774279012153969195,5670
3174,1774279012155813054,1774279012161043290,5230
3175,1774279012162883510,1774279012167652879,4769
3176,1774279012169367192,1774279012174341528,4974
3177,1774279012176012618,1774279012180632206,4619
3178,1774279012182278249,1774279012187462093,5183
3179,1774279012188992830,1774279012195868893,6876
3180,1774279012197376994,1774279012202716870,5339
3181,1774279012204401392,1774279012210279415,5878
3182,1774279012212185820,1774279012216935832,4750
3183,1774279012218648561,1774279012223766945,5118
3184,1774279012225594328,1774279012232788921,7194
3185,1774279012234761294,1774279012239820303,5059
3186,1774279012241591114,1774279012246576730,4985
3187,1774279012248609664,1774279012255605064,6995
3188,1774279012257306243,1774279012262614656,5308
3189,1774279012264411285,1774279012271220804,6809
3190,1774279012273389304,1774279012280232878,6843
3191,1774279012281937823,1774279012287423948,5486
3192,1774279012289147694,1774279012294024909,4877
3193,1774279012295698316,1774279012300929313,5230
3194,1774279012302597177,1774279012309170813,6573
3195,1774279012310831984,1774279012318105463,7273
3196,1774279012319814679,1774279012324472377,4657
3197,1774279012326168091,1774279012331187518,5019
3198,1774279012332877277,1774279012338124218,5246
3199,1774279012339813660,1774279012346840216,7026
3200,1774279012348686798,1774279012355460110,6773
3201,1774279012357119430,1774279012362251557,5132
3202,1774279012363931238,1774279012369707125,5775
3203,1774279012371459311,1774279012376759849,5300
3204,1774279012378447867,1774279012384157144,5709
3205,1774279012385874224,1774279012393024677,7150
3206,1774279012394846912,1774279012399641869,4794
3207,1774279012401354060,1774279012408443318,7089
3208,1774279012410319190,1774279012417244985,6925
3209,1774279012418897396,1774279012423894492,4997
3210,1774279012425548032,1774279012432342110,6794
3211,1774279012434041313,1774279012441041156,6999
3212,1774279012442761426,1774279012448623860,5862
3213,1774279012450352542,1774279012456486788,6134
3214,1774279012458103502,1774279012462784793,4681
3215,1774279012464361692,1774279012470835725,6474
3216,1774279012472527141,1774279012477212024,4684
3217,1774279012478885442,1774279012483469376,4583
3218,1774279012485117584,1774279012490309349,5191
3219,1774279012492156884,1774279012497826352,5669
3220,1774279012499406771,1774279012505516929,6110
3221,1774279012507204795,1774279012513928977,6724
3222,1774279012515579726,1774279012521529565,5949
3223,1774279012523185971,1774279012527862374,4676
3224,1774279012529634475,1774279012535027386,5392
3225,1774279012536667078,1774279012542248044,5580
3226,1774279012544003969,1774279012551014241,7010
3227,1774279012552768889,1774279012558382293,5613
3228,1774279012560042829,1774279012565006049,4963
3229,1774279012567057738,1774279012571917874,4860
3230,1774279012573739361,1774279012579424698,5685
3231,1774279012581223362,1774279012586954519,5731
3232,1774279012588549691,1774279012594083485,5533
3233,1774279012595808300,1774279012600717135,4908
3234,1774279012602461613,1774279012607181154,4719
3235,1774279012608883494,1774279012614296505,5413
3236,1774279012615934311,1774279012622357823,6423
3237,1774279012624007646,1774279012629709081,5701
3238,1774279012631384178,1774279012636363731,4979
3239,1774279012638013227,1774279012643139840,5126
3240,1774279012644844404,1774279012651834250,6989
3241,1774279012653552274,1774279012659126923,5574
3242,1774279012660840531,1774279012666426717,5586
3243,1774279012668112173,1774279012672780474,4668
3244,1774279012674388400,1774279012679408349,5019
3245,1774279012681192495,1774279012687021465,5828
3246,1774279012688943877,1774279012694934071,5990
3247,1774279012696705334,1774279012702140574,5435
3248,1774279012703824349,1774279012708588347,4763
3249,1774279012710510537,1774279012715708386,5197
3250,1774279012717403808,1774279012724644734,7240
3251,1774279012726278330,1774279012730980712,4702
3252,1774279012732740220,1774279012738290943,5550
3253,1774279012739922321,1774279012745521121,5598
3254,1774279012747292404,1774279012752329048,5036
3255,1774279012753881459,1774279012758772232,4890
3256,1774279012760383629,1774279012765032462,4648
3257,1774279012766736114,1774279012772707076,5970
3258,1774279012774662153,1774279012780491907,5829
3259,1774279012782302080,1774279012788232454,5930
3260,1774279012790040908,1774279012795450107,5409
3261,1774279012797195552,1774279012802678295,5482
3262,1774279012804558891,1774279012810056476,5497
3263,1774279012811740744,1774279012816707142,4966
3264,1774279012818439366,1774279012825348247,6908
3265,1774279012826994486,1774279012832841814,5847
3266,1774279012834779718,1774279012840491336,5711
3267,1774279012842357854,1774279012848137848,5779
3268,1774279012849884477,1774279012857150025,7265
3269,1774279012859010430,1774279012864541964,5531
3270,1774279012866112406,1774279012870812447,4700
3271,1774279012872321829,1774279012879711932,7390
3272,1774279012881266695,1774279012886066279,4799
3273,1774279012887769352,1774279012893341022,5571
3274,1774279012894934665,1774279012900450487,5515
3275,1774279012902099130,1774279012906910622,4811
3276,1774279012908628302,1774279012914089675,5461
3277,1774279012915962934,1774279012921474356,5511
3278,1774279012923112913,1774279012928741422,5628
3279,1774279012930331340,1774279012936301887,5970
3280,1774279012938005098,1774279012943006504,5001
3281,1774279012944764964,1774279012950209049,5444
3282,1774279012951883165,1774279012958172036,6288
3283,1774279012960247166,1774279012965912618,5665
3284,1774279012967575448,1774279012973516382,5940
3285,1774279012975271479,1774279012980005739,4734
3286,1774279012981796367,1774279012987012785,5216
3287,1774279012988691044,1774279012995916628,7225
3288,1774279012997562487,1774279013002851270,5288
3289,1774279013004472184,1774279013009518142,5045
3290,1774279013011190137,1774279013016244937,5054
3291,1774279013017894314,1774279013023068701,5174
3292,1774279013024437642,1774279013030057527,5619
3293,1774279013031729328,1774279013036397317,4667
3294,1774279013038075862,1774279013042825937,4750
3295,1774279013044640073,1774279013051305218,6665
3296,1774279013053203422,1774279013058316964,5113
3297,1774279013059997410,1774279013065443206,5445
3298,1774279013067183299,1774279013074116258,6932
3299,1774279013075971320,1774279013080995229,5023
3300,1774279013082706244,1774279013088619142,5912
3301,1774279013090347081,1774279013097158900,6811
3302,1774279013098823109,1774279013104706646,5883
3303,1774279013106380893,1774279013113173252,6792
3304,1774279013114855590,1774279013119752957,4897
3305,1774279013121519665,1774279013128657046,7137
3306,1774279013130312878,1774279013137367893,7055
3307,1774279013138946288,1774279013143517311,4571
3308,1774279013145211903,1774279013149687637,4475
3309,1774279013151196331,1774279013155735092,4538
3310,1774279013157382386,1774279013162348522,4966
3311,1774279013163943788,1774279013168715608,4771
3312,1774279013170333797,1774279013176993742,6659
3313,1774279013178841484,1774279013183866075,5024
3314,1774279013185695352,1774279013191039922,5344
3315,1774279013192902430,1774279013199318353,6415
3316,1774279013201136427,1774279013206219020,5082
3317,1774279013207903453,1774279013213099012,5195
3318,1774279013214740315,1774279013221659648,6919
3319,1774279013223567367,1774279013228367863,4800
3320,1774279013230016473,1774279013235205768,5189
3321,1774279013236875922,1774279013241646995,4771
3322,1774279013243332436,1774279013249984014,6651
3323,1774279013251824772,1774279013257755224,5930
3324,1774279013259545181,1774279013264458505,4913
3325,1774279013266197411,1774279013273284902,7087
3326,1774279013274992401,1774279013279661607,4669
3327,1774279013281322981,1774279013286319518,4996
3328,1774279013287982221,1774279013292961083,4978
3329,1774279013294543706,1774279013299676145,5132
3330,1774279013301181707,1774279013308207553,7025
3331,1774279013310038227,1774279013315293762,5255
3332,1774279013316912758,1774279013321862680,4949
3333,1774279013323554639,1774279013330695712,7141
3334,1774279013332400151,1774279013337887963,5487
3335,1774279013339605988,1774279013344943532,5337
3336,1774279013346708217,1774279013353848426,7140
3337,1774279013355600863,1774279013360839245,5238
3338,1774279013362554240,1774279013368073842,5519
3339,1774279013369774538,1774279013374861067,5086
3340,1774279013376594652,1774279013381565707,4971
3341,1774279013383699399,1774279013390738488,7039
3342,1774279013392581532,1774279013397608181,5026
3343,1774279013399248996,1774279013404704775,5455
3344,1774279013406237223,1774279013411615770,5378
3345,1774279013413124668,1774279013418312373,5187
3346,1774279013420018609,1774279013425620707,5602
3347,1774279013427095492,1774279013431792313,4696
3348,1774279013433350637,1774279013438033670,4683
3349,1774279013439649223,1774279013445835263,6186
3350,1774279013447584830,1774279013452905881,5321
3351,1774279013454569968,1774279013459633663,5063
3352,1774279013461385439,1774279013466808126,5422
3353,1774279013468730643,1774279013475708855,6978
3354,1774279013477637046,1774279013482651407,5014
3355,1774279013484531984,1774279013490113838,5581
3356,1774279013491797427,1774279013496577501,4780
3357,1774279013498151054,1774279013502808235,4657
3358,1774279013504550855,1774279013511693853,7142
3359,1774279013513682573,1774279013518731947,5049
3360,1774279013520505359,1774279013525750213,5244
3361,1774279013527740668,1774279013534677862,6937
3362,1774279013536365603,1774279013541812822,5447
3363,1774279013543558714,1774279013550673560,7114
3364,1774279013552301569,1774279013556964515,4662
3365,1774279013558569058,1774279013563201061,4632
3366,1774279013564850399,1774279013569287523,4437
3367,1774279013570938974,1774279013575391410,4452
3368,1774279013577088938,1774279013584080811,6991
3369,1774279013585795143,1774279013591028389,5233
3370,1774279013592690598,1774279013597709793,5019
3371,1774279013599443333,1774279013604881764,5438
3372,1774279013606671685,1774279013612124059,5452
3373,1774279013613945827,1774279013621031243,7085
3374,1774279013622785502,1774279013627647067,4861
3375,1774279013629303599,1774279013636348628,7045
3376,1774279013638114380,1774279013644832874,6718
3377,1774279013646543245,1774279013651601739,5058
3378,1774279013653622469,1774279013660626804,7004
3379,1774279013662388590,1774279013667879477,5490
3380,1774279013669535331,1774279013674826215,5290
3381,1774279013676413581,1774279013683401341,6987
3382,1774279013684917898,1774279013689325580,4407
3383,1774279013690709678,1774279013697305727,6596
3384,1774279013698761262,1774279013703899385,5138
3385,1774279013705653008,1774279013711651054,5998
3386,1774279013713460163,1774279013720296357,6836
3387,1774279013722099234,1774279013727444242,5345
3388,1774279013729028770,1774279013734391079,5362
3389,1774279013736117733,1774279013740757752,4640
3390,1774279013742370045,1774279013747376664,5006
3391,1774279013749257372,1774279013755018937,5761
3392,1774279013756825215,1774279013762404180,5578
3393,1774279013764162211,1774279013769918050,5755
3394,1774279013771595123,1774279013778586914,6991
3395,1774279013780366691,1774279013787245134,6878
3396,1774279013789057129,1774279013794152895,5095
3397,1774279013796021501,1774279013801161545,5140
3398,1774279013802830068,1774279013808091101,5261
3399,1774279013809788383,1774279013814461394,4673
3400,1774279013815954304,1774279013823025398,7071
3401,1774279013824617593,1774279013829972754,5355
3402,1774279013831646119,1774279013836167837,4521
3403,1774279013837523598,1774279013841940161,4416
3404,1774279013843589627,1774279013848798452,5208
3405,1774279013850383757,1774279013855083511,4699
3406,1774279013856765956,1774279013861751782,4985
3407,1774279013863444124,1774279013869089845,5645
3408,1774279013870795356,1774279013877329625,6534
3409,1774279013879203729,1774279013884705643,5501
3410,1774279013886399215,1774279013891417666,5018
3411,1774279013893147395,1774279013897882797,4735
3412,1774279013899582587,1774279013905387540,5804
3413,1774279013907374484,1774279013913409801,6035
3414,1774279013915090319,1774279013922184634,7094
3415,1774279013923978149,1774279013931198850,7220
3416,1774279013933040477,1774279013937878464,4837
3417,1774279013939500682,1774279013946447166,6946
3418,1774279013948130314,1774279013953544800,5414
3419,1774279013954947079,1774279013959593800,4646
3420,1774279013961140850,1774279013966015145,4874
3421,1774279013967659694,1774279013973605048,5945
3422,1774279013975289088,1774279013980865699,5576
3423,1774279013982541401,1774279013987364923,4823
3424,1774279013988974632,1774279013994016548,5041
3425,1774279013995728988,1774279014001273607,5544
3426,1774279014002938643,1774279014009301701,6363
3427,1774279014011250945,1774279014016544895,5293
3428,1774279014018292353,1774279014023448008,5155
3429,1774279014025121859,1774279014029920733,4798
3430,1774279014031574885,1774279014038509436,6934
3431,1774279014040470831,1774279014046134014,5663
3432,1774279014047857384,1774279014053571547,5714
3433,1774279014055326050,1774279014060179918,4853
3434,1774279014061880508,1774279014066711543,4831
3435,1774279014068633397,1774279014074177027,5543
3436,1774279014075892745,1774279014080801462,4908
3437,1774279014082605877,1774279014089292253,6686
3438,1774279014091002615,1774279014098005466,7002
3439,1774279014099492259,1774279014103849622,4357
3440,1774279014105159377,1774279014109917199,4757
3441,1774279014111453911,1774279014116121567,4667
3442,1774279014117758041,1774279014122510057,4752
3443,1774279014124071769,1774279014129115780,5044
3444,1774279014130700310,1774279014136404143,5703
3445,1774279014138169121,1774279014143927648,5758
3446,1774279014145759310,1774279014150749271,4989
3447,1774279014152530536,1774279014157828055,5297
3448,1774279014159597654,1774279014166415133,6817
3449,1774279014168145354,1774279014173640738,5495
3450,1774279014175417828,1774279014182347747,6929
3451,1774279014184342742,1774279014189136114,4793
3452,1774279014190799767,1774279014196864766,6064
3453,1774279014198812569,1774279014205861526,7048
3454,1774279014207793023,1774279014213014984,5221
3455,1774279014214699364,1774279014219929502,5230
3456,1774279014221650512,1774279014228657261,7006
3457,1774279014230415373,1774279014235382257,4966
3458,1774279014237006633,1774279014241768388,4761
3459,1774279014243203845,1774279014247836589,4632
3460,1774279014249449176,1774279014254217153,4767
3461,1774279014255827689,1774279014261149446,5321
3462,1774279014262780724,1774279014267506912,4726
3463,1774279014269213795,1774279014274181293,4967
3464,1774279014275866628,1774279014282688778,6822
3465,1774279014284491710,1774279014291275244,6783
3466,1774279014292931971,1774279014298318728,5386
3467,1774279014300221303,1774279014306463785,6242
3468,1774279014308546324,1774279014315390230,6843
3469,1774279014317185739,1774279014322812693,5626
3470,1774279014324525021,1774279014330509982,5984
3471,1774279014332371179,1774279014338586781,6215
3472,1774279014340296735,1774279014345239270,4942
3473,1774279014346983565,1774279014352221963,5238
3474,1774279014353985627,1774279014360885552,6899
3475,1774279014362497505,1774279014367066136,4568
3476,1774279014368741540,1774279014374663405,5921
3477,1774279014376299275,1774279014381101960,4802
3478,1774279014382720371,1774279014387886441,5166
3479,1774279014389535678,1774279014396576059,7040
3480,1774279014398186840,1774279014404306347,6119
3481,1774279014406044333,1774279014411533769,5489
3482,1774279014413204400,1774279014418186160,4981
3483,1774279014419868872,1774279014424960886,5092
3484,1774279014426747918,1774279014432533442,5785
3485,1774279014434325609,1774279014440677560,6351
3486,1774279014442452210,1774279014448081794,5629
3487,1774279014449770457,1774279014454800390,5029
3488,1774279014456522209,1774279014463734681,7212
3489,1774279014465482380,1774279014470690334,5207
3490,1774279014472473794,1774279014478435862,5962
3491,1774279014480451505,1774279014487424853,6973
3492,1774279014489162992,1774279014494526520,5363
3493,1774279014496276742,1774279014502491760,6215
3494,1774279014504255992,1774279014509968849,5712
3495,1774279014511530253,1774279014517275121,5744
3496,1774279014518976819,1774279014523804035,4827
3497,1774279014525504088,1774279014530405550,4901
3498,1774279014531744798,1774279014538886581,7141
3499,1774279014540366122,1774279014545375700,5009
3500,1774279014547155474,1774279014553369840,6214
3501,1774279014555033740,1774279014561858468,6824
3502,1774279014563538012,1774279014569228238,5690
3503,1774279014570917473,1774279014576882342,5964
3504,1774279014578755217,1774279014585793571,7038
3505,1774279014587573606,1774279014592693061,5119
3506,1774279014594402880,1774279014599505460,5102
3507,1774279014601369577,1774279014606358527,4988
3508,1774279014608005746,1774279014614266811,6261
3509,1774279014616142103,1774279014622328518,6186
3510,1774279014623996022,1774279014628777846,4781
3511,1774279014630400074,1774279014637361373,6961
3512,1774279014639036216,1774279014645342263,6306
3513,1774279014647020340,1774279014651704081,4683
3514,1774279014653349342,1774279014659033177,5683
3515,1774279014660514106,1774279014665362898,4848
3516,1774279014666986760,1774279014673537177,6550
3517,1774279014675210725,1774279014680289755,5079
3518,1774279014681931140,1774279014687166028,5234
3519,1774279014688811138,1774279014694715877,5904
3520,1774279014696575441,1774279014701595182,5019
3521,1774279014703571021,1774279014710207099,6636
3522,1774279014712165177,1774279014717628906,5463
3523,1774279014719552706,1774279014724523706,4971
3524,1774279014726205357,1774279014733264251,7058
3525,1774279014734948701,1774279014739843610,4894
3526,1774279014741823548,1774279014747469331,5645
3527,1774279014749469924,1774279014755279382,5809
3528,1774279014756980591,1774279014762015259,5034
3529,1774279014763786364,1774279014768729919,4943
3530,1774279014770396731,1774279014776215688,5818
3531,1774279014777938998,1774279014782764087,4825
3532,1774279014784488650,1774279014791618265,7129
3533,1774279014793230188,1774279014798162726,4932
3534,1774279014799825197,1774279014805401375,5576
3535,1774279014807014023,1774279014812961424,5947
3536,1774279014814825808,1774279014819552539,4726
3537,1774279014821230347,1774279014826696574,5466
3538,1774279014828495483,1774279014833509178,5013
3539,1774279014835332875,1774279014841255055,5922
3540,1774279014843213183,1774279014850050317,6837
3541,1774279014851824320,1774279014856827057,5002
3542,1774279014858526237,1774279014864546586,6020
3543,1774279014866376966,1774279014871380017,5003
3544,1774279014873071513,1774279014878324640,5253
3545,1774279014880162240,1774279014886979171,6816
3546,1774279014888881421,1774279014893833799,4952
3547,1774279014895608631,1774279014901389382,5780
3548,1774279014903200745,1774279014910048241,6847
3549,1774279014911795684,1774279014917935570,6139
3550,1774279014919613332,1774279014926799273,7185
3551,1774279014928602057,1774279014933565180,4963
3552,1774279014935214599,1774279014939935101,4720
3553,1774279014941374649,1774279014946001435,4626
3554,1774279014947604387,1774279014952454271,4849
3555,1774279014954170992,1774279014959963069,5792
3556,1774279014961599622,1774279014968030821,6431
3557,1774279014969874501,1774279014975661016,5786
3558,1774279014977414168,1774279014984226612,6812
3559,1774279014985935883,1774279014991294699,5358
3560,1774279014993016285,1774279015000046559,7030
3561,1774279015001849458,1774279015008677924,6828
3562,1774279015010513693,1774279015016078992,5565
3563,1774279015017848312,1774279015023471655,5623
3564,1774279015025226760,1774279015029952009,4725
3565,1774279015031668475,1774279015037006444,5337
3566,1774279015039021055,1774279015044188442,5167
3567,1774279015045884297,1774279015050798476,4914
3568,1774279015052540347,1774279015058749803,6209
3569,1774279015060447356,1774279015065457485,5010
3570,1774279015067155978,1774279015071966641,4810
3571,1774279015073656627,1774279015078558714,4902
3572,1774279015080242974,1774279015085730522,5487
3573,1774279015087403123,1774279015092789966,5386
3574,1774279015094471150,1774279015100102538,5631
3575,1774279015101725692,1774279015108159798,6434
3576,1774279015109870246,1774279015114609597,4739
3577,1774279015116404839,1774279015121706810,5301
3578,1774279015123529489,1774279015130445520,6916
3579,1774279015132317663,1774279015137289484,4971
3580,1774279015138940332,1774279015144788316,5847
3581,1774279015146691093,1774279015153611654,6920
3582,1774279015155334288,1774279015162331203,6996
3583,1774279015163985319,1774279015169385970,5400
3584,1774279015171280295,1774279015176759106,5478
3585,1774279015178554774,1774279015183611868,5057
3586,1774279015185313027,1774279015190782647,5469
3587,1774279015192604510,1774279015197914072,5309
3588,1774279015199618454,1774279015204526342,4907
3589,1774279015206210628,1774279015210918758,4708
3590,1774279015212653592,1774279015217506783,4853
3591,1774279015218903409,1774279015223603930,4700
3592,1774279015225258356,1774279015230739408,5481
3593,1774279015232345374,1774279015238148225,5802
3594,1774279015239779868,1774279015245353687,5573
3595,1774279015247041809,1774279015253394571,6352
3596,1774279015255263140,1774279015262127929,6864
3597,1774279015263763018,1774279015269791808,6028
3598,1774279015271683635,1774279015276687223,5003
3599,1774279015278383783,1774279015284313789,5930
3600,1774279015286040814,1774279015293020380,6979
3601,1774279015294719189,1774279015299754133,5034
3602,1774279015301576284,1774279015307519157,5942
3603,1774279015309220145,1774279015314684951,5464
3604,1774279015316391985,1774279015321483464,5091
3605,1774279015323247311,1774279015327895193,4647
3606,1774279015329533627,1774279015335321455,5787
3607,1774279015336960773,1774279015343008840,6048
3608,1774279015344630938,1774279015349803966,5173
3609,1774279015351481188,1774279015356758792,5277
3610,1774279015358520453,1774279015363473626,4953
3611,1774279015365111689,1774279015369777977,4666
3612,1774279015371665285,1774279015376545339,4880
3613,1774279015378385022,1774279015385346660,6961
3614,1774279015387043591,1774279015392910942,5867
3615,1774279015394752463,1774279015399557317,4804
3616,1774279015401307827,1774279015406355961,5048
3617,1774279015408166209,1774279015413572749,5406
3618,1774279015415361312,1774279015421558758,6197
3619,1774279015423482738,1774279015429348205,5865
3620,1774279015431070268,1774279015436386969,5316
3621,1774279015438107201,1774279015444093897,5986
3622,1774279015446001411,1774279015450924177,4922
3623,1774279015452846213,1774279015457696785,4850
3624,1774279015459553495,1774279015466606030,7052
3625,1774279015468359464,1774279015475285112,6925
3626,1774279015476602655,1774279015481436167,4833
3627,1774279015483083760,1774279015490245146,7161
3628,1774279015491964435,1774279015498034562,6070
3629,1774279015499687631,1774279015505572867,5885
3630,1774279015507164557,1774279015512850718,5686
3631,1774279015514580020,1774279015520474927,5894
3632,1774279015522295133,1774279015528459006,6163
3633,1774279015530103169,1774279015534929896,4826
3634,1774279015536597977,1774279015541776032,5178
3635,1774279015543473233,1774279015548315861,4842
3636,1774279015550008136,1774279015554750877,4742
3637,1774279015556562342,1774279015562246205,5683
3638,1774279015563959224,1774279015569830708,5871
3639,1774279015571550426,1774279015577486830,5936
3640,1774279015579192126,1774279015583918190,4726
3641,1774279015585570528,1774279015590459664,4889
3642,1774279015592249679,1774279015597861223,5611
3643,1774279015599557179,1774279015606272549,6715
3644,1774279015607995557,1774279015612712265,4716
3645,1774279015614272526,1774279015619112382,4839
3646,1774279015620789132,1774279015625216226,4427
3647,1774279015626832621,1774279015631621546,4788
3648,1774279015633208174,1774279015638184626,4976
3649,1774279015639813027,1774279015646366067,6553
3650,1774279015648074206,1774279015653106110,5031
3651,1774279015654818410,1774279015659950376,5131
3652,1774279015661728887,1774279015667302826,5573
3653,1774279015669086186,1774279015673778490,4692
3654,1774279015675363577,1774279015680313770,4950
3655,1774279015681970658,1774279015687866682,5896
3656,1774279015689709614,1774279015695356292,5646
3657,1774279015697048124,1774279015701887539,4839
3658,1774279015703777820,1774279015708615733,4837
3659,1774279015710514746,1774279015717372411,6857
3660,1774279015719052103,1774279015723977354,4925
3661,1774279015725631787,1774279015731076441,5444
3662,1774279015733006912,1774279015740041067,7034
3663,1774279015741728204,1774279015746555231,4827
3664,1774279015748210963,1774279015755357499,7146
3665,1774279015757026483,1774279015761528894,4502
3666,1774279015763209792,1774279015768163241,4953
3667,1774279015769604880,1774279015774449364,4844
3668,1774279015776152350,1774279015781769888,5617
3669,1774279015783459621,1774279015790436986,6977
3670,1774279015792425424,1774279015798460698,6035
3671,1774279015800225785,1774279015805999097,5773
3672,1774279015807651599,1774279015812569921,4918
3673,1774279015814306978,1774279015819411930,5104
3674,1774279015821091512,1774279015826064849,4973
3675,1774279015827817977,1774279015832816604,4998
3676,1774279015834811475,1774279015840405841,5594
3677,1774279015842345272,1774279015847981083,5635
3678,1774279015849667919,1774279015855450273,5782
3679,1774279015857157632,1774279015861937364,4779
3680,1774279015863803202,1774279015868600392,4797
3681,1774279015870612078,1774279015875510888,4898
3682,1774279015877291430,1774279015882729712,5438
3683,1774279015884395011,1774279015890012716,5617
3684,1774279015891676624,1774279015896502657,4826
3685,1774279015898223034,1774279015903318956,5095
3686,1774279015904928175,1774279015909670511,4742
3687,1774279015911284956,1774279015915802912,4517
3688,1774279015917395810,1774279015924378831,6983
3689,1774279015926039378,1774279015931150133,5110
3690,1774279015932825620,1774279015938005123,5179
3691,1774279015939925092,1774279015945159144,5234
3692,1774279015946837974,1774279015951923328,5085
3693,1774279015953564665,1774279015960319636,6754
3694,1774279015962102597,1774279015967271577,5168
3695,1774279015968940490,1774279015975291650,6351
3696,1774279015977083599,1774279015981834684,4751
3697,1774279015983524083,1774279015988841311,5317
3698,1774279015990664844,1774279015995784249,5119
3699,1774279015997523371,1774279016003781478,6258
3700,1774279016005717751,1774279016011683788,5966
3701,1774279016013489770,1774279016018872982,5383
3702,1774279016020497104,1774279016025537335,5040
3703,1774279016027320365,1774279016031936818,4616
3704,1774279016033592755,1774279016038422022,4829
3705,1774279016039711065,1774279016044411697,4700
3706,1774279016046085072,1774279016050700025,4614
3707,1774279016052268622,1774279016056857534,4588
3708,1774279016058501655,1774279016063376293,4874
3709,1774279016065188122,1774279016072142223,6954
3710,1774279016073889310,1774279016078706164,4816
3711,1774279016080353882,1774279016085619965,5266
3712,1774279016087306373,1774279016092367575,5061
3713,1774279016094030907,1774279016098896638,4865
3714,1774279016100753918,1774279016107945901,7191
3715,1774279016109690831,1774279016114763398,5072
3716,1774279016116529081,1774279016121565256,5036
3717,1774279016123461391,1774279016128891261,5429
3718,1774279016130566265,1774279016136104010,5537
3719,1774279016137771654,1774279016144930372,7158
3720,1774279016146634684,1774279016153714843,7080
3721,1774279016155461804,1774279016161041121,5579
3722,1774279016162776877,1774279016169205497,6428
3723,1774279016170879243,1774279016175722442,4843
3724,1774279016177417688,1774279016183072146,5654
3725,1774279016184492709,1774279016190224418,5731
3726,1774279016191865419,1774279016196909223,5043
3727,1774279016198748091,1774279016205925330,7177
3728,1774279016207602954,1774279016212584117,4981
3729,1774279016214299764,1774279016219995237,5695
3730,1774279016221812015,1774279016228310920,6498
3731,1774279016230189653,1774279016234985955,4796
3732,1774279016236600878,1774279016243193528,6592
3733,1774279016244876167,1774279016250393296,5517
3734,1774279016252126822,1774279016257128190,5001
3735,1774279016258867117,1774279016264508565,5641
3736,1774279016266296182,1774279016272492934,6196
3737,1774279016274432761,1774279016280544392,6111
3738,1774279016282279175,1774279016287119621,4840
3739,1774279016288796700,1774279016296140021,7343
3740,1774279016297842470,1774279016302367795,4525
3741,1774279016304054762,1774279016308744540,4689
3742,1774279016310364562,1774279016314781440,4416
3743,1774279016316350524,1774279016321672210,5321
3744,1774279016323255067,1774279016327886198,4631
3745,1774279016329452586,1774279016334423100,4970
3746,1774279016336211331,1774279016342473032,6261
3747,1774279016344183830,1774279016348829554,4645
3748,1774279016350524197,1774279016355409994,4885
3749,1774279016357188654,1774279016363974553,6785
3750,1774279016366027035,1774279016370948856,4921
3751,1774279016372790737,1774279016378417499,5626
3752,1774279016380423923,1774279016385371813,4947
3753,1774279016387054811,1774279016392394664,5339
3754,1774279016394195306,1774279016400995390,6800
3755,1774279016402782231,1774279016407880492,5098
3756,1774279016409665187,1774279016416428846,6763
3757,1774279016418440267,1774279016425415099,6974
3758,1774279016427177026,1774279016434078029,6901
3759,1774279016435816980,1774279016440853792,5036
3760,1774279016442138570,1774279016447700318,5561
3761,1774279016449435714,1774279016455118164,5682
3762,1774279016456504406,1774279016461455450,4951
3763,1774279016463080973,1774279016468101080,5020
3764,1774279016469657907,1774279016475212007,5554
3765,1774279016476896855,1774279016483807252,6910
3766,1774279016485672886,1774279016491354288,5681
3767,1774279016493173368,1774279016498813189,5639
3768,1774279016500548254,1774279016505872013,5323
3769,1774279016507769658,1774279016512669520,4899
3770,1774279016514400323,1774279016520196256,5795
3771,1774279016522227859,1774279016528297257,6069
3772,1774279016530188165,1774279016535751780,5563
3773,1774279016537702945,1774279016542624008,4921
3774,1774279016544419321,1774279016551241095,6821
3775,1774279016552999624,1774279016558814602,5814
3776,1774279016560492311,1774279016565555075,5062
3777,1774279016567165063,1774279016574516852,7351
3778,1774279016576301833,1774279016583074616,6772
3779,1774279016584819592,1774279016589582471,4762
3780,1774279016591357688,1774279016596970711,5613
3781,1774279016598566597,1774279016604222620,5656
3782,1774279016605964177,1774279016611381705,5417
3783,1774279016613063776,1774279016617783738,4719
3784,1774279016619433724,1774279016624385903,4952
3785,1774279016626183294,1774279016632932952,6749
3786,1774279016634584698,1774279016640093183,5508
3787,1774279016641803906,1774279016647562306,5758
3788,1774279016649280347,1774279016654036340,4755
3789,1774279016655686163,1774279016660996216,5310
3790,1774279016662805733,1774279016668866324,6060
3791,1774279016670623525,1774279016675296272,4672
3792,1774279016676912223,1774279016682068559,5156
3793,1774279016683971644,1774279016690913633,6941
3794,1774279016692946895,1774279016697891673,4944
3795,1774279016699788023,1774279016704457669,4669
3796,1774279016706064935,1774279016710779305,4714
3797,1774279016712403300,1774279016719182305,6779
3798,1774279016720859769,1774279016727989097,7129
3799,1774279016729786368,1774279016734823077,5036
3800,1774279016736386985,1774279016741704320,5317
3801,1774279016743290422,1774279016750277583,6987
3802,1774279016751994200,1774279016757382654,5388
3803,1774279016759133541,1774279016766127832,6994
3804,1774279016767871347,1774279016772725730,4854
3805,1774279016774434951,1774279016780234326,5799
3806,1774279016781927761,1774279016788690243,6762
3807,1774279016790457774,1774279016795406536,4948
3808,1774279016797120474,1774279016803255655,6135
3809,1774279016805167116,1774279016811959131,6792
3810,1774279016813832148,1774279016818704556,4872
3811,1774279016820501017,1774279016827570388,7069
3812,1774279016829313490,1774279016836258728,6945
3813,1774279016838063683,1774279016844941905,6878
3814,1774279016846586155,1774279016852067090,5480
3815,1774279016853730502,1774279016858880479,5149
3816,1774279016860404158,1774279016865595824,5191
3817,1774279016867116013,1774279016871766567,4650
3818,1774279016873305533,1774279016879989584,6684
3819,1774279016881624328,1774279016886702989,5078
3820,1774279016888411094,1774279016893845221,5434
3821,1774279016895734088,1774279016902592721,6858
3822,1774279016904552428,1774279016909613169,5060
3823,1774279016911288592,1774279016916067343,4778
3824,1774279016917719573,1774279016924590443,6870
3825,1774279016926346239,1774279016932186221,5839
3826,1774279016933850047,1774279016940701835,6851
3827,1774279016942594919,1774279016947718817,5123
3828,1774279016949350562,1774279016954829983,5479
3829,1774279016956554761,1774279016963421537,6866
3830,1774279016965161038,1774279016970088398,4927
3831,1774279016971744621,1774279016977615368,5870
3832,1774279016979060752,1774279016986014845,6954
3833,1774279016987726668,1774279016993039660,5312
3834,1774279016994778894,1774279017000723609,5944
3835,1774279017002526022,1774279017007229787,4703
3836,1774279017008805682,1774279017014820189,6014
3837,1774279017016368061,1774279017021364749,4996
3838,1774279017022989786,1774279017028910786,5921
3839,1774279017030763054,1774279017037605842,6842
3840,1774279017039594250,1774279017044964205,5369
3841,1774279017046642206,1774279017052697160,6054
3842,1774279017054459243,1774279017061270409,6811
3843,1774279017062902054,1774279017067983408,5081
3844,1774279017069833762,1774279017076360688,6526
3845,1774279017078057613,1774279017083557685,5500
3846,1774279017085278404,1774279017090387989,5109
3847,1774279017092055949,1774279017096984529,4928
3848,1774279017098607234,1774279017105727991,7120
3849,1774279017107495937,1774279017114667922,7171
3850,1774279017116294144,1774279017123038537,6744
3851,1774279017124723179,1774279017129464832,4741
3852,1774279017131258156,1774279017136822468,5564
3853,1774279017138585444,1774279017144018739,5433
3854,1774279017145673234,1774279017150229102,4555
3855,1774279017151986199,1774279017156830530,4844
3856,1774279017158735816,1774279017165821877,7086
3857,1774279017167505566,1774279017173195326,5689
3858,1774279017174871627,1774279017180033960,5162
3859,1774279017181787166,1774279017186637240,4850
3860,1774279017188353878,1774279017193763352,5409
3861,1774279017195683658,1774279017200877333,5193
3862,1774279017202801813,1774279017208443501,5641
3863,1774279017210308212,1774279017215728520,5420
3864,1774279017217645180,1774279017223638426,5993
3865,1774279017225610487,1774279017232397742,6787
3866,1774279017234277762,1774279017239616571,5338
3867,1774279017241290791,1774279017247433082,6142
3868,1774279017249224949,1774279017253912759,4687
3869,1774279017255420457,1774279017260816198,5395
3870,1774279017262507213,1774279017267040564,4533
3871,1774279017268766609,1774279017273460673,4694
3872,1774279017274848589,1774279017280360663,5512
3873,1774279017281850590,1774279017287362723,5512
3874,1774279017288810381,1774279017293797945,4987
3875,1774279017295649346,1774279017300946113,5296
3876,1774279017302717276,1774279017308649136,5931
3877,1774279017310467911,1774279017317705451,7237
3878,1774279017319588283,1774279017326285617,6697
3879,1774279017328005189,1774279017333103315,5098
3880,1774279017334830374,1774279017342141838,7311
3881,1774279017343845583,1774279017349306174,5460
3882,1774279017351008802,1774279017356379014,5370
3883,1774279017358256088,1774279017363061416,4805
3884,1774279017364743217,1774279017369605112,4861
3885,1774279017371450747,1774279017377173949,5723
3886,1774279017378967141,1774279017383760084,4792
3887,1774279017385568009,1774279017391574947,6006
3888,1774279017393353092,1774279017397845008,4491
3889,1774279017399464082,1774279017404254275,4790
3890,1774279017405823130,1774279017411042220,5219
3891,1774279017412794789,1774279017418365014,5570
3892,1774279017420098172,1774279017424953301,4855
3893,1774279017426526205,1774279017431825132,5298
3894,1774279017433586522,1774279017439382026,5795
3895,1774279017441177754,1774279017447082672,5904
3896,1774279017448823287,1774279017453979926,5156
3897,1774279017455770167,1774279017463206622,7436
3898,1774279017465009731,1774279017469784339,4774
3899,1774279017471713279,1774279017477017236,5303
3900,1774279017478840291,1774279017484457005,5616
3901,1774279017486192159,1774279017491922339,5730
3902,1774279017493704672,1774279017500848037,7143
3903,1774279017502816459,1774279017510267519,7451
3904,1774279017512081530,1774279017519119663,7038
3905,1774279017520887466,1774279017525661220,4773
3906,1774279017527204518,1774279017532581236,5376
3907,1774279017534416298,1774279017540204822,5788
3908,1774279017541698409,1774279017546520086,4821
3909,1774279017547881136,1774279017553244507,5363
3910,1774279017554614582,1774279017558990240,4375
3911,1774279017560614741,1774279017565992215,5377
3912,1774279017567656915,1774279017572693140,5036
3913,1774279017574404661,1774279017579074240,4669
3914,1774279017580781813,1774279017586493127,5711
3915,1774279017588208732,1774279017593641925,5433
3916,1774279017595419869,1774279017600421352,5001
3917,1774279017602100984,1774279017607034641,4933
3918,1774279017609023700,1774279017614557964,5534
3919,1774279017616473957,1774279017621730083,5256
3920,1774279017623469458,1774279017629776281,6306
3921,1774279017631722117,1774279017636779881,5057
3922,1774279017638528688,1774279017643706643,5177
3923,1774279017645689746,1774279017651126763,5437
3924,1774279017653039126,1774279017658812014,5772
3925,1774279017660430584,1774279017666065913,5635
3926,1774279017667872844,1774279017673724668,5851
3927,1774279017675416193,1774279017680111038,4694
3928,1774279017681744608,1774279017687038894,5294
3929,1774279017688657133,1774279017694529750,5872
3930,1774279017696365523,1774279017702344554,5979
3931,1774279017704168790,1774279017708859308,4690
3932,1774279017710436509,1774279017715408806,4972
3933,1774279017717168883,1774279017722192776,5023
3934,1774279017724015847,1774279017729421088,5405
3935,1774279017731278344,1774279017737316831,6038
3936,1774279017738992496,1774279017745891051,6898
3937,1774279017747580186,1774279017753463655,5883
3938,1774279017755295464,1774279017761367788,6072
3939,1774279017763011271,1774279017767954060,4942
3940,1774279017769724811,1774279017775131891,5407
3941,1774279017777003402,1774279017782853528,5850
3942,1774279017784663408,1774279017790384257,5720
3943,1774279017792283621,1774279017797009225,4725
3944,1774279017798691108,1774279017803643385,4952
3945,1774279017805313309,1774279017810021210,4707
3946,1774279017811550693,1774279017818989925,7439
3947,1774279017820700259,1774279017826311133,5610
3948,1774279017827825686,1774279017833707262,5881
3949,1774279017835505677,1774279017840408847,4903
3950,1774279017842044320,1774279017848434745,6390
3951,1774279017850194850,1774279017854816088,4621
3952,1774279017856552622,1774279017862460971,5908
3953,1774279017864205722,1774279017871158986,6953
3954,1774279017872927079,1774279017878347475,5420
3955,1774279017880035013,1774279017886485482,6450
3956,1774279017888189008,1774279017893722366,5533
3957,1774279017895462629,1774279017900586435,5123
3958,1774279017902271207,1774279017907033357,4762
3959,1774279017908765059,1774279017914371282,5606
3960,1774279017916228156,1774279017922518166,6290
3961,1774279017924204180,1774279017929669755,5465
3962,1774279017931370915,1774279017936291319,4920
3963,1774279017937989033,1774279017942778007,4788
3964,1774279017944414730,1774279017949046109,4631
3965,1774279017950226741,1774279017957297665,7070
3966,1774279017958785180,1774279017965683133,6897
3967,1774279017967264073,1774279017972806067,5541
3968,1774279017974350457,1774279017979423834,5073
3969,1774279017981123453,1774279017986119636,4996
3970,1774279017987771300,1774279017993842459,6071
3971,1774279017995709970,1774279018001736285,6026
3972,1774279018003497873,1774279018008586467,5088
3973,1774279018010497990,1774279018015902540,5404
3974,1774279018017729577,1774279018023315209,5585
3975,1774279018025073333,1774279018030223840,5150
3976,1774279018031906112,1774279018036796315,4890
3977,1774279018038552941,1774279018044299019,5746
3978,1774279018046375494,1774279018052331050,5955
3979,1774279018054213579,1774279018059632244,5418
3980,1774279018061281546,1774279018066388035,5106
3981,1774279018068058658,1774279018072757663,4699
3982,1774279018074539302,1774279018080320239,5780
3983,1774279018081938540,1774279018088291417,6352
3984,1774279018089865135,1774279018094742602,4877
3985,1774279018096390033,1774279018101525777,5135
3986,1774279018103158833,1774279018108365613,5206
3987,1774279018109931338,1774279018114714731,4783
3988,1774279018116309310,1774279018120952115,4642
3989,1774279018122581316,1774279018129780486,7199
3990,1774279018131406533,1774279018136223211,4816
3991,1774279018137874633,1774279018143355460,5480
3992,1774279018145222994,1774279018150978556,5755
3993,1774279018152718093,1774279018159253582,6535
3994,1774279018161011492,1774279018166901344,5889
3995,1774279018168721016,1774279018173651612,4930
3996,1774279018175358841,1774279018180283650,4924
3997,1774279018181941613,1774279018188779342,6837
3998,1774279018190520903,1774279018196090863,5569
3999,1774279018197767203,1774279018203432557,5665
4000,1774279018205369379,1774279018210850200,5480
4001,1774279018212491516,1774279018218094829,5603
4002,1774279018219814366,1774279018224740641,4926
4003,1774279018226400341,1774279018231277021,4876
4004,1774279018232750373,1774279018238057742,5307
4005,1774279018239769154,1774279018244228060,4458
4006,1774279018245737330,1774279018251026078,5288
4007,1774279018252586473,1774279018257449492,4863
4008,1774279018259110715,1774279018264914489,5803
4009,1774279018266637085,1774279018273560244,6923
4010,1774279018275336895,1774279018281207854,5870
4011,1774279018282883740,1774279018289417596,6533
4012,1774279018291405701,1774279018296949413,5543
4013,1774279018298667953,1774279018303619534,4951
4014,1774279018305337362,1774279018311563559,6226
4015,1774279018313437717,1774279018320420690,6982
4016,1774279018322207922,1774279018327430691,5222
4017,1774279018329185347,1774279018334235991,5050
4018,1774279018336085146,1774279018341773701,5688
4019,1774279018343709362,1774279018349692857,5983
4020,1774279018351411990,1774279018355968054,4556
4021,1774279018357471056,1774279018362508100,5037
4022,1774279018364133989,1774279018371214767,7080
4023,1774279018372751607,1774279018377254177,4502
4024,1774279018378893543,1774279018384334732,5441
4025,1774279018385953907,1774279018391381375,5427
4026,1774279018393040736,1774279018397898511,4857
4027,1774279018399448236,1774279018404305344,4857
4028,1774279018405920541,1774279018411087636,5167
4029,1774279018412941377,1774279018417806768,4865
4030,1774279018419796909,1774279018427026681,7229
4031,1774279018428765898,1774279018434841503,6075
4032,1774279018436564816,1774279018442677045,6112
4033,1774279018444376465,1774279018449844971,5468
4034,1774279018451597207,1774279018456897390,5300
4035,1774279018458785375,1774279018463752512,4967
4036,1774279018465602156,1774279018471746018,6143
4037,1774279018473672959,1774279018479783404,6110
4038,1774279018481723073,1774279018487201079,5478
4039,1774279018488992505,1774279018495984468,6991
4040,1774279018497525497,1774279018504602041,7076
4041,1774279018506277200,1774279018511340931,5063
4042,1774279018512924267,1774279018517456891,4532
4043,1774279018518771539,1774279018523491602,4720
4044,1774279018524931964,1774279018529681700,4749
4045,1774279018531402093,1774279018538204835,6802
4046,1774279018539846618,1774279018544504424,4657
4047,1774279018546249124,1774279018553214919,6965
4048,1774279018554863303,1774279018561732116,6868
4049,1774279018563774762,1774279018568948814,5174
4050,1774279018570633846,1774279018576723002,6089
4051,1774279018578736796,1774279018583579553,4842
4052,1774279018585292281,1774279018590421498,5129
4053,1774279018592417769,1774279018597526344,5108
4054,1774279018599535490,1774279018604416825,4881
4055,1774279018606279057,1774279018611903737,5624
4056,1774279018613725152,1774279018619489201,5764
4057,1774279018621349468,1774279018626794569,5445
4058,1774279018628553539,1774279018635595483,7041
4059,1774279018637337000,1774279018641945240,4608
4060,1774279018643600364,1774279018649533957,5933
4061,1774279018651172263,1774279018658284866,7112
4062,1774279018659959219,1774279018665138110,5178
4063,1774279018666846307,1774279018671586334,4740
4064,1774279018673209655,1774279018677803538,4593
4065,1774279018679515817,1774279018685392938,5877
4066,1774279018687248652,1774279018692756676,5508
4067,1774279018694461769,1774279018699716887,5255
4068,1774279018701500208,1774279018708609538,7109
4069,1774279018710161841,1774279018715952269,5790
4070,1774279018717666015,1774279018723233806,5567
4071,1774279018724967014,1774279018729972100,5005
4072,1774279018731752213,1774279018736717487,4965
4073,1774279018738744179,1774279018744799415,6055
4074,1774279018746691794,1774279018752195623,5503
4075,1774279018753889169,1774279018760908886,7019
4076,1774279018762667666,1774279018768678614,6010
4077,1774279018770427019,1774279018775786638,5359
4078,1774279018777375816,1774279018781971300,4595
4079,1774279018783669082,1774279018788606670,4937
4080,1774279018790192950,1774279018794889699,4696
4081,1774279018796549355,1774279018802239372,5690
4082,1774279018803804706,1774279018808822774,5018
4083,1774279018810357993,1774279018816061990,5703
4084,1774279018817806328,1774279018823105054,5298
4085,1774279018824796063,1774279018830554571,5758
4086,1774279018832253175,1774279018839285058,7031
4087,1774279018840965912,1774279018847321801,6355
4088,1774279018849033897,1774279018855290839,6256
4089,1774279018856955347,1774279018861840907,4885
4090,1774279018863539788,1774279018868893629,5353
4091,1774279018870820486,1774279018876494489,5674
4092,1774279018878304437,1774279018884558714,6254
4093,1774279018886282391,1774279018893262515,6980
4094,1774279018895002353,1774279018902028194,7025
4095,1774279018903657874,1774279018908658586,5000
4096,1774279018910353306,1774279018916041244,5687
4097,1774279018917581620,1774279018922654467,5072
4098,1774279018924360702,1774279018928870315,4509
4099,1774279018930696949,1774279018936039568,5342
4100,1774279018937788296,1774279018944271634,6483
4101,1774279018946013957,1774279018951882152,5868
4102,1774279018953710572,1774279018960697166,6986
4103,1774279018962600999,1774279018968518455,5917
4104,1774279018970283318,1774279018976227420,5944
4105,1774279018977898079,1774279018982899146,5001
4106,1774279018984584250,1774279018989952614,5368
4107,1774279018991839119,1774279018996758734,4919
4108,1774279018998453903,1774279019004500506,6046
4109,1774279019006267817,1774279019012314670,6046
4110,1774279019014020670,1774279019018877572,4856
4111,1774279019020570558,1774279019025868744,5298
4112,1774279019027641722,1774279019032644385,5002
4113,1774279019034451168,1774279019040526882,6075
4114,1774279019042365106,1774279019048883186,6518
4115,1774279019050542915,1774279019055839352,5296
4116,1774279019057458925,1774279019062945616,5486
4117,1774279019064713555,1774279019069535509,4821
4118,1774279019071264335,1774279019076297151,5032
4119,1774279019077872594,1774279019084354618,6482
4120,1774279019086157718,1774279019091906462,5748
4121,1774279019093583883,1774279019098564924,4981
4122,1774279019100518387,1774279019105516773,4998
4123,1774279019107192729,1774279019111969889,4777
4124,1774279019113646601,1774279019120709415,7062
4125,1774279019122437995,1774279019128160916,5722
4126,1774279019129963911,1774279019135303632,5339
4127,1774279019136955226,1774279019141853881,4898
4128,1774279019143732023,1774279019149611844,5879
4129,1774279019151410612,1774279019156763982,5353
4130,1774279019158518042,1774279019163500601,4982
4131,1774279019165300536,1774279019169940068,4639
4132,1774279019171722044,1774279019176400144,4678
4133,1774279019178207303,1774279019184357866,6150
4134,1774279019185985310,1774279019191751706,5766
4135,1774279019193196341,1774279019197814416,4618
4136,1774279019199571891,1774279019204930414,5358
4137,1774279019206617151,1774279019212077234,5460
4138,1774279019213775076,1774279019218955936,5180
4139,1774279019220647175,1774279019225568535,4921
4140,1774279019227402311,1774279019234504435,7102
4141,1774279019236259562,1774279019241928851,5669
4142,1774279019243586658,1774279019249201674,5615
4143,1774279019250918669,1774279019255823315,4904
4144,1774279019257636274,1774279019262650439,5014
4145,1774279019264366530,1774279019271352451,6985
4146,1774279019272993336,1774279019278488538,5495
4147,1774279019280211756,1774279019285872515,5660
4148,1774279019287529866,1774279019292572280,5042
4149,1774279019294312675,1774279019299118974,4806
4150,1774279019301237914,1774279019306733936,5496
4151,1774279019308632917,1774279019314343725,5710
4152,1774279019315925807,1774279019320856862,4931
4153,1774279019322535508,1774279019327831819,5296
4154,1774279019329373121,1774279019334470945,5097
4155,1774279019336147525,1774279019340769503,4621
4156,1774279019342297850,1774279019347128653,4830
4157,1774279019348810796,1774279019355805202,6994
4158,1774279019357743002,1774279019363298829,5555
4159,1774279019365014606,1774279019370337008,5322
4160,1774279019372020196,1774279019376898753,4878
4161,1774279019378643952,1774279019384740248,6096
4162,1774279019386386877,1774279019393084353,6697
4163,1774279019394757236,1774279019400021520,5264
4164,1774279019401785387,1774279019407161513,5376
4165,1774279019409017836,1774279019416177044,7159
4166,1774279019417986161,1774279019422848556,4862
4167,1774279019424549283,1774279019430247650,5698
4168,1774279019432038443,1774279019437177984,5139
4169,1774279019439164723,1774279019444353121,5188
4170,1774279019446136230,1774279019453224627,7088
4171,1774279019455013515,1774279019460960599,5947
4172,1774279019462563679,1774279019467405918,4842
4173,1774279019469039922,1774279019473672164,4632
4174,1774279019475281699,1774279019479770127,4488
4175,1774279019481241253,1774279019485729765,4488
4176,1774279019487528860,1774279019492418892,4890
4177,1774279019494226502,1774279019501081643,6855
4178,1774279019502889540,1774279019508748738,5859
4179,1774279019510507879,1774279019515856996,5349
4180,1774279019517716294,1774279019522892121,5175
4181,1774279019524671000,1774279019530081937,5410
4182,1774279019531687940,1774279019537407869,5719
4183,1774279019539147208,1774279019543870718,4723
4184,1774279019545679184,1774279019552836983,7157
4185,1774279019554555913,1774279019561075976,6520
4186,1774279019562712985,1774279019567785089,5072
4187,1774279019569565471,1774279019576542282,6976
4188,1774279019578219772,1774279019585208998,6989
4189,1774279019586675875,1774279019592256929,5581
4190,1774279019594019228,1774279019598604516,4585
4191,1774279019600323963,1774279019605357419,5033
4192,1774279019606938263,1774279019612718902,5780
4193,1774279019614357721,1774279019618888321,4530
4194,1774279019620546510,1774279019625875899,5329
4195,1774279019627449320,1774279019634200833,6751
4196,1774279019636121156,1774279019641550566,5429
4197,1774279019643275933,1774279019649008037,5732
4198,1774279019650880761,1774279019658091088,7210
4199,1774279019660092800,1774279019665109438,5016
4200,1774279019666804683,1774279019672907557,6102
4201,1774279019674633969,1774279019680460058,5826
4202,1774279019682116326,1774279019686913493,4797
4203,1774279019688767762,1774279019695630696,6862
4204,1774279019697318965,1774279019702276482,4957
4205,1774279019704100907,1774279019709873443,5772
4206,1774279019711569565,1774279019717652251,6082
4207,1774279019719654107,1774279019725573212,5919
4208,1774279019727282557,1774279019731939727,4657
4209,1774279019733542803,1774279019738838092,5295
4210,1774279019740519483,1774279019745349513,4830
4211,1774279019746694896,1774279019751409029,4714
4212,1774279019752675598,1774279019759201874,6526
4213,1774279019760921208,1774279019766868652,5947
4214,1774279019768614591,1774279019773495872,4881
4215,1774279019775199499,1774279019780220802,5021
4216,1774279019781878852,1774279019788787041,6908
4217,1774279019790739016,1774279019796601186,5862
4218,1774279019798577093,1774279019804152192,5575
4219,1774279019805817922,1774279019810999034,5181
4220,1774279019812679611,1774279019817665046,4985
4221,1774279019819399636,1774279019824356192,4956
4222,1774279019826160726,1774279019833086093,6925
4223,1774279019834859608,1774279019840385417,5525
4224,1774279019842084400,1774279019848305733,6221
4225,1774279019850223555,1774279019857000198,6776
4226,1774279019858671052,1774279019865732444,7061
4227,1774279019867196362,1774279019872154367,4958
4228,1774279019873868401,1774279019880978895,7110
4229,1774279019882435795,1774279019887764329,5328
4230,1774279019889353102,1774279019894930963,5577
4231,1774279019896212693,1774279019900845694,4633
4232,1774279019902432528,1774279019907770032,5337
4233,1774279019909550830,1774279019916466697,6915
4234,1774279019918278171,1774279019923620879,5342
4235,1774279019925325256,1774279019931469593,6144
4236,1774279019933424290,1774279019938725637,5301
4237,1774279019940669411,1774279019946736162,6066
4238,1774279019948566427,1774279019954411160,5844
4239,1774279019956089076,1774279019961716715,5627
4240,1774279019963562224,1774279019968536629,4974
4241,1774279019970321330,1774279019977342088,7020
4242,1774279019978996526,1774279019984350845,5354
4243,1774279019986019603,1774279019991781039,5761
4244,1774279019993537323,1774279020000537425,7000
4245,1774279020002274205,1774279020008223245,5949
4246,1774279020009817597,1774279020014909739,5092
4247,1774279020016542078,1774279020021854419,5312
4248,1774279020023493296,1774279020028890215,5396
4249,1774279020030465017,1774279020035024768,4559
4250,1774279020036663103,1774279020041349785,4686
4251,1774279020042949576,1774279020048069430,5119
4252,1774279020049782576,1774279020054765149,4982
4253,1774279020056707618,1774279020063231886,6524
4254,1774279020064974408,1774279020070385520,5411
4255,1774279020072009246,1774279020077059259,5050
4256,1774279020078724262,1774279020083654889,4930
4257,1774279020085384469,1774279020092738183,7353
4258,1774279020094811288,1774279020100852752,6041
4259,1774279020102567388,1774279020107456173,4888
4260,1774279020109293333,1774279020114358875,5065
4261,1774279020116179262,1774279020121112555,4933
4262,1774279020122835762,1774279020127741487,4905
4263,1774279020129566793,1774279020136761030,7194
4264,1774279020138460724,1774279020143331932,4871
4265,1774279020145033118,1774279020149525731,4492
4266,1774279020151190933,1774279020155945647,4754
4267,1774279020157541151,1774279020162735326,5194
4268,1774279020164418618,1774279020169752261,5333
4269,1774279020171318014,1774279020177413563,6095
4270,1774279020179369286,1774279020185271256,5901
4271,1774279020186992545,1774279020191923512,4930
4272,1774279020193587184,1774279020198513793,4926
4273,1774279020200201018,1774279020207323244,7122
4274,1774279020208998354,1774279020214559617,5561
4275,1774279020216466997,1774279020222042769,5575
4276,1774279020223790549,1774279020230169189,6378
4277,1774279020231794840,1774279020238279359,6484
4278,1774279020239928861,1774279020244751965,4823
4279,1774279020246718886,1774279020251994170,5275
4280,1774279020253696914,1774279020259683886,5986
4281,1774279020261504643,1774279020267090327,5585
4282,1774279020268792132,1774279020273690088,4897
4283,1774279020275361928,1774279020281000877,5638
4284,1774279020282554210,1774279020287896650,5342
4285,1774279020289556326,1774279020294265139,4708
4286,1774279020295877387,1774279020300581847,4704
4287,1774279020301871099,1774279020306265329,4394
4288,1774279020307918177,1774279020312543603,4625
4289,1774279020314214641,1774279020320536699,6322
4290,1774279020322439665,1774279020327783523,5343
4291,1774279020329541885,1774279020334903895,5362
4292,1774279020336579880,1774279020343548825,6968
4293,1774279020345488407,1774279020351083865,5595
4294,1774279020352785866,1774279020358221758,5435
4295,1774279020359885487,1774279020364729295,4843
4296,1774279020366419514,1774279020371513282,5093
4297,1774279020373196521,1774279020380301110,7104
4298,1774279020381986479,1774279020387327783,5341
4299,1774279020389007501,1774279020394500346,5492
4300,1774279020396191673,1774279020401338705,5147
4301,1774279020403054172,1774279020407825761,4771
4302,1774279020409562065,1774279020416983566,7421
4303,1774279020418701075,1774279020424242542,5541
4304,1774279020425961692,1774279020431554173,5592
4305,1774279020433294789,1774279020437945032,4650
4306,1774279020439357458,1774279020444471315,5113
4307,1774279020446069495,1774279020453117629,7048
4308,1774279020454937186,1774279020459669464,4732
4309,1774279020461312419,1774279020466933198,5620
4310,1774279020468771127,1774279020473802496,5031
4311,1774279020475581923,1774279020481641774,6059
4312,1774279020483406341,1774279020489436590,6030
4313,1774279020491199203,1774279020496003214,4804
4314,1774279020497678332,1774279020503225855,5547
4315,1774279020504909670,1774279020511671830,6762
4316,1774279020513602137,1774279020519134676,5532
4317,1774279020521081338,1774279020526887985,5806
4318,1774279020528577472,1774279020533667938,5090
4319,1774279020535392577,1774279020540332219,4939
4320,1774279020542101577,1774279020548814801,6713
4321,1774279020550466786,1774279020555841824,5375
4322,1774279020557404287,1774279020562059798,4655
4323,1774279020563578437,1774279020568604712,5026
4324,1774279020570311191,1774279020575679575,5368
4325,1774279020577343759,1774279020584438168,7094
4326,1774279020586192413,1774279020590829431,4637
4327,1774279020592630260,1774279020599195112,6564
4328,1774279020600900315,1774279020606197184,5296
4329,1774279020607986279,1774279020614287528,6301
4330,1774279020616085568,1774279020621795700,5710
4331,1774279020623557409,1774279020628687212,5129
4332,1774279020630494263,1774279020637408554,6914
4333,1774279020639186027,1774279020645841412,6655
4334,1774279020647567694,1774279020652597088,5029
4335,1774279020654321234,1774279020661181794,6860
4336,1774279020663010549,1774279020668878866,5868
4337,1774279020670662182,1774279020675852638,5190
4338,1774279020677623855,1774279020684698501,7074
4339,1774279020686296841,1774279020690947112,4650
4340,1774279020692551221,1774279020698569439,6018
4341,1774279020700070100,1774279020705795925,5725
4342,1774279020707361564,1774279020712139136,4777
4343,1774279020713744430,1774279020718716066,4971
4344,1774279020720331397,1774279020724864267,4532
4345,1774279020726470436,1774279020733270279,6799
4346,1774279020734970952,1774279020739741275,4770
4347,1774279020741588638,1774279020748381650,6793
4348,1774279020750094491,1774279020755011108,4916
4349,1774279020756740847,1774279020762576225,5835
4350,1774279020764297785,1774279020771079409,6781
4351,1774279020772718089,1774279020778865820,6147
4352,1774279020780549836,1774279020785848701,5298
4353,1774279020787705955,1774279020792786440,5080
4354,1774279020794712712,1774279020801337541,6624
4355,1774279020802998750,1774279020808539866,5541
4356,1774279020810508151,1774279020815587434,5079
4357,1774279020817391340,1774279020823075340,5684
4358,1774279020824703941,1774279020831926053,7222
4359,1774279020833571472,1774279020839675634,6104
4360,1774279020841321166,1774279020846155141,4833
4361,1774279020847771353,1774279020853086103,5314
4362,1774279020854784566,1774279020859665356,4880
4363,1774279020861328878,1774279020865895326,4566
4364,1774279020867576002,1774279020874594211,7018
4365,1774279020876271985,1774279020881682499,5410
4366,1774279020883429714,1774279020889085253,5655
4367,1774279020890769486,1774279020895920123,5150
4368,1774279020897708876,1774279020902604981,4896
4369,1774279020904306778,1774279020909348119,5041
4370,1774279020911219459,1774279020916684630,5465
4371,1774279020918520466,1774279020924594446,6073
4372,1774279020926324873,1774279020932517879,6193
4373,1774279020934205829,1774279020938956533,4750
4374,1774279020940645312,1774279020945535389,4890
4375,1774279020947211475,1774279020952734803,5523
4376,1774279020954168116,1774279020958684912,4516
4377,1774279020960230679,1774279020964767945,4537
4378,1774279020966420236,1774279020972410899,5990
4379,1774279020974040528,1774279020979054622,5014
4380,1774279020980630899,1774279020986292079,5661
4381,1774279020987802081,1774279020992263913,4461
4382,1774279020993871732,1774279020999018056,5146
4383,1774279021000642051,1774279021007415717,6773
4384,1774279021009234122,1774279021013865401,4631
4385,1774279021015630065,1774279021021376235,5746
4386,1774279021023204469,1774279021028820937,5616
4387,1774279021030836148,1774279021036535681,5699
4388,1774279021038316322,1774279021044642713,6326
4389,1774279021046576957,1774279021053008945,6431
4390,1774279021054669454,1774279021060429475,5760
4391,1774279021062212573,1774279021066970991,4758
4392,1774279021068653098,1774279021074209423,5556
4393,1774279021076046360,1774279021081940275,5893
4394,1774279021083856743,1774279021089307288,5450
4395,1774279021091078990,1774279021095863974,4784
4396,1774279021097385523,1774279021104693054,7307
4397,1774279021106589238,1774279021112537525,5948
4398,1774279021114285600,1774279021118881930,4596
4399,1774279021120611685,1774279021126347537,5735
4400,1774279021127909838,1774279021133367720,5457
4401,1774279021135184000,1774279021139871326,4687
4402,1774279021141508035,1774279021146495643,4987
4403,1774279021148291111,1774279021155264074,6972
4404,1774279021157243051,1774279021163987130,6744
4405,1774279021165642108,1774279021170676448,5034
4406,1774279021172509547,1774279021178820992,6311
4407,1774279021180775226,1774279021186009963,5234
4408,1774279021187696996,1774279021192616244,4919
4409,1774279021194346282,1774279021201452363,7106
4410,1774279021203180039,1774279021208812789,5632
4411,1774279021210593745,1774279021217321202,6727
4412,1774279021219269793,1774279021224769330,5499
4413,1774279021226587237,1774279021233727902,7140
4414,1774279021235422100,1774279021241442430,6020
4415,1774279021243087646,1774279021247756465,4668
4416,1774279021249273599,1774279021253829438,4555
4417,1774279021255551843,1774279021260412389,4860
4418,1774279021262076929,1774279021267080651,5003
4419,1774279021268795670,1774279021273322040,4526
4420,1774279021274982866,1774279021280237829,5254
4421,1774279021281997633,1774279021288367515,6369
4422,1774279021290057869,1774279021295861372,5803
4423,1774279021297564456,1774279021302593872,5029
4424,1774279021304295809,1774279021309663902,5368
4425,1774279021311462092,1774279021318361296,6899
4426,1774279021320200890,1774279021325919123,5718
4427,1774279021327609886,1774279021333329260,5719
4428,1774279021335031217,1774279021339842899,4811
4429,1774279021341546628,1774279021346518517,4971
4430,1774279021348278361,1774279021353271754,4993
4431,1774279021354934914,1774279021360038118,5103
4432,1774279021361766353,1774279021368707091,6940
4433,1774279021370406917,1774279021377467696,7060
4434,1774279021379177779,1774279021383877949,4700
4435,1774279021385581847,1774279021390430769,4848
4436,1774279021391894088,1774279021398223310,6329
4437,1774279021399864248,1774279021404528735,4664
4438,1774279021406194844,1774279021411244958,5050
4439,1774279021412918711,1774279021417655795,4737
4440,1774279021419549417,1774279021425276833,5727
4441,1774279021426956439,1774279021433462587,6506
4442,1774279021435293015,1774279021442448967,7155
4443,1774279021444206437,1774279021451209431,7002
4444,1774279021452875887,1774279021457647850,4771
4445,1774279021459610184,1774279021466772300,7162
4446,1774279021468770145,1774279021473811632,5041
4447,1774279021475533584,1774279021480978327,5444
4448,1774279021482813463,1774279021488497435,5683
4449,1774279021490251635,1774279021496076026,5824
4450,1774279021497751005,1774279021504835036,7084
4451,1774279021506623189,1774279021512195262,5572
4452,1774279021513863602,1774279021519903862,6040
4453,1774279021521550275,1774279021526254120,4703
4454,1774279021527877607,1774279021533279128,5401
4455,1774279021534937297,1774279021542418682,7481
4456,1774279021544113616,1774279021549309519,5195
4457,1774279021550877651,1774279021555521071,4643
4458,1774279021557128032,1774279021563374355,6246
4459,1774279021565049389,1774279021571895903,6846
4460,1774279021573790444,1774279021579736315,5945
4461,1774279021581494414,1774279021586980333,5485
4462,1774279021588810350,1774279021593666847,4856
4463,1774279021595523891,1774279021601117686,5593
4464,1774279021603053067,1774279021608447723,5394
4465,1774279021610093602,1774279021614943034,4849
4466,1774279021616820902,1774279021621784406,4963
4467,1774279021623661586,1774279021629386001,5724
4468,1774279021631396811,1774279021637038343,5641
4469,1774279021638717827,1774279021644304991,5587
4470,1774279021646069306,1774279021651607440,5538
4471,1774279021653378026,1774279021660209499,6831
4472,1774279021661687652,1774279021666149392,4461
4473,1774279021667816491,1774279021672611031,4794
4474,1774279021674307478,1774279021679116430,4808
4475,1774279021680688371,1774279021685942721,5254
4476,1774279021687704502,1774279021694594482,6889
4477,1774279021696642451,1774279021703268394,6625
4478,1774279021704965410,1774279021710467297,5501
4479,1774279021712165499,1774279021719252496,7086
4480,1774279021721058358,1774279021727396810,6338
4481,1774279021729158578,1774279021734284950,5126
4482,1774279021735972130,1774279021741278595,5306
4483,1774279021743057045,1774279021749400552,6343
4484,1774279021751499119,1774279021758265467,6766
4485,1774279021759921376,1774279021765032399,5111
4486,1774279021766690528,1774279021771657802,4967
4487,1774279021773394101,1774279021780535005,7140
4488,1774279021782185572,1774279021786872273,4686
4489,1774279021788514619,1774279021795655759,7141
4490,1774279021797413991,1774279021802536959,5122
4491,1774279021804301081,1774279021809186668,4885
4492,1774279021810294935,1774279021817380118,7085
4493,1774279021819042782,1774279021824678711,5635
4494,1774279021826329083,1774279021832600770,6271
4495,1774279021834300174,1774279021841190403,6890
4496,1774279021842877097,1774279021848868032,5990
4497,1774279021850623477,1774279021856432375,5808
4498,1774279021858093100,1774279021862884801,4791
4499,1774279021864575732,1774279021869845612,5269
4500,1774279021871643918,1774279021877596301,5952
4501,1774279021879317061,1774279021885129432,5812
4502,1774279021886812719,1774279021893305118,6492
4503,1774279021895144364,1774279021900253055,5108
4504,1774279021901945510,1774279021908390461,6444
4505,1774279021910211409,1774279021916570449,6359
4506,1774279021918443838,1774279021923987068,5543
4507,1774279021925716552,1774279021932283143,6566
4508,1774279021933937296,1774279021938388274,4450
4509,1774279021939607550,1774279021944214044,4606
4510,1774279021945793509,1774279021950383969,4590
4511,1774279021951963297,1774279021956778838,4815
4512,1774279021958273623,1774279021962917461,4643
4513,1774279021964467745,1774279021970552792,6085
4514,1774279021972223270,1774279021977292217,5068
4515,1774279021979040515,1774279021984198561,5158
4516,1774279021985898751,1774279021992928153,7029
4517,1774279021994706938,1774279022000544465,5837
4518,1774279022002297429,1774279022007108072,4810
4519,1774279022008814424,1774279022014037634,5223
4520,1774279022015861101,1774279022021345155,5484
4521,1774279022023121143,1774279022027845102,4723
4522,1774279022029547807,1774279022034768240,5220
4523,1774279022036571901,1774279022043597280,7025
4524,1774279022045300319,1774279022050316821,5016
4525,1774279022052223463,1774279022057654736,5431
4526,1774279022059340516,1774279022066122576,6782
4527,1774279022067713056,1774279022072952369,5239
4528,1774279022074685104,1774279022080446042,5760
4529,1774279022081961592,1774279022086771273,4809
4530,1774279022088068535,1774279022093440068,5371
4531,1774279022095011238,1774279022099735763,4724
4532,1774279022101597535,1774279022106468792,4871
4533,1774279022108146414,1774279022113879102,5732
4534,1774279022115739570,1774279022121333071,5593
4535,1774279022123312569,1774279022128246962,4934
4536,1774279022129948093,1774279022134676941,4728
4537,1774279022136373878,1774279022142375660,6001
4538,1774279022144082594,1774279022149948810,5866
4539,1774279022151626953,1774279022157075972,5449
4540,1774279022158846642,1774279022163840510,4993
4541,1774279022165584134,1774279022172852540,7268
4542,1774279022174707786,1774279022180284339,5576
4543,1774279022181926484,1774279022187159620,5233
4544,1774279022188824482,1774279022193694108,4869
4545,1774279022195343423,1774279022199885614,4542
4546,1774279022201599863,1774279022206818919,5219
4547,1774279022208433732,1774279022215048293,6614
4548,1774279022216629749,1774279022221456160,4826
4549,1774279022223066394,1774279022227770688,4704
4550,1774279022229278371,1774279022234700936,5422
4551,1774279022236381651,1774279022241461235,5079
4552,1774279022243116712,1774279022250271051,7154
4553,1774279022251997814,1774279022259230940,7233
4554,1774279022260972453,1774279022265915375,4942
4555,1774279022267680514,1774279022274439441,6758
4556,1774279022276173439,1774279022283005257,6831
4557,1774279022284690776,1774279022289815664,5124
4558,1774279022291621646,1774279022298688697,7067
4559,1774279022300468166,1774279022307382686,6914
4560,1774279022309039741,1774279022313805930,4766
4561,1774279022315507340,1774279022322459123,6951
4562,1774279022324237193,1774279022331059539,6822
4563,1774279022332799690,1774279022337328429,4528
4564,1774279022339181181,1774279022346159690,6978
4565,1774279022347823968,1774279022352563035,4739
4566,1774279022354218983,1774279022359287406,5068
4567,1774279022360921577,1774279022365668484,4746
4568,1774279022367262321,1774279022371864532,4602
4569,1774279022373409586,1774279022380319469,6909
4570,1774279022382075285,1774279022387546655,5471
4571,1774279022389280420,1774279022395276302,5995
4572,1774279022396885165,1774279022403851472,6966
4573,1774279022405746269,1774279022411375074,5628
4574,1774279022413064129,1774279022419295630,6231
4575,1774279022421108138,1774279022427455513,6347
4576,1774279022429118533,1774279022433905254,4786
4577,1774279022435878450,1774279022441170282,5291
4578,1774279022442825032,1774279022447721638,4896
4579,1774279022449578243,1774279022456372323,6794
4580,1774279022458259312,1774279022463321658,5062
4581,1774279022465011497,1774279022469779314,4767
4582,1774279022471515611,1774279022476312502,4796
4583,1774279022477961561,1774279022482766379,4804
4584,1774279022484305184,1774279022490218867,5913
4585,1774279022491853970,1774279022496428688,4574
4586,1774279022497970476,1774279022502980567,5010
4587,1774279022504604506,1774279022509418164,4813
4588,1774279022510988854,1774279022516729172,5740
4589,1774279022518508587,1774279022525435724,6927
4590,1774279022527341685,1774279022532388125,5046
4591,1774279022534108816,1774279022540451123,6342
4592,1774279022542379841,1774279022547380029,5000
4593,1774279022549045863,1774279022554345629,5299
4594,1774279022556238597,1774279022561024774,4786
4595,1774279022562783630,1774279022568891004,6107
4596,1774279022570755306,1774279022576715931,5960
4597,1774279022578614599,1774279022583926659,5312
4598,1774279022585625106,1774279022590731160,5106
4599,1774279022592532294,1774279022599577054,7044
4600,1774279022601310431,1774279022606371899,5061
4601,1774279022608058531,1774279022612544795,4486
4602,1774279022614215058,1774279022618776688,4561
4603,1774279022620258044,1774279022624842821,4584
4604,1774279022626583581,1774279022630923430,4339
4605,1774279022632486302,1774279022637768941,5282
4606,1774279022639406065,1774279022643986302,4580
4607,1774279022645642965,1774279022650495115,4852
4608,1774279022652133963,1774279022658312329,6178
4609,1774279022659981325,1774279022666773357,6792
4610,1774279022668664179,1774279022673605761,4941
4611,1774279022675333363,1774279022680377162,5043
4612,1774279022682000901,1774279022686852318,4851
4613,1774279022688545612,1774279022695231659,6686
4614,1774279022696890321,1774279022701734680,4844
4615,1774279022703755406,1774279022709025762,5270
4616,1774279022710730559,1774279022716428919,5698
4617,1774279022718482826,1774279022725681903,7199
4618,1774279022727580975,1774279022732508835,4927
4619,1774279022734198381,1774279022740986433,6788
4620,1774279022742664501,1774279022747845363,5180
4621,1774279022749459380,1774279022754034961,4575
4622,1774279022755746293,1774279022760214031,4467
4623,1774279022761759775,1774279022766575252,4815
4624,1774279022768320755,1774279022774875581,6554
4625,1774279022776526882,1774279022781404280,4877
4626,1774279022783055796,1774279022789811466,6755
4627,1774279022791601556,1774279022798418781,6817
4628,1774279022800265255,1774279022805786786,5521
4629,1774279022807544831,1774279022813504316,5959
4630,1774279022815317631,1774279022822116315,6798
4631,1774279022823750179,1774279022829753747,6003
4632,1774279022831458284,1774279022837417316,5959
4633,1774279022839529625,1774279022846615359,7085
4634,1774279022848358999,1774279022853375726,5016
4635,1774279022855189582,1774279022860668587,5479
4636,1774279022862383860,1774279022867996510,5612
4637,1774279022869658338,1774279022874624098,4965
4638,1774279022876389892,1774279022881504459,5114
4639,1774279022883292383,1774279022889423263,6130
4640,1774279022891254650,1774279022898441120,7186
4641,1774279022900067961,1774279022905125766,5057
4642,1774279022906648815,1774279022913068411,6419
4643,1774279022914726537,1774279022920045573,5319
4644,1774279022921824797,1774279022927359248,5534
4645,1774279022929187636,1774279022935995509,6807
4646,1774279022937646007,1774279022943145594,5499
4647,1774279022944806891,1774279022951346472,6539
4648,1774279022953086633,1774279022958797551,5710
4649,1774279022960318161,1774279022965315775,4997
4650,1774279022967058691,1774279022972923840,5865
4651,1774279022974509361,1774279022980413369,5904
4652,1774279022982193162,1774279022986851997,4658
4653,1774279022988741455,1774279022995839050,7097
4654,1774279022997577152,1774279023002503109,4925
4655,1774279023004210012,1774279023011158064,6948
4656,1774279023012868458,1774279023018442409,5573
4657,1774279023020184437,1774279023025705649,5521
4658,1774279023027456723,1774279023034753670,7296
4659,1774279023036395120,1774279023042274258,5879
4660,1774279023043862466,1774279023049396493,5534
4661,1774279023051066907,1774279023055702393,4635
4662,1774279023057262489,1774279023062267570,5005
4663,1774279023063934894,1774279023069680280,5745
4664,1774279023071308194,1774279023075917828,4609
4665,1774279023077562984,1774279023082832012,5269
4666,1774279023084489444,1774279023091561623,7072
4667,1774279023093541858,1774279023098881237,5339
4668,1774279023100579456,1774279023106685385,6105
4669,1774279023108445644,1774279023115434168,6988
4670,1774279023117287952,1774279023122231952,4944
4671,1774279023123942776,1774279023130360812,6418
4672,1774279023132031406,1774279023137237516,5206
4673,1774279023139010689,1774279023146080475,7069
4674,1774279023147704942,1774279023152720055,5015
4675,1774279023154440962,1774279023159850119,5409
4676,1774279023161520291,1774279023166160939,4640
4677,1774279023167755643,1774279023172630309,4874
4678,1774279023174283782,1774279023179016104,4732
4679,1774279023180613235,1774279023185396778,4783
4680,1774279023187217798,1774279023192296893,5079
4681,1774279023193931383,1774279023198604619,4673
4682,1774279023200295975,1774279023204704446,4408
4683,1774279023206426977,1774279023211350012,4923
4684,1774279023213156603,1774279023217667999,4511
4685,1774279023219386481,1774279023225414713,6028
4686,1774279023227291985,1774279023232653522,5361
4687,1774279023234513370,1774279023240290852,5777
4688,1774279023242015590,1774279023246798746,4783
4689,1774279023248565617,1774279023253631274,5065
4690,1774279023255584742,1774279023262740193,7155
4691,1774279023264487609,1774279023269844407,5356
4692,1774279023271547710,1774279023276911059,5363
4693,1774279023278582934,1774279023284498642,5915
4694,1774279023286403849,1774279023292539637,6135
4695,1774279023294248499,1774279023301280468,7031
4696,1774279023302734862,1774279023309670707,6935
4697,1774279023311282507,1774279023316644486,5361
4698,1774279023318307320,1774279023323889975,5582
4699,1774279023325579477,1774279023332661917,7082
4700,1774279023334657026,1774279023341586809,6929
4701,1774279023343328016,1774279023348402654,5074
4702,1774279023350420274,1774279023356174753,5754
4703,1774279023357842354,1774279023363123587,5281
4704,1774279023364815109,1774279023369868690,5053
4705,1774279023371759123,1774279023377470619,5711
4706,1774279023379294329,1774279023384716615,5422
4707,1774279023386462076,1774279023393320521,6858
4708,1774279023395124874,1774279023400802638,5677
4709,1774279023402568856,1774279023408411979,5843
4710,1774279023410499288,1774279023417534754,7035
4711,1774279023419240375,1774279023424629765,5389
4712,1774279023426370461,1774279023433361726,6991
4713,1774279023435123586,1774279023439958315,4834
4714,1774279023441664256,1774279023446995141,5330
4715,1774279023448795581,1774279023455880089,7084
4716,1774279023457628334,1774279023462433749,4805
4717,1774279023464048603,1774279023469813665,5765
4718,1774279023471403010,1774279023476811865,5408
4719,1774279023478549203,1774279023483805208,5256
4720,1774279023485641242,1774279023491332159,5690
4721,1774279023493135764,1774279023498630450,5494
4722,1774279023500357614,1774279023506525971,6168
4723,1774279023508458873,1774279023513364983,4906
4724,1774279023515029921,1774279023520303340,5273
4725,1774279023522220670,1774279023529286174,7065
4726,1774279023531031294,1774279023535860889,4829
4727,1774279023537561523,1774279023543146620,5585
4728,1774279023545009914,1774279023552593887,7583
4729,1774279023554573466,1774279023559469071,4895
4730,1774279023561181099,1774279023566873953,5692
4731,1774279023568364008,1774279023573329559,4965
4732,1774279023574981127,1774279023579692801,4711
4733,1774279023581458086,1774279023586386253,4928
4734,1774279023587913595,1774279023592803659,4890
4735,1774279023594450472,1774279023599297761,4847
4736,1774279023600908243,1774279023605700395,4792
4737,1774279023607359672,1774279023613510340,6150
4738,1774279023615378957,1774279023621226118,5847
4739,1774279023622961218,1774279023627823625,4862
4740,1774279023629529332,1774279023634390931,4861
4741,1774279023636254761,1774279023641382060,5127
4742,1774279023643229222,1774279023648383582,5154
4743,1774279023650195779,1774279023656074933,5879
4744,1774279023657892034,1774279023663842558,5950
4745,1774279023665694881,1774279023671776773,6081
4746,1774279023673597374,1774279023679615997,6018
4747,1774279023681301456,1774279023686044523,4743
4748,1774279023687601680,1774279023693408885,5807
4749,1774279023695147251,1774279023699774763,4627
4750,1774279023701622984,1774279023708834240,7211
4751,1774279023710444342,1774279023715532642,5088
4752,1774279023717073117,1774279023721838047,4764
4753,1774279023723491042,1774279023728158373,4667
4754,1774279023729654757,1774279023735186103,5531
4755,1774279023736924973,1774279023743329342,6404
4756,1774279023744898418,1774279023750315848,5417
4757,1774279023752000046,1774279023757045316,5045
4758,1774279023758688799,1774279023763608216,4919
4759,1774279023765258842,1774279023769868715,4609
4760,1774279023771667703,1774279023777749475,6081
4761,1774279023779618989,1774279023785705204,6086
4762,1774279023787618900,1774279023792756668,5137
4763,1774279023794678242,1774279023799555886,4877
4764,1774279023801445884,1774279023807167408,5721
4765,1774279023809056807,1774279023815438134,6381
4766,1774279023817570591,1774279023824598902,7028
4767,1774279023826457567,1774279023831435393,4977
4768,1774279023833251833,1774279023839404071,6152
4769,1774279023841232697,1774279023848554038,7321
4770,1774279023850274379,1774279023855744311,5469
4771,1774279023857458571,1774279023862037751,4579
4772,1774279023863672033,1774279023869637200,5965
4773,1774279023871139896,1774279023875714611,4574
4774,1774279023877262895,1774279023882236896,4974
4775,1774279023883891112,1774279023888879118,4988
4776,1774279023890614448,1774279023895866975,5252
4777,1774279023897743854,1774279023904700445,6956
4778,1774279023906409185,1774279023912590144,6180
4779,1774279023914391280,1774279023919765942,5374
4780,1774279023921526478,1774279023926446298,4919
4781,1774279023928190274,1774279023932924105,4733
4782,1774279023934898960,1774279023942123682,7224
4783,1774279023943952334,1774279023949699254,5746
4784,1774279023951519680,1774279023956585342,5065
4785,1774279023958528161,1774279023965581500,7053
4786,1774279023967239262,1774279023972041378,4802
4787,1774279023973684409,1774279023978491824,4807
4788,1774279023980226420,1774279023987415177,7188
4789,1774279023989105259,1774279023994180922,5075
4790,1774279023995881202,1774279024000329108,4447
4791,1774279024001970466,1774279024006720606,4750
4792,1774279024008184077,1774279024013210285,5026
4793,1774279024014764355,1774279024019654264,4889
4794,1774279024021353501,1774279024026008122,4654
4795,1774279024027831319,1774279024034135064,6303
4796,1774279024035881837,1774279024041586601,5704
4797,1774279024043339530,1774279024049048040,5708
4798,1774279024050714739,1774279024057541330,6826
4799,1774279024059338077,1774279024065143734,5805
4800,1774279024067054930,1774279024072239079,5184
4801,1774279024073996761,1774279024078929647,4932
4802,1774279024080777285,1774279024086453188,5675
4803,1774279024088238311,1774279024093077684,4839
4804,1774279024094764721,1774279024099625034,4860
4805,1774279024101348613,1774279024106379608,5030
4806,1774279024108394096,1774279024115434581,7040
4807,1774279024117309378,1774279024124392444,7083
4808,1774279024126365154,1774279024132796346,6431
4809,1774279024134302703,1774279024140076753,5774
4810,1774279024141824794,1774279024146664468,4839
4811,1774279024148248136,1774279024153245616,4997
4812,1774279024154819867,1774279024160659329,5839
4813,1774279024162402089,1774279024169175282,6773
4814,1774279024170794271,1774279024176281094,5486
4815,1774279024177918107,1774279024182774503,4856
4816,1774279024184431070,1774279024189435608,5004
4817,1774279024191076575,1774279024196769062,5692
4818,1774279024198470897,1774279024205496471,7025
4819,1774279024207210324,1774279024212640535,5430
4820,1774279024214349203,1774279024221270445,6921
4821,1774279024223056797,1774279024229977925,6921
4822,1774279024231970379,1774279024237268721,5298
4823,1774279024238957023,1774279024244648970,5691
4824,1774279024246670789,1774279024251817566,5146
4825,1774279024253539841,1774279024258807028,5267
4826,1774279024260336952,1774279024265946877,5609
4827,1774279024267730049,1774279024273033881,5303
4828,1774279024274606205,1774279024279818575,5212
4829,1774279024281573576,1774279024288594407,7020
4830,1774279024290065646,1774279024295254105,5188
4831,1774279024296942951,1774279024303236035,6293
4832,1774279024304907361,1774279024310376446,5469
4833,1774279024312030416,1774279024317587584,5557
4834,1774279024319689481,1774279024325089952,5400
4835,1774279024326825581,1774279024332200015,5374
4836,1774279024333970863,1774279024340391240,6420
4837,1774279024342051673,1774279024347535427,5483
4838,1774279024349241756,1774279024354796340,5554
4839,1774279024356707176,1774279024362075974,5368
4840,1774279024363839830,1774279024369538484,5698
4841,1774279024371299165,1774279024376251331,4952
4842,1774279024377995051,1774279024385156087,7161
4843,1774279024386839040,1774279024391598598,4759
4844,1774279024393456799,1774279024398789159,5332
4845,1774279024400576573,1774279024405441515,4864
4846,1774279024407181867,1774279024413338550,6156
4847,1774279024415206333,1774279024420646938,5440
4848,1774279024422306981,1774279024427279783,4972
4849,1774279024428826618,1774279024433962981,5136
4850,1774279024435510365,1774279024441077412,5567
4851,1774279024442771224,1774279024449882083,7110
4852,1774279024451617750,1774279024458380473,6762
4853,1774279024460208453,1774279024465853310,5644
4854,1774279024467651326,1774279024472730717,5079
4855,1774279024474391294,1774279024481354651,6963
4856,1774279024483122368,1774279024489041419,5919
4857,1774279024490717108,1774279024497306533,6589
4858,1774279024499230924,1774279024506108573,6877
4859,1774279024507878538,1774279024513545378,5666
4860,1774279024515286799,1774279024520637317,5350
4861,1774279024522452347,1774279024529407840,6955
4862,1774279024531160560,1774279024535842803,4682
4863,1774279024537351819,1774279024542751491,5399
4864,1774279024544443057,1774279024549956937,5513
4865,1774279024551592558,1774279024556257578,4665
4866,1774279024557920102,1774279024562663341,4743
4867,1774279024564240461,1774279024569408772,5168
4868,1774279024570964848,1774279024576792442,5827
4869,1774279024578416240,1774279024583377522,4961
4870,1774279024585187113,1774279024590778210,5591
4871,1774279024592624961,1774279024598455520,5830
4872,1774279024600118899,1774279024605536407,5417
4873,1774279024607319470,1774279024612289879,4970
4874,1774279024613931041,1774279024618766761,4835
4875,1774279024620656241,1774279024625638395,4982
4876,1774279024627361114,1774279024634325524,6964
4877,1774279024636031977,1774279024642316342,6284
4878,1774279024644000800,1774279024648722989,4722
4879,1774279024650423680,1774279024655715017,5291
4880,1774279024657736606,1774279024664679086,6942
4881,1774279024666362675,1774279024671750832,5388
4882,1774279024673437654,1774279024679180492,5742
4883,1774279024680886510,1774279024685655840,4769
4884,1774279024687329589,1774279024692168895,4839
4885,1774279024693514250,1774279024700733361,7219
4886,1774279024702285887,1774279024707335723,5049
4887,1774279024708981483,1774279024714446013,5464
4888,1774279024716180164,1774279024722918832,6738
4889,1774279024724603817,1774279024730404558,5800
4890,1774279024732238492,1774279024738086615,5848
4891,1774279024739860643,1774279024745582804,5722
4892,1774279024747338567,1774279024753535367,6196
4893,1774279024755397563,1774279024762154253,6756
4894,1774279024763855392,1774279024769385572,5530
4895,1774279024771073091,1774279024776288876,5215
4896,1774279024777986368,1774279024783486456,5500
4897,1774279024785283407,1774279024790754213,5470
4898,1774279024792755661,1774279024798755681,6000
4899,1774279024800780080,1774279024806426083,5646
4900,1774279024808156927,1774279024812680534,4523
4901,1774279024814378915,1774279024819471725,5092
4902,1774279024821106522,1774279024825735504,4628
4903,1774279024827144781,1774279024831835254,4690
4904,1774279024833543559,1774279024838907279,5363
4905,1774279024840598887,1774279024846213710,5614
4906,1774279024847862109,1774279024852603734,4741
4907,1774279024854333810,1774279024859297557,4963
4908,1774279024861236402,1774279024868260857,7024
4909,1774279024869924034,1774279024875461584,5537
4910,1774279024877361957,1774279024882819206,5457
4911,1774279024884693632,1774279024890489175,5795
4912,1774279024892389014,1774279024897747989,5358
4913,1774279024899753357,1774279024904668582,4915
4914,1774279024906388931,1774279024912535775,6146
4915,1774279024914420346,1774279024920501749,6081
4916,1774279024922316101,1774279024927937480,5621
4917,1774279024929798176,1774279024934793824,4995
4918,1774279024936692714,1774279024942020670,5327
4919,1774279024943854843,1774279024948458579,4603
4920,1774279024950151207,1774279024955253027,5101
4921,1774279024956883592,1774279024961632531,4748
4922,1774279024963278012,1774279024968744439,5466
4923,1774279024970070457,1774279024975444862,5374
4924,1774279024976836039,1774279024981286745,4450
4925,1774279024982993098,1774279024987705346,4712
4926,1774279024989386285,1774279024994918580,5532
4927,1774279024996561170,1774279025003292865,6731
4928,1774279025004946382,1774279025011289179,6342
4929,1774279025012937153,1774279025018406882,5469
4930,1774279025020031489,1774279025025206698,5175
4931,1774279025026843291,1774279025031705256,4861
4932,1774279025033692740,1774279025038579104,4886
4933,1774279025040338218,1774279025045455550,5117
4934,1774279025047198116,1774279025054228989,7030
4935,1774279025055925401,1774279025061097613,5172
4936,1774279025062735352,1774279025067966279,5230
4937,1774279025069751545,1774279025075018709,5267
4938,1774279025076807136,1774279025083309649,6502
4939,1774279025085024672,1774279025092154062,7129
4940,1774279025093849286,1774279025100962059,7112
4941,1774279025102674115,1774279025108209830,5535
4942,1774279025110075582,1774279025115873728,5798
4943,1774279025117703201,1774279025122903676,5200
4944,1774279025124613482,1774279025129471295,4857
4945,1774279025131197128,1774279025136395116,5197
4946,1774279025138227482,1774279025142976942,4749
4947,1774279025144721595,1774279025150716900,5995
4948,1774279025152594830,1774279025159281865,6687
4949,1774279025160981500,1774279025166262751,5281
4950,1774279025168044260,1774279025173221769,5177
4951,1774279025174909315,1774279025180303814,5394
4952,1774279025182266880,1774279025189362906,7096
4953,1774279025191065184,1774279025196449515,5384
4954,1774279025198091826,1774279025203092725,5000
4955,1774279025204762919,1774279025209653997,4891
4956,1774279025211576441,1774279025216789653,5213
4957,1774279025218548413,1774279025225658661,7110
4958,1774279025227321375,1774279025231907215,4585
4959,1774279025233468228,1774279025238323936,4855
4960,1774279025239915781,1774279025245382778,5466
4961,1774279025247046725,1774279025251486703,4439
4962,1774279025253018285,1774279025258183599,5165
4963,1774279025259949840,1774279025265325825,5375
4964,1774279025267240511,1774279025273355305,6114
4965,1774279025275039644,1774279025281443771,6404
4966,1774279025283158723,1774279025287891999,4733
4967,1774279025289576458,1774279025295173018,5596
4968,1774279025297470674,1774279025304154224,6683
4969,1774279025305975032,1774279025311448541,5473
4970,1774279025313163975,1774279025318958946,5794
4971,1774279025320780886,1774279025327808816,7027
4972,1774279025329677972,1774279025335221768,5543
4973,1774279025336892086,1774279025342831520,5939
4974,1774279025344544821,1774279025349640931,5096
4975,1774279025351418528,1774279025356514764,5096
4976,1774279025358379441,1774279025363468888,5089
4977,1774279025365205476,1774279025370967818,5762
4978,1774279025372631875,1774279025378264671,5632
4979,1774279025379941909,1774279025385118635,5176
4980,1774279025386834910,1774279025391689936,4855
4981,1774279025393236618,1774279025397929349,4692
4982,1774279025399657998,1774279025405050723,5392
4983,1774279025406857086,1774279025413258081,6400
4984,1774279025415096253,1774279025420736871,5640
4985,1774279025422450208,1774279025427412561,4962
4986,1774279025429136234,1774279025434582600,5446
4987,1774279025436360340,1774279025441509419,5149
4988,1774279025443290318,1774279025448086580,4796
4989,1774279025449746255,1774279025455235561,5489
4990,1774279025456915718,1774279025461744531,4828
4991,1774279025463440767,1774279025470524304,7083
4992,1774279025472352378,1774279025477328576,4976
4993,1774279025479259236,1774279025486128389,6869
4994,1774279025488031466,1774279025494957908,6926
4995,1774279025496750703,1774279025502074692,5323
4996,1774279025503810080,1774279025509151274,5341
4997,1774279025510851018,1774279025516752967,5901
4998,1774279025518229898,1774279025522766736,4536
4999,1774279025524486036,1774279025529287993,4801
5000,1774279025530920631,1774279025535954770,5034
5001,1774279025537547493,1774279025542834894,5287
5002,1774279025544449155,1774279025550071543,5622
5003,1774279025551734704,1774279025558522050,6787
5004,1774279025560310472,1774279025565863911,5553
5005,1774279025567848535,1774279025574111900,6263
5006,1774279025575822012,1774279025581208558,5386
5007,1774279025582866969,1774279025587797349,4930
5008,1774279025589423702,1774279025594371120,4947
5009,1774279025596222086,1774279025602938724,6716
5010,1774279025604608395,1774279025610583502,5975
5011,1774279025612278182,1774279025617913956,5635
5012,1774279025619728916,1774279025624671265,4942
5013,1774279025626358889,1774279025633312015,6953
5014,1774279025635016975,1774279025640672683,5655
5015,1774279025642328194,1774279025649395209,7067
5016,1774279025651163583,1774279025655831255,4667
5017,1774279025657624474,1774279025663601693,5977
5018,1774279025665275342,1774279025670010415,4735
5019,1774279025671822555,1774279025677254813,5432
5020,1774279025679112236,1774279025684908846,5796
5021,1774279025686483012,1774279025692169970,5686
5022,1774279025693797224,1774279025698713688,4916
5023,1774279025700557340,1774279025705816216,5258
5024,1774279025707709440,1774279025714227007,6517
5025,1774279025715922548,1774279025721377589,5455
5026,1774279025723054787,1774279025728231692,5176
5027,1774279025729895960,1774279025734892401,4996
5028,1774279025736743790,1774279025741740743,4996
5029,1774279025743686034,1774279025749224969,5538
5030,1774279025750953472,1774279025755880182,4926
5031,1774279025757564489,1774279025762716449,5151
5032,1774279025764713458,1774279025770329952,5616
5033,1774279025772151193,1774279025777747997,5596
5034,1774279025779556003,1774279025785341391,5785
5035,1774279025787088066,1774279025791646661,4558
5036,1774279025793199891,1774279025797925455,4725
5037,1774279025799657130,1774279025804667229,5010
5038,1774279025806364918,1774279025811833413,5468
5039,1774279025813457882,1774279025818645210,5187
5040,1774279025820552121,1774279025826075921,5523
5041,1774279025827766009,1774279025833728577,5962
5042,1774279025835507899,1774279025841256280,5748
5043,1774279025842999486,1774279025847890715,4891
5044,1774279025849740765,1774279025854760902,5020
5045,1774279025856604751,1774279025862681106,6076
5046,1774279025864414373,1774279025870341716,5927
5047,1774279025872023986,1774279025877205639,5181
5048,1774279025878886216,1774279025884080254,5194
5049,1774279025885893985,1774279025892966160,7072
5050,1774279025894714215,1774279025900298237,5584
5051,1774279025901959044,1774279025907409695,5450
5052,1774279025909280738,1774279025916597306,7316
5053,1774279025918324069,1774279025922877423,4553
5054,1774279025924597556,1774279025930116856,5519
5055,1774279025931905291,1774279025937005071,5099
5056,1774279025938692399,1774279025944013752,5321
5057,1774279025945798685,1774279025950693040,4894
5058,1774279025952353559,1774279025959836459,7482
5059,1774279025961564372,1774279025967191659,5627
5060,1774279025968878697,1774279025973735074,4856
5061,1774279025975445372,1774279025980742162,5296
5062,1774279025982339797,1774279025987327667,4987
5063,1774279025989018024,1774279025993985412,4967
5064,1774279025995830100,1774279026000922975,5092
5065,1774279026002662303,1774279026008767684,6105
5066,1774279026010475060,1774279026015547295,5072
5067,1774279026017349085,1774279026022416973,5067
5068,1774279026024274146,1774279026030136237,5862
5069,1774279026031840912,1774279026037616054,5775
5070,1774279026039255827,1774279026043957869,4702
5071,1774279026045594912,1774279026050368627,4773
5072,1774279026052171039,1774279026058391832,6220
5073,1774279026060052842,1774279026065371177,5318
5074,1774279026067175105,1774279026072736881,5561
5075,1774279026074368765,1774279026081411902,7043
5076,1774279026083035337,1774279026088884771,5849
5077,1774279026090639378,1774279026096344237,5704
5078,1774279026097993807,1774279026102669216,4675
5079,1774279026104313713,1774279026109310674,4996
5080,1774279026111029380,1774279026115894630,4865
5081,1774279026117531888,1774279026124534854,7002
5082,1774279026126142716,1774279026131857295,5714
5083,1774279026133703528,1774279026138998128,5294
5084,1774279026140672943,1774279026145677519,5004
5085,1774279026147655396,1774279026154659343,7003
5086,1774279026156333364,1774279026161840725,5507
5087,1774279026163505048,1774279026168804125,5299
5088,1774279026170444604,1774279026177291507,6846
5089,1774279026179121525,1774279026184801490,5679
5090,1774279026186564924,1774279026191309833,4744
5091,1774279026193038026,1774279026198020496,4982
5092,1774279026199681673,1774279026205261787,5580
5093,1774279026206894489,1774279026211722961,4828
5094,1774279026213449572,1774279026220356035,6906
5095,1774279026222116845,1774279026227391883,5275
5096,1774279026229142059,1774279026234405499,5263
5097,1774279026236182176,1774279026241767335,5585
5098,1774279026243432924,1774279026248741494,5308
5099,1774279026250394019,1774279026257276325,6882
5100,1774279026258891645,1774279026263752860,4861
5101,1774279026265519418,1774279026270656070,5136
5102,1774279026272413716,1774279026277513012,5099
5103,1774279026279425905,1774279026286341800,6915
5104,1774279026288399038,1774279026293463341,5064
5105,1774279026295348531,1774279026301530434,6181
5106,1774279026303510806,1774279026310272231,6761
5107,1774279026311992237,1774279026317208908,5216
5108,1774279026318872545,1774279026325764265,6891
5109,1774279026327504084,1774279026332455303,4951
5110,1774279026334263387,1774279026339582841,5319
5111,1774279026341122441,1774279026345734922,4612
5112,1774279026347487842,1774279026352076113,4588
5113,1774279026353768425,1774279026360969484,7201
5114,1774279026362591198,1774279026368026642,5435
5115,1774279026369745961,1774279026375062711,5316
5116,1774279026376737603,1774279026383501377,6763
5117,1774279026385307477,1774279026390439417,5131
5118,1774279026392172788,1774279026397915898,5743
5119,1774279026399778839,1774279026404635819,4856
5120,1774279026406548766,1774279026411796374,5247
5121,1774279026413785122,1774279026419509015,5723
5122,1774279026421317145,1774279026426404324,5087
5123,1774279026428195601,1774279026435028205,6832
5124,1774279026436684699,1774279026443153824,6469
5125,1774279026445300777,1774279026450891461,5590
5126,1774279026452604678,1774279026458137948,5533
5127,1774279026459855865,1774279026465576062,5720
5128,1774279026467327571,1774279026472002606,4675
5129,1774279026473549108,1774279026478123753,4574
5130,1774279026479826406,1774279026486931022,7104
5131,1774279026488641541,1774279026494417259,5775
5132,1774279026495895668,1774279026503151325,7255
5133,1774279026505161528,1774279026509927981,4766
5134,1774279026511591340,1774279026517022649,5431
5135,1774279026518747021,1774279026525565408,6818
5136,1774279026527309740,1774279026532727098,5417
5137,1774279026534363944,1774279026540105574,5741
5138,1774279026541809272,1774279026546671190,4861
5139,1774279026548307949,1774279026553259048,4951
5140,1774279026555198167,1774279026561850950,6652
5141,1774279026563487800,1774279026568786672,5298
5142,1774279026570422965,1774279026577227832,6804
5143,1774279026578865553,1774279026585551580,6686
5144,1774279026587196064,1774279026591714870,4518
5145,1774279026593332484,1774279026600401671,7069
5146,1774279026602286897,1774279026609119150,6832
5147,1774279026610880814,1774279026615636503,4755
5148,1774279026617183156,1774279026621726247,4543
5149,1774279026623446131,1774279026628479822,5033
5150,1774279026629935572,1774279026634938499,5002
5151,1774279026636520647,1774279026641339678,4819
5152,1774279026642961731,1774279026649288607,6326
5153,1774279026650895649,1774279026657689933,6794
5154,1774279026659446642,1774279026665146084,5699
5155,1774279026666887542,1774279026673307101,6419
5156,1774279026675254858,1774279026682011941,6757
5157,1774279026683741813,1774279026689292227,5550
5158,1774279026690968510,1774279026697291384,6322
5159,1774279026699193497,1774279026706191420,6997
5160,1774279026707952694,1774279026713802120,5849
5161,1774279026715580675,1774279026721565740,5985
5162,1774279026723305540,1774279026728816429,5510
5163,1774279026730605258,1774279026736261262,5656
5164,1774279026738090282,1774279026743236748,5146
5165,1774279026744976532,1774279026749788718,4812
5166,1774279026751642335,1774279026756891871,5249
5167,1774279026758624185,1774279026763310872,4686
5168,1774279026764544563,1774279026768901703,4357
5169,1774279026770523469,1774279026775143422,4619
5170,1774279026776801020,1774279026782342216,5541
5171,1774279026784004386,1774279026789183142,5178
5172,1774279026790811245,1774279026795458111,4646
5173,1774279026797126472,1774279026801846333,4719
5174,1774279026803508846,1774279026808466902,4958
5175,1774279026810242824,1774279026815004548,4761
5176,1774279026816808827,1774279026822686668,5877
5177,1774279026824518930,1774279026830515640,5996
5178,1774279026832273446,1774279026837043259,4769
5179,1774279026838864455,1774279026844000585,5136
5180,1774279026845669511,1774279026851285104,5615
5181,1774279026853233092,1774279026859309012,6075
5182,1774279026861117695,1774279026867400189,6282
5183,1774279026869063644,1774279026873784829,4721
5184,1774279026875522493,1774279026882573438,7050
5185,1774279026884238489,1774279026888863967,4625
5186,1774279026890318747,1774279026895494524,5175
5187,1774279026897143382,1774279026901864058,4720
5188,1774279026903290328,1774279026908797955,5507
5189,1774279026910365201,1774279026915999105,5633
5190,1774279026917620657,1774279026922447659,4827
5191,1774279026924125406,1774279026929289550,5164
5192,1774279026930972696,1774279026936113553,5140
5193,1774279026937794344,1774279026944286343,6491
5194,1774279026945941232,1774279026950923888,4982
5195,1774279026952598853,1774279026957850737,5251
5196,1774279026959698230,1774279026966677141,6978
5197,1774279026968381285,1774279026973455108,5073
5198,1774279026975261100,1774279026981403799,6142
5199,1774279026982982572,1774279026988119916,5137
5200,1774279026989701053,1774279026994854210,5153
5201,1774279026996603487,1774279027003722988,7119
5202,1774279027005580633,1774279027010636263,5055
5203,1774279027012309170,1774279027018113824,5804
5204,1774279027019846139,1774279027025589043,5742
5205,1774279027027358822,1774279027032462792,5103
5206,1774279027034289271,1774279027039109265,4819
5207,1774279027040865755,1774279027046508849,5643
5208,1774279027048118986,1774279027054530471,6411
5209,1774279027056407786,1774279027063590980,7183
5210,1774279027065313040,1774279027070845061,5532
5211,1774279027072789872,1774279027079515145,6725
5212,1774279027081329107,1774279027086824880,5495
5213,1774279027088614172,1774279027093786389,5172
5214,1774279027095710437,1774279027103059470,7349
5215,1774279027104804414,1774279027110116090,5311
5216,1774279027111833767,1774279027117227371,5393
5217,1774279027118957660,1774279027125470458,6512
5218,1774279027127298921,1774279027133551009,6252
5219,1774279027135274526,1774279027141050963,5776
5220,1774279027142710098,1774279027147556222,4846
5221,1774279027149318115,1774279027156011956,6693
5222,1774279027157703011,1774279027163548819,5845
5223,1774279027165164579,1774279027170221491,5056
5224,1774279027171903116,1774279027178309769,6406
5225,1774279027179829237,1774279027184768462,4939
5226,1774279027186271495,1774279027191578929,5307
5227,1774279027193317543,1774279027200605506,7287
5228,1774279027202352618,1774279027207858435,5505
5229,1774279027209554213,1774279027214903899,5349
5230,1774279027216587277,1774279027221746703,5159
5231,1774279027223574048,1774279027229035046,5460
5232,1774279027231060823,1774279027237535923,6475
5233,1774279027239281523,1774279027245085253,5803
5234,1774279027246783795,1774279027251775772,4991
5235,1774279027253518693,1774279027258686548,5167
5236,1774279027260368552,1774279027267363793,6995
5237,1774279027269036532,1774279027275456410,6419
5238,1774279027277177208,1774279027284073463,6896
5239,1774279027285733357,1774279027290975919,5242
5240,1774279027292634829,1774279027299926317,7291
5241,1774279027301634208,1774279027307306862,5672
5242,1774279027308960536,1774279027313662260,4701
5243,1774279027315330507,1774279027320412837,5082
5244,1774279027322070752,1774279027328293908,6223
5245,1774279027330053440,1774279027334875857,4822
5246,1774279027336466703,1774279027342342296,5875
5247,1774279027343991113,1774279027348544768,4553
5248,1774279027350188826,1774279027357014678,6825
5249,1774279027358835339,1774279027365834993,6999
5250,1774279027367575983,1774279027372817525,5241
5251,1774279027374485714,1774279027379924618,5438
5252,1774279027381685361,1774279027387759792,6074
5253,1774279027389420170,1774279027396067729,6647
5254,1774279027397898685,1774279027402770370,4871
5255,1774279027404527855,1774279027409737196,5209
5256,1774279027411511407,1774279027418594544,7083
5257,1774279027420304301,1774279027424989351,4685
5258,1774279027426708937,1774279027432583070,5874
5259,1774279027434201870,1774279027439715537,5513
5260,1774279027441337499,1774279027446481464,5143
5261,1774279027448112978,1774279027452822304,4709
5262,1774279027454453344,1774279027461080924,6627
5263,1774279027462748396,1774279027468474924,5726
5264,1774279027470175596,1774279027475284786,5109
5265,1774279027477040674,1774279027482811308,5770
5266,1774279027484600529,1774279027490399544,5799
5267,1774279027492405204,1774279027499429077,7023
5268,1774279027501331751,1774279027508287787,6956
5269,1774279027509998430,1774279027514986627,4988
5270,1774279027516923285,1774279027522008717,5085
5271,1774279027523774859,1774279027529393017,5618
5272,1774279027531280092,1774279027537387564,6107
5273,1774279027539292561,1774279027545071340,5778
5274,1774279027546767971,1774279027551640099,4872
5275,1774279027553338884,1774279027558784733,5445
5276,1774279027560922684,1774279027568040226,7117
5277,1774279027569833409,1774279027576143755,6310
5278,1774279027577881036,1774279027583114121,5233
5279,1774279027584834171,1774279027590086962,5252
5280,1774279027591646486,1774279027596160697,4514
5281,1774279027597742555,1774279027602785327,5042
5282,1774279027604503964,1774279027609976398,5472
5283,1774279027611760307,1774279027617828865,6068
5284,1774279027619734089,1774279027625591162,5857
5285,1774279027627389260,1774279027633338874,5949
5286,1774279027635157566,1774279027641469731,6312
5287,1774279027643423079,1774279027649445687,6022
5288,1774279027651228080,1774279027656211959,4983
5289,1774279027658077180,1774279027662873298,4796
5290,1774279027664786401,1774279027670493910,5707
5291,1774279027672468853,1774279027678289860,5821
5292,1774279027679902402,1774279027686436957,6534
5293,1774279027688038396,1774279027693963982,5925
5294,1774279027695851858,1774279027701714341,5862
5295,1774279027703430282,1774279027709077475,5647
5296,1774279027710705499,1774279027715553716,4848
5297,1774279027717195504,1774279027722729601,5534
5298,1774279027724592493,1774279027730157146,5564
5299,1774279027731734936,1774279027736459694,4724
5300,1774279027738158892,1774279027743324305,5165
5301,1774279027744874488,1774279027752225227,7350
5302,1774279027754313515,1774279027759907378,5593
5303,1774279027761662920,1774279027767210565,5547
5304,1774279027768829978,1774279027776063389,7233
5305,1774279027777947984,1774279027783371857,5423
5306,1774279027785056666,1774279027790840244,5783
5307,1774279027792547344,1774279027798589422,6042
5308,1774279027800310159,1774279027805387462,5077
5309,1774279027807068316,1774279027812236486,5168
5310,1774279027814187001,1774279027819580742,5393
5311,1774279027821426584,1774279027827155022,5728
5312,1774279027828801069,1774279027834803460,6002
5313,1774279027836666083,1774279027841538810,4872
5314,1774279027843259745,1774279027850563408,7303
5315,1774279027852193800,1774279027856858835,4665
5316,1774279027858472251,1774279027864121708,5649
5317,1774279027865701122,1774279027871286207,5585
5318,1774279027872957179,1774279027877681998,4724
5319,1774279027879192092,1774279027884246883,5054
5320,1774279027885880090,1774279027892368525,6488
5321,1774279027894203327,1774279027900489504,6286
5322,1774279027902294037,1774279027907069259,4775
5323,1774279027908735158,1774279027914223785,5488
5324,1774279027916187959,1774279027921633633,5445
5325,1774279027923553308,1774279027929235391,5682
5326,1774279027931177068,1774279027936983623,5806
5327,1774279027938889119,1774279027944168636,5279
5328,1774279027945829811,1774279027951297298,5467
5329,1774279027953311081,1774279027958459815,5148
5330,1774279027960118392,1774279027964964959,4846
5331,1774279027966773223,1774279027971575061,4801
5332,1774279027973310991,1774279027977997160,4686
5333,1774279027979287029,1774279027984242204,4955
5334,1774279027985463072,1774279027989879199,4416
5335,1774279027991344296,1774279027998414658,7070
5336,1774279028000085467,1774279028004722896,4637
5337,1774279028006124257,1774279028010830577,4706
5338,1774279028012346135,1774279028017547779,5201
5339,1774279028019272799,1774279028025226673,5953
5340,1774279028026946191,1774279028032419531,5473
5341,1774279028034227272,1774279028039419472,5192
5342,1774279028041394304,1774279028048430207,7035
5343,1774279028050228414,1774279028055518575,5290
5344,1774279028057302312,1774279028062775306,5472
5345,1774279028064763479,1774279028072015643,7252
5346,1774279028073669913,1774279028078723620,5053
5347,1774279028080654207,1774279028086255664,5601
5348,1774279028087949313,1774279028094940019,6990
5349,1774279028096839646,1774279028102293693,5454
5350,1774279028103972927,1774279028109459325,5486
5351,1774279028111200089,1774279028115841334,4641
5352,1774279028117426156,1774279028122309966,4883
5353,1774279028123711458,1774279028128460160,4748
5354,1774279028129911204,1774279028135188988,5277
5355,1774279028136815485,1774279028141374427,4558
5356,1774279028143096608,1774279028147932902,4836
5357,1774279028149559172,1774279028154709315,5150
5358,1774279028156420507,1774279028162371222,5950
5359,1774279028164228833,1774279028171383314,7154
5360,1774279028173129439,1774279028179074957,5945
5361,1774279028180754592,1774279028187102689,6348
5362,1774279028188930460,1774279028194812463,5882
5363,1774279028196612290,1774279028202745371,6133
5364,1774279028204575024,1774279028209594070,5019
5365,1774279028211382080,1774279028216698803,5316
5366,1774279028218553742,1774279028224113083,5559
5367,1774279028225827737,1774279028231640941,5813
5368,1774279028233354866,1774279028240224071,6869
5369,1774279028241925135,1774279028247900191,5975
5370,1774279028249763186,1774279028255090732,5327
5371,1774279028256687091,1774279028263874674,7187
5372,1774279028265566460,1774279028271575630,6009
5373,1774279028273222963,1774279028278223663,5000
5374,1774279028279916468,1774279028285121260,5204
5375,1774279028286865723,1774279028291756163,4890
5376,1774279028293411494,1774279028298255777,4844
5377,1774279028299936398,1774279028305565550,5629
5378,1774279028307290442,1774279028314361692,7071
5379,1774279028316044590,1774279028321335241,5290
5380,1774279028323023864,1774279028327822755,4798
5381,1774279028329643401,1774279028334664920,5021
5382,1774279028336348197,1774279028341698287,5350
5383,1774279028343580730,1774279028349633473,6052
5384,1774279028351516697,1774279028357110663,5593
5385,1774279028358846649,1774279028364926955,6080
5386,1774279028366723137,1774279028373377418,6654
5387,1774279028375117888,1774279028379792380,4674
5388,1774279028381754734,1774279028387181745,5427
5389,1774279028388996432,1774279028396255161,7258
5390,1774279028397958426,1774279028402844613,4886
5391,1774279028404493471,1774279028409085080,4591
5392,1774279028410938282,1774279028415760212,4821
5393,1774279028417443024,1774279028422692822,5249
5394,1774279028424322359,1774279028429115111,4792
5395,1774279028430855489,1774279028435690535,4835
5396,1774279028437417397,1774279028443566606,6149
5397,1774279028445500442,1774279028451559075,6058
5398,1774279028453406384,1774279028459027664,5621
5399,1774279028460761449,1774279028465768133,5006
5400,1774279028467591578,1774279028473465314,5873
5401,1774279028475404586,1774279028481588771,6184
5402,1774279028483286487,1774279028488980317,5693
5403,1774279028490704425,1774279028495701508,4997
5404,1774279028497499369,1774279028502601674,5102
5405,1774279028504417341,1774279028510261476,5844
5406,1774279028512185655,1774279028517581725,5396
5407,1774279028519285899,1774279028525521966,6236
5408,1774279028527196997,1774279028534353838,7156
5409,1774279028536002369,1774279028541776818,5774
5410,1774279028543313495,1774279028548056522,4743
5411,1774279028549682716,1774279028554648660,4965
5412,1774279028556069474,1774279028561401006,5331
5413,1774279028562650143,1774279028567174313,4524
5414,1774279028568841028,1774279028575319889,6478
5415,1774279028576998901,1774279028582237944,5239
5416,1774279028583960608,1774279028590317152,6356
5417,1774279028592115979,1774279028599062865,6946
5418,1774279028600847495,1774279028605955145,5107
5419,1774279028607764046,1774279028614301341,6537
5420,1774279028615957792,1774279028622792535,6834
5421,1774279028624530822,1774279028630189022,5658
5422,1774279028632381191,1774279028637745872,5364
5423,1774279028639503614,1774279028646253034,6749
5424,1774279028647959253,1774279028653454999,5495
5425,1774279028655196546,1774279028660304432,5107
5426,1774279028662220339,1774279028666902739,4682
5427,1774279028668682799,1774279028675789156,7106
5428,1774279028677415698,1774279028684464924,7049
5429,1774279028685916008,1774279028690380114,4464
5430,1774279028692081474,1774279028697300713,5219
5431,1774279028699054378,1774279028704138804,5084
5432,1774279028705756201,1774279028711365390,5609
5433,1774279028713048114,1774279028719381597,6333
5434,1774279028721213274,1774279028726037170,4823
5435,1774279028727706555,1774279028733020423,5313
5436,1774279028734855674,1774279028741904102,7048
5437,1774279028743845597,1774279028749087101,5241
5438,1774279028750872339,1774279028756860880,5988
5439,1774279028758610905,1774279028765560721,6949
5440,1774279028767564899,1774279028773310968,5746
5441,1774279028775167879,1774279028780052627,4884
5442,1774279028781825100,1774279028788379012,6553
5443,1774279028790044546,1774279028796330161,6285
5444,1774279028798027237,1774279028802900292,4873
5445,1774279028804614629,1774279028811757589,7142
5446,1774279028813361559,1774279028820106815,6745
5447,1774279028821812013,1774279028826553323,4741
5448,1774279028828157378,1774279028833022091,4864
5449,1774279028834848463,1774279028839355158,4506
5450,1774279028841030028,1774279028846153642,5123
5451,1774279028847907768,1774279028853807191,5899
5452,1774279028855591576,1774279028860621283,5029
5453,1774279028862329262,1774279028868422472,6093
5454,1774279028870160775,1774279028876983783,6823
5455,1774279028878733349,1774279028884763235,6029
5456,1774279028886521335,1774279028891889006,5367
5457,1774279028893640974,1774279028899044701,5403
5458,1774279028900713255,1774279028905941688,5228
5459,1774279028907701813,1774279028914663947,6962
5460,1774279028916565924,1774279028922078858,5512
5461,1774279028923818993,1774279028929625204,5806
5462,1774279028931401364,1774279028938288007,6886
5463,1774279028940367679,1774279028946008270,5640
5464,1774279028947706798,1774279028953554936,5848
5465,1774279028955251793,1774279028962423225,7171
5466,1774279028963946020,1774279028969167615,5221
5467,1774279028970915161,1774279028977282253,6367
5468,1774279028978769733,1774279028985938782,7169
5469,1774279028987643355,1774279028992393977,4750
5470,1774279028993976326,1774279029001000993,7024
5471,1774279029002842255,1774279029007576360,4734
5472,1774279029009283272,1774279029014835662,5552
5473,1774279029016692481,1774279029023822465,7129
5474,1774279029025687669,1774279029031218483,5530
5475,1774279029032923495,1774279029038369206,5445
5476,1774279029039710774,1774279029044633066,4922
5477,1774279029046338182,1774279029051371148,5032
5478,1774279029053138579,1774279029060185564,7046
5479,1774279029061883874,1774279029067054425,5170
5480,1774279029068724512,1774279029074552142,5827
5481,1774279029076449383,1774279029083454712,7005
5482,1774279029085124509,1774279029089830040,4705
5483,1774279029091306176,1774279029096770780,5464
5484,1774279029098370874,1774279029103429324,5058
5485,1774279029104787354,1774279029109624720,4837
5486,1774279029111067803,1774279029115823978,4756
5487,1774279029117418009,1774279029123240828,5822
5488,1774279029124877153,1774279029130105162,5228
5489,1774279029131791086,1774279029136709729,4918
5490,1774279029138471890,1774279029145849361,7377
5491,1774279029147643479,1774279029152787081,5143
5492,1774279029154574961,1774279029160050913,5475
5493,1774279029161855624,1774279029169264994,7409
5494,1774279029171011542,1774279029176605667,5594
5495,1774279029178362482,1774279029184289566,5927
5496,1774279029186131260,1774279029190974792,4843
5497,1774279029192652146,1774279029197996193,5344
5498,1774279029199838327,1774279029206866663,7028
5499,1774279029208866072,1774279029214408120,5542
5500,1774279029216177922,1774279029223206396,7028
5501,1774279029224846805,1774279029229519238,4672
5502,1774279029231148412,1774279029236069681,4921
5503,1774279029237538654,1774279029243887323,6348
5504,1774279029245263112,1774279029250682959,5419
5505,1774279029252206732,1774279029258045276,5838
5506,1774279029259747363,1774279029266736194,6988
5507,1774279029268755274,1774279029274562142,5806
5508,1774279029276267256,1774279029281790931,5523
5509,1774279029283508054,1774279029289291296,5783
5510,1774279029291051900,1774279029296250894,5198
5511,1774279029297920124,1774279029304880409,6960
5512,1774279029306813528,1774279029311668710,4855
5513,1774279029313328605,1774279029319002920,5674
5514,1774279029320678031,1774279029326243819,5565
5515,1774279029328019825,1774279029332854038,4834
5516,1774279029334566083,1774279029340294312,5728
5517,1774279029342150005,1774279029349055314,6905
5518,1774279029350737482,1774279029355833867,5096
5519,1774279029357559029,1774279029363239087,5680
5520,1774279029364728347,1774279029371302869,6574
5521,1774279029373046585,1774279029378103197,5056
5522,1774279029379657559,1774279029384153556,4495
5523,1774279029385675056,1774279029390602203,4927
5524,1774279029392146280,1774279029396848017,4701
5525,1774279029398409267,1774279029403251032,4841
5526,1774279029404959203,1774279029409680227,4721
5527,1774279029411329086,1774279029416384237,5055
5528,1774279029418152496,1774279029423891584,5739
5529,1774279029425617918,1774279029431250079,5632
5530,1774279029433054221,1774279029440146252,7092
5531,1774279029442311178,1774279029447902691,5591
5532,1774279029449654765,1774279029455062717,5407
5533,1774279029456788414,1774279029461871922,5083
5534,1774279029463595838,1774279029469110847,5515
5535,1774279029470862195,1774279029476345228,5483
5536,1774279029478262584,1774279029485165130,6902
5537,1774279029487022480,1774279029491766343,4743
5538,1774279029493567299,1774279029500831562,7264
5539,1774279029502360848,1774279029508615681,6254
5540,1774279029510379361,1774279029515369657,4990
5541,1774279029517304115,1774279029523051904,5747
5542,1774279029524690283,1774279029529355229,4664
5543,1774279029531030774,1774279029536266819,5236
5544,1774279029537949649,1774279029543143767,5194
5545,1774279029544846268,1774279029551820884,6974
5546,1774279029553674135,1774279029559612441,5938
5547,1774279029561340759,1774279029567346254,6005
5548,1774279029569066948,1774279029573913217,4846
5549,1774279029575691324,1774279029581084889,5393
5550,1774279029582926095,1774279029588067313,5141
5551,1774279029589833033,1774279029595902247,6069
5552,1774279029597767342,1774279029603753239,5985
5553,1774279029605472640,1774279029611272901,5800
5554,1774279029613006052,1774279029618391644,5385
5555,1774279029620008638,1774279029624951651,4943
5556,1774279029626580466,1774279029631602507,5022
5557,1774279029633070939,1774279029638263732,5192
5558,1774279029639913286,1774279029644723690,4810
5559,1774279029646329279,1774279029651192830,4863
5560,1774279029652761207,1774279029657583893,4822
5561,1774279029659205062,1774279029664492506,5287
5562,1774279029666063529,1774279029671991411,5927
5563,1774279029673729430,1774279029679543202,5813
5564,1774279029681418094,1774279029686899531,5481
5565,1774279029688674953,1774279029696148285,7473
5566,1774279029697936719,1774279029703904645,5967
5567,1774279029705669338,1774279029710809387,5140
5568,1774279029712554638,1774279029718026842,5472
5569,1774279029719805334,1774279029726943366,7138
5570,1774279029728648820,1774279029734400978,5752
5571,1774279029736311981,1774279029741781326,5469
5572,1774279029743566142,1774279029749094799,5528
5573,1774279029750744795,1774279029758053480,7308
5574,1774279029759845457,1774279029764763461,4918
5575,1774279029766484650,1774279029773844679,7360
5576,1774279029775510330,1774279029780187869,4677
5577,1774279029781891261,1774279029786672602,4781
5578,1774279029788529291,1774279029795366403,6837
5579,1774279029797173184,1774279029802004629,4831
5580,1774279029803780050,1774279029808959707,5179
5581,1774279029810762466,1774279029816597535,5835
5582,1774279029818438880,1774279029823862709,5423
5583,1774279029825699406,1774279029830818138,5118
5584,1774279029832560556,1774279029839862737,7302
5585,1774279029841728584,1774279029847411356,5682
5586,1774279029849391832,1774279029856205070,6813
5587,1774279029858066192,1774279029863627260,5561
5588,1774279029865313234,1774279029871470800,6157
5589,1774279029873434307,1774279029879327227,5892
5590,1774279029881256631,1774279029886065235,4808
5591,1774279029887842460,1774279029893408729,5566
5592,1774279029895419128,1774279029902272608,6853
5593,1774279029903973738,1774279029909043151,5069
5594,1774279029910937831,1774279029915695326,4757
5595,1774279029917345710,1774279029922366145,5020
5596,1774279029924052072,1774279029929644223,5592
5597,1774279029931136471,1774279029935891838,4755
5598,1774279029937692298,1774279029942567307,4875
5599,1774279029944318091,1774279029950207847,5889
5600,1774279029951985737,1774279029957212790,5227
5601,1774279029958904701,1774279029963834339,4929
5602,1774279029965620263,1774279029971395944,5775
5603,1774279029973347385,1774279029978789838,5442
5604,1774279029980556074,1774279029986341209,5785
5605,1774279029987916553,1774279029994325206,6408
5606,1774279029995979149,1774279030001836204,5857
5607,1774279030003463006,1774279030008457945,4994
5608,1774279030010196201,1774279030015595440,5399
5609,1774279030017459439,1774279030023369997,5910
5610,1774279030024981718,1774279030031390227,6408
5611,1774279030033267176,1774279030038983496,5716
5612,1774279030040646871,1774279030045532045,4885
5613,1774279030047214617,1774279030054489678,7275
5614,1774279030056115979,1774279030063170344,7054
5615,1774279030064781410,1774279030069363410,4582
5616,1774279030070914281,1774279030076234474,5320
5617,1774279030077758428,1774279030083473405,5714
5618,1774279030084993885,1774279030091491178,6497
5619,1774279030093207916,1774279030099040641,5832
5620,1774279030100696929,1774279030105727993,5031
5621,1774279030107678111,1774279030112727894,5049
5622,1774279030114711526,1774279030120573217,5861
5623,1774279030122600384,1774279030127920466,5320
5624,1774279030129840001,1774279030134851674,5011
5625,1774279030136550672,1774279030142332633,5781
5626,1774279030144089094,1774279030148921754,4832
5627,1774279030150589957,1774279030155548717,4958
5628,1774279030157269776,1774279030162216907,4947
5629,1774279030163912033,1774279030171213189,7301
5630,1774279030173019120,1774279030178541948,5522
5631,1774279030180491597,1774279030185418628,4927
5632,1774279030187188784,1774279030191830385,4641
5633,1774279030193572854,1774279030198578775,5005
5634,1774279030200186345,1774279030205290967,5104
5635,1774279030207074331,1774279030211870072,4795
5636,1774279030213586613,1774279030219485137,5898
5637,1774279030221158454,1774279030226778754,5620
5638,1774279030228521575,1774279030233658638,5137
5639,1774279030235339061,1774279030242756138,7417
5640,1774279030244449518,1774279030250502259,6052
5641,1774279030252196009,1774279030257397251,5201
5642,1774279030259213477,1774279030264774365,5560
5643,1774279030266524795,1774279030273568798,7044
5644,1774279030275333901,1774279030281577287,6243
5645,1774279030283310603,1774279030288174021,4863
5646,1774279030289919368,1774279030294846042,4926
5647,1774279030296846797,1774279030303931144,7084
5648,1774279030305578274,1774279030310781375,5203
5649,1774279030312748154,1774279030318450596,5702
5650,1774279030320407319,1774279030325828722,5421
5651,1774279030327470687,1774279030331900881,4430
5652,1774279030333553564,1774279030338452242,4898
5653,1774279030340040483,1774279030345330781,5290
5654,1774279030346987114,1774279030352638704,5651
5655,1774279030354226455,1774279030360353070,6126
5656,1774279030361954864,1774279030366743158,4788
5657,1774279030368389980,1774279030375186938,6796
5658,1774279030376976069,1774279030381784201,4808
5659,1774279030383407063,1774279030390270399,6863
5660,1774279030391929771,1774279030398706053,6776
5661,1774279030400448302,1774279030405929259,5480
5662,1774279030407653580,1774279030413741516,6087
5663,1774279030415697866,1774279030422623044,6925
5664,1774279030424418968,1774279030429501737,5082
5665,1774279030431253810,1774279030436669204,5415
5666,1774279030438627869,1774279030443811650,5183
5667,1774279030445578618,1774279030451823469,6244
5668,1774279030453575444,1774279030458838942,5263
5669,1774279030460593632,1774279030465627490,5033
5670,1774279030467315668,1774279030472802226,5486
5671,1774279030474510846,1774279030479772207,5261
5672,1774279030481534364,1774279030486055547,4521
5673,1774279030487535762,1774279030492434112,4898
5674,1774279030493963441,1774279030498695805,4732
5675,1774279030500304661,1774279030505454884,5150
5676,1774279030507215750,1774279030513037275,5821
5677,1774279030514706126,1774279030520676664,5970
5678,1774279030522468217,1774279030529398268,6930
5679,1774279030531205923,1774279030537267614,6061
5680,1774279030539023095,1774279030544179749,5156
5681,1774279030545874830,1774279030550777421,4902
5682,1774279030552532769,1774279030557984918,5452
5683,1774279030559814379,1774279030566925044,7110
5684,1774279030568770681,1774279030574698913,5928
5685,1774279030576437691,1774279030581657278,5219
5686,1774279030583598664,1774279030588714955,5116
5687,1774279030590603323,1774279030597563392,6960
5688,1774279030599312145,1774279030606445813,7133
5689,1774279030608182164,1774279030613888927,5706
5690,1774279030615384861,1774279030620393604,5008
5691,1774279030622112908,1774279030626853928,4741
5692,1774279030628203758,1774279030632857862,4654
5693,1774279030634168974,1774279030638685379,4516
5694,1774279030640246017,1774279030644898557,4652
5695,1774279030646538151,1774279030652098844,5560
5696,1774279030653826549,1774279030658800388,4973
5697,1774279030660500376,1774279030665649796,5149
5698,1774279030667334413,1774279030672404103,5069
5699,1774279030674200067,1774279030679158971,4958
5700,1774279030680845060,1774279030687375033,6529
5701,1774279030689237912,1774279030696073411,6835
5702,1774279030697924397,1774279030703984175,6059
5703,1774279030705720645,1774279030711624309,5903
5704,1774279030713316532,1774279030720274867,6958
5705,1774279030722000755,1774279030728458466,6457
5706,1774279030730177454,1774279030735974117,5796
5707,1774279030737709471,1774279030742635634,4926
5708,1774279030744144005,1774279030749290163,5146
5709,1774279030750879866,1774279030756104175,5224
5710,1774279030757785687,1774279030764211891,6426
5711,1774279030765755605,1774279030770978792,5223
5712,1774279030772639481,1774279030778058746,5419
5713,1774279030779802278,1774279030785084144,5281
5714,1774279030786793412,1774279030793752629,6959
5715,1774279030795554137,1774279030802348268,6794
5716,1774279030804027837,1774279030809075516,5047
5717,1774279030810858490,1774279030818012063,7153
5718,1774279030819825370,1774279030825512249,5686
5719,1774279030827281983,1774279030832694634,5412
5720,1774279030834797968,1774279030841685875,6887
5721,1774279030843492179,1774279030849093675,5601
5722,1774279030850761822,1774279030856257151,5495
5723,1774279030857922367,1774279030862705571,4783
5724,1774279030864359730,1774279030869363205,5003
5725,1774279030871128163,1774279030878259300,7131
5726,1774279030879890894,1774279030885777123,5886
5727,1774279030887323622,1774279030892690497,5366
5728,1774279030894131830,1774279030898598993,4467
5729,1774279030899953692,1774279030905005378,5051
5730,1774279030906444245,1774279030912167420,5723
5731,1774279030913818741,1774279030918951183,5132
5732,1774279030920700436,1774279030925974621,5274
5733,1774279030927661387,1774279030934722976,7061
5734,1774279030936445723,1774279030941743334,5297
5735,1774279030943506629,1774279030948771608,5264
5736,1774279030950381210,1774279030955379844,4998
5737,1774279030957084865,1774279030961897127,4812
5738,1774279030963561894,1774279030968553402,4991
5739,1774279030970275757,1774279030975268556,4992
5740,1774279030976898909,1774279030983357658,6458
5741,1774279030985226197,1774279030990759704,5533
5742,1774279030992390467,1774279030997987955,5597
5743,1774279030999614012,1774279031004472313,4858
5744,1774279031006243790,1774279031011173835,4930
5745,1774279031012877579,1774279031019897046,7019
5746,1774279031021377105,1774279031026790004,5412
5747,1774279031028222888,1774279031032659229,4436
5748,1774279031033847591,1774279031038326946,4479
5749,1774279031039929604,1774279031045241510,5311
5750,1774279031046939507,1774279031051846789,4907
5751,1774279031053541085,1774279031058927476,5386
5752,1774279031060638914,1774279031066301369,5662
5753,1774279031068016567,1774279031073726297,5709
5754,1774279031075412095,1774279031081793504,6381
5755,1774279031083629161,1774279031089499034,5869
5756,1774279031091361895,1774279031098521115,7159
5757,1774279031100382647,1774279031106455973,6073
5758,1774279031108184890,1774279031113141698,4956
5759,1774279031114836856,1774279031120086593,5249
5760,1774279031121745678,1774279031127305794,5560
5761,1774279031129191623,1774279031136022826,6831
5762,1774279031137954231,1774279031143369454,5415
5763,1774279031145087878,1774279031150777456,5689
5764,1774279031152415531,1774279031158450624,6035
5765,1774279031160088305,1774279031164812587,4724
5766,1774279031166385612,1774279031171925046,5539
5767,1774279031173330691,1774279031179409121,6078
5768,1774279031180991746,1774279031187445351,6453
5769,1774279031189224389,1774279031194906771,5682
5770,1774279031196560104,1774279031201556679,4996
5771,1774279031203339518,1774279031208341274,5001
5772,1774279031210060134,1774279031215817925,5757
5773,1774279031217703483,1774279031223628914,5925
5774,1774279031225395891,1774279031231039451,5643
5775,1774279031232669073,1774279031237444348,4775
5776,1774279031239125537,1774279031244575539,5450
5777,1774279031246286788,1774279031253088455,6801
5778,1774279031254795180,1774279031260499093,5703
5779,1774279031262282731,1774279031268507792,6225
5780,1774279031270215570,1774279031277144791,6929
5781,1774279031278891983,1774279031283905198,5013
5782,1774279031285525658,1774279031292231290,6705
5783,1774279031294001012,1774279031301193796,7192
5784,1774279031303071929,1774279031308841250,5769
5785,1774279031310356145,1774279031315273906,4917
5786,1774279031316852088,1774279031321777291,4925
5787,1774279031323318111,1774279031327836191,4518
5788,1774279031329386979,1774279031334420134,5033
5789,1774279031336229346,1774279031341359058,5129
5790,1774279031343101848,1774279031348481790,5379
5791,1774279031350187652,1774279031354957271,4769
5792,1774279031356740356,1774279031362820503,6080
5793,1774279031364671813,1774279031370016104,5344
5794,1774279031371770011,1774279031377118367,5348
5795,1774279031378895193,1774279031384215420,5320
5796,1774279031385809561,1774279031392350669,6541
5797,1774279031394024169,1774279031399128166,5103
5798,1774279031401007397,1774279031406182410,5175
5799,1774279031407887041,1774279031413374519,5487
5800,1774279031415212814,1774279031420409831,5197
5801,1774279031422131003,1774279031428431297,6300
5802,1774279031430162783,1774279031437254132,7091
5803,1774279031438753313,1774279031443827824,5074
5804,1774279031445403141,1774279031450531054,5127
5805,1774279031452048095,1774279031457504271,5456
5806,1774279031458962384,1774279031463757754,4795
5807,1774279031465440523,1774279031470658790,5218
5808,1774279031472381533,1774279031478559484,6177
5809,1774279031480300524,1774279031486024354,5723
5810,1774279031487642697,1774279031492452442,4809
5811,1774279031494082502,1774279031499177025,5094
5812,1774279031500852658,1774279031507838600,6985
5813,1774279031509739173,1774279031515136845,5397
5814,1774279031516928833,1774279031522529682,5600
5815,1774279031524181578,1774279031529628858,5447
5816,1774279031531344773,1774279031538361147,7016
5817,1774279031540361746,1774279031546049829,5688
5818,1774279031547742805,1774279031553509793,5766
5819,1774279031555304975,1774279031562465625,7160
5820,1774279031564235286,1774279031569806327,5571
5821,1774279031571575591,1774279031577240469,5664
5822,1774279031578887454,1774279031583640595,4753
5823,1774279031585278611,1774279031590271867,4993
5824,1774279031591871004,1774279031597153415,5282
5825,1774279031598771500,1774279031603756829,4985
5826,1774279031605386525,1774279031610996710,5610
5827,1774279031612835649,1774279031619006944,6171
5828,1774279031620743955,1774279031626100917,5356
5829,1774279031628005818,1774279031634887307,6881
5830,1774279031636636459,1774279031642250044,5613
5831,1774279031644014894,1774279031648682302,4667
5832,1774279031650348002,1774279031655333338,4985
5833,1774279031656953731,1774279031662413239,5459
5834,1774279031664212493,1774279031668914660,4702
5835,1774279031670643247,1774279031675601134,4957
5836,1774279031677428315,1774279031683512060,6083
5837,1774279031685275843,1774279031690801345,5525
5838,1774279031692726688,1774279031697607959,4881
5839,1774279031699386539,1774279031706115705,6729
5840,1774279031707773154,1774279031714936992,7163
5841,1774279031716583965,1774279031721415852,4831
5842,1774279031722979857,1774279031727973790,4993
5843,1774279031729401923,1774279031734259747,4857
5844,1774279031735924693,1774279031740906777,4982
5845,1774279031742562314,1774279031748777517,6215
5846,1774279031750428895,1774279031756061303,5632
5847,1774279031757751343,1774279031762674865,4923
5848,1774279031764277756,1774279031769289886,5012
5849,1774279031771008737,1774279031777781738,6773
5850,1774279031779584616,1774279031785308969,5724
5851,1774279031787086763,1774279031792497925,5411
5852,1774279031794299591,1774279031799815831,5516
5853,1774279031801705493,1774279031808773918,7068
5854,1774279031810486539,1774279031815455292,4968
5855,1774279031817200258,1774279031821895855,4695
5856,1774279031823550218,1774279031830536403,6986
5857,1774279031832279265,1774279031837862999,5583
5858,1774279031839473356,1774279031844132114,4658
5859,1774279031845744049,1774279031850895300,5151
5860,1774279031852432357,1774279031859199333,6766
5861,1774279031860848659,1774279031866861882,6013
5862,1774279031868551594,1774279031874721195,6169
5863,1774279031876325485,1774279031880896990,4571
5864,1774279031882542710,1774279031887436918,4894
5865,1774279031889150472,1774279031895964627,6814
5866,1774279031897789938,1774279031903025904,5235
5867,1774279031904667564,1774279031910250374,5582
5868,1774279031911936067,1774279031916951964,5015
5869,1774279031918617624,1774279031923668413,5050
5870,1774279031925410007,1774279031930746028,5336
5871,1774279031932754449,1774279031939224398,6469
5872,1774279031940923382,1774279031946480820,5557
5873,1774279031948263681,1774279031953298923,5035
5874,1774279031955020401,1774279031959943098,4922
5875,1774279031961748368,1774279031967049596,5301
5876,1774279031968969349,1774279031974215401,5246
5877,1774279031975973699,1774279031980688547,4714
5878,1774279031982336603,1774279031987336219,4999
5879,1774279031988950602,1774279031993683763,4733
5880,1774279031995085626,1774279031999709625,4623
5881,1774279032001258962,1774279032005631512,4372
5882,1774279032007178022,1774279032011894108,4716
5883,1774279032013488342,1774279032020464551,6976
5884,1774279032022201508,1774279032026968913,4767
5885,1774279032028639015,1774279032034342131,5703
5886,1774279032036137330,1774279032043235510,7098
5887,1774279032044947391,1774279032049857227,4909
5888,1774279032051617138,1774279032057744244,6127
5889,1774279032059648486,1774279032065583793,5935
5890,1774279032067241821,1774279032072412333,5170
5891,1774279032074117334,1774279032081113868,6996
5892,1774279032082780178,1774279032087769766,4989
5893,1774279032089535595,1774279032094902943,5367
5894,1774279032096602226,1774279032102281276,5679
5895,1774279032104060408,1774279032108854616,4794
5896,1774279032110590696,1774279032116658194,6067
5897,1774279032118439518,1774279032123831276,5391
5898,1774279032125457387,1774279032130386784,4929
5899,1774279032132114148,1774279032136832606,4718
5900,1774279032138444990,1774279032143368791,4923
5901,1774279032145007369,1774279032149671069,4663
5902,1774279032151279615,1774279032156026051,4746
5903,1774279032157743835,1774279032163848618,6104
5904,1774279032165618356,1774279032171283274,5664
5905,1774279032173078073,1774279032178695372,5617
5906,1774279032180491461,1774279032185540723,5049
5907,1774279032187303056,1774279032192570134,5267
5908,1774279032194437903,1774279032201711972,7274
5909,1774279032203500462,1774279032208933443,5432
5910,1774279032210599404,1774279032216039722,5440
5911,1774279032217783349,1774279032224896509,7113
5912,1774279032226646295,1774279032232288004,5641
5913,1774279032234011464,1774279032239367141,5355
5914,1774279032241040816,1774279032247944428,6903
5915,1774279032249645468,1774279032254410673,4765
5916,1774279032256106601,1774279032261913539,5806
5917,1774279032263360093,1774279032268843232,5483
5918,1774279032270499830,1774279032276671284,6171
5919,1774279032278295556,1774279032283046861,4751
5920,1774279032284715969,1774279032290110760,5394
5921,1774279032291897256,1774279032296802990,4905
5922,1774279032298588115,1774279032304352035,5763
5923,1774279032306038845,1774279032312298497,6259
5924,1774279032314198817,1774279032321091920,6893
5925,1774279032322803632,1774279032328348658,5545
5926,1774279032330043603,1774279032335262047,5218
5927,1774279032336947358,1774279032341783104,4835
5928,1774279032343513732,1774279032349474150,5960
5929,1774279032351263785,1774279032356411520,5147
5930,1774279032358099162,1774279032363175606,5076
5931,1774279032364923076,1774279032369910203,4987
5932,1774279032371588801,1774279032377212384,5623
5933,1774279032379207991,1774279032384116225,4908
5934,1774279032385782815,1774279032392249705,6466
5935,1774279032394062205,1774279032399220307,5158
5936,1774279032400905921,1774279032406026477,5120
5937,1774279032407738647,1774279032412898127,5159
5938,1774279032414428462,1774279032418953904,4525
5939,1774279032420576127,1774279032425397484,4821
5940,1774279032427159780,1774279032431821615,4661
5941,1774279032433713570,1774279032439828165,6114
5942,1774279032441755190,1774279032446765826,5010
5943,1774279032448636861,1774279032454739045,6102
5944,1774279032456742539,1774279032462334837,5592
5945,1774279032464109441,1774279032468994231,4884
5946,1774279032470751725,1774279032477974468,7222
5947,1774279032479857036,1774279032485222424,5365
5948,1774279032486936797,1774279032492114415,5177
5949,1774279032493843103,1774279032500918632,7075
5950,1774279032502606177,1774279032508440606,5834
5951,1774279032510202925,1774279032515222679,5019
5952,1774279032516977333,1774279032521795413,4818
5953,1774279032523577192,1774279032530671608,7094
5954,1774279032532418617,1774279032538171419,5752
5955,1774279032539887642,1774279032545715759,5828
5956,1774279032547378537,1774279032551937269,4558
5957,1774279032553598089,1774279032558682996,5084
5958,1774279032560213067,1774279032565149700,4936
5959,1774279032566850799,1774279032571799911,4949
5960,1774279032573473743,1774279032578652410,5178
5961,1774279032580451103,1774279032586220120,5769
5962,1774279032587929853,1774279032593308299,5378
5963,1774279032595023115,1774279032600111249,5088
5964,1774279032601856117,1774279032609193075,7336
5965,1774279032610932873,1774279032616905064,5972
5966,1774279032618594259,1774279032623480934,4886
5967,1774279032625273270,1774279032630888401,5615
5968,1774279032632808766,1774279032640156821,7348
5969,1774279032641852937,1774279032646692567,4839
5970,1774279032648382631,1774279032653714567,5331
5971,1774279032655408966,1774279032662314411,6905
5972,1774279032663861981,1774279032669870612,6008
5973,1774279032671385343,1774279032677127649,5742
5974,1774279032678729412,1774279032683654553,4925
5975,1774279032685015912,1774279032689516599,4500
5976,1774279032690871624,1774279032695404344,4532
5977,1774279032696876021,1774279032702210457,5334
5978,1774279032703890465,1774279032708816880,4926
5979,1774279032710632691,1774279032717786426,7153
5980,1774279032719541200,1774279032724734725,5193
5981,1774279032726542895,1774279032732012962,5470
5982,1774279032733738112,1774279032740825041,7086
5983,1774279032742790770,1774279032747859358,5068
5984,1774279032749732350,1774279032755566917,5834
5985,1774279032757457878,1774279032763226239,5768
5986,1774279032765072182,1774279032770889677,5817
5987,1774279032772808660,1774279032778743312,5934
5988,1774279032780817317,1774279032786622021,5804
5989,1774279032788388303,1774279032794147634,5759
5990,1774279032795820896,1774279032802868269,7047
5991,1774279032804681930,1774279032811841294,7159
5992,1774279032813531024,1774279032818468530,4937
5993,1774279032820145564,1774279032825308467,5162
5994,1774279032826710265,1774279032831334356,4624
5995,1774279032832930973,1774279032838109465,5178
5996,1774279032839890098,1774279032844934714,5044
5997,1774279032846712736,1774279032852282203,5569
5998,1774279032854040790,1774279032860390028,6349
5999,1774279032862210197,1774279032867459701,5249
6000,1774279032869257477,1774279032874528619,5271
6001,1774279032876433316,1774279032883384722,6951
6002,1774279032885052179,1774279032890251551,5199
6003,1774279032891938750,1774279032897538039,5599
6004,1774279032899427783,1774279032904891199,5463
6005,1774279032906741363,1774279032912766580,6025
6006,1774279032914835164,1774279032920689222,5854
6007,1774279032922415519,1774279032928304829,5889
6008,1774279032930028803,1774279032934875146,4846
6009,1774279032936596044,1774279032941318235,4722
6010,1774279032943132454,1774279032947779251,4646
6011,1774279032949382501,1774279032954452281,5069
6012,1774279032956178580,1774279032963422338,7243
6013,1774279032965032342,1774279032972089154,7056
6014,1774279032973662297,1774279032978753725,5091
6015,1774279032980470574,1774279032986206341,5735
6016,1774279032987973232,1774279032992795076,4821
6017,1774279032994543390,1774279033000514158,5970
6018,1774279033002181693,1774279033009044051,6862
6019,1774279033010691350,1774279033016208361,5517
6020,1774279033017933943,1774279033022719977,4786
6021,1774279033024691111,1774279033029981452,5290
6022,1774279033031658581,1774279033037388491,5729
6023,1774279033039126334,1774279033044092114,4965
6024,1774279033045959656,1774279033050853823,4894
6025,1774279033052673893,1774279033058553119,5879
6026,1774279033060373543,1774279033065783527,5409
6027,1774279033067540058,1774279033074190604,6650
6028,1774279033075910406,1774279033083038397,7127
6029,1774279033084607488,1774279033089413853,4806
6030,1774279033091194718,1774279033096333022,5138
6031,1774279033097988774,1774279033102827875,4839
6032,1774279033104450425,1774279033109201119,4750
6033,1774279033110859565,1774279033115924672,5065
6034,1774279033117656223,1774279033123485454,5829
6035,1774279033125194761,1774279033132415699,7220
6036,1774279033134427318,1774279033140013882,5586
6037,1774279033141724576,1774279033147432932,5708
6038,1774279033149180238,1774279033154689327,5509
6039,1774279033156373412,1774279033161791509,5418
6040,1774279033163627418,1774279033170816197,7188
6041,1774279033172751169,1774279033178395606,5644
6042,1774279033180236259,1774279033185507318,5271
6043,1774279033187229649,1774279033194186381,6956
6044,1774279033195885026,1774279033200862316,4977
6045,1774279033202770246,1774279033208505279,5735
6046,1774279033210369716,1774279033217374716,7005
6047,1774279033219092027,1774279033224212588,5120
6048,1774279033225888298,1774279033230722757,4834
6049,1774279033232368634,1774279033237037607,4668
6050,1774279033238612870,1774279033245861759,7248
6051,1774279033247532894,1774279033252194720,4661
6052,1774279033253542547,1774279033259573360,6030
6053,1774279033261401843,1774279033267260012,5858
6054,1774279033268986432,1774279033274419017,5432
6055,1774279033276183414,1774279033282973659,6790
6056,1774279033284696797,1774279033291331259,6634
6057,1774279033293077676,1774279033298255491,5177
6058,1774279033299934620,1774279033305155379,5220
6059,1774279033306934442,1774279033312361561,5427
6060,1774279033314259467,1774279033320217816,5958
6061,1774279033321927412,1774279033326855725,4928
6062,1774279033328786844,1774279033334424400,5637
6063,1774279033336085659,1774279033341494578,5408
6064,1774279033343290674,1774279033348237945,4947
6065,1774279033349959703,1774279033354550436,4590
6066,1774279033356364898,1774279033361780264,5415
6067,1774279033363449524,1774279033369621347,6171
6068,1774279033371308689,1774279033375821136,4512
6069,1774279033377508637,1774279033382497969,4989
6070,1774279033384040811,1774279033391172856,7132
6071,1774279033392781004,1774279033398391176,5610
6072,1774279033400116780,1774279033405286512,5169
6073,1774279033406973588,1774279033411790446,4816
6074,1774279033413812649,1774279033419359822,5547
6075,1774279033421175171,1774279033426381354,5206
6076,1774279033428053074,1774279033433937552,5884
6077,1774279033435673259,1774279033442366092,6692
6078,1774279033444237203,1774279033449680317,5443
6079,1774279033451408246,1774279033456925335,5517
6080,1774279033458644642,1774279033464366305,5721
6081,1774279033466246785,1774279033473075634,6828
6082,1774279033474954860,1774279033480540455,5585
6083,1774279033482213787,1774279033487289901,5076
6084,1774279033489058454,1774279033494540195,5481
6085,1774279033496337095,1774279033503055559,6718
6086,1774279033504821209,1774279033510421048,5599
6087,1774279033512086977,1774279033517210129,5123
6088,1774279033518803006,1774279033523690538,4887
6089,1774279033525372649,1774279033529921067,4548
6090,1774279033531683831,1774279033537306372,5622
6091,1774279033539144558,1774279033545545827,6401
6092,1774279033547290836,1774279033553531929,6241
6093,1774279033555289426,1774279033560066836,4777
6094,1774279033561785013,1774279033567672169,5887
6095,1774279033569506396,1774279033575510240,6003
6096,1774279033577325825,1774279033582648486,5322
6097,1774279033584436454,1774279033589782825,5346
6098,1774279033591634752,1774279033598876467,7241
6099,1774279033600655341,1774279033605628099,4972
6100,1774279033607334487,1774279033612744330,5409
6101,1774279033614450418,1774279033621511427,7061
6102,1774279033623467563,1774279033629223252,5755
6103,1774279033630765757,1774279033636561205,5795
6104,1774279033637921550,1774279033643002589,5081
6105,1774279033644549016,1774279033650062328,5513
6106,1774279033651710509,1774279033657093263,5382
6107,1774279033658712957,1774279033663700811,4987
6108,1774279033665374745,1774279033672587508,7212
6109,1774279033674257547,1774279033679366250,5108
6110,1774279033681040874,1774279033686561072,5520
6111,1774279033688227811,1774279033693666903,5439
6112,1774279033695308145,1774279033700726609,5418
6113,1774279033702577114,1774279033708123290,5546
6114,1774279033710140574,1774279033715995705,5855
6115,1774279033717788014,1774279033723374985,5586
6116,1774279033725298520,1774279033732068755,6770
6117,1774279033733746416,1774279033738547551,4801
6118,1774279033740374218,1774279033746434721,6060
6119,1774279033748330358,1774279033755053232,6722
6120,1774279033756733764,1774279033762273009,5539
6121,1774279033763933564,1774279033768623052,4689
6122,1774279033770335813,1774279033776020595,5684
6123,1774279033777763509,1774279033784782794,7019
6124,1774279033786539739,1774279033793528281,6988
6125,1774279033794951363,1774279033799839595,4888
6126,1774279033801403799,1774279033806459691,5055
6127,1774279033808227221,1774279033813803983,5576
6128,1774279033815518936,1774279033820568154,5049
6129,1774279033822285123,1774279033827101335,4816
6130,1774279033828833189,1774279033836282259,7449
6131,1774279033838290440,1774279033843744080,5453
6132,1774279033845546057,1774279033850534854,4988
6133,1774279033852280229,1774279033857126104,4845
6134,1774279033858818425,1774279033866022001,7203
6135,1774279033867975432,1774279033873410925,5435
6136,1774279033875173858,1774279033880468300,5294
6137,1774279033882290343,1774279033887084122,4793
6138,1774279033888768782,1774279033893539215,4770
6139,1774279033895365452,1774279033902308107,6942
6140,1774279033904031112,1774279033909452074,5420
6141,1774279033911211501,1774279033916646657,5435
6142,1774279033918400855,1774279033924237679,5836
6143,1774279033925942439,1774279033930784736,4842
6144,1774279033932331799,1774279033937029316,4697
6145,1774279033938628105,1774279033943272687,4644
6146,1774279033944920994,1774279033951245023,6324
6147,1774279033953088562,1774279033958208677,5120
6148,1774279033959843586,1774279033965084967,5241
6149,1774279033966865614,1774279033973863237,6997
6150,1774279033975663039,1774279033981228373,5565
6151,1774279033982880470,1774279033988391527,5511
6152,1774279033990147229,1774279033995960952,5813
6153,1774279033997799811,1774279034003143523,5343
6154,1774279034004761921,1774279034009598723,4836
6155,1774279034011278981,1774279034018228316,6949
6156,1774279034019814018,1774279034025245099,5431
6157,1774279034026927193,1774279034033723422,6796
6158,1774279034035548997,1774279034040415878,4866
6159,1774279034042253514,1774279034047974696,5721
6160,1774279034049391080,1774279034053898510,4507
6161,1774279034055570497,1774279034060829765,5259
6162,1774279034062363255,1774279034066956129,4592
6163,1774279034068614389,1774279034073355087,4740
6164,1774279034074818729,1774279034080853751,6035
6165,1774279034082497250,1774279034087472365,4975
6166,1774279034089305591,1774279034094785350,5479
6167,1774279034096737145,1774279034103857578,7120
6168,1774279034105683871,1774279034110833427,5149
6169,1774279034112698101,1774279034119862819,7164
6170,1774279034121652023,1774279034126737227,5085
6171,1774279034128399177,1774279034133878217,5479
6172,1774279034135648917,1774279034142517025,6868
6173,1774279034144290004,1774279034149674935,5384
6174,1774279034151373784,1774279034157232165,5858
6175,1774279034158901268,1774279034165367531,6466
6176,1774279034167281468,1774279034172727480,5446
6177,1774279034174430743,1774279034179500486,5069
6178,1774279034181253776,1774279034185925349,4671
6179,1774279034187603205,1774279034192567654,4964
6180,1774279034194275932,1774279034201391942,7116
6181,1774279034203047719,1774279034207800171,4752
6182,1774279034209455402,1774279034214204530,4749
6183,1774279034215908298,1774279034221249663,5341
6184,1774279034222882068,1774279034228393599,5511
6185,1774279034230207793,1774279034236997112,6789
6186,1774279034238882360,1774279034244443996,5561
6187,1774279034246169772,1774279034253074107,6904
6188,1774279034255103713,1774279034260264435,5160
6189,1774279034261916941,1774279034267424510,5507
6190,1774279034269162173,1774279034273945594,4783
6191,1774279034275610966,1774279034280541637,4930
6192,1774279034282454906,1774279034289537980,7083
6193,1774279034291304936,1774279034296842351,5537
6194,1774279034298703589,1774279034304357618,5654
6195,1774279034306174377,1774279034311854134,5679
6196,1774279034313748921,1774279034319728975,5980
6197,1774279034321506231,1774279034327397749,5891
6198,1774279034328922253,1774279034333555639,4633
6199,1774279034335326248,1774279034340726234,5399
6200,1774279034342321635,1774279034347188590,4866
6201,1774279034348700812,1774279034353998468,5297
6202,1774279034355700988,1774279034360658025,4957
6203,1774279034362330463,1774279034367000002,4669
6204,1774279034368654122,1774279034374539059,5884
6205,1774279034376322273,1774279034381324820,5002
6206,1774279034382949439,1774279034387947198,4997
6207,1774279034389598443,1774279034395553665,5955
6208,1774279034397203597,1774279034404062268,6858
6209,1774279034405741862,1774279034411345306,5603
6210,1774279034413026846,1774279034419809632,6782
6211,1774279034421589844,1774279034428464348,6874
6212,1774279034430189127,1774279034435548454,5359
6213,1774279034437618950,1774279034442523402,4904
6214,1774279034444294231,1774279034449129730,4835
6215,1774279034451126714,1774279034458250790,7124
6216,1774279034459993892,1774279034464737550,4743
6217,1774279034466333276,1774279034473641273,7307
6218,1774279034475269890,1774279034480927091,5657
6219,1774279034482628196,1774279034487902797,5274
6220,1774279034489552005,1774279034495148596,5596
6221,1774279034496811436,1774279034502499572,5688
6222,1774279034504290832,1774279034509318882,5028
6223,1774279034511003694,1774279034516773929,5770
6224,1774279034518620755,1774279034523962325,5341
6225,1774279034525643668,1774279034530730805,5087
6226,1774279034532492932,1774279034539797226,7304
6227,1774279034541572197,1774279034547224585,5652
6228,1774279034549345193,1774279034554592522,5247
6229,1774279034556344889,1774279034562498191,6153
6230,1774279034564285521,1774279034570529997,6244
6231,1774279034572181780,1774279034577293134,5111
6232,1774279034579032896,1774279034585848720,6815
6233,1774279034587581874,1774279034592494171,4912
6234,1774279034594291052,1774279034598769893,4478
6235,1774279034600457073,1774279034605011201,4554
6236,1774279034606713145,1774279034612012026,5298
6237,1774279034613662766,1774279034618720007,5057
6238,1774279034620432214,1774279034625120908,4688
6239,1774279034626771455,1774279034632272046,5500
6240,1774279034633861998,1774279034638672181,4810
6241,1774279034640356871,1774279034645389744,5032
6242,1774279034647256986,1774279034654082145,6825
6243,1774279034655937344,1774279034661502695,5565
6244,1774279034663193175,1774279034668772600,5579
6245,1774279034670581155,1774279034676554757,5973
6246,1774279034678349382,1774279034684446164,6096
6247,1774279034686193371,1774279034691239846,5046
6248,1774279034692899229,1774279034698027754,5128
6249,1774279034699773838,1774279034705093722,5319
6250,1774279034706764323,1774279034711733803,4969
6251,1774279034713715095,1774279034718717379,5002
6252,1774279034720543580,1774279034726233731,5690
6253,1774279034728005574,1774279034735308070,7302
6254,1774279034737061985,1774279034741637678,4575
6255,1774279034743120761,1774279034747717822,4597
6256,1774279034749167478,1774279034754239823,5072
6257,1774279034755902487,1774279034760814430,4911
6258,1774279034762489646,1774279034767255471,4765
6259,1774279034768974496,1774279034774413454,5438
6260,1774279034776157663,1774279034783274050,7116
6261,1774279034784967071,1774279034790508625,5541
6262,1774279034792205136,1774279034797855499,5650
6263,1774279034799782086,1774279034807491875,7709
6264,1774279034809203202,1774279034814279540,5076
6265,1774279034815913562,1774279034821455320,5541
6266,1774279034823298145,1774279034828408129,5109
6267,1774279034830108310,1774279034835158245,5049
6268,1774279034836848064,1774279034841838871,4990
6269,1774279034843666658,1774279034848792091,5125
6270,1774279034850813049,1774279034856825061,6012
6271,1774279034858576585,1774279034864269673,5693
6272,1774279034866127573,1774279034870965377,4837
6273,1774279034872640409,1774279034877516227,4875
6274,1774279034879155705,1774279034886282114,7126
6275,1774279034888099219,1774279034892702111,4602
6276,1774279034894305333,1774279034899028071,4722
6277,1774279034900740705,1774279034906011486,5270
6278,1774279034907755155,1774279034914335401,6580
6279,1774279034916122950,1774279034921016954,4894
6280,1774279034922730087,1774279034928818586,6088
6281,1774279034930648298,1774279034936334383,5686
6282,1774279034938019507,1774279034942873681,4854
6283,1774279034944568867,1774279034950213744,5644
6284,1774279034952001679,1774279034957455214,5453
6285,1774279034959160586,1774279034965291001,6130
6286,1774279034967095840,1774279034973954885,6859
6287,1774279034975711145,1774279034982715939,7004
6288,1774279034984587910,1774279034989927600,5339
6289,1774279034991688018,1774279034998297293,6609
6290,1774279034999931050,1774279035004568924,4637
6291,1774279035006190810,1774279035011542298,5351
6292,1774279035013214318,1774279035020258157,7043
6293,1774279035021945325,1774279035026664396,4719
6294,1774279035028214959,1774279035033108717,4893
6295,1774279035034534876,1774279035039701092,5166
6296,1774279035041348883,1774279035046856758,5507
6297,1774279035048709811,1774279035055060035,6350
6298,1774279035056870465,1774279035062401962,5531
6299,1774279035064332435,1774279035070557316,6224
6300,1774279035072543203,1774279035079509428,6966
6301,1774279035081259850,1774279035086691399,5431
6302,1774279035088432230,1774279035095362216,6929
6303,1774279035097028104,1774279035102005568,4977
6304,1774279035103697782,1774279035110673209,6975
6305,1774279035112380999,1774279035119372755,6991
6306,1774279035121047409,1774279035125857993,4810
6307,1774279035127714802,1774279035134845413,7130
6308,1774279035136802541,1774279035141760227,4957
6309,1774279035143516494,1774279035148396323,4879
6310,1774279035150237808,1774279035156301852,6064
6311,1774279035158219976,1774279035163724309,5504
6312,1774279035165368298,1774279035170167946,4799
6313,1774279035171883709,1774279035177134764,5251
6314,1774279035178947546,1774279035184904209,5956
6315,1774279035186704282,1774279035192538023,5833
6316,1774279035194185051,1774279035199583507,5398
6317,1774279035201223806,1774279035206242935,5019
6318,1774279035207921870,1774279035212659820,4737
6319,1774279035214285491,1774279035221279145,6993
6320,1774279035223114400,1774279035229961485,6847
6321,1774279035231649066,1774279035236956251,5307
6322,1774279035238671068,1774279035245849044,7177
6323,1774279035247714475,1774279035253160921,5446
6324,1774279035254855983,1774279035260105719,5249
6325,1774279035261770505,1774279035267117966,5347
6326,1774279035268785479,1774279035273768425,4982
6327,1774279035275704434,1774279035280987666,5283
6328,1774279035282637227,1774279035288271895,5634
6329,1774279035289963484,1774279035295669462,5705
6330,1774279035297318733,1774279035303469893,6151
6331,1774279035305140802,1774279035310178915,5038
6332,1774279035311835795,1774279035317173393,5337
6333,1774279035318772931,1774279035325318601,6545
6334,1774279035327120989,1774279035332762776,5641
6335,1774279035334559587,1774279035339540954,4981
6336,1774279035341211706,1774279035346505941,5294
6337,1774279035348463088,1774279035355354140,6891
6338,1774279035357027545,1774279035361955696,4928
6339,1774279035363648737,1774279035370792509,7143
6340,1774279035372614905,1774279035378099349,5484
6341,1774279035379979190,1774279035385496965,5517
6342,1774279035387235880,1774279035391983516,4747
6343,1774279035393657096,1774279035398552766,4895
6344,1774279035400269179,1774279035404948439,4679
6345,1774279035406631985,1774279035411681814,5049
6346,1774279035413699313,1774279035418657021,4957
6347,1774279035420497847,1774279035426427028,5929
6348,1774279035428178087,1774279035433546290,5368
6349,1774279035435175146,1774279035439690646,4515
6350,1774279035441324812,1774279035446260896,4936
6351,1774279035447661455,1774279035452755953,5094
6352,1774279035454467914,1774279035460876905,6408
6353,1774279035462731878,1774279035467903304,5171
6354,1774279035469603727,1774279035474850766,5247
6355,1774279035476620793,1774279035482031302,5410
6356,1774279035483835853,1774279035489901254,6065
6357,1774279035491773434,1774279035497369469,5596
6358,1774279035499036609,1774279035504272182,5235
6359,1774279035505943897,1774279035510896587,4952
6360,1774279035512573273,1774279035519933450,7360
6361,1774279035521785124,1774279035527467042,5681
6362,1774279035529361784,1774279035534436456,5074
6363,1774279035536205854,1774279035540953234,4747
6364,1774279035542727974,1774279035550070416,7342
6365,1774279035551879868,1774279035559215069,7335
6366,1774279035560898380,1774279035567946606,7048
6367,1774279035569637817,1774279035574293405,4655
6368,1774279035576075885,1774279035581646372,5570
6369,1774279035583308426,1774279035587969330,4660
6370,1774279035589658079,1774279035594719091,5061
6371,1774279035596441346,1774279035601433079,4991
6372,1774279035603221589,1774279035609959215,6737
6373,1774279035611593528,1774279035616876716,5283
6374,1774279035618698586,1774279035624617812,5919
6375,1774279035626344047,1774279035632076416,5732
6376,1774279035633911446,1774279035639014733,5103
6377,1774279035640934496,1774279035646491817,5557
6378,1774279035648195897,1774279035653831017,5635
6379,1774279035655504972,1774279035662246475,6741
6380,1774279035663989580,1774279035669505012,5515
6381,1774279035671265786,1774279035677039135,5773
6382,1774279035678770179,1774279035684202141,5431
6383,1774279035686085126,1774279035691304542,5219
6384,1774279035692996461,1774279035699917027,6920
6385,1774279035701515391,1774279035706220797,4705
6386,1774279035707917030,1774279035712835058,4918
6387,1774279035714511425,1774279035719339444,4828
6388,1774279035721039540,1774279035725541544,4502
6389,1774279035727254101,1774279035731964237,4710
6390,1774279035733586385,1774279035739566151,5979
6391,1774279035741386484,1774279035747311033,5924
6392,1774279035749275803,1774279035754351451,5075
6393,1774279035756114662,1774279035761553979,5439
6394,1774279035763415718,1774279035770697506,7281
6395,1774279035772501919,1774279035779445195,6943
6396,1774279035781173776,1774279035786026255,4852
6397,1774279035787691460,1774279035794783836,7092
6398,1774279035796571566,1774279035802133514,5561
6399,1774279035803960604,1774279035809521110,5560
6400,1774279035811291269,1774279035817079580,5788
6401,1774279035818963110,1774279035824144380,5181
6402,1774279035825800794,1774279035830751594,4950
6403,1774279035832577999,1774279035839936874,7358
6404,1774279035841706493,1774279035846545927,4839
6405,1774279035848246947,1774279035853550980,5304
6406,1774279035855090147,1774279035859811788,4721
6407,1774279035861529839,1774279035866469686,4939
6408,1774279035868102485,1774279035872870588,4768
6409,1774279035874407205,1774279035879087153,4679
6410,1774279035880707510,1774279035887815002,7107
6411,1774279035889656813,1774279035895269465,5612
6412,1774279035896957934,1774279035902039567,5081
6413,1774279035903797418,1774279035908796133,4998
6414,1774279035910492388,1774279035917378151,6885
6415,1774279035919053184,1774279035924811683,5758
6416,1774279035926740938,1774279035932205856,5464
6417,1774279035934012289,1774279035938960699,4948
6418,1774279035941001668,1774279035948239608,7237
6419,1774279035949938414,1774279035954701558,4763
6420,1774279035956629188,1774279035961914599,5285
6421,1774279035963811939,1774279035969415847,5603
6422,1774279035971306001,1774279035977161134,5855
6423,1774279035978768453,1774279035984873677,6105
6424,1774279035986719295,1774279035991991995,5272
6425,1774279035993622744,1774279035998594432,4971
6426,1774279036000190813,1774279036004785821,4595
6427,1774279036006633401,1774279036013223350,6589
6428,1774279036015077172,1774279036021238499,6161
6429,1774279036022891428,1774279036027764867,4873
6430,1774279036029789796,1774279036034689471,4899
6431,1774279036036368716,1774279036042054233,5685
6432,1774279036043898565,1774279036051289065,7390
6433,1774279036053023930,1774279036058884189,5860
6434,1774279036060595263,1774279036065764227,5168
6435,1774279036067807555,1774279036075162076,7354
6436,1774279036076978935,1774279036081931675,4952
6437,1774279036083778425,1774279036089202529,5424
6438,1774279036090823576,1774279036097845247,7021
6439,1774279036099728737,1774279036105152893,5424
6440,1774279036106960283,1774279036114025489,7065
6441,1774279036115636957,1774279036122868019,7231
6442,1774279036124546997,1774279036129861910,5314
6443,1774279036131486152,1774279036137036633,5550
6444,1774279036138758201,1774279036144191902,5433
6445,1774279036145836015,1774279036151361189,5525
6446,1774279036153040555,1774279036157803360,4762
6447,1774279036159521079,1774279036165496017,5974
6448,1774279036167286504,1774279036172992878,5706
6449,1774279036174974669,1774279036182265182,7290
6450,1774279036184146368,1774279036188848053,4701
6451,1774279036190749706,1774279036196088726,5339
6452,1774279036197906807,1774279036203509651,5602
6453,1774279036205219286,1774279036210968367,5749
6454,1774279036212682489,1774279036219770956,7088
6455,1774279036221685824,1774279036227260137,5574
6456,1774279036228923441,1774279036233806832,4883
6457,1774279036235589366,1774279036242446379,6857
6458,1774279036244144740,1774279036251401864,7257
6459,1774279036253151938,1774279036260329354,7177
6460,1774279036262053431,1774279036268348619,6295
6461,1774279036269958673,1774279036274730837,4772
6462,1774279036276386392,1774279036281467343,5080
6463,1774279036283223454,1774279036288314495,5091
6464,1774279036289912538,1774279036295854600,5942
6465,1774279036297785006,1774279036303725031,5940
6466,1774279036305564809,1774279036312285272,6720
6467,1774279036314099572,1774279036319950365,5850
6468,1774279036321631078,1774279036326632844,5001
6469,1774279036328395827,1774279036333429896,5034
6470,1774279036335297188,1774279036340444784,5147
6471,1774279036342189614,1774279036348546626,6357
6472,1774279036350309754,1774279036357107880,6798
6473,1774279036358773080,1774279036363779684,5006
6474,1774279036365514517,1774279036372915435,7400
6475,1774279036374756481,1774279036379652062,4895
6476,1774279036381462270,1774279036388655814,7193
6477,1774279036390374861,1774279036395014394,4639
6478,1774279036396706997,1774279036403235732,6528
6479,1774279036405015552,1774279036410125016,5109
6480,1774279036411789366,1774279036416244091,4454
6481,1774279036417951295,1774279036423272403,5321
6482,1774279036424817297,1774279036431452955,6635
6483,1774279036433424308,1774279036438985804,5561
6484,1774279036440691178,1774279036445801970,5110
6485,1774279036447527673,1774279036452669676,5142
6486,1774279036454659800,1774279036461457089,6797
6487,1774279036463201924,1774279036468703528,5501
6488,1774279036470631748,1774279036475579380,4947
6489,1774279036477296979,1774279036482786249,5489
6490,1774279036484588952,1774279036491249293,6660
6491,1774279036492931109,1774279036498441670,5510
6492,1774279036500098737,1774279036506308571,6209
6493,1774279036508211177,1774279036515108266,6897
6494,1774279036516876852,1774279036522258319,5381
6495,1774279036523849124,1774279036530301813,6452
6496,1774279036532089447,1774279036539015839,6926
6497,1774279036540708605,1774279036546200132,5491
6498,1774279036547835202,1774279036553106134,5270
6499,1774279036554654559,1774279036559674190,5019
6500,1774279036561318225,1774279036566001937,4683
6501,1774279036567638007,1774279036572680958,5042
6502,1774279036574346325,1774279036580267238,5920
6503,1774279036581919616,1774279036588259794,6340
6504,1774279036590110611,1774279036595674205,5563
6505,1774279036597396024,1774279036602451027,5055
6506,1774279036604127844,1774279036608941791,4813
6507,1774279036610771061,1774279036617835318,7064
6508,1774279036619549065,1774279036625426444,5877
6509,1774279036627199993,1774279036632252062,5052
6510,1774279036633941577,1774279036638679640,4738
6511,1774279036640420025,1774279036647524788,7104
6512,1774279036649340426,1774279036655003040,5662
6513,1774279036656729247,1774279036663795559,7066
6514,1774279036665449502,1774279036672464492,7014
6515,1774279036674290112,1774279036678834181,4544
6516,1774279036680446790,1774279036685135929,4689
6517,1774279036686589773,1774279036691218223,4628
6518,1774279036692829634,1774279036697539406,4709
6519,1774279036699153860,1774279036704597403,5443
6520,1774279036706262776,1774279036711905323,5642
6521,1774279036713582085,1774279036720443618,6861
6522,1774279036722412595,1774279036727985128,5572
6523,1774279036729665971,1774279036735187077,5521
6524,1774279036736861199,1774279036741778493,4917
6525,1774279036743529777,1774279036748534701,5004
6526,1774279036750448286,1774279036756120742,5672
6527,1774279036758045114,1774279036763029515,4984
6528,1774279036764775554,1774279036770370993,5595
6529,1774279036772384305,1774279036777736571,5352
6530,1774279036779519332,1774279036785219034,5699
6531,1774279036786925923,1774279036791871464,4945
6532,1774279036793674079,1774279036799104549,5430
6533,1774279036800752345,1774279036805606266,4853
6534,1774279036807212633,1774279036811987790,4775
6535,1774279036813586151,1774279036819243385,5657
6536,1774279036820859806,1774279036827978627,7118
6537,1774279036829651556,1774279036834467644,4816
6538,1774279036836376069,1774279036843304603,6928
6539,1774279036845015629,1774279036850385111,5369
6540,1774279036852046880,1774279036857554819,5507
6541,1774279036859294249,1774279036864080321,4786
6542,1774279036865818150,1774279036870822408,5004
6543,1774279036872821942,1774279036879956233,7134
6544,1774279036881746225,1774279036887101616,5355
6545,1774279036888784018,1774279036893984856,5200
6546,1774279036895915464,1774279036900830314,4914
6547,1774279036902568493,1774279036908007210,5438
6548,1774279036909766913,1774279036916293498,6526
6549,1774279036917948827,1774279036924007353,6058
6550,1774279036925813351,1774279036931708494,5895
6551,1774279036933329133,1774279036938435264,5106
6552,1774279036940229762,1774279036945277372,5047
6553,1774279036947058578,1774279036951584275,4525
6554,1774279036952992060,1774279036957451246,4459
6555,1774279036959085705,1774279036963671785,4586
6556,1774279036965253855,1774279036970556260,5302
6557,1774279036972102394,1774279036976844761,4742
6558,1774279036978380056,1774279036983671864,5291
6559,1774279036985305953,1774279036992078038,6772
6560,1774279036993789284,1774279036999262926,5473
6561,1774279037001031075,1774279037006562505,5531
6562,1774279037008389023,1774279037015246498,6857
6563,1774279037017008859,1774279037022697452,5688
6564,1774279037024337557,1774279037029744380,5406
6565,1774279037031520997,1774279037036471631,4950
6566,1774279037038519198,1774279037043514961,4995
6567,1774279037045366060,1774279037050760081,5394
6568,1774279037052731172,1774279037058634722,5903
6569,1774279037060339712,1774279037066382876,6043
6570,1774279037068112517,1774279037075108386,6995
6571,1774279037076793044,1774279037082322393,5529
6572,1774279037083953331,1774279037088793532,4840
6573,1774279037090686192,1774279037096086964,5400
6574,1774279037097791832,1774279037102773819,4981
6575,1774279037104047756,1774279037109069722,5021
6576,1774279037110787736,1774279037116944418,6156
6577,1774279037118748241,1774279037124204225,5455
6578,1774279037125911454,1774279037131007057,5095
6579,1774279037132801107,1774279037140148177,7347
6580,1774279037141987312,1774279037147650359,5663
6581,1774279037149356772,1774279037154846773,5490
6582,1774279037156561863,1774279037163727639,7165
6583,1774279037165663042,1774279037172393683,6730
6584,1774279037174189288,1774279037179451283,5261
6585,1774279037181188885,1774279037187987861,6798
6586,1774279037189926781,1774279037194685501,4758
6587,1774279037196379341,1774279037202163046,5783
6588,1774279037203843334,1774279037210750762,6907
6589,1774279037212426400,1774279037219794894,7368
6590,1774279037221415659,1774279037226587169,5171
6591,1774279037228316490,1774279037232813448,4496
6592,1774279037234253291,1774279037239271712,5018
6593,1774279037241066848,1774279037245811057,4744
6594,1774279037247374379,1774279037252069785,4695
6595,1774279037253610410,1774279037260494027,6883
6596,1774279037262130994,1774279037267601441,5470
6597,1774279037269250263,1774279037275021534,5771
6598,1774279037276703873,1774279037283618229,6914
6599,1774279037285353648,1774279037290287216,4933
6600,1774279037291957730,1774279037298994668,7036
6601,1774279037300860704,1774279037307543201,6682
6602,1774279037309185177,1774279037314334954,5149
6603,1774279037316057942,1774279037322997001,6939
6604,1774279037324663990,1774279037330076207,5412
6605,1774279037331737713,1774279037338557399,6819
6606,1774279037340474344,1774279037345307934,4833
6607,1774279037347048678,1774279037353381052,6332
6608,1774279037355135306,1774279037359955895,4820
6609,1774279037361498997,1774279037367291868,5792
6610,1774279037368797504,1774279037374415953,5618
6611,1774279037376110848,1774279037380330180,4219
6612,1774279037381429037,1774279037388330161,6901
6613,1774279037390149145,1774279037395499515,5350
6614,1774279037397163854,1774279037403997852,6833
6615,1774279037405578379,1774279037412375391,6797
6616,1774279037413948357,1774279037419446435,5498
6617,1774279037421115357,1774279037426494132,5378
6618,1774279037428278907,1774279037433038645,4759
6619,1774279037434715987,1774279037439822984,5106
6620,1774279037441826044,1774279037447085990,5259
6621,1774279037448880037,1774279037453875976,4995
6622,1774279037455673119,1774279037460804820,5131
6623,1774279037462678294,1774279037468364388,5686
6624,1774279037470257384,1774279037475483173,5225
6625,1774279037477223354,1774279037481982778,4759
6626,1774279037483536590,1774279037488453221,4916
6627,1774279037490141392,1774279037497131177,6989
6628,1774279037498797702,1774279037503331932,4534
6629,1774279037504828996,1774279037509208412,4379
6630,1774279037510705604,1774279037515147516,4441
6631,1774279037516786001,1774279037522327580,5541
6632,1774279037523945164,1774279037528725575,4780
6633,1774279037530357022,1774279037535697936,5340
6634,1774279037537517475,1774279037543033556,5516
6635,1774279037544711992,1774279037549782280,5070
6636,1774279037551735949,1774279037556734450,4998
6637,1774279037558651980,1774279037564156714,5504
6638,1774279037566006687,1774279037571642545,5635
6639,1774279037573379827,1774279037578714393,5334
6640,1774279037580449674,1774279037587157433,6707
6641,1774279037589205462,1774279037596321711,7116
6642,1774279037597996881,1774279037603527827,5530
6643,1774279037605190566,1774279037610714549,5523
6644,1774279037612462263,1774279037619572692,7110
6645,1774279037621419923,1774279037627094991,5675
6646,1774279037628753422,1774279037634440556,5687
6647,1774279037636117642,1774279037640760229,4642
6648,1774279037642480321,1774279037649782066,7301
6649,1774279037651458601,1774279037656503096,5044
6650,1774279037658212347,1774279037663584791,5372
6651,1774279037665224860,1774279037670204884,4980
6652,1774279037671740402,1774279037676785385,5044
6653,1774279037678371923,1774279037683426033,5054
6654,1774279037685178058,1774279037692123829,6945
6655,1774279037693849560,1774279037699344337,5494
6656,1774279037701176401,1774279037706310700,5134
6657,1774279037708022113,1774279037713082841,5060
6658,1774279037714885060,1774279037720531271,5646
6659,1774279037722273270,1774279037727700222,5426
6660,1774279037729398201,1774279037735128309,5730
6661,1774279037736768196,1774279037741817531,5049
6662,1774279037743682459,1774279037748722854,5040
6663,1774279037750663063,1774279037755972220,5309
6664,1774279037757836905,1774279037763303997,5467
6665,1774279037764981798,1774279037770810080,5828
6666,1774279037772546955,1774279037778174359,5627
6667,1774279037779847507,1774279037784765230,4917
6668,1774279037786393252,1774279037791430280,5037
6669,1774279037792848008,1774279037798850417,6002
6670,1774279037800535642,1774279037806132080,5596
6671,1774279037807772195,1774279037812581709,4809
6672,1774279037814409417,1774279037819573613,5164
6673,1774279037821371933,1774279037827050409,5678
6674,1774279037828907812,1774279037833899173,4991
6675,1774279037835863930,1774279037840798159,4934
6676,1774279037842653904,1774279037848121572,5467
6677,1774279037849932133,1774279037855546528,5614
6678,1774279037857281257,1774279037862106274,4825
6679,1774279037863873244,1774279037868900823,5027
6680,1774279037870749895,1774279037876287487,5537
6681,1774279037878005322,1774279037883732410,5727
6682,1774279037885612428,1774279037891088410,5475
6683,1774279037892761087,1774279037897727850,4966
6684,1774279037899409888,1774279037904384851,4974
6685,1774279037906108060,1774279037911777457,5669
6686,1774279037913234092,1774279037917820589,4586
6687,1774279037919425932,1774279037925369316,5943
6688,1774279037927016689,1774279037933937320,6920
6689,1774279037935609794,1774279037940704754,5094
6690,1774279037942408585,1774279037948524943,6116
6691,1774279037950425794,1774279037956255509,5829
6692,1774279037958196677,1774279037963676731,5480
6693,1774279037965414936,1774279037971681896,6266
6694,1774279037973599633,1774279037978724038,5124
6695,1774279037980460278,1774279037986547155,6086
6696,1774279037988284175,1774279037994529522,6245
6697,1774279037996203359,1774279038000955019,4751
6698,1774279038002708826,1774279038008149267,5440
6699,1774279038009842894,1774279038016765382,6922
6700,1774279038018369741,1774279038023693429,5323
6701,1774279038025400255,1774279038031060254,5659
6702,1774279038032622659,1774279038037451975,4829
6703,1774279038039134282,1774279038043963256,4828
6704,1774279038045682083,1774279038050350415,4668
6705,1774279038052066023,1774279038056898704,4832
6706,1774279038058590543,1774279038065902251,7311
6707,1774279038067560801,1774279038072798377,5237
6708,1774279038074552281,1774279038080044854,5492
6709,1774279038081753182,1774279038087277495,5524
6710,1774279038089005829,1774279038096176279,7170
6711,1774279038098130055,1774279038103060946,4930
6712,1774279038104755273,1774279038111471801,6716
6713,1774279038113451153,1774279038120222373,6771
6714,1774279038121948414,1774279038127533659,5585
6715,1774279038129319790,1774279038135405189,6085
6716,1774279038137419038,1774279038144397712,6978
6717,1774279038146250630,1774279038151743228,5492
6718,1774279038153474684,1774279038159242396,5767
6719,1774279038161199787,1774279038168203453,7003
6720,1774279038169862436,1774279038175107935,5245
6721,1774279038176899727,1774279038183226846,6327
6722,1774279038184860182,1774279038190430761,5570
6723,1774279038192091719,1774279038196775654,4683
6724,1774279038198339753,1774279038203151682,4811
6725,1774279038204641350,1774279038209472575,4831
6726,1774279038211046667,1774279038217831060,6784
6727,1774279038219466536,1774279038226064651,6598
6728,1774279038227692450,1774279038232989742,5297
6729,1774279038234721607,1774279038240310913,5589
6730,1774279038242192371,1774279038247684227,5491
6731,1774279038249397105,1774279038255421978,6024
6732,1774279038257392310,1774279038262674805,5282
6733,1774279038264438392,1774279038269493000,5054
6734,1774279038271209917,1774279038278277173,7067
6735,1774279038279984783,1774279038284846391,4861
6736,1774279038286563892,1774279038292556968,5993
6737,1774279038294552313,1774279038300138427,5586
6738,1774279038301820338,1774279038307089993,5269
6739,1774279038308769663,1774279038313987168,5217
6740,1774279038315645673,1774279038320880909,5235
6741,1774279038322553353,1774279038327611305,5057
6742,1774279038329397398,1774279038333989478,4592
6743,1774279038335642654,1774279038342061048,6418
6744,1774279038343697217,1774279038348751100,5053
6745,1774279038350333499,1774279038355771206,5437
6746,1774279038357550111,1774279038362635729,5085
6747,1774279038364334474,1774279038369142867,4808
6748,1774279038370774941,1774279038378116175,7341
6749,1774279038379885418,1774279038384807472,4922
6750,1774279038386494525,1774279038391832485,5337
6751,1774279038393712647,1774279038401055143,7342
6752,1774279038402733957,1774279038407979675,5245
6753,1774279038409670282,1774279038415200204,5529
6754,1774279038416908587,1774279038424045299,7136
6755,1774279038425978912,1774279038431492195,5513
6756,1774279038433161422,1774279038439016157,5854
6757,1774279038440779989,1774279038447897621,7117
6758,1774279038449704645,1774279038456942411,7237
6759,1774279038458578425,1774279038463893977,5315
6760,1774279038465407428,1774279038470051252,4643
6761,1774279038471598957,1774279038476626343,5027
6762,1774279038478271031,1774279038485184795,6913
6763,1774279038487027396,1774279038492159357,5131
6764,1774279038493822401,1774279038500071067,6248
6765,1774279038501706524,1774279038506676687,4970
6766,1774279038508491238,1774279038513359723,4868
6767,1774279038515211865,1774279038519869637,4657
6768,1774279038521578512,1774279038527192661,5614
6769,1774279038529101490,1774279038534542815,5441
6770,1774279038536462424,1774279038543722668,7260
6771,1774279038545539579,1774279038550924609,5385
6772,1774279038552694433,1774279038558338940,5644
6773,1774279038560205092,1774279038564945532,4740
6774,1774279038566727897,1774279038573682676,6954
6775,1774279038575389073,1774279038582776325,7387
6776,1774279038584567300,1774279038591755231,7187
6777,1774279038593408590,1774279038597889982,4481
6778,1774279038599711256,1774279038605292202,5580
6779,1774279038606875002,1774279038611768674,4893
6780,1774279038613514221,1774279038619400684,5886
6781,1774279038621158874,1774279038625879889,4721
6782,1774279038627463344,1774279038634250660,6787
6783,1774279038636071424,1774279038642776322,6704
6784,1774279038644471689,1774279038649386970,4915
6785,1774279038651032111,1774279038657799658,6767
6786,1774279038659620423,1774279038666249937,6629
6787,1774279038668052668,1774279038673211762,5159
6788,1774279038674895116,1774279038681375566,6480
6789,1774279038683203514,1774279038690089185,6885
6790,1774279038691834681,1774279038697128927,5294
6791,1774279038698797352,1774279038705264220,6466
6792,1774279038706972155,1774279038713714331,6742
6793,1774279038715464940,1774279038720732835,5267
6794,1774279038722516296,1774279038728090366,5574
6795,1774279038729719322,1774279038736694272,6974
6796,1774279038738366117,1774279038743400385,5034
6797,1774279038745172226,1774279038751202557,6030
6798,1774279038752565147,1774279038757439438,4874
6799,1774279038759028349,1774279038764473716,5445
6800,1774279038766208042,1774279038770983968,4775
6801,1774279038772644555,1774279038777903531,5258
6802,1774279038779681465,1774279038786582794,6901
6803,1774279038788545441,1774279038793723768,5178
6804,1774279038795688326,1774279038801729122,6040
6805,1774279038803618052,1774279038809283928,5665
6806,1774279038810942029,1774279038815822085,4880
6807,1774279038817557018,1774279038822566441,5009
6808,1774279038824368841,1774279038830266380,5897
6809,1774279038831940111,1774279038836840101,4899
6810,1774279038838730001,1774279038843682198,4952
6811,1774279038845459131,1774279038851543838,6084
6812,1774279038853730496,1774279038859414766,5684
6813,1774279038861211231,1774279038866885434,5674
6814,1774279038868499132,1774279038875118965,6619
6815,1774279038876767370,1774279038883752123,6984
6816,1774279038885385104,1774279038890107581,4722
6817,1774279038891671935,1774279038896555963,4884
6818,1774279038898161811,1774279038902927873,4766
6819,1774279038904661457,1774279038909535182,4873
6820,1774279038911217186,1774279038918001774,6784
6821,1774279038919740292,1774279038925265132,5524
6822,1774279038927022620,1774279038934169953,7147
6823,1774279038936058802,1774279038940868083,4809
6824,1774279038942769781,1774279038948362703,5592
6825,1774279038950457615,1774279038957236692,6779
6826,1774279038958927211,1774279038964082135,5154
6827,1774279038965996403,1774279038973289665,7293
6828,1774279038974966589,1774279038980159672,5193
6829,1774279038981823415,1774279038988581139,6757
6830,1774279038990680480,1774279038997626202,6945
6831,1774279038999381998,1774279039004293316,4911
6832,1774279039005829322,1774279039011025092,5195
6833,1774279039012294507,1774279039016809855,4515
6834,1774279039018158035,1774279039022705504,4547
6835,1774279039024292527,1774279039028806715,4514
6836,1774279039030406945,1774279039035312821,4905
6837,1774279039036984681,1774279039041806601,4821
6838,1774279039043759141,1774279039050351032,6591
6839,1774279039052057278,1774279039057870732,5813
6840,1774279039059597874,1774279039064667735,5069
6841,1774279039066487510,1774279039071553622,5066
6842,1774279039073442916,1774279039078848139,5405
6843,1774279039080597093,1774279039086866481,6269
6844,1774279039088814222,1774279039094080265,5266
6845,1774279039095832031,1774279039100767030,4934
6846,1774279039102639690,1774279039107799910,5160
6847,1774279039109705866,1774279039114692729,4986
6848,1774279039116599974,1774279039123451263,6851
6849,1774279039125194842,1774279039130614133,5419
6850,1774279039132348395,1774279039137419198,5070
6851,1774279039139078602,1774279039146122043,7043
6852,1774279039147949462,1774279039152457609,4508
6853,1774279039154082272,1774279039158826018,4743
6854,1774279039160217843,1774279039165198756,4980
6855,1774279039166853470,1774279039172427944,5574
6856,1774279039173936000,1774279039178816010,4880
6857,1774279039180536635,1774279039185634985,5098
6858,1774279039187336136,1774279039193233024,5896
6859,1774279039195035478,1774279039200851258,5815
6860,1774279039202826128,1774279039208806154,5980
6861,1774279039210727990,1774279039216525518,5797
6862,1774279039218324551,1774279039224721941,6397
6863,1774279039227713312,1774279039233410154,5696
6864,1774279039235301101,1774279039240443341,5142
6865,1774279039242164699,1774279039247299093,5134
6866,1774279039249150001,1774279039256309084,7159
6867,1774279039258011354,1774279039262951364,4940
6868,1774279039264611428,1774279039269499442,4888
6869,1774279039271373787,1774279039278417271,7043
6870,1774279039280133828,1774279039285456798,5322
6871,1774279039287100817,1774279039291941845,4841
6872,1774279039293648820,1774279039298639208,4990
6873,1774279039300330893,1774279039304942304,4611
6874,1774279039306604263,1774279039312676532,6072
6875,1774279039314522012,1774279039319720831,5198
6876,1774279039321906785,1774279039327027127,5120
6877,1774279039328976906,1774279039334755503,5778
6878,1774279039336688583,1774279039342474726,5786
6879,1774279039344331857,1774279039350222229,5890
6880,1774279039351997056,1774279039358119002,6121
6881,1774279039359821839,1774279039365970445,6148
6882,1774279039367690441,1774279039372662072,4971
6883,1774279039374664909,1774279039379805792,5140
6884,1774279039381559013,1774279039387711209,6152
6885,1774279039389723917,1774279039395586025,5862
6886,1774279039397313511,1774279039402653350,5339
6887,1774279039404454217,1774279039410036114,5581
6888,1774279039411691518,1774279039418713239,7021
6889,1774279039420590596,1774279039426167284,5576
6890,1774279039427868703,1774279039433051691,5182
6891,1774279039434797534,1774279039439902281,5104
6892,1774279039441590203,1774279039448549666,6959
6893,1774279039450524820,1774279039456349761,5824
6894,1774279039458156844,1774279039463156856,5000
6895,1774279039464908568,1774279039470033148,5124
6896,1774279039471802423,1774279039477302489,5500
6897,1774279039479086504,1774279039484308101,5221
6898,1774279039486596499,1774279039491843740,5247
6899,1774279039493800822,1774279039499254895,5454
6900,1774279039501105014,1774279039506671180,5566
6901,1774279039508376409,1774279039514077436,5701
6902,1774279039515741957,1774279039522893997,7152
6903,1774279039524880507,1774279039531429896,6549
6904,1774279039533195044,1774279039537961136,4766
6905,1774279039539626382,1774279039544803437,5177
6906,1774279039546383682,1774279039551534036,5150
6907,1774279039553267055,1774279039558139514,4872
6908,1774279039559812938,1774279039565271775,5458
6909,1774279039567058175,1774279039572395015,5336
6910,1774279039573910226,1774279039578778179,4867
6911,1774279039580337630,1774279039586818119,6480
6912,1774279039588601228,1774279039593760684,5159
6913,1774279039595435580,1774279039601245641,5810
6914,1774279039603119748,1774279039609426966,6307
6915,1774279039611412948,1774279039616848678,5435
6916,1774279039618560079,1774279039624607141,6047
6917,1774279039626332901,1774279039633313687,6980
6918,1774279039635220140,1774279039640936757,5716
6919,1774279039642630553,1774279039649249749,6619
6920,1774279039650865332,1774279039657108952,6243
6921,1774279039658885274,1774279039664276731,5391
6922,1774279039666058970,1774279039672748651,6689
6923,1774279039674296261,1774279039679699379,5403
6924,1774279039681467989,1774279039686161720,4693
6925,1774279039687762806,1774279039692683965,4921
6926,1774279039694407446,1774279039701660774,7253
6927,1774279039703240036,1774279039709080537,5840
6928,1774279039710390762,1774279039715197304,4806
6929,1774279039716766782,1774279039722241059,5474
6930,1774279039723970743,1774279039729296837,5326
6931,1774279039731063108,1774279039736452820,5389
6932,1774279039738224436,1774279039742981382,4756
6933,1774279039744771882,1774279039750056536,5284
6934,1774279039751802229,1774279039757973776,6171
6935,1774279039760099257,1774279039766092565,5993
6936,1774279039767815660,1774279039773866052,6050
6937,1774279039775593777,1774279039780573075,4979
6938,1774279039782269089,1774279039787307745,5038
6939,1774279039789017773,1774279039793909654,4891
6940,1774279039795735791,1774279039802378316,6642
6941,1774279039804243608,1774279039809433912,5190
6942,1774279039811194972,1774279039816763639,5568
6943,1774279039818524729,1774279039825912250,7387
6944,1774279039827557990,1774279039832953297,5395
6945,1774279039834686753,1774279039840495542,5808
6946,1774279039841896752,1774279039849324534,7427
6947,1774279039851013283,1774279039856683062,5669
6948,1774279039858360083,1774279039864087942,5727
6949,1774279039865757107,1774279039872802723,7045
6950,1774279039874659132,1774279039880243156,5584
6951,1774279039881943897,1774279039887471171,5527
6952,1774279039889182824,1774279039894016137,4833
6953,1774279039895789366,1774279039902755717,6966
6954,1774279039904807555,1774279039911970016,7162
6955,1774279039913741045,1774279039919330020,5588
6956,1774279039921022099,1774279039926215891,5193
6957,1774279039927905755,1774279039932793425,4887
6958,1774279039934494132,1774279039940061676,5567
6959,1774279039942215070,1774279039949040249,6825
6960,1774279039950919091,1774279039956102397,5183
6961,1774279039957763198,1774279039962658933,4895
6962,1774279039964400866,1774279039969092921,4692
6963,1774279039970737850,1774279039975364989,4627
6964,1774279039976941753,1774279039982102810,5161
6965,1774279039983825704,1774279039989057275,5231
6966,1774279039990720915,1774279039995146048,4425
6967,1774279039996725438,1774279040001757901,5032
6968,1774279040003332359,1774279040007797652,4465
6969,1774279040009579173,1774279040016108640,6529
6970,1774279040017834401,1774279040022983119,5148
6971,1774279040024569557,1774279040029737118,5167
6972,1774279040031469173,1774279040036450690,4981
6973,1774279040038237964,1774279040043495109,5257
6974,1774279040045456081,1774279040051879356,6423
6975,1774279040053734106,1774279040059600121,5866
6976,1774279040061371922,1774279040066867030,5495
6977,1774279040068662246,1774279040073696868,5034
6978,1774279040075512667,1774279040080504170,4991
6979,1774279040082408414,1774279040088073739,5665
6980,1774279040089782974,1774279040095464387,5681
6981,1774279040097178673,1774279040102885840,5707
6982,1774279040104499387,1774279040111805432,7306
6983,1774279040113521816,1774279040119168666,5646
6984,1774279040120814645,1774279040128029447,7214
6985,1774279040129832003,1774279040135117723,5285
6986,1774279040136775609,1774279040141988060,5212
6987,1774279040143693046,1774279040150831236,7138
6988,1774279040152610670,1774279040158287139,5676
6989,1774279040160038789,1774279040165500498,5461
6990,1774279040167319294,1774279040172623686,5304
6991,1774279040174545106,1774279040180536895,5991
6992,1774279040182637717,1774279040188288792,5651
6993,1774279040190096649,1774279040195310699,5214
6994,1774279040197008083,1774279040201884633,4876
6995,1774279040203771568,1774279040208768853,4997
6996,1774279040210619761,1774279040216436806,5817
6997,1774279040218356625,1774279040224005722,5649
6998,1774279040225709104,1774279040231071981,5362
6999,1774279040232949690,1774279040239281564,6331
7000,1774279040240995717,1774279040246304237,5308
7001,1774279040248007873,1774279040253051938,5044
7002,1774279040254653477,1774279040259763525,5110
7003,1774279040261365473,1774279040266360696,4995
7004,1774279040267999178,1774279040273303360,5304
7005,1774279040274949249,1774279040280347728,5398
7006,1774279040282067210,1774279040289111511,7044
7007,1774279040290848605,1774279040296643115,5794
7008,1774279040298397149,1774279040303810737,5413
7009,1774279040305606610,1774279040310841604,5234
7010,1774279040312551023,1774279040318798040,6247
7011,1774279040320725395,1774279040326598308,5872
7012,1774279040328290747,1774279040332924751,4634
7013,1774279040334537547,1774279040339971633,5434
7014,1774279040341857070,1774279040348793433,6936
7015,1774279040350738872,1774279040356387827,5648
7016,1774279040358193219,1774279040363279838,5086
7017,1774279040364995522,1774279040369752596,4757
7018,1774279040371541098,1774279040377132970,5591
7019,1774279040378782542,1774279040384074629,5292
7020,1774279040385751118,1774279040392138469,6387
7021,1774279040393799208,1774279040399284403,5485
7022,1774279040400940408,1774279040405793236,4852
7023,1774279040407361372,1774279040413206756,5845
7024,1774279040414905259,1774279040421688180,6782
7025,1774279040423481187,1774279040429243736,5762
7026,1774279040430980780,1774279040436052710,5071
7027,1774279040437714266,1774279040443515317,5801
7028,1774279040445230846,1774279040450689324,5458
7029,1774279040452419960,1774279040458309377,5889
7030,1774279040460184975,1774279040465483568,5298
7031,1774279040467350213,1774279040474305814,6955
7032,1774279040476011251,1774279040480856498,4845
7033,1774279040482549885,1774279040487922753,5372
7034,1774279040489822890,1774279040496901709,7078
7035,1774279040498719653,1774279040504213426,5493
7036,1774279040506125919,1774279040513243063,7117
7037,1774279040514793148,1774279040521892769,7099
7038,1774279040523557361,1774279040528926130,5368
7039,1774279040530615583,1774279040535949325,5333
7040,1774279040537538300,1774279040542124317,4586
7041,1774279040543743084,1774279040549033858,5290
7042,1774279040550734414,1774279040555935479,5201
7043,1774279040557623710,1774279040563590326,5966
7044,1774279040565339519,1774279040570632883,5293
7045,1774279040572350742,1774279040577370442,5019
7046,1774279040579263425,1774279040586472728,7209
7047,1774279040588355982,1774279040594000678,5644
7048,1774279040595902626,1774279040601496072,5593
7049,1774279040603283080,1774279040608241381,4958
7050,1774279040609992392,1774279040615786209,5793
7051,1774279040617772797,1774279040623812176,6039
7052,1774279040625541275,1774279040631216134,5674
7053,1774279040632919944,1774279040637821448,4901
7054,1774279040639644022,1774279040646787769,7143
7055,1774279040648532386,1774279040653596136,5063
7056,1774279040655332780,1774279040662577188,7244
7057,1774279040664248804,1774279040669619667,5370
7058,1774279040671145881,1774279040676807149,5661
7059,1774279040678522410,1774279040683164871,4642
7060,1774279040684870313,1774279040689768627,4898
7061,1774279040691414775,1774279040696873722,5458
7062,1774279040698632039,1774279040705622215,6990
7063,1774279040707467610,1774279040713030279,5562
7064,1774279040714767532,1774279040720333337,5565
7065,1774279040722102387,1774279040727238614,5136
7066,1774279040729068782,1774279040736246539,7177
7067,1774279040738099898,1774279040743545976,5446
7068,1774279040745511372,1774279040750938712,5427
7069,1774279040752614377,1774279040757664489,5050
7070,1774279040759423127,1774279040766272750,6849
7071,1774279040768041935,1774279040773803159,5761
7072,1774279040775698401,1774279040780776423,5078
7073,1774279040782755608,1774279040790035969,7280
7074,1774279040791792136,1774279040797455628,5663
7075,1774279040799114428,1774279040803677948,4563
7076,1774279040805242115,1774279040811228666,5986
7077,1774279040812852993,1774279040818123340,5270
7078,1774279040819670040,1774279040824601649,4931
7079,1774279040826330393,1774279040831027860,4697
7080,1774279040832694346,1774279040839427489,6733
7081,1774279040841232969,1774279040846772650,5539
7082,1774279040848817165,1774279040854793318,5976
7083,1774279040856638257,1774279040862367545,5729
7084,1774279040864065540,1774279040868838687,4773
7085,1774279040870731977,1774279040876070654,5338
7086,1774279040877963812,1774279040883536135,5572
7087,1774279040885494139,1774279040891156328,5662
7088,1774279040892792438,1774279040898786032,5993
7089,1774279040900576030,1774279040906635674,6059
7090,1774279040908370961,1774279040914363171,5992
7091,1774279040916059926,1774279040920698506,4638
7092,1774279040922525673,1774279040927646560,5120
7093,1774279040929454181,1774279040934590743,5136
7094,1774279040936087508,1774279040940623391,4535
7095,1774279040941943914,1774279040946499890,4555
7096,1774279040948130774,1774279040952645715,4514
7097,1774279040954255163,1774279040958986484,4731
7098,1774279040960560597,1774279040966509957,5949
7099,1774279040968174057,1774279040973645505,5471
7100,1774279040975272033,1774279040980274987,5002
7101,1774279040981921734,1774279040986721985,4800
7102,1774279040988343887,1774279040994423716,6079
7103,1774279040996205217,1774279041000917077,4711
7104,1774279041002844631,1774279041008782503,5937
7105,1774279041010704093,1774279041016230549,5526
7106,1774279041017938530,1774279041022739556,4801
7107,1774279041024437801,1774279041029391533,4953
7108,1774279041030960264,1774279041037701479,6741
7109,1774279041039370310,1774279041044814421,5444
7110,1774279041046750315,1774279041052305215,5554
7111,1774279041053977233,1774279041059688420,5711
7112,1774279041061472071,1774279041066154596,4682
7113,1774279041067816640,1774279041073013968,5197
7114,1774279041074639034,1774279041079918504,5279
7115,1774279041081512889,1774279041087023190,5510
7116,1774279041088782595,1774279041093626936,4844
7117,1774279041095395536,1774279041100334738,4939
7118,1774279041101812863,1774279041107870930,6058
7119,1774279041109524067,1774279041115099582,5575
7120,1774279041117065702,1774279041122069140,5003
7121,1774279041123848493,1774279041128949551,5101
7122,1774279041130737141,1774279041136244561,5507
7123,1774279041138089536,1774279041143882067,5792
7124,1774279041145544676,1774279041151177659,5632
7125,1774279041152820431,1774279041157782323,4961
7126,1774279041159645345,1774279041164746160,5100
7127,1774279041166686273,1774279041173985638,7299
7128,1774279041175671160,1774279041181056917,5385
7129,1774279041182752351,1774279041187989862,5237
7130,1774279041189758116,1774279041196800756,7042
7131,1774279041198634854,1774279041204304759,5669
7132,1774279041205973061,1774279041210535783,4562
7133,1774279041212182315,1774279041216743198,4560
7134,1774279041218419075,1774279041224358157,5939
7135,1774279041225846734,1774279041231698146,5851
7136,1774279041233502029,1774279041239421498,5919
7137,1774279041241106383,1774279041246253189,5146
7138,1774279041247921391,1774279041253264730,5343
7139,1774279041254921440,1774279041262212475,7291
7140,1774279041263908537,1774279041268876882,4968
7141,1774279041270832042,1774279041276394004,5561
7142,1774279041278195954,1774279041284030109,5834
7143,1774279041285770641,1774279041291352464,5581
7144,1774279041293054545,1774279041297940024,4885
7145,1774279041299936162,1774279041304808945,4872
7146,1774279041306754567,1774279041311727828,4973
7147,1774279041313634025,1774279041320531101,6897
7148,1774279041322267148,1774279041327013661,4746
7149,1774279041328775407,1774279041334054918,5279
7150,1774279041335727558,1774279041342938162,7210
7151,1774279041344649023,1774279041350878789,6229
7152,1774279041352562867,1774279041358576744,6013
7153,1774279041360369666,1774279041366496868,6127
7154,1774279041368273705,1774279041373032751,4759
7155,1774279041374684205,1774279041380598572,5914
7156,1774279041382238916,1774279041387674095,5435
7157,1774279041389338243,1774279041394272016,4933
7158,1774279041395906850,1774279041400619496,4712
7159,1774279041402269133,1774279041406882492,4613
7160,1774279041408470946,1774279041415422491,6951
7161,1774279041417185718,1774279041421914640,4728
7162,1774279041423852242,1774279041429289111,5436
7163,1774279041430957060,1774279041436450058,5492
7164,1774279041438135207,1774279041445275154,7139
7165,1774279041447114732,1774279041453373008,6258
7166,1774279041455065895,1774279041460275407,5209
7167,1774279041462002749,1774279041467144821,5142
7168,1774279041468804155,1774279041475891125,7086
7169,1774279041477588010,1774279041483552040,5964
7170,1774279041485400270,1774279041490750442,5350
7171,1774279041492366255,1774279041497050819,4684
7172,1774279041498764685,1774279041503723367,4958
7173,1774279041505387196,1774279041511090309,5703
7174,1774279041512776104,1774279041518639964,5863
7175,1774279041520312774,1774279041524954118,4641
7176,1774279041526605087,1774279041531923361,5318
7177,1774279041533631849,1774279041539037489,5405
7178,1774279041540776033,1774279041547508614,6732
7179,1774279041549347873,1774279041554580307,5232
7180,1774279041556300363,1774279041563243226,6942
7181,1774279041564916375,1774279041571550262,6633
7182,1774279041573264930,1774279041578318841,5053
7183,1774279041580075628,1774279041587280000,7204
7184,1774279041589026866,1774279041595905757,6878
7185,1774279041597845002,1774279041603813749,5968
7186,1774279041605537061,1774279041612527000,6989
7187,1774279041614292110,1774279041621111337,6819
7188,1774279041622755421,1774279041628382771,5627
7189,1774279041630052206,1774279041634463255,4411
7190,1774279041636137501,1774279041641556657,5419
7191,1774279041643274061,1774279041649536751,6262
7192,1774279041651157021,1774279041658193445,7036
7193,1774279041659922812,1774279041665579823,5657
7194,1774279041667360508,1774279041672459071,5098
7195,1774279041674286179,1774279041681408809,7122
7196,1774279041683209173,1774279041689027974,5818
7197,1774279041690771796,1774279041696202834,5431
7198,1774279041697820910,1774279041702523259,4702
7199,1774279041704166825,1774279041711165946,6999
7200,1774279041712793234,1774279041717953352,5160
7201,1774279041719583714,1774279041725176910,5593
7202,1774279041726804292,1774279041733166542,6362
7203,1774279041734795736,1774279041741754473,6958
7204,1774279041743506931,1774279041748956695,5449
7205,1774279041750532129,1774279041757597163,7065
7206,1774279041759369192,1774279041764273689,4904
7207,1774279041766037371,1774279041770731593,4694
7208,1774279041772162523,1774279041778324113,6161
7209,1774279041779882237,1774279041786258815,6376
7210,1774279041787822360,1774279041793354327,5531
7211,1774279041794998776,1774279041800114447,5115
7212,1774279041801751564,1774279041806624928,4873
7213,1774279041808282954,1774279041813054050,4771
7214,1774279041814785334,1774279041819997137,5211
7215,1774279041821810591,1774279041826745727,4935
7216,1774279041828685544,1774279041834259756,5574
7217,1774279041835930998,1774279041841797494,5866
7218,1774279041843802108,1774279041849242313,5440
7219,1774279041850958255,1774279041857032705,6074
7220,1774279041858992743,1774279041864462487,5469
7221,1774279041866229592,1774279041871746977,5517
7222,1774279041873504091,1774279041879252185,5748
7223,1774279041880963281,1774279041888023909,7060
7224,1774279041889689792,1774279041894468106,4778
7225,1774279041896341126,1774279041902391295,6050
7226,1774279041904217859,1774279041908854971,4637
7227,1774279041910470047,1774279041915006829,4536
7228,1774279041916494438,1774279041922473265,5978
7229,1774279041924124767,1774279041929263703,5138
7230,1774279041930893911,1774279041935800630,4906
7231,1774279041937595323,1774279041943072293,5476
7232,1774279041944752059,1774279041951834154,7082
7233,1774279041953746692,1774279041959601831,5855
7234,1774279041961358294,1774279041966832762,5474
7235,1774279041968547777,1774279041973579689,5031
7236,1774279041975259175,1774279041980089178,4830
7237,1774279041981834774,1774279041989210006,7375
7238,1774279041991119884,1774279041996622485,5502
7239,1774279041998611391,1774279042003641334,5029
7240,1774279042005365509,1774279042012235134,6869
7241,1774279042013929655,1774279042019383545,5453
7242,1774279042021380181,1774279042026294864,4914
7243,1774279042027950497,1774279042032458392,4507
7244,1774279042034055606,1774279042038865582,4809
7245,1774279042040326270,1774279042046928282,6602
7246,1774279042048434625,1774279042053345044,4910
7247,1774279042054900223,1774279042060720053,5819
7248,1774279042062514462,1774279042068122113,5607
7249,1774279042069820631,1774279042074787208,4966
7250,1774279042076458274,1774279042081455480,4997
7251,1774279042082982209,1774279042087900971,4918
7252,1774279042089516560,1774279042094631665,5115
7253,1774279042096536134,1774279042102025992,5489
7254,1774279042103760087,1774279042110321660,6561
7255,1774279042112199442,1774279042118414218,6214
7256,1774279042120189397,1774279042125760929,5571
7257,1774279042127471723,1774279042132832085,5360
7258,1774279042134568991,1774279042140801583,6232
7259,1774279042142825357,1774279042148313058,5487
7260,1774279042150124994,1774279042155697232,5572
7261,1774279042157496725,1774279042162591855,5095
7262,1774279042164388828,1774279042170251090,5862
7263,1774279042171967827,1774279042177957962,5990
7264,1774279042179736886,1774279042185869403,6132
7265,1774279042187562241,1774279042192764827,5202
7266,1774279042194464473,1774279042199492480,5028
7267,1774279042201171378,1774279042207145102,5973
7268,1774279042208944614,1774279042214953597,6008
7269,1774279042216873479,1774279042222533832,5660
7270,1774279042224379588,1774279042231284722,6905
7271,1774279042232917890,1774279042239811526,6893
7272,1774279042241529503,1774279042246581454,5051
7273,1774279042248293953,1774279042253365652,5071
7274,1774279042255251062,1774279042260750011,5498
7275,1774279042262736153,1774279042268400462,5664
7276,1774279042270350603,1774279042275671789,5321
7277,1774279042277444257,1774279042283492217,6047
7278,1774279042285354385,1774279042292266414,6912
7279,1774279042293925982,1774279042298804543,4878
7280,1774279042300373247,1774279042307396756,7023
7281,1774279042309138965,1774279042313769707,4630
7282,1774279042315456991,1774279042320719169,5262
7283,1774279042322391286,1774279042327782376,5391
7284,1774279042329384151,1774279042334317061,4932
7285,1774279042335950729,1774279042341189230,5238
7286,1774279042342930613,1774279042348346158,5415
7287,1774279042350056790,1774279042356983705,6926
7288,1774279042358794191,1774279042365613971,6819
7289,1774279042367328067,1774279042372704291,5376
7290,1774279042374413729,1774279042381249506,6835
7291,1774279042382943302,1774279042387770016,4826
7292,1774279042389592368,1774279042395088854,5496
7293,1774279042396825381,1774279042402207465,5382
7294,1774279042404028619,1774279042408840188,4811
7295,1774279042410626828,1774279042416192700,5565
7296,1774279042417961416,1774279042424823371,6861
7297,1774279042426661905,1774279042432057537,5395
7298,1774279042433710329,1774279042439672154,5961
7299,1774279042441486116,1774279042446958207,5472
7300,1774279042448607066,1774279042453604504,4997
7301,1774279042455169336,1774279042460581701,5412
7302,1774279042462279561,1774279042467366008,5086
7303,1774279042469192173,1774279042473966769,4774
7304,1774279042475718847,1774279042481059095,5340
7305,1774279042482807060,1774279042488539680,5732
7306,1774279042490336887,1774279042497267275,6930
7307,1774279042498950547,1774279042503785892,4835
7308,1774279042505656784,1774279042511646104,5989
7309,1774279042513393322,1774279042519150319,5756
7310,1774279042520829992,1774279042525908326,5078
7311,1774279042527780599,1774279042534827102,7046
7312,1774279042536620866,1774279042541590949,4970
7313,1774279042543405493,1774279042548748658,5343
7314,1774279042550706513,1774279042556094895,5388
7315,1774279042557861945,1774279042563917935,6055
7316,1774279042565947854,1774279042571743312,5795
7317,1774279042573525990,1774279042579336892,5810
7318,1774279042581041986,1774279042586687281,5645
7319,1774279042588223245,1774279042592760204,4536
7320,1774279042594537177,1774279042600322232,5785
7321,1774279042602016772,1774279042606866319,4849
7322,1774279042608361680,1774279042613391925,5030
7323,1774279042614933387,1774279042620175853,5242
7324,1774279042621829640,1774279042627678650,5849
7325,1774279042629612043,1774279042634417562,4805
7326,1774279042636133791,1774279042642550034,6416
7327,1774279042644377577,1774279042651180110,6802
7328,1774279042652890889,1774279042658219638,5328
7329,1774279042660040279,1774279042666488482,6448
7330,1774279042668302153,1774279042673441932,5139
7331,1774279042675130415,1774279042680322586,5192
7332,1774279042682162353,1774279042687967423,5805
7333,1774279042689880794,1774279042694819066,4938
7334,1774279042696727946,1774279042701986439,5258
7335,1774279042703745070,1774279042709398520,5653
7336,1774279042711111177,1774279042717206778,6095
7337,1774279042718860392,1774279042723650767,4790
7338,1774279042725161328,1774279042730549463,5388
7339,1774279042732296038,1774279042737375122,5079
7340,1774279042739042806,1774279042743673157,4630
7341,1774279042745487892,1774279042751364203,5876
7342,1774279042753066388,1774279042758050543,4984
7343,1774279042759803405,1774279042766390622,6587
7344,1774279042768089950,1774279042773383315,5293
7345,1774279042775076046,1774279042780330852,5254
7346,1774279042782164678,1774279042788888259,6723
7347,1774279042790644533,1774279042796286835,5642
7348,1774279042797924178,1774279042803373397,5449
7349,1774279042805062774,1774279042809893719,4830
7350,1774279042811563970,1774279042816688228,5124
7351,1774279042818690508,1774279042825785534,7095
7352,1774279042827696684,1774279042833282303,5585
7353,1774279042834923183,1774279042840117013,5193
7354,1774279042841819930,1774279042846740071,4920
7355,1774279042848482899,1774279042855709681,7226
7356,1774279042857408559,1774279042864526811,7118
7357,1774279042866077018,1774279042871304940,5227
7358,1774279042873051781,1774279042877935793,4884
7359,1774279042879675273,1774279042884324846,4649
7360,1774279042886028234,1774279042890862581,4834
7361,1774279042892755895,1774279042899997174,7241
7362,1774279042901781215,1774279042907510791,5729
7363,1774279042909221956,1774279042914454717,5232
7364,1774279042916300972,1774279042921945798,5644
7365,1774279042923852125,1774279042929517224,5665
7366,1774279042931180508,1774279042936995269,5814
7367,1774279042938762943,1774279042946098121,7335
7368,1774279042948015622,1774279042953549539,5533
7369,1774279042955287657,1774279042960462175,5174
7370,1774279042962254557,1774279042967386775,5132
7371,1774279042969242866,1774279042974832865,5589
7372,1774279042976654994,1774279042982611380,5956
7373,1774279042984410119,1774279042989650183,5240
7374,1774279042991022527,1774279042995975713,4953
7375,1774279042997583853,1774279043002561379,4977
7376,1774279043004233553,1774279043009935115,5701
7377,1774279043011623189,1774279043018145304,6522
7378,1774279043019907776,1774279043024510432,4602
7379,1774279043026381087,1774279043031660839,5279
7380,1774279043033351630,1774279043038179176,4827
7381,1774279043039787606,1774279043045055862,5268
7382,1774279043046856398,1774279043053341120,6484
7383,1774279043055157291,1774279043061020605,5863
7384,1774279043062881600,1774279043068282043,5400
7385,1774279043070080655,1774279043075928100,5847
7386,1774279043077788769,1774279043083933788,6145
7387,1774279043085688232,1774279043091120884,5432
7388,1774279043092832577,1774279043097972084,5139
7389,1774279043099677639,1774279043107250887,7573
7390,1774279043108980792,1774279043114296234,5315
7391,1774279043116005694,1774279043121406387,5400
7392,1774279043123089298,1774279043130048262,6958
7393,1774279043131712580,1774279043138214456,6501
7394,1774279043139872655,1774279043146215175,6342
7395,1774279043147859782,1774279043152712860,4853
7396,1774279043154360544,1774279043159045933,4685
7397,1774279043160847076,1774279043165698222,4851
7398,1774279043167353725,1774279043172311669,4957
7399,1774279043173935432,1774279043178970865,5035
7400,1774279043180740496,1774279043186821430,6080
7401,1774279043188737380,1774279043194309944,5572
7402,1774279043196079480,1774279043201338484,5259
7403,1774279043203255163,1774279043210700476,7445
7404,1774279043212643865,1774279043218241132,5597
7405,1774279043220013311,1774279043225748102,5734
7406,1774279043227515591,1774279043233033538,5517
7407,1774279043235067001,1774279043240175291,5108
7408,1774279043241874261,1774279043247734207,5859
7409,1774279043249618787,1774279043255076041,5457
7410,1774279043256729347,1774279043262300441,5571
7411,1774279043264048783,1774279043270916420,6867
7412,1774279043272658048,1774279043279879830,7221
7413,1774279043281520012,1774279043286044596,4524
7414,1774279043287676567,1774279043292622015,4945
7415,1774279043294328396,1774279043299849347,5520
7416,1774279043301468390,1774279043307363538,5895
7417,1774279043309135922,1774279043316070052,6934
7418,1774279043317865893,1774279043323845100,5979
7419,1774279043325549869,1774279043330768295,5218
7420,1774279043332541032,1774279043337783725,5242
7421,1774279043339585675,1774279043345454254,5868
7422,1774279043347391496,1774279043352767975,5376
7423,1774279043354708819,1774279043359969279,5260
7424,1774279043361708785,1774279043368396100,6687
7425,1774279043370049772,1774279043375901971,5852
7426,1774279043377621603,1774279043382739024,5117
7427,1774279043384530330,1774279043391422520,6892
7428,1774279043393155006,1774279043398224424,5069
7429,1774279043399884879,1774279043405011631,5126
7430,1774279043406812125,1774279043413877630,7065
7431,1774279043415635495,1774279043421263846,5628
7432,1774279043422941337,1774279043428483706,5542
7433,1774279043430136088,1774279043434836157,4700
7434,1774279043436470344,1774279043441634033,5163
7435,1774279043443101292,1774279043447643755,4542
7436,1774279043449169754,1774279043454303175,5133
7437,1774279043456014067,1774279043462844222,6830
7438,1774279043464405249,1774279043469839431,5434
7439,1774279043471591024,1774279043477498425,5907
7440,1774279043479367297,1774279043486492307,7125
7441,1774279043488294582,1774279043493035346,4740
7442,1774279043494697311,1774279043500167718,5470
7443,1774279043501864784,1774279043508874233,7009
7444,1774279043510808648,1774279043515776278,4967
7445,1774279043517570646,1774279043523458568,5887
7446,1774279043525396904,1774279043532308894,6911
7447,1774279043534015790,1774279043539158828,5143
7448,1774279043541130404,1774279043547414960,6284
7449,1774279043549176503,1774279043553733469,4556
7450,1774279043555427654,1774279043560785349,5357
7451,1774279043562545349,1774279043568027373,5482
7452,1774279043569716071,1774279043574678325,4962
7453,1774279043576352255,1774279043580942604,4590
7454,1774279043582564259,1774279043588195745,5631
7455,1774279043590046187,1774279043595436437,5390
7456,1774279043597214059,1774279043603987711,6773
7457,1774279043605664504,1774279043613220488,7555
7458,1774279043614910044,1774279043620426842,5516
7459,1774279043622180662,1774279043627680750,5500
7460,1774279043629407436,1774279043634791789,5384
7461,1774279043636805988,1774279043643278006,6472
7462,1774279043645055871,1774279043650937431,5881
7463,1774279043652606554,1774279043657509115,4902
7464,1774279043659419205,1774279043664831439,5412
7465,1774279043666796669,1774279043671827869,5031
7466,1774279043673584611,1774279043679835740,6251
7467,1774279043681678100,1774279043687746029,6067
7468,1774279043689390274,1774279043694099510,4709
7469,1774279043695275998,1774279043700515012,5239
7470,1774279043702203154,1774279043707185759,4982
7471,1774279043708790587,1774279043714623499,5832
7472,1774279043716233138,1774279043722335280,6102
7473,1774279043724080997,1774279043729419840,5338
7474,1774279043731237120,1774279043736536151,5299
7475,1774279043738347029,1774279043745754449,7407
7476,1774279043747753304,1774279043753736711,5983
7477,1774279043755509829,1774279043761091053,5581
7478,1774279043762788244,1774279043767885444,5097
7479,1774279043769713455,1774279043774928401,5214
7480,1774279043776995500,1774279043782753213,5757
7481,1774279043784739673,1774279043790319386,5579
7482,1774279043792035462,1774279043798983095,6947
7483,1774279043800904068,1774279043807366893,6462
7484,1774279043809034411,1774279043813874896,4840
7485,1774279043815550861,1774279043822579750,7028
7486,1774279043824266872,1774279043831493667,7226
7487,1774279043833177635,1774279043838012070,4834
7488,1774279043839677256,1774279043844243263,4566
7489,1774279043845837305,1774279043851280881,5443
7490,1774279043852930605,1774279043857709133,4778
7491,1774279043859248437,1774279043864419780,5171
7492,1774279043866115336,1774279043871335877,5220
7493,1774279043873185564,1774279043878920414,5734
7494,1774279043880664868,1774279043887361088,6696
7495,1774279043889201492,1774279043896221203,7019
7496,1774279043898170481,1774279043904940179,6769
7497,1774279043906607341,1774279043911583677,4976
7498,1774279043913761529,1774279043920830637,7069
7499,1774279043922664669,1774279043928000322,5335
7500,1774279043929661209,1774279043935535681,5874
7501,1774279043937411413,1774279043944170328,6758
7502,1774279043946007428,1774279043950918343,4910
7503,1774279043952814985,1774279043959920853,7105
7504,1774279043961552593,1774279043966899876,5347
7505,1774279043968504739,1774279043973039526,4534
7506,1774279043974711704,1774279043979439313,4727
7507,1774279043980965452,1774279043985613398,4647
7508,1774279043987232682,1774279043991747932,4515
7509,1774279043993290032,1774279043998672502,5382
7510,1774279044000279345,1774279044005611138,5331
7511,1774279044007376982,1774279044013212514,5835
7512,1774279044015099475,1774279044022111134,7011
7513,1774279044023761043,1774279044028839542,5078
7514,1774279044030675969,1774279044037790901,7114
7515,1774279044039439169,1774279044046192594,6753
7516,1774279044047823670,1774279044052669291,4845
7517,1774279044054577500,1774279044061645032,7067
7518,1774279044063434001,1774279044070350887,6916
7519,1774279044072009812,1774279044077009986,5000
7520,1774279044078686188,1774279044085750668,7064
7521,1774279044087625991,1774279044094579700,6953
7522,1774279044096108568,1774279044101338491,5229
7523,1774279044103040253,1774279044110391755,7351
7524,1774279044111902644,1774279044116698085,4795
7525,1774279044118048942,1774279044124384373,6335
7526,1774279044125953955,1774279044131913662,5959
7527,1774279044133472155,1774279044138531402,5059
7528,1774279044140155229,1774279044145729706,5574
7529,1774279044147513986,1774279044154264312,6750
7530,1774279044155944018,1774279044161383660,5439
7531,1774279044163082536,1774279044169877334,6794
7532,1774279044171740317,1774279044177122693,5382
7533,1774279044178802944,1774279044184439550,5636
7534,1774279044186269482,1774279044191015713,4746
7535,1774279044192697666,1774279044198011350,5313
7536,1774279044199750295,1774279044205112084,5361
7537,1774279044206791755,1774279044211840957,5049
7538,1774279044213522535,1774279044220461307,6938
7539,1774279044222276731,1774279044229001776,6725
7540,1774279044230819430,1774279044237962356,7142
7541,1774279044239647075,1774279044245553587,5906
7542,1774279044246948495,1774279044254061179,7112
7543,1774279044255809882,1774279044260157595,4347
7544,1774279044261856140,1774279044268851435,6995
7545,1774279044270384911,1774279044275428030,5043
7546,1774279044277134160,1774279044282910091,5775
7547,1774279044284696585,1774279044290679032,5982
7548,1774279044292405197,1774279044298013665,5608
7549,1774279044299684729,1774279044306408629,6723
7550,1774279044308430249,1774279044315289426,6859
7551,1774279044317213355,1774279044322196276,4982
7552,1774279044323888502,1774279044330792759,6904
7553,1774279044332444160,1774279044337552977,5108
7554,1774279044339321946,1774279044344381597,5059
7555,1774279044346213497,1774279044353150910,6937
7556,1774279044354828673,1774279044360531962,5703
7557,1774279044362193044,1774279044367639932,5446
7558,1774279044369330759,1774279044374365993,5035
7559,1774279044376034908,1774279044381315526,5280
7560,1774279044383054976,1774279044390151684,7096
7561,1774279044391758058,1774279044397063462,5305
7562,1774279044398685464,1774279044404058716,5373
7563,1774279044405800243,1774279044411077890,5277
7564,1774279044412788598,1774279044417590740,4802
7565,1774279044419332629,1774279044426220010,6887
7566,1774279044427970863,1774279044433234561,5263
7567,1774279044435152527,1774279044441503650,6351
7568,1774279044443197546,1774279044448015820,4818
7569,1774279044449798643,1774279044455295300,5496
7570,1774279044457185662,1774279044464250490,7064
7571,1774279044465961684,1774279044471104042,5142
7572,1774279044473008809,1774279044478608092,5599
7573,1774279044480493805,1774279044487383967,6890
7574,1774279044489387102,1774279044494390269,5003
7575,1774279044496065202,1774279044503281174,7215
7576,1774279044505048199,1774279044510119290,5071
7577,1774279044511772437,1774279044516950748,5178
7578,1774279044518682472,1774279044523684051,5001
7579,1774279044525310571,1774279044529982725,4672
7580,1774279044531560173,1774279044538771410,7211
7581,1774279044540322293,1774279044545359594,5037
7582,1774279044547120400,1774279044552535471,5415
7583,1774279044554228507,1774279044560379221,6150
7584,1774279044562204781,1774279044567551245,5346
7585,1774279044569194992,1774279044574523613,5328
7586,1774279044576277815,1774279044581089283,4811
7587,1774279044582784070,1774279044587753828,4969
7588,1774279044589568589,1774279044596648776,7080
7589,1774279044598395650,1774279044603588108,5192
7590,1774279044605306148,1774279044610688816,5382
7591,1774279044612800043,1774279044618321516,5521
7592,1774279044620235317,1774279044626511144,6275
7593,1774279044628255105,1774279044633668338,5413
7594,1774279044635415130,1774279044640413150,4998
7595,1774279044642207699,1774279044647794154,5586
7596,1774279044649433510,1774279044655049646,5616
7597,1774279044656871954,1774279044661430185,4558
7598,1774279044663079662,1774279044668700475,5620
7599,1774279044670325449,1774279044675663086,5337
7600,1774279044677275282,1774279044682343420,5068
7601,1774279044684080715,1774279044688706049,4625
7602,1774279044690468241,1774279044697369129,6900
7603,1774279044699006983,1774279044704042276,5035
7604,1774279044705859773,1774279044711379424,5519
7605,1774279044713093366,1774279044718571122,5477
7606,1774279044720347807,1774279044727350921,7003
7607,1774279044729033705,1774279044734114172,5080
7608,1774279044735832549,1774279044741445877,5613
7609,1774279044743224763,1774279044749087376,5862
7610,1774279044750747300,1774279044756810038,6062
7611,1774279044758897213,1774279044764178168,5280
7612,1774279044765834439,1774279044770755817,4921
7613,1774279044772507438,1774279044779574851,7067
7614,1774279044781241651,1774279044788340235,7098
7615,1774279044789952303,1774279044794412473,4460
7616,1774279044796205070,1774279044801584170,5379
7617,1774279044803120149,1774279044807796280,4676
7618,1774279044809557889,1774279044815132410,5574
7619,1774279044816839320,1774279044822100342,5261
7620,1774279044823758257,1774279044829582466,5824
7621,1774279044831461463,1774279044838664476,7203
7622,1774279044840363301,1774279044845922523,5559
7623,1774279044847595785,1774279044852544275,4948
7624,1774279044854366744,1774279044861161470,6794
7625,1774279044862877819,1774279044867820744,4942
7626,1774279044869510471,1774279044876545333,7034
7627,1774279044878272046,1774279044883123838,4851
7628,1774279044884796065,1774279044890396044,5599
7629,1774279044892267532,1774279044897657213,5389
7630,1774279044899529156,1774279044905615903,6086
7631,1774279044907387440,1774279044913516134,6128
7632,1774279044915190254,1774279044919934858,4744
7633,1774279044921565714,1774279044926216552,4650
7634,1774279044927838739,1774279044932920316,5081
7635,1774279044934708772,1774279044940661981,5953
7636,1774279044942343739,1774279044946909893,4566
7637,1774279044948502440,1774279044953423606,4921
7638,1774279044954980207,1774279044959639357,4659
7639,1774279044961251121,1774279044966765812,5514
7640,1774279044968400912,1774279044975233872,6832
7641,1774279044977080928,1774279044981844352,4763
7642,1774279044983738237,1774279044989817093,6078
7643,1774279044991552304,1774279044997047953,5495
7644,1774279044998832516,1774279045003755651,4923
7645,1774279045005626213,1774279045010494039,4867
7646,1774279045012351469,1774279045017428034,5076
7647,1774279045019373800,1774279045024555042,5181
7648,1774279045026652602,1774279045032629630,5977
7649,1774279045034232046,1774279045039252090,5020
7650,1774279045040961572,1774279045046041693,5080
7651,1774279045047688703,1774279045054521494,6832
7652,1774279045056361580,1774279045061814047,5452
7653,1774279045063270955,1774279045068902354,5631
7654,1774279045070499812,1774279045075335931,4836
7655,1774279045076964235,1774279045082780105,5815
7656,1774279045084326691,1774279045088948596,4621
7657,1774279045090402685,1774279045095273627,4870
7658,1774279045096931002,1774279045102527154,5596
7659,1774279045104232827,1774279045109920208,5687
7660,1774279045111612368,1774279045118360991,6748
7661,1774279045120248860,1774279045126388313,6139
7662,1774279045128312220,1774279045134010534,5698
7663,1774279045135708659,1774279045140588186,4879
7664,1774279045142527898,1774279045147463735,4935
7665,1774279045149208921,1774279045154841776,5632
7666,1774279045156688992,1774279045161833355,5144
7667,1774279045163611293,1774279045168674551,5063
7668,1774279045170416059,1774279045177466638,7050
7669,1774279045179270119,1774279045186149496,6879
7670,1774279045187830379,1774279045192585849,4755
7671,1774279045194575414,1774279045201652090,7076
7672,1774279045203335774,1774279045208419095,5083
7673,1774279045209993943,1774279045214550058,4556
7674,1774279045216295823,1774279045220823401,4527
7675,1774279045222119195,1774279045227313699,5194
7676,1774279045228904448,1774279045234923831,6019
7677,1774279045236663912,1774279045241874623,5210
7678,1774279045243535012,1774279045248449535,4914
7679,1774279045250117089,1774279045254839606,4722
7680,1774279045256540646,1774279045262722223,6181
7681,1774279045264505619,1774279045271345958,6840
7682,1774279045273270765,1774279045278320683,5049
7683,1774279045280010945,1774279045285200059,5189
7684,1774279045287208035,1774279045294150480,6942
7685,1774279045295863816,1774279045301530189,5666
7686,1774279045303275382,1774279045308803972,5528
7687,1774279045310580372,1774279045316202207,5621
7688,1774279045317923212,1774279045324286822,6363
7689,1774279045326205523,1774279045333043327,6837
7690,1774279045334749814,1774279045341714382,6964
7691,1774279045343395213,1774279045348412432,5017
7692,1774279045350201206,1774279045355813324,5612
7693,1774279045357682557,1774279045363293386,5610
7694,1774279045365030529,1774279045369893804,4863
7695,1774279045371457372,1774279045376692966,5235
7696,1774279045378462508,1774279045384204740,5742
7697,1774279045385842684,1774279045392330160,6487
7698,1774279045394106482,1774279045399910945,5804
7699,1774279045401632362,1774279045406690958,5058
7700,1774279045408392871,1774279045413762628,5369
7701,1774279045415593017,1774279045422435319,6842
7702,1774279045424324107,1774279045429904316,5580
7703,1774279045431703582,1774279045438612218,6908
7704,1774279045440467252,1774279045445687624,5220
7705,1774279045447780539,1774279045453459907,5679
7706,1774279045455276369,1774279045461529379,6253
7707,1774279045463230858,1774279045470110590,6879
7708,1774279045471775553,1774279045478297821,6522
7709,1774279045480078494,1774279045485191684,5113
7710,1774279045486859211,1774279045491397530,4538
7711,1774279045492727319,1774279045498337378,5610
7712,1774279045499963903,1774279045504765687,4801
7713,1774279045506311124,1774279045511250101,4938
7714,1774279045512816118,1774279045517611594,4795
7715,1774279045519256883,1774279045523863788,4606
7716,1774279045525503762,1774279045532082763,6579
7717,1774279045533841649,1774279045538726207,4884
7718,1774279045540659542,1774279045546365651,5706
7719,1774279045548039515,1774279045554460095,6420
7720,1774279045556278941,1774279045561753163,5474
7721,1774279045563513516,1774279045568767433,5253
7722,1774279045570753045,1774279045577830936,7077
7723,1774279045579668699,1774279045584823491,5154
7724,1774279045586726919,1774279045592371876,5644
7725,1774279045594227866,1774279045599580382,5352
7726,1774279045601317093,1774279045605969482,4652
7727,1774279045607659196,1774279045612595095,4935
7728,1774279045614274795,1774279045619321961,5047
7729,1774279045620923508,1774279045628013615,7090
7730,1774279045629650484,1774279045634866838,5216
7731,1774279045636410048,1774279045643134016,6723
7732,1774279045644773404,1774279045649725173,4951
7733,1774279045651320912,1774279045657574548,6253
7734,1774279045659361699,1774279045664705494,5343
7735,1774279045666417409,1774279045673356000,6938
7736,1774279045675023819,1774279045682081455,7057
7737,1774279045683746351,1774279045688989271,5242
7738,1774279045690899532,1774279045695999083,5099
7739,1774279045697690906,1774279045703164224,5473
7740,1774279045704986449,1774279045712592074,7605
7741,1774279045714402054,1774279045720636894,6234
7742,1774279045722309699,1774279045727307202,4997
7743,1774279045728951471,1774279045734326350,5374
7744,1774279045736137286,1774279045742280268,6142
7745,1774279045744101481,1774279045749539608,5438
7746,1774279045751299169,1774279045756856653,5557
7747,1774279045758473243,1774279045763106765,4633
7748,1774279045764755790,1774279045769787449,5031
7749,1774279045771561057,1774279045776618006,5056
7750,1774279045778054768,1774279045782737874,4683
7751,1774279045784330179,1774279045790507480,6177
7752,1774279045792349582,1774279045797799438,5449
7753,1774279045799654071,1774279045805392333,5738
7754,1774279045807253163,1774279045814091302,6838
7755,1774279045815764646,1774279045821465896,5701
7756,1774279045823273821,1774279045828657289,5383
7757,1774279045830387266,1774279045836687018,6299
7758,1774279045838553023,1774279045843571974,5018
7759,1774279045845783239,1774279045851653608,5870
7760,1774279045853437579,1774279045858721911,5284
7761,1774279045860451791,1774279045865459021,5007
7762,1774279045867161254,1774279045872004027,4842
7763,1774279045873750146,1774279045879270370,5520
7764,1774279045881006186,1774279045886788335,5782
7765,1774279045888449691,1774279045894610852,6161
7766,1774279045896356280,1774279045903412283,7056
7767,1774279045905120044,1774279045910183184,5063
7768,1774279045911912824,1774279045916468496,4555
7769,1774279045917935760,1774279045922237379,4301
7770,1774279045923802583,1774279045928625522,4822
7771,1774279045930263101,1774279045935788951,5525
7772,1774279045937534872,1774279045943296220,5761
7773,1774279045944938500,1774279045951868458,6929
7774,1774279045953562896,1774279045958685204,5122
7775,1774279045960395262,1774279045966507164,6111
7776,1774279045968310384,1774279045975352954,7042
7777,1774279045977160029,1774279045984104708,6944
7778,1774279045986222177,1774279045991672354,5450
7779,1774279045993350635,1774279046000208814,6858
7780,1774279046001983424,1774279046008757312,6773
7781,1774279046010496882,1774279046015857826,5360
7782,1774279046017467101,1774279046022431088,4963
7783,1774279046024169920,1774279046029600321,5430
7784,1774279046031141797,1774279046035689817,4548
7785,1774279046037017433,1774279046041611572,4594
7786,1774279046042878836,1774279046047535174,4656
7787,1774279046049124611,1774279046054157810,5033
7788,1774279046055695659,1774279046060194413,4498
7789,1774279046061618377,1774279046068633994,7015
7790,1774279046070391346,1774279046076023259,5631
7791,1774279046077686701,1774279046083307564,5620
7792,1774279046085064482,1774279046091084469,6019
7793,1774279046092956393,1774279046099332498,6376
7794,1774279046101040496,1774279046106380733,5340
7795,1774279046108056877,1774279046112984404,4927
7796,1774279046114743213,1774279046120819187,6075
7797,1774279046122603930,1774279046128909880,6305
7798,1774279046130664633,1774279046136135912,5471
7799,1774279046137873130,1774279046142837598,4964
7800,1774279046144765957,1774279046150486432,5720
7801,1774279046152293958,1774279046158491125,6197
7802,1774279046160155423,1774279046167172643,7017
7803,1774279046168816872,1774279046173620203,4803
7804,1774279046175344615,1774279046181365971,6021
7805,1774279046183016233,1774279046190076549,7060
7806,1774279046191728180,1774279046196637458,4909
7807,1774279046198364239,1774279046205390565,7026
7808,1774279046207042536,1774279046213836332,6793
7809,1774279046215533022,1774279046220888463,5355
7810,1774279046222553499,1774279046229391623,6838
7811,1774279046231220779,1774279046237341474,6120
7812,1774279046239018431,1774279046244824365,5805
7813,1774279046246775449,1774279046253664452,6889
7814,1774279046255376206,1774279046260776862,5400
7815,1774279046262530840,1774279046267802629,5271
7816,1774279046269542598,1774279046274551524,5008
7817,1774279046276244728,1774279046280823644,4578
7818,1774279046282409530,1774279046289483739,7074
7819,1774279046291307142,1774279046295835877,4528
7820,1774279046297491640,1774279046303061302,5569
7821,1774279046304814454,1774279046309311735,4497
7822,1774279046310927086,1774279046315708649,4781
7823,1774279046317500718,1774279046322430093,4929
7824,1774279046323910267,1774279046328754994,4844
7825,1774279046330406749,1774279046335367428,4960
7826,1774279046337012219,1774279046342829101,5816
7827,1774279046344543511,1774279046351387047,6843
7828,1774279046353024331,1774279046357896102,4871
7829,1774279046359560326,1774279046364550144,4989
7830,1774279046366716562,1774279046373928791,7212
7831,1774279046375677648,1774279046381217741,5540
7832,1774279046383063898,1774279046388443100,5379
7833,1774279046390274514,1774279046396128053,5853
7834,1774279046397782236,1774279046403880312,6098
7835,1774279046405704254,1774279046411920018,6215
7836,1774279046413695247,1774279046418778819,5083
7837,1774279046420461401,1774279046425472993,5011
7838,1774279046427313435,1774279046432951989,5638
7839,1774279046434628688,1774279046440068061,5439
7840,1774279046441900847,1774279046446780245,4879
7841,1774279046448542449,1774279046453561360,5018
7842,1774279046455177172,1774279046459796821,4619
7843,1774279046461585314,1774279046466148113,4562
7844,1774279046467823932,1774279046472648093,4824
7845,1774279046474346140,1774279046479853563,5507
7846,1774279046481789375,1774279046487833177,6043
7847,1774279046489583640,1774279046494772156,5188
7848,1774279046496532537,1774279046501567041,5034
7849,1774279046503386839,1774279046510381411,6994
7850,1774279046512035149,1774279046517489611,5454
7851,1774279046519282952,1774279046524093590,4810
7852,1774279046525767159,1774279046530628484,4861
7853,1774279046532345291,1774279046539335965,6990
7854,1774279046541237706,1774279046547401184,6163
7855,1774279046549196813,1774279046554769341,5572
7856,1774279046556559261,1774279046561561543,5002
7857,1774279046563289408,1774279046570717233,7427
7858,1774279046572580352,1774279046579877854,7297
7859,1774279046581728990,1774279046588991718,7262
7860,1774279046590497422,1774279046595213679,4716
7861,1774279046596724312,1774279046602085829,5361
7862,1774279046603703200,1774279046608832103,5128
7863,1774279046610438086,1774279046615397938,4959
7864,1774279046617026406,1774279046621742601,4716
7865,1774279046623387522,1774279046628592402,5204
7866,1774279046630273956,1774279046635895768,5621
7867,1774279046637542657,1774279046642436519,4893
7868,1774279046644107915,1774279046650376340,6268
7869,1774279046652092803,1774279046657427074,5334
7870,1774279046659014232,1774279046664219661,5205
7871,1774279046665805359,1774279046672796592,6991
7872,1774279046674642008,1774279046679570764,4928
7873,1774279046681583616,1774279046687805527,6221
7874,1774279046689658654,1774279046696538330,6879
7875,1774279046698396306,1774279046703382196,4985
7876,1774279046705045901,1774279046712180807,7134
7877,1774279046713803693,1774279046720894672,7090
7878,1774279046722692241,1774279046727115010,4422
7879,1774279046728790111,1774279046733702359,4912
7880,1774279046735658853,1774279046742259658,6600
7881,1774279046744092182,1774279046749486089,5393
7882,1774279046751187923,1774279046756240862,5052
7883,1774279046758083814,1774279046762710061,4626
7884,1774279046764355283,1774279046769369321,5014
7885,1774279046771132765,1774279046775723251,4590
7886,1774279046777361692,1774279046782361044,4999
7887,1774279046784082249,1774279046791227477,7145
7888,1774279046792880649,1774279046798064664,5184
7889,1774279046799722813,1774279046805251381,5528
7890,1774279046806929807,1774279046811992802,5062
7891,1774279046813632899,1774279046818566867,4933
7892,1774279046820434926,1774279046827311942,6877
7893,1774279046829055539,1774279046834088119,5032
7894,1774279046835959954,1774279046842837666,6877
7895,1774279046844606986,1774279046851819890,7212
7896,1774279046853465056,1774279046858446194,4981
7897,1774279046860235277,1774279046865545822,5310
7898,1774279046867289843,1774279046873270643,5980
7899,1774279046874911349,1774279046882060441,7149
7900,1774279046883792995,1774279046891024875,7231
7901,1774279046892893940,1774279046898097208,5203
7902,1774279046899757780,1774279046904930318,5172
7903,1774279046906700193,1774279046912622786,5922
7904,1774279046914755574,1774279046920609501,5853
7905,1774279046922269822,1774279046928319144,6049
7906,1774279046930037460,1774279046934864813,4827
7907,1774279046936549020,1774279046941534863,4985
7908,1774279046943365433,1774279046948989298,5623
7909,1774279046950830926,1774279046956102529,5271
7910,1774279046957770544,1774279046962770456,4999
7911,1774279046964455813,1774279046971784157,7328
7912,1774279046973735406,1774279046979376422,5641
7913,1774279046981035808,1774279046986212022,5176
7914,1774279046988026532,1774279046992717279,4690
7915,1774279046994344620,1774279047000023549,5678
7916,1774279047001702815,1774279047007084411,5381
7917,1774279047008647611,1774279047013704298,5056
7918,1774279047015010408,1774279047019797890,4787
7919,1774279047021490526,1774279047027205336,5714
7920,1774279047028975245,1774279047035276309,6301
7921,1774279047036917563,1774279047044189866,7272
7922,1774279047045801384,1774279047051655746,5854
7923,1774279047053295125,1774279047059316968,6021
7924,1774279047060948199,1774279047065665800,4717
7925,1774279047067336387,1774279047072997804,5661
7926,1774279047074719260,1774279047081594067,6874
7927,1774279047083456168,1774279047088671212,5215
7928,1774279047090624967,1774279047096231534,5606
7929,1774279047097978486,1774279047103852431,5873
7930,1774279047105674493,1774279047110471930,4797
7931,1774279047112170795,1774279047119227452,7056
7932,1774279047120785860,1774279047125484625,4698
7933,1774279047127179523,1774279047133275645,6096
7934,1774279047135112591,1774279047139865592,4753
7935,1774279047141579579,1774279047146427552,4847
7936,1774279047148240513,1774279047152930415,4689
7937,1774279047154589675,1774279047160251921,5662
7938,1774279047161982843,1774279047167002246,5019
7939,1774279047168675436,1774279047173669045,4993
7940,1774279047175511684,1774279047181169880,5658
7941,1774279047182858487,1774279047188552591,5694
7942,1774279047190252229,1774279047195133743,4881
7943,1774279047196909501,1774279047202188562,5279
7944,1774279047204206644,1774279047210514537,6307
7945,1774279047212284050,1774279047218019812,5735
7946,1774279047219692129,1774279047224503183,4811
7947,1774279047226297721,1774279047231454213,5156
7948,1774279047233272631,1774279047238225755,4953
7949,1774279047240019907,1774279047246377196,6357
7950,1774279047248212410,1774279047253992044,5779
7951,1774279047255665514,1774279047262713157,7047
7952,1774279047264440782,1774279047271567436,7126
7953,1774279047273283930,1774279047278609820,5325
7954,1774279047280502107,1774279047285616153,5114
7955,1774279047287193885,1774279047291906130,4712
7956,1774279047293730323,1774279047299064113,5333
7957,1774279047300977149,1774279047306482170,5505
7958,1774279047308169905,1774279047313974332,5804
7959,1774279047315631046,1774279047321261222,5630
7960,1774279047323050404,1774279047327879599,4829
7961,1774279047329586770,1774279047336999123,7412
7962,1774279047338749186,1774279047344387100,5637
7963,1774279047346228964,1774279047351998452,5769
7964,1774279047353681119,1774279047359082130,5401
7965,1774279047360760478,1774279047365743476,4982
7966,1774279047367736497,1774279047374911619,7175
7967,1774279047376681613,1774279047381657989,4976
7968,1774279047383410288,1774279047388936710,5526
7969,1774279047390784315,1774279047396337151,5552
7970,1774279047398149640,1774279047403734325,5584
7971,1774279047405329486,1774279047411449980,6120
7972,1774279047413174864,1774279047417845410,4670
7973,1774279047419255002,1774279047424206577,4951
7974,1774279047425819263,1774279047430649041,4829
7975,1774279047432219170,1774279047436808359,4589
7976,1774279047438451091,1774279047445028884,6577
7977,1774279047446762364,1774279047452014889,5252
7978,1774279047453753307,1774279047458466367,4713
7979,1774279047460283221,1774279047467065620,6782
7980,1774279047468967026,1774279047475285387,6318
7981,1774279047476947659,1774279047482454718,5507
7982,1774279047484296037,1774279047489664193,5368
7983,1774279047491377143,1774279047496887816,5510
7984,1774279047498713753,1774279047505830296,7116
7985,1774279047507584407,1774279047513182605,5598
7986,1774279047514874864,1774279047519654537,4779
7987,1774279047521381077,1774279047526432485,5051
7988,1774279047528137776,1774279047532812012,4674
7989,1774279047534544396,1774279047541857791,7313
7990,1774279047543549612,1774279047549251636,5702
7991,1774279047550872993,1774279047556119545,5246
7992,1774279047557601046,1774279047562952389,5351
7993,1774279047564576992,1774279047569433739,4856
7994,1774279047571077914,1774279047575822746,4744
7995,1774279047577590475,1774279047584573320,6982
7996,1774279047586333219,1774279047591795745,5462
7997,1774279047593568426,1774279047598989480,5421
7998,1774279047600661671,1774279047605679710,5018
7999,1774279047607379384,1774279047614756396,7377
8000,1774279047616511358,1774279047622226460,5715
8001,1774279047624034279,1774279047629280986,5246
8002,1774279047630925920,1774279047635995860,5069
8003,1774279047637840234,1774279047645060011,7219
8004,1774279047646737228,1774279047651909420,5172
8005,1774279047653757761,1774279047659069408,5311
8006,1774279047660774062,1774279047666350752,5576
8007,1774279047668099751,1774279047673066885,4967
8008,1774279047674724117,1774279047679467604,4743
8009,1774279047681097240,1774279047685860028,4762
8010,1774279047687363273,1774279047693456912,6093
8011,1774279047695184879,1774279047700147051,4962
8012,1774279047701458638,1774279047706769302,5310
8013,1774279047708292679,1774279047713739307,5446
8014,1774279047715329954,1774279047720136162,4806
8015,1774279047721888969,1774279047729361470,7472
8016,1774279047731227558,1774279047736449177,5221
8017,1774279047738227013,1774279047743294751,5067
8018,1774279047745139099,1774279047750288898,5149
8019,1774279047752139135,1774279047758387914,6248
8020,1774279047760061587,1774279047765237661,5176
8021,1774279047766848403,1774279047772211425,5363
8022,1774279047773960332,1774279047780431330,6470
8023,1774279047782163391,1774279047789367034,7203
8024,1774279047791054876,1774279047795915636,4860
8025,1774279047797623109,1774279047802888813,5265
8026,1774279047804545520,1774279047811232903,6687
8027,1774279047812862777,1774279047817965035,5102
8028,1774279047819693464,1774279047824628189,4934
8029,1774279047826229484,1774279047831739446,5509
8030,1774279047840245488,1774279047848902217,8656
8031,1774279047850807033,1774279047855990361,5183
8032,1774279047857672574,1774279047863822834,6150
8033,1774279047865848286,1774279047871307003,5458
8034,1774279047873197599,1774279047879010409,5812
8035,1774279047880902821,1774279047887065018,6162
8036,1774279047888898971,1774279047894634327,5735
8037,1774279047896675662,1774279047904207685,7532
8038,1774279047905977612,1774279047913216195,7238
8039,1774279047914961236,1774279047920742348,5781
8040,1774279047922625645,1774279047928790517,6164
8041,1774279047930663245,1774279047937993075,7329
8042,1774279047940155486,1774279047945304712,5149
8043,1774279047947238490,1774279047953084465,5845
8044,1774279047955023201,1774279047962292351,7269
8045,1774279047963899374,1774279047971318933,7419
8046,1774279047972725435,1774279047978464598,5739
8047,1774279047980285896,1774279047986134935,5849
8048,1774279047987899595,1774279047993155888,5256
8049,1774279047994563177,1774279048000272328,5709
8050,1774279048001911427,1774279048006892409,4980
8051,1774279048008530795,1774279048014279192,5748
8052,1774279048016060513,1774279048020941438,4880
8053,1774279048022627898,1774279048028804144,6176
8054,1774279048030717098,1774279048038013190,7296
8055,1774279048039750130,1774279048044906347,5156
8056,1774279048046547828,1774279048051712237,5164
8057,1774279048053304785,1774279048059123835,5819
8058,1774279048060803362,1774279048066359841,5556
8059,1774279048068054212,1774279048073299608,5245
8060,1774279048074997540,1774279048079829773,4832
8061,1774279048081505675,1774279048088622770,7117
8062,1774279048090423068,1774279048097062256,6639
8063,1774279048098852942,1774279048106192026,7339
8064,1774279048107743200,1774279048113437061,5693
8065,1774279048114948091,1774279048119924374,4976
8066,1774279048121493001,1774279048126411561,4918
8067,1774279048128071263,1774279048133302661,5231
8068,1774279048135060421,1774279048140724768,5664
8069,1774279048142510371,1774279048148038456,5528
8070,1774279048149874575,1774279048157039043,7164
8071,1774279048158777601,1774279048164204094,5426
8072,1774279048165999851,1774279048173397976,7398
8073,1774279048175596357,1774279048181487111,5890
8074,1774279048183391809,1774279048189388773,5996
8075,1774279048191133445,1774279048197460015,6326
8076,1774279048199242431,1774279048206349635,7107
8077,1774279048208282497,1774279048213931977,5649
8078,1774279048215640143,1774279048221829556,6189
8079,1774279048223719430,1774279048229421115,5701
8080,1774279048231112379,1774279048235935425,4823
8081,1774279048237632981,1774279048243317806,5684
8082,1774279048245054233,1774279048250627953,5573
8083,1774279048252258128,1774279048259297035,7038
8084,1774279048260889276,1774279048265952958,5063
8085,1774279048267639396,1774279048274742693,7103
8086,1774279048276309228,1774279048282042208,5732
8087,1774279048283765277,1774279048289643565,5878
8088,1774279048291338391,1774279048296122853,4784
8089,1774279048297822581,1774279048302831728,5009
8090,1774279048304727078,1774279048311854023,7126
8091,1774279048313700958,1774279048318620660,4919
8092,1774279048320394774,1774279048327269490,6874
8093,1774279048329032443,1774279048336032292,6999
8094,1774279048337691639,1774279048343046664,5355
8095,1774279048344720095,1774279048349971244,5251
8096,1774279048351689783,1774279048358539423,6849
8097,1774279048360281144,1774279048365886860,5605
8098,1774279048367570632,1774279048374541502,6970
8099,1774279048376202082,1774279048383222998,7020
8100,1774279048385002422,1774279048389959772,4957
8101,1774279048391473875,1774279048396910532,5436
8102,1774279048398626317,1774279048403528099,4901
8103,1774279048405161138,1774279048410591640,5430
8104,1774279048412246278,1774279048416973423,4727
8105,1774279048418676441,1774279048423647901,4971
8106,1774279048425585306,1774279048432398779,6813
8107,1774279048434153073,1774279048439369866,5216
8108,1774279048441085804,1774279048446226950,5141
8109,1774279048448331318,1774279048453542243,5210
8110,1774279048455292294,1774279048462287303,6995
8111,1774279048463990326,1774279048470930882,6940
8112,1774279048472695785,1774279048478153388,5457
8113,1774279048480021824,1774279048485396732,5374
8114,1774279048487405371,1774279048492434675,5029
8115,1774279048494440664,1774279048500507311,6066
8116,1774279048502275690,1774279048508413922,6138
8117,1774279048510211768,1774279048517251586,7039
8118,1774279048518885682,1774279048525942947,7057
8119,1774279048527594020,1774279048532511185,4917
8120,1774279048534142027,1774279048538947869,4805
8121,1774279048540603213,1774279048545915876,5312
8122,1774279048547514229,1774279048552585236,5071
8123,1774279048554237787,1774279048558959000,4721
8124,1774279048560665054,1774279048566764194,6099
8125,1774279048568517306,1774279048574205206,5687
8126,1774279048575936491,1774279048581095016,5158
8127,1774279048582850321,1774279048587855214,5004
8128,1774279048589753105,1774279048596893761,7140
8129,1774279048598670897,1774279048603616968,4946
8130,1774279048605289316,1774279048610737957,5448
8131,1774279048612544951,1774279048619345457,6800
8132,1774279048621004437,1774279048627071426,6066
8133,1774279048628815434,1774279048634513881,5698
8134,1774279048636326983,1774279048643895146,7568
8135,1774279048645661196,1774279048650473094,4811
8136,1774279048651994232,1774279048657020866,5026
8137,1774279048658780119,1774279048663877423,5097
8138,1774279048665314483,1774279048670251163,4936
8139,1774279048672026164,1774279048677093792,5067
8140,1774279048678624576,1774279048683826505,5201
8141,1774279048685545633,1774279048691365272,5819
8142,1774279048693320775,1774279048699317897,5997
8143,1774279048701139328,1774279048706508073,5368
8144,1774279048708310003,1774279048715707035,7397
8145,1774279048717546497,1774279048723236541,5690
8146,1774279048725008306,1774279048730512513,5504
8147,1774279048732388657,1774279048739986612,7597
8148,1774279048741691855,1774279048747187190,5495
8149,1774279048748868579,1774279048754259792,5391
8150,1774279048755980336,1774279048762994527,7014
8151,1774279048764818000,1774279048770385788,5567
8152,1774279048772058023,1774279048777580896,5522
8153,1774279048779297228,1774279048784260261,4963
8154,1774279048785956015,1774279048790704133,4748
8155,1774279048792441506,1774279048799129744,6688
8156,1774279048800756345,1774279048805674601,4918
8157,1774279048807375910,1774279048812746910,5371
8158,1774279048814422558,1774279048819454146,5031
8159,1774279048821031404,1774279048826438161,5406
8160,1774279048828142780,1774279048835294770,7151
8161,1774279048837000731,1774279048841916118,4915
8162,1774279048843625027,1774279048849710966,6085
8163,1774279048851522108,1774279048857548936,6026
8164,1774279048859249928,1774279048865217021,5967
8165,1774279048866912298,1774279048872717561,5805
8166,1774279048874464450,1774279048880044194,5579
8167,1774279048881719165,1774279048888347007,6627
8168,1774279048890008388,1774279048897039183,7030
8169,1774279048898796562,1774279048904706050,5909
8170,1774279048906512083,1774279048913480645,6968
8171,1774279048915402157,1774279048922237766,6835
8172,1774279048923978582,1774279048928656958,4678
8173,1774279048930407211,1774279048936511039,6103
8174,1774279048938223020,1774279048945330738,7107
8175,1774279048946968905,1774279048954056742,7087
8176,1774279048955552914,1774279048962671065,7118
8177,1774279048964304885,1774279048968735340,4430
8178,1774279048970321372,1774279048975726852,5405
8179,1774279048977398471,1774279048982328024,4929
8180,1774279048983948054,1774279048988625894,4677
8181,1774279048990254840,1774279048995341793,5086
8182,1774279048997196784,1774279049001815242,4618
