iter,start_ns,end_ns,duration_us
1,1774305511184129807,1774305511189588387,5458
2,1774305511191147454,1774305511196260232,5112
3,1774305511197831842,1774305511204714764,6882
4,1774305511206328180,1774305511212079339,5751
5,1774305511213585328,1774305511220049261,6463
6,1774305511221673527,1774305511226242727,4569
7,1774305511227829074,1774305511232930994,5101
8,1774305511234477518,1774305511239762357,5284
9,1774305511241297137,1774305511247762840,6465
10,1774305511249293022,1774305511254554952,5261
11,1774305511256148029,1774305511261449165,5301
12,1774305511263068032,1774305511269796384,6728
13,1774305511271195603,1774305511276953987,5758
14,1774305511278570311,1774305511284807738,6237
15,1774305511286471242,1774305511291249444,4778
16,1774305511292840968,1774305511297578224,4737
17,1774305511299123047,1774305511303756484,4633
18,1774305511305383573,1774305511310543837,5160
19,1774305511312149540,1774305511317173984,5024
20,1774305511318788022,1774305511323420187,4632
21,1774305511324997293,1774305511330303367,5306
22,1774305511331915859,1774305511337581778,5665
23,1774305511339259529,1774305511344040879,4781
24,1774305511345592406,1774305511350377118,4784
25,1774305511352017023,1774305511356589765,4572
26,1774305511358151104,1774305511363363533,5212
27,1774305511364934516,1774305511369864366,4929
28,1774305511371436617,1774305511376091770,4655
29,1774305511377636425,1774305511382752948,5116
30,1774305511384356261,1774305511390745115,6388
31,1774305511392325639,1774305511397058830,4733
32,1774305511398737599,1774305511404150501,5412
33,1774305511405820968,1774305511411461586,5640
34,1774305511413072494,1774305511419639427,6566
35,1774305511421238062,1774305511426039216,4801
36,1774305511427528642,1774305511432160426,4631
37,1774305511433556317,1774305511439845856,6289
38,1774305511441350288,1774305511447103540,5753
39,1774305511448725340,1774305511454229828,5504
40,1774305511455874507,1774305511460723012,4848
41,1774305511462327620,1774305511468272234,5944
42,1774305511469931650,1774305511476617637,6685
43,1774305511478294134,1774305511483793946,5499
44,1774305511485385642,1774305511490421210,5035
45,1774305511492004545,1774305511496855836,4851
46,1774305511498494498,1774305511504174266,5679
47,1774305511505761724,1774305511510455434,4693
48,1774305511512011380,1774305511516879113,4867
49,1774305511518402585,1774305511525311143,6908
50,1774305511526826213,1774305511532282386,5456
51,1774305511533848378,1774305511539062352,5213
52,1774305511540696525,1774305511545659195,4962
53,1774305511547250415,1774305511552957754,5707
54,1774305511554407591,1774305511561376972,6969
55,1774305511562748033,1774305511567245527,4497
56,1774305511568834524,1774305511573676379,4841
57,1774305511574787102,1774305511579062912,4275
58,1774305511580705942,1774305511586058285,5352
59,1774305511587649243,1774305511593213484,5564
60,1774305511594753830,1774305511600801186,6047
61,1774305511602372619,1774305511607038486,4665
62,1774305511608640857,1774305511613395357,4754
63,1774305511614990052,1774305511619557501,4567
64,1774305511621101495,1774305511625952727,4851
65,1774305511627463588,1774305511634078950,6615
66,1774305511635674649,1774305511640268352,4593
67,1774305511641816554,1774305511646329880,4513
68,1774305511647864209,1774305511652358482,4494
69,1774305511653903005,1774305511659907930,6004
70,1774305511661502956,1774305511666513452,5010
71,1774305511668053355,1774305511673147770,5094
72,1774305511674748937,1774305511679269946,4521
73,1774305511680822984,1774305511685641909,4818
74,1774305511687250200,1774305511694287599,7037
75,1774305511695841657,1774305511700702331,4860
76,1774305511702277794,1774305511707963302,5685
77,1774305511709580732,1774305511713979586,4398
78,1774305511715442408,1774305511720839851,5397
79,1774305511722407546,1774305511727006486,4598
80,1774305511728601523,1774305511733520781,4919
81,1774305511735043248,1774305511741827616,6784
82,1774305511743343949,1774305511748680691,5336
83,1774305511750160176,1774305511755983030,5822
84,1774305511757523964,1774305511763327864,5803
85,1774305511764926781,1774305511770182936,5256
86,1774305511771780823,1774305511777087160,5306
87,1774305511778614716,1774305511784202870,5588
88,1774305511785763361,1774305511791850114,6086
89,1774305511793382210,1774305511800076821,6694
90,1774305511801637543,1774305511806199420,4561
91,1774305511807642201,1774305511813785066,6142
92,1774305511815162525,1774305511819952651,4790
93,1774305511821588424,1774305511826937224,5348
94,1774305511828520699,1774305511834082739,5562
95,1774305511835652895,1774305511840666262,5013
96,1774305511842319745,1774305511847053415,4733
97,1774305511848592423,1774305511854319410,5726
98,1774305511855883439,1774305511860423062,4539
99,1774305511861962263,1774305511867249784,5287
100,1774305511868858372,1774305511874456989,5598
101,1774305511876007515,1774305511880421948,4414
102,1774305511881938334,1774305511888746249,6807
103,1774305511890327758,1774305511895391817,5064
104,1774305511896981899,1774305511902135164,5153
105,1774305511903673933,1774305511908132365,4458
106,1774305511909719261,1774305511916400285,6681
107,1774305511917976379,1774305511923115693,5139
108,1774305511924662811,1774305511929252951,4590
109,1774305511930802576,1774305511935702593,4900
110,1774305511937242610,1774305511942004219,4761
111,1774305511943553995,1774305511948158486,4604
112,1774305511949589384,1774305511954954063,5364
113,1774305511956394607,1774305511960728716,4334
114,1774305511962362631,1774305511967087190,4724
115,1774305511968269363,1774305511973024483,4755
116,1774305511974626937,1774305511980053260,5426
117,1774305511981574230,1774305511986314893,4740
118,1774305511987858182,1774305511993118573,5260
119,1774305511994740693,1774305512000283830,5543
120,1774305512001800505,1774305512007158338,5357
121,1774305512008726785,1774305512013580180,4853
122,1774305512015171444,1774305512020009950,4838
123,1774305512021561289,1774305512026167434,4606
124,1774305512027732472,1774305512032134755,4402
125,1774305512033660317,1774305512038314578,4654
126,1774305512039820712,1774305512044250600,4429
127,1774305512045762098,1774305512050232573,4470
128,1774305512051742939,1774305512057490439,5747
129,1774305512059024290,1774305512064974676,5950
130,1774305512066454668,1774305512071242700,4788
131,1774305512072785070,1774305512078070794,5285
132,1774305512079631120,1774305512084373438,4742
133,1774305512085882154,1774305512091339648,5457
134,1774305512092940468,1774305512097837661,4897
135,1774305512099420572,1774305512104524965,5104
136,1774305512106104806,1774305512111699807,5595
137,1774305512113215498,1774305512118405386,5189
138,1774305512119975126,1774305512126955565,6980
139,1774305512128408988,1774305512133149261,4740
140,1774305512134608156,1774305512139989803,5381
141,1774305512141458275,1774305512148332158,6873
142,1774305512149864031,1774305512155022587,5158
143,1774305512156425634,1774305512162685146,6259
144,1774305512164268593,1774305512169499947,5231
145,1774305512171045697,1774305512177625501,6579
146,1774305512179175065,1774305512184286835,5111
147,1774305512185812437,1774305512191059166,5246
148,1774305512192663985,1774305512197590289,4926
149,1774305512199177006,1774305512203973983,4796
150,1774305512205469628,1774305512210047029,4577
151,1774305512211615399,1774305512218737274,7121
152,1774305512220218662,1774305512225713377,5494
153,1774305512227266984,1774305512231639508,4372
154,1774305512232818715,1774305512237613274,4794
155,1774305512239132192,1774305512244911776,5779
156,1774305512246470908,1774305512251697061,5226
157,1774305512253313851,1774305512259085350,5771
158,1774305512260621092,1774305512265282168,4661
159,1774305512266841405,1774305512272345198,5503
160,1774305512273939369,1774305512280630027,6690
161,1774305512282145788,1774305512287502693,5356
162,1774305512289085118,1774305512294940399,5855
163,1774305512296446949,1774305512303175604,6728
164,1774305512304725049,1774305512309146681,4421
165,1774305512310739807,1774305512317416198,6676
166,1774305512318910353,1774305512324058348,5147
167,1774305512325621010,1774305512331169355,5548
168,1774305512332640199,1774305512337102751,4462
169,1774305512338660517,1774305512343967146,5306
170,1774305512345404747,1774305512352176682,6771
171,1774305512353811482,1774305512359443271,5631
172,1774305512361032466,1774305512365486760,4454
173,1774305512367084259,1774305512372255220,5170
174,1774305512373812930,1774305512379416149,5603
175,1774305512380826672,1774305512385367452,4540
176,1774305512386905220,1774305512392118173,5212
177,1774305512393700588,1774305512398246562,4545
178,1774305512399774268,1774305512404353496,4579
179,1774305512405884097,1774305512410342284,4458
180,1774305512411874335,1774305512416364567,4490
181,1774305512417894332,1774305512422331835,4437
182,1774305512423845520,1774305512428409921,4564
183,1774305512429929304,1774305512434437525,4508
184,1774305512435950790,1774305512440381900,4431
185,1774305512441981893,1774305512446453502,4471
186,1774305512447984962,1774305512452398957,4413
187,1774305512453946974,1774305512458386614,4439
188,1774305512459881388,1774305512464332175,4450
189,1774305512465861297,1774305512470365648,4504
190,1774305512471875668,1774305512476387722,4512
191,1774305512477946603,1774305512482373314,4426
192,1774305512483938801,1774305512489923476,5984
193,1774305512491476277,1774305512497772218,6295
194,1774305512499366776,1774305512504094686,4727
195,1774305512505743197,1774305512511067606,5324
196,1774305512512404310,1774305512517449509,5045
197,1774305512519058423,1774305512524011612,4953
198,1774305512525471567,1774305512530526960,5055
199,1774305512532091918,1774305512537580284,5488
200,1774305512539155140,1774305512545627224,6472
201,1774305512547176901,1774305512552975439,5798
202,1774305512554514998,1774305512559499019,4984
203,1774305512561186741,1774305512565971049,4784
204,1774305512567475196,1774305512573842537,6367
205,1774305512575367373,1774305512580052510,4685
206,1774305512581598685,1774305512586958971,5360
207,1774305512588409480,1774305512595019651,6610
208,1774305512596520385,1774305512601991531,5471
209,1774305512603551808,1774305512609316541,5764
210,1774305512610917850,1774305512616104074,5186
211,1774305512617810970,1774305512622449919,4638
212,1774305512624018707,1774305512630950048,6931
213,1774305512632423644,1774305512637338762,4915
214,1774305512638717777,1774305512643635281,4917
215,1774305512645207994,1774305512649951969,4743
216,1774305512651535954,1774305512656192584,4656
217,1774305512657730229,1774305512662246491,4516
218,1774305512663798751,1774305512668375281,4576
219,1774305512669899439,1774305512674361814,4462
220,1774305512675882875,1774305512680360590,4477
221,1774305512681859487,1774305512686364622,4505
222,1774305512687867478,1774305512692321452,4453
223,1774305512693826283,1774305512698302261,4475
224,1774305512699796152,1774305512704388737,4592
225,1774305512705904445,1774305512710853169,4948
226,1774305512712353457,1774305512717129647,4776
227,1774305512718709866,1774305512723269307,4559
228,1774305512724691424,1774305512729335792,4644
229,1774305512730898273,1774305512735392064,4493
230,1774305512736927515,1774305512741344444,4416
231,1774305512742858605,1774305512747321545,4462
232,1774305512748708246,1774305512753290293,4582
233,1774305512754804984,1774305512761638741,6833
234,1774305512763196383,1774305512767521031,4324
235,1774305512769089736,1774305512774326956,5237
236,1774305512775976995,1774305512781733366,5756
237,1774305512783330321,1774305512787660693,4330
238,1774305512789189540,1774305512794341840,5152
239,1774305512795901563,1774305512800734306,4832
240,1774305512802278987,1774305512807003075,4724
241,1774305512808502235,1774305512813555529,5053
242,1774305512815119220,1774305512821635437,6516
243,1774305512823171090,1774305512828216666,5045
244,1774305512829665263,1774305512834967059,5301
245,1774305512836427231,1774305512842107312,5680
246,1774305512843693837,1774305512848236018,4542
247,1774305512849761385,1774305512854275897,4514
248,1774305512855843501,1774305512860334791,4491
249,1774305512861900497,1774305512867894804,5994
250,1774305512869370632,1774305512874124480,4753
251,1774305512875577812,1774305512880991539,5413
252,1774305512882577886,1774305512887134153,4556
253,1774305512888740801,1774305512894425899,5685
254,1774305512895763845,1774305512900424644,4660
255,1774305512901895441,1774305512907125169,5229
256,1774305512908735210,1774305512914037835,5302
257,1774305512915428570,1774305512920699486,5270
258,1774305512922250066,1774305512927371583,5121
259,1774305512928984760,1774305512934479440,5494
260,1774305512936015880,1774305512940443153,4427
261,1774305512942025731,1774305512947172134,5146
262,1774305512948637746,1774305512954255494,5617
263,1774305512955822816,1774305512960313961,4491
264,1774305512961862428,1774305512967141835,5279
265,1774305512968623744,1774305512974296388,5672
266,1774305512975867034,1774305512980342306,4475
267,1774305512981869351,1774305512987094416,5225
268,1774305512988642840,1774305512993130044,4487
269,1774305512994668572,1774305512999980903,5312
270,1774305513001474065,1774305513006552236,5078
271,1774305513008135701,1774305513012843767,4708
272,1774305513014303314,1774305513019388810,5085
273,1774305513020887084,1774305513025467310,4580
274,1774305513027068242,1774305513031930450,4862
275,1774305513033470256,1774305513038491246,5020
276,1774305513040035270,1774305513044327497,4292
277,1774305513045854990,1774305513052582541,6727
278,1774305513054188947,1774305513058999394,4810
279,1774305513060541112,1774305513065524401,4983
280,1774305513067056068,1774305513073746416,6690
281,1774305513075270400,1774305513080337736,5067
282,1774305513081848518,1774305513087419892,5571
283,1774305513089013161,1774305513093436389,4423
284,1774305513094952189,1774305513100499730,5547
285,1774305513102067999,1774305513107480334,5412
286,1774305513109010749,1774305513114167514,5156
287,1774305513115706753,1774305513120278426,4571
288,1774305513121797218,1774305513126608112,4810
289,1774305513128193375,1774305513134863820,6670
290,1774305513136379278,1774305513141096930,4717
291,1774305513142582640,1774305513148950601,6367
292,1774305513150489598,1774305513156181073,5691
293,1774305513157786157,1774305513162345573,4559
294,1774305513163886190,1774305513169919183,6032
295,1774305513171352221,1774305513175805913,4453
296,1774305513177202059,1774305513183534015,6331
297,1774305513185182263,1774305513189949259,4766
298,1774305513191480605,1774305513197237309,5756
299,1774305513198817681,1774305513203414737,4597
300,1774305513205003205,1774305513210287132,5283
301,1774305513211719378,1774305513217423250,5703
302,1774305513218994700,1774305513223448772,4454
303,1774305513224998593,1774305513229592601,4594
304,1774305513231218846,1774305513236090309,4871
305,1774305513237550384,1774305513242957463,5407
306,1774305513244455355,1774305513250634863,6179
307,1774305513252221289,1774305513257551814,5330
308,1774305513259131937,1774305513264292506,5160
309,1774305513265810581,1774305513270742271,4931
310,1774305513272316667,1774305513277204231,4887
311,1774305513278789075,1774305513283352109,4563
312,1774305513284875601,1774305513289361397,4485
313,1774305513290887164,1774305513295345970,4458
314,1774305513296915147,1774305513301865135,4949
315,1774305513303442457,1774305513308521818,5079
316,1774305513310155351,1774305513315371407,5216
317,1774305513316968597,1774305513322153705,5185
318,1774305513323546661,1774305513328239671,4693
319,1774305513329773377,1774305513334611083,4837
320,1774305513336209915,1774305513341259533,5049
321,1774305513342796481,1774305513347281513,4485
322,1774305513348709629,1774305513355499238,6789
323,1774305513357025862,1774305513362511532,5485
324,1774305513364143577,1774305513369524967,5381
325,1774305513371088323,1774305513375929032,4840
326,1774305513377505220,1774305513382410834,4905
327,1774305513383925715,1774305513388242112,4316
328,1774305513389774486,1774305513394994728,5220
329,1774305513396400846,1774305513401723172,5322
330,1774305513403322602,1774305513408367357,5044
331,1774305513409870657,1774305513414757748,4887
332,1774305513416296286,1774305513421482670,5186
333,1774305513423034617,1774305513429574557,6539
334,1774305513431121289,1774305513436351224,5229
335,1774305513437922290,1774305513442350371,4428
336,1774305513443672798,1774305513448538630,4865
337,1774305513449694103,1774305513454953506,5259
338,1774305513456585367,1774305513460839130,4253
339,1774305513462313512,1774305513468710124,6396
340,1774305513470280897,1774305513475717891,5436
341,1774305513477283078,1774305513482376511,5093
342,1774305513483906381,1774305513490634935,6728
343,1774305513492189588,1774305513496979583,4789
344,1774305513498545142,1774305513503152967,4607
345,1774305513504613822,1774305513509244079,4630
346,1774305513510790271,1774305513517470140,6679
347,1774305513519021344,1774305513523484968,4463
348,1774305513525057494,1774305513529926047,4868
349,1774305513531364865,1774305513536458575,5093
350,1774305513538064939,1774305513542889096,4824
351,1774305513544420933,1774305513549023697,4602
352,1774305513550612767,1774305513556242119,5629
353,1774305513557817402,1774305513564660434,6843
354,1774305513566290737,1774305513573175874,6885
355,1774305513574670832,1774305513579051730,4380
356,1774305513580606920,1774305513585910316,5303
357,1774305513587510448,1774305513592835112,5324
358,1774305513594345030,1774305513599812412,5467
359,1774305513601403356,1774305513606051803,4648
360,1774305513607650929,1774305513614343763,6692
361,1774305513615929649,1774305513621067136,5137
362,1774305513622721525,1774305513628389220,5667
363,1774305513629939187,1774305513636622160,6682
364,1774305513638134868,1774305513642868584,4733
365,1774305513644421590,1774305513651199356,6777
366,1774305513652702295,1774305513657263790,4561
367,1774305513658784137,1774305513664933325,6149
368,1774305513666492813,1774305513673142429,6649
369,1774305513674614251,1774305513679103751,4489
370,1774305513680654218,1774305513687363746,6709
371,1774305513688895648,1774305513693384785,4489
372,1774305513694914626,1774305513700375751,5461
373,1774305513701935781,1774305513707437769,5501
374,1774305513709042670,1774305513713489849,4447
375,1774305513715072696,1774305513722272865,7200
376,1774305513723701755,1774305513728221488,4519
377,1774305513729690263,1774305513735050516,5360
378,1774305513736546398,1774305513741187233,4640
379,1774305513742762354,1774305513748005860,5243
380,1774305513749477552,1774305513756114697,6637
381,1774305513757669786,1774305513762156639,4486
382,1774305513763718239,1774305513769738736,6020
383,1774305513771299692,1774305513776782440,5482
384,1774305513778410073,1774305513785147843,6737
385,1774305513786759137,1774305513793275579,6516
386,1774305513794842004,1774305513800005048,5163
387,1774305513801501333,1774305513808295416,6794
388,1774305513809922956,1774305513814810912,4887
389,1774305513816369074,1774305513822670100,6301
390,1774305513824175289,1774305513830938647,6763
391,1774305513832540322,1774305513837180156,4639
392,1774305513838766632,1774305513845638535,6871
393,1774305513847276930,1774305513854146640,6869
394,1774305513855755962,1774305513860619550,4863
395,1774305513862182516,1774305513866953667,4771
396,1774305513868384165,1774305513873092963,4708
397,1774305513874710442,1774305513879679252,4968
398,1774305513881213735,1774305513887873142,6659
399,1774305513889423433,1774305513895058677,5635
400,1774305513896547739,1774305513903168337,6620
401,1774305513904734812,1774305513909230550,4495
402,1774305513910744226,1774305513916016676,5272
403,1774305513917508572,1774305513922834387,5325
404,1774305513924408489,1774305513930028495,5620
405,1774305513931615366,1774305513936089766,4474
406,1774305513937637451,1774305513942848703,5211
407,1774305513944434065,1774305513951037394,6603
408,1774305513952588756,1774305513957457695,4868
409,1774305513959014378,1774305513965651561,6637
410,1774305513967050859,1774305513973687365,6636
411,1774305513975243241,1774305513980708975,5465
412,1774305513982319184,1774305513987808983,5489
413,1774305513989239399,1774305513993615242,4375
414,1774305513995135925,1774305514000389734,5253
415,1774305514001941654,1774305514006449224,4507
416,1774305514008015005,1774305514014629972,6614
417,1774305514016154914,1774305514021305792,5150
418,1774305514022831883,1774305514028390929,5559
419,1774305514029995160,1774305514034477131,4481
420,1774305514036010301,1774305514041363609,5353
421,1774305514042907692,1774305514048084649,5176
422,1774305514049671900,1774305514054136665,4464
423,1774305514055757661,1774305514062427602,6669
424,1774305514064066275,1774305514069172120,5105
425,1774305514070721598,1774305514076285590,5563
426,1774305514077851289,1774305514084446150,6594
427,1774305514086009521,1774305514090393474,4383
428,1774305514091935947,1774305514098490294,6554
429,1774305514100052007,1774305514105183676,5131
430,1774305514106767074,1774305514112395821,5628
431,1774305514113864376,1774305514119452420,5588
432,1774305514121046988,1774305514125742472,4695
433,1774305514127363140,1774305514131811860,4448
434,1774305514133393608,1774305514138448821,5055
435,1774305514139943339,1774305514144924748,4981
436,1774305514146444900,1774305514152069486,5624
437,1774305514153626490,1774305514159784025,6157
438,1774305514161332796,1774305514166053543,4720
439,1774305514167487470,1774305514174366733,6879
440,1774305514175903774,1774305514180365375,4461
441,1774305514181878538,1774305514186341902,4463
442,1774305514187908053,1774305514192369492,4461
443,1774305514193887451,1774305514198632565,4745
444,1774305514200392346,1774305514207127848,6735
445,1774305514208701942,1774305514213574341,4872
446,1774305514215197450,1774305514221897693,6700
447,1774305514223413881,1774305514228681240,5267
448,1774305514230383255,1774305514237853451,7470
449,1774305514239528941,1774305514245049205,5520
450,1774305514246566476,1774305514251969478,5403
451,1774305514253654565,1774305514258084242,4429
452,1774305514259476863,1774305514264409123,4932
453,1774305514265999286,1774305514270427850,4428
454,1774305514271715145,1774305514276694787,4979
455,1774305514278217157,1774305514284186691,5969
456,1774305514285675197,1774305514291906206,6231
457,1774305514293521944,1774305514298156186,4634
458,1774305514299699317,1774305514304962962,5263
459,1774305514306468419,1774305514313113805,6645
460,1774305514314579097,1774305514320205339,5626
461,1774305514321775153,1774305514326290721,4515
462,1774305514327828614,1774305514333088890,5260
463,1774305514334633800,1774305514340167973,5534
464,1774305514341702533,1774305514346219200,4516
465,1774305514347744577,1774305514353019888,5275
466,1774305514354546267,1774305514361747220,7200
467,1774305514363408509,1774305514368893901,5485
468,1774305514370491069,1774305514376174414,5683
469,1774305514377759859,1774305514382288371,4528
470,1774305514383928531,1774305514388604971,4676
471,1774305514390149296,1774305514394564490,4415
472,1774305514396085854,1774305514401557332,5471
473,1774305514403136036,1774305514408372915,5236
474,1774305514409965781,1774305514414872901,4907
475,1774305514416457655,1774305514421079579,4621
476,1774305514422631013,1774305514427141335,4510
477,1774305514428653881,1774305514433205491,4551
478,1774305514434735109,1774305514439342064,4606
479,1774305514440873407,1774305514445357582,4484
480,1774305514446851789,1774305514451381587,4529
481,1774305514452880924,1774305514457286707,4405
482,1774305514458796680,1774305514463326402,4529
483,1774305514464842614,1774305514469319111,4476
484,1774305514470848176,1774305514475358641,4510
485,1774305514482144939,1774305514486918205,4773
486,1774305514488503392,1774305514495170690,6667
487,1774305514496724434,1774305514501662709,4938
488,1774305514503167235,1774305514509629528,6462
489,1774305514511230194,1774305514518168157,6937
490,1774305514519757050,1774305514524143247,4386
491,1774305514525758713,1774305514532576268,6817
492,1774305514534144312,1774305514541231983,7087
493,1774305514542795489,1774305514547678533,4883
494,1774305514549356606,1774305514555158752,5802
495,1774305514556794276,1774305514561432931,4638
496,1774305514563039476,1774305514569746492,6707
497,1774305514571421281,1774305514576602488,5181
498,1774305514578405056,1774305514584937275,6532
499,1774305514586710614,1774305514592466953,5756
500,1774305514594199350,1774305514599051801,4852
501,1774305514600734021,1774305514605746975,5012
502,1774305514607560229,1774305514614445856,6885
503,1774305514616336368,1774305514622162356,5825
504,1774305514623824594,1774305514630006191,6181
505,1774305514631639886,1774305514638338971,6699
506,1774305514639956269,1774305514644444167,4487
507,1774305514646062131,1774305514650446453,4384
508,1774305514651887235,1774305514656449659,4562
509,1774305514658090566,1774305514664561556,6470
510,1774305514666130932,1774305514671085567,4954
511,1774305514672561789,1774305514678245133,5683
512,1774305514679873468,1774305514684478448,4604
513,1774305514686258505,1774305514693007336,6748
514,1774305514694778286,1774305514699893887,5115
515,1774305514701667163,1774305514707067643,5400
516,1774305514708979059,1774305514714810823,5831
517,1774305514716556141,1774305514722394351,5838
518,1774305514724168650,1774305514730243432,6074
519,1774305514732034410,1774305514737354443,5320
520,1774305514739109546,1774305514744016267,4906
521,1774305514745669436,1774305514750619787,4950
522,1774305514752323907,1774305514759649579,7325
523,1774305514761584609,1774305514767913183,6328
524,1774305514769780081,1774305514774669287,4889
525,1774305514776351430,1774305514781563440,5212
526,1774305514783179119,1774305514790253066,7073
527,1774305514791853313,1774305514797194625,5341
528,1774305514798955025,1774305514804833255,5878
529,1774305514806593010,1774305514811422848,4829
530,1774305514813092985,1774305514817577577,4484
531,1774305514819205631,1774305514824746499,5540
532,1774305514826452317,1774305514832053765,5601
533,1774305514833713246,1774305514840715374,7002
534,1774305514842512489,1774305514847506151,4993
535,1774305514849158205,1774305514855237585,6079
536,1774305514857035829,1774305514863781306,6745
537,1774305514865535636,1774305514870501141,4965
538,1774305514872269062,1774305514879205267,6936
539,1774305514881039979,1774305514886385770,5345
540,1774305514888089543,1774305514893506259,5416
541,1774305514895272916,1774305514902238209,6965
542,1774305514904030531,1774305514909543795,5513
543,1774305514911447604,1774305514918338839,6891
544,1774305514920169400,1774305514927505204,7335
545,1774305514929141285,1774305514935909792,6768
546,1774305514937567115,1774305514942338564,4771
547,1774305514944081275,1774305514951187906,7106
548,1774305514952792133,1774305514957910512,5118
549,1774305514959468630,1774305514964824517,5355
550,1774305514966711564,1774305514971596680,4885
551,1774305514973340260,1774305514978527103,5186
552,1774305514980392176,1774305514987433050,7040
553,1774305514989160796,1774305514994260717,5099
554,1774305514996034053,1774305515001070875,5036
555,1774305515002960542,1774305515008026590,5066
556,1774305515009756425,1774305515017044889,7288
557,1774305515018993504,1774305515024767551,5774
558,1774305515026427566,1774305515031569814,5142
559,1774305515033305555,1774305515038429774,5124
560,1774305515040292521,1774305515047154848,6862
561,1774305515048938974,1774305515053954160,5015
562,1774305515055730081,1774305515060570812,4840
563,1774305515062256523,1774305515066775636,4519
564,1774305515068352217,1774305515073180894,4828
565,1774305515074841397,1774305515080707057,5865
566,1774305515082292178,1774305515086769868,4477
567,1774305515088403590,1774305515093248347,4844
568,1774305515094862705,1774305515101770421,6907
569,1774305515103480391,1774305515108624260,5143
570,1774305515110365633,1774305515115484324,5118
571,1774305515117208599,1774305515122282539,5073
572,1774305515124032340,1774305515129546244,5513
573,1774305515131114550,1774305515137711547,6596
574,1774305515139430178,1774305515144727855,5297
575,1774305515146404356,1774305515151760737,5356
576,1774305515153573156,1774305515160506182,6933
577,1774305515162304783,1774305515167442672,5137
578,1774305515169199805,1774305515175048484,5848
579,1774305515176947401,1774305515182426424,5479
580,1774305515184120061,1774305515189048356,4928
581,1774305515190763997,1774305515195305167,4541
582,1774305515197038063,1774305515202244318,5206
583,1774305515203862265,1774305515209937749,6075
584,1774305515211588551,1774305515216372321,4783
585,1774305515218121261,1774305515223329000,5207
586,1774305515224700470,1774305515229371656,4671
587,1774305515231057044,1774305515237929273,6872
588,1774305515239600246,1774305515246458364,6858
589,1774305515248292567,1774305515253340401,5047
590,1774305515255067026,1774305515259975957,4908
591,1774305515261973134,1774305515266989269,5016
592,1774305515268717359,1774305515275106335,6388
593,1774305515277069341,1774305515282733035,5663
594,1774305515284506698,1774305515291203434,6696
595,1774305515292944009,1774305515298719835,5775
596,1774305515300404801,1774305515305328624,4923
597,1774305515307036428,1774305515311989654,4953
598,1774305515313651181,1774305515319682882,6031
599,1774305515321543201,1774305515327412873,5869
600,1774305515329196689,1774305515336390859,7194
601,1774305515338068747,1774305515343748251,5679
602,1774305515345386386,1774305515350658920,5272
603,1774305515352316888,1774305515357254953,4938
604,1774305515358895102,1774305515364306428,5411
605,1774305515365885201,1774305515371569175,5683
606,1774305515373328735,1774305515379165990,5837
607,1774305515380885481,1774305515385808350,4922
608,1774305515387715680,1774305515392801164,5085
609,1774305515394525651,1774305515400113141,5587
610,1774305515402003763,1774305515407877515,5873
611,1774305515409560672,1774305515415329901,5769
612,1774305515417046846,1774305515422384035,5337
613,1774305515424161481,1774305515429189330,5027
614,1774305515430894006,1774305515435727296,4833
615,1774305515437494976,1774305515444788540,7293
616,1774305515446466837,1774305515451878919,5412
617,1774305515453525119,1774305515458788735,5263
618,1774305515460462359,1774305515465154864,4692
619,1774305515466925192,1774305515471545086,4619
620,1774305515473108428,1774305515480002816,6894
621,1774305515481772597,1774305515487622553,5849
622,1774305515489292615,1774305515494522233,5229
623,1774305515496252836,1774305515501292517,5039
624,1774305515502926444,1774305515507471753,4545
625,1774305515509104896,1774305515514420339,5315
626,1774305515516261942,1774305515521171474,4909
627,1774305515522961602,1774305515527603563,4641
628,1774305515529341140,1774305515535196211,5855
629,1774305515536952310,1774305515541782773,4830
630,1774305515543671101,1774305515548779945,5108
631,1774305515550632205,1774305515556209273,5577
632,1774305515558036078,1774305515563693699,5657
633,1774305515565572225,1774305515572731561,7159
634,1774305515574710438,1774305515579809963,5099
635,1774305515581566147,1774305515586840324,5274
636,1774305515588990636,1774305515594410853,5420
637,1774305515596133379,1774305515601312187,5178
638,1774305515603093311,1774305515608353197,5259
639,1774305515610089291,1774305515614774274,4684
640,1774305515616424761,1774305515623611150,7186
641,1774305515625059072,1774305515629918756,4859
642,1774305515631305910,1774305515637104086,5798
643,1774305515638259122,1774305515645115945,6856
644,1774305515646770015,1774305515651511284,4741
645,1774305515653139905,1774305515659084951,5945
646,1774305515660719409,1774305515665466548,4747
647,1774305515667124304,1774305515672333905,5209
648,1774305515674043310,1774305515679056694,5013
649,1774305515680800843,1774305515686533363,5732
650,1774305515688279899,1774305515694796920,6517
651,1774305515696480839,1774305515701745959,5265
652,1774305515703391691,1774305515708628494,5236
653,1774305515710293260,1774305515715474428,5181
654,1774305515717379914,1774305515723956438,6576
655,1774305515725742648,1774305515731157233,5414
656,1774305515733071297,1774305515738054460,4983
657,1774305515739731983,1774305515744272924,4540
658,1774305515745884520,1774305515750501962,4617
659,1774305515752121062,1774305515756795789,4674
660,1774305515758473143,1774305515762687165,4214
661,1774305515763953284,1774305515768551927,4598
662,1774305515770160901,1774305515775492439,5331
663,1774305515777075543,1774305515782751967,5676
664,1774305515784463814,1774305515790379663,5915
665,1774305515792315456,1774305515797871071,5555
666,1774305515800032605,1774305515807002583,6969
667,1774305515808964741,1774305515814039556,5074
668,1774305515815737369,1774305515821631477,5894
669,1774305515823557694,1774305515828935041,5377
670,1774305515830717551,1774305515836233365,5515
671,1774305515838183681,1774305515845002522,6818
672,1774305515846696289,1774305515852040362,5344
673,1774305515853648453,1774305515859988355,6339
674,1774305515861693538,1774305515866552017,4858
675,1774305515868302187,1774305515873570744,5268
676,1774305515875291605,1774305515879951815,4660
677,1774305515881525985,1774305515886453416,4927
678,1774305515888107283,1774305515894153609,6046
679,1774305515895775905,1774305515901516347,5740
680,1774305515903283881,1774305515908114566,4830
681,1774305515909749237,1774305515914460886,4711
682,1774305515916011480,1774305515921319203,5307
683,1774305515923023075,1774305515929952088,6929
684,1774305515931701568,1774305515936813969,5112
685,1774305515938574204,1774305515944354704,5780
686,1774305515946026658,1774305515952807555,6780
687,1774305515954472939,1774305515961202178,6729
688,1774305515963078423,1774305515968795100,5716
689,1774305515970468598,1774305515975557298,5088
690,1774305515977261820,1774305515982317744,5055
691,1774305515984013224,1774305515991032235,7019
692,1774305515992729154,1774305515998038052,5308
693,1774305515999916664,1774305516005590706,5674
694,1774305516007331983,1774305516012923516,5591
695,1774305516014670970,1774305516021795573,7124
696,1774305516023433686,1774305516029523152,6089
697,1774305516031177427,1774305516035613379,4435
698,1774305516037402699,1774305516042656849,5254
699,1774305516044404154,1774305516049856506,5452
700,1774305516051486032,1774305516056324652,4838
701,1774305516058113406,1774305516062979023,4865
702,1774305516064652270,1774305516071687503,7035
703,1774305516073458680,1774305516080285048,6826
704,1774305516082009560,1774305516086903228,4893
705,1774305516088716437,1774305516095585656,6869
706,1774305516097362099,1774305516102692656,5330
707,1774305516104419226,1774305516110490803,6071
708,1774305516112338892,1774305516119563117,7224
709,1774305516121252039,1774305516126781550,5529
710,1774305516128376114,1774305516134109302,5733
711,1774305516135974490,1774305516141523076,5548
712,1774305516143235526,1774305516148173295,4937
713,1774305516149984318,1774305516155474549,5490
714,1774305516157117163,1774305516162736557,5619
715,1774305516164479020,1774305516170185271,5706
716,1774305516171798570,1774305516176638990,4840
717,1774305516178440031,1774305516183552731,5112
718,1774305516185289403,1774305516190988442,5699
719,1774305516192734210,1774305516197521760,4787
720,1774305516199250647,1774305516204928792,5678
721,1774305516206757123,1774305516213822715,7065
722,1774305516215581130,1774305516221025664,5444
723,1774305516222842347,1774305516228483587,5641
724,1774305516230367413,1774305516236427273,6059
725,1774305516238211072,1774305516244078126,5867
726,1774305516245878503,1774305516253124752,7246
727,1774305516254888076,1774305516260504565,5616
728,1774305516262269619,1774305516267298323,5028
729,1774305516269251786,1774305516276084680,6832
730,1774305516278009327,1774305516283013007,5003
731,1774305516284766250,1774305516290907647,6141
732,1774305516292473733,1774305516297276696,4802
733,1774305516298991113,1774305516304329081,5337
734,1774305516305766596,1774305516311168344,5401
735,1774305516312741595,1774305516318436085,5694
736,1774305516320056536,1774305516325010875,4954
737,1774305516326643937,1774305516331402661,4758
738,1774305516333047043,1774305516339187121,6140
739,1774305516340928670,1774305516346309952,5381
740,1774305516348037480,1774305516352977882,4940
741,1774305516354805633,1774305516359533966,4728
742,1774305516361242065,1774305516367895198,6653
743,1774305516369611014,1774305516375195464,5584
744,1774305516376894096,1774305516381813205,4919
745,1774305516383473781,1774305516389554846,6081
746,1774305516391541278,1774305516398505954,6964
747,1774305516400343630,1774305516405706325,5362
748,1774305516407348422,1774305516413299321,5950
749,1774305516415199945,1774305516421215569,6015
750,1774305516422981241,1774305516427880149,4898
751,1774305516429573231,1774305516435065990,5492
752,1774305516436740363,1774305516441897878,5157
753,1774305516443537624,1774305516448849746,5312
754,1774305516450523918,1774305516455247968,4724
755,1774305516456886908,1774305516461926105,5039
756,1774305516463465417,1774305516470418227,6952
757,1774305516472175941,1774305516477604178,5428
758,1774305516479249332,1774305516485784923,6535
759,1774305516487507226,1774305516494477317,6970
760,1774305516496505361,1774305516501316135,4810
761,1774305516503020652,1774305516509753324,6732
762,1774305516511581608,1774305516517637020,6055
763,1774305516519382064,1774305516524708977,5326
764,1774305516526656140,1774305516531435620,4779
765,1774305516533123914,1774305516538835588,5711
766,1774305516540593014,1774305516545994900,5401
767,1774305516547639641,1774305516553055308,5415
768,1774305516554783669,1774305516559565870,4782
769,1774305516561400777,1774305516567091157,5690
770,1774305516568826215,1774305516573379966,4553
771,1774305516575026390,1774305516580074356,5047
772,1774305516581658659,1774305516587195745,5537
773,1774305516588743356,1774305516594575864,5832
774,1774305516596281508,1774305516600786300,4504
775,1774305516602530303,1774305516609542921,7012
776,1774305516611361679,1774305516616252250,4890
777,1774305516617935498,1774305516623284525,5349
778,1774305516624712057,1774305516630307411,5595
779,1774305516632028997,1774305516638077117,6048
780,1774305516639627913,1774305516645677511,6049
781,1774305516647441217,1774305516652187283,4746
782,1774305516654007342,1774305516659271415,5264
783,1774305516660930042,1774305516667105486,6175
784,1774305516668725747,1774305516673311023,4585
785,1774305516674964160,1774305516680079952,5115
786,1774305516681745156,1774305516686419729,4674
787,1774305516688158896,1774305516695044010,6885
788,1774305516696744280,1774305516701708825,4964
789,1774305516703349582,1774305516707788359,4438
790,1774305516709364124,1774305516714091237,4727
791,1774305516715828273,1774305516721378048,5549
792,1774305516722941027,1774305516727663225,4722
793,1774305516729332195,1774305516734212037,4879
794,1774305516735625440,1774305516740777911,5152
795,1774305516742463652,1774305516747902235,5438
796,1774305516749677410,1774305516754638261,4960
797,1774305516756556782,1774305516763093944,6537
798,1774305516764856680,1774305516770121960,5265
799,1774305516771872171,1774305516777364225,5492
800,1774305516779060382,1774305516785818291,6757
801,1774305516787607765,1774305516793464974,5857
802,1774305516795228155,1774305516800547742,5319
803,1774305516802515533,1774305516807690878,5175
804,1774305516809414731,1774305516815458834,6044
805,1774305516817338903,1774305516822219646,4880
806,1774305516823932716,1774305516829244414,5311
807,1774305516831031203,1774305516837810839,6779
808,1774305516839420321,1774305516844153609,4733
809,1774305516845830720,1774305516850438062,4607
810,1774305516852013483,1774305516857479727,5466
811,1774305516859048410,1774305516864601942,5553
812,1774305516866169631,1774305516870643090,4473
813,1774305516872336098,1774305516877196079,4859
814,1774305516878852343,1774305516885834245,6981
815,1774305516887471049,1774305516893124966,5653
816,1774305516894799665,1774305516900163552,5363
817,1774305516901907888,1774305516906680481,4772
818,1774305516908362309,1774305516913347752,4985
819,1774305516915397735,1774305516920676178,5278
820,1774305516922520493,1774305516927464102,4943
821,1774305516929217657,1774305516935256412,6038
822,1774305516937034749,1774305516943190269,6155
823,1774305516944940994,1774305516949738344,4797
824,1774305516951650012,1774305516957232068,5582
825,1774305516958967438,1774305516963660066,4692
826,1774305516965325637,1774305516972232543,6906
827,1774305516973771242,1774305516979594806,5823
828,1774305516981334310,1774305516988018089,6683
829,1774305516989654054,1774305516995561417,5907
830,1774305516997221818,1774305517001925070,4703
831,1774305517003553123,1774305517008724804,5171
832,1774305517010421709,1774305517015274114,4852
833,1774305517016991410,1774305517021665748,4674
834,1774305517023334549,1774305517030405836,7071
835,1774305517032130797,1774305517037186491,5055
836,1774305517038848290,1774305517043913150,5064
837,1774305517045561601,1774305517052722543,7160
838,1774305517054603568,1774305517060203454,5599
839,1774305517062100004,1774305517068251295,6151
840,1774305517070158180,1774305517075675812,5517
841,1774305517077383421,1774305517082448140,5064
842,1774305517084231536,1774305517091336602,7105
843,1774305517093160115,1774305517098253511,5093
844,1774305517099947641,1774305517105297992,5350
845,1774305517106947676,1774305517112297091,5349
846,1774305517114260491,1774305517119520755,5260
847,1774305517121116486,1774305517126191359,5074
848,1774305517127519796,1774305517132353206,4833
849,1774305517133903715,1774305517138492754,4589
850,1774305517140173177,1774305517145453848,5280
851,1774305517147076546,1774305517152477768,5401
852,1774305517154077792,1774305517160956434,6878
853,1774305517162643110,1774305517167836239,5193
854,1774305517169637864,1774305517176012575,6374
855,1774305517177839412,1774305517183217836,5378
856,1774305517184937528,1774305517190533057,5595
857,1774305517192278267,1774305517199271286,6993
858,1774305517201151321,1774305517206165270,5013
859,1774305517207899947,1774305517213506035,5606
860,1774305517215206624,1774305517222035910,6829
861,1774305517223743971,1774305517230299611,6555
862,1774305517232092182,1774305517237971276,5879
863,1774305517239706978,1774305517244684019,4977
864,1774305517246534771,1774305517252161672,5626
865,1774305517254059151,1774305517260729183,6670
866,1774305517262341718,1774305517269511897,7170
867,1774305517271264281,1774305517276603148,5338
868,1774305517278373715,1774305517284310178,5936
869,1774305517285983242,1774305517290572410,4589
870,1774305517292301623,1774305517299005864,6704
871,1774305517300734683,1774305517307711256,6976
872,1774305517309555589,1774305517314721157,5165
873,1774305517316489521,1774305517323006294,6516
874,1774305517324735590,1774305517331694558,6958
875,1774305517333382128,1774305517338172516,4790
876,1774305517340076018,1774305517346870680,6794
877,1774305517348520945,1774305517354330228,5809
878,1774305517356021921,1774305517362971338,6949
879,1774305517364721667,1774305517371701806,6980
880,1774305517373441629,1774305517379018646,5577
881,1774305517380666405,1774305517386130073,5463
882,1774305517387814317,1774305517392549141,4734
883,1774305517394202874,1774305517399127000,4924
884,1774305517401031758,1774305517406106083,5074
885,1774305517407735058,1774305517413557265,5822
886,1774305517415195869,1774305517421167720,5971
887,1774305517422774982,1774305517428099981,5324
888,1774305517429820477,1774305517435013906,5193
889,1774305517437020310,1774305517442716469,5696
890,1774305517444405589,1774305517449469885,5064
891,1774305517451365767,1774305517456314572,4948
892,1774305517458057465,1774305517463969605,5912
893,1774305517465782505,1774305517471241381,5458
894,1774305517473036314,1774305517477857304,4820
895,1774305517479500511,1774305517485077842,5577
896,1774305517486742180,1774305517492468757,5726
897,1774305517494220184,1774305517501291558,7071
898,1774305517503449020,1774305517509115923,5666
899,1774305517510804062,1774305517516200487,5396
900,1774305517517939231,1774305517522809096,4869
901,1774305517524529764,1774305517531652614,7122
902,1774305517533438079,1774305517538283858,4845
903,1774305517539886807,1774305517544807129,4920
904,1774305517546443744,1774305517553665333,7221
905,1774305517555322547,1774305517562593249,7270
906,1774305517564349013,1774305517569653616,5304
907,1774305517571494950,1774305517577169212,5674
908,1774305517579042317,1774305517584098455,5056
909,1774305517585976536,1774305517592273431,6296
910,1774305517593945960,1774305517600253528,6307
911,1774305517602027561,1774305517606732896,4705
912,1774305517608379333,1774305517613191804,4812
913,1774305517614927489,1774305517621684273,6756
914,1774305517623324283,1774305517629040446,5716
915,1774305517630734119,1774305517636540219,5806
916,1774305517638182085,1774305517643092127,4910
917,1774305517644727648,1774305517649857503,5129
918,1774305517651547865,1774305517656992714,5444
919,1774305517658722547,1774305517665616527,6893
920,1774305517667286782,1774305517672920167,5633
921,1774305517674558056,1774305517679214123,4656
922,1774305517680895044,1774305517685607189,4712
923,1774305517687195004,1774305517692606872,5411
924,1774305517694027091,1774305517699620942,5593
925,1774305517700947304,1774305517705494762,4547
926,1774305517707334272,1774305517712675257,5340
927,1774305517714478592,1774305517720066758,5588
928,1774305517721776709,1774305517728565920,6789
929,1774305517730454844,1774305517735336945,4882
930,1774305517737235959,1774305517743339719,6103
931,1774305517745253904,1774305517750523873,5269
932,1774305517752268035,1774305517757311073,5043
933,1774305517759103314,1774305517766590774,7487
934,1774305517768318949,1774305517773797812,5478
935,1774305517775473397,1774305517780659641,5186
936,1774305517782305261,1774305517787352481,5047
937,1774305517789022701,1774305517794001566,4978
938,1774305517795703963,1774305517802796218,7092
939,1774305517804621556,1774305517810551687,5930
940,1774305517812193607,1774305517816842791,4649
941,1774305517818478360,1774305517823972708,5494
942,1774305517825501572,1774305517832043312,6541
943,1774305517833647505,1774305517838384634,4737
944,1774305517839909109,1774305517844751767,4842
945,1774305517846289393,1774305517851828370,5538
946,1774305517853543708,1774305517860051314,6507
947,1774305517861673840,1774305517866735742,5061
948,1774305517868576935,1774305517875047025,6470
949,1774305517876695189,1774305517882185076,5489
950,1774305517883942561,1774305517890830385,6887
951,1774305517892501463,1774305517899085869,6584
952,1774305517900742751,1774305517905841923,5099
953,1774305517907485752,1774305517912284956,4799
954,1774305517913937449,1774305517918909025,4971
955,1774305517920515055,1774305517925277820,4762
956,1774305517926966278,1774305517931450783,4484
957,1774305517933075201,1774305517937966879,4891
958,1774305517939616784,1774305517946648028,7031
959,1774305517948298694,1774305517953502620,5203
960,1774305517954957637,1774305517960295056,5337
961,1774305517962027272,1774305517966987843,4960
962,1774305517968480518,1774305517973687672,5207
963,1774305517975377268,1774305517980232319,4855
964,1774305517981820391,1774305517986465402,4645
965,1774305517988093863,1774305517995003431,6909
966,1774305517996935554,1774305518003112492,6176
967,1774305518004741591,1774305518010158663,5417
968,1774305518011899391,1774305518017121905,5222
969,1774305518018792046,1774305518024548396,5756
970,1774305518026447592,1774305518032175211,5727
971,1774305518034198803,1774305518039842662,5643
972,1774305518041513334,1774305518046968912,5455
973,1774305518048630944,1774305518053411499,4780
974,1774305518055113652,1774305518060608802,5495
975,1774305518062517199,1774305518069510367,6993
976,1774305518071369562,1774305518076560943,5191
977,1774305518078307329,1774305518085424271,7116
978,1774305518087070857,1774305518091490845,4419
979,1774305518093168372,1774305518100436174,7267
980,1774305518102169706,1774305518107491999,5322
981,1774305518108848379,1774305518115192629,6344
982,1774305518116811851,1774305518121458805,4646
983,1774305518123018851,1774305518128249055,5230
984,1774305518129915405,1774305518136624411,6709
985,1774305518138324311,1774305518143588008,5263
986,1774305518145380344,1774305518150406718,5026
987,1774305518152066616,1774305518156983048,4916
988,1774305518158691464,1774305518163480060,4788
989,1774305518165302355,1774305518171430966,6128
990,1774305518173158708,1774305518178948242,5789
991,1774305518180782135,1774305518185940145,5158
992,1774305518187608162,1774305518192556719,4948
993,1774305518194538117,1774305518201781428,7243
994,1774305518203534707,1774305518208515078,4980
995,1774305518210394048,1774305518215581977,5187
996,1774305518217169206,1774305518224439571,7270
997,1774305518226056583,1774305518231371275,5314
998,1774305518233031022,1774305518237713641,4682
999,1774305518239400456,1774305518246667536,7267
1000,1774305518248353573,1774305518253390935,5037
1001,1774305518255070849,1774305518260324243,5253
1002,1774305518261868940,1774305518268376177,6507
1003,1774305518270005077,1774305518274638277,4633
1004,1774305518276232205,1774305518282050918,5818
1005,1774305518283741252,1774305518288447861,4706
1006,1774305518290072062,1774305518296263054,6190
1007,1774305518297886154,1774305518303237130,5350
1008,1774305518305000062,1774305518310300821,5300
1009,1774305518311950352,1774305518316768396,4818
1010,1774305518318522954,1774305518325781596,7258
1011,1774305518327436308,1774305518332972637,5536
1012,1774305518334859656,1774305518339944607,5084
1013,1774305518341605826,1774305518346664495,5058
1014,1774305518348541753,1774305518355570306,7028
1015,1774305518357161601,1774305518361684267,4522
1016,1774305518363500782,1774305518370660790,7160
1017,1774305518372177454,1774305518377026497,4849
1018,1774305518378753946,1774305518384326906,5572
1019,1774305518385913185,1774305518391575350,5662
1020,1774305518393385376,1774305518398937144,5551
1021,1774305518400570303,1774305518407271526,6701
1022,1774305518408887441,1774305518413571992,4684
1023,1774305518415309723,1774305518420235925,4926
1024,1774305518422168104,1774305518428085319,5917
1025,1774305518429701933,1774305518436036165,6334
1026,1774305518437672818,1774305518442358514,4685
1027,1774305518444026018,1774305518448855766,4829
1028,1774305518450568824,1774305518455524773,4955
1029,1774305518457405736,1774305518463985573,6579
1030,1774305518465623156,1774305518471188330,5565
1031,1774305518472940344,1774305518478169052,5228
1032,1774305518479801737,1774305518484593408,4791
1033,1774305518486273546,1774305518492001462,5727
1034,1774305518493837300,1774305518498543515,4706
1035,1774305518500155417,1774305518504483690,4328
1036,1774305518506116878,1774305518511351182,5234
1037,1774305518513126202,1774305518517650451,4524
1038,1774305518519398373,1774305518524923209,5524
1039,1774305518526272018,1774305518531069602,4797
1040,1774305518532685936,1774305518538009371,5323
1041,1774305518539625784,1774305518546038154,6412
1042,1774305518547850420,1774305518553242633,5392
1043,1774305518555043615,1774305518560279369,5235
1044,1774305518562051343,1774305518567540461,5489
1045,1774305518569481761,1774305518574295978,4814
1046,1774305518575967001,1774305518582260834,6293
1047,1774305518583924493,1774305518589541552,5617
1048,1774305518591290555,1774305518596255054,4964
1049,1774305518598019007,1774305518602679803,4660
1050,1774305518604390204,1774305518609869911,5479
1051,1774305518611729155,1774305518616726266,4997
1052,1774305518618576672,1774305518624011033,5434
1053,1774305518625671311,1774305518631888569,6217
1054,1774305518633230791,1774305518637603833,4373
1055,1774305518638927967,1774305518644519789,5591
1056,1774305518646065425,1774305518650625462,4560
1057,1774305518651879444,1774305518656669037,4789
1058,1774305518657763453,1774305518662388193,4624
1059,1774305518663881077,1774305518669206276,5325
1060,1774305518670710583,1774305518675389928,4679
1061,1774305518677107298,1774305518682475450,5368
1062,1774305518684267118,1774305518690922274,6655
1063,1774305518692635149,1774305518697774059,5138
1064,1774305518699421896,1774305518705834951,6413
1065,1774305518707585606,1774305518714417425,6831
1066,1774305518716125941,1774305518721452752,5326
1067,1774305518723282507,1774305518729848037,6565
1068,1774305518731522736,1774305518736643406,5120
1069,1774305518738301376,1774305518744261080,5959
1070,1774305518746290792,1774305518751267856,4977
1071,1774305518752924633,1774305518757930541,5005
1072,1774305518759585629,1774305518764516868,4931
1073,1774305518766246337,1774305518773537736,7291
1074,1774305518775285284,1774305518780244544,4959
1075,1774305518781911595,1774305518787454729,5543
1076,1774305518788964529,1774305518793480578,4516
1077,1774305518795091080,1774305518800085793,4994
1078,1774305518801660463,1774305518807094172,5433
1079,1774305518808763629,1774305518813549983,4786
1080,1774305518815263803,1774305518820300785,5036
1081,1774305518821923769,1774305518828660602,6736
1082,1774305518830589447,1774305518837520165,6930
1083,1774305518839343742,1774305518844393802,5050
1084,1774305518846069858,1774305518852949666,6879
1085,1774305518854621959,1774305518860478989,5857
1086,1774305518862170175,1774305518867525860,5355
1087,1774305518869291674,1774305518876157018,6865
1088,1774305518878171609,1774305518884191986,6020
1089,1774305518886094031,1774305518891480323,5386
1090,1774305518893237983,1774305518899254155,6016
1091,1774305518901099412,1774305518906212897,5113
1092,1774305518907898773,1774305518912893564,4994
1093,1774305518914606528,1774305518921604273,6997
1094,1774305518923180414,1774305518930185618,7005
1095,1774305518931810213,1774305518937268391,5458
1096,1774305518938801656,1774305518943410754,4609
1097,1774305518945208187,1774305518950093282,4885
1098,1774305518951900113,1774305518958951352,7051
1099,1774305518960717262,1774305518966369816,5652
1100,1774305518968098176,1774305518973095188,4997
1101,1774305518974778760,1774305518979641462,4862
1102,1774305518981522606,1774305518986816978,5294
1103,1774305518988557369,1774305518995029433,6472
1104,1774305518997003648,1774305519002479569,5475
1105,1774305519004210647,1774305519009197828,4987
1106,1774305519010941350,1774305519015825194,4883
1107,1774305519017479336,1774305519023591548,6112
1108,1774305519025536151,1774305519031351386,5815
1109,1774305519033282246,1774305519038863126,5580
1110,1774305519040555901,1774305519045291813,4735
1111,1774305519046907192,1774305519053878823,6971
1112,1774305519055461691,1774305519059912663,4450
1113,1774305519061318669,1774305519065904167,4585
1114,1774305519067553995,1774305519072335355,4781
1115,1774305519073903795,1774305519079594124,5690
1116,1774305519081137985,1774305519086729966,5591
1117,1774305519088501763,1774305519093462367,4960
1118,1774305519095357832,1774305519100584273,5226
1119,1774305519102509633,1774305519108031415,5521
1120,1774305519109822083,1774305519115109468,5287
1121,1774305519116786267,1774305519121486799,4700
1122,1774305519123145259,1774305519129981599,6836
1123,1774305519131695636,1774305519136389521,4693
1124,1774305519138320017,1774305519143769695,5449
1125,1774305519145613483,1774305519151438295,5824
1126,1774305519153114072,1774305519157996763,4882
1127,1774305519159640920,1774305519164816938,5176
1128,1774305519166744356,1774305519173660332,6915
1129,1774305519175400819,1774305519179955768,4554
1130,1774305519181585909,1774305519187356864,5770
1131,1774305519188998169,1774305519193826067,4827
1132,1774305519195579304,1774305519201032624,5453
1133,1774305519202508534,1774305519206793307,4284
1134,1774305519208464919,1774305519213639090,5174
1135,1774305519215377434,1774305519220716988,5339
1136,1774305519222446612,1774305519227304424,4857
1137,1774305519229034608,1774305519233746300,4711
1138,1774305519235427051,1774305519242419546,6992
1139,1774305519244075320,1774305519250868090,6792
1140,1774305519252604135,1774305519257709187,5105
1141,1774305519259406714,1774305519266552417,7145
1142,1774305519268280884,1774305519274242157,5961
1143,1774305519275943642,1774305519280650856,4707
1144,1774305519282309762,1774305519287968315,5658
1145,1774305519289562627,1774305519296559673,6997
1146,1774305519298496802,1774305519304249942,5753
1147,1774305519305947795,1774305519312663664,6715
1148,1774305519314345089,1774305519321581171,7236
1149,1774305519322963231,1774305519328456680,5493
1150,1774305519330098251,1774305519334698616,4600
1151,1774305519336333392,1774305519341508566,5175
1152,1774305519343110309,1774305519348424671,5314
1153,1774305519349966255,1774305519354866499,4900
1154,1774305519356468084,1774305519361184956,4716
1155,1774305519362845899,1774305519367556429,4710
1156,1774305519369233261,1774305519375980895,6747
1157,1774305519377686783,1774305519383490286,5803
1158,1774305519385167888,1774305519390325388,5157
1159,1774305519392351717,1774305519397346769,4995
1160,1774305519399056905,1774305519404670717,5613
1161,1774305519406475292,1774305519413535028,7059
1162,1774305519415330093,1774305519420710578,5380
1163,1774305519422417262,1774305519427976524,5559
1164,1774305519429714399,1774305519436729410,7015
1165,1774305519438564595,1774305519444149244,5584
1166,1774305519445808893,1774305519450563526,4754
1167,1774305519452387084,1774305519457270383,4883
1168,1774305519459045340,1774305519464377431,5332
1169,1774305519466087637,1774305519471636124,5548
1170,1774305519473241463,1774305519477702921,4461
1171,1774305519481536367,1774305519486431567,4895
1172,1774305519488045005,1774305519493110114,5065
1173,1774305519494945685,1774305519501994414,7048
1174,1774305519503613210,1774305519509036985,5423
1175,1774305519510989036,1774305519516340497,5351
1176,1774305519517990274,1774305519522442568,4452
1177,1774305519524069205,1774305519529051084,4981
1178,1774305519530694809,1774305519537650885,6956
1179,1774305519539517579,1774305519545037091,5519
1180,1774305519546904931,1774305519552699899,5794
1181,1774305519554471486,1774305519560094526,5623
1182,1774305519561791889,1774305519566551085,4759
1183,1774305519568374570,1774305519574318706,5944
1184,1774305519576273064,1774305519581749411,5476
1185,1774305519583416103,1774305519588697843,5281
1186,1774305519590297331,1774305519597587186,7289
1187,1774305519599198162,1774305519604149792,4951
1188,1774305519605909219,1774305519612447258,6538
1189,1774305519614140006,1774305519619549999,5409
1190,1774305519621174508,1774305519626130052,4955
1191,1774305519627709683,1774305519632440740,4731
1192,1774305519633949943,1774305519638627148,4677
1193,1774305519640235905,1774305519647195722,6959
1194,1774305519648915838,1774305519654979432,6063
1195,1774305519656612077,1774305519661952616,5340
1196,1774305519663742420,1774305519668445026,4702
1197,1774305519670208187,1774305519677301078,7092
1198,1774305519679083127,1774305519684969424,5886
1199,1774305519686625075,1774305519692343175,5718
1200,1774305519694079812,1774305519699000585,4920
1201,1774305519700644055,1774305519707719115,7075
1202,1774305519709580166,1774305519715008414,5428
1203,1774305519716682979,1774305519722452520,5769
1204,1774305519724296576,1774305519731246154,6949
1205,1774305519732833731,1774305519737241580,4407
1206,1774305519738952363,1774305519744372219,5419
1207,1774305519746112263,1774305519751466367,5354
1208,1774305519752942032,1774305519758728017,5785
1209,1774305519760002002,1774305519766070338,6068
1210,1774305519767766778,1774305519772513850,4747
1211,1774305519774403447,1774305519779670588,5267
1212,1774305519781444545,1774305519788357176,6912
1213,1774305519790099702,1774305519795564736,5465
1214,1774305519797325873,1774305519804255393,6929
1215,1774305519806069259,1774305519812935152,6865
1216,1774305519814607740,1774305519819989319,5381
1217,1774305519821926849,1774305519827350880,5424
1218,1774305519829053391,1774305519834141842,5088
1219,1774305519835824716,1774305519840952376,5127
1220,1774305519842967400,1774305519849989488,7022
1221,1774305519851820172,1774305519857241982,5421
1222,1774305519859024676,1774305519864341420,5316
1223,1774305519866177135,1774305519871477530,5300
1224,1774305519873303921,1774305519879298531,5994
1225,1774305519881020724,1774305519886350475,5329
1226,1774305519887792789,1774305519892696909,4904
1227,1774305519894324701,1774305519899861162,5536
1228,1774305519901579271,1774305519906453832,4874
1229,1774305519908246565,1774305519913185583,4939
1230,1774305519915169326,1774305519922128935,6959
1231,1774305519923800720,1774305519929168451,5367
1232,1774305519931138065,1774305519937952787,6814
1233,1774305519939825886,1774305519944954314,5128
1234,1774305519946761285,1774305519952627466,5866
1235,1774305519954527976,1774305519959966952,5438
1236,1774305519961614740,1774305519966571191,4956
1237,1774305519968463410,1774305519973237795,4774
1238,1774305519974953639,1774305519982029825,7076
1239,1774305519983701046,1774305519989218235,5517
1240,1774305519991134320,1774305519996438724,5304
1241,1774305519998122848,1774305520003795076,5672
1242,1774305520005431417,1774305520011074192,5642
1243,1774305520012585177,1774305520017323328,4738
1244,1774305520019028956,1774305520024634119,5605
1245,1774305520026048313,1774305520030406399,4358
1246,1774305520031864465,1774305520036574062,4709
1247,1774305520038141926,1774305520042680562,4538
1248,1774305520044259407,1774305520051234775,6975
1249,1774305520052846172,1774305520059571539,6725
1250,1774305520061482732,1774305520066483376,5000
1251,1774305520068124053,1774305520073756497,5632
1252,1774305520075428107,1774305520082243286,6815
1253,1774305520084011312,1774305520089363674,5352
1254,1774305520091134048,1774305520097269981,6135
1255,1774305520098971302,1774305520105713938,6742
1256,1774305520107506269,1774305520112459495,4953
1257,1774305520114365898,1774305520121041022,6675
1258,1774305520122776033,1774305520127961311,5185
1259,1774305520129608554,1774305520134408281,4799
1260,1774305520136278149,1774305520143306025,7027
1261,1774305520144932591,1774305520149298260,4365
1262,1774305520150905002,1774305520157657479,6752
1263,1774305520159216134,1774305520163660911,4444
1264,1774305520165270289,1774305520171145122,5874
1265,1774305520172620042,1774305520177878596,5258
1266,1774305520179596718,1774305520186333385,6736
1267,1774305520188234123,1774305520194968090,6733
1268,1774305520196785834,1774305520201910588,5124
1269,1774305520203537264,1774305520209439022,5901
1270,1774305520211155950,1774305520218109406,6953
1271,1774305520219926569,1774305520225709920,5783
1272,1774305520227599995,1774305520233609759,6009
1273,1774305520235458944,1774305520240309664,4850
1274,1774305520242035474,1774305520247220961,5185
1275,1774305520249081303,1774305520255960223,6878
1276,1774305520257707555,1774305520263299520,5591
1277,1774305520264925394,1774305520270635812,5710
1278,1774305520272456438,1774305520279695365,7238
1279,1774305520281308166,1774305520286265450,4957
1280,1774305520287899269,1774305520293377113,5477
1281,1774305520294997167,1774305520299619927,4622
1282,1774305520301213056,1774305520306774846,5561
1283,1774305520308223141,1774305520315056578,6833
1284,1774305520316728184,1774305520322180758,5452
1285,1774305520323856256,1774305520328812478,4956
1286,1774305520330624333,1774305520335505320,4880
1287,1774305520337401992,1774305520343503176,6101
1288,1774305520345337721,1774305520350803910,5466
1289,1774305520352645006,1774305520357555897,4910
1290,1774305520359325932,1774305520365310278,5984
1291,1774305520367258149,1774305520374061912,6803
1292,1774305520376012450,1774305520381555045,5542
1293,1774305520383495342,1774305520389063547,5568
1294,1774305520390927200,1774305520396007520,5080
1295,1774305520397679719,1774305520404051678,6371
1296,1774305520405755160,1774305520412958532,7203
1297,1774305520414719297,1774305520421722229,7002
1298,1774305520423350898,1774305520427824400,4473
1299,1774305520429529155,1774305520435083032,5553
1300,1774305520436691099,1774305520441373166,4682
1301,1774305520442850746,1774305520447934946,5084
1302,1774305520449666356,1774305520455151874,5485
1303,1774305520457040695,1774305520463273627,6232
1304,1774305520464968637,1774305520470632937,5664
1305,1774305520472299068,1774305520477500481,5201
1306,1774305520479377187,1774305520484278829,4901
1307,1774305520486081029,1774305520491879048,5798
1308,1774305520493527513,1774305520499017818,5490
1309,1774305520500660651,1774305520505456607,4795
1310,1774305520507133748,1774305520512136108,5002
1311,1774305520514159715,1774305520519434864,5275
1312,1774305520521271167,1774305520527234642,5963
1313,1774305520528993169,1774305520534799196,5806
1314,1774305520536673737,1774305520541505931,4832
1315,1774305520543324010,1774305520548561719,5237
1316,1774305520550422184,1774305520556359467,5937
1317,1774305520558027955,1774305520563696129,5668
1318,1774305520565310811,1774305520570190488,4879
1319,1774305520571715626,1774305520578843614,7127
1320,1774305520580476379,1774305520585196395,4720
1321,1774305520586935455,1774305520591613028,4677
1322,1774305520593380542,1774305520599543772,6163
1323,1774305520601300785,1774305520608285051,6984
1324,1774305520609952374,1774305520616944868,6992
1325,1774305520618614566,1774305520623398356,4783
1326,1774305520625155690,1774305520631943302,6787
1327,1774305520634128013,1774305520641254483,7126
1328,1774305520642921287,1774305520647521041,4599
1329,1774305520649126267,1774305520656026340,6900
1330,1774305520657661073,1774305520664319715,6658
1331,1774305520665947035,1774305520671631189,5684
1332,1774305520673316417,1774305520680023632,6707
1333,1774305520681961792,1774305520686454342,4492
1334,1774305520687892655,1774305520695035617,7142
1335,1774305520696732851,1774305520701435065,4702
1336,1774305520702698572,1774305520708266387,5567
1337,1774305520710029090,1774305520714673553,4644
1338,1774305520716409839,1774305520721270970,4861
1339,1774305520722752014,1774305520728574239,5822
1340,1774305520730369309,1774305520736100208,5730
1341,1774305520737778591,1774305520742555898,4777
1342,1774305520744299131,1774305520749640445,5341
1343,1774305520751524545,1774305520758477657,6953
1344,1774305520760232895,1774305520765687524,5454
1345,1774305520767486721,1774305520772405012,4918
1346,1774305520774139542,1774305520779748485,5608
1347,1774305520781469713,1774305520786635438,5165
1348,1774305520788420027,1774305520793483595,5063
1349,1774305520795202546,1774305520800831010,5628
1350,1774305520802530796,1774305520808874633,6343
1351,1774305520810639984,1774305520816542607,5902
1352,1774305520818357489,1774305520825453269,7095
1353,1774305520826991148,1774305520831642430,4651
1354,1774305520833317176,1774305520838308601,4991
1355,1774305520839961130,1774305520844495109,4533
1356,1774305520846095396,1774305520851871289,5775
1357,1774305520853447291,1774305520858171420,4724
1358,1774305520859704051,1774305520865246207,5542
1359,1774305520866871342,1774305520872560082,5688
1360,1774305520874222877,1774305520880997475,6774
1361,1774305520882935030,1774305520889779964,6844
1362,1774305520891524800,1774305520896729357,5204
1363,1774305520898405244,1774305520903781510,5376
1364,1774305520905501415,1774305520912506144,7004
1365,1774305520914335601,1774305520919840899,5505
1366,1774305520921509862,1774305520926996943,5487
1367,1774305520928677391,1774305520934186195,5508
1368,1774305520935850933,1774305520940611963,4761
1369,1774305520942307245,1774305520947188970,4881
1370,1774305520948913733,1774305520953670124,4756
1371,1774305520955470893,1774305520961532801,6061
1372,1774305520963144596,1774305520970287932,7143
1373,1774305520971929885,1774305520976976356,5046
1374,1774305520978425938,1774305520984332140,5906
1375,1774305520986061247,1774305520991703645,5642
1376,1774305520993431369,1774305520998284827,4853
1377,1774305520999857939,1774305521005054713,5196
1378,1774305521006770355,1774305521012567240,5796
1379,1774305521014564270,1774305521019760683,5196
1380,1774305521021494680,1774305521026686828,5192
1381,1774305521028523753,1774305521035123102,6599
1382,1774305521036923374,1774305521042718240,5794
1383,1774305521044384355,1774305521049357452,4973
1384,1774305521051206714,1774305521056619111,5412
1385,1774305521058400174,1774305521064352764,5952
1386,1774305521066286056,1774305521073284759,6998
1387,1774305521075181337,1774305521080643078,5461
1388,1774305521082332287,1774305521087629011,5296
1389,1774305521089480166,1774305521096680840,7200
1390,1774305521098392223,1774305521103215573,4823
1391,1774305521104921795,1774305521109319542,4397
1392,1774305521111112778,1774305521115912724,4799
1393,1774305521117612812,1774305521122275911,4663
1394,1774305521123571481,1774305521128926074,5354
1395,1774305521130401389,1774305521135560648,5159
1396,1774305521137139667,1774305521142209638,5069
1397,1774305521143866766,1774305521148921516,5054
1398,1774305521150574913,1774305521157057991,6483
1399,1774305521158757266,1774305521164235563,5478
1400,1774305521166027851,1774305521171028973,5001
1401,1774305521172676791,1774305521177548374,4871
1402,1774305521179242269,1774305521184697697,5455
1403,1774305521186387079,1774305521191983826,5596
1404,1774305521193758691,1774305521200559972,6801
1405,1774305521202211972,1774305521207716576,5504
1406,1774305521209386878,1774305521216340664,6953
1407,1774305521218331561,1774305521223187241,4855
1408,1774305521224854375,1774305521232026460,7172
1409,1774305521233747903,1774305521240759129,7011
1410,1774305521242371978,1774305521247246864,4874
1411,1774305521248822992,1774305521253581174,4758
1412,1774305521255213211,1774305521259812132,4598
1413,1774305521261409430,1774305521266315741,4906
1414,1774305521267421894,1774305521273187138,5765
1415,1774305521274967512,1774305521281106877,6139
1416,1774305521282847056,1774305521287598097,4751
1417,1774305521289237326,1774305521294157423,4920
1418,1774305521295954341,1774305521301262051,5307
1419,1774305521302902745,1774305521307577922,4675
1420,1774305521309411085,1774305521316473919,7062
1421,1774305521318232516,1774305521323258225,5025
1422,1774305521324963379,1774305521330802111,5838
1423,1774305521332550331,1774305521339449085,6898
1424,1774305521341588333,1774305521347594232,6005
1425,1774305521349510428,1774305521355150525,5640
1426,1774305521356965477,1774305521361734436,4768
1427,1774305521363393490,1774305521368155612,4762
1428,1774305521370144989,1774305521376642976,6497
1429,1774305521378325002,1774305521382997234,4672
1430,1774305521384588772,1774305521390915458,6326
1431,1774305521392511008,1774305521397341986,4830
1432,1774305521398751444,1774305521402882561,4131
1433,1774305521404042539,1774305521410237764,6195
1434,1774305521411907676,1774305521417012207,5104
1435,1774305521418826463,1774305521425717947,6891
1436,1774305521427489641,1774305521433106547,5616
1437,1774305521434793800,1774305521440251280,5457
1438,1774305521442009043,1774305521446717993,4708
1439,1774305521448315740,1774305521453289638,4973
1440,1774305521454982733,1774305521460676309,5693
1441,1774305521462407239,1774305521467259103,4851
1442,1774305521469013062,1774305521475879010,6865
1443,1774305521477541960,1774305521482306681,4764
1444,1774305521484035925,1774305521489447529,5411
1445,1774305521491281432,1774305521498134578,6853
1446,1774305521500021615,1774305521505358999,5337
1447,1774305521507076348,1774305521514113214,7036
1448,1774305521515789858,1774305521522787338,6997
1449,1774305521524202184,1774305521529579517,5377
1450,1774305521531026795,1774305521536583057,5556
1451,1774305521538108348,1774305521542820792,4712
1452,1774305521544388913,1774305521549300194,4911
1453,1774305521550942650,1774305521557631152,6688
1454,1774305521559299012,1774305521565947185,6648
1455,1774305521567581432,1774305521573032603,5451
1456,1774305521574696710,1774305521579741767,5045
1457,1774305521581405480,1774305521587657801,6252
1458,1774305521589477998,1774305521594816565,5338
1459,1774305521596612517,1774305521601358671,4746
1460,1774305521603117841,1774305521608852143,5734
1461,1774305521610718938,1774305521615963186,5244
1462,1774305521617646937,1774305521622528783,4881
1463,1774305521624447479,1774305521630081644,5634
1464,1774305521631796121,1774305521637981998,6185
1465,1774305521639677821,1774305521644551353,4873
1466,1774305521646120031,1774305521651328909,5208
1467,1774305521652905515,1774305521657387409,4481
1468,1774305521659063572,1774305521666321031,7257
1469,1774305521667974655,1774305521673331551,5356
1470,1774305521674750865,1774305521679254304,4503
1471,1774305521680805998,1774305521685978704,5172
1472,1774305521687682039,1774305521693041583,5359
1473,1774305521694665199,1774305521701662327,6997
1474,1774305521703520725,1774305521708861353,5340
1475,1774305521710607329,1774305521715923446,5316
1476,1774305521717583875,1774305521722498540,4914
1477,1774305521724199611,1774305521729213499,5013
1478,1774305521730904313,1774305521736650758,5746
1479,1774305521738307674,1774305521744241937,5934
1480,1774305521745902224,1774305521750451225,4549
1481,1774305521752469123,1774305521759515727,7046
1482,1774305521761428918,1774305521766355840,4926
1483,1774305521768047536,1774305521773429882,5382
1484,1774305521775188371,1774305521782267282,7078
1485,1774305521784039223,1774305521790843430,6804
1486,1774305521792531376,1774305521797573845,5042
1487,1774305521799311060,1774305521804720772,5409
1488,1774305521806494773,1774305521812986263,6491
1489,1774305521814619713,1774305521820382488,5762
1490,1774305521822100902,1774305521826720393,4619
1491,1774305521828573755,1774305521835589822,7016
1492,1774305521837475923,1774305521844760722,7284
1493,1774305521846470052,1774305521851606088,5136
1494,1774305521853537368,1774305521858835656,5298
1495,1774305521860669660,1774305521866191129,5521
1496,1774305521867948521,1774305521873722157,5773
1497,1774305521875378436,1774305521881395001,6016
1498,1774305521883122464,1774305521889215707,6093
1499,1774305521890842612,1774305521896348549,5505
1500,1774305521898351430,1774305521903373318,5021
1501,1774305521905094802,1774305521911210311,6115
1502,1774305521913030583,1774305521919125372,6094
1503,1774305521920815823,1774305521925415176,4599
1504,1774305521927234347,1774305521932555071,5320
1505,1774305521934176160,1774305521939047126,4870
1506,1774305521940740088,1774305521945476927,4736
1507,1774305521947170084,1774305521951774726,4604
1508,1774305521953511892,1774305521958400356,4888
1509,1774305521960129400,1774305521965038549,4909
1510,1774305521966703869,1774305521973133921,6430
1511,1774305521974931235,1774305521980441865,5510
1512,1774305521982337561,1774305521987342535,5004
1513,1774305521989043529,1774305521993818579,4775
1514,1774305521995685864,1774305522002884573,7198
1515,1774305522004751996,1774305522009613663,4861
1516,1774305522011400851,1774305522016675690,5274
1517,1774305522018442802,1774305522024557644,6114
1518,1774305522026379636,1774305522031861006,5481
1519,1774305522033660223,1774305522038574308,4914
1520,1774305522040338869,1774305522045257928,4919
1521,1774305522047036185,1774305522052397655,5361
1522,1774305522054086399,1774305522061158686,7072
1523,1774305522062943689,1774305522069088830,6145
1524,1774305522070779722,1774305522076194550,5414
1525,1774305522077929987,1774305522082898838,4968
1526,1774305522084477539,1774305522089508995,5031
1527,1774305522091073556,1774305522095595453,4521
1528,1774305522097486707,1774305522102432663,4945
1529,1774305522104229754,1774305522110124576,5894
1530,1774305522112016287,1774305522118247841,6231
1531,1774305522120102318,1774305522125507279,5404
1532,1774305522127376585,1774305522132586519,5209
1533,1774305522134334907,1774305522139545766,5210
1534,1774305522141308486,1774305522147035461,5726
1535,1774305522148749427,1774305522155858772,7109
1536,1774305522157755306,1774305522164589072,6833
1537,1774305522166266703,1774305522171181920,4915
1538,1774305522172925371,1774305522179206773,6281
1539,1774305522181098272,1774305522186602850,5504
1540,1774305522188308824,1774305522193814400,5505
1541,1774305522195387359,1774305522202333347,6945
1542,1774305522203988162,1774305522208599512,4611
1543,1774305522210171111,1774305522215163822,4992
1544,1774305522216873250,1774305522222172654,5299
1545,1774305522223769136,1774305522228778673,5009
1546,1774305522230455615,1774305522235897200,5441
1547,1774305522237711003,1774305522242753350,5042
1548,1774305522244475053,1774305522251336721,6861
1549,1774305522253399932,1774305522259193068,5793
1550,1774305522260947131,1774305522266484196,5537
1551,1774305522268212817,1774305522273718961,5506
1552,1774305522275572955,1774305522282062592,6489
1553,1774305522283630302,1774305522289805887,6175
1554,1774305522291652327,1774305522299018408,7366
1555,1774305522300704038,1774305522307644928,6940
1556,1774305522309333405,1774305522314163851,4830
1557,1774305522315825305,1774305522320426973,4601
1558,1774305522322056876,1774305522326592747,4535
1559,1774305522328413764,1774305522335577655,7163
1560,1774305522337064414,1774305522342866545,5802
1561,1774305522344546303,1774305522349758904,5212
1562,1774305522351521113,1774305522356259580,4738
1563,1774305522357817763,1774305522362376717,4558
1564,1774305522364058672,1774305522368618054,4559
1565,1774305522370306885,1774305522375074851,4767
1566,1774305522376762226,1774305522381360154,4597
1567,1774305522383033627,1774305522388008400,4974
1568,1774305522389847715,1774305522396884054,7036
1569,1774305522398558911,1774305522403887551,5328
1570,1774305522405633983,1774305522411180302,5546
1571,1774305522413009616,1774305522418283191,5273
1572,1774305522419920685,1774305522424632845,4712
1573,1774305522426396414,1774305522431326042,4929
1574,1774305522433036705,1774305522438639695,5602
1575,1774305522440428853,1774305522445759549,5330
1576,1774305522447596963,1774305522452541615,4944
1577,1774305522454293242,1774305522461071716,6778
1578,1774305522462782451,1774305522467485566,4703
1579,1774305522469192167,1774305522474094452,4902
1580,1774305522475690290,1774305522482652915,6962
1581,1774305522484164969,1774305522488990885,4825
1582,1774305522490380714,1774305522495252050,4871
1583,1774305522496696180,1774305522501281297,4585
1584,1774305522502862343,1774305522507433215,4570
1585,1774305522508958854,1774305522513547948,4589
1586,1774305522515180722,1774305522521243767,6063
1587,1774305522522932179,1774305522529077315,6145
1588,1774305522530728375,1774305522536173154,5444
1589,1774305522537859750,1774305522542863376,5003
1590,1774305522544538388,1774305522549656936,5118
1591,1774305522551326296,1774305522558286370,6960
1592,1774305522559994397,1774305522565748771,5754
1593,1774305522567538564,1774305522573144106,5605
1594,1774305522575010674,1774305522581919213,6908
1595,1774305522584006570,1774305522590684377,6677
1596,1774305522592357105,1774305522598014640,5657
1597,1774305522599982595,1774305522607180690,7198
1598,1774305522608974367,1774305522616413491,7439
1599,1774305522618064969,1774305522622628561,4563
1600,1774305522624189533,1774305522629142327,4952
1601,1774305522630703869,1774305522636191355,5487
1602,1774305522637678342,1774305522642550099,4871
1603,1774305522644308689,1774305522649551211,5242
1604,1774305522651079028,1774305522656425567,5346
1605,1774305522658131609,1774305522663064366,4932
1606,1774305522664755355,1774305522670093010,5337
1607,1774305522671845760,1774305522678592862,6747
1608,1774305522680472667,1774305522685486967,5014
1609,1774305522687155689,1774305522692838958,5683
1610,1774305522694646352,1774305522699640235,4993
1611,1774305522701355579,1774305522706600715,5245
1612,1774305522708504550,1774305522714045688,5541
1613,1774305522715722154,1774305522721563125,5840
1614,1774305522723215946,1774305522730140105,6924
1615,1774305522732001441,1774305522736901551,4900
1616,1774305522738587516,1774305522745066895,6479
1617,1774305522746807495,1774305522752265852,5458
1618,1774305522753880423,1774305522758582477,4702
1619,1774305522760185397,1774305522767332286,7146
1620,1774305522769006043,1774305522773553442,4547
1621,1774305522774948580,1774305522780016035,5067
1622,1774305522781604695,1774305522786493324,4888
1623,1774305522788260311,1774305522795056166,6795
1624,1774305522796739629,1774305522802108232,5368
1625,1774305522803766293,1774305522808844074,5077
1626,1774305522810514212,1774305522815230676,4716
1627,1774305522816842172,1774305522821717942,4875
1628,1774305522823344439,1774305522829929600,6585
1629,1774305522831816634,1774305522838605411,6788
1630,1774305522840291495,1774305522845669557,5378
1631,1774305522847312121,1774305522852355437,5043
1632,1774305522854217629,1774305522859384307,5166
1633,1774305522861072781,1774305522866522561,5449
1634,1774305522868539660,1774305522874445698,5906
1635,1774305522876164077,1774305522881769866,5605
1636,1774305522883449360,1774305522890802451,7353
1637,1774305522892409010,1774305522897570394,5161
1638,1774305522899134332,1774305522904503587,5369
1639,1774305522906169874,1774305522911527366,5357
1640,1774305522912877517,1774305522917835160,4957
1641,1774305522919406396,1774305522924153687,4747
1642,1774305522925845501,1774305522930542884,4697
1643,1774305522932263607,1774305522939112061,6848
1644,1774305522940956707,1774305522947738310,6781
1645,1774305522949390893,1774305522954894767,5503
1646,1774305522956584248,1774305522963693462,7109
1647,1774305522965606562,1774305522971479698,5873
1648,1774305522973290990,1774305522978143705,4852
1649,1774305522980104366,1774305522985118651,5014
1650,1774305522986980388,1774305522993144216,6163
1651,1774305522995081881,1774305523000797135,5715
1652,1774305523002593991,1774305523007507750,4913
1653,1774305523009260031,1774305523014309116,5049
1654,1774305523016089073,1774305523021250650,5161
1655,1774305523023113848,1774305523029156290,6042
1656,1774305523030851029,1774305523036597188,5746
1657,1774305523038105549,1774305523043088020,4982
1658,1774305523044701437,1774305523049614223,4912
1659,1774305523051278859,1774305523056950926,5672
1660,1774305523058635422,1774305523064101240,5465
1661,1774305523065881017,1774305523070703727,4822
1662,1774305523072675432,1774305523077586658,4911
1663,1774305523079427923,1774305523085044404,5616
1664,1774305523086624565,1774305523091753501,5128
1665,1774305523093657422,1774305523100202569,6545
1666,1774305523101900151,1774305523106990861,5090
1667,1774305523108932399,1774305523114050960,5118
1668,1774305523116335333,1774305523121572311,5236
1669,1774305523123351445,1774305523129366250,6014
1670,1774305523131033822,1774305523136644108,5610
1671,1774305523138303376,1774305523143177812,4874
1672,1774305523144925508,1774305523149966957,5041
1673,1774305523151740154,1774305523158707045,6966
1674,1774305523160439196,1774305523165902894,5463
1675,1774305523167607660,1774305523173133231,5525
1676,1774305523174877747,1774305523179222004,4344
1677,1774305523180974024,1774305523185964729,4990
1678,1774305523187520369,1774305523191963965,4443
1679,1774305523193510681,1774305523198199522,4688
1680,1774305523199811107,1774305523205522691,5711
1681,1774305523207144035,1774305523212598149,5454
1682,1774305523214291239,1774305523219906335,5615
1683,1774305523221855928,1774305523228844876,6988
1684,1774305523230544406,1774305523235577206,5032
1685,1774305523237221873,1774305523242971042,5749
1686,1774305523244724669,1774305523251721318,6996
1687,1774305523253697596,1774305523259116891,5419
1688,1774305523260809685,1774305523267146952,6337
1689,1774305523269030250,1774305523275746888,6716
1690,1774305523277412936,1774305523282324379,4911
1691,1774305523284240699,1774305523291124392,6883
1692,1774305523292830222,1774305523297928980,5098
1693,1774305523299599144,1774305523306687339,7088
1694,1774305523308271792,1774305523314759155,6487
1695,1774305523316383875,1774305523321070750,4686
1696,1774305523322784327,1774305523328735724,5951
1697,1774305523330310730,1774305523335297313,4986
1698,1774305523336963612,1774305523343882826,6919
1699,1774305523345537123,1774305523351481514,5944
1700,1774305523353316799,1774305523358781988,5465
1701,1774305523360440604,1774305523365659334,5218
1702,1774305523367565390,1774305523372526707,4961
1703,1774305523374377421,1774305523380009958,5632
1704,1774305523381742907,1774305523387230492,5487
1705,1774305523388948794,1774305523393634718,4685
1706,1774305523395318275,1774305523400379645,5061
1707,1774305523402105760,1774305523409180216,7074
1708,1774305523410905701,1774305523416145701,5240
1709,1774305523418192294,1774305523424963780,6771
1710,1774305523426909624,1774305523431543701,4634
1711,1774305523433270870,1774305523440417314,7146
1712,1774305523442073780,1774305523447182268,5108
1713,1774305523448784246,1774305523454191516,5407
1714,1774305523455869642,1774305523461624404,5754
1715,1774305523463327878,1774305523467999031,4671
1716,1774305523469644178,1774305523474779651,5135
1717,1774305523476415132,1774305523483200800,6785
1718,1774305523484854502,1774305523490180254,5325
1719,1774305523491934103,1774305523498798347,6864
1720,1774305523500872249,1774305523505632268,4760
1721,1774305523507424831,1774305523512972440,5547
1722,1774305523515036622,1774305523522116160,7079
1723,1774305523523764528,1774305523529053068,5288
1724,1774305523530759931,1774305523536182985,5423
1725,1774305523538006708,1774305523545003221,6996
1726,1774305523546677532,1774305523551935946,5258
1727,1774305523553612119,1774305523560026236,6414
1728,1774305523561787783,1774305523566807780,5019
1729,1774305523568459615,1774305523573010486,4550
1730,1774305523574708347,1774305523579220898,4512
1731,1774305523581029936,1774305523586816738,5786
1732,1774305523588582563,1774305523595701995,7119
1733,1774305523597334832,1774305523602529877,5195
1734,1774305523604405423,1774305523610075837,5670
1735,1774305523611877947,1774305523616598492,4720
1736,1774305523618409611,1774305523624280868,5871
1737,1774305523626170658,1774305523631407755,5237
1738,1774305523633103122,1774305523638390216,5287
1739,1774305523640412736,1774305523645408508,4995
1740,1774305523647186532,1774305523652516260,5329
1741,1774305523654150067,1774305523659622936,5472
1742,1774305523661294959,1774305523666705204,5410
1743,1774305523668350869,1774305523673457969,5107
1744,1774305523675092988,1774305523680058675,4965
1745,1774305523681702359,1774305523686255486,4553
1746,1774305523687834419,1774305523692520980,4686
1747,1774305523694135054,1774305523699042324,4907
1748,1774305523700756089,1774305523705328857,4572
1749,1774305523707024727,1774305523712761262,5736
1750,1774305523714198785,1774305523719198744,4999
1751,1774305523720976297,1774305523725444676,4468
1752,1774305523726841104,1774305523731483230,4642
1753,1774305523733170089,1774305523739160054,5989
1754,1774305523740957648,1774305523745594212,4636
1755,1774305523747260151,1774305523753297948,6037
1756,1774305523754960050,1774305523759612908,4652
1757,1774305523761237636,1774305523766496030,5258
1758,1774305523768106572,1774305523774981563,6874
1759,1774305523776760624,1774305523781826289,5065
1760,1774305523783454556,1774305523788851544,5396
1761,1774305523790474774,1774305523796044954,5570
1762,1774305523797811558,1774305523804906422,7094
1763,1774305523806785204,1774305523813029738,6244
1764,1774305523814707781,1774305523819406788,4699
1765,1774305523821084541,1774305523826397608,5313
1766,1774305523828233747,1774305523833823532,5589
1767,1774305523835556189,1774305523842666177,7109
1768,1774305523844410783,1774305523851478170,7067
1769,1774305523853162404,1774305523857909740,4747
1770,1774305523859300609,1774305523864306757,5006
1771,1774305523865821673,1774305523870469643,4647
1772,1774305523872005506,1774305523876574179,4568
1773,1774305523878119565,1774305523884872052,6752
1774,1774305523886642549,1774305523891701413,5058
1775,1774305523893358794,1774305523899195724,5836
1776,1774305523900821814,1774305523905451071,4629
1777,1774305523907057703,1774305523912239028,5181
1778,1774305523913937939,1774305523918959924,5021
1779,1774305523920604208,1774305523925721864,5117
1780,1774305523927561555,1774305523934341314,6779
1781,1774305523936016255,1774305523941370581,5354
1782,1774305523943042228,1774305523949211983,6169
1783,1774305523950934458,1774305523957675100,6740
1784,1774305523959317477,1774305523964786786,5469
1785,1774305523966516603,1774305523972980053,6463
1786,1774305523974633070,1774305523981588450,6955
1787,1774305523983168098,1774305523988656345,5488
1788,1774305523990268682,1774305523995033387,4764
1789,1774305523996614629,1774305524001701662,5087
1790,1774305524003352928,1774305524007902771,4549
1791,1774305524009499860,1774305524014493582,4993
1792,1774305524016129795,1774305524021849885,5720
1793,1774305524023784130,1774305524031003386,7219
1794,1774305524032915211,1774305524038195908,5280
1795,1774305524039837273,1774305524047032398,7195
1796,1774305524048690517,1774305524053591623,4901
1797,1774305524055351072,1774305524061007332,5656
1798,1774305524062859497,1774305524069655810,6796
1799,1774305524071463086,1774305524076836815,5373
1800,1774305524078529155,1774305524084523655,5994
1801,1774305524086459731,1774305524093322821,6863
1802,1774305524095056031,1774305524100551321,5495
1803,1774305524102409946,1774305524107435507,5025
1804,1774305524109171846,1774305524114253915,5082
1805,1774305524116065582,1774305524121420036,5354
1806,1774305524123117743,1774305524129713434,6595
1807,1774305524131298031,1774305524138291932,6993
1808,1774305524139937821,1774305524145320738,5382
1809,1774305524147011480,1774305524153190330,6178
1810,1774305524154933686,1774305524159580086,4646
1811,1774305524161434986,1774305524167587178,6152
1812,1774305524169429856,1774305524174972048,5542
1813,1774305524176631401,1774305524182221892,5590
1814,1774305524183937738,1774305524188694982,4757
1815,1774305524190351565,1774305524195183775,4832
1816,1774305524197008867,1774305524204051887,7043
1817,1774305524205782422,1774305524211190086,5407
1818,1774305524212843358,1774305524218352194,5508
1819,1774305524220058825,1774305524227047893,6989
1820,1774305524229041654,1774305524234207096,5165
1821,1774305524236002992,1774305524241791609,5788
1822,1774305524243519555,1774305524249121248,5601
1823,1774305524250845892,1774305524257916571,7070
1824,1774305524259575654,1774305524265447868,5872
1825,1774305524267044096,1774305524271713938,4669
1826,1774305524273423629,1774305524278565278,5141
1827,1774305524280126362,1774305524286996730,6870
1828,1774305524288610101,1774305524294116994,5506
1829,1774305524295740972,1774305524300552096,4811
1830,1774305524302482018,1774305524310097079,7615
1831,1774305524311839956,1774305524316795932,4955
1832,1774305524318470531,1774305524324207951,5737
1833,1774305524325854487,1774305524330541566,4687
1834,1774305524332254232,1774305524338137660,5883
1835,1774305524339814789,1774305524346574463,6759
1836,1774305524348251652,1774305524353628040,5376
1837,1774305524355299685,1774305524362273945,6974
1838,1774305524364348160,1774305524370354949,6006
1839,1774305524372139684,1774305524377606243,5466
1840,1774305524379379570,1774305524385024113,5644
1841,1774305524386643182,1774305524393841660,7198
1842,1774305524395556146,1774305524399887214,4331
1843,1774305524401564595,1774305524408562854,6998
1844,1774305524410182372,1774305524414658573,4476
1845,1774305524416213927,1774305524422311914,6097
1846,1774305524423855204,1774305524428484186,4628
1847,1774305524430063698,1774305524436113337,6049
1848,1774305524437932023,1774305524444565671,6633
1849,1774305524446253269,1774305524452875441,6622
1850,1774305524454768275,1774305524461468975,6700
1851,1774305524463198166,1774305524470012989,6814
1852,1774305524471761305,1774305524476779735,5018
1853,1774305524478427718,1774305524483222486,4794
1854,1774305524485174680,1774305524492187618,7012
1855,1774305524496842821,1774305524501603525,4760
1856,1774305524503351047,1774305524510421534,7070
1857,1774305524512117044,1774305524517361622,5244
1858,1774305524519073074,1774305524524046681,4973
1859,1774305524525957049,1774305524530569087,4612
1860,1774305524532206481,1774305524536652441,4445
1861,1774305524538318066,1774305524543904804,5586
1862,1774305524545575600,1774305524550089836,4514
1863,1774305524551352576,1774305524557279105,5926
1864,1774305524558912019,1774305524563533239,4621
1865,1774305524565114900,1774305524571190880,6075
1866,1774305524572867348,1774305524578537751,5670
1867,1774305524580270697,1774305524585273557,5002
1868,1774305524587085739,1774305524594070965,6985
1869,1774305524595955426,1774305524601365914,5410
1870,1774305524603047199,1774305524609300265,6253
1871,1774305524611206268,1774305524616880435,5674
1872,1774305524618688813,1774305524623490965,4802
1873,1774305524625489932,1774305524631685347,6195
1874,1774305524633499207,1774305524638774629,5275
1875,1774305524640449970,1774305524645679177,5229
1876,1774305524647342835,1774305524652331517,4988
1877,1774305524653937789,1774305524658420040,4482
1878,1774305524660106167,1774305524665296735,5190
1879,1774305524666792847,1774305524671813429,5020
1880,1774305524673317585,1774305524678503120,5185
1881,1774305524680159640,1774305524684982226,4822
1882,1774305524686655853,1774305524691548402,4892
1883,1774305524693042531,1774305524697477860,4435
1884,1774305524698987012,1774305524703534207,4547
1885,1774305524705034724,1774305524709506987,4472
1886,1774305524711018502,1774305524715940765,4922
1887,1774305524717594051,1774305524723952231,6358
1888,1774305524725642347,1774305524732706085,7063
1889,1774305524734394833,1774305524739914280,5519
1890,1774305524741681122,1774305524746476694,4795
1891,1774305524748244581,1774305524753498749,5254
1892,1774305524755323733,1774305524762105455,6781
1893,1774305524763778607,1774305524768821885,5043
1894,1774305524770476001,1774305524775965017,5489
1895,1774305524777754675,1774305524784574946,6820
1896,1774305524786443143,1774305524792479628,6036
1897,1774305524794272010,1774305524799824545,5552
1898,1774305524801531201,1774305524806079590,4548
1899,1774305524807715927,1774305524812702922,4986
1900,1774305524814241752,1774305524819430406,5188
1901,1774305524821028822,1774305524825644396,4615
1902,1774305524827361388,1774305524832156800,4795
1903,1774305524833502848,1774305524838171270,4668
1904,1774305524839845518,1774305524844587042,4741
1905,1774305524846250599,1774305524851151187,4900
1906,1774305524852996120,1774305524859940114,6943
1907,1774305524861633737,1774305524867624189,5990
1908,1774305524869360404,1774305524874840027,5479
1909,1774305524876541837,1774305524881539348,4997
1910,1774305524883218597,1774305524888746735,5528
1911,1774305524890722904,1774305524897104781,6381
1912,1774305524898948495,1774305524904457545,5509
1913,1774305524906206493,1774305524911243016,5036
1914,1774305524912943132,1774305524917612247,4669
1915,1774305524919312770,1774305524925201615,5888
1916,1774305524927094348,1774305524933241559,6147
1917,1774305524935007466,1774305524940257623,5250
1918,1774305524941964583,1774305524947104852,5140
1919,1774305524948775389,1774305524955099947,6324
1920,1774305524956726640,1774305524961436414,4709
1921,1774305524963243442,1774305524968830554,5587
1922,1774305524970444876,1774305524976043619,5598
1923,1774305524977708482,1774305524982757686,5049
1924,1774305524984404119,1774305524989204371,4800
1925,1774305524990964189,1774305524995519926,4555
1926,1774305524997160487,1774305525002023856,4863
1927,1774305525003768026,1774305525010934770,7166
1928,1774305525012706872,1774305525018048409,5341
1929,1774305525019755561,1774305525024801292,5045
1930,1774305525026468411,1774305525031282766,4814
1931,1774305525032940284,1774305525037754198,4813
1932,1774305525039441795,1774305525046489562,7047
1933,1774305525048276578,1774305525054031475,5754
1934,1774305525055758416,1774305525061027758,5269
1935,1774305525062765292,1774305525067648394,4883
1936,1774305525069332149,1774305525076765357,7433
1937,1774305525078402856,1774305525082929112,4526
1938,1774305525084516422,1774305525089513252,4996
1939,1774305525091150297,1774305525096339531,5189
1940,1774305525097966382,1774305525103325449,5359
1941,1774305525105023905,1774305525109617527,4593
1942,1774305525111302765,1774305525116144713,4841
1943,1774305525117726599,1774305525122730759,5004
1944,1774305525124393165,1774305525131469268,7076
1945,1774305525133275187,1774305525138822785,5547
1946,1774305525140485208,1774305525145278132,4792
1947,1774305525147050826,1774305525152615892,5565
1948,1774305525154320688,1774305525160311108,5990
1949,1774305525162360663,1774305525169248908,6888
1950,1774305525170942172,1774305525176385132,5442
1951,1774305525178066258,1774305525184082085,6015
1952,1774305525185937485,1774305525192677130,6739
1953,1774305525194654939,1774305525200665937,6010
1954,1774305525202424899,1774305525208411341,5986
1955,1774305525210155162,1774305525217204952,7049
1956,1774305525218788643,1774305525224658869,5870
1957,1774305525226344360,1774305525231469175,5124
1958,1774305525233135165,1774305525240117640,6982
1959,1774305525241700107,1774305525246605399,4905
1960,1774305525248339245,1774305525253752466,5413
1961,1774305525255424449,1774305525260985737,5561
1962,1774305525262769452,1774305525269189455,6420
1963,1774305525270985947,1774305525277866528,6880
1964,1774305525279618116,1774305525284511138,4893
1965,1774305525286181298,1774305525293240902,7059
1966,1774305525295073317,1774305525300602827,5529
1967,1774305525302293279,1774305525307614287,5321
1968,1774305525309294084,1774305525314104375,4810
1969,1774305525315759681,1774305525320649306,4889
1970,1774305525322487889,1774305525329583833,7095
1971,1774305525331512871,1774305525337366355,5853
1972,1774305525339089207,1774305525344205412,5116
1973,1774305525345902832,1774305525350861572,4958
1974,1774305525352574037,1774305525357430700,4856
1975,1774305525359111534,1774305525365938344,6826
1976,1774305525367663476,1774305525373749522,6086
1977,1774305525375442858,1774305525380120650,4677
1978,1774305525381685754,1774305525386799633,5113
1979,1774305525388468102,1774305525393290739,4822
1980,1774305525394943202,1774305525399444058,4500
1981,1774305525401192632,1774305525408538064,7345
1982,1774305525410341819,1774305525415843872,5502
1983,1774305525417861489,1774305525424924141,7062
1984,1774305525427058152,1774305525432515520,5457
1985,1774305525434295414,1774305525439661191,5365
1986,1774305525441478258,1774305525448667418,7189
1987,1774305525450402308,1774305525455196344,4794
1988,1774305525456946239,1774305525462616778,5670
1989,1774305525464472859,1774305525470031874,5559
1990,1774305525471716835,1774305525476638242,4921
1991,1774305525478283268,1774305525485512793,7229
1992,1774305525487195354,1774305525492794967,5599
1993,1774305525494496303,1774305525499640356,5144
1994,1774305525501330539,1774305525506346589,5016
1995,1774305525507998158,1774305525513444864,5446
1996,1774305525515138452,1774305525519453483,4315
1997,1774305525520888063,1774305525526846721,5958
1998,1774305525528508999,1774305525534470315,5961
1999,1774305525536234720,1774305525541830197,5595
2000,1774305525543589260,1774305525548420244,4830
2001,1774305525550191444,1774305525557504131,7312
2002,1774305525559301971,1774305525564750706,5448
2003,1774305525566593802,1774305525571400438,4806
2004,1774305525573095738,1774305525578825651,5729
2005,1774305525580617376,1774305525587193191,6575
2006,1774305525588849299,1774305525594572986,5723
2007,1774305525596428131,1774305525601743540,5315
2008,1774305525603441662,1774305525608732327,5290
2009,1774305525610479154,1774305525617081136,6601
2010,1774305525619011651,1774305525624133516,5121
2011,1774305525625914011,1774305525633057059,7143
2012,1774305525634703942,1774305525639341758,4637
2013,1774305525641069627,1774305525645847902,4778
2014,1774305525647540104,1774305525652962831,5422
2015,1774305525654376040,1774305525660846234,6470
2016,1774305525662499396,1774305525667396611,4897
2017,1774305525668989117,1774305525673492586,4503
2018,1774305525674892808,1774305525681006921,6114
2019,1774305525682694889,1774305525687518679,4823
2020,1774305525689320337,1774305525694198093,4877
2021,1774305525695896182,1774305525700534961,4638
2022,1774305525702275996,1774305525707192863,4916
2023,1774305525708888756,1774305525715636905,6748
2024,1774305525717469349,1774305525722409493,4940
2025,1774305525724067628,1774305525730164516,6096
2026,1774305525731909397,1774305525736556620,4647
2027,1774305525738301274,1774305525743096812,4795
2028,1774305525744764326,1774305525751502173,6737
2029,1774305525753353416,1774305525758752915,5399
2030,1774305525760432684,1774305525767574307,7141
2031,1774305525769245893,1774305525774948272,5702
2032,1774305525776535899,1774305525781867592,5331
2033,1774305525783484296,1774305525789833588,6349
2034,1774305525791455103,1774305525796073988,4618
2035,1774305525797610953,1774305525802829299,5218
2036,1774305525804635199,1774305525810537640,5902
2037,1774305525812210646,1774305525817582898,5372
2038,1774305525819214640,1774305525824123241,4908
2039,1774305525825964697,1774305525832931238,6966
2040,1774305525834606736,1774305525839381282,4774
2041,1774305525841100868,1774305525846475236,5374
2042,1774305525848353221,1774305525853968901,5615
2043,1774305525855643128,1774305525861541780,5898
2044,1774305525863372219,1774305525869325950,5953
2045,1774305525871061285,1774305525876201518,5140
2046,1774305525877948262,1774305525883215756,5267
2047,1774305525884881426,1774305525890213910,5332
2048,1774305525892165976,1774305525897478278,5312
2049,1774305525899286392,1774305525905265931,5979
2050,1774305525906965774,1774305525914103337,7137
2051,1774305525915704664,1774305525920873029,5168
2052,1774305525922513768,1774305525927232391,4718
2053,1774305525928411872,1774305525932841918,4430
2054,1774305525934377069,1774305525939516582,5139
2055,1774305525941260722,1774305525946856799,5596
2056,1774305525948561907,1774305525954182666,5620
2057,1774305525956051493,1774305525962250290,6198
2058,1774305525963970358,1774305525970207273,6236
2059,1774305525971887457,1774305525976576034,4688
2060,1774305525978376689,1774305525983838214,5461
2061,1774305525985467809,1774305525990915449,5447
2062,1774305525992628320,1774305525999749703,7121
2063,1774305526001645343,1774305526007250437,5605
2064,1774305526008922253,1774305526013646947,4724
2065,1774305526015474632,1774305526020495804,5021
2066,1774305526022371130,1774305526027521471,5150
2067,1774305526029470179,1774305526035927515,6457
2068,1774305526037577036,1774305526044808180,7231
2069,1774305526046419500,1774305526051282405,4862
2070,1774305526052980082,1774305526060095907,7115
2071,1774305526061781236,1774305526067191709,5410
2072,1774305526068856056,1774305526073613538,4757
2073,1774305526075248260,1774305526080125394,4877
2074,1774305526081885240,1774305526087554765,5669
2075,1774305526089273497,1774305526095275346,6001
2076,1774305526097185777,1774305526102838803,5653
2077,1774305526104513687,1774305526109417067,4903
2078,1774305526111156222,1774305526116234310,5078
2079,1774305526118065628,1774305526125269208,7203
2080,1774305526127133437,1774305526132909319,5775
2081,1774305526134576544,1774305526140186095,5609
2082,1774305526141876957,1774305526146644684,4767
2083,1774305526148313814,1774305526155460334,7146
2084,1774305526157137658,1774305526162759829,5622
2085,1774305526164411180,1774305526171403897,6992
2086,1774305526172906881,1774305526178921338,6014
2087,1774305526180644783,1774305526185109025,4464
2088,1774305526186785430,1774305526191854269,5068
2089,1774305526193573210,1774305526198392726,4819
2090,1774305526200062735,1774305526204769945,4707
2091,1774305526206355874,1774305526211173644,4817
2092,1774305526212789902,1774305526217389280,4599
2093,1774305526219218478,1774305526224834944,5616
2094,1774305526226462757,1774305526232490336,6027
2095,1774305526234231645,1774305526239610716,5379
2096,1774305526241296695,1774305526246155616,4858
2097,1774305526247809033,1774305526252453625,4644
2098,1774305526254064993,1774305526259745595,5680
2099,1774305526261518354,1774305526268112670,6594
2100,1774305526269807674,1774305526275298747,5491
2101,1774305526277019918,1774305526282109250,5089
2102,1774305526283769541,1774305526288520893,4751
2103,1774305526290258465,1774305526295893135,5634
2104,1774305526297672529,1774305526304461683,6789
2105,1774305526306229186,1774305526311469092,5239
2106,1774305526313208704,1774305526320264535,7055
2107,1774305526322073935,1774305526329052128,6978
2108,1774305526330552891,1774305526335113451,4560
2109,1774305526336252468,1774305526340755828,4503
2110,1774305526342140537,1774305526347033177,4892
2111,1774305526348605674,1774305526354108083,5502
2112,1774305526355927663,1774305526362731121,6803
2113,1774305526364409712,1774305526369969468,5559
2114,1774305526371726679,1774305526378775131,7048
2115,1774305526380442313,1774305526387591008,7148
2116,1774305526389365283,1774305526394187690,4822
2117,1774305526395848085,1774305526401093069,5244
2118,1774305526402767581,1774305526409756559,6988
2119,1774305526411465271,1774305526416436733,4971
2120,1774305526418269578,1774305526425276138,7006
2121,1774305526427045435,1774305526432433644,5388
2122,1774305526434179094,1774305526439446944,5267
2123,1774305526441339419,1774305526446072187,4732
2124,1774305526447739305,1774305526452482163,4742
2125,1774305526454087538,1774305526460102051,6014
2126,1774305526461772281,1774305526466948277,5175
2127,1774305526468534101,1774305526473750714,5216
2128,1774305526475075959,1774305526479568862,4492
2129,1774305526481053930,1774305526486674166,5620
2130,1774305526488308108,1774305526494239708,5931
2131,1774305526495920068,1774305526500439476,4519
2132,1774305526502132512,1774305526507834467,5701
2133,1774305526509563959,1774305526515544168,5980
2134,1774305526517341835,1774305526522970347,5628
2135,1774305526524731983,1774305526531264419,6532
2136,1774305526532938560,1774305526537713444,4774
2137,1774305526539345507,1774305526544516915,5171
2138,1774305526546418302,1774305526552029446,5611
2139,1774305526553634680,1774305526559540772,5906
2140,1774305526561355821,1774305526566305544,4949
2141,1774305526568239268,1774305526573274454,5035
2142,1774305526574991366,1774305526580671071,5679
2143,1774305526582408064,1774305526588913984,6505
2144,1774305526590604012,1774305526596119690,5515
2145,1774305526597800270,1774305526602408819,4608
2146,1774305526604202528,1774305526609166109,4963
2147,1774305526610794226,1774305526615660210,4865
2148,1774305526617382091,1774305526622133952,4751
2149,1774305526623777497,1774305526629031544,5254
2150,1774305526630879904,1774305526636063387,5183
2151,1774305526637792966,1774305526643300268,5507
2152,1774305526645314713,1774305526650187139,4872
2153,1774305526651885446,1774305526657534914,5649
2154,1774305526659228821,1774305526665166624,5937
2155,1774305526666765329,1774305526671777576,5012
2156,1774305526673569459,1774305526678712792,5143
2157,1774305526680359680,1774305526685149563,4789
2158,1774305526686919480,1774305526691686585,4767
2159,1774305526693434295,1774305526700525004,7090
2160,1774305526702290716,1774305526707954289,5663
2161,1774305526709619059,1774305526714996991,5377
2162,1774305526716677278,1774305526721417462,4740
2163,1774305526723129977,1774305526729312816,6182
2164,1774305526731114415,1774305526735574663,4460
2165,1774305526737169474,1774305526743066268,5896
2166,1774305526744715445,1774305526749158406,4442
2167,1774305526750890440,1774305526756768310,5877
2168,1774305526758429063,1774305526763364727,4935
2169,1774305526764971489,1774305526769971588,5000
2170,1774305526771637767,1774305526778517980,6880
2171,1774305526780397665,1774305526786064113,5666
2172,1774305526787777248,1774305526793249637,5472
2173,1774305526795208160,1774305526802272833,7064
2174,1774305526804089389,1774305526809016178,4926
2175,1774305526810677670,1774305526817762638,7084
2176,1774305526819506494,1774305526825027032,5520
2177,1774305526826653276,1774305526832070191,5416
2178,1774305526834141592,1774305526840930521,6788
2179,1774305526842600134,1774305526847733919,5133
2180,1774305526849419031,1774305526855277184,5858
2181,1774305526857181024,1774305526862941802,5760
2182,1774305526864580744,1774305526869393999,4813
2183,1774305526871028604,1774305526877902581,6873
2184,1774305526879684296,1774305526884260793,4576
2185,1774305526885978390,1774305526891396789,5418
2186,1774305526892898986,1774305526897315607,4416
2187,1774305526898877892,1774305526904169006,5291
2188,1774305526905933239,1774305526911659960,5726
2189,1774305526913452572,1774305526920667340,7214
2190,1774305526922532828,1774305526927665692,5132
2191,1774305526929608894,1774305526936727071,7118
2192,1774305526938378403,1774305526943657809,5279
2193,1774305526945311190,1774305526950350018,5038
2194,1774305526952317206,1774305526957602852,5285
2195,1774305526959480370,1774305526965350000,5869
2196,1774305526967119394,1774305526973248800,6129
2197,1774305526975038471,1774305526981842645,6804
2198,1774305526983561690,1774305526989096557,5534
2199,1774305526990966067,1774305526997760714,6794
2200,1774305526999423049,1774305527004929143,5506
2201,1774305527006614056,1774305527011475123,4861
2202,1774305527013135336,1774305527019233859,6098
2203,1774305527020898381,1774305527025560230,4661
2204,1774305527027186274,1774305527031853756,4667
2205,1774305527033318113,1774305527038934112,5615
2206,1774305527040689312,1774305527045418834,4729
2207,1774305527047285350,1774305527054289352,7004
2208,1774305527055941589,1774305527061348401,5406
2209,1774305527063057926,1774305527070051142,6993
2210,1774305527071742409,1774305527077610868,5868
2211,1774305527079298667,1774305527084315968,5017
2212,1774305527086034803,1774305527091061763,5026
2213,1774305527092921659,1774305527098550920,5629
2214,1774305527100504879,1774305527106488006,5983
2215,1774305527108383329,1774305527114307028,5923
2216,1774305527116051742,1774305527120725482,4673
2217,1774305527122616037,1774305527127903432,5287
2218,1774305527129537489,1774305527136788008,7250
2219,1774305527138449449,1774305527144552430,6102
2220,1774305527146254992,1774305527151193562,4938
2221,1774305527152820719,1774305527157387178,4566
2222,1774305527159080507,1774305527164101376,5020
2223,1774305527165793193,1774305527171635203,5842
2224,1774305527173166781,1774305527178153150,4986
2225,1774305527179772853,1774305527184848896,5076
2226,1774305527186512721,1774305527193464349,6951
2227,1774305527195201358,1774305527200619038,5417
2228,1774305527202324743,1774305527208096952,5772
2229,1774305527209988461,1774305527216220607,6232
2230,1774305527217961923,1774305527224211571,6249
2231,1774305527225869354,1774305527231708103,5838
2232,1774305527233612938,1774305527238573893,4960
2233,1774305527240509678,1774305527245415077,4905
2234,1774305527247198932,1774305527254193005,6994
2235,1774305527255893852,1774305527261247304,5353
2236,1774305527263046881,1774305527267997996,4951
2237,1774305527269705676,1774305527274393100,4687
2238,1774305527276008326,1774305527283173472,7165
2239,1774305527284700719,1774305527289171490,4470
2240,1774305527290845475,1774305527295895454,5049
2241,1774305527297511854,1774305527303081899,5570
2242,1774305527304564676,1774305527309834885,5270
2243,1774305527311524009,1774305527316783524,5259
2244,1774305527318532039,1774305527325367986,6835
2245,1774305527327137023,1774305527332422350,5285
2246,1774305527334153652,1774305527340181396,6027
2247,1774305527341931431,1774305527348826276,6894
2248,1774305527350591120,1774305527357017375,6426
2249,1774305527358814502,1774305527364817993,6003
2250,1774305527366697715,1774305527371545922,4848
2251,1774305527373208421,1774305527378229915,5021
2252,1774305527380269532,1774305527387258110,6988
2253,1774305527389061949,1774305527393994391,4932
2254,1774305527395770179,1774305527401305401,5535
2255,1774305527403275613,1774305527410243144,6967
2256,1774305527412016221,1774305527417127839,5111
2257,1774305527418717527,1774305527423827007,5109
2258,1774305527425508311,1774305527432590562,7082
2259,1774305527434309385,1774305527439814580,5505
2260,1774305527441209732,1774305527446217432,5007
2261,1774305527447892021,1774305527452499865,4607
2262,1774305527454144495,1774305527460128894,5984
2263,1774305527461809841,1774305527467307512,5497
2264,1774305527469012812,1774305527474049503,5036
2265,1774305527475795319,1774305527480524219,4728
2266,1774305527482288710,1774305527488028886,5740
2267,1774305527489886509,1774305527496106426,6219
2268,1774305527497989388,1774305527503505565,5516
2269,1774305527505261346,1774305527510313788,5052
2270,1774305527512022730,1774305527516726972,4704
2271,1774305527518484120,1774305527523693409,5209
2272,1774305527525578996,1774305527530612618,5033
2273,1774305527532511321,1774305527537980368,5469
2274,1774305527539626401,1774305527544385259,4758
2275,1774305527545916886,1774305527553072783,7155
2276,1774305527554692937,1774305527559851151,5158
2277,1774305527561466517,1774305527568559452,7092
2278,1774305527570305709,1774305527574993767,4688
2279,1774305527576722330,1774305527581797593,5075
2280,1774305527583444657,1774305527589025374,5580
2281,1774305527590751425,1774305527595970625,5219
2282,1774305527597722383,1774305527602368818,4646
2283,1774305527603992836,1774305527609422682,5429
2284,1774305527611082293,1774305527617971183,6888
2285,1774305527619596262,1774305527624332312,4736
2286,1774305527626097640,1774305527631755115,5657
2287,1774305527633552457,1774305527638588691,5036
2288,1774305527640261535,1774305527645564734,5303
2289,1774305527647515550,1774305527654623421,7107
2290,1774305527656522437,1774305527661903426,5380
2291,1774305527663536254,1774305527668543997,5007
2292,1774305527670173987,1774305527675028588,4854
2293,1774305527676549832,1774305527681424091,4874
2294,1774305527682819729,1774305527689921161,7101
2295,1774305527691534556,1774305527696055700,4521
2296,1774305527697421566,1774305527702762913,5341
2297,1774305527704451528,1774305527711056854,6605
2298,1774305527712492033,1774305527717085575,4593
2299,1774305527718712399,1774305527723479374,4766
2300,1774305527725054787,1774305527731186673,6131
2301,1774305527732969988,1774305527739178959,6208
2302,1774305527741036787,1774305527745787648,4750
2303,1774305527747713971,1774305527752782346,5068
2304,1774305527754706621,1774305527760219673,5513
2305,1774305527761914770,1774305527766823799,4909
2306,1774305527768898798,1774305527773738936,4840
2307,1774305527775618944,1774305527781134412,5515
2308,1774305527782861729,1774305527788235086,5373
2309,1774305527789953864,1774305527794759502,4805
2310,1774305527796662220,1774305527803679423,7017
2311,1774305527805514065,1774305527810421986,4907
2312,1774305527812169844,1774305527817573913,5404
2313,1774305527819377399,1774305527826492927,7115
2314,1774305527828086524,1774305527832625281,4538
2315,1774305527834252682,1774305527840124407,5871
2316,1774305527841939703,1774305527846518308,4578
2317,1774305527848168261,1774305527854181109,6012
2318,1774305527855867392,1774305527861247177,5379
2319,1774305527862937755,1774305527867951844,5014
2320,1774305527869599032,1774305527874240846,4641
2321,1774305527875843491,1774305527880449513,4606
2322,1774305527882076582,1774305527889004548,6927
2323,1774305527890942442,1774305527896413114,5470
2324,1774305527898059876,1774305527903078984,5019
2325,1774305527904750385,1774305527911081731,6331
2326,1774305527912729718,1774305527917558451,4828
2327,1774305527919451677,1774305527925089010,5637
2328,1774305527927011054,1774305527933988054,6977
2329,1774305527935656159,1774305527940800475,5144
2330,1774305527942448935,1774305527949288869,6839
2331,1774305527951283190,1774305527958198953,6915
2332,1774305527959970914,1774305527965002833,5031
2333,1774305527966638415,1774305527971155030,4516
2334,1774305527972896204,1774305527977439770,4543
2335,1774305527979043873,1774305527984006996,4963
2336,1774305527985614132,1774305527990532039,4917
2337,1774305527992136111,1774305527997060271,4924
2338,1774305527998628451,1774305528004059519,5431
2339,1774305528005826108,1774305528011557688,5731
2340,1774305528013302811,1774305528020121690,6818
2341,1774305528021998219,1774305528027580423,5582
2342,1774305528029314846,1774305528035923364,6608
2343,1774305528037550455,1774305528044519566,6969
2344,1774305528046338411,1774305528051940489,5602
2345,1774305528053625282,1774305528060031767,6406
2346,1774305528061779765,1774305528067592903,5813
2347,1774305528069587225,1774305528074479834,4892
2348,1774305528076203720,1774305528081201545,4997
2349,1774305528083097875,1774305528088723774,5625
2350,1774305528090605723,1774305528096410070,5804
2351,1774305528098052198,1774305528103038738,4986
2352,1774305528104747883,1774305528110107697,5359
2353,1774305528111898770,1774305528117351703,5452
2354,1774305528118993036,1774305528125126480,6133
2355,1774305528126552395,1774305528131392500,4840
2356,1774305528132973056,1774305528138136297,5163
2357,1774305528139547535,1774305528145081755,5534
2358,1774305528146735143,1774305528152397706,5662
2359,1774305528153981547,1774305528158506395,4524
2360,1774305528160126751,1774305528165290002,5163
2361,1774305528167018494,1774305528171927593,4909
2362,1774305528173844557,1774305528178345812,4501
2363,1774305528180006045,1774305528184669517,4663
2364,1774305528186334697,1774305528191491827,5157
2365,1774305528193260589,1774305528198852112,5591
2366,1774305528200790243,1774305528207219016,6428
2367,1774305528209193647,1774305528214726824,5533
2368,1774305528216395999,1774305528222133004,5737
2369,1774305528223870681,1774305528230057926,6187
2370,1774305528231754197,1774305528236353545,4599
2371,1774305528237994000,1774305528244144530,6150
2372,1774305528245846664,1774305528250828458,4981
2373,1774305528252518824,1774305528257148433,4629
2374,1774305528258925403,1774305528263501334,4575
2375,1774305528265152687,1774305528269815541,4662
2376,1774305528271451393,1774305528276294608,4843
2377,1774305528277953977,1774305528283747701,5793
2378,1774305528285388582,1774305528290230564,4841
2379,1774305528291870401,1774305528296913117,5042
2380,1774305528298688041,1774305528305644639,6956
2381,1774305528307289967,1774305528312997962,5707
2382,1774305528314680697,1774305528320154755,5474
2383,1774305528321912989,1774305528326547916,4634
2384,1774305528328236333,1774305528333419844,5183
2385,1774305528335398724,1774305528342608386,7209
2386,1774305528344410056,1774305528349709276,5299
2387,1774305528351303857,1774305528356235570,4931
2388,1774305528357958096,1774305528364070008,6111
2389,1774305528365726646,1774305528371434458,5707
2390,1774305528373071522,1774305528377565407,4493
2391,1774305528379077280,1774305528384275124,5197
2392,1774305528385933993,1774305528391195334,5261
2393,1774305528392792875,1774305528397896253,5103
2394,1774305528399249751,1774305528403598534,4348
2395,1774305528405144356,1774305528410055378,4911
2396,1774305528411568640,1774305528416688029,5119
2397,1774305528418426512,1774305528425192045,6765
2398,1774305528427046086,1774305528432433642,5387
2399,1774305528434077703,1774305528439660728,5583
2400,1774305528441530235,1774305528448530293,7000
2401,1774305528450439092,1774305528455301983,4862
2402,1774305528457241681,1774305528463209048,5967
2403,1774305528465176062,1774305528470539984,5363
2404,1774305528472462184,1774305528477431459,4969
2405,1774305528479154442,1774305528485260545,6106
2406,1774305528487025597,1774305528492640914,5615
2407,1774305528494298067,1774305528500260271,5962
2408,1774305528501952563,1774305528506692573,4740
2409,1774305528508449509,1774305528513206818,4757
2410,1774305528514940602,1774305528519371960,4431
2411,1774305528520927458,1774305528527926113,6998
2412,1774305528529733917,1774305528535051473,5317
2413,1774305528536800868,1774305528541507234,4706
2414,1774305528543084505,1774305528548325840,5241
2415,1774305528550020155,1774305528555727413,5707
2416,1774305528557388174,1774305528562802830,5414
2417,1774305528564523128,1774305528571593920,7070
2418,1774305528573318589,1774305528578444471,5125
2419,1774305528580124909,1774305528585440586,5315
2420,1774305528587113440,1774305528594011054,6897
2421,1774305528595669965,1774305528600765142,5095
2422,1774305528602556601,1774305528608381434,5824
2423,1774305528610111187,1774305528615791652,5680
2424,1774305528617466121,1774305528622835724,5369
2425,1774305528624510149,1774305528629393878,4883
2426,1774305528631087285,1774305528636792092,5704
2427,1774305528638456104,1774305528645711494,7255
2428,1774305528647334960,1774305528652549800,5214
2429,1774305528654029628,1774305528659380151,5350
2430,1774305528661103927,1774305528668004116,6900
2431,1774305528669644825,1774305528674739666,5094
2432,1774305528676136630,1774305528681161606,5024
2433,1774305528682707771,1774305528687377909,4670
2434,1774305528688962155,1774305528694004466,5042
2435,1774305528695875518,1774305528701514285,5638
2436,1774305528703493333,1774305528709304122,5810
2437,1774305528711033640,1774305528716398259,5364
2438,1774305528718139463,1774305528724264902,6125
2439,1774305528725931512,1774305528730621939,4690
2440,1774305528732571479,1774305528737919002,5347
2441,1774305528739867518,1774305528745622692,5755
2442,1774305528747579666,1774305528753097957,5518
2443,1774305528754758212,1774305528759521543,4763
2444,1774305528761258048,1774305528766199756,4941
2445,1774305528768012820,1774305528774289310,6276
2446,1774305528776176235,1774305528780847859,4671
2447,1774305528782481519,1774305528787687237,5205
2448,1774305528789303234,1774305528794288783,4985
2449,1774305528796063032,1774305528800957528,4894
2450,1774305528802505072,1774305528806726180,4221
2451,1774305528808091579,1774305528812680377,4588
2452,1774305528814238958,1774305528820233017,5994
2453,1774305528821955601,1774305528826595566,4639
2454,1774305528828230483,1774305528833164564,4934
2455,1774305528834838278,1774305528841663197,6824
2456,1774305528843369783,1774305528849222038,5852
2457,1774305528850920473,1774305528857794131,6873
2458,1774305528859468856,1774305528866508346,7039
2459,1774305528868291449,1774305528873314177,5022
2460,1774305528875076972,1774305528881967680,6890
2461,1774305528883638040,1774305528888845127,5207
2462,1774305528890643825,1774305528895887244,5243
2463,1774305528897690873,1774305528902640267,4949
2464,1774305528904499459,1774305528909762742,5263
2465,1774305528911607485,1774305528917937104,6329
2466,1774305528919683930,1774305528924707588,5023
2467,1774305528926084286,1774305528931082997,4998
2468,1774305528932694484,1774305528938217306,5522
2469,1774305528939841567,1774305528944532655,4691
2470,1774305528946037255,1774305528951194239,5156
2471,1774305528952838406,1774305528957463626,4625
2472,1774305528959137938,1774305528963751830,4613
2473,1774305528965395528,1774305528972333625,6938
2474,1774305528974032026,1774305528979488122,5456
2475,1774305528981243435,1774305528986772049,5528
2476,1774305528988526337,1774305528994567221,6040
2477,1774305528996331479,1774305529001169247,4837
2478,1774305529002944789,1774305529008021009,5076
2479,1774305529009709890,1774305529015638294,5928
2480,1774305529017393471,1774305529023921763,6528
2481,1774305529025955352,1774305529031529029,5573
2482,1774305529033267811,1774305529038150781,4882
2483,1774305529039853183,1774305529044455416,4602
2484,1774305529046186288,1774305529050990640,4804
2485,1774305529052731957,1774305529059695599,6963
2486,1774305529061595533,1774305529066396591,4801
2487,1774305529068148035,1774305529072819562,4671
2488,1774305529074327440,1774305529078824777,4497
2489,1774305529080515076,1774305529085937386,5422
2490,1774305529087616243,1774305529092473824,4857
2491,1774305529094239032,1774305529099185053,4946
2492,1774305529100816004,1774305529105838481,5022
2493,1774305529107556036,1774305529113244401,5688
2494,1774305529114998499,1774305529121181467,6182
2495,1774305529123171212,1774305529128842198,5670
2496,1774305529130510603,1774305529135313275,4802
2497,1774305529137201352,1774305529142495608,5294
2498,1774305529144290138,1774305529150338121,6047
2499,1774305529152023347,1774305529157786883,5763
2500,1774305529159482372,1774305529164785918,5303
2501,1774305529166439384,1774305529171263840,4824
2502,1774305529173021200,1774305529177692972,4671
2503,1774305529179340931,1774305529184655429,5314
2504,1774305529186479049,1774305529191502484,5023
2505,1774305529193169723,1774305529197960228,4790
2506,1774305529199545947,1774305529205522509,5976
2507,1774305529206908965,1774305529212374316,5465
2508,1774305529214013394,1774305529219112820,5099
2509,1774305529220629367,1774305529225447337,4817
2510,1774305529227171621,1774305529231886311,4714
2511,1774305529233315088,1774305529240123661,6808
2512,1774305529241795645,1774305529247118630,5322
2513,1774305529248808110,1774305529254105792,5297
2514,1774305529255771920,1774305529260593511,4821
2515,1774305529262275687,1774305529267139848,4864
2516,1774305529269004641,1774305529274380504,5375
2517,1774305529276186333,1774305529282195615,6009
2518,1774305529284085413,1774305529289614276,5528
2519,1774305529291275998,1774305529296273464,4997
2520,1774305529297937920,1774305529302928864,4990
2521,1774305529304602477,1774305529309700296,5097
2522,1774305529311511589,1774305529318108734,6597
2523,1774305529320090346,1774305529325641256,5550
2524,1774305529327357159,1774305529332299239,4942
2525,1774305529333954797,1774305529338587548,4632
2526,1774305529340350685,1774305529344828352,4477
2527,1774305529346525471,1774305529351331373,4805
2528,1774305529353038701,1774305529358322742,5284
2529,1774305529359856103,1774305529364495295,4639
2530,1774305529366108939,1774305529371377445,5268
2531,1774305529373044110,1774305529378431049,5386
2532,1774305529380111237,1774305529385232602,5121
2533,1774305529387029816,1774305529394032774,7002
2534,1774305529395853578,1774305529402905311,7051
2535,1774305529404602287,1774305529410037997,5435
2536,1774305529411751017,1774305529416673955,4922
2537,1774305529418617972,1774305529423497950,4879
2538,1774305529425371288,1774305529431447807,6076
2539,1774305529433179772,1774305529440007330,6827
2540,1774305529441738824,1774305529446984033,5245
2541,1774305529448725691,1774305529455973260,7247
2542,1774305529457649447,1774305529462676696,5027
2543,1774305529464378429,1774305529469665688,5287
2544,1774305529471198979,1774305529478244705,7045
2545,1774305529479985767,1774305529484910288,4924
2546,1774305529486565587,1774305529491825038,5259
2547,1774305529493514457,1774305529500569399,7054
2548,1774305529506505462,1774305529513648890,7143
2549,1774305529515284406,1774305529520261681,4977
2550,1774305529521913299,1774305529526481810,4568
2551,1774305529528239649,1774305529534451225,6211
2552,1774305529536292153,1774305529541721856,5429
2553,1774305529543527951,1774305529550480848,6952
2554,1774305529552461373,1774305529557606214,5144
2555,1774305529559355381,1774305529564916406,5561
2556,1774305529566818300,1774305529573795210,6976
2557,1774305529575585855,1774305529580466661,4880
2558,1774305529582292313,1774305529589115282,6822
2559,1774305529590791665,1774305529597076149,6284
2560,1774305529598749569,1774305529603587978,4838
2561,1774305529605261451,1774305529612192533,6931
2562,1774305529613948536,1774305529620962136,7013
2563,1774305529622624522,1774305529627064461,4439
2564,1774305529628732951,1774305529635658030,6925
2565,1774305529637250765,1774305529641723146,4472
2566,1774305529642926627,1774305529647352525,4425
2567,1774305529648908989,1774305529653885471,4976
2568,1774305529655577894,1774305529661526035,5948
2569,1774305529663413362,1774305529670632469,7219
2570,1774305529672278547,1774305529677080500,4801
2571,1774305529678775452,1774305529684170382,5394
2572,1774305529685919919,1774305529690780270,4860
2573,1774305529692423992,1774305529699040054,6616
2574,1774305529700935298,1774305529707882361,6947
2575,1774305529709551581,1774305529714349143,4797
2576,1774305529716021328,1774305529722923570,6902
2577,1774305529724756935,1774305529731559882,6802
2578,1774305529733405076,1774305529738184561,4779
2579,1774305529740077245,1774305529746879960,6802
2580,1774305529748548995,1774305529755532542,6983
2581,1774305529757087313,1774305529761748669,4661
2582,1774305529763500111,1774305529768405695,4905
2583,1774305529770110449,1774305529775514645,5404
2584,1774305529777243950,1774305529783141425,5897
2585,1774305529784855328,1774305529790350870,5495
2586,1774305529792034840,1774305529797072334,5037
2587,1774305529798746684,1774305529803366740,4620
2588,1774305529805066257,1774305529809858503,4792
2589,1774305529811561536,1774305529818760566,7199
2590,1774305529820665653,1774305529825433534,4767
2591,1774305529827183895,1774305529832544967,5361
2592,1774305529834267388,1774305529839825033,5557
2593,1774305529841542680,1774305529847283381,5740
2594,1774305529849133439,1774305529854096567,4963
2595,1774305529855737420,1774305529860561379,4823
2596,1774305529862331663,1774305529868053594,5721
2597,1774305529870025542,1774305529876053354,6027
2598,1774305529877835598,1774305529883217460,5381
2599,1774305529885209884,1774305529890613448,5403
2600,1774305529892404535,1774305529897929167,5524
2601,1774305529899613548,1774305529904706504,5092
2602,1774305529906378392,1774305529911429362,5050
2603,1774305529913082856,1774305529920124188,7041
2604,1774305529921717839,1774305529926863012,5145
2605,1774305529928458327,1774305529935128013,6669
2606,1774305529936923188,1774305529942574198,5651
2607,1774305529944278872,1774305529950130275,5851
2608,1774305529951881669,1774305529956463185,4581
2609,1774305529958180671,1774305529963543447,5362
2610,1774305529965485397,1774305529972313971,6828
2611,1774305529974207431,1774305529979189337,4981
2612,1774305529980880503,1774305529986623510,5743
2613,1774305529988493895,1774305529995388780,6894
2614,1774305529997079724,1774305530002361667,5281
2615,1774305530004062773,1774305530009874279,5811
2616,1774305530011591488,1774305530016807862,5216
2617,1774305530018502289,1774305530024033416,5531
2618,1774305530025860657,1774305530033010183,7149
2619,1774305530034811549,1774305530039350079,4538
2620,1774305530041123153,1774305530047141884,6018
2621,1774305530048789596,1774305530053444971,4655
2622,1774305530055162006,1774305530060151041,4989
2623,1774305530061647010,1774305530066679549,5032
2624,1774305530068316181,1774305530075114680,6798
2625,1774305530076820621,1774305530083532114,6711
2626,1774305530085188124,1774305530090460396,5272
2627,1774305530092153051,1774305530099006411,6853
2628,1774305530100665415,1774305530105724418,5059
2629,1774305530107377750,1774305530112679605,5301
2630,1774305530114508740,1774305530121579957,7071
2631,1774305530123465754,1774305530128784646,5318
2632,1774305530130448680,1774305530136784021,6335
2633,1774305530138656827,1774305530145650649,6993
2634,1774305530147319338,1774305530152185446,4866
2635,1774305530153910864,1774305530160672263,6761
2636,1774305530162262246,1774305530166943655,4681
2637,1774305530168558422,1774305530174319328,5760
2638,1774305530175686696,1774305530182779063,7092
2639,1774305530184417029,1774305530189718094,5301
2640,1774305530191315656,1774305530197372682,6057
2641,1774305530199023927,1774305530205871925,6847
2642,1774305530207489230,1774305530212420128,4930
2643,1774305530214242165,1774305530221027173,6785
2644,1774305530222758234,1774305530229679324,6921
2645,1774305530231348953,1774305530236465846,5116
2646,1774305530238287958,1774305530244158941,5870
2647,1774305530245863052,1774305530250562514,4699
2648,1774305530252303324,1774305530258339498,6036
2649,1774305530260320646,1774305530267206691,6886
2650,1774305530269044091,1774305530274086325,5042
2651,1774305530275750370,1774305530282151095,6400
2652,1774305530283853688,1774305530288666611,4812
2653,1774305530290343796,1774305530295676549,5332
2654,1774305530297509098,1774305530304665637,7156
2655,1774305530306310728,1774305530311196203,4885
2656,1774305530312932147,1774305530318703021,5770
2657,1774305530320484340,1774305530326258613,5774
2658,1774305530327729096,1774305530332531989,4802
2659,1774305530334173462,1774305530339170389,4996
2660,1774305530340691121,1774305530345545026,4853
2661,1774305530347333405,1774305530352641057,5307
2662,1774305530354625824,1774305530361880657,7254
2663,1774305530363542409,1774305530368482058,4939
2664,1774305530370185699,1774305530375890251,5704
2665,1774305530377577347,1774305530383904484,6327
2666,1774305530385580322,1774305530391140610,5560
2667,1774305530392965607,1774305530398291675,5326
2668,1774305530400066756,1774305530405606746,5539
2669,1774305530407315810,1774305530412462969,5147
2670,1774305530414285065,1774305530419539136,5254
2671,1774305530421574565,1774305530427135133,5560
2672,1774305530428946722,1774305530434596752,5650
2673,1774305530436335114,1774305530441982218,5647
2674,1774305530443725477,1774305530448417342,4691
2675,1774305530450098124,1774305530454888770,4790
2676,1774305530456311292,1774305530462222770,5911
2677,1774305530463914060,1774305530468800913,4886
2678,1774305530470382339,1774305530475643720,5261
2679,1774305530477313048,1774305530482481672,5168
2680,1774305530484109134,1774305530488649708,4540
2681,1774305530490283157,1774305530496997482,6714
2682,1774305530498700356,1774305530505409922,6709
2683,1774305530507191396,1774305530512141958,4950
2684,1774305530513795707,1774305530519811343,6015
2685,1774305530521518680,1774305530527926921,6408
2686,1774305530529585760,1774305530534277410,4691
2687,1774305530536119574,1774305530540888860,4769
2688,1774305530542558467,1774305530547295031,4736
2689,1774305530549332040,1774305530556007751,6675
2690,1774305530557710446,1774305530563086311,5375
2691,1774305530564758000,1774305530570320989,5562
2692,1774305530572067291,1774305530576627581,4560
2693,1774305530578178815,1774305530585556856,7378
2694,1774305530587183097,1774305530592069770,4886
2695,1774305530593752277,1774305530599176295,5424
2696,1774305530600767044,1774305530605395311,4628
2697,1774305530607100767,1774305530612586674,5485
2698,1774305530614155397,1774305530619132852,4977
2699,1774305530620770285,1774305530627520469,6750
2700,1774305530629334838,1774305530636186346,6851
2701,1774305530637872846,1774305530642587472,4714
2702,1774305530644282623,1774305530649622001,5339
2703,1774305530651312103,1774305530658563978,7251
2704,1774305530660483132,1774305530665882783,5399
2705,1774305530667751282,1774305530673430914,5679
2706,1774305530675106991,1774305530680104807,4997
2707,1774305530681860313,1774305530686940592,5080
2708,1774305530688613987,1774305530695365486,6751
2709,1774305530697089208,1774305530702617143,5527
2710,1774305530704458890,1774305530710180680,5721
2711,1774305530712074431,1774305530716994827,4920
2712,1774305530718618612,1774305530723323538,4704
2713,1774305530724976167,1774305530729698248,4722
2714,1774305530731311430,1774305530735723134,4411
2715,1774305530737325743,1774305530742066151,4740
2716,1774305530743661911,1774305530748400630,4738
2717,1774305530750053045,1774305530754555410,4502
2718,1774305530756180160,1774305530761100851,4920
2719,1774305530762903594,1774305530769745496,6841
2720,1774305530771400282,1774305530776523726,5123
2721,1774305530778185845,1774305530783319042,5133
2722,1774305530784991730,1774305530789834825,4843
2723,1774305530791482173,1774305530796328244,4846
2724,1774305530798034265,1774305530803340354,5306
2725,1774305530805196120,1774305530811985923,6789
2726,1774305530813696982,1774305530819076094,5379
2727,1774305530821033366,1774305530825707568,4674
2728,1774305530827372899,1774305530832205341,4832
2729,1774305530834005970,1774305530840009548,6003
2730,1774305530841671610,1774305530847264506,5592
2731,1774305530849069690,1774305530854048598,4978
2732,1774305530855668408,1774305530860436263,4767
2733,1774305530861980574,1774305530866547212,4566
2734,1774305530868157516,1774305530872824976,4667
2735,1774305530874499655,1774305530879767680,5268
2736,1774305530881441015,1774305530886405494,4964
2737,1774305530887902386,1774305530893063704,5161
2738,1774305530894709376,1774305530901024853,6315
2739,1774305530902793516,1774305530907912907,5119
2740,1774305530909557489,1774305530915044903,5487
2741,1774305530916689855,1774305530921770490,5080
2742,1774305530923586876,1774305530928809199,5222
2743,1774305530930477531,1774305530937528631,7051
2744,1774305530939665994,1774305530945545462,5879
2745,1774305530947203019,1774305530952213790,5010
2746,1774305530954011808,1774305530959016453,5004
2747,1774305530960762605,1774305530967678211,6915
2748,1774305530969566873,1774305530974639778,5072
2749,1774305530976448680,1774305530981342420,4893
2750,1774305530983042194,1774305530990166450,7124
2751,1774305530991953178,1774305530998137331,6184
2752,1774305530999602699,1774305531006032338,6429
2753,1774305531007776182,1774305531013668232,5892
2754,1774305531015381989,1774305531020229165,4847
2755,1774305531021794151,1774305531026911115,5116
2756,1774305531028676642,1774305531035595394,6918
2757,1774305531037445869,1774305531042998607,5552
2758,1774305531044636920,1774305531050213890,5576
2759,1774305531052052321,1774305531056753538,4701
2760,1774305531058512523,1774305531063259350,4746
2761,1774305531065158903,1774305531072172889,7013
2762,1774305531073851998,1774305531079185718,5333
2763,1774305531080936198,1774305531085710692,4774
2764,1774305531087359555,1774305531092181023,4821
2765,1774305531093943018,1774305531100702848,6759
2766,1774305531102632267,1774305531109467284,6835
2767,1774305531111156406,1774305531116251038,5094
2768,1774305531117938793,1774305531124843262,6904
2769,1774305531126594313,1774305531132110093,5515
2770,1774305531133772923,1774305531139154087,5381
2771,1774305531140829518,1774305531146647360,5817
2772,1774305531148288834,1774305531152632903,4344
2773,1774305531154172657,1774305531159558433,5385
2774,1774305531161196774,1774305531168271001,7074
2775,1774305531170149171,1774305531175527213,5378
2776,1774305531177175805,1774305531182763293,5587
2777,1774305531184496604,1774305531191464129,6967
2778,1774305531193531488,1774305531199107520,5576
2779,1774305531200776946,1774305531206671370,5894
2780,1774305531208576637,1774305531213557457,4980
2781,1774305531215405453,1774305531220356386,4950
2782,1774305531222134681,1774305531229301063,7166
2783,1774305531231428610,1774305531236836716,5408
2784,1774305531238566975,1774305531243848052,5281
2785,1774305531245635443,1774305531252658034,7022
2786,1774305531254524281,1774305531259825636,5301
2787,1774305531261446343,1774305531267384655,5938
2788,1774305531269040456,1774305531274164791,5124
2789,1774305531275824585,1774305531280819225,4994
2790,1774305531282438743,1774305531288858988,6420
2791,1774305531290439636,1774305531295219096,4779
2792,1774305531296887974,1774305531302030750,5142
2793,1774305531303651646,1774305531308460184,4808
2794,1774305531310021602,1774305531315089595,5067
2795,1774305531316839801,1774305531322713579,5873
2796,1774305531324436260,1774305531331331992,6895
2797,1774305531333129910,1774305531338645085,5515
2798,1774305531340531437,1774305531345997000,5465
2799,1774305531347640009,1774305531353499934,5859
2800,1774305531355247644,1774305531362148019,6900
2801,1774305531363939102,1774305531370025556,6086
2802,1774305531371644342,1774305531377068086,5423
2803,1774305531378739080,1774305531383808137,5069
2804,1774305531385439944,1774305531391070426,5630
2805,1774305531392947206,1774305531399820149,6872
2806,1774305531401654156,1774305531407116612,5462
2807,1774305531408777004,1774305531414704377,5927
2808,1774305531416444093,1774305531422085287,5641
2809,1774305531423884205,1774305531428777480,4893
2810,1774305531430286412,1774305531435164953,4878
2811,1774305531436942138,1774305531442601114,5658
2812,1774305531444253683,1774305531450186466,5932
2813,1774305531451899540,1774305531456676058,4776
2814,1774305531458177337,1774305531462693310,4515
2815,1774305531464510424,1774305531470865778,6355
2816,1774305531472599495,1774305531477481003,4881
2817,1774305531479406635,1774305531484619669,5213
2818,1774305531486453092,1774305531491743870,5290
2819,1774305531493645259,1774305531499501757,5856
2820,1774305531501431463,1774305531506676274,5244
2821,1774305531508363359,1774305531513547728,5184
2822,1774305531515357568,1774305531521258432,5900
2823,1774305531523104475,1774305531528046471,4941
2824,1774305531529747834,1774305531535953174,6205
2825,1774305531537549465,1774305531542195176,4645
2826,1774305531543625966,1774305531549602025,5976
2827,1774305531551347945,1774305531555992607,4644
2828,1774305531557731356,1774305531563074640,5343
2829,1774305531564674195,1774305531569773908,5099
2830,1774305531571351488,1774305531576111158,4759
2831,1774305531577732188,1774305531582575852,4843
2832,1774305531584335954,1774305531591083734,6747
2833,1774305531592769927,1774305531597932685,5162
2834,1774305531599615783,1774305531605501596,5885
2835,1774305531607490621,1774305531612855148,5364
2836,1774305531614735835,1774305531619812903,5077
2837,1774305531621533532,1774305531626927201,5393
2838,1774305531628632319,1774305531635085422,6453
2839,1774305531636754646,1774305531642500885,5746
2840,1774305531644430167,1774305531649375526,4945
2841,1774305531651328591,1774305531656314161,4985
2842,1774305531658010595,1774305531665048145,7037
2843,1774305531666865058,1774305531672014249,5149
2844,1774305531673308862,1774305531677748782,4439
2845,1774305531679208427,1774305531684209206,5000
2846,1774305531685495092,1774305531689724259,4229
2847,1774305531691132845,1774305531696266429,5133
2848,1774305531697584306,1774305531702701024,5116
2849,1774305531704184257,1774305531708537472,4353
2850,1774305531710178470,1774305531715817152,5638
2851,1774305531717505977,1774305531723010940,5504
2852,1774305531725023250,1774305531730048445,5025
2853,1774305531731733780,1774305531736627858,4894
2854,1774305531738415562,1774305531744425518,6009
2855,1774305531746325216,1774305531751241618,4916
2856,1774305531752907304,1774305531757650611,4743
2857,1774305531759307935,1774305531764467563,5159
2858,1774305531766277854,1774305531771594397,5316
2859,1774305531773318708,1774305531779195657,5876
2860,1774305531780930662,1774305531786278946,5348
2861,1774305531787946907,1774305531792973122,5026
2862,1774305531794750343,1774305531799652422,4902
2863,1774305531801526554,1774305531807247282,5720
2864,1774305531809066470,1774305531816172913,7106
2865,1774305531817676320,1774305531822878936,5202
2866,1774305531824510792,1774305531830386478,5875
2867,1774305531831972798,1774305531836467759,4494
2868,1774305531838120981,1774305531842493401,4372
2869,1774305531844052071,1774305531849423969,5371
2870,1774305531851110289,1774305531857104878,5994
2871,1774305531858782835,1774305531863669173,4886
2872,1774305531865452701,1774305531870843373,5390
2873,1774305531872502608,1774305531877972832,5470
2874,1774305531879748667,1774305531886837841,7089
2875,1774305531888534604,1774305531893974158,5439
2876,1774305531895687009,1774305531900987939,5300
2877,1774305531902668001,1774305531907406346,4738
2878,1774305531909151207,1774305531914829758,5678
2879,1774305531916482366,1774305531923219993,6737
2880,1774305531924888990,1774305531929911268,5022
2881,1774305531931997800,1774305531937492498,5494
2882,1774305531939309902,1774305531944264022,4954
2883,1774305531945724920,1774305531951613915,5888
2884,1774305531953204438,1774305531959583085,6378
2885,1774305531961210199,1774305531966886277,5676
2886,1774305531968507527,1774305531973210859,4703
2887,1774305531974892521,1774305531979939792,5047
2888,1774305531981481405,1774305531987350892,5869
2889,1774305531989080569,1774305531994122072,5041
2890,1774305531995742744,1774305532000908938,5166
2891,1774305532002549321,1774305532009056990,6507
2892,1774305532010962757,1774305532016695883,5733
2893,1774305532018352449,1774305532023533296,5180
2894,1774305532025440239,1774305532030323542,4883
2895,1774305532032036018,1774305532037014306,4978
2896,1774305532038737388,1774305532044628607,5891
2897,1774305532046335176,1774305532051288820,4953
2898,1774305532053038415,1774305532059913252,6874
2899,1774305532061701014,1774305532068463909,6762
2900,1774305532070194104,1774305532075988264,5794
2901,1774305532077934552,1774305532085028143,7093
2902,1774305532086763548,1774305532091470846,4707
2903,1774305532093104558,1774305532098062617,4958
2904,1774305532099622416,1774305532104126613,4504
2905,1774305532105745469,1774305532110394674,4649
2906,1774305532111936424,1774305532116928028,4991
2907,1774305532118601741,1774305532123459685,4857
2908,1774305532125379026,1774305532131309286,5930
2909,1774305532133046622,1774305532139169398,6122
2910,1774305532140893928,1774305532147207188,6313
2911,1774305532149034529,1774305532153916127,4881
2912,1774305532155841397,1774305532160827675,4986
2913,1774305532162723172,1774305532168287030,5563
2914,1774305532169971894,1774305532175615295,5643
2915,1774305532177347781,1774305532182665943,5318
2916,1774305532184325520,1774305532191613376,7287
2917,1774305532193360175,1774305532198875314,5515
2918,1774305532200949259,1774305532207035928,6086
2919,1774305532208942643,1774305532214457219,5514
2920,1774305532216396980,1774305532221063998,4667
2921,1774305532222796046,1774305532227531927,4735
2922,1774305532229154817,1774305532233987706,4832
2923,1774305532235676788,1774305532240198591,4521
2924,1774305532241585207,1774305532247101332,5516
2925,1774305532248779172,1774305532254360535,5581
2926,1774305532256039595,1774305532260774452,4734
2927,1774305532262372772,1774305532267287518,4914
2928,1774305532268932248,1774305532275893476,6961
2929,1774305532277630490,1774305532284565289,6934
2930,1774305532286349884,1774305532291775424,5425
2931,1774305532293527153,1774305532298927174,5400
2932,1774305532300612443,1774305532305485696,4873
2933,1774305532307306298,1774305532312180082,4873
2934,1774305532313957614,1774305532320928704,6971
2935,1774305532322591146,1774305532327824728,5233
2936,1774305532329481645,1774305532335053725,5572
2937,1774305532336901351,1774305532343659048,6757
2938,1774305532345436543,1774305532350945195,5508
2939,1774305532352615440,1774305532358557505,5942
2940,1774305532360322601,1774305532366504704,6182
2941,1774305532368341069,1774305532374077114,5736
2942,1774305532375817698,1774305532380357188,4539
2943,1774305532381996518,1774305532386653413,4656
2944,1774305532387991774,1774305532392558131,4566
2945,1774305532394178114,1774305532399823865,5645
2946,1774305532401514675,1774305532408419088,6904
2947,1774305532410291363,1774305532415360150,5068
2948,1774305532417026866,1774305532423910712,6883
2949,1774305532425598904,1774305532432788221,7189
2950,1774305532434588701,1774305532439502439,4913
2951,1774305532441233728,1774305532448416965,7183
2952,1774305532450145348,1774305532456829103,6683
2953,1774305532458639152,1774305532463465709,4826
2954,1774305532465123584,1774305532471106705,5983
2955,1774305532473086597,1774305532479943911,6857
2956,1774305532481619728,1774305532486953578,5333
2957,1774305532488728057,1774305532495803672,7075
2958,1774305532497539666,1774305532502371033,4831
2959,1774305532504113564,1774305532509746016,5632
2960,1774305532511326581,1774305532515987920,4661
2961,1774305532517731419,1774305532523127668,5396
2962,1774305532524603744,1774305532529658778,5055
2963,1774305532531312869,1774305532536185297,4872
2964,1774305532537821289,1774305532543506851,5685
2965,1774305532545152420,1774305532550304797,5152
2966,1774305532552044573,1774305532557500885,5456
2967,1774305532559469314,1774305532565182566,5713
2968,1774305532566904352,1774305532573040386,6136
2969,1774305532574705985,1774305532581792567,7086
2970,1774305532583493200,1774305532588935855,5442
2971,1774305532590595298,1774305532595881157,5285
2972,1774305532597579933,1774305532602356488,4776
2973,1774305532604008178,1774305532608744439,4736
2974,1774305532610609609,1774305532615385152,4775
2975,1774305532617139373,1774305532622783074,5643
2976,1774305532624677597,1774305532630917775,6240
2977,1774305532632557884,1774305532637745904,5188
2978,1774305532639553200,1774305532644661133,5107
2979,1774305532646273043,1774305532652253122,5980
2980,1774305532653635864,1774305532658954660,5318
2981,1774305532660415318,1774305532667497922,7082
2982,1774305532669087178,1774305532673585046,4497
2983,1774305532675171666,1774305532682117191,6945
2984,1774305532683678108,1774305532690713520,7035
2985,1774305532692275334,1774305532697260923,4985
2986,1774305532698921500,1774305532705740935,6819
2987,1774305532707510436,1774305532714348942,6838
2988,1774305532716039335,1774305532720974306,4934
2989,1774305532722636328,1774305532729420196,6783
2990,1774305532731196407,1774305532737961177,6764
2991,1774305532739765128,1774305532744530163,4765
2992,1774305532746313723,1774305532752953351,6639
2993,1774305532754585636,1774305532761410108,6824
2994,1774305532763097751,1774305532768399438,5301
2995,1774305532770103849,1774305532777082148,6978
2996,1774305532778801602,1774305532785803584,7001
2997,1774305532787478105,1774305532792555316,5077
2998,1774305532794143989,1774305532799133646,4989
2999,1774305532800915002,1774305532805495901,4580
3000,1774305532807107007,1774305532813977432,6870
3001,1774305532815642726,1774305532820957158,5314
3002,1774305532822632478,1774305532829734615,7102
3003,1774305532831634064,1774305532837089774,5455
3004,1774305532838757297,1774305532843624247,4866
3005,1774305532845255468,1774305532852173838,6918
3006,1774305532854105195,1774305532859012883,4907
3007,1774305532860798305,1774305532865932041,5133
3008,1774305532867609552,1774305532872993050,5383
3009,1774305532874694128,1774305532880019511,5325
3010,1774305532881654136,1774305532887357432,5703
3011,1774305532889353886,1774305532896594670,7240
3012,1774305532898430262,1774305532903900472,5470
3013,1774305532905693539,1774305532911456938,5763
3014,1774305532913081913,1774305532918085653,5003
3015,1774305532919748227,1774305532924334346,4586
3016,1774305532925868553,1774305532930593563,4725
3017,1774305532932252232,1774305532936833952,4581
3018,1774305532938249162,1774305532942769967,4520
3019,1774305532944405583,1774305532949514895,5109
3020,1774305532951125966,1774305532957801595,6675
3021,1774305532959689836,1774305532964506908,4817
3022,1774305532966273920,1774305532971545698,5271
3023,1774305532973302878,1774305532978187513,4884
3024,1774305532979912934,1774305532984605402,4692
3025,1774305532986490633,1774305532993719196,7228
3026,1774305532995548325,1774305533000355589,4807
3027,1774305533002046733,1774305533007537716,5490
3028,1774305533009318371,1774305533016531584,7213
3029,1774305533018273011,1774305533023814759,5541
3030,1774305533025527436,1774305533031122385,5594
3031,1774305533032785718,1774305533037485543,4699
3032,1774305533039238537,1774305533044162093,4923
3033,1774305533045837404,1774305533050588925,4751
3034,1774305533052304355,1774305533057598078,5293
3035,1774305533058990294,1774305533066056624,7066
3036,1774305533067749648,1774305533072790578,5040
3037,1774305533074383706,1774305533080036269,5652
3038,1774305533081837829,1774305533086581753,4743
3039,1774305533088296950,1774305533094266406,5969
3040,1774305533096133995,1774305533102070291,5936
3041,1774305533103769376,1774305533108613884,4844
3042,1774305533110486970,1774305533115688714,5201
3043,1774305533117615724,1774305533124525026,6909
3044,1774305533126354864,1774305533131811471,5456
3045,1774305533133505873,1774305533139038944,5533
3046,1774305533140736583,1774305533146274855,5538
3047,1774305533148046011,1774305533154173680,6127
3048,1774305533155912383,1774305533162720586,6808
3049,1774305533164407683,1774305533169844696,5437
3050,1774305533171629140,1774305533177162918,5533
3051,1774305533179006477,1774305533185782825,6776
3052,1774305533187426161,1774305533192209796,4783
3053,1774305533193817620,1774305533199692015,5874
3054,1774305533201129661,1774305533205453965,4324
3055,1774305533206999066,1774305533212386368,5387
3056,1774305533213931402,1774305533219608892,5677
3057,1774305533221272312,1774305533226920852,5648
3058,1774305533228808189,1774305533235990352,7182
3059,1774305533237857244,1774305533243323891,5466
3060,1774305533245431349,1774305533251130526,5699
3061,1774305533252932733,1774305533258545264,5612
3062,1774305533260295632,1774305533266418677,6123
3063,1774305533268467372,1774305533274474259,6006
3064,1774305533276261202,1774305533281264399,5003
3065,1774305533283172536,1774305533288535234,5362
3066,1774305533290521219,1774305533296205244,5684
3067,1774305533297951794,1774305533303382671,5430
3068,1774305533305214052,1774305533311253713,6039
3069,1774305533312937164,1774305533319131163,6193
3070,1774305533320759279,1774305533325424340,4665
3071,1774305533327024171,1774305533332508053,5483
3072,1774305533334295106,1774305533339468611,5173
3073,1774305533341203154,1774305533347524851,6321
3074,1774305533348917590,1774305533354275067,5357
3075,1774305533355999874,1774305533361027825,5027
3076,1774305533362861302,1774305533367673039,4811
3077,1774305533369442460,1774305533375378936,5936
3078,1774305533377144544,1774305533383900620,6756
3079,1774305533385576780,1774305533390304732,4727
3080,1774305533392401804,1774305533397648977,5247
3081,1774305533399615352,1774305533405161029,5545
3082,1774305533407082028,1774305533412543867,5461
3083,1774305533414449811,1774305533419784879,5335
3084,1774305533421603705,1774305533428079218,6475
3085,1774305533429998396,1774305533436002912,6004
3086,1774305533437709994,1774305533442992501,5282
3087,1774305533444674389,1774305533449425175,4750
3088,1774305533451127264,1774305533458331488,7204
3089,1774305533460042308,1774305533464548091,4505
3090,1774305533466303999,1774305533471928534,5624
3091,1774305533473486310,1774305533478676745,5190
3092,1774305533480347263,1774305533485275842,4928
3093,1774305533486868772,1774305533491337102,4468
3094,1774305533492935406,1774305533497577395,4641
3095,1774305533499259280,1774305533505160912,5901
3096,1774305533506830429,1774305533513651868,6821
3097,1774305533515300157,1774305533520663137,5362
3098,1774305533522323323,1774305533527879782,5556
3099,1774305533529893013,1774305533536834095,6941
3100,1774305533538480595,1774305533543924889,5444
3101,1774305533545660161,1774305533550602978,4942
3102,1774305533552513700,1774305533559521732,7008
3103,1774305533561332109,1774305533566292925,4960
3104,1774305533568092783,1774305533575035671,6942
3105,1774305533576708895,1774305533581782006,5073
3106,1774305533583440199,1774305533588419278,4979
3107,1774305533590092618,1774305533595185378,5092
3108,1774305533596933327,1774305533602686105,5752
3109,1774305533604281596,1774305533610042500,5760
3110,1774305533611778665,1774305533616621222,4842
3111,1774305533618230183,1774305533623780072,5549
3112,1774305533625390013,1774305533630703360,5313
3113,1774305533632268511,1774305533637802411,5533
3114,1774305533639454134,1774305533644734783,5280
3115,1774305533646514272,1774305533652232889,5718
3116,1774305533653961681,1774305533659493561,5531
3117,1774305533661246271,1774305533667100000,5853
3118,1774305533668766771,1774305533675539189,6772
3119,1774305533677397672,1774305533682740047,5342
3120,1774305533684446130,1774305533689339690,4893
3121,1774305533691114160,1774305533698081879,6967
3122,1774305533699801095,1774305533705080128,5279
3123,1774305533706736804,1774305533713042022,6305
3124,1774305533714809018,1774305533721701634,6892
3125,1774305533723525929,1774305533728910794,5384
3126,1774305533730541456,1774305533736029559,5488
3127,1774305533737604231,1774305533743364091,5759
3128,1774305533745013162,1774305533749573292,4560
3129,1774305533750977965,1774305533755965466,4987
3130,1774305533757622951,1774305533763423308,5800
3131,1774305533764917018,1774305533769454177,4537
3132,1774305533771093362,1774305533776516341,5422
3133,1774305533778310769,1774305533784000547,5689
3134,1774305533785719520,1774305533792078605,6359
3135,1774305533793767808,1774305533798582652,4814
3136,1774305533800185197,1774305533805584328,5399
3137,1774305533807499571,1774305533813019134,5519
3138,1774305533814855320,1774305533819865654,5010
3139,1774305533821588865,1774305533826441308,4852
3140,1774305533828145917,1774305533835126773,6980
3141,1774305533836810665,1774305533842504140,5693
3142,1774305533844386386,1774305533849915007,5528
3143,1774305533851581944,1774305533856397132,4815
3144,1774305533858298213,1774305533865349410,7051
3145,1774305533867070302,1774305533874158036,7087
3146,1774305533875886068,1774305533880588214,4702
3147,1774305533882195556,1774305533886669181,4473
3148,1774305533888510638,1774305533893786554,5275
3149,1774305533895524365,1774305533900718303,5193
3150,1774305533902249295,1774305533908261565,6012
3151,1774305533909942733,1774305533915621623,5678
3152,1774305533917273906,1774305533924011864,6737
3153,1774305533925704666,1774305533930458619,4753
3154,1774305533932109037,1774305533938949168,6840
3155,1774305533940848195,1774305533946274569,5426
3156,1774305533947971028,1774305533953380626,5409
3157,1774305533955113105,1774305533961147003,6033
3158,1774305533962917810,1774305533969944360,7026
3159,1774305533971669600,1774305533977692684,6023
3160,1774305533979654501,1774305533984442277,4787
3161,1774305533986314762,1774305533991362887,5048
3162,1774305533993116408,1774305533999137250,6020
3163,1774305534001029966,1774305534008124509,7094
3164,1774305534009671531,1774305534014839091,5167
3165,1774305534016554453,1774305534021192401,4637
3166,1774305534022823330,1774305534027352809,4529
3167,1774305534028990642,1774305534033608189,4617
3168,1774305534035086042,1774305534039589962,4503
3169,1774305534041155728,1774305534045686254,4530
3170,1774305534047162991,1774305534052064560,4901
3171,1774305534053939416,1774305534059505890,5566
3172,1774305534061045167,1774305534067205580,6160
3173,1774305534068850706,1774305534073527702,4676
3174,1774305534075298934,1774305534080802504,5503
3175,1774305534082544319,1774305534087446290,4901
3176,1774305534089192058,1774305534094866106,5674
3177,1774305534096995888,1774305534102754664,5758
3178,1774305534104517986,1774305534110582438,6064
3179,1774305534112405965,1774305534117198429,4792
3180,1774305534118877438,1774305534123962988,5085
3181,1774305534125857739,1774305534132859278,7001
3182,1774305534134624494,1774305534141408754,6784
3183,1774305534143201476,1774305534148519366,5317
3184,1774305534150118446,1774305534156041158,5922
3185,1774305534157571671,1774305534164679685,7108
3186,1774305534166218400,1774305534171820007,5601
3187,1774305534173449842,1774305534180680143,7230
3188,1774305534182553913,1774305534188209478,5655
3189,1774305534189932917,1774305534195305987,5373
3190,1774305534197169717,1774305534204000358,6830
3191,1774305534205824474,1774305534211433183,5608
3192,1774305534213191409,1774305534219130093,5938
3193,1774305534220805173,1774305534225540853,4735
3194,1774305534227486868,1774305534232476748,4989
3195,1774305534234351311,1774305534241471145,7119
3196,1774305534243254370,1774305534248499760,5245
3197,1774305534250252468,1774305534255630571,5378
3198,1774305534257278270,1774305534262202148,4923
3199,1774305534263921495,1774305534268737296,4815
3200,1774305534270555149,1774305534275331082,4775
3201,1774305534276933914,1774305534284053816,7119
3202,1774305534285725987,1774305534290239499,4513
3203,1774305534291845989,1774305534296794967,4948
3204,1774305534298444955,1774305534303921355,5476
3205,1774305534305499138,1774305534312558524,7059
3206,1774305534314294232,1774305534319862743,5568
3207,1774305534321625385,1774305534328049458,6424
3208,1774305534329649859,1774305534334799428,5149
3209,1774305534336562384,1774305534341747468,5185
3210,1774305534343494203,1774305534350502743,7008
3211,1774305534352361677,1774305534357900571,5538
3212,1774305534359592792,1774305534365119165,5526
3213,1774305534367022625,1774305534371752402,4729
3214,1774305534373407957,1774305534378500517,5092
3215,1774305534380618756,1774305534387863374,7244
3216,1774305534389433644,1774305534394415450,4981
3217,1774305534396027360,1774305534401650666,5623
3218,1774305534403327761,1774305534410187081,6859
3219,1774305534411870431,1774305534417544718,5674
3220,1774305534419150436,1774305534425002405,5851
3221,1774305534426637463,1774305534431408534,4771
3222,1774305534433078462,1774305534440317270,7238
3223,1774305534441949391,1774305534446545468,4596
3224,1774305534448175895,1774305534453131620,4955
3225,1774305534454739704,1774305534459500807,4761
3226,1774305534461151849,1774305534466830862,5679
3227,1774305534468730422,1774305534474254325,5523
3228,1774305534475950196,1774305534480798462,4848
3229,1774305534482455475,1774305534487205842,4750
3230,1774305534488929707,1774305534493503248,4573
3231,1774305534495154654,1774305534500172421,5017
3232,1774305534501790962,1774305534506548578,4757
3233,1774305534513363412,1774305534518178929,4815
3234,1774305534519829615,1774305534525186624,5357
3235,1774305534526932711,1774305534533710305,6777
3236,1774305534535374739,1774305534540410136,5035
3237,1774305534542080096,1774305534548852566,6772
3238,1774305534550465253,1774305534555204658,4739
3239,1774305534556854524,1774305534563198905,6344
3240,1774305534564831255,1774305534569479516,4648
3241,1774305534571180315,1774305534576010101,4829
3242,1774305534577494716,1774305534582935559,5440
3243,1774305534584547573,1774305534590013033,5465
3244,1774305534591608319,1774305534596349371,4741
3245,1774305534598030170,1774305534603478284,5448
3246,1774305534605356666,1774305534612319807,6963
3247,1774305534614271058,1774305534619601312,5330
3248,1774305534621295657,1774305534626898357,5602
3249,1774305534628533669,1774305534635529414,6995
3250,1774305534637497480,1774305534643016931,5519
3251,1774305534644669267,1774305534650171003,5501
3252,1774305534651850905,1774305534656534274,4683
3253,1774305534658295741,1774305534663176738,4880
3254,1774305534665045433,1774305534670439017,5393
3255,1774305534672116188,1774305534677272713,5156
3256,1774305534679024890,1774305534685935513,6910
3257,1774305534687488314,1774305534692928796,5440
3258,1774305534694561729,1774305534701524690,6962
3259,1774305534703052895,1774305534708070587,5017
3260,1774305534709377801,1774305534714195995,4818
3261,1774305534715883200,1774305534721826020,5942
3262,1774305534723360283,1774305534728216674,4856
3263,1774305534729796426,1774305534735119045,5322
3264,1774305534736905661,1774305534741531157,4625
3265,1774305534743178582,1774305534749789155,6610
3266,1774305534751429029,1774305534758255095,6826
3267,1774305534759848637,1774305534764754317,4905
3268,1774305534766366181,1774305534771865674,5499
3269,1774305534773499391,1774305534780317308,6817
3270,1774305534782198249,1774305534787877922,5679
3271,1774305534789530430,1774305534795359612,5829
3272,1774305534797044530,1774305534801764851,4720
3273,1774305534803420231,1774305534808781542,5361
3274,1774305534810718085,1774305534816638856,5920
3275,1774305534818504161,1774305534824046527,5542
3276,1774305534825946095,1774305534831479212,5533
3277,1774305534833157832,1774305534837767051,4609
3278,1774305534839416698,1774305534844652562,5235
3279,1774305534846273166,1774305534851482030,5208
3280,1774305534853089976,1774305534857607657,4517
3281,1774305534859319036,1774305534864799736,5480
3282,1774305534866655420,1774305534872055684,5400
3283,1774305534873735148,1774305534878459036,4723
3284,1774305534880379711,1774305534885327239,4947
3285,1774305534887084353,1774305534893255242,6170
3286,1774305534895011379,1774305534901246923,6235
3287,1774305534903277421,1774305534910298920,7021
3288,1774305534912176050,1774305534917902237,5726
3289,1774305534919574028,1774305534926136548,6562
3290,1774305534928022196,1774305534933263947,5241
3291,1774305534934924422,1774305534940508214,5583
3292,1774305534942283925,1774305534949157920,6873
3293,1774305534950962502,1774305534956030722,5068
3294,1774305534957667647,1774305534964869791,7202
3295,1774305534966576628,1774305534973032889,6456
3296,1774305534974737397,1774305534979499175,4761
3297,1774305534981099160,1774305534987125687,6026
3298,1774305534988926281,1774305534993430873,4504
3299,1774305534995214250,1774305535000577883,5363
3300,1774305535002084388,1774305535009017779,6933
3301,1774305535010642887,1774305535015672288,5029
3302,1774305535017343506,1774305535023253257,5909
3303,1774305535024935760,1774305535031819289,6883
3304,1774305535033446247,1774305535038996875,5550
3305,1774305535040860178,1774305535047195503,6335
3306,1774305535048931252,1774305535054328392,5397
3307,1774305535056029358,1774305535061011611,4982
3308,1774305535062627643,1774305535067813840,5186
3309,1774305535069512257,1774305535076713716,7201
3310,1774305535078533532,1774305535084030580,5497
3311,1774305535085678398,1774305535091242844,5564
3312,1774305535093012599,1774305535097832194,4819
3313,1774305535099731593,1774305535104338669,4607
3314,1774305535106044597,1774305535113106983,7062
3315,1774305535114778356,1774305535119426460,4648
3316,1774305535121143267,1774305535126794327,5651
3317,1774305535128221935,1774305535133741362,5519
3318,1774305535135326918,1774305535140094594,4767
3319,1774305535141762860,1774305535146817348,5054
3320,1774305535148417267,1774305535153574897,5157
3321,1774305535155305213,1774305535160677014,5371
3322,1774305535162401104,1774305535168111653,5710
3323,1774305535169795025,1774305535175474444,5679
3324,1774305535177163613,1774305535182548284,5384
3325,1774305535184191500,1774305535189192459,5000
3326,1774305535190920980,1774305535195717520,4796
3327,1774305535197410636,1774305535204008501,6597
3328,1774305535205769078,1774305535210347913,4578
3329,1774305535212043471,1774305535217341730,5298
3330,1774305535219029685,1774305535226027693,6998
3331,1774305535227975584,1774305535233591897,5616
3332,1774305535235537126,1774305535240764350,5227
3333,1774305535242436249,1774305535248016130,5579
3334,1774305535249563800,1774305535254562219,4998
3335,1774305535256422159,1774305535261279421,4857
3336,1774305535263027922,1774305535267598108,4570
3337,1774305535269299538,1774305535274658862,5359
3338,1774305535276237955,1774305535282877316,6639
3339,1774305535284602449,1774305535289844081,5241
3340,1774305535291757954,1774305535298060509,6302
3341,1774305535299720010,1774305535305244087,5524
3342,1774305535307020294,1774305535312112086,5091
3343,1774305535314022868,1774305535318621789,4598
3344,1774305535320504778,1774305535326667785,6163
3345,1774305535328512704,1774305535334367140,5854
3346,1774305535336115002,1774305535341090297,4975
3347,1774305535342895067,1774305535348427135,5532
3348,1774305535350236354,1774305535355997709,5761
3349,1774305535357964666,1774305535363777948,5813
3350,1774305535365581146,1774305535370335901,4754
3351,1774305535372035094,1774305535379015300,6980
3352,1774305535380502573,1774305535385612231,5109
3353,1774305535387353089,1774305535392769181,5416
3354,1774305535394244892,1774305535398786321,4541
3355,1774305535400435947,1774305535404974738,4538
3356,1774305535406596110,1774305535411176945,4580
3357,1774305535412757447,1774305535417853795,5096
3358,1774305535419569514,1774305535424807120,5237
3359,1774305535426454481,1774305535431952178,5497
3360,1774305535433641295,1774305535440054010,6412
3361,1774305535441784609,1774305535447002526,5217
3362,1774305535448690147,1774305535453971257,5281
3363,1774305535455928106,1774305535462167056,6238
3364,1774305535464015376,1774305535469952125,5936
3365,1774305535471622782,1774305535477615303,5992
3366,1774305535479369160,1774305535485127930,5758
3367,1774305535486797865,1774305535491573978,4776
3368,1774305535493426006,1774305535498761257,5335
3369,1774305535500440232,1774305535506279161,5838
3370,1774305535508160647,1774305535513562170,5401
3371,1774305535515375770,1774305535520217541,4841
3372,1774305535521968515,1774305535526421859,4453
3373,1774305535528143656,1774305535533771354,5627
3374,1774305535535449532,1774305535540328400,4878
3375,1774305535542011235,1774305535546538355,4527
3376,1774305535548139366,1774305535553377554,5238
3377,1774305535555259085,1774305535560248140,4989
3378,1774305535562033182,1774305535566703538,4670
3379,1774305535568440811,1774305535573420561,4979
3380,1774305535575170439,1774305535580525791,5355
3381,1774305535582478532,1774305535588339897,5861
3382,1774305535590052630,1774305535595448756,5396
3383,1774305535597302805,1774305535602325933,5023
3384,1774305535604086091,1774305535611123554,7037
3385,1774305535612999259,1774305535617945529,4946
3386,1774305535619948057,1774305535627189925,7241
3387,1774305535628904336,1774305535633589927,4685
3388,1774305535635525131,1774305535641269489,5744
3389,1774305535643134204,1774305535648849671,5715
3390,1774305535650482301,1774305535657482842,7000
3391,1774305535659161061,1774305535664921457,5760
3392,1774305535666581637,1774305535670990046,4408
3393,1774305535672648619,1774305535677444431,4795
3394,1774305535679065948,1774305535684434961,5369
3395,1774305535685900636,1774305535690677866,4777
3396,1774305535692495048,1774305535699455023,6959
3397,1774305535701099265,1774305535706008115,4908
3398,1774305535707567188,1774305535713097144,5529
3399,1774305535714845521,1774305535721581431,6735
3400,1774305535723187736,1774305535729303675,6115
3401,1774305535730919614,1774305535737006385,6086
3402,1774305535738654106,1774305535743774960,5120
3403,1774305535745411963,1774305535750962790,5550
3404,1774305535752578550,1774305535759800378,7221
3405,1774305535761446934,1774305535766987541,5540
3406,1774305535768678502,1774305535774245221,5566
3407,1774305535775857042,1774305535780480375,4623
3408,1774305535782150895,1774305535787103266,4952
3409,1774305535788801330,1774305535794729987,5928
3410,1774305535796381552,1774305535802460230,6078
3411,1774305535803899481,1774305535808786789,4887
3412,1774305535810377534,1774305535815139525,4761
3413,1774305535816554304,1774305535821712943,5158
3414,1774305535823064974,1774305535827965584,4900
3415,1774305535829623927,1774305535834348744,4724
3416,1774305535835983392,1774305535840529000,4545
3417,1774305535842155347,1774305535848944542,6789
3418,1774305535850588165,1774305535855726605,5138
3419,1774305535857478052,1774305535863020462,5542
3420,1774305535864738791,1774305535870354326,5615
3421,1774305535872164764,1774305535878441695,6276
3422,1774305535880406937,1774305535886413146,6006
3423,1774305535888112464,1774305535894180924,6068
3424,1774305535895944453,1774305535900643928,4699
3425,1774305535902454895,1774305535907266401,4811
3426,1774305535908934454,1774305535913513122,4578
3427,1774305535915220651,1774305535922096221,6875
3428,1774305535923750718,1774305535930710516,6959
3429,1774305535932382229,1774305535939607519,7225
3430,1774305535941443450,1774305535946972917,5529
3431,1774305535948358375,1774305535952801571,4443
3432,1774305535954128163,1774305535958299219,4171
3433,1774305535959920363,1774305535965191531,5271
3434,1774305535966912482,1774305535971892764,4980
3435,1774305535973641073,1774305535978502969,4861
3436,1774305535980107662,1774305535984829525,4721
3437,1774305535986418252,1774305535991774313,5356
3438,1774305535993669363,1774305536000016073,6346
3439,1774305536001824491,1774305536007341842,5517
3440,1774305536009031143,1774305536014974824,5943
3441,1774305536016717948,1774305536023745042,7027
3442,1774305536025573495,1774305536030568738,4995
3443,1774305536032422778,1774305536039020674,6597
3444,1774305536040699957,1774305536046183225,5483
3445,1774305536048121098,1774305536053125139,5004
3446,1774305536054776432,1774305536060601404,5824
3447,1774305536062436727,1774305536069538466,7101
3448,1774305536071144140,1774305536077303908,6159
3449,1774305536078983826,1774305536084557560,5573
3450,1774305536086135792,1774305536091434434,5298
3451,1774305536093116029,1774305536097655885,4539
3452,1774305536099193561,1774305536106122779,6929
3453,1774305536107994400,1774305536112967614,4973
3454,1774305536114625717,1774305536121040918,6415
3455,1774305536122862141,1774305536127661174,4799
3456,1774305536129300136,1774305536134702774,5402
3457,1774305536136414101,1774305536143408813,6994
3458,1774305536145127875,1774305536150736671,5608
3459,1774305536152384799,1774305536157954469,5569
3460,1774305536159562691,1774305536166404913,6842
3461,1774305536168195335,1774305536173972737,5777
3462,1774305536175715300,1774305536181445435,5730
3463,1774305536183140129,1774305536188706173,5566
3464,1774305536190522934,1774305536195801038,5278
3465,1774305536197474939,1774305536204661469,7186
3466,1774305536206294766,1774305536211152121,4857
3467,1774305536212884581,1774305536218547188,5662
3468,1774305536220166854,1774305536225250007,5083
3469,1774305536226890349,1774305536232567675,5677
3470,1774305536234179701,1774305536240992458,6812
3471,1774305536242516506,1774305536247474678,4958
3472,1774305536249153423,1774305536256205782,7052
3473,1774305536257952733,1774305536263373729,5420
3474,1774305536265088345,1774305536270052644,4964
3475,1774305536271746973,1774305536276586171,4839
3476,1774305536278292757,1774305536285179291,6886
3477,1774305536286914630,1774305536292828461,5913
3478,1774305536294704967,1774305536299821446,5116
3479,1774305536301492242,1774305536306394123,4901
3480,1774305536308078152,1774305536313779833,5701
3481,1774305536315713709,1774305536320569552,4855
3482,1774305536322300526,1774305536328300320,5999
3483,1774305536330240589,1774305536335547074,5306
3484,1774305536337281508,1774305536344455239,7173
3485,1774305536346129435,1774305536351082322,4952
3486,1774305536352769454,1774305536357431218,4661
3487,1774305536359056865,1774305536363725007,4668
3488,1774305536365220499,1774305536369587219,4366
3489,1774305536371150180,1774305536375778209,4628
3490,1774305536377402431,1774305536383271916,5869
3491,1774305536385264988,1774305536391196023,5931
3492,1774305536392867648,1774305536399950414,7082
3493,1774305536401663107,1774305536407089469,5426
3494,1774305536408704986,1774305536413813336,5108
3495,1774305536415584499,1774305536422482303,6897
3496,1774305536424387201,1774305536430982533,6595
3497,1774305536432945687,1774305536438299775,5354
3498,1774305536440000861,1774305536444955130,4954
3499,1774305536446656966,1774305536452338222,5681
3500,1774305536454250875,1774305536460275207,6024
3501,1774305536461965878,1774305536467851022,5885
3502,1774305536469537055,1774305536475107920,5570
3503,1774305536476639194,1774305536481291763,4652
3504,1774305536482909691,1774305536487548412,4638
3505,1774305536489116343,1774305536493815179,4698
3506,1774305536495301219,1774305536500236369,4935
3507,1774305536501875958,1774305536506373101,4497
3508,1774305536507976052,1774305536512955211,4979
3509,1774305536514586745,1774305536519293752,4707
3510,1774305536520967691,1774305536525593606,4625
3511,1774305536527237419,1774305536534104254,6866
3512,1774305536535771663,1774305536541447430,5675
3513,1774305536543390221,1774305536549881933,6491
3514,1774305536551588134,1774305536557115257,5527
3515,1774305536558783012,1774305536563675294,4892
3516,1774305536565445343,1774305536570299142,4853
3517,1774305536572031938,1774305536576838712,4806
3518,1774305536578523483,1774305536583506725,4983
3519,1774305536585470533,1774305536590838053,5367
3520,1774305536592606286,1774305536599049351,6443
3521,1774305536601033656,1774305536606230431,5196
3522,1774305536607944752,1774305536613359145,5414
3523,1774305536615061653,1774305536620715775,5654
3524,1774305536622378825,1774305536627400328,5021
3525,1774305536629095636,1774305536635345202,6249
3526,1774305536636996751,1774305536641655663,4658
3527,1774305536643299941,1774305536648340221,5040
3528,1774305536649911654,1774305536654892381,4980
3529,1774305536656646081,1774305536661410989,4764
3530,1774305536663072647,1774305536667754501,4681
3531,1774305536669494366,1774305536674797084,5302
3532,1774305536676648005,1774305536683025188,6377
3533,1774305536684884338,1774305536689520488,4636
3534,1774305536691085189,1774305536695606437,4521
3535,1774305536697221080,1774305536702460382,5239
3536,1774305536704193798,1774305536709788366,5594
3537,1774305536711547841,1774305536718698710,7150
3538,1774305536720408543,1774305536726041014,5632
3539,1774305536727727896,1774305536733254594,5526
3540,1774305536735100013,1774305536741851203,6751
3541,1774305536743401272,1774305536748830631,5429
3542,1774305536750442398,1774305536755949050,5506
3543,1774305536757600666,1774305536764615096,7014
3544,1774305536766194429,1774305536770803347,4608
3545,1774305536772525947,1774305536779082664,6556
3546,1774305536780580032,1774305536786061276,5481
3547,1774305536787690321,1774305536792895690,5205
3548,1774305536794483259,1774305536799354001,4870
3549,1774305536801183131,1774305536806542045,5358
3550,1774305536808507288,1774305536815511036,7003
3551,1774305536817506279,1774305536822756989,5250
3552,1774305536824508444,1774305536830107124,5598
3553,1774305536831873426,1774305536838870732,6997
3554,1774305536840640369,1774305536845991039,5350
3555,1774305536847639094,1774305536853517776,5878
3556,1774305536855512141,1774305536862563199,7051
3557,1774305536864477112,1774305536869522333,5045
3558,1774305536871329706,1774305536877924967,6595
3559,1774305536879615929,1774305536884801909,5185
3560,1774305536886429833,1774305536892129426,5699
3561,1774305536893766535,1774305536900985083,7218
3562,1774305536902772214,1774305536908987996,6215
3563,1774305536910550484,1774305536916440724,5890
3564,1774305536918068028,1774305536923105578,5037
3565,1774305536924665957,1774305536929502012,4836
3566,1774305536931093761,1774305536937947348,6853
3567,1774305536939604890,1774305536944563187,4958
3568,1774305536946483646,1774305536953431968,6948
3569,1774305536955163666,1774305536960253055,5089
3570,1774305536962416080,1774305536967722465,5306
3571,1774305536969438291,1774305536976072390,6634
3572,1774305536977773564,1774305536984108731,6335
3573,1774305536985779786,1774305536990823921,5044
3574,1774305536992476723,1774305536998034030,5557
3575,1774305536999653075,1774305537004618134,4965
3576,1774305537006402506,1774305537011573118,5170
3577,1774305537013425148,1774305537020615875,7190
3578,1774305537022451197,1774305537027373862,4922
3579,1774305537028970426,1774305537034361020,5390
3580,1774305537036058526,1774305537043246971,7188
3581,1774305537044935962,1774305537050611463,5675
3582,1774305537052123724,1774305537056640795,4517
3583,1774305537057911443,1774305537062802417,4890
3584,1774305537064564901,1774305537070054829,5489
3585,1774305537071900122,1774305537077027707,5127
3586,1774305537078665178,1774305537083526079,4860
3587,1774305537085458558,1774305537092502149,7043
3588,1774305537094254214,1774305537099648786,5394
3589,1774305537101309661,1774305537106549155,5239
3590,1774305537108231847,1774305537115174106,6942
3591,1774305537116880846,1774305537122632689,5751
3592,1774305537124334400,1774305537130298591,5964
3593,1774305537132047205,1774305537136632704,4585
3594,1774305537138264026,1774305537143608274,5344
3595,1774305537145326933,1774305537152254474,6927
3596,1774305537154081550,1774305537159425880,5344
3597,1774305537161045689,1774305537167039661,5993
3598,1774305537168751836,1774305537173482399,4730
3599,1774305537175186640,1774305537182314885,7128
3600,1774305537183980864,1774305537190003262,6022
3601,1774305537191602338,1774305537196545763,4943
3602,1774305537198305202,1774305537203487072,5181
3603,1774305537205114561,1774305537211133660,6019
3604,1774305537212989271,1774305537219056773,6067
3605,1774305537220900968,1774305537227296642,6395
3606,1774305537228983791,1774305537233661204,4677
3607,1774305537235333384,1774305537240690708,5357
3608,1774305537242441867,1774305537248099359,5657
3609,1774305537249899215,1774305537255550186,5650
3610,1774305537257515668,1774305537263309606,5793
3611,1774305537265038339,1774305537269713441,4675
3612,1774305537271359657,1774305537276614583,5254
3613,1774305537278442793,1774305537284026531,5583
3614,1774305537285711383,1774305537290516711,4805
3615,1774305537292257526,1774305537299196334,6938
3616,1774305537301062083,1774305537306729032,5666
3617,1774305537308372255,1774305537312660075,4287
3618,1774305537314438394,1774305537321557004,7118
3619,1774305537323273907,1774305537330359504,7085
3620,1774305537331963333,1774305537336976046,5012
3621,1774305537338641094,1774305537345531301,6890
3622,1774305537347482509,1774305537352989592,5507
3623,1774305537354669609,1774305537361555599,6885
3624,1774305537363460836,1774305537368518100,5057
3625,1774305537370247120,1774305537375211162,4964
3626,1774305537376903719,1774305537381665033,4761
3627,1774305537383331805,1774305537390370390,7038
3628,1774305537392123912,1774305537398193677,6069
3629,1774305537399972525,1774305537404975258,5002
3630,1774305537406829024,1774305537412379379,5550
3631,1774305537414394647,1774305537421448878,7054
3632,1774305537423342901,1774305537428792175,5449
3633,1774305537430557633,1774305537436009383,5451
3634,1774305537437690219,1774305537444661127,6970
3635,1774305537446278588,1774305537451646929,5368
3636,1774305537453270122,1774305537458816407,5546
3637,1774305537460301048,1774305537465285318,4984
3638,1774305537466744372,1774305537472304677,5560
3639,1774305537473787300,1774305537479328060,5540
3640,1774305537481046769,1774305537485912080,4865
3641,1774305537487535218,1774305537492657674,5122
3642,1774305537494291041,1774305537500168683,5877
3643,1774305537502133381,1774305537507742723,5609
3644,1774305537509549115,1774305537514350165,4801
3645,1774305537516081437,1774305537522987284,6905
3646,1774305537524751606,1774305537529935579,5183
3647,1774305537531640825,1774305537536882742,5241
3648,1774305537539024303,1774305537545971411,6947
3649,1774305537547641881,1774305537552792691,5150
3650,1774305537554453958,1774305537560935893,6481
3651,1774305537562687065,1774305537567895003,5207
3652,1774305537569594325,1774305537574851401,5257
3653,1774305537576494419,1774305537582910535,6416
3654,1774305537584596526,1774305537589187741,4591
3655,1774305537590715594,1774305537595463864,4748
3656,1774305537597061168,1774305537601727262,4666
3657,1774305537603524793,1774305537607871079,4346
3658,1774305537609523601,1774305537614730582,5206
3659,1774305537616294935,1774305537621121632,4826
3660,1774305537622767328,1774305537627519535,4752
3661,1774305537629197905,1774305537636396063,7198
3662,1774305537638242327,1774305537645307921,7065
3663,1774305537646934436,1774305537651685840,4751
3664,1774305537653340877,1774305537658366585,5025
3665,1774305537660274786,1774305537667119088,6844
3666,1774305537668795138,1774305537674651854,5856
3667,1774305537676403630,1774305537681578043,5174
3668,1774305537683445511,1774305537689211776,5766
3669,1774305537691177093,1774305537696477330,5300
3670,1774305537698284146,1774305537704091553,5807
3671,1774305537705765173,1774305537711216259,5451
3672,1774305537712907313,1774305537719960654,7053
3673,1774305537721300612,1774305537726031809,4731
3674,1774305537727588933,1774305537731938660,4349
3675,1774305537733584329,1774305537738194440,4610
3676,1774305537739741637,1774305537745438918,5697
3677,1774305537746990805,1774305537753117316,6126
3678,1774305537754765076,1774305537760388152,5623
3679,1774305537762105548,1774305537767517446,5411
3680,1774305537769285008,1774305537774102419,4817
3681,1774305537775742016,1774305537781220196,5478
3682,1774305537783131117,1774305537788573627,5442
3683,1774305537790363748,1774305537795985955,5622
3684,1774305537797701537,1774305537804725376,7023
3685,1774305537806413394,1774305537811343438,4930
3686,1774305537813200655,1774305537818548082,5347
3687,1774305537820387693,1774305537827463054,7075
3688,1774305537829220539,1774305537834570707,5350
3689,1774305537836257063,1774305537842927501,6670
3690,1774305537844846368,1774305537851781531,6935
3691,1774305537853397009,1774305537858530981,5133
3692,1774305537860215245,1774305537866100051,5884
3693,1774305537867740204,1774305537872485917,4745
3694,1774305537874105979,1774305537881299791,7193
3695,1774305537883033558,1774305537889952639,6919
3696,1774305537891637137,1774305537896670801,5033
3697,1774305537898368187,1774305537905058894,6690
3698,1774305537906918675,1774305537913721962,6803
3699,1774305537915457669,1774305537920311200,4853
3700,1774305537922036228,1774305537928926115,6889
3701,1774305537930613109,1774305537935744228,5131
3702,1774305537937419411,1774305537942687366,5267
3703,1774305537944339581,1774305537951187079,6847
3704,1774305537953063140,1774305537958676525,5613
3705,1774305537960332482,1774305537966046342,5713
3706,1774305537967907288,1774305537976917442,9010
3707,1774305537979216568,1774305537987386305,8169
3708,1774305537989246918,1774305537995116434,5869
3709,1774305537996909689,1774305538004629485,7719
3710,1774305538005967726,1774305538010604121,4636
3711,1774305538012268923,1774305538017547517,5278
3712,1774305538019212174,1774305538024521045,5308
3713,1774305538026119769,1774305538031176026,5056
3714,1774305538032975244,1774305538038116115,5140
3715,1774305538039745043,1774305538045478529,5733
3716,1774305538047385832,1774305538054293951,6908
3717,1774305538056041193,1774305538061418125,5376
3718,1774305538063153284,1774305538068257590,5104
3719,1774305538070103516,1774305538075890166,5786
3720,1774305538077800059,1774305538083011843,5211
3721,1774305538084669749,1774305538089983924,5314
3722,1774305538091637837,1774305538097629726,5991
3723,1774305538099529698,1774305538105264080,5734
3724,1774305538107106050,1774305538112976051,5870
3725,1774305538114693238,1774305538120523221,5829
3726,1774305538122261365,1774305538127713309,5451
3727,1774305538129443808,1774305538134943838,5500
3728,1774305538136653176,1774305538142533901,5880
3729,1774305538144145309,1774305538149423210,5277
3730,1774305538151045705,1774305538155965445,4919
3731,1774305538157537238,1774305538162359215,4821
3732,1774305538163898665,1774305538168477162,4578
3733,1774305538170126368,1774305538174547057,4420
3734,1774305538176335151,1774305538181601970,5266
3735,1774305538183496293,1774305538189970479,6474
3736,1774305538191570243,1774305538197053143,5482
3737,1774305538198698573,1774305538204084056,5385
3738,1774305538205778979,1774305538210616773,4837
3739,1774305538212345226,1774305538218307102,5961
3740,1774305538220078339,1774305538226793733,6715
3741,1774305538228556371,1774305538233963133,5406
3742,1774305538235641747,1774305538240591207,4949
3743,1774305538242360995,1774305538247322923,4961
3744,1774305538249006248,1774305538253838318,4832
3745,1774305538255773982,1774305538262611906,6837
3746,1774305538264245912,1774305538271417658,7171
3747,1774305538273170564,1774305538278481504,5310
3748,1774305538280167011,1774305538285921267,5754
3749,1774305538287539976,1774305538292039335,4499
3750,1774305538293528495,1774305538300064493,6535
3751,1774305538301745423,1774305538306522089,4776
3752,1774305538308205180,1774305538313469601,5264
3753,1774305538315149031,1774305538320173646,5024
3754,1774305538322154898,1774305538329160913,7006
3755,1774305538331030573,1774305538335760692,4730
3756,1774305538337627738,1774305538343586406,5958
3757,1774305538345378907,1774305538352165954,6787
3758,1774305538353926775,1774305538358920556,4993
3759,1774305538361045540,1774305538368481581,7436
3760,1774305538370273435,1774305538375475560,5202
3761,1774305538377163625,1774305538382480924,5317
3762,1774305538384381585,1774305538389721870,5340
3763,1774305538391424179,1774305538397319658,5895
3764,1774305538399061348,1774305538406362892,7301
3765,1774305538408092306,1774305538413488365,5396
3766,1774305538415277585,1774305538421281694,6004
3767,1774305538422933671,1774305538427304074,4370
3768,1774305538428891452,1774305538434206100,5314
3769,1774305538435767647,1774305538441539113,5771
3770,1774305538443149797,1774305538448068170,4918
3771,1774305538449725429,1774305538455024287,5298
3772,1774305538456736974,1774305538463028047,6291
3773,1774305538464922539,1774305538470337076,5414
3774,1774305538472062461,1774305538477941037,5878
3775,1774305538479664330,1774305538484833699,5169
3776,1774305538486470076,1774305538492476330,6006
3777,1774305538494294625,1774305538501344217,7049
3778,1774305538503278778,1774305538508465411,5186
3779,1774305538510217511,1774305538515214911,4997
3780,1774305538516855801,1774305538521510817,4655
3781,1774305538523198903,1774305538528612981,5414
3782,1774305538530321934,1774305538536787733,6465
3783,1774305538538640000,1774305538545678754,7038
3784,1774305538547308658,1774305538552550091,5241
3785,1774305538554179717,1774305538558877587,4697
3786,1774305538560525826,1774305538565272942,4747
3787,1774305538566743005,1774305538571339365,4596
3788,1774305538573063024,1774305538577609123,4546
3789,1774305538579124039,1774305538583804746,4680
3790,1774305538585543541,1774305538592635770,7092
3791,1774305538594355367,1774305538599250832,4895
3792,1774305538601129275,1774305538606700878,5571
3793,1774305538608399313,1774305538614041537,5642
3794,1774305538615767230,1774305538621459811,5692
3795,1774305538623446030,1774305538628443503,4997
3796,1774305538630481625,1774305538635938938,5457
3797,1774305538637804864,1774305538643274042,5469
3798,1774305538644931433,1774305538650316684,5385
3799,1774305538652042535,1774305538656651739,4609
3800,1774305538658305916,1774305538663196102,4890
3801,1774305538664909101,1774305538671066550,6157
3802,1774305538672799901,1774305538677516366,4716
3803,1774305538679344933,1774305538684540950,5196
3804,1774305538686106889,1774305538690827825,4720
3805,1774305538692546965,1774305538697141439,4594
3806,1774305538698439225,1774305538703042082,4602
3807,1774305538704699576,1774305538709150088,4450
3808,1774305538710614500,1774305538717526643,6912
3809,1774305538719189117,1774305538724763802,5574
3810,1774305538726458835,1774305538733188177,6729
3811,1774305538734922842,1774305538741636317,6713
3812,1774305538743358286,1774305538749205814,5847
3813,1774305538751012787,1774305538757902252,6889
3814,1774305538759553228,1774305538766370914,6817
3815,1774305538768139822,1774305538773425959,5286
3816,1774305538775082867,1774305538780442668,5359
3817,1774305538782246207,1774305538789097436,6851
3818,1774305538790721227,1774305538796117500,5396
3819,1774305538797920867,1774305538803458961,5538
3820,1774305538805430620,1774305538810990485,5559
3821,1774305538812603761,1774305538819606044,7002
3822,1774305538821292117,1774305538826577631,5285
3823,1774305538828153670,1774305538835474272,7320
3824,1774305538837161259,1774305538842201409,5040
3825,1774305538843929209,1774305538851018080,7088
3826,1774305538852738270,1774305538857642381,4904
3827,1774305538859459080,1774305538865433331,5974
3828,1774305538867112708,1774305538872447486,5334
3829,1774305538874179925,1774305538879166992,4987
3830,1774305538880918735,1774305538885789352,4870
3831,1774305538887528268,1774305538894669174,7140
3832,1774305538896391778,1774305538902137077,5745
3833,1774305538903821323,1774305538908826176,5004
3834,1774305538910502573,1774305538915658357,5155
3835,1774305538917404257,1774305538922449801,5045
3836,1774305538924164673,1774305538931116518,6951
3837,1774305538932778692,1774305538938603393,5824
3838,1774305538940406975,1774305538945816102,5409
3839,1774305538947583510,1774305538952362692,4779
3840,1774305538954080261,1774305538960785488,6705
3841,1774305538962457380,1774305538966983072,4525
3842,1774305538968639074,1774305538974395206,5756
3843,1774305538976019916,1774305538982089956,6070
3844,1774305538983502551,1774305538988430543,4927
3845,1774305538990040805,1774305538995321468,5280
3846,1774305538997027049,1774305539003188680,6161
3847,1774305539004901764,1774305539010669386,5767
3848,1774305539012341536,1774305539017306471,4964
3849,1774305539019212281,1774305539024561405,5349
3850,1774305539026464808,1774305539032104235,5639
3851,1774305539033905506,1774305539039690852,5785
3852,1774305539041339174,1774305539047204968,5865
3853,1774305539048845556,1774305539054668159,5822
3854,1774305539056542381,1774305539061371883,4829
3855,1774305539063126132,1774305539068562727,5436
3856,1774305539070401561,1774305539076016410,5614
3857,1774305539077716573,1774305539083574848,5858
3858,1774305539085260855,1774305539091247868,5987
3859,1774305539093035681,1774305539100173226,7137
3860,1774305539101632404,1774305539108932121,7299
3861,1774305539110598242,1774305539115488706,4890
3862,1774305539117132329,1774305539121643867,4511
3863,1774305539123375686,1774305539128900411,5524
3864,1774305539130544578,1774305539136395526,5850
3865,1774305539138233579,1774305539143458994,5225
3866,1774305539145098844,1774305539151080926,5982
3867,1774305539152783081,1774305539159465188,6682
3868,1774305539161060737,1774305539165630216,4569
3869,1774305539167385598,1774305539174384727,6999
3870,1774305539176069902,1774305539181572630,5502
3871,1774305539183265904,1774305539188482164,5216
3872,1774305539190208073,1774305539197193376,6985
3873,1774305539198903264,1774305539204500798,5597
3874,1774305539206197135,1774305539211872811,5675
3875,1774305539213550212,1774305539218843952,5293
3876,1774305539220495066,1774305539225389392,4894
3877,1774305539227164555,1774305539234460284,7295
3878,1774305539236033164,1774305539240609748,4576
3879,1774305539242029684,1774305539246532965,4503
3880,1774305539248029103,1774305539253236841,5207
3881,1774305539254867382,1774305539260212670,5345
3882,1774305539261792708,1774305539266445740,4653
3883,1774305539268051389,1774305539273423600,5372
3884,1774305539275061572,1774305539280029054,4967
3885,1774305539281643959,1774305539286270825,4626
3886,1774305539288045383,1774305539292821382,4775
3887,1774305539294475284,1774305539300983964,6508
3888,1774305539302792265,1774305539308583824,5791
3889,1774305539310277042,1774305539315194347,4917
3890,1774305539316845906,1774305539321820169,4974
3891,1774305539323573862,1774305539328645473,5071
3892,1774305539330518261,1774305539337007540,6489
3893,1774305539338915063,1774305539344639910,5724
3894,1774305539346357560,1774305539351721961,5364
3895,1774305539353395224,1774305539358214575,4819
3896,1774305539359962491,1774305539367153874,7191
3897,1774305539368913415,1774305539373554640,4641
3898,1774305539375136920,1774305539380038880,4901
3899,1774305539381676950,1774305539387172289,5495
3900,1774305539388716597,1774305539393222185,4505
3901,1774305539394884430,1774305539400293296,5408
3902,1774305539401883766,1774305539407700757,5816
3903,1774305539409390796,1774305539416319709,6928
3904,1774305539418338657,1774305539423930982,5592
3905,1774305539425582978,1774305539431830193,6247
3906,1774305539433693087,1774305539438731101,5038
3907,1774305539440509388,1774305539445583070,5073
3908,1774305539447550532,1774305539454526817,6976
3909,1774305539456512390,1774305539461358982,4846
3910,1774305539463055635,1774305539468732550,5676
3911,1774305539470613940,1774305539477528238,6914
3912,1774305539479450839,1774305539484879801,5428
3913,1774305539486707682,1774305539492544098,5836
3914,1774305539494428205,1774305539499942959,5514
3915,1774305539501568689,1774305539506308582,4739
3916,1774305539507975594,1774305539514947320,6971
3917,1774305539516667098,1774305539521596650,4929
3918,1774305539523218620,1774305539528830026,5611
3919,1774305539530451258,1774305539535055171,4603
3920,1774305539536645062,1774305539541655851,5010
3921,1774305539543389906,1774305539550166099,6776
3922,1774305539552039022,1774305539557362123,5323
3923,1774305539559066050,1774305539564784476,5718
3924,1774305539566602297,1774305539573534819,6932
3925,1774305539575493910,1774305539581092465,5598
3926,1774305539582805372,1774305539588457327,5651
3927,1774305539590132096,1774305539597119214,6987
3928,1774305539598999033,1774305539604674097,5675
3929,1774305539606436229,1774305539612451026,6014
3930,1774305539614144539,1774305539621237293,7092
3931,1774305539623034043,1774305539627765682,4731
3932,1774305539629428001,1774305539634355388,4927
3933,1774305539636019251,1774305539641123893,5104
3934,1774305539642788267,1774305539648949668,6161
3935,1774305539650587923,1774305539656123841,5535
3936,1774305539657918676,1774305539662852590,4933
3937,1774305539664358459,1774305539669856322,5497
3938,1774305539671539517,1774305539676713725,5174
3939,1774305539678468133,1774305539683221211,4753
3940,1774305539684931188,1774305539690336351,5405
3941,1774305539692198897,1774305539699064444,6865
3942,1774305539700446205,1774305539706263658,5817
3943,1774305539707881005,1774305539712483379,4602
3944,1774305539714108171,1774305539721065850,6957
3945,1774305539722698390,1774305539727924141,5225
3946,1774305539729538852,1774305539734920703,5381
3947,1774305539736746303,1774305539743789473,7043
3948,1774305539745635610,1774305539750503738,4868
3949,1774305539752201621,1774305539757468699,5267
3950,1774305539759319013,1774305539766195699,6876
3951,1774305539767936309,1774305539772944778,5008
3952,1774305539774669547,1774305539781645613,6976
3953,1774305539783339520,1774305539790566504,7226
3954,1774305539792046406,1774305539797081613,5035
3955,1774305539798784997,1774305539803982741,5197
3956,1774305539805583821,1774305539810687678,5103
3957,1774305539812354579,1774305539817245457,4890
3958,1774305539818842750,1774305539823840624,4997
3959,1774305539825459812,1774305539831837301,6377
3960,1774305539833611289,1774305539838796841,5185
3961,1774305539840500187,1774305539845795272,5295
3962,1774305539847413980,1774305539852130605,4716
3963,1774305539853770009,1774305539858337436,4567
3964,1774305539860345781,1774305539867197940,6852
3965,1774305539868930299,1774305539873992347,5062
3966,1774305539875752397,1774305539881192468,5440
3967,1774305539883208443,1774305539890067954,6859
3968,1774305539891845317,1774305539897447540,5602
3969,1774305539899130163,1774305539905165224,6035
3970,1774305539906968022,1774305539913916095,6948
3971,1774305539915464523,1774305539921049774,5585
3972,1774305539922777787,1774305539928903720,6125
3973,1774305539930522402,1774305539935214900,4692
3974,1774305539936879991,1774305539941891727,5011
3975,1774305539943545894,1774305539950446840,6900
3976,1774305539952104006,1774305539957190047,5086
3977,1774305539958839748,1774305539965967842,7128
3978,1774305539967984105,1774305539973715502,5731
3979,1774305539975500329,1774305539980386549,4886
3980,1774305539982087599,1774305539989257792,7170
3981,1774305539991177433,1774305539998185935,7008
3982,1774305539999889572,1774305540005261573,5372
3983,1774305540007039189,1774305540012487749,5448
3984,1774305540014361883,1774305540021642934,7281
3985,1774305540023373297,1774305540028723048,5349
3986,1774305540030623044,1774305540037613061,6990
3987,1774305540039562398,1774305540044365517,4803
3988,1774305540046204733,1774305540053433415,7228
3989,1774305540055114710,1774305540062085911,6971
3990,1774305540063636947,1774305540068241439,4604
3991,1774305540069833091,1774305540075584049,5750
3992,1774305540077209626,1774305540082531348,5321
3993,1774305540084090004,1774305540088830541,4740
3994,1774305540090566845,1774305540096110430,5543
3995,1774305540098008143,1774305540103473459,5465
3996,1774305540105220871,1774305540111257393,6036
3997,1774305540112938245,1774305540119999660,7061
3998,1774305540121709539,1774305540127601495,5891
3999,1774305540129311889,1774305540134376859,5064
4000,1774305540136082179,1774305540142464181,6382
4001,1774305540144113092,1774305540150766424,6653
4002,1774305540152383616,1774305540157192419,4808
4003,1774305540158972332,1774305540164220948,5248
4004,1774305540165881399,1774305540170514659,4633
4005,1774305540172220543,1774305540177078071,4857
4006,1774305540178969085,1774305540186118440,7149
4007,1774305540187795365,1774305540195058110,7262
4008,1774305540196692670,1774305540201275222,4582
4009,1774305540202883511,1774305540208160073,5276
4010,1774305540209671473,1774305540214700251,5028
4011,1774305540216181328,1774305540221185482,5004
4012,1774305540223106042,1774305540229942471,6836
4013,1774305540231633599,1774305540236610789,4977
4014,1774305540238486490,1774305540244068076,5581
4015,1774305540245992374,1774305540251084869,5092
4016,1774305540253054463,1774305540259143465,6089
4017,1774305540260914304,1774305540266327696,5413
4018,1774305540268060938,1774305540274838484,6777
4019,1774305540276671010,1774305540283972920,7301
4020,1774305540285732822,1774305540290916091,5183
4021,1774305540292746422,1774305540298007787,5261
4022,1774305540304246554,1774305540309684425,5437
4023,1774305540311560429,1774305540316435766,4875
4024,1774305540318300014,1774305540323726982,5426
4025,1774305540325388263,1774305540332611226,7222
4026,1774305540334052238,1774305540339749300,5697
4027,1774305540341394707,1774305540346952188,5557
4028,1774305540348659362,1774305540353386806,4727
4029,1774305540355065241,1774305540359631464,4566
4030,1774305540361181797,1774305540368076772,6894
4031,1774305540369879553,1774305540374623146,4743
4032,1774305540376332327,1774305540381895669,5563
4033,1774305540383661894,1774305540390413977,6752
4034,1774305540392146960,1774305540397488903,5341
4035,1774305540399294624,1774305540404596569,5301
4036,1774305540406521799,1774305540412362611,5840
4037,1774305540414116955,1774305540419606409,5489
4038,1774305540421155310,1774305540429073970,7918
4039,1774305540430948088,1774305540437764520,6816
4040,1774305540439417069,1774305540444861233,5444
4041,1774305540446467706,1774305540451610733,5143
4042,1774305540453253203,1774305540460272536,7019
4043,1774305540461909364,1774305540466741416,4832
4044,1774305540468333209,1774305540473802597,5469
4045,1774305540475420960,1774305540480514443,5093
4046,1774305540482068983,1774305540486566099,4497
4047,1774305540488204432,1774305540492767498,4563
4048,1774305540494451839,1774305540499869218,5417
4049,1774305540501598970,1774305540507137314,5538
4050,1774305540508724428,1774305540514056356,5331
4051,1774305540515663053,1774305540520283442,4620
4052,1774305540521889644,1774305540526490572,4600
4053,1774305540528085164,1774305540534798100,6712
4054,1774305540536458615,1774305540543115370,6656
4055,1774305540544759403,1774305540549864942,5105
4056,1774305540551535889,1774305540556822763,5286
4057,1774305540558474868,1774305540565268667,6793
4058,1774305540566911732,1774305540572535081,5623
4059,1774305540574419973,1774305540580298548,5878
4060,1774305540581920258,1774305540586480865,4560
4061,1774305540588197957,1774305540593341050,5143
4062,1774305540595132696,1774305540601825655,6692
4063,1774305540603406502,1774305540608271348,4864
4064,1774305540610053962,1774305540614577408,4523
4065,1774305540616009799,1774305540620604479,4594
4066,1774305540622208905,1774305540628284782,6075
4067,1774305540629922565,1774305540634487621,4565
4068,1774305540636047858,1774305540641109226,5061
4069,1774305540642638709,1774305540647362070,4723
4070,1774305540649276361,1774305540656115032,6838
4071,1774305540657967280,1774305540663290982,5323
4072,1774305540664933795,1774305540671032221,6098
4073,1774305540672783589,1774305540678188779,5405
4074,1774305540679917236,1774305540685151236,5234
4075,1774305540687013317,1774305540691862111,4848
4076,1774305540693518140,1774305540699028201,5510
4077,1774305540700846245,1774305540707989322,7143
4078,1774305540709480295,1774305540714553174,5072
4079,1774305540716264312,1774305540721882189,5617
4080,1774305540723603248,1774305540729065973,5462
4081,1774305540730826109,1774305540737831488,7005
4082,1774305540739557963,1774305540745297988,5740
4083,1774305540746878571,1774305540751394711,4516
4084,1774305540752965608,1774305540758207269,5241
4085,1774305540759463162,1774305540764127098,4663
4086,1774305540765402769,1774305540770444136,5041
4087,1774305540771982883,1774305540776541448,4558
4088,1774305540778157994,1774305540783505737,5347
4089,1774305540785208848,1774305540792008352,6799
4090,1774305540793682520,1774305540799018749,5336
4091,1774305540800662012,1774305540806598313,5936
4092,1774305540808268549,1774305540813309791,5041
4093,1774305540814967271,1774305540819435072,4467
4094,1774305540821177643,1774305540826804630,5626
4095,1774305540828492600,1774305540835036099,6543
4096,1774305540836643943,1774305540842587778,5943
4097,1774305540844378301,1774305540849450339,5072
4098,1774305540851324095,1774305540856187627,4863
4099,1774305540857950164,1774305540864231509,6281
4100,1774305540866149113,1774305540873268989,7119
4101,1774305540874993060,1774305540880466874,5473
4102,1774305540882133585,1774305540887448068,5314
4103,1774305540889217319,1774305540894771275,5553
4104,1774305540896480823,1774305540901685245,5204
4105,1774305540903365377,1774305540908249567,4884
4106,1774305540909982463,1774305540914507289,4524
4107,1774305540916191066,1774305540920822711,4631
4108,1774305540922683928,1774305540927434383,4750
4109,1774305540929302978,1774305540936323643,7020
4110,1774305540938031939,1774305540943378750,5346
4111,1774305540945041955,1774305540949792279,4750
4112,1774305540951459853,1774305540956452448,4992
4113,1774305540958280177,1774305540964325793,6045
4114,1774305540966106906,1774305540971798477,5691
4115,1774305540973461616,1774305540979417548,5955
4116,1774305540981183701,1774305540988156600,6972
4117,1774305540989935392,1774305540995542887,5607
4118,1774305540997350142,1774305541003143285,5793
4119,1774305541004959112,1774305541010069211,5110
4120,1774305541011714263,1774305541016457336,4743
4121,1774305541017922683,1774305541022277117,4354
4122,1774305541023841783,1774305541029571492,5729
4123,1774305541030990726,1774305541035687161,4696
4124,1774305541037348903,1774305541042576280,5227
4125,1774305541044191793,1774305541051167944,6976
4126,1774305541052862646,1774305541057510218,4647
4127,1774305541059140067,1774305541065088363,5948
4128,1774305541066740751,1774305541073573869,6833
4129,1774305541075207035,1774305541081262004,6054
4130,1774305541082967034,1774305541089658958,6691
4131,1774305541091288369,1774305541097993685,6705
4132,1774305541099622764,1774305541104186805,4564
4133,1774305541105816030,1774305541111430313,5614
4134,1774305541113060886,1774305541119866055,6805
4135,1774305541121510761,1774305541126403360,4892
4136,1774305541128096606,1774305541135212086,7115
4137,1774305541137005325,1774305541141703519,4698
4138,1774305541143260036,1774305541149079581,5819
4139,1774305541150545859,1774305541157527724,6981
4140,1774305541158888148,1774305541165858119,6969
4141,1774305541167346392,1774305541173058643,5712
4142,1774305541174491453,1774305541180308586,5817
4143,1774305541181892170,1774305541186958397,5066
4144,1774305541188649064,1774305541193856248,5207
4145,1774305541195596283,1774305541202765696,7169
4146,1774305541204604261,1774305541209995001,5390
4147,1774305541211764238,1774305541217197302,5433
4148,1774305541218921570,1774305541223693865,4772
4149,1774305541225350471,1774305541230554672,5204
4150,1774305541232284949,1774305541238295420,6010
4151,1774305541240184198,1774305541246264643,6080
4152,1774305541248071833,1774305541253596189,5524
4153,1774305541255279525,1774305541260338446,5058
4154,1774305541262136415,1774305541269023368,6886
4155,1774305541270744849,1774305541276092462,5347
4156,1774305541277806083,1774305541282519528,4713
4157,1774305541283964591,1774305541288548727,4584
4158,1774305541290099041,1774305541294684436,4585
4159,1774305541296263569,1774305541301308939,5045
4160,1774305541302571531,1774305541308118728,5547
4161,1774305541309710503,1774305541316061183,6350
4162,1774305541317656754,1774305541323147869,5491
4163,1774305541324852010,1774305541330172668,5320
4164,1774305541331938369,1774305541337038183,5099
4165,1774305541338733198,1774305541344384074,5650
4166,1774305541346330971,1774305541351940199,5609
4167,1774305541353565573,1774305541359631746,6066
4168,1774305541361391112,1774305541366729851,5338
4169,1774305541368628286,1774305541373542007,4913
4170,1774305541375271849,1774305541380834932,5563
4171,1774305541382679432,1774305541389032136,6352
4172,1774305541390843503,1774305541396461316,5617
4173,1774305541398239372,1774305541403301071,5061
4174,1774305541405351911,1774305541412689538,7337
4175,1774305541414417284,1774305541418930131,4512
4176,1774305541420629844,1774305541425843267,5213
4177,1774305541427613950,1774305541432673468,5059
4178,1774305541434289712,1774305541438948681,4658
4179,1774305541440714324,1774305541447908311,7193
4180,1774305541449552137,1774305541455441597,5889
4181,1774305541457125546,1774305541462607469,5481
4182,1774305541464261263,1774305541469189024,4927
4183,1774305541471162765,1774305541478280302,7117
4184,1774305541479996636,1774305541485043909,5047
4185,1774305541486725979,1774305541492240311,5514
4186,1774305541494076175,1774305541500984152,6907
4187,1774305541502921036,1774305541509295627,6374
4188,1774305541511038813,1774305541517816275,6777
4189,1774305541519974237,1774305541525503198,5528
4190,1774305541527304753,1774305541532980457,5675
4191,1774305541534681744,1774305541540253683,5571
4192,1774305541541980186,1774305541546751342,4771
4193,1774305541548421355,1774305541553590356,5169
4194,1774305541555395220,1774305541562505193,7109
4195,1774305541564110353,1774305541569305546,5195
4196,1774305541570858252,1774305541576646482,5788
4197,1774305541578311483,1774305541585729630,7418
4198,1774305541587374778,1774305541592296752,4921
4199,1774305541593864994,1774305541598502479,4637
4200,1774305541600062537,1774305541606945588,6883
4201,1774305541608810258,1774305541613938590,5128
4202,1774305541615601054,1774305541620821229,5220
4203,1774305541622549087,1774305541629498915,6949
4204,1774305541631357033,1774305541636910176,5553
4205,1774305541638591960,1774305541643936222,5344
4206,1774305541645608592,1774305541650420736,4812
4207,1774305541652137589,1774305541657132395,4994
4208,1774305541658994662,1774305541666019308,7024
4209,1774305541667766002,1774305541673130478,5364
4210,1774305541674804104,1774305541680547453,5743
4211,1774305541682313430,1774305541689118733,6805
4212,1774305541690953572,1774305541697735382,6781
4213,1774305541699374981,1774305541704772992,5398
4214,1774305541706109103,1774305541710569616,4460
4215,1774305541711674146,1774305541716375632,4701
4216,1774305541717972313,1774305541723481108,5508
4217,1774305541725108433,1774305541730049758,4941
4218,1774305541731610345,1774305541736335232,4724
4219,1774305541737994913,1774305541742699150,4704
4220,1774305541744274996,1774305541751096776,6821
4221,1774305541752935009,1774305541757878197,4943
4222,1774305541759611042,1774305541764428707,4817
4223,1774305541766259431,1774305541771830128,5570
4224,1774305541773501377,1774305541779260085,5758
4225,1774305541780947661,1774305541785739897,4792
4226,1774305541787455084,1774305541793547494,6092
4227,1774305541795381599,1774305541801111615,5730
4228,1774305541802788278,1774305541807452404,4664
4229,1774305541809145977,1774305541816394732,7248
4230,1774305541818089918,1774305541824887504,6797
4231,1774305541826522497,1774305541831445947,4923
4232,1774305541833069471,1774305541840446681,7377
4233,1774305541842186886,1774305541848878139,6691
4234,1774305541850551373,1774305541855478015,4926
4235,1774305541857096275,1774305541862128390,5032
4236,1774305541863841153,1774305541869179242,5338
4237,1774305541870792024,1774305541875450650,4658
4238,1774305541877053689,1774305541881984727,4931
4239,1774305541883599716,1774305541890643625,7043
4240,1774305541892436155,1774305541897989613,5553
4241,1774305541899700005,1774305541904904689,5204
4242,1774305541906545736,1774305541911392654,4846
4243,1774305541913119687,1774305541920140800,7021
4244,1774305541921878708,1774305541926891073,5012
4245,1774305541928517799,1774305541934303510,5785
4246,1774305541936218528,1774305541941901367,5682
4247,1774305541943719529,1774305541949690182,5970
4248,1774305541951347025,1774305541957308675,5961
4249,1774305541959034671,1774305541963867627,4832
4250,1774305541965562795,1774305541970723814,5161
4251,1774305541972519819,1774305541977929470,5409
4252,1774305541979760364,1774305541985524492,5764
4253,1774305541987161534,1774305541991801867,4640
4254,1774305541993040427,1774305541998655141,5614
4255,1774305542000414507,1774305542005568885,5154
4256,1774305542007202349,1774305542012528459,5326
4257,1774305542014182609,1774305542019058699,4876
4258,1774305542020748220,1774305542025310060,4561
4259,1774305542027057189,1774305542032895032,5837
4260,1774305542034777649,1774305542040598515,5820
4261,1774305542042509732,1774305542048028972,5519
4262,1774305542049649143,1774305542054393129,4743
4263,1774305542056060018,1774305542060787498,4727
4264,1774305542062526358,1774305542069643500,7117
4265,1774305542071435073,1774305542076214250,4779
4266,1774305542077937692,1774305542083391845,5454
4267,1774305542085333454,1774305542091274326,5940
4268,1774305542093159469,1774305542100020921,6861
4269,1774305542101656068,1774305542107152320,5496
4270,1774305542108972543,1774305542113572091,4599
4271,1774305542115186288,1774305542122199361,7013
4272,1774305542123821058,1774305542130008566,6187
4273,1774305542131673523,1774305542136240692,4567
4274,1774305542137897349,1774305542144897588,7000
4275,1774305542146480654,1774305542151288335,4807
4276,1774305542152950337,1774305542158353278,5402
4277,1774305542159998928,1774305542164972828,4973
4278,1774305542166613121,1774305542173491939,6878
4279,1774305542175389447,1774305542180714550,5325
4280,1774305542182448037,1774305542187696804,5248
4281,1774305542189518343,1774305542195633657,6115
4282,1774305542197446061,1774305542203011518,5565
4283,1774305542204786239,1774305542210587189,5800
4284,1774305542212487542,1774305542217303096,4815
4285,1774305542219051989,1774305542224054976,5002
4286,1774305542225963933,1774305542232486059,6522
4287,1774305542234317598,1774305542239950194,5632
4288,1774305542241630737,1774305542246427398,4796
4289,1774305542248169998,1774305542253087099,4917
4290,1774305542254853955,1774305542260376618,5522
4291,1774305542262057773,1774305542267673281,5615
4292,1774305542269333973,1774305542275253591,5919
4293,1774305542276937698,1774305542281652121,4714
4294,1774305542282949897,1774305542288316620,5366
4295,1774305542290210952,1774305542296248397,6037
4296,1774305542297957160,1774305542304974804,7017
4297,1774305542306749874,1774305542312350216,5600
4298,1774305542314095524,1774305542319271118,5175
4299,1774305542321237540,1774305542328201432,6963
4300,1774305542329998338,1774305542335132658,5134
4301,1774305542336827397,1774305542342617773,5790
4302,1774305542344453521,1774305542350201637,5748
4303,1774305542351873134,1774305542356587859,4714
4304,1774305542358482558,1774305542365618044,7135
4305,1774305542367278911,1774305542372982384,5703
4306,1774305542374766582,1774305542380024620,5258
4307,1774305542381856043,1774305542387004406,5148
4308,1774305542388835708,1774305542394872851,6037
4309,1774305542396542319,1774305542403705497,7163
4310,1774305542405442097,1774305542410688406,5246
4311,1774305542412313876,1774305542416741395,4427
4312,1774305542418435372,1774305542423265101,4829
4313,1774305542424974634,1774305542429985169,5010
4314,1774305542431806417,1774305542437312738,5506
4315,1774305542439073221,1774305542444844782,5771
4316,1774305542446494600,1774305542451713877,5219
4317,1774305542453352757,1774305542458194991,4842
4318,1774305542459936680,1774305542464610221,4673
4319,1774305542466256881,1774305542473176850,6919
4320,1774305542474961522,1774305542480511596,5550
4321,1774305542482234966,1774305542487798527,5563
4322,1774305542489460960,1774305542495836261,6375
4323,1774305542497641363,1774305542502454373,4813
4324,1774305542504532545,1774305542510288457,5755
4325,1774305542512032579,1774305542517712542,5679
4326,1774305542519507600,1774305542526631286,7123
4327,1774305542528309920,1774305542534739997,6430
4328,1774305542536324878,1774305542541911963,5587
4329,1774305542543604422,1774305542548436269,4831
4330,1774305542549847988,1774305542555014665,5166
4331,1774305542556583760,1774305542561260060,4676
4332,1774305542562838226,1774305542567502200,4663
4333,1774305542569145177,1774305542574817485,5672
4334,1774305542576657627,1774305542583096336,6438
4335,1774305542584834555,1774305542590551780,5717
4336,1774305542592293152,1774305542597255421,4962
4337,1774305542598939680,1774305542604566305,5626
4338,1774305542606498382,1774305542611834397,5336
4339,1774305542613770246,1774305542620035587,6265
4340,1774305542621888491,1774305542627291714,5403
4341,1774305542628996927,1774305542634131373,5134
4342,1774305542635783383,1774305542641386518,5603
4343,1774305542643275176,1774305542650092002,6816
4344,1774305542651772610,1774305542658665625,6893
4345,1774305542660276607,1774305542665540599,5263
4346,1774305542667197746,1774305542672401096,5203
4347,1774305542673906454,1774305542678489140,4582
4348,1774305542680092751,1774305542685266395,5173
4349,1774305542686677830,1774305542691424599,4746
4350,1774305542693041358,1774305542697593632,4552
4351,1774305542699179795,1774305542703880213,4700
4352,1774305542705642850,1774305542712108646,6465
4353,1774305542713788762,1774305542719547049,5758
4354,1774305542721146917,1774305542726336745,5189
4355,1774305542727953276,1774305542733500239,5546
4356,1774305542735124396,1774305542740023449,4899
4357,1774305542741673754,1774305542746338331,4664
4358,1774305542748028875,1774305542754918298,6889
4359,1774305542756584714,1774305542762544932,5960
4360,1774305542764287043,1774305542769535225,5248
4361,1774305542771513794,1774305542776776705,5262
4362,1774305542778445564,1774305542783337524,4891
4363,1774305542785213939,1774305542790110926,4896
4364,1774305542791815114,1774305542796940255,5125
4365,1774305542798566115,1774305542805674547,7108
4366,1774305542807410628,1774305542812313625,4902
4367,1774305542813836265,1774305542819618190,5781
4368,1774305542821096945,1774305542825879099,4782
4369,1774305542826910876,1774305542831100732,4189
4370,1774305542832753543,1774305542837344671,4591
4371,1774305542839007630,1774305542845801179,6793
4372,1774305542847443180,1774305542852843403,5400
4373,1774305542854608383,1774305542859580788,4972
4374,1774305542861198923,1774305542866318568,5119
4375,1774305542868037232,1774305542872567353,4530
4376,1774305542874190442,1774305542879235066,5044
4377,1774305542880929383,1774305542885616855,4687
4378,1774305542887318698,1774305542893022583,5703
4379,1774305542894918222,1774305542901133450,6215
4380,1774305542902967413,1774305542908471819,5504
4381,1774305542910374537,1774305542915276308,4901
4382,1774305542917174194,1774305542923152577,5978
4383,1774305542924995902,1774305542931787784,6791
4384,1774305542933460024,1774305542938578702,5118
4385,1774305542940164427,1774305542945179657,5015
4386,1774305542946781294,1774305542951570579,4789
4387,1774305542953263181,1774305542958546215,5283
4388,1774305542960213607,1774305542965652275,5438
4389,1774305542967264096,1774305542972601880,5337
4390,1774305542974204699,1774305542978862166,4657
4391,1774305542980784254,1774305542985402457,4618
4392,1774305542987333686,1774305542993171423,5837
4393,1774305542994980963,1774305542999747207,4766
4394,1774305543001406479,1774305543006622184,5215
4395,1774305543008420165,1774305543015668583,7248
4396,1774305543017517651,1774305543023236160,5718
4397,1774305543024941238,1774305543029960536,5019
4398,1774305543031807981,1774305543036642596,4834
4399,1774305543038297594,1774305543043286296,4988
4400,1774305543045041169,1774305543049724666,4683
4401,1774305543051501427,1774305543056995802,5494
4402,1774305543058950057,1774305543063971024,5020
4403,1774305543065658673,1774305543072853460,7194
4404,1774305543074562226,1774305543080088993,5526
4405,1774305543081768573,1774305543086420900,4652
4406,1774305543088186421,1774305543093123781,4937
4407,1774305543094343941,1774305543098848585,4504
4408,1774305543100475981,1774305543105271951,4795
4409,1774305543106973619,1774305543111563656,4590
4410,1774305543113221199,1774305543119396486,6175
4411,1774305543121142895,1774305543127265805,6122
4412,1774305543129042908,1774305543133790627,4747
4413,1774305543135466837,1774305543140376915,4910
4414,1774305543142116373,1774305543148744225,6627
4415,1774305543150478222,1774305543156255969,5777
4416,1774305543158044576,1774305543163154137,5109
4417,1774305543164813364,1774305543169988054,5174
4418,1774305543171797704,1774305543177435013,5637
4419,1774305543179230299,1774305543185109384,5879
4420,1774305543186978571,1774305543192962203,5983
4421,1774305543194600703,1774305543199368247,4767
4422,1774305543201056602,1774305543206414162,5357
4423,1774305543208221866,1774305543212861431,4639
4424,1774305543214573185,1774305543220049417,5476
4425,1774305543221734055,1774305543226454944,4720
4426,1774305543228082227,1774305543233628174,5545
4427,1774305543235371067,1774305543239802954,4431
4428,1774305543241241773,1774305543248068252,6826
4429,1774305543249749508,1774305543254529927,4780
4430,1774305543256166652,1774305543263545333,7378
4431,1774305543265307228,1774305543272092607,6785
4432,1774305543274018087,1774305543278820287,4802
4433,1774305543280507279,1774305543287455929,6948
4434,1774305543289458436,1774305543295516655,6058
4435,1774305543297267588,1774305543302353387,5085
4436,1774305543304067842,1774305543309008186,4940
4437,1774305543310624992,1774305543315934600,5309
4438,1774305543317717166,1774305543323057016,5339
4439,1774305543324960191,1774305543330035916,5075
4440,1774305543331711309,1774305543337566438,5855
4441,1774305543339369184,1774305543345060730,5691
4442,1774305543346756499,1774305543352274773,5518
4443,1774305543353706807,1774305543359562792,5855
4444,1774305543361343893,1774305543366378379,5034
4445,1774305543368171024,1774305543373018735,4847
4446,1774305543374489783,1774305543380109550,5619
4447,1774305543381699761,1774305543386887895,5188
4448,1774305543388606340,1774305543395528811,6922
4449,1774305543397376614,1774305543403979323,6602
4450,1774305543405663835,1774305543410520267,4856
4451,1774305543412258198,1774305543417579906,5321
4452,1774305543419256848,1774305543426018573,6761
4453,1774305543427938007,1774305543434168734,6230
4454,1774305543436110824,1774305543441484255,5373
4455,1774305543443213466,1774305543448165642,4952
4456,1774305543449862193,1774305543454621795,4759
4457,1774305543456292359,1774305543463399743,7107
4458,1774305543465094862,1774305543469998299,4903
4459,1774305543471748433,1774305543478737611,6989
4460,1774305543480425174,1774305543487392556,6967
4461,1774305543489099486,1774305543496116822,7017
4462,1774305543497724212,1774305543504045623,6321
4463,1774305543505665341,1774305543510445589,4780
4464,1774305543512349849,1774305543519407693,7057
4465,1774305543521103112,1774305543526510122,5407
4466,1774305543528252815,1774305543533594407,5341
4467,1774305543535520968,1774305543540661942,5140
4468,1774305543542299497,1774305543547606393,5306
4469,1774305543549355462,1774305543555259298,5903
4470,1774305543557014031,1774305543562200719,5186
4471,1774305543564169731,1774305543569324314,5154
4472,1774305543571041048,1774305543576024732,4983
4473,1774305543577706821,1774305543584983593,7276
4474,1774305543586767636,1774305543592134575,5366
4475,1774305543593778215,1774305543598630043,4851
4476,1774305543600523650,1774305543605451711,4928
4477,1774305543607300760,1774305543612956270,5655
4478,1774305543614639745,1774305543619330268,4690
4479,1774305543621090097,1774305543625933926,4843
4480,1774305543627583826,1774305543632030868,4447
4481,1774305543633621160,1774305543640626398,7005
4482,1774305543642269086,1774305543647330537,5061
4483,1774305543648972135,1774305543654352901,5380
4484,1774305543655954323,1774305543661046550,5092
4485,1774305543662601086,1774305543669469965,6868
4486,1774305543671301565,1774305543677952326,6650
4487,1774305543679617925,1774305543684960009,5342
4488,1774305543686642132,1774305543691742466,5100
4489,1774305543693469751,1774305543699423008,5953
4490,1774305543701330945,1774305543707280381,5949
4491,1774305543708954943,1774305543713789633,4834
4492,1774305543715478923,1774305543720754756,5275
4493,1774305543722439174,1774305543728957573,6518
4494,1774305543730749217,1774305543736192170,5442
4495,1774305543737877340,1774305543743698637,5821
4496,1774305543745396728,1774305543751955020,6558
4497,1774305543753613819,1774305543759271959,5658
4498,1774305543760716165,1774305543766091571,5375
4499,1774305543767606136,1774305543772570878,4964
4500,1774305543774260811,1774305543779802079,5541
4501,1774305543781409337,1774305543787033184,5623
4502,1774305543788735547,1774305543793586141,4850
4503,1774305543795297840,1774305543800167062,4869
4504,1774305543801759528,1774305543808120826,6361
4505,1774305543809875689,1774305543815786155,5910
4506,1774305543817514324,1774305543824451848,6937
4507,1774305543826052036,1774305543831548968,5496
4508,1774305543833353205,1774305543839070270,5717
4509,1774305543840834717,1774305543846671051,5836
4510,1774305543848413730,1774305543853947557,5533
4511,1774305543855625443,1774305543860408240,4782
4512,1774305543862053492,1774305543867594105,5540
4513,1774305543869410960,1774305543875204813,5793
4514,1774305543876932852,1774305543882348031,5415
4515,1774305543884033926,1774305543888667795,4633
4516,1774305543890374914,1774305543895261967,4887
4517,1774305543896960885,1774305543903939061,6978
4518,1774305543905526737,1774305543910062483,4535
4519,1774305543911883453,1774305543919013699,7130
4520,1774305543920556892,1774305543926060914,5504
4521,1774305543927658990,1774305543932424404,4765
4522,1774305543934128787,1774305543939111110,4982
4523,1774305543940903540,1774305543945705337,4801
4524,1774305543947342278,1774305543953502170,6159
4525,1774305543955279365,1774305543961186578,5907
4526,1774305543962896177,1774305543967649546,4753
4527,1774305543969282072,1774305543974807691,5525
4528,1774305543976726675,1774305543983949008,7222
4529,1774305543985652966,1774305543991198784,5545
4530,1774305543992944840,1774305543997719668,4774
4531,1774305543999369084,1774305544006183072,6813
4532,1774305544007895210,1774305544013127965,5232
4533,1774305544014849884,1774305544021940146,7090
4534,1774305544023658942,1774305544028549774,4890
4535,1774305544030260273,1774305544035484148,5223
4536,1774305544037092404,1774305544041739469,4647
4537,1774305544043463492,1774305544048303028,4839
4538,1774305544050260762,1774305544055514639,5253
4539,1774305544057181338,1774305544062681306,5499
4540,1774305544064385940,1774305544069967633,5581
4541,1774305544071691812,1774305544077316829,5625
4542,1774305544079108771,1774305544084029407,4920
4543,1774305544085681331,1774305544090503678,4822
4544,1774305544092352897,1774305544097798134,5445
4545,1774305544099653476,1774305544106070189,6416
4546,1774305544107737423,1774305544113654428,5917
4547,1774305544115333073,1774305544120238960,4905
4548,1774305544121918869,1774305544126999830,5080
4549,1774305544128723619,1774305544135866685,7143
4550,1774305544137773710,1774305544142638989,4865
4551,1774305544144313232,1774305544150289078,5975
4552,1774305544151985594,1774305544156683705,4698
4553,1774305544158334780,1774305544163548083,5213
4554,1774305544165450204,1774305544172540776,7090
4555,1774305544174256061,1774305544179616621,5360
4556,1774305544181391403,1774305544186919394,5527
4557,1774305544188591495,1774305544193671977,5080
4558,1774305544195275187,1774305544200880974,5605
4559,1774305544202472293,1774305544207770673,5298
4560,1774305544209484250,1774305544214973645,5489
4561,1774305544216738280,1774305544223768571,7030
4562,1774305544225593179,1774305544230619919,5026
4563,1774305544232301932,1774305544238489963,6188
4564,1774305544240297667,1774305544247105394,6807
4565,1774305544248861899,1774305544253866334,5004
4566,1774305544255792853,1774305544261941648,6148
4567,1774305544263663360,1774305544268697180,5033
4568,1774305544270404212,1774305544275676094,5271
4569,1774305544277310300,1774305544282132049,4821
4570,1774305544283782924,1774305544288471843,4688
4571,1774305544290065851,1774305544294664993,4599
4572,1774305544296297406,1774305544303141457,6844
4573,1774305544304958765,1774305544311959361,7000
4574,1774305544313599186,1774305544318485160,4885
4575,1774305544320132704,1774305544324626678,4493
4576,1774305544326254343,1774305544330813717,4559
4577,1774305544332527672,1774305544338016870,5489
4578,1774305544339495406,1774305544344803999,5308
4579,1774305544346579118,1774305544351450479,4871
4580,1774305544353070047,1774305544358804018,5733
4581,1774305544360716005,1774305544365916879,5200
4582,1774305544367574539,1774305544372969900,5395
4583,1774305544374732820,1774305544381583906,6851
4584,1774305544383412141,1774305544388419962,5007
4585,1774305544390276140,1774305544396038356,5762
4586,1774305544397702058,1774305544403208961,5506
4587,1774305544404851211,1774305544409852761,5001
4588,1774305544411582197,1774305544416705552,5123
4589,1774305544418690871,1774305544424338047,5647
4590,1774305544426430811,1774305544432009774,5578
4591,1774305544433728766,1774305544439443905,5715
4592,1774305544441246609,1774305544447458424,6211
4593,1774305544449113856,1774305544453775096,4661
4594,1774305544455114963,1774305544459972704,4857
4595,1774305544461709337,1774305544466609599,4900
4596,1774305544468015572,1774305544472437709,4422
4597,1774305544474009356,1774305544479324017,5314
4598,1774305544480954829,1774305544486038036,5083
4599,1774305544487741910,1774305544492805338,5063
4600,1774305544494439410,1774305544500197643,5758
4601,1774305544501921290,1774305544506549648,4628
4602,1774305544508167645,1774305544513530566,5362
4603,1774305544515322346,1774305544522743116,7420
4604,1774305544524653671,1774305544529760704,5107
4605,1774305544531430624,1774305544536366600,4935
4606,1774305544538059560,1774305544542863035,4803
4607,1774305544544590432,1774305544551816768,7226
4608,1774305544553482721,1774305544558974809,5492
4609,1774305544560642673,1774305544565793316,5150
4610,1774305544567468596,1774305544572222839,4754
4611,1774305544573935708,1774305544578797787,4862
4612,1774305544580425087,1774305544585062252,4637
4613,1774305544586819625,1774305544593833942,7014
4614,1774305544595603597,1774305544601017999,5414
4615,1774305544602706867,1774305544607775657,5068
4616,1774305544609356017,1774305544614236947,4880
4617,1774305544615777275,1774305544620412104,4634
4618,1774305544621970276,1774305544627009359,5039
4619,1774305544628764251,1774305544634247332,5483
4620,1774305544636179108,1774305544642183246,6004
4621,1774305544643978450,1774305544649636411,5657
4622,1774305544651308230,1774305544656217525,4909
4623,1774305544657897573,1774305544663035281,5137
4624,1774305544664641753,1774305544670482571,5840
4625,1774305544672374418,1774305544678481939,6107
4626,1774305544680170451,1774305544685715673,5545
4627,1774305544687386323,1774305544692735374,5349
4628,1774305544694554574,1774305544700605119,6050
4629,1774305544702430197,1774305544707722847,5292
4630,1774305544709557938,1774305544716420071,6862
4631,1774305544718118212,1774305544723081550,4963
4632,1774305544724581475,1774305544729940975,5359
4633,1774305544731387773,1774305544736928104,5540
4634,1774305544738612767,1774305544743387042,4774
4635,1774305544744975458,1774305544750266247,5290
4636,1774305544751878630,1774305544756912643,5034
4637,1774305544758472314,1774305544765180146,6707
4638,1774305544766820130,1774305544771907780,5087
4639,1774305544773579951,1774305544780433235,6853
4640,1774305544782175974,1774305544788987495,6811
4641,1774305544790668519,1774305544795297772,4629
4642,1774305544796931293,1774305544803668369,6737
4643,1774305544805417101,1774305544812360489,6943
4644,1774305544814166263,1774305544819398429,5232
4645,1774305544821142196,1774305544827090623,5948
4646,1774305544828741909,1774305544833441176,4699
4647,1774305544835134383,1774305544840594921,5460
4648,1774305544842404533,1774305544848243021,5838
4649,1774305544849944963,1774305544855327823,5382
4650,1774305544857147077,1774305544863128818,5981
4651,1774305544864745746,1774305544869840775,5095
4652,1774305544871662110,1774305544876898774,5236
4653,1774305544878547271,1774305544883334508,4787
4654,1774305544884836584,1774305544889519346,4682
4655,1774305544891089495,1774305544895602190,4512
4656,1774305544897204441,1774305544902906113,5701
4657,1774305544904712344,1774305544911006898,6294
4658,1774305544912638569,1774305544918678651,6040
4659,1774305544920494090,1774305544925996434,5502
4660,1774305544927682919,1774305544932591800,4908
4661,1774305544934262302,1774305544940324004,6061
4662,1774305544942187082,1774305544948154651,5967
4663,1774305544950096708,1774305544956057010,5960
4664,1774305544957724855,1774305544962683285,4958
4665,1774305544964534892,1774305544969583186,5048
4666,1774305544971341534,1774305544977003850,5662
4667,1774305544979009582,1774305544984612208,5602
4668,1774305544986262697,1774305544993560799,7298
4669,1774305544995377653,1774305545000841130,5463
4670,1774305545002517729,1774305545008591059,6073
4671,1774305545010341353,1774305545015447652,5106
4672,1774305545017113929,1774305545021707854,4593
4673,1774305545023558536,1774305545029032494,5473
4674,1774305545030676978,1774305545036176653,5499
4675,1774305545037771992,1774305545042384606,4612
4676,1774305545043994512,1774305545049440793,5446
4677,1774305545051095267,1774305545057175716,6080
4678,1774305545058986998,1774305545065208588,6221
4679,1774305545066848251,1774305545071528561,4680
4680,1774305545073266174,1774305545078616919,5350
4681,1774305545080379947,1774305545086186616,5806
4682,1774305545087935306,1774305545094934072,6998
4683,1774305545096585711,1774305545102031134,5445
4684,1774305545103588978,1774305545109312071,5723
4685,1774305545111115089,1774305545116236164,5121
4686,1774305545118171272,1774305545123831202,5659
4687,1774305545125692559,1774305545132742080,7049
4688,1774305545134384043,1774305545139568951,5184
4689,1774305545141204391,1774305545146135822,4931
4690,1774305545147870523,1774305545152516941,4646
4691,1774305545154087652,1774305545159762493,5674
4692,1774305545161297961,1774305545165883415,4585
4693,1774305545167414769,1774305545172598352,5183
4694,1774305545174339783,1774305545179584225,5244
4695,1774305545181275669,1774305545186675966,5400
4696,1774305545188347930,1774305545193198889,4850
4697,1774305545195195222,1774305545202520370,7325
4698,1774305545204206609,1774305545209169637,4963
4699,1774305545211023492,1774305545216314074,5290
4700,1774305545218185253,1774305545225086709,6901
4701,1774305545226756928,1774305545232837619,6080
4702,1774305545234786689,1774305545240273897,5487
4703,1774305545242048560,1774305545246780910,4732
4704,1774305545248422747,1774305545253201216,4778
4705,1774305545254954501,1774305545261947314,6992
4706,1774305545263633891,1774305545269973149,6339
4707,1774305545271609067,1774305545278683670,7074
4708,1774305545280309783,1774305545285260912,4951
4709,1774305545286916715,1774305545292531896,5615
4710,1774305545294200915,1774305545299149622,4948
4711,1774305545300787551,1774305545305842865,5055
4712,1774305545307523408,1774305545314486004,6962
4713,1774305545316272960,1774305545323113548,6840
4714,1774305545324764608,1774305545330118038,5353
4715,1774305545331798838,1774305545338088036,6289
4716,1774305545339817608,1774305545344571713,4754
4717,1774305545346258297,1774305545351589913,5331
4718,1774305545353376741,1774305545360275594,6898
4719,1774305545362026995,1774305545367696989,5669
4720,1774305545369358958,1774305545375031534,5672
4721,1774305545376651095,1774305545381564312,4913
4722,1774305545383431321,1774305545388881737,5450
4723,1774305545390760520,1774305545395669049,4908
4724,1774305545397312678,1774305545402310072,4997
4725,1774305545404125786,1774305545411465736,7339
4726,1774305545413241883,1774305545418001776,4759
4727,1774305545419486048,1774305545425037805,5551
4728,1774305545426692269,1774305545431115917,4423
4729,1774305545432767983,1774305545437996442,5228
4730,1774305545439422675,1774305545444326438,4903
4731,1774305545445996618,1774305545450535962,4539
4732,1774305545452183685,1774305545456740306,4556
4733,1774305545458480242,1774305545463397547,4917
4734,1774305545465102469,1774305545472021107,6918
4735,1774305545473716737,1774305545479128075,5411
4736,1774305545480790302,1774305545486255721,5465
4737,1774305545488017883,1774305545492741948,4724
4738,1774305545494411309,1774305545499332119,4920
4739,1774305545500971925,1774305545506552352,5580
4740,1774305545508319035,1774305545515202119,6883
4741,1774305545517015072,1774305545522656382,5641
4742,1774305545524591995,1774305545530270915,5678
4743,1774305545532097431,1774305545537485470,5388
4744,1774305545539209120,1774305545546426004,7216
4745,1774305545547878717,1774305545553575676,5696
4746,1774305545555092279,1774305545559704034,4611
4747,1774305545561258793,1774305545566218565,4959
4748,1774305545567788675,1774305545573029800,5241
4749,1774305545574844973,1774305545581115939,6270
4750,1774305545582767645,1774305545588580419,5812
4751,1774305545590352121,1774305545595168360,4816
4752,1774305545596874821,1774305545602361301,5486
4753,1774305545604189778,1774305545609864586,5674
4754,1774305545611613221,1774305545617615938,6002
4755,1774305545619563217,1774305545625443518,5880
4756,1774305545627123307,1774305545633254148,6130
4757,1774305545635048495,1774305545640140514,5092
4758,1774305545641818977,1774305545647062350,5243
4759,1774305545648907201,1774305545654749062,5841
4760,1774305545656510417,1774305545661880012,5369
4761,1774305545663559339,1774305545668447296,4887
4762,1774305545670321870,1774305545675649249,5327
4763,1774305545677497015,1774305545682802881,5305
4764,1774305545684323827,1774305545690235397,5911
4765,1774305545691837294,1774305545696766747,4929
4766,1774305545698497487,1774305545703363478,4865
4767,1774305545704976821,1774305545709727913,4751
4768,1774305545711380398,1774305545716348419,4968
4769,1774305545718110722,1774305545723375016,5264
4770,1774305545724826921,1774305545730459706,5632
4771,1774305545732190683,1774305545738733676,6542
4772,1774305545740379685,1774305545745197239,4817
4773,1774305545747049102,1774305545752434705,5385
4774,1774305545754310376,1774305545760163404,5853
4775,1774305545761946680,1774305545768102625,6155
4776,1774305545769983459,1774305545777162655,7179
4777,1774305545778993456,1774305545783775915,4782
4778,1774305545785657909,1774305545791971154,6313
4779,1774305545793710905,1774305545799167484,5456
4780,1774305545800802569,1774305545806256441,5453
4781,1774305545808006916,1774305545812674968,4668
4782,1774305545814328022,1774305545819108881,4780
4783,1774305545820831911,1774305545825450696,4618
4784,1774305545827124947,1774305545831737890,4612
4785,1774305545833416300,1774305545838387716,4971
4786,1774305545840086567,1774305545844891472,4804
4787,1774305545846546741,1774305545852102356,5555
4788,1774305545853702828,1774305545859121931,5419
4789,1774305545860720470,1774305545865274647,4554
4790,1774305545866954325,1774305545872106880,5152
4791,1774305545873907126,1774305545879048995,5141
4792,1774305545880755935,1774305545887030349,6274
4793,1774305545888805747,1774305545893636635,4830
4794,1774305545895284629,1774305545900656170,5371
4795,1774305545902591948,1774305545908999569,6407
4796,1774305545910867207,1774305545915872311,5005
4797,1774305545917739498,1774305545923452624,5713
4798,1774305545925132335,1774305545931272772,6140
4799,1774305545932916751,1774305545937703997,4787
4800,1774305545939350112,1774305545944625862,5275
4801,1774305545946531623,1774305545951624591,5092
4802,1774305545953352170,1774305545957840345,4488
4803,1774305545959519618,1774305545964284521,4764
4804,1774305545965905763,1774305545970907335,5001
4805,1774305545972346364,1774305545976744023,4397
4806,1774305545978245923,1774305545983065770,4819
4807,1774305545984721412,1774305545989731296,5009
4808,1774305545991479016,1774305545996621607,5142
4809,1774305545998406247,1774305546005486976,7080
4810,1774305546007491258,1774305546012727677,5236
4811,1774305546014485802,1774305546020532237,6046
4812,1774305546022348380,1774305546027370925,5022
4813,1774305546029369881,1774305546034422886,5053
4814,1774305546036185117,1774305546041770844,5585
4815,1774305546043685691,1774305546048823713,5138
4816,1774305546050617157,1774305546055435359,4818
4817,1774305546057167051,1774305546063946479,6779
4818,1774305546065618703,1774305546070330265,4711
4819,1774305546072104336,1774305546077232351,5128
4820,1774305546078817258,1774305546084665911,5848
4821,1774305546086468235,1774305546091274552,4806
4822,1774305546092917986,1774305546100020951,7102
4823,1774305546101672365,1774305546106392775,4720
4824,1774305546108017136,1774305546112714295,4697
4825,1774305546114425157,1774305546119579650,5154
4826,1774305546121042553,1774305546125453766,4411
4827,1774305546126985522,1774305546131956116,4970
4828,1774305546133491108,1774305546138578513,5087
4829,1774305546140294894,1774305546145221538,4926
4830,1774305546146924525,1774305546151735673,4811
4831,1774305546153417293,1774305546160457373,7040
4832,1774305546162193714,1774305546167817125,5623
4833,1774305546169488262,1774305546174737327,5249
4834,1774305546176407862,1774305546181286726,4878
4835,1774305546182930078,1774305546187690123,4760
4836,1774305546189572161,1774305546194376262,4804
4837,1774305546196289077,1774305546201500869,5211
4838,1774305546203436186,1774305546210162669,6726
4839,1774305546212068004,1774305546217248432,5180
4840,1774305546218965420,1774305546223779507,4814
4841,1774305546225639464,1774305546232881138,7241
4842,1774305546234729823,1774305546239358090,4628
4843,1774305546241069414,1774305546246074280,5004
4844,1774305546247670455,1774305546252840640,5170
4845,1774305546254493549,1774305546259192973,4699
4846,1774305546260807623,1774305546265499970,4692
4847,1774305546267043069,1774305546271573535,4530
4848,1774305546273392213,1774305546278645958,5253
4849,1774305546280363229,1774305546286123765,5760
4850,1774305546287839656,1774305546292522250,4682
4851,1774305546294252526,1774305546299431215,5178
4852,1774305546301339671,1774305546306704019,5364
4853,1774305546308585278,1774305546313435255,4849
4854,1774305546315101891,1774305546322130153,7028
4855,1774305546323845796,1774305546329685193,5839
4856,1774305546331362111,1774305546337551337,6189
4857,1774305546339480111,1774305546346476529,6996
4858,1774305546348462825,1774305546353201993,4739
4859,1774305546354849593,1774305546361186399,6336
4860,1774305546362820856,1774305546368338980,5518
4861,1774305546369883475,1774305546375710852,5827
4862,1774305546377782471,1774305546382496424,4713
4863,1774305546384168109,1774305546389065093,4896
4864,1774305546390711388,1774305546396232408,5521
4865,1774305546397720284,1774305546403187100,5466
4866,1774305546404812299,1774305546409432422,4620
4867,1774305546411168668,1774305546416106365,4937
4868,1774305546417759521,1774305546423483691,5724
4869,1774305546425263504,1774305546430234499,4970
4870,1774305546431933983,1774305546436994087,5060
4871,1774305546438865813,1774305546445643198,6777
4872,1774305546447476942,1774305546452382793,4905
4873,1774305546454118077,1774305546459734243,5616
4874,1774305546461535576,1774305546468591723,7056
4875,1774305546470598894,1774305546476894623,6295
4876,1774305546478599037,1774305546484118983,5519
4877,1774305546485770917,1774305546490518846,4747
4878,1774305546492158125,1774305546498676512,6518
4879,1774305546500427480,1774305546506821448,6393
4880,1774305546508544860,1774305546513762795,5217
4881,1774305546515442645,1774305546520687834,5245
4882,1774305546522453559,1774305546528068697,5615
4883,1774305546529706151,1774305546534453489,4747
4884,1774305546536058783,1774305546541299156,5240
4885,1774305546542932371,1774305546547558012,4625
4886,1774305546549350675,1774305546555124637,5773
4887,1774305546556901774,1774305546562617622,5715
4888,1774305546564244413,1774305546569088239,4843
4889,1774305546570867505,1774305546575889697,5022
4890,1774305546577745679,1774305546583092634,5346
4891,1774305546584833721,1774305546591090303,6256
4892,1774305546592722417,1774305546598116859,5394
4893,1774305546599732556,1774305546604846890,5114
4894,1774305546606489263,1774305546611251250,4761
4895,1774305546612898844,1774305546617514270,4615
4896,1774305546619154502,1774305546624214276,5059
4897,1774305546625931649,1774305546631607532,5675
4898,1774305546633275114,1774305546640124685,6849
4899,1774305546641907259,1774305546646420220,4512
4900,1774305546647783292,1774305546653413482,5630
4901,1774305546655244437,1774305546660535042,5290
4902,1774305546662214326,1774305546666980846,4766
4903,1774305546668408001,1774305546673045739,4637
4904,1774305546674655845,1774305546681012237,6356
4905,1774305546682706566,1774305546687454950,4748
4906,1774305546689163921,1774305546694147151,4983
4907,1774305546695783861,1774305546702765888,6982
4908,1774305546704480283,1774305546711485061,7004
4909,1774305546713238971,1774305546718167259,4928
4910,1774305546719843915,1774305546727108174,7264
4911,1774305546728708257,1774305546734294661,5586
4912,1774305546735830074,1774305546741519867,5689
4913,1774305546743253615,1774305546748113730,4860
4914,1774305546749763439,1774305546754466565,4703
4915,1774305546756119370,1774305546763061854,6942
4916,1774305546764739055,1774305546770021422,5282
4917,1774305546771691298,1774305546777265595,5574
4918,1774305546778971596,1774305546784891043,5919
4919,1774305546786547940,1774305546791026742,4478
4920,1774305546792634438,1774305546797735622,5101
4921,1774305546799172934,1774305546804148900,4975
4922,1774305546805847619,1774305546810238750,4391
4923,1774305546811726723,1774305546816777146,5050
4924,1774305546818323892,1774305546823031429,4707
4925,1774305546824465834,1774305546830459816,5993
4926,1774305546832080631,1774305546838154725,6074
4927,1774305546839848391,1774305546844496931,4648
4928,1774305546846250873,1774305546853132439,6881
4929,1774305546854878983,1774305546860217894,5338
4930,1774305546862052342,1774305546867752955,5700
4931,1774305546869492861,1774305546875815451,6322
4932,1774305546877727288,1774305546883351240,5623
4933,1774305546885044680,1774305546890726331,5681
4934,1774305546892398210,1774305546897752278,5354
4935,1774305546899415333,1774305546904428452,5013
4936,1774305546906129023,1774305546911794900,5665
4937,1774305546913753268,1774305546919543613,5790
4938,1774305546921291662,1774305546926823107,5531
4939,1774305546928420395,1774305546933646181,5225
4940,1774305546935329187,1774305546940977197,5648
4941,1774305546942738825,1774305546947405904,4667
4942,1774305546948977423,1774305546953478130,4500
4943,1774305546954873823,1774305546960457286,5583
4944,1774305546962119655,1774305546968173576,6053
4945,1774305546970029752,1774305546975406076,5376
4946,1774305546977141005,1774305546982182421,5041
4947,1774305546983936678,1774305546988879172,4942
4948,1774305546990591107,1774305546997643511,7052
4949,1774305546999488410,1774305547005351176,5862
4950,1774305547007217327,1774305547012272708,5055
4951,1774305547013954531,1774305547019950486,5995
4952,1774305547021644143,1774305547028867739,7223
4953,1774305547031043534,1774305547036848531,5804
4954,1774305547038529323,1774305547044954429,6425
4955,1774305547046648588,1774305547053787314,7138
4956,1774305547055486633,1774305547061030993,5544
4957,1774305547062611144,1774305547068177263,5566
4958,1774305547069792031,1774305547074461510,4669
4959,1774305547075951244,1774305547080991243,5039
4960,1774305547082573906,1774305547087343132,4769
4961,1774305547088930577,1774305547094392334,5461
4962,1774305547096112040,1774305547102936273,6824
4963,1774305547104828625,1774305547109867607,5038
4964,1774305547111521236,1774305547116934032,5412
4965,1774305547118628701,1774305547125655696,7026
4966,1774305547127510564,1774305547132252412,4741
4967,1774305547134021546,1774305547139038062,5016
4968,1774305547140721536,1774305547145871735,5150
4969,1774305547147612903,1774305547152420666,4807
4970,1774305547154027391,1774305547160942228,6914
4971,1774305547162589758,1774305547167379010,4789
4972,1774305547169056932,1774305547175928622,6871
4973,1774305547177606782,1774305547182486342,4879
4974,1774305547184315502,1774305547191394601,7079
4975,1774305547192826519,1774305547198170144,5343
4976,1774305547199758549,1774305547204948670,5190
4977,1774305547206542671,1774305547211295918,4753
4978,1774305547212994820,1774305547217989729,4994
4979,1774305547219617061,1774305547225196860,5579
4980,1774305547226816765,1774305547232510886,5694
4981,1774305547234255458,1774305547239586222,5330
4982,1774305547241452568,1774305547248481674,7029
4983,1774305547250447220,1774305547256972119,6524
4984,1774305547258656217,1774305547264578146,5921
4985,1774305547266427488,1774305547271433086,5005
4986,1774305547273256849,1774305547278381399,5124
4987,1774305547280312279,1774305547286198305,5886
4988,1774305547288108836,1774305547293724591,5615
4989,1774305547295508904,1774305547301407667,5898
4990,1774305547303049923,1774305547307943221,4893
4991,1774305547309642705,1774305547314831041,5188
4992,1774305547316477735,1774305547322360657,5882
4993,1774305547324055507,1774305547328999302,4943
4994,1774305547330354450,1774305547335509775,5155
4995,1774305547337114530,1774305547343453931,6339
4996,1774305547344973328,1774305547350233556,5260
4997,1774305547351884963,1774305547357115209,5230
4998,1774305547358735666,1774305547365610914,6875
4999,1774305547367198463,1774305547372148327,4949
5000,1774305547373822769,1774305547379445398,5622
5001,1774305547381114197,1774305547387902746,6788
5002,1774305547389563304,1774305547394390872,4827
5003,1774305547396281467,1774305547403378830,7097
5004,1774305547405089330,1774305547410708858,5619
5005,1774305547412411692,1774305547417852644,5440
5006,1774305547419516839,1774305547426684183,7167
5007,1774305547428539561,1774305547433976306,5436
5008,1774305547435651951,1774305547441103646,5451
5009,1774305547442884402,1774305547447660259,4775
5010,1774305547449340727,1774305547454343733,5003
5011,1774305547456112701,1774305547463129293,7016
5012,1774305547464861449,1774305547469340163,4478
5013,1774305547471086938,1774305547476071012,4984
5014,1774305547477822434,1774305547483218139,5395
5015,1774305547484810271,1774305547490536044,5725
5016,1774305547492129331,1774305547497436621,5307
5017,1774305547499001041,1774305547504604977,5603
5018,1774305547506332023,1774305547511237162,4905
5019,1774305547512865836,1774305547517984716,5118
5020,1774305547519658728,1774305547524562940,4904
5021,1774305547526388507,1774305547532116511,5728
5022,1774305547533805149,1774305547539984898,6179
5023,1774305547541965818,1774305547547276423,5310
5024,1774305547548952178,1774305547554115835,5163
5025,1774305547555790880,1774305547562677474,6886
5026,1774305547564548478,1774305547569318665,4770
5027,1774305547571125089,1774305547577167621,6042
5028,1774305547579078102,1774305547585808473,6730
5029,1774305547587555844,1774305547593025438,5469
5030,1774305547594783954,1774305547601784414,7000
5031,1774305547603480981,1774305547610033801,6552
5032,1774305547611628281,1774305547616539966,4911
5033,1774305547618172281,1774305547623525831,5353
5034,1774305547624919833,1774305547632105082,7185
5035,1774305547633742789,1774305547638933123,5190
5036,1774305547640580727,1774305547645460404,4879
5037,1774305547647221742,1774305547652680400,5458
5038,1774305547654613986,1774305547660982231,6368
5039,1774305547662683588,1774305547668572561,5888
5040,1774305547670304741,1774305547675332585,5027
5041,1774305547677047835,1774305547682025119,4977
5042,1774305547683628922,1774305547688920704,5291
5043,1774305547690804459,1774305547696285544,5481
5044,1774305547697935478,1774305547704284709,6349
5045,1774305547706125820,1774305547711818122,5692
5046,1774305547713475282,1774305547718334142,4858
5047,1774305547720013893,1774305547725100398,5086
5048,1774305547726846722,1774305547732565211,5718
5049,1774305547734156142,1774305547740008535,5852
5050,1774305547741631227,1774305547747351248,5720
5051,1774305547748984968,1774305547753429647,4444
5052,1774305547755049037,1774305547760518408,5469
5053,1774305547762114036,1774305547769183133,7069
5054,1774305547770600348,1774305547777405099,6804
5055,1774305547779022986,1774305547784081810,5058
5056,1774305547785739063,1774305547791290988,5551
5057,1774305547792937776,1774305547799816192,6878
5058,1774305547801674044,1774305547808553005,6878
5059,1774305547810328326,1774305547815700152,5371
5060,1774305547817368726,1774305547822627715,5258
5061,1774305547824291084,1774305547829911739,5620
5062,1774305547831750044,1774305547838061953,6311
5063,1774305547839736155,1774305547845341315,5605
5064,1774305547847338439,1774305547852648067,5309
5065,1774305547854335502,1774305547860453645,6118
5066,1774305547862488022,1774305547868119056,5631
5067,1774305547869813294,1774305547874845593,5032
5068,1774305547876523516,1774305547883655755,7132
5069,1774305547885416111,1774305547889973820,4557
5070,1774305547891573904,1774305547897402742,5828
5071,1774305547899025489,1774305547903929142,4903
5072,1774305547905442841,1774305547911347477,5904
5073,1774305547912964941,1774305547917511440,4546
5074,1774305547919114565,1774305547924477677,5363
5075,1774305547926095716,1774305547932926860,6831
5076,1774305547934846809,1774305547939914788,5067
5077,1774305547941794581,1774305547947271055,5476
5078,1774305547948933208,1774305547953973759,5040
5079,1774305547955625404,1774305547960367180,4741
5080,1774305547962116835,1774305547967792935,5676
5081,1774305547969668192,1774305547974686327,5018
5082,1774305547976539855,1774305547981520531,4980
5083,1774305547983426849,1774305547990477343,7050
5084,1774305547992173619,1774305547997236232,5062
5085,1774305547999141037,1774305548004494598,5353
5086,1774305548006178322,1774305548011380018,5201
5087,1774305548013088983,1774305548020318859,7229
5088,1774305548022113139,1774305548027822821,5709
5089,1774305548029424445,1774305548035478949,6054
5090,1774305548037110906,1774305548042007422,4896
5091,1774305548043514993,1774305548048072957,4557
5092,1774305548049817329,1774305548054428309,4610
5093,1774305548056138110,1774305548061274430,5136
5094,1774305548062945093,1774305548069758334,6813
5095,1774305548071684449,1774305548076831698,5147
5096,1774305548078650735,1774305548083573064,4922
5097,1774305548085284268,1774305548090393269,5109
5098,1774305548092294804,1774305548098024497,5729
5099,1774305548099681024,1774305548105188273,5507
5100,1774305548106839493,1774305548112330269,5490
5101,1774305548114121706,1774305548119175618,5053
5102,1774305548120898215,1774305548127673282,6775
5103,1774305548129589487,1774305548136577325,6987
5104,1774305548138288071,1774305548143499132,5211
5105,1774305548145257574,1774305548151148942,5891
5106,1774305548152961065,1774305548159982845,7021
5107,1774305548161729956,1774305548167082428,5352
5108,1774305548168693797,1774305548173528683,4834
5109,1774305548175198873,1774305548180167850,4968
5110,1774305548181745566,1774305548187012840,5267
5111,1774305548188743395,1774305548193541032,4797
5112,1774305548195272551,1774305548201878392,6605
5113,1774305548203538176,1774305548208698971,5160
5114,1774305548210321980,1774305548215507340,5185
5115,1774305548217152780,1774305548222712098,5559
5116,1774305548224473810,1774305548231255823,6782
5117,1774305548232976084,1774305548238692491,5716
5118,1774305548240480860,1774305548245264697,4783
5119,1774305548247040448,1774305548252097644,5057
5120,1774305548253952135,1774305548258917711,4965
5121,1774305548261011325,1774305548266369428,5358
5122,1774305548268127610,1774305548274321140,6193
5123,1774305548276118409,1774305548283009612,6891
5124,1774305548284691171,1774305548290307947,5616
5125,1774305548291919288,1774305548298069373,6150
5126,1774305548299776203,1774305548304501313,4725
5127,1774305548306175455,1774305548312033829,5858
5128,1774305548313411487,1774305548319274856,5863
5129,1774305548320866348,1774305548327067018,6200
5130,1774305548328731219,1774305548333453897,4722
5131,1774305548335140736,1774305548340527591,5386
5132,1774305548342288149,1774305548348124730,5836
5133,1774305548350021333,1774305548354824888,4803
5134,1774305548356485397,1774305548361340968,4855
5135,1774305548363080950,1774305548368792951,5712
5136,1774305548370784559,1774305548375908049,5123
5137,1774305548377578434,1774305548384002693,6424
5138,1774305548385857489,1774305548390851230,4993
5139,1774305548392522639,1774305548397765243,5242
5140,1774305548399630550,1774305548405011285,5380
5141,1774305548406732465,1774305548412650990,5918
5142,1774305548414432881,1774305548420230772,5797
5143,1774305548421933103,1774305548426649858,4716
5144,1774305548428306921,1774305548433544824,5237
5145,1774305548435313507,1774305548440560283,5246
5146,1774305548442212910,1774305548447742411,5529
5147,1774305548449456729,1774305548453974792,4518
5148,1774305548455439257,1774305548461013076,5573
5149,1774305548462640150,1774305548468642370,6002
5150,1774305548470422334,1774305548477236925,6814
5151,1774305548479206457,1774305548484892757,5686
5152,1774305548486623596,1774305548492731948,6108
5153,1774305548494414511,1774305548499595382,5180
5154,1774305548501349855,1774305548506602649,5252
5155,1774305548508209292,1774305548513861370,5652
5156,1774305548515543123,1774305548521881301,6338
5157,1774305548523527657,1774305548530612177,7084
5158,1774305548532432261,1774305548538124517,5692
5159,1774305548539851291,1774305548546244145,6392
5160,1774305548548080054,1774305548553484516,5404
5161,1774305548555239692,1774305548560149482,4909
5162,1774305548561907806,1774305548566636494,4728
5163,1774305548568363523,1774305548575482509,7118
5164,1774305548576982146,1774305548581957105,4974
5165,1774305548583465285,1774305548588383253,4917
5166,1774305548589991710,1774305548595257958,5266
5167,1774305548596666954,1774305548601903679,5236
5168,1774305548603567279,1774305548608577232,5009
5169,1774305548610311191,1774305548617373062,7061
5170,1774305548619025199,1774305548624051776,5026
5171,1774305548625730599,1774305548630474544,4743
5172,1774305548632550857,1774305548637932088,5381
5173,1774305548639806207,1774305548645288932,5482
5174,1774305548647172679,1774305548653959551,6786
5175,1774305548655729685,1774305548661113210,5383
5176,1774305548662779524,1774305548669012163,6232
5177,1774305548670793108,1774305548677575711,6782
5178,1774305548679334721,1774305548686486760,7152
5179,1774305548688267863,1774305548693669253,5401
5180,1774305548695747737,1774305548701533193,5785
5181,1774305548703381388,1774305548709292330,5910
5182,1774305548711083148,1774305548717109988,6026
5183,1774305548718737009,1774305548723504473,4767
5184,1774305548725139322,1774305548730438823,5299
5185,1774305548732056959,1774305548737663947,5606
5186,1774305548739259572,1774305548743847774,4588
5187,1774305548745552190,1774305548752704779,7152
5188,1774305548754363392,1774305548759648347,5284
5189,1774305548761312183,1774305548766646504,5334
5190,1774305548768338479,1774305548775311838,6973
5191,1774305548777096039,1774305548783869929,6773
5192,1774305548785567425,1774305548791035935,5468
5193,1774305548792804253,1774305548799652859,6848
5194,1774305548801546182,1774305548806352966,4806
5195,1774305548808105298,1774305548813616047,5510
5196,1774305548815311652,1774305548820525939,5214
5197,1774305548822252781,1774305548827163682,4910
5198,1774305548828898426,1774305548833830702,4932
5199,1774305548835475184,1774305548840094456,4619
5200,1774305548841833304,1774305548848691505,6858
5201,1774305548850161236,1774305548855721795,5560
5202,1774305548857336450,1774305548861866082,4529
5203,1774305548863529488,1774305548868684769,5155
5204,1774305548870313014,1774305548875082170,4769
5205,1774305548876686275,1774305548881408561,4722
5206,1774305548883027984,1774305548887641930,4613
5207,1774305548889276815,1774305548896351255,7074
5208,1774305548897949720,1774305548902671685,4721
5209,1774305548904288325,1774305548909849868,5561
5210,1774305548911576067,1774305548916507287,4931
5211,1774305548918142940,1774305548923264442,5121
5212,1774305548925018281,1774305548929828136,4809
5213,1774305548931880778,1774305548938283626,6402
5214,1774305548940198940,1774305548945868452,5669
5215,1774305548947537269,1774305548952464375,4927
5216,1774305548954424689,1774305548959261501,4836
5217,1774305548961247017,1774305548968252650,7005
5218,1774305548969989920,1774305548975412742,5422
5219,1774305548977134627,1774305548981686807,4552
5220,1774305548983311489,1774305548988193241,4881
5221,1774305548989952857,1774305548995010156,5057
5222,1774305548996586508,1774305549001314957,4728
5223,1774305549002930091,1774305549007584689,4654
5224,1774305549009470287,1774305549014440167,4969
5225,1774305549016167413,1774305549022519952,6352
5226,1774305549024463255,1774305549031681400,7218
5227,1774305549033491668,1774305549038718139,5226
5228,1774305549040587346,1774305549046558310,5970
5229,1774305549048459909,1774305549055629385,7169
5230,1774305549057410567,1774305549062400200,4989
5231,1774305549064148153,1774305549070269345,6121
5232,1774305549071984540,1774305549078773524,6788
5233,1774305549080452169,1774305549087045356,6593
5234,1774305549088801964,1774305549094629901,5827
5235,1774305549096478838,1774305549101672748,5193
5236,1774305549103363297,1774305549108248325,4885
5237,1774305549110074030,1774305549114636507,4562
5238,1774305549116137268,1774305549120818061,4680
5239,1774305549122611411,1774305549128151789,5540
5240,1774305549129947653,1774305549137014826,7067
5241,1774305549138653637,1774305549143140289,4486
5242,1774305549144852119,1774305549150031207,5179
5243,1774305549151554725,1774305549156265606,4710
5244,1774305549157885989,1774305549164741929,6855
5245,1774305549166358812,1774305549173108817,6750
5246,1774305549174911773,1774305549179609289,4697
5247,1774305549181291042,1774305549187864918,6573
5248,1774305549189536806,1774305549196410049,6873
5249,1774305549198115049,1774305549203198564,5083
5250,1774305549204856369,1774305549212122147,7265
5251,1774305549213870962,1774305549220685152,6814
5252,1774305549222326139,1774305549227735910,5409
5253,1774305549229566516,1774305549236123356,6556
5254,1774305549237808430,1774305549244622633,6814
5255,1774305549246338627,1774305549250957111,4618
5256,1774305549252389672,1774305549259393202,7003
5257,1774305549260986815,1774305549266547876,5561
5258,1774305549268183728,1774305549273189242,5005
5259,1774305549274842141,1774305549279489466,4647
5260,1774305549281101083,1774305549286049487,4948
5261,1774305549287854601,1774305549292954646,5100
5262,1774305549294496308,1774305549299979985,5483
5263,1774305549301668652,1774305549307949367,6280
5264,1774305549309849458,1774305549314795200,4945
5265,1774305549316471162,1774305549321890603,5419
5266,1774305549323619758,1774305549330562827,6943
5267,1774305549332314022,1774305549337215753,4901
5268,1774305549338851287,1774305549344601653,5750
5269,1774305549346302955,1774305549353409671,7106
5270,1774305549355354730,1774305549361218882,5864
5271,1774305549362897187,1774305549368524938,5627
5272,1774305549370205662,1774305549375835235,5629
5273,1774305549377581339,1774305549382446526,4865
5274,1774305549384019903,1774305549391042480,7022
5275,1774305549392749514,1774305549397788938,5039
5276,1774305549399448253,1774305549406517578,7069
5277,1774305549408288125,1774305549412826572,4538
5278,1774305549414383277,1774305549418788062,4404
5279,1774305549420285915,1774305549426242848,5956
5280,1774305549427833423,1774305549433240184,5406
5281,1774305549435000542,1774305549440303101,5302
5282,1774305549442080175,1774305549447116439,5036
5283,1774305549448782200,1774305549453422729,4640
5284,1774305549455535278,1774305549460798660,5263
5285,1774305549462541568,1774305549468503241,5961
5286,1774305549470173984,1774305549476861169,6687
5287,1774305549478588913,1774305549483543826,4954
5288,1774305549485304716,1774305549490901587,5596
5289,1774305549492824125,1774305549498199992,5375
5290,1774305549499982449,1774305549505449218,5466
5291,1774305549507424825,1774305549513261052,5836
5292,1774305549515080884,1774305549520749671,5668
5293,1774305549522540626,1774305549528326345,5785
5294,1774305549530060147,1774305549535183000,5122
5295,1774305549536941490,1774305549542023182,5081
5296,1774305549543536618,1774305549549083305,5546
5297,1774305549550633600,1774305549555436632,4803
5298,1774305549557158316,1774305549562102255,4943
5299,1774305549563681592,1774305549568578495,4896
5300,1774305549570503197,1774305549576565653,6062
5301,1774305549578391247,1774305549583267072,4875
5302,1774305549584937255,1774305549590496439,5559
5303,1774305549592357073,1774305549599210918,6853
5304,1774305549600991313,1774305549606357476,5366
5305,1774305549608046435,1774305549614824493,6778
5306,1774305549616780296,1774305549622251701,5471
5307,1774305549624311038,1774305549629340426,5029
5308,1774305549631210678,1774305549637395964,6185
5309,1774305549639154629,1774305549644929211,5774
5310,1774305549646919239,1774305549651683148,4763
5311,1774305549653517364,1774305549658658676,5141
5312,1774305549660438008,1774305549666083341,5645
5313,1774305549667630617,1774305549672471209,4840
5314,1774305549674158236,1774305549679053476,4895
5315,1774305549680582242,1774305549685673666,5091
5316,1774305549687062215,1774305549691662795,4600
5317,1774305549693241433,1774305549699236251,5994
5318,1774305549700962157,1774305549705618204,4656
5319,1774305549707206938,1774305549712626990,5420
5320,1774305549714431645,1774305549719761123,5329
5321,1774305549721487466,1774305549728521851,7034
5322,1774305549730423758,1774305549736195597,5771
5323,1774305549737818589,1774305549743125644,5307
5324,1774305549744741582,1774305549749216533,4474
5325,1774305549750789938,1774305549755801671,5011
5326,1774305549757428602,1774305549764138671,6710
5327,1774305549766122623,1774305549771766073,5643
5328,1774305549773547182,1774305549779024675,5477
5329,1774305549780658572,1774305549785486687,4828
5330,1774305549787209652,1774305549792262507,5052
5331,1774305549793948858,1774305549798641741,4692
5332,1774305549800438787,1774305549805812485,5373
5333,1774305549807605395,1774305549814011057,6405
5334,1774305549815639365,1774305549820357147,4717
5335,1774305549821982938,1774305549826791053,4808
5336,1774305549828485867,1774305549833085341,4599
5337,1774305549834885518,1774305549840194942,5309
5338,1774305549841786924,1774305549846887159,5100
5339,1774305549848518061,1774305549854339919,5821
5340,1774305549855959664,1774305549860591416,4631
5341,1774305549862193085,1774305549867479928,5286
5342,1774305549869240176,1774305549874836206,5596
5343,1774305549876596582,1774305549882577504,5980
5344,1774305549884371546,1774305549889247882,4876
5345,1774305549890938323,1774305549896376484,5438
5346,1774305549898147088,1774305549904980969,6833
5347,1774305549906865617,1774305549913959912,7094
5348,1774305549915642872,1774305549920847123,5204
5349,1774305549922737431,1774305549928218069,5480
5350,1774305549930093761,1774305549935939546,5845
5351,1774305549937586469,1774305549942319949,4733
5352,1774305549944127131,1774305549951423573,7296
5353,1774305549952974688,1774305549957453358,4478
5354,1774305549959016227,1774305549964479070,5462
5355,1774305549966106966,1774305549970833137,4726
5356,1774305549972571453,1774305549978307380,5735
5357,1774305549979934426,1774305549985355496,5421
5358,1774305549987026514,1774305549992024951,4998
5359,1774305549993667417,1774305549998655810,4988
5360,1774305550000291855,1774305550005518722,5226
5361,1774305550007440000,1774305550012626513,5186
5362,1774305550014409970,1774305550019396022,4986
5363,1774305550021219351,1774305550027002448,5783
5364,1774305550028682733,1774305550035444510,6761
5365,1774305550037157585,1774305550042493382,5335
5366,1774305550044290678,1774305550050365903,6075
5367,1774305550052415298,1774305550059201431,6786
5368,1774305550060886378,1774305550066000189,5113
5369,1774305550067722668,1774305550072857998,5135
5370,1774305550074527171,1774305550079683775,5156
5371,1774305550081430480,1774305550086997005,5566
5372,1774305550088666825,1774305550093522379,4855
5373,1774305550095168755,1774305550099594247,4425
5374,1774305550101216398,1774305550106132901,4916
5375,1774305550107795933,1774305550112566745,4770
5376,1774305550114315388,1774305550121428961,7113
5377,1774305550123124980,1774305550129016928,5891
5378,1774305550130677687,1774305550136392692,5715
5379,1774305550138092457,1774305550143521623,5429
5380,1774305550145232807,1774305550151814730,6581
5381,1774305550153579959,1774305550158682273,5102
5382,1774305550160548976,1774305550165321583,4772
5383,1774305550166937991,1774305550173674044,6736
5384,1774305550175327143,1774305550182385466,7058
5385,1774305550184109149,1774305550190949093,6839
5386,1774305550192586732,1774305550197386789,4800
5387,1774305550199102119,1774305550205969113,6866
5388,1774305550207612176,1774305550214738598,7126
5389,1774305550216430040,1774305550221221418,4791
5390,1774305550222800045,1774305550227368420,4568
5391,1774305550229054300,1774305550233610242,4555
5392,1774305550235272479,1774305550239801096,4528
5393,1774305550241320692,1774305550247211545,5890
5394,1774305550248885601,1774305550254920089,6034
5395,1774305550256607289,1774305550262125784,5518
5396,1774305550263776848,1774305550268877921,5101
5397,1774305550270829746,1774305550275523857,4694
5398,1774305550277137671,1774305550282630346,5492
5399,1774305550284415175,1774305550291256608,6841
5400,1774305550293351920,1774305550298711933,5360
5401,1774305550300360380,1774305550306281748,5921
5402,1774305550308155657,1774305550315068677,6913
5403,1774305550316906282,1774305550322426048,5519
5404,1774305550324117458,1774305550330531252,6413
5405,1774305550332405743,1774305550338044381,5638
5406,1774305550339676859,1774305550344511467,4834
5407,1774305550346190293,1774305550353357857,7167
5408,1774305550354877169,1774305550359635195,4758
5409,1774305550361259382,1774305550366734870,5475
5410,1774305550368284510,1774305550372927696,4643
5411,1774305550374526260,1774305550381434801,6908
5412,1774305550383072807,1774305550388497800,5424
5413,1774305550390089842,1774305550395132413,5042
5414,1774305550396838145,1774305550402543952,5705
5415,1774305550404403939,1774305550410196266,5792
5416,1774305550411868061,1774305550418110690,6242
5417,1774305550419925148,1774305550426721635,6796
5418,1774305550428489282,1774305550434127554,5638
5419,1774305550435787630,1774305550442856438,7068
5420,1774305550444689942,1774305550450518116,5828
5421,1774305550452256158,1774305550457186590,4930
5422,1774305550458845780,1774305550465666081,6820
5423,1774305550467684004,1774305550472498515,4814
5424,1774305550474201279,1774305550479777408,5576
5425,1774305550481393821,1774305550488607992,7214
5426,1774305550490201836,1774305550494710173,4508
5427,1774305550496059215,1774305550503346896,7287
5428,1774305550504824673,1774305550509421090,4596
5429,1774305550510755052,1774305550516711330,5956
5430,1774305550518422314,1774305550523863856,5441
5431,1774305550525488545,1774305550531095274,5606
5432,1774305550532820140,1774305550538355704,5535
5433,1774305550540010131,1774305550545273432,5263
5434,1774305550547031463,1774305550552280531,5249
5435,1774305550553946070,1774305550559113698,5167
5436,1774305550560963356,1774305550566647816,5684
5437,1774305550568513453,1774305550574453126,5939
5438,1774305550576438437,1774305550581602080,5163
5439,1774305550583349455,1774305550588503975,5154
5440,1774305550590394074,1774305550597415755,7021
5441,1774305550599080638,1774305550604029303,4948
5442,1774305550605748572,1774305550611165373,5416
5443,1774305550613009496,1774305550618415677,5406
5444,1774305550620138583,1774305550626477904,6339
5445,1774305550628380552,1774305550634375521,5994
5446,1774305550636107492,1774305550641668676,5561
5447,1774305550643415128,1774305550648169113,4753
5448,1774305550649880197,1774305550654882826,5002
5449,1774305550656474356,1774305550662278631,5804
5450,1774305550663876684,1774305550670056483,6179
5451,1774305550671674383,1774305550676466058,4791
5452,1774305550678077858,1774305550683432157,5354
5453,1774305550685100470,1774305550691789161,6688
5454,1774305550693629048,1774305550699025462,5396
5455,1774305550700957288,1774305550706710643,5753
5456,1774305550708379125,1774305550713708713,5329
5457,1774305550715400321,1774305550720380325,4980
5458,1774305550722265434,1774305550729085315,6819
5459,1774305550730722613,1774305550735400126,4677
5460,1774305550737350556,1774305550742980238,5629
5461,1774305550744632692,1774305550750290550,5657
5462,1774305550751921435,1774305550756511579,4590
5463,1774305550758164018,1774305550763363209,5199
5464,1774305550765072015,1774305550772408459,7336
5465,1774305550774032553,1774305550779379898,5347
5466,1774305550780968446,1774305550787990977,7022
5467,1774305550789603077,1774305550796927150,7324
5468,1774305550798697975,1774305550805847869,7149
5469,1774305550807501826,1774305550812482463,4980
5470,1774305550814271770,1774305550821150130,6878
5471,1774305550822867259,1774305550827925642,5058
5472,1774305550829580818,1774305550835052034,5471
5473,1774305550836947960,1774305550843784513,6836
5474,1774305550845753153,1774305550851169300,5416
5475,1774305550852845949,1774305550858551339,5705
5476,1774305550860254292,1774305550867059029,6804
5477,1774305550868771833,1774305550874634099,5862
5478,1774305550876505138,1774305550882491579,5986
5479,1774305550884342436,1774305550891337442,6995
5480,1774305550893230325,1774305550898944040,5713
5481,1774305550900694700,1774305550907720752,7026
5482,1774305550909472345,1774305550914448752,4976
5483,1774305550916113231,1774305550920684173,4570
5484,1774305550922106678,1774305550928032173,5925
5485,1774305550929766539,1774305550934767100,5000
5486,1774305550936355321,1774305550942984714,6629
5487,1774305550944626985,1774305550951279276,6652
5488,1774305550952917174,1774305550957485840,4568
5489,1774305550959204280,1774305550966024331,6820
5490,1774305550967802595,1774305550972967295,5164
5491,1774305550974663153,1774305550980174590,5511
5492,1774305550982005636,1774305550987094242,5088
5493,1774305550988755862,1774305550994235774,5479
5494,1774305550995945093,1774305551002826732,6881
5495,1774305551004547149,1774305551010075721,5528
5496,1774305551011764727,1774305551018239725,6474
5497,1774305551020042932,1774305551026014194,5971
5498,1774305551027817911,1774305551032579895,4761
5499,1774305551034321145,1774305551039973743,5652
5500,1774305551041629353,1774305551046551188,4921
5501,1774305551048029259,1774305551053750905,5721
5502,1774305551055365156,1774305551062322706,6957
5503,1774305551063911621,1774305551068958183,5046
5504,1774305551070694319,1774305551077636501,6942
5505,1774305551079265163,1774305551086265686,7000
5506,1774305551087926344,1774305551092747266,4820
5507,1774305551094386359,1774305551101356400,6970
5508,1774305551103019436,1774305551109741469,6722
5509,1774305551111395804,1774305551116392972,4997
5510,1774305551118095339,1774305551125085289,6989
5511,1774305551126748197,1774305551133455585,6707
5512,1774305551135177617,1774305551140472612,5294
5513,1774305551142346811,1774305551149113219,6766
5514,1774305551150827717,1774305551155382512,4554
5515,1774305551156974836,1774305551162315793,5340
5516,1774305551164005511,1774305551168534808,4529
5517,1774305551170215156,1774305551177289583,7074
5518,1774305551179024777,1774305551183719529,4694
5519,1774305551185005175,1774305551189145627,4140
5520,1774305551190596027,1774305551194799857,4203
5521,1774305551196510197,1774305551202448490,5938
5522,1774305551204099161,1774305551209336385,5237
5523,1774305551211039552,1774305551216055884,5016
5524,1774305551217733237,1774305551222466944,4733
5525,1774305551224121386,1774305551229838910,5717
5526,1774305551231716455,1774305551238890633,7174
5527,1774305551240578389,1774305551246069033,5490
5528,1774305551247930705,1774305551253545236,5614
5529,1774305551255266539,1774305551261333269,6066
5530,1774305551263025253,1774305551268976405,5951
5531,1774305551270673680,1774305551276595503,5921
5532,1774305551278505231,1774305551283961641,5456
5533,1774305551285643545,1774305551290494607,4851
5534,1774305551292181502,1774305551298302050,6120
5535,1774305551300114700,1774305551307267541,7152
5536,1774305551308993450,1774305551316031548,7038
5537,1774305551317688085,1774305551322757102,5069
5538,1774305551324432705,1774305551330381362,5948
5539,1774305551331939051,1774305551336431584,4492
5540,1774305551338035150,1774305551344063706,6028
5541,1774305551345687123,1774305551350510706,4823
5542,1774305551352166664,1774305551357770495,5603
5543,1774305551359416362,1774305551366375835,6959
5544,1774305551368134944,1774305551373421970,5287
5545,1774305551375107751,1774305551381941540,6833
5546,1774305551383843925,1774305551390551805,6707
5547,1774305551392428609,1774305551397507055,5078
5548,1774305551399349235,1774305551404534540,5185
5549,1774305551406399905,1774305551411702779,5302
5550,1774305551413363758,1774305551418919926,5556
5551,1774305551420947652,1774305551426063927,5116
5552,1774305551427734090,1774305551432620559,4886
5553,1774305551434501800,1774305551440193685,5691
5554,1774305551441948862,1774305551447433033,5484
5555,1774305551449103628,1774305551454683584,5579
5556,1774305551456314936,1774305551461594769,5279
5557,1774305551463319484,1774305551468203086,4883
5558,1774305551469783378,1774305551476035633,6252
5559,1774305551477718026,1774305551482579479,4861
5560,1774305551484301222,1774305551489994161,5692
5561,1774305551491856887,1774305551497206951,5350
5562,1774305551498844414,1774305551504158469,5314
5563,1774305551505848383,1774305551510480459,4632
5564,1774305551512198314,1774305551517621583,5423
5565,1774305551519474812,1774305551526544889,7070
5566,1774305551528331304,1774305551533618449,5287
5567,1774305551535370803,1774305551541236778,5865
5568,1774305551542974025,1774305551548356924,5382
5569,1774305551550018808,1774305551556878525,6859
5570,1774305551558485426,1774305551563991760,5506
5571,1774305551565713715,1774305551570937951,5224
5572,1774305551572586732,1774305551577528428,4941
5573,1774305551579313504,1774305551584925477,5611
5574,1774305551586552481,1774305551591354774,4802
5575,1774305551593135139,1774305551598490715,5355
5576,1774305551600212032,1774305551606276278,6064
5577,1774305551607959431,1774305551613609381,5649
5578,1774305551615139407,1774305551619856104,4716
5579,1774305551621611921,1774305551626826610,5214
5580,1774305551628593745,1774305551635157811,6564
5581,1774305551636922222,1774305551642653404,5731
5582,1774305551644478850,1774305551649266679,4787
5583,1774305551651048819,1774305551657243797,6194
5584,1774305551659036198,1774305551665895849,6859
5585,1774305551667573550,1774305551673669721,6096
5586,1774305551675423033,1774305551681380110,5957
5587,1774305551683268718,1774305551688198947,4930
5588,1774305551689961679,1774305551694924538,4962
5589,1774305551696552489,1774305551702884879,6332
5590,1774305551704786306,1774305551709533107,4746
5591,1774305551711280146,1774305551716464813,5184
5592,1774305551718209200,1774305551725359832,7150
5593,1774305551727041079,1774305551731564064,4522
5594,1774305551733268605,1774305551739118353,5849
5595,1774305551740808194,1774305551745204097,4395
5596,1774305551746542636,1774305551752856858,6314
5597,1774305551754434623,1774305551759573223,5138
5598,1774305551761166281,1774305551766113148,4946
5599,1774305551767771920,1774305551772417514,4645
5600,1774305551774118820,1774305551780270230,6151
5601,1774305551782029295,1774305551788183888,6154
5602,1774305551789864678,1774305551794514348,4649
5603,1774305551796255309,1774305551803450700,7195
5604,1774305551805532562,1774305551812796638,7264
5605,1774305551814494143,1774305551819817742,5323
5606,1774305551821483988,1774305551826990008,5506
5607,1774305551828731743,1774305551835631935,6900
5608,1774305551837442228,1774305551842590654,5148
5609,1774305551844580221,1774305551850380559,5800
5610,1774305551852234853,1774305551857284003,5049
5611,1774305551859030657,1774305551866183408,7152
5612,1774305551867665545,1774305551872904275,5238
5613,1774305551874523526,1774305551879971338,5447
5614,1774305551881613844,1774305551886383061,4769
5615,1774305551888001844,1774305551892991956,4990
5616,1774305551894587365,1774305551899769372,5182
5617,1774305551901557165,1774305551908469633,6912
5618,1774305551910140336,1774305551915713606,5573
5619,1774305551917381057,1774305551922611122,5230
5620,1774305551924539559,1774305551929470653,4931
5621,1774305551931203183,1774305551936578851,5375
5622,1774305551938496171,1774305551944961623,6465
5623,1774305551946655857,1774305551952104085,5448
5624,1774305551953757275,1774305551958677988,4920
5625,1774305551960597011,1774305551965350538,4753
5626,1774305551967042117,1774305551971831413,4789
5627,1774305551973536562,1774305551979273872,5737
5628,1774305551981246568,1774305551986949164,5702
5629,1774305551989014039,1774305551994332271,5318
5630,1774305551996058872,1774305552001294365,5235
5631,1774305552003021765,1774305552007649205,4627
5632,1774305552009195125,1774305552013677144,4482
5633,1774305552015448278,1774305552019988680,4540
5634,1774305552021635999,1774305552027568538,5932
5635,1774305552029263391,1774305552034780787,5517
5636,1774305552036463986,1774305552041739418,5275
5637,1774305552043386173,1774305552048262486,4876
5638,1774305552050031474,1774305552055115646,5084
5639,1774305552056787149,1774305552064032743,7245
5640,1774305552065662126,1774305552071115651,5453
5641,1774305552072793517,1774305552077891616,5098
5642,1774305552079545105,1774305552084547919,5002
5643,1774305552086464768,1774305552093341565,6876
5644,1774305552095243473,1774305552101180788,5937
5645,1774305552102875365,1774305552108364277,5488
5646,1774305552110113229,1774305552116867874,6754
5647,1774305552118662848,1774305552125027461,6364
5648,1774305552126853479,1774305552131464248,4610
5649,1774305552132924635,1774305552138500117,5575
5650,1774305552140150216,1774305552145735269,5585
5651,1774305552147333968,1774305552153035199,5701
5652,1774305552154584392,1774305552161144101,6559
5653,1774305552162685966,1774305552168117725,5431
5654,1774305552169711699,1774305552174829672,5117
5655,1774305552176574377,1774305552181471022,4896
5656,1774305552183139528,1774305552189026685,5887
5657,1774305552190949142,1774305552198010888,7061
5658,1774305552199883901,1774305552204527159,4643
5659,1774305552206246727,1774305552211751088,5504
5660,1774305552213690977,1774305552218514628,4823
5661,1774305552220247867,1774305552225908270,5660
5662,1774305552227811083,1774305552233194214,5383
5663,1774305552234951913,1774305552239811673,4859
5664,1774305552241962565,1774305552248868371,6905
5665,1774305552250528832,1774305552255447186,4918
5666,1774305552257166070,1774305552262253825,5087
5667,1774305552263933701,1774305552270813813,6880
5668,1774305552272469113,1774305552277194320,4725
5669,1774305552278933535,1774305552283983718,5050
5670,1774305552285630242,1774305552290313775,4683
5671,1774305552292001746,1774305552297395264,5393
5672,1774305552299084312,1774305552303684713,4600
5673,1774305552305055424,1774305552309675720,4620
5674,1774305552311230673,1774305552317128982,5898
5675,1774305552318731785,1774305552324157983,5426
5676,1774305552325960013,1774305552330879082,4919
5677,1774305552332667984,1774305552337213545,4545
5678,1774305552338858482,1774305552344064927,5206
5679,1774305552345690587,1774305552352657811,6967
5680,1774305552354496557,1774305552359187312,4690
5681,1774305552361205957,1774305552367305268,6099
5682,1774305552369215306,1774305552374527981,5312
5683,1774305552376265740,1774305552381312095,5046
5684,1774305552383038044,1774305552387608876,4570
5685,1774305552389274739,1774305552396473821,7199
5686,1774305552398162365,1774305552403828863,5666
5687,1774305552405563987,1774305552410734282,5170
5688,1774305552412404594,1774305552416924408,4519
5689,1774305552418573501,1774305552424095699,5522
5690,1774305552425659352,1774305552430822398,5163
5691,1774305552432286791,1774305552438849421,6562
5692,1774305552440492654,1774305552445222235,4729
5693,1774305552446872425,1774305552451595200,4722
5694,1774305552453274838,1774305552458955538,5680
5695,1774305552460587394,1774305552467103429,6516
5696,1774305552468814871,1774305552475710148,6895
5697,1774305552477396069,1774305552483434553,6038
5698,1774305552485113563,1774305552490152637,5039
5699,1774305552491859389,1774305552496900557,5041
5700,1774305552498582107,1774305552505870505,7288
5701,1774305552507758991,1774305552513244644,5485
5702,1774305552515071588,1774305552520806082,5734
5703,1774305552522685212,1774305552528587054,5901
5704,1774305552530376394,1774305552536397437,6021
5705,1774305552538073208,1774305552543626876,5553
5706,1774305552545268771,1774305552550264471,4995
5707,1774305552552004116,1774305552557025918,5021
5708,1774305552558659701,1774305552563672607,5012
5709,1774305552565368716,1774305552570277569,4908
5710,1774305552572010073,1774305552577373789,5363
5711,1774305552579044563,1774305552584642409,5597
5712,1774305552586186748,1774305552591118697,4931
5713,1774305552592751682,1774305552597911876,5160
5714,1774305552599604101,1774305552605450511,5846
5715,1774305552607398925,1774305552614120034,6721
5716,1774305552615917867,1774305552621323444,5405
5717,1774305552623031537,1774305552628133601,5102
5718,1774305552629800817,1774305552634453190,4652
5719,1774305552636138261,1774305552641703042,5564
5720,1774305552643691207,1774305552650136029,6444
5721,1774305552652075297,1774305552657168892,5093
5722,1774305552659041105,1774305552664285709,5244
5723,1774305552666022204,1774305552671745188,5722
5724,1774305552673592017,1774305552678915600,5323
5725,1774305552680587999,1774305552687589334,7001
5726,1774305552689272343,1774305552694133432,4861
5727,1774305552695816625,1774305552700468385,4651
5728,1774305552702160704,1774305552706651161,4490
5729,1774305552708393287,1774305552714762171,6368
5730,1774305552716441466,1774305552721345698,4904
5731,1774305552722909078,1774305552727853761,4944
5732,1774305552729485154,1774305552734199789,4714
5733,1774305552735830337,1774305552740836713,5006
5734,1774305552742390076,1774305552747043809,4653
5735,1774305552748656608,1774305552755584636,6928
5736,1774305552757315422,1774305552762883664,5568
5737,1774305552764768749,1774305552770636092,5867
5738,1774305552772283099,1774305552777496033,5212
5739,1774305552779251503,1774305552784115691,4864
5740,1774305552785884340,1774305552791253244,5368
5741,1774305552792940568,1774305552799045335,6104
5742,1774305552800927544,1774305552807286568,6359
5743,1774305552809029002,1774305552813849855,4820
5744,1774305552815523754,1774305552820324465,4800
5745,1774305552822090888,1774305552826572791,4481
5746,1774305552828186214,1774305552833518510,5332
5747,1774305552835265753,1774305552840189962,4924
5748,1774305552841843569,1774305552846538571,4695
5749,1774305552848188823,1774305552853624166,5435
5750,1774305552855193184,1774305552860585751,5392
5751,1774305552862277118,1774305552867440868,5163
5752,1774305552869109760,1774305552876098150,6988
5753,1774305552877900092,1774305552884947243,7047
5754,1774305552886571073,1774305552891448731,4877
5755,1774305552893114988,1774305552900109042,6994
5756,1774305552901823625,1774305552906495884,4672
5757,1774305552908185128,1774305552914312497,6127
5758,1774305552916142780,1774305552922957291,6814
5759,1774305552924636703,1774305552929573663,4936
5760,1774305552931268414,1774305552936196698,4928
5761,1774305552938183222,1774305552943794080,5610
5762,1774305552945453540,1774305552950859378,5405
5763,1774305552952608512,1774305552958950115,6341
5764,1774305552960611730,1774305552965197618,4585
5765,1774305552966976025,1774305552972422917,5446
5766,1774305552974090284,1774305552978655054,4564
5767,1774305552980249794,1774305552985169827,4920
5768,1774305552986565247,1774305552992017538,5452
5769,1774305552993665091,1774305552999007075,5341
5770,1774305553000661712,1774305553005507721,4846
5771,1774305553007490927,1774305553013101031,5610
5772,1774305553014773972,1774305553021243797,6469
5773,1774305553023145181,1774305553028555539,5410
5774,1774305553030312900,1774305553035455682,5142
5775,1774305553037156743,1774305553043955520,6798
5776,1774305553045753471,1774305553050933327,5179
5777,1774305553052826710,1774305553058981549,6154
5778,1774305553060705420,1774305553067573226,6867
5779,1774305553069483107,1774305553074431642,4948
5780,1774305553076171689,1774305553083213836,7042
5781,1774305553084938668,1774305553092024730,7086
5782,1774305553093683503,1774305553098502159,4818
5783,1774305553100188802,1774305553105513757,5324
5784,1774305553107160750,1774305553112779952,5619
5785,1774305553114412208,1774305553119010676,4598
5786,1774305553120530681,1774305553126197098,5666
5787,1774305553127892413,1774305553132503777,4611
5788,1774305553134236373,1774305553139145830,4909
5789,1774305553140794255,1774305553145722046,4927
5790,1774305553147614795,1774305553154719451,7104
5791,1774305553156480984,1774305553161245033,4764
5792,1774305553162890959,1774305553168662343,5771
5793,1774305553170303784,1774305553177149476,6845
5794,1774305553178908595,1774305553183619543,4710
5795,1774305553185513627,1774305553192457659,6944
5796,1774305553194188016,1774305553199724228,5536
5797,1774305553201391435,1774305553206721995,5330
5798,1774305553208362130,1774305553213099018,4736
5799,1774305553214759319,1774305553219493337,4734
5800,1774305553221098167,1774305553227941584,6843
5801,1774305553229590754,1774305553236838496,7247
5802,1774305553238515937,1774305553243027154,4511
5803,1774305553244654590,1774305553249161320,4506
5804,1774305553250796668,1774305553255568240,4771
5805,1774305553257055492,1774305553262522612,5467
5806,1774305553264144264,1774305553270217507,6073
5807,1774305553271911603,1774305553277588740,5677
5808,1774305553279361615,1774305553284325838,4964
5809,1774305553286055289,1774305553291115608,5060
5810,1774305553292975151,1774305553300001545,7026
5811,1774305553301672725,1774305553307189674,5516
5812,1774305553308930545,1774305553314793052,5862
5813,1774305553317015994,1774305553323961489,6945
5814,1774305553325781876,1774305553331113633,5331
5815,1774305553332853850,1774305553339132434,6278
5816,1774305553340918142,1774305553347707639,6789
5817,1774305553349531441,1774305553355004975,5473
5818,1774305553356695053,1774305553361590821,4895
5819,1774305553363333729,1774305553369102799,5769
5820,1774305553370923572,1774305553378036981,7113
5821,1774305553379916489,1774305553384928043,5011
5822,1774305553386591010,1774305553392030806,5439
5823,1774305553393659808,1774305553398128435,4468
5824,1774305553399790179,1774305553404186799,4396
5825,1774305553405836641,1774305553412193503,6356
5826,1774305553413875663,1774305553418622980,4747
5827,1774305553420257239,1774305553425586916,5329
5828,1774305553427365307,1774305553433104393,5739
5829,1774305553434848066,1774305553439605546,4757
5830,1774305553441373757,1774305553448387127,7013
5831,1774305553450097988,1774305553455052314,4954
5832,1774305553456764484,1774305553462191264,5426
5833,1774305553463937421,1774305553468717339,4779
5834,1774305553470377810,1774305553475239413,4861
5835,1774305553476989136,1774305553482720990,5731
5836,1774305553484445282,1774305553490815979,6370
5837,1774305553492735434,1774305553498471415,5735
5838,1774305553500173106,1774305553505172937,4999
5839,1774305553506836847,1774305553511395972,4559
5840,1774305553513126685,1774305553520120891,6994
5841,1774305553521762735,1774305553527404357,5641
5842,1774305553529010579,1774305553533700159,4689
5843,1774305553535403462,1774305553540659140,5255
5844,1774305553542296539,1774305553547587598,5291
5845,1774305553549425788,1774305553554957081,5531
5846,1774305553556665969,1774305553563102655,6436
5847,1774305553564778434,1774305553570659599,5881
5848,1774305553572334339,1774305553577348499,5014
5849,1774305553579332189,1774305553584295746,4963
5850,1774305553585951110,1774305553593033087,7081
5851,1774305553594620905,1774305553600161186,5540
5852,1774305553602023966,1774305553608015158,5991
5853,1774305553609839418,1774305553616605979,6766
5854,1774305553618269086,1774305553623571737,5302
5855,1774305553625317642,1774305553632472458,7154
5856,1774305553634452735,1774305553640041659,5588
5857,1774305553641674371,1774305553647219077,5544
5858,1774305553649003620,1774305553654926289,5922
5859,1774305553656276050,1774305553661136007,4859
5860,1774305553662895507,1774305553669000882,6105
5861,1774305553670623190,1774305553675036642,4413
5862,1774305553676589605,1774305553680991213,4401
5863,1774305553682451674,1774305553689393125,6941
5864,1774305553691234964,1774305553696651629,5416
5865,1774305553698408413,1774305553705242303,6833
5866,1774305553707114489,1774305553712032479,4917
5867,1774305553713836946,1774305553719676772,5839
5868,1774305553721348344,1774305553726876998,5528
5869,1774305553728604153,1774305553733448250,4844
5870,1774305553735155691,1774305553741169582,6013
5871,1774305553743124639,1774305553748463163,5338
5872,1774305553750088925,1774305553754983457,4894
5873,1774305553756504018,1774305553762245869,5741
5874,1774305553763867998,1774305553769015105,5147
5875,1774305553770676354,1774305553777854840,7178
5876,1774305553779545538,1774305553785980073,6434
5877,1774305553787768541,1774305553792729579,4961
5878,1774305553794341072,1774305553801329930,6988
5879,1774305553803120508,1774305553808987753,5867
5880,1774305553810673417,1774305553815664256,4990
5881,1774305553817425404,1774305553822326511,4901
5882,1774305553823906788,1774305553828567779,4660
5883,1774305553830428165,1774305553835267974,4839
5884,1774305553836946075,1774305553841597558,4651
5885,1774305553843320485,1774305553850260957,6940
5886,1774305553851931130,1774305553857121766,5190
5887,1774305553858690578,1774305553863666912,4976
5888,1774305553865553845,1774305553872694295,7140
5889,1774305553874477598,1774305553879551671,5074
5890,1774305553881285994,1774305553887003450,5717
5891,1774305553888860128,1774305553894551584,5691
5892,1774305553896292190,1774305553901159046,4866
5893,1774305553903119181,1774305553910088249,6969
5894,1774305553911747947,1774305553917435132,5687
5895,1774305553919159139,1774305553924209944,5050
5896,1774305553925970802,1774305553930694116,4723
5897,1774305553932299772,1774305553937187797,4888
5898,1774305553938940164,1774305553943131363,4191
5899,1774305553944818183,1774305553950211641,5393
5900,1774305553951969944,1774305553958913514,6943
5901,1774305553960647030,1774305553965891383,5244
5902,1774305553967693837,1774305553973287507,5593
5903,1774305553975104124,1774305553980586711,5482
5904,1774305553982553593,1774305553989542111,6988
5905,1774305553991404135,1774305553996648852,5244
5906,1774305553998532690,1774305554004044768,5512
5907,1774305554005884549,1774305554011686089,5801
5908,1774305554013357252,1774305554019411166,6053
5909,1774305554021201957,1774305554027500487,6298
5910,1774305554029286054,1774305554035456922,6170
5911,1774305554037162359,1774305554043931643,6769
5912,1774305554045602008,1774305554050426203,4824
5913,1774305554052152249,1774305554057671299,5519
5914,1774305554059386709,1774305554066744651,7357
5915,1774305554068470658,1774305554073426665,4956
5916,1774305554075146463,1774305554080457563,5311
5917,1774305554082183933,1774305554089179569,6995
5918,1774305554090714708,1774305554095480349,4765
5919,1774305554097084409,1774305554101605518,4521
5920,1774305554103221064,1774305554108155392,4934
5921,1774305554109791061,1774305554116918168,7127
5922,1774305554118730712,1774305554124730318,5999
5923,1774305554126503067,1774305554131307145,4804
5924,1774305554132966965,1774305554138392681,5425
5925,1774305554140321384,1774305554147344100,7022
5926,1774305554149036882,1774305554154603082,5566
5927,1774305554156335806,1774305554163085753,6749
5928,1774305554164911111,1774305554170246387,5335
5929,1774305554172011802,1774305554177160104,5148
5930,1774305554178860204,1774305554186042465,7182
5931,1774305554187674098,1774305554193164706,5490
5932,1774305554194899923,1774305554199536115,4636
5933,1774305554201185298,1774305554206822971,5637
5934,1774305554208537997,1774305554213331372,4793
5935,1774305554215030593,1774305554219579276,4548
5936,1774305554221200439,1774305554225698779,4498
5937,1774305554227280587,1774305554232266309,4985
5938,1774305554233755039,1774305554239240667,5485
5939,1774305554241102686,1774305554246901805,5799
5940,1774305554248635721,1774305554255595284,6959
5941,1774305554257295005,1774305554263308752,6013
5942,1774305554265297881,1774305554271169666,5871
5943,1774305554272858965,1774305554277602222,4743
5944,1774305554279285144,1774305554284330900,5045
5945,1774305554303663515,1774305554308723932,5060
5946,1774305554310384647,1774305554315313573,4928
5947,1774305554317037446,1774305554324147536,7110
5948,1774305554326127116,1774305554333110117,6983
5949,1774305554334899482,1774305554342323056,7423
5950,1774305554343989854,1774305554349529674,5539
5951,1774305554351300734,1774305554356979304,5678
5952,1774305554358738289,1774305554363157018,4418
5953,1774305554364927246,1774305554370121706,5194
5954,1774305554371740392,1774305554376484596,4744
5955,1774305554378240773,1774305554384983008,6742
5956,1774305554386735091,1774305554393539132,6804
5957,1774305554395236155,1774305554401351074,6114
5958,1774305554403083763,1774305554408485065,5401
5959,1774305554410473143,1774305554415422687,4949
5960,1774305554417132145,1774305554422475754,5343
5961,1774305554424437723,1774305554431216579,6778
5962,1774305554432939054,1774305554438005336,5066
5963,1774305554439949762,1774305554445457693,5507
5964,1774305554447357095,1774305554453308391,5951
5965,1774305554455035600,1774305554459994616,4959
5966,1774305554461863275,1774305554467239277,5376
5967,1774305554469103845,1774305554476151142,7047
5968,1774305554477872750,1774305554482799775,4927
5969,1774305554484358587,1774305554489903883,5545
5970,1774305554491506999,1774305554495849921,4342
5971,1774305554497596320,1774305554503157393,5561
5972,1774305554504930465,1774305554509569337,4638
5973,1774305554511108742,1774305554516184798,5076
5974,1774305554517856079,1774305554524050340,6194
5975,1774305554525916411,1774305554533029737,7113
5976,1774305554534864581,1774305554540481691,5617
5977,1774305554542409701,1774305554547698510,5288
5978,1774305554549409526,1774305554555060366,5650
5979,1774305554556753614,1774305554561568271,4814
5980,1774305554563514674,1774305554568574692,5060
5981,1774305554570377919,1774305554577422228,7044
5982,1774305554579165028,1774305554584494666,5329
5983,1774305554586431238,1774305554591651890,5220
5984,1774305554593318169,1774305554599271760,5953
5985,1774305554601160659,1774305554608221698,7061
5986,1774305554609949585,1774305554617179658,7230
5987,1774305554618745315,1774305554623464366,4719
5988,1774305554625265231,1774305554631236533,5971
5989,1774305554632850891,1774305554637300087,4449
5990,1774305554638934256,1774305554644320552,5386
5991,1774305554645889911,1774305554650319635,4429
5992,1774305554651909432,1774305554657132879,5223
5993,1774305554658789389,1774305554663477132,4687
5994,1774305554665079128,1774305554669696320,4617
5995,1774305554671326878,1774305554676589018,5262
5996,1774305554678246729,1774305554683603113,5356
5997,1774305554685319745,1774305554691285143,5965
5998,1774305554693132721,1774305554698270144,5137
5999,1774305554700021533,1774305554707023764,7002
6000,1774305554708667556,1774305554713617676,4950
6001,1774305554715314183,1774305554720901497,5587
6002,1774305554722777368,1774305554728281305,5503
6003,1774305554730050809,1774305554734706834,4656
6004,1774305554736364920,1774305554741315380,4950
6005,1774305554743166778,1774305554748340133,5173
6006,1774305554749540342,1774305554754070947,4530
6007,1774305554755275872,1774305554762282489,7006
6008,1774305554763901175,1774305554768525259,4624
6009,1774305554770012295,1774305554775375976,5363
6010,1774305554776718108,1774305554781748986,5030
6011,1774305554783359769,1774305554788421675,5061
6012,1774305554790430734,1774305554797215198,6784
6013,1774305554799156319,1774305554804081077,4924
6014,1774305554805725196,1774305554811429117,5703
6015,1774305554813418810,1774305554818725869,5307
6016,1774305554820488282,1774305554825475171,4986
6017,1774305554827238565,1774305554834339526,7100
6018,1774305554836091261,1774305554841368501,5277
6019,1774305554843091318,1774305554848485751,5394
6020,1774305554850168426,1774305554857104252,6935
6021,1774305554858788660,1774305554864544920,5756
6022,1774305554866385860,1774305554873146337,6760
6023,1774305554874946159,1774305554882077740,7131
6024,1774305554883825898,1774305554890972032,7146
6025,1774305554892650938,1774305554897327685,4676
6026,1774305554898846789,1774305554903321651,4474
6027,1774305554905047346,1774305554909607247,4559
6028,1774305554911208681,1774305554915954932,4746
6029,1774305554917507195,1774305554922881527,5374
6030,1774305554924499060,1774305554930012987,5513
6031,1774305554931649813,1774305554936363406,4713
6032,1774305554938135061,1774305554943249366,5114
6033,1774305554944931797,1774305554951747324,6815
6034,1774305554953673306,1774305554958480970,4807
6035,1774305554960342970,1774305554965663633,5320
6036,1774305554967418922,1774305554972775830,5356
6037,1774305554974436277,1774305554980341813,5905
6038,1774305554982462666,1774305554987402293,4939
6039,1774305554989125201,1774305554994189517,5064
6040,1774305554996193129,1774305555003359457,7166
6041,1774305555005082582,1774305555010601300,5518
6042,1774305555012429336,1774305555017883164,5453
6043,1774305555019501198,1774305555026589447,7088
6044,1774305555028354652,1774305555033869022,5514
6045,1774305555035508490,1774305555042008731,6500
6046,1774305555043648677,1774305555049664678,6016
6047,1774305555051389497,1774305555056592484,5202
6048,1774305555058348274,1774305555063389530,5041
6049,1774305555065078963,1774305555069659883,4580
6050,1774305555071461967,1774305555076509747,5047
6051,1774305555078429354,1774305555083436887,5007
6052,1774305555085426921,1774305555092242423,6815
6053,1774305555093932611,1774305555099007853,5075
6054,1774305555100655249,1774305555105850382,5195
6055,1774305555107505892,1774305555112453884,4947
6056,1774305555114167743,1774305555119238942,5071
6057,1774305555120896428,1774305555125759315,4862
6058,1774305555127491722,1774305555132561869,5070
6059,1774305555134794944,1774305555141124618,6329
6060,1774305555142878126,1774305555148307396,5429
6061,1774305555150007905,1774305555155090320,5082
6062,1774305555156730984,1774305555161207852,4476
6063,1774305555162770679,1774305555167392604,4621
6064,1774305555169058614,1774305555173551463,4492
6065,1774305555175137585,1774305555179671917,4534
6066,1774305555181264456,1774305555185854052,4589
6067,1774305555187148610,1774305555191690065,4541
6068,1774305555193391578,1774305555198705279,5313
6069,1774305555200571927,1774305555206174895,5602
6070,1774305555208014984,1774305555213829824,5814
6071,1774305555215555152,1774305555222375541,6820
6072,1774305555224088993,1774305555229535420,5446
6073,1774305555231276791,1774305555237439455,6162
6074,1774305555239214235,1774305555244567390,5353
6075,1774305555246290562,1774305555251311655,5021
6076,1774305555253151916,1774305555258213233,5061
6077,1774305555260027296,1774305555265760466,5733
6078,1774305555267581192,1774305555274137577,6556
6079,1774305555275892321,1774305555281550451,5658
6080,1774305555283259005,1774305555288744893,5485
6081,1774305555290413926,1774305555295214387,4800
6082,1774305555297054500,1774305555301789836,4735
6083,1774305555303490044,1774305555310787945,7297
6084,1774305555312583392,1774305555318161681,5578
6085,1774305555319838480,1774305555324539215,4700
6086,1774305555325859390,1774305555331058811,5199
6087,1774305555332703482,1774305555337507855,4804
6088,1774305555339135099,1774305555346059654,6924
6089,1774305555347747572,1774305555354241544,6493
6090,1774305555356038069,1774305555361222629,5184
6091,1774305555362934328,1774305555368047371,5113
6092,1774305555369773690,1774305555375119215,5345
6093,1774305555377036959,1774305555383195795,6158
6094,1774305555384959866,1774305555391242743,6282
6095,1774305555393039990,1774305555398570588,5530
6096,1774305555400260302,1774305555405242795,4982
6097,1774305555406935051,1774305555411649699,4714
6098,1774305555413466228,1774305555419058266,5592
6099,1774305555420944679,1774305555427018816,6074
6100,1774305555428757819,1774305555433480489,4722
6101,1774305555435147159,1774305555442486367,7339
6102,1774305555443837074,1774305555448982981,5145
6103,1774305555450593772,1774305555457028242,6434
6104,1774305555458796998,1774305555463444452,4647
6105,1774305555465033822,1774305555469563568,4529
6106,1774305555471177608,1774305555477101105,5923
6107,1774305555478840983,1774305555483783219,4942
6108,1774305555485423332,1774305555490724419,5301
6109,1774305555492420086,1774305555497764959,5344
6110,1774305555499468514,1774305555504971202,5502
6111,1774305555506686738,1774305555513196315,6509
6112,1774305555514943461,1774305555520214780,5271
6113,1774305555521845609,1774305555526999663,5154
6114,1774305555528725929,1774305555536014847,7288
6115,1774305555537801583,1774305555542509108,4707
6116,1774305555544468693,1774305555550113779,5645
6117,1774305555551767827,1774305555556969516,5201
6118,1774305555558626151,1774305555563453056,4826
6119,1774305555565265514,1774305555569914461,4648
6120,1774305555571723489,1774305555577329256,5605
6121,1774305555579102811,1774305555584784175,5681
6122,1774305555586497070,1774305555591428939,4931
6123,1774305555593083597,1774305555598368955,5285
6124,1774305555599952516,1774305555605264565,5312
6125,1774305555606841659,1774305555611454554,4612
6126,1774305555613066217,1774305555618387381,5321
6127,1774305555620103866,1774305555626786715,6682
6128,1774305555628626343,1774305555634249547,5623
6129,1774305555636220091,1774305555641508554,5288
6130,1774305555643250200,1774305555649498199,6247
6131,1774305555651414812,1774305555657337192,5922
6132,1774305555659047664,1774305555664810891,5763
6133,1774305555666554161,1774305555671452103,4897
6134,1774305555673334271,1774305555678190431,4856
6135,1774305555679991548,1774305555685959693,5968
6136,1774305555687757903,1774305555692967603,5209
6137,1774305555694878332,1774305555700256331,5377
6138,1774305555701921943,1774305555706575445,4653
6139,1774305555708328887,1774305555713667058,5338
6140,1774305555715295490,1774305555720552591,5257
6141,1774305555722170589,1774305555727149128,4978
6142,1774305555728961758,1774305555733684306,4722
6143,1774305555735332965,1774305555742589211,7256
6144,1774305555744178303,1774305555748743213,4564
6145,1774305555750450462,1774305555755165284,4714
6146,1774305555756688245,1774305555762215910,5527
6147,1774305555763866537,1774305555769246380,5379
6148,1774305555770876883,1774305555775610819,4733
6149,1774305555777284644,1774305555782168165,4883
6150,1774305555783848915,1774305555790098821,6249
6151,1774305555791769609,1774305555797453259,5683
6152,1774305555799274627,1774305555804252682,4978
6153,1774305555806063277,1774305555811529667,5466
6154,1774305555813434913,1774305555820324879,6889
6155,1774305555822409990,1774305555827867605,5457
6156,1774305555829734979,1774305555835525553,5790
6157,1774305555837348406,1774305555842738122,5389
6158,1774305555844411178,1774305555851386483,6975
6159,1774305555853081473,1774305555858499890,5418
6160,1774305555860105077,1774305555864703884,4598
6161,1774305555866414329,1774305555871114079,4699
6162,1774305555872456006,1774305555877641713,5185
6163,1774305555879245498,1774305555884218917,4973
6164,1774305555885870431,1774305555891328983,5458
6165,1774305555893051015,1774305555899972613,6921
6166,1774305555901680681,1774305555906913299,5232
6167,1774305555908529071,1774305555914394047,5864
6168,1774305555916029897,1774305555922854182,6824
6169,1774305555924661257,1774305555930332793,5671
6170,1774305555932163552,1774305555937572061,5408
6171,1774305555939506400,1774305555944438289,4931
6172,1774305555946125625,1774305555952332524,6206
6173,1774305555954295236,1774305555960143810,5848
6174,1774305555961874046,1774305555966670466,4796
6175,1774305555968349426,1774305555973561498,5212
6176,1774305555975500172,1774305555982316060,6815
6177,1774305555983970667,1774305555988729363,4758
6178,1774305555990409703,1774305555995287846,4878
6179,1774305555996967496,1774305556002076444,5108
6180,1774305556003744059,1774305556009956708,6212
6181,1774305556011492353,1774305556018691768,7199
6182,1774305556020378369,1774305556025271355,4892
6183,1774305556026884450,1774305556032340755,5456
6184,1774305556034018707,1774305556039120312,5101
6185,1774305556040759281,1774305556047137735,6378
6186,1774305556048916561,1774305556055699452,6782
6187,1774305556057426199,1774305556063090862,5664
6188,1774305556064768767,1774305556071326725,6557
6189,1774305556073206857,1774305556080265576,7058
6190,1774305556082039610,1774305556086970595,4930
6191,1774305556088737251,1774305556093533436,4796
6192,1774305556095422295,1774305556101192272,5769
6193,1774305556103121604,1774305556108818778,5697
6194,1774305556110487423,1774305556116062427,5575
6195,1774305556117846033,1774305556123366886,5520
6196,1774305556125163015,1774305556130231359,5068
6197,1774305556131680554,1774305556136457277,4776
6198,1774305556138039919,1774305556143126762,5086
6199,1774305556144507082,1774305556148839583,4332
6200,1774305556150295719,1774305556155351633,5055
6201,1774305556156968455,1774305556162467652,5499
6202,1774305556164160023,1774305556170934338,6774
6203,1774305556172768117,1774305556177660676,4892
6204,1774305556179349343,1774305556184773540,5424
6205,1774305556186552491,1774305556191594030,5041
6206,1774305556193363426,1774305556199079318,5715
6207,1774305556200904141,1774305556206852196,5948
6208,1774305556208704074,1774305556214659339,5955
6209,1774305556216564906,1774305556222239868,5674
6210,1774305556224380829,1774305556231573716,7192
6211,1774305556233252425,1774305556238436934,5184
6212,1774305556240131910,1774305556245457874,5325
6213,1774305556247241896,1774305556254171045,6929
6214,1774305556255849149,1774305556260416194,4567
6215,1774305556262121209,1774305556267643842,5522
6216,1774305556269170084,1774305556274024871,4854
6217,1774305556275427974,1774305556279967052,4539
6218,1774305556281537898,1774305556286330632,4792
6219,1774305556288084857,1774305556293222774,5137
6220,1774305556295087861,1774305556301016135,5928
6221,1774305556302757109,1774305556308109457,5352
6222,1774305556309885609,1774305556316994492,7108
6223,1774305556318811095,1774305556325708590,6897
6224,1774305556327391333,1774305556332772304,5380
6225,1774305556334436001,1774305556341283644,6847
6226,1774305556343033074,1774305556349717586,6684
6227,1774305556351361394,1774305556356601355,5239
6228,1774305556358419877,1774305556365182270,6762
6229,1774305556367031425,1774305556372040485,5009
6230,1774305556373665616,1774305556379398104,5732
6231,1774305556381247873,1774305556387993127,6745
6232,1774305556389754411,1774305556395361859,5607
6233,1774305556397207311,1774305556403306437,6099
6234,1774305556404955984,1774305556409692683,4736
6235,1774305556411553768,1774305556416715511,5161
6236,1774305556418262613,1774305556422967126,4704
6237,1774305556424563502,1774305556429451987,4888
6238,1774305556431074860,1774305556436028085,4953
6239,1774305556437839010,1774305556443481501,5642
6240,1774305556445156512,1774305556451287228,6130
6241,1774305556453121701,1774305556459989859,6868
6242,1774305556462018051,1774305556467438953,5420
6243,1774305556469169609,1774305556475580009,6410
6244,1774305556477577008,1774305556483217216,5640
6245,1774305556485054024,1774305556489881373,4827
6246,1774305556491520850,1774305556496685712,5164
6247,1774305556498565289,1774305556505207508,6642
6248,1774305556506938291,1774305556511701890,4763
6249,1774305556513548029,1774305556519407872,5859
6250,1774305556521147697,1774305556527262193,6114
6251,1774305556529069941,1774305556535384793,6314
6252,1774305556537057862,1774305556541643648,4585
6253,1774305556543183789,1774305556548158218,4974
6254,1774305556549851872,1774305556555744972,5893
6255,1774305556557473872,1774305556563151625,5677
6256,1774305556564582659,1774305556569502377,4919
6257,1774305556571147129,1774305556576554881,5407
6258,1774305556578103793,1774305556585583813,7480
6259,1774305556587363780,1774305556593152639,5788
6260,1774305556594970107,1774305556600396680,5426
6261,1774305556602175263,1774305556609269988,7094
6262,1774305556611049663,1774305556616586300,5536
6263,1774305556618480452,1774305556624525482,6045
6264,1774305556626260104,1774305556631940037,5679
6265,1774305556633597541,1774305556640014939,6417
6266,1774305556641982572,1774305556648802785,6820
6267,1774305556650589979,1774305556655812188,5222
6268,1774305556657481556,1774305556664030970,6549
6269,1774305556665864769,1774305556670935829,5071
6270,1774305556672544711,1774305556677255116,4710
6271,1774305556678896116,1774305556683476574,4580
6272,1774305556685168812,1774305556689877876,4709
6273,1774305556691650512,1774305556697495803,5845
6274,1774305556699180096,1774305556704795970,5615
6275,1774305556706509111,1774305556711048873,4539
6276,1774305556712740955,1774305556719548492,6807
6277,1774305556721165374,1774305556726131372,4965
6278,1774305556727746751,1774305556734507904,6761
6279,1774305556736263881,1774305556741647812,5383
6280,1774305556743314763,1774305556748963427,5648
6281,1774305556750630273,1774305556757719471,7089
6282,1774305556759344123,1774305556764621982,5277
6283,1774305556766253909,1774305556772129770,5875
6284,1774305556773842604,1774305556778781332,4938
6285,1774305556780411959,1774305556785754068,5342
6286,1774305556787406310,1774305556793336192,5929
6287,1774305556795117393,1774305556800733938,5616
6288,1774305556802387365,1774305556807688122,5300
6289,1774305556809330829,1774305556814550278,5219
6290,1774305556816296768,1774305556821416051,5119
6291,1774305556823102481,1774305556828986009,5883
6292,1774305556830548144,1774305556835713472,5165
6293,1774305556837508221,1774305556842988794,5480
6294,1774305556844610270,1774305556850216346,5606
6295,1774305556851846617,1774305556857305274,5458
6296,1774305556859019811,1774305556863774810,4754
6297,1774305556865440981,1774305556870384680,4943
6298,1774305556872121692,1774305556878211438,6089
6299,1774305556880002679,1774305556885933436,5930
6300,1774305556887907099,1774305556894887579,6980
6301,1774305556896705630,1774305556902279441,5573
6302,1774305556903929037,1774305556910256724,6327
6303,1774305556912014598,1774305556917365282,5350
6304,1774305556919034258,1774305556924456905,5422
6305,1774305556926389691,1774305556932066207,5676
6306,1774305556933905229,1774305556938977048,5071
6307,1774305556940804125,1774305556947923448,7119
6308,1774305556949615054,1774305556954247633,4632
6309,1774305556955845422,1774305556962856208,7010
6310,1774305556964328881,1774305556969600304,5271
6311,1774305556971470581,1774305556976376076,4905
6312,1774305556977852331,1774305556982797877,4945
6313,1774305556984378354,1774305556989978418,5600
6314,1774305556991933489,1774305556996734339,4800
6315,1774305556998374587,1774305557003777408,5402
6316,1774305557005427996,1774305557011506419,6078
6317,1774305557013434072,1774305557019182581,5748
6318,1774305557021030139,1774305557026724701,5694
6319,1774305557028377610,1774305557035041997,6664
6320,1774305557036971322,1774305557041917014,4945
6321,1774305557043613538,1774305557049580213,5966
6322,1774305557051409035,1774305557056798596,5389
6323,1774305557058704898,1774305557064661034,5956
6324,1774305557066358798,1774305557071746343,5387
6325,1774305557073416780,1774305557079197161,5780
6326,1774305557081019562,1774305557087477489,6457
6327,1774305557089289482,1774305557094433425,5143
6328,1774305557096004900,1774305557102732252,6727
6329,1774305557104402104,1774305557109300130,4898
6330,1774305557111082096,1774305557115592502,4510
6331,1774305557117030226,1774305557121935190,4904
6332,1774305557123728662,1774305557129130985,5402
6333,1774305557130763205,1774305557136493532,5730
6334,1774305557138123987,1774305557144994178,6870
6335,1774305557146646526,1774305557153134035,6487
6336,1774305557154816117,1774305557161049389,6233
6337,1774305557162734601,1774305557167416138,4681
6338,1774305557169101812,1774305557174503982,5402
6339,1774305557176316203,1774305557181212843,4896
6340,1774305557182950203,1774305557187771120,4820
6341,1774305557189653647,1774305557196650822,6997
6342,1774305557198335584,1774305557203271723,4936
6343,1774305557205037524,1774305557209753557,4716
6344,1774305557211485643,1774305557218798681,7313
6345,1774305557220553625,1774305557227716436,7162
6346,1774305557229457425,1774305557235010734,5553
6347,1774305557236514996,1774305557241721239,5206
6348,1774305557243159697,1774305557250298903,7139
6349,1774305557251860824,1774305557257342712,5481
6350,1774305557259054430,1774305557264048302,4993
6351,1774305557265596876,1774305557272420324,6823
6352,1774305557274204088,1774305557280924539,6720
6353,1774305557282656648,1774305557287917381,5260
6354,1774305557289681026,1774305557295143057,5462
6355,1774305557297015128,1774305557302732571,5717
6356,1774305557304609495,1774305557310514056,5904
6357,1774305557312217189,1774305557317525012,5307
6358,1774305557319246432,1774305557324257993,5011
6359,1774305557326036931,1774305557332981470,6944
6360,1774305557334591694,1774305557340057348,5465
6361,1774305557341811138,1774305557347410134,5598
6362,1774305557349135047,1774305557354428993,5293
6363,1774305557356164184,1774305557363361015,7196
6364,1774305557364997873,1774305557370674579,5676
6365,1774305557372232801,1774305557379287186,7054
6366,1774305557380965322,1774305557386773302,5807
6367,1774305557388481738,1774305557394323928,5842
6368,1774305557395992168,1774305557401194640,5202
6369,1774305557402949342,1774305557408151271,5201
6370,1774305557409863211,1774305557416072022,6208
6371,1774305557417863117,1774305557424816918,6953
6372,1774305557426460097,1774305557431963552,5503
6373,1774305557433754776,1774305557440176281,6421
6374,1774305557442041852,1774305557448789890,6748
6375,1774305557450538429,1774305557455799435,5261
6376,1774305557457441433,1774305557463026599,5585
6377,1774305557464901159,1774305557471859102,6957
6378,1774305557473776873,1774305557478564841,4787
6379,1774305557480384563,1774305557485730192,5345
6380,1774305557487522743,1774305557493013643,5490
6381,1774305557494824684,1774305557500257536,5432
6382,1774305557502054804,1774305557506645130,4590
6383,1774305557508334007,1774305557513574455,5240
6384,1774305557515247560,1774305557522356952,7109
6385,1774305557523986950,1774305557529378908,5391
6386,1774305557530984101,1774305557536680809,5696
6387,1774305557538270281,1774305557544189900,5919
6388,1774305557545943626,1774305557550483453,4539
6389,1774305557552236561,1774305557557575381,5338
6390,1774305557559466050,1774305557566004647,6538
6391,1774305557567858913,1774305557572930415,5071
6392,1774305557574802935,1774305557579901923,5098
6393,1774305557581549310,1774305557588530657,6981
6394,1774305557590495567,1774305557595509918,5014
6395,1774305557597297138,1774305557602995226,5698
6396,1774305557604660355,1774305557610456635,5796
6397,1774305557612295277,1774305557618292435,5997
6398,1774305557620212093,1774305557625862992,5650
6399,1774305557627645133,1774305557633377750,5732
6400,1774305557635148985,1774305557640444443,5295
6401,1774305557642122453,1774305557647020430,4897
6402,1774305557648632394,1774305557653400608,4768
6403,1774305557655081368,1774305557660057797,4976
6404,1774305557661752230,1774305557666047147,4294
6405,1774305557667642059,1774305557674066040,6423
6406,1774305557675918655,1774305557682106893,6188
6407,1774305557683737245,1774305557688326730,4589
6408,1774305557689955283,1774305557696705695,6750
6409,1774305557698517658,1774305557705308884,6791
6410,1774305557707024911,1774305557712112361,5087
6411,1774305557713727039,1774305557720613977,6886
6412,1774305557722460991,1774305557727300370,4839
6413,1774305557729023073,1774305557735231922,6208
6414,1774305557737155489,1774305557744039182,6883
6415,1774305557745766624,1774305557751113281,5346
6416,1774305557752819473,1774305557759181094,6361
6417,1774305557760792099,1774305557767671798,6879
6418,1774305557769246187,1774305557774023113,4776
6419,1774305557775633779,1774305557781394346,5760
6420,1774305557782708941,1774305557787113848,4404
6421,1774305557788547197,1774305557794406042,5858
6422,1774305557795657668,1774305557800059730,4402
6423,1774305557801385299,1774305557806863877,5478
6424,1774305557808449241,1774305557813477617,5028
6425,1774305557815067154,1774305557821024963,5957
6426,1774305557822663405,1774305557827353380,4689
6427,1774305557829029533,1774305557833805910,4776
6428,1774305557835595188,1774305557842818145,7222
6429,1774305557844583120,1774305557850298009,5714
6430,1774305557852088481,1774305557857085340,4996
6431,1774305557858850758,1774305557866119741,7268
6432,1774305557867800156,1774305557873112923,5312
6433,1774305557874991244,1774305557880095727,5104
6434,1774305557881947229,1774305557886802927,4855
6435,1774305557888622600,1774305557894547439,5924
6436,1774305557896392646,1774305557901716001,5323
6437,1774305557903425035,1774305557909161163,5736
6438,1774305557910951113,1774305557915663956,4712
6439,1774305557917422742,1774305557922102634,4679
6440,1774305557923676184,1774305557928445161,4768
6441,1774305557930057844,1774305557934698256,4640
6442,1774305557936291634,1774305557942234996,5943
6443,1774305557943805860,1774305557950880080,7074
6444,1774305557952899875,1774305557959736249,6836
6445,1774305557961564956,1774305557966370402,4805
6446,1774305557968046807,1774305557973495540,5448
6447,1774305557975443277,1774305557982352058,6908
6448,1774305557984292757,1774305557989493958,5201
6449,1774305557991408065,1774305557996968707,5560
6450,1774305557998652937,1774305558003958937,5306
6451,1774305558005642940,1774305558010548660,4905
6452,1774305558012473475,1774305558019929359,7455
6453,1774305558021975864,1774305558026806674,4830
6454,1774305558028460111,1774305558033726882,5266
6455,1774305558035490260,1774305558042591281,7101
6456,1774305558044345959,1774305558051511118,7165
6457,1774305558053079063,1774305558058634324,5555
6458,1774305558060317233,1774305558067457937,7140
6459,1774305558068971046,1774305558073444785,4473
6460,1774305558075107051,1774305558080504494,5397
6461,1774305558082131812,1774305558087442195,5310
6462,1774305558089066920,1774305558093833619,4766
6463,1774305558095482554,1774305558100569730,5087
6464,1774305558102215087,1774305558107981820,5766
6465,1774305558109736344,1774305558115166264,5429
6466,1774305558116794950,1774305558121456814,4661
6467,1774305558123280987,1774305558130418174,7137
6468,1774305558132154442,1774305558137293250,5138
6469,1774305558139074627,1774305558144918793,5844
6470,1774305558146786008,1774305558151592630,4806
6471,1774305558153290809,1774305558158842095,5551
6472,1774305558160669276,1774305558165770964,5101
6473,1774305558167296674,1774305558172116339,4819
6474,1774305558173785060,1774305558178446356,4661
6475,1774305558180133092,1774305558184623126,4490
6476,1774305558186051483,1774305558190500044,4448
6477,1774305558192281142,1774305558197210498,4929
6478,1774305558198932848,1774305558203539730,4606
6479,1774305558205297214,1774305558211325643,6028
6480,1774305558212888516,1774305558217359612,4471
6481,1774305558218866199,1774305558224267476,5401
6482,1774305558226026248,1774305558231979125,5952
6483,1774305558233647420,1774305558239259083,5611
6484,1774305558241056410,1774305558247964878,6908
6485,1774305558249594469,1774305558255666578,6072
6486,1774305558257474457,1774305558262639220,5164
6487,1774305558264483543,1774305558269252011,4768
6488,1774305558270922642,1774305558276609966,5687
6489,1774305558278490409,1774305558285411641,6921
6490,1774305558287140718,1774305558292784443,5643
6491,1774305558294464188,1774305558299453528,4989
6492,1774305558301124415,1774305558306268833,5144
6493,1774305558307938662,1774305558313401655,5462
6494,1774305558315183925,1774305558322319277,7135
6495,1774305558324055110,1774305558329477121,5422
6496,1774305558331216958,1774305558336829119,5612
6497,1774305558338484044,1774305558345743206,7259
6498,1774305558347488764,1774305558352975680,5486
6499,1774305558354577732,1774305558359435511,4857
6500,1774305558361103013,1774305558366115415,5012
6501,1774305558367832700,1774305558374797146,6964
6502,1774305558376748053,1774305558382350577,5602
6503,1774305558384470168,1774305558389667501,5197
6504,1774305558391317811,1774305558397401716,6083
6505,1774305558399152577,1774305558404281539,5128
6506,1774305558406021082,1774305558411240324,5219
6507,1774305558413060535,1774305558420287608,7227
6508,1774305558421932114,1774305558426708052,4775
6509,1774305558428585357,1774305558434198181,5612
6510,1774305558436071368,1774305558441834855,5763
6511,1774305558443549141,1774305558449210047,5660
6512,1774305558451043586,1774305558456094953,5051
6513,1774305558457855886,1774305558463864880,6008
6514,1774305558465542640,1774305558470218127,4675
6515,1774305558471844245,1774305558479061602,7217
6516,1774305558480750476,1774305558485913148,5162
6517,1774305558487546286,1774305558492204588,4658
6518,1774305558493756412,1774305558498326726,4570
6519,1774305558499873352,1774305558504390204,4516
6520,1774305558505994988,1774305558510566253,4571
6521,1774305558512262874,1774305558517204727,4941
6522,1774305558518979385,1774305558524337319,5357
6523,1774305558526229728,1774305558531527537,5297
6524,1774305558533332527,1774305558539375552,6043
6525,1774305558541142630,1774305558547196843,6054
6526,1774305558548887317,1774305558553592359,4705
6527,1774305558555517812,1774305558560403499,4885
6528,1774305558562108979,1774305558568055035,5946
6529,1774305558569860026,1774305558575950317,6090
6530,1774305558577656163,1774305558585099485,7443
6531,1774305558586919339,1774305558591601423,4682
6532,1774305558593283429,1774305558599131859,5848
6533,1774305558600812557,1774305558607868449,7055
6534,1774305558609540781,1774305558614580597,5039
6535,1774305558615972905,1774305558622094820,6121
6536,1774305558623844700,1774305558628434314,4589
6537,1774305558630036774,1774305558636190898,6154
6538,1774305558637844246,1774305558642899429,5055
6539,1774305558644527324,1774305558649564844,5037
6540,1774305558651173221,1774305558657352978,6179
6541,1774305558659090812,1774305558665149071,6058
6542,1774305558667143219,1774305558672819471,5676
6543,1774305558674475429,1774305558679333896,4858
6544,1774305558681054188,1774305558686634614,5580
6545,1774305558688513561,1774305558694515088,6001
6546,1774305558696431498,1774305558702106115,5674
6547,1774305558703794701,1774305558708510504,4715
6548,1774305558710388903,1774305558715968424,5579
6549,1774305558717839370,1774305558723337815,5498
6550,1774305558725110434,1774305558730548989,5438
6551,1774305558732090217,1774305558739213578,7123
6552,1774305558740966616,1774305558747143128,6176
6553,1774305558748794641,1774305558753158463,4363
6554,1774305558754609328,1774305558759530790,4921
6555,1774305558761097143,1774305558765842410,4745
6556,1774305558767476882,1774305558772260046,4783
6557,1774305558773711575,1774305558779562450,5850
6558,1774305558781377776,1774305558788201453,6823
6559,1774305558789844797,1774305558794969288,5124
6560,1774305558796730911,1774305558803586732,6855
6561,1774305558805341683,1774305558810768855,5427
6562,1774305558812420720,1774305558818018496,5597
6563,1774305558819968242,1774305558826286747,6318
6564,1774305558828168753,1774305558833469151,5300
6565,1774305558835212493,1774305558840531156,5318
6566,1774305558842517016,1774305558849543213,7026
6567,1774305558851272223,1774305558857085951,5813
6568,1774305558858791178,1774305558864281986,5490
6569,1774305558866279635,1774305558871721741,5442
6570,1774305558873387280,1774305558879164050,5776
6571,1774305558880770523,1774305558886390522,5619
6572,1774305558888110251,1774305558893007648,4897
6573,1774305558894631014,1774305558898930786,4299
6574,1774305558900218528,1774305558905022422,4803
6575,1774305558906681905,1774305558911584618,4902
6576,1774305558913231746,1774305558918292334,5060
6577,1774305558920069072,1774305558926830440,6761
6578,1774305558928654911,1774305558933805760,5150
6579,1774305558935470615,1774305558940808589,5337
6580,1774305558942480351,1774305558949650673,7170
6581,1774305558951281591,1774305558956881096,5599
6582,1774305558958546796,1774305558964438376,5891
6583,1774305558966631112,1774305558973601620,6970
6584,1774305558975450378,1774305558980397794,4947
6585,1774305558982095226,1774305558988221026,6125
6586,1774305558990033137,1774305558996877329,6844
6587,1774305558998517579,1774305559005063428,6545
6588,1774305559006801928,1774305559011242876,4440
6589,1774305559013036624,1774305559018367000,5330
6590,1774305559020168026,1774305559025460484,5292
6591,1774305559026994276,1774305559033931593,6937
6592,1774305559035596408,1774305559040286303,4689
6593,1774305559041985218,1774305559047710588,5725
6594,1774305559049415094,1774305559054765261,5350
6595,1774305559056443224,1774305559062549524,6106
6596,1774305559064459188,1774305559071331144,6871
6597,1774305559073123090,1774305559078160617,5037
6598,1774305559079872338,1774305559086136662,6264
6599,1774305559087923580,1774305559092741394,4817
6600,1774305559094381553,1774305559099664669,5283
6601,1774305559101526489,1774305559107601228,6074
6602,1774305559109497732,1774305559115122022,5624
6603,1774305559117048395,1774305559122893264,5844
6604,1774305559124522527,1774305559131590869,7068
6605,1774305559133473615,1774305559139178403,5704
6606,1774305559140953031,1774305559147983350,7030
6607,1774305559149642903,1774305559154861674,5218
6608,1774305559156441772,1774305559163589719,7147
6609,1774305559165144283,1774305559172056252,6911
6610,1774305559173493155,1774305559177920198,4427
6611,1774305559179593406,1774305559184442227,4848
6612,1774305559186075984,1774305559190708545,4632
6613,1774305559192493379,1774305559198994176,6500
6614,1774305559200734347,1774305559206987114,6252
6615,1774305559208677300,1774305559213484913,4807
6616,1774305559215335654,1774305559220646545,5310
6617,1774305559222505468,1774305559228167655,5662
6618,1774305559229911223,1774305559235215857,5304
6619,1774305559237114366,1774305559244274129,7159
6620,1774305559246021650,1774305559250896558,4874
6621,1774305559252544945,1774305559257397000,4852
6622,1774305559259391258,1774305559264514499,5123
6623,1774305559266445071,1774305559272302858,5857
6624,1774305559274095347,1774305559279641733,5546
6625,1774305559281295387,1774305559288487350,7191
6626,1774305559299864167,1774305559304945092,5080
6627,1774305559306556287,1774305559313558470,7002
6628,1774305559315185637,1774305559320038812,4853
6629,1774305559321624553,1774305559326324837,4700
6630,1774305559327962920,1774305559332631110,4668
6631,1774305559334342575,1774305559341155601,6813
6632,1774305559342832604,1774305559347875514,5042
6633,1774305559349635866,1774305559355043746,5407
6634,1774305559356974478,1774305559361725602,4751
6635,1774305559363482544,1774305559368591134,5108
6636,1774305559370433796,1774305559376539553,6105
6637,1774305559378438944,1774305559384220766,5781
6638,1774305559386021773,1774305559391395979,5374
6639,1774305559393256322,1774305559398678002,5421
6640,1774305559400314199,1774305559406171039,5856
6641,1774305559408042533,1774305559413862673,5820
6642,1774305559415669404,1774305559421263734,5594
6643,1774305559423033622,1774305559428034947,5001
6644,1774305559429741132,1774305559434431086,4689
6645,1774305559436086565,1774305559440655818,4569
6646,1774305559442327940,1774305559446904662,4576
6647,1774305559448621414,1774305559456011435,7390
6648,1774305559457685198,1774305559462387529,4702
6649,1774305559463810543,1774305559469281890,5471
6650,1774305559471100052,1774305559476822747,5722
6651,1774305559478527873,1774305559483939181,5411
6652,1774305559485727257,1774305559492061740,6334
6653,1774305559493947443,1774305559498684648,4737
6654,1774305559500545090,1774305559505589904,5044
6655,1774305559507304053,1774305559513391424,6087
6656,1774305559515267248,1774305559520595404,5328
6657,1774305559522295476,1774305559527282345,4986
6658,1774305559529114472,1774305559536095155,6980
6659,1774305559537740983,1774305559543011531,5270
6660,1774305559544678984,1774305559549942659,5263
6661,1774305559551628358,1774305559556377971,4749
6662,1774305559558044951,1774305559562540765,4495
6663,1774305559564277464,1774305559571462299,7184
6664,1774305559573231819,1774305559580167012,6935
6665,1774305559581879765,1774305559586497299,4617
6666,1774305559588094148,1774305559593549397,5455
6667,1774305559595178042,1774305559600974530,5796
6668,1774305559602508736,1774305559608601344,6092
6669,1774305559610319251,1774305559615514348,5195
6670,1774305559617172811,1774305559622068488,4895
6671,1774305559623672643,1774305559628257523,4584
6672,1774305559629846422,1774305559634474952,4628
6673,1774305559636101782,1774305559641303462,5201
6674,1774305559643138952,1774305559649177768,6038
6675,1774305559650923507,1774305559656720783,5797
6676,1774305559658560127,1774305559664337168,5777
6677,1774305559666025878,1774305559670775175,4749
6678,1774305559672415935,1774305559677498917,5082
6679,1774305559679344905,1774305559686149792,6804
6680,1774305559688002463,1774305559693310118,5307
6681,1774305559695249424,1774305559701245042,5995
6682,1774305559702706171,1774305559709831016,7124
6683,1774305559711532193,1774305559716531934,4999
6684,1774305559718110962,1774305559723653696,5542
6685,1774305559725036870,1774305559730122062,5085
6686,1774305559731753103,1774305559736393741,4640
6687,1774305559738002060,1774305559743627860,5625
6688,1774305559745298886,1774305559750553005,5254
6689,1774305559752175714,1774305559757062831,4887
6690,1774305559758693552,1774305559763429110,4735
6691,1774305559765175720,1774305559770265099,5089
6692,1774305559771938076,1774305559778616000,6677
6693,1774305559780314164,1774305559785810621,5496
6694,1774305559787755991,1774305559793170043,5414
6695,1774305559794859475,1774305559799590600,4731
6696,1774305559801237490,1774305559806073565,4836
6697,1774305559807664277,1774305559812777583,5113
6698,1774305559814387743,1774305559819274699,4886
6699,1774305559820904179,1774305559825811953,4907
6700,1774305559827490163,1774305559834483345,6993
6701,1774305559836211624,1774305559841729670,5518
6702,1774305559843450109,1774305559848187758,4737
6703,1774305559849646075,1774305559854485651,4839
6704,1774305559856168045,1774305559861205287,5037
6705,1774305559863017721,1774305559868216554,5198
6706,1774305559869915233,1774305559874697197,4781
6707,1774305559876315129,1774305559882083589,5768
6708,1774305559883826342,1774305559888713726,4887
6709,1774305559890441946,1774305559895599794,5157
6710,1774305559897346105,1774305559903801280,6455
6711,1774305559905956972,1774305559912924070,6967
6712,1774305559914865972,1774305559920040474,5174
6713,1774305559921708243,1774305559928118167,6409
6714,1774305559929795499,1774305559936815823,7020
6715,1774305559938659604,1774305559943955977,5296
6716,1774305559945604498,1774305559951552255,5947
6717,1774305559953356132,1774305559960215150,6859
6718,1774305559961946939,1774305559967320356,5373
6719,1774305559969035393,1774305559975838246,6802
6720,1774305559977588702,1774305559982396122,4807
6721,1774305559984067925,1774305559990772297,6704
6722,1774305559992541017,1774305559998547750,6006
6723,1774305560000235422,1774305560004613843,4378
6724,1774305560006108622,1774305560011887169,5778
6725,1774305560013471395,1774305560018968957,5497
6726,1774305560020709893,1774305560025686411,4976
6727,1774305560027480405,1774305560034379412,6899
6728,1774305560036418285,1774305560041323569,4905
6729,1774305560043039571,1774305560050061208,7021
6730,1774305560051739835,1774305560058516260,6776
6731,1774305560060459202,1774305560065381191,4921
6732,1774305560067105428,1774305560072811076,5705
6733,1774305560074574245,1774305560079569602,4995
6734,1774305560081495365,1774305560086328739,4833
6735,1774305560088011831,1774305560093051832,5040
6736,1774305560094933321,1774305560100631007,5697
6737,1774305560102480360,1774305560107694649,5214
6738,1774305560109353206,1774305560115448103,6094
6739,1774305560117257662,1774305560121864740,4607
6740,1774305560123586150,1774305560128675996,5089
6741,1774305560130359219,1774305560135893110,5533
6742,1774305560137574970,1774305560143471635,5896
6743,1774305560145202479,1774305560149680664,4478
6744,1774305560151270092,1774305560156525494,5255
6745,1774305560158137365,1774305560164003888,5866
6746,1774305560165746753,1774305560172661730,6914
6747,1774305560174402254,1774305560179942788,5540
6748,1774305560181606384,1774305560186685355,5078
6749,1774305560188532010,1774305560193406158,4874
6750,1774305560195238188,1774305560200640049,5401
6751,1774305560202485212,1774305560208914321,6429
6752,1774305560210571111,1774305560215820221,5249
6753,1774305560217478117,1774305560222812932,5334
6754,1774305560224769622,1774305560229790386,5020
6755,1774305560231656992,1774305560237505893,5848
6756,1774305560239454120,1774305560245267734,5813
6757,1774305560246893671,1774305560251941076,5047
6758,1774305560253620033,1774305560260520011,6899
6759,1774305560262086651,1774305560266587739,4501
6760,1774305560268048938,1774305560274585146,6536
6761,1774305560276100769,1774305560280858818,4758
6762,1774305560282500808,1774305560287796216,5295
6763,1774305560289477789,1774305560295074869,5597
6764,1774305560296899787,1774305560302472676,5572
6765,1774305560304146163,1774305560310946307,6800
6766,1774305560312581084,1774305560319580092,6999
6767,1774305560321296431,1774305560327186194,5889
6768,1774305560328901555,1774305560335217275,6315
6769,1774305560336992780,1774305560343298608,6305
6770,1774305560345050543,1774305560349936047,4885
6771,1774305560351611023,1774305560356771021,5159
6772,1774305560358653589,1774305560365576865,6923
6773,1774305560367528852,1774305560372908328,5379
6774,1774305560374806323,1774305560381652386,6846
6775,1774305560383316833,1774305560388577551,5260
6776,1774305560390269107,1774305560397429455,7160
6777,1774305560399084021,1774305560404211948,5127
6778,1774305560405998076,1774305560412706589,6708
6779,1774305560414379398,1774305560419318731,4939
6780,1774305560420997917,1774305560426213979,5216
6781,1774305560427976296,1774305560433608857,5632
6782,1774305560435259827,1774305560440216979,4957
6783,1774305560441947523,1774305560447450073,5502
6784,1774305560449172300,1774305560454930773,5758
6785,1774305560456752926,1774305560462207310,5454
6786,1774305560463888117,1774305560468648405,4760
6787,1774305560470361394,1774305560475258686,4897
6788,1774305560477051211,1774305560481842410,4791
6789,1774305560483593167,1774305560490063939,6470
6790,1774305560491762196,1774305560497572234,5810
6791,1774305560499424723,1774305560504395277,4970
6792,1774305560506105909,1774305560511134466,5028
6793,1774305560512946356,1774305560519776625,6830
6794,1774305560521883165,1774305560527384136,5500
6795,1774305560529171167,1774305560534536682,5365
6796,1774305560536244128,1774305560543324187,7080
6797,1774305560545018213,1774305560549435405,4417
6798,1774305560550983784,1774305560555988800,5005
6799,1774305560557581849,1774305560563034175,5452
6800,1774305560564698659,1774305560569498008,4799
6801,1774305560571041492,1774305560576203367,5161
6802,1774305560577802223,1774305560583149471,5347
6803,1774305560585069778,1774305560590848179,5778
6804,1774305560592924205,1774305560598308826,5384
6805,1774305560599988672,1774305560605880738,5892
6806,1774305560607643929,1774305560613024974,5381
6807,1774305560614704301,1774305560619959544,5255
6808,1774305560621735582,1774305560626865423,5129
6809,1774305560628589239,1774305560634144396,5555
6810,1774305560635996732,1774305560641500166,5503
6811,1774305560643243888,1774305560648963940,5720
6812,1774305560650623422,1774305560657456764,6833
6813,1774305560659474095,1774305560665928718,6454
6814,1774305560667620367,1774305560673205142,5584
6815,1774305560674929503,1774305560680119683,5190
6816,1774305560681687093,1774305560686325084,4637
6817,1774305560688079622,1774305560692761886,4682
6818,1774305560694505106,1774305560701604629,7099
6819,1774305560703329891,1774305560708216513,4886
6820,1774305560709972872,1774305560715568505,5595
6821,1774305560717229645,1774305560723208764,5979
6822,1774305560724848880,1774305560729482763,4633
6823,1774305560731211735,1774305560736520371,5308
6824,1774305560738333093,1774305560743822771,5489
6825,1774305560745773962,1774305560752187287,6413
6826,1774305560754033494,1774305560759793722,5760
6827,1774305560761457140,1774305560766367445,4910
6828,1774305560767863650,1774305560772581118,4717
6829,1774305560774303220,1774305560779464848,5161
6830,1774305560781046619,1774305560786021364,4974
6831,1774305560787661443,1774305560794012704,6351
6832,1774305560795804343,1774305560800958379,5154
6833,1774305560802692197,1774305560807215818,4523
6834,1774305560808810429,1774305560813440150,4629
6835,1774305560815134106,1774305560820126405,4992
6836,1774305560821750473,1774305560827246606,5496
6837,1774305560828934882,1774305560834030836,5095
6838,1774305560835700369,1774305560840323431,4623
6839,1774305560841969810,1774305560846788648,4818
6840,1774305560848566487,1774305560853675764,5109
6841,1774305560855486692,1774305560862157209,6670
6842,1774305560864066337,1774305560869839165,5772
6843,1774305560871553405,1774305560876730272,5176
6844,1774305560878503079,1774305560885914403,7411
6845,1774305560887682731,1774305560893195318,5512
6846,1774305560894953510,1774305560900049785,5096
6847,1774305560901650068,1774305560906558266,4908
6848,1774305560908305356,1774305560914040324,5734
6849,1774305560915649480,1774305560921167998,5518
6850,1774305560922926591,1774305560929101594,6175
6851,1774305560930883633,1774305560936357895,5474
6852,1774305560938139286,1774305560945188535,7049
6853,1774305560946983676,1774305560954146712,7163
6854,1774305560955859716,1774305560960732152,4872
6855,1774305560962282775,1774305560967863555,5580
6856,1774305560969524738,1774305560974432631,4907
6857,1774305560975677569,1774305560980499007,4821
6858,1774305560982157630,1774305560986824492,4666
6859,1774305560988433473,1774305560993459158,5025
6860,1774305560995396105,1774305561000972429,5576
6861,1774305561002735905,1774305561008207260,5471
6862,1774305561009932000,1774305561014774720,4842
6863,1774305561016698644,1774305561021561855,4863
6864,1774305561023425827,1774305561029025890,5600
6865,1774305561030811946,1774305561035940651,5128
6866,1774305561037778826,1774305561042809659,5030
6867,1774305561044568752,1774305561049993850,5425
6868,1774305561051941416,1774305561058115370,6173
6869,1774305561059930817,1774305561065323034,5392
6870,1774305561067047628,1774305561072076436,5028
6871,1774305561073957597,1774305561079418849,5461
6872,1774305561080952182,1774305561087982346,7030
6873,1774305561089430463,1774305561094748980,5318
6874,1774305561096508712,1774305561101719144,5210
6875,1774305561103347019,1774305561108294191,4947
6876,1774305561109998251,1774305561114738013,4739
6877,1774305561116412513,1774305561123462613,7050
6878,1774305561125184074,1774305561131046364,5862
6879,1774305561132967014,1774305561138645287,5678
6880,1774305561140349747,1774305561146404999,6055
6881,1774305561148366955,1774305561155246457,6879
6882,1774305561157150647,1774305561162587648,5437
6883,1774305561164378970,1774305561170347597,5968
6884,1774305561172277396,1774305561178158145,5880
6885,1774305561179916316,1774305561184711729,4795
6886,1774305561186373649,1774305561191621100,5247
6887,1774305561193496983,1774305561198530963,5033
6888,1774305561200294502,1774305561205924582,5630
6889,1774305561207630462,1774305561214030969,6400
6890,1774305561215764895,1774305561220365409,4600
6891,1774305561221739386,1774305561227075273,5335
6892,1774305561228510103,1774305561233315860,4805
6893,1774305561234965623,1774305561240236777,5271
6894,1774305561241800654,1774305561247368876,5568
6895,1774305561249033699,1774305561254217669,5183
6896,1774305561255857218,1774305561260721420,4864
6897,1774305561262414425,1774305561267737101,5322
6898,1774305561269418551,1774305561275156525,5737
6899,1774305561277039077,1774305561282848237,5809
6900,1774305561284536514,1774305561291072053,6535
6901,1774305561292862114,1774305561298585086,5722
6902,1774305561300249754,1774305561305715902,5466
6903,1774305561307370329,1774305561312343392,4973
6904,1774305561314117075,1774305561319487973,5370
6905,1774305561321383323,1774305561327070166,5686
6906,1774305561328869655,1774305561333621755,4752
6907,1774305561335400792,1774305561340996674,5595
6908,1774305561342657679,1774305561347501160,4843
6909,1774305561349261137,1774305561356282982,7021
6910,1774305561357966213,1774305561363068792,5102
6911,1774305561364617902,1774305561369730082,5112
6912,1774305561371390464,1774305561375781970,4391
6913,1774305561377528092,1774305561384807443,7279
6914,1774305561386495742,1774305561392138763,5643
6915,1774305561393740745,1774305561398933588,5192
6916,1774305561400629334,1774305561405742916,5113
6917,1774305561407419672,1774305561414489864,7070
6918,1774305561416293208,1774305561421914661,5621
6919,1774305561423874898,1774305561429050280,5175
6920,1774305561430715223,1774305561435589514,4874
6921,1774305561437277410,1774305561444280237,7002
6922,1774305561445945091,1774305561451029021,5083
6923,1774305561452663148,1774305561458014211,5351
6924,1774305561459875070,1774305561465191154,5316
6925,1774305561466937711,1774305561471581345,4643
6926,1774305561473283865,1774305561478710382,5426
6927,1774305561480548642,1774305561487561939,7013
6928,1774305561489396637,1774305561494671962,5275
6929,1774305561496419014,1774305561501985880,5566
6930,1774305561503565152,1774305561508717067,5151
6931,1774305561510372290,1774305561515276249,4903
6932,1774305561516899065,1774305561522268937,5369
6933,1774305561523829304,1774305561528583921,4754
6934,1774305561530156064,1774305561535983006,5826
6935,1774305561537628720,1774305561543068602,5439
6936,1774305561544677864,1774305561550201168,5523
6937,1774305561551873925,1774305561556609480,4735
6938,1774305561558255553,1774305561563063656,4808
6939,1774305561564679914,1774305561571536461,6856
6940,1774305561573370413,1774305561579213578,5843
6941,1774305561581028707,1774305561586622184,5593
6942,1774305561588285241,1774305561593182699,4897
6943,1774305561594855559,1774305561599699831,4844
6944,1774305561601473393,1774305561608629868,7156
6945,1774305561610448023,1774305561616634896,6186
6946,1774305561618373342,1774305561624211657,5838
6947,1774305561626088864,1774305561631716305,5627
6948,1774305561633289798,1774305561637952042,4662
6949,1774305561639710474,1774305561644853635,5143
6950,1774305561646473299,1774305561652069120,5595
6951,1774305561653747203,1774305561658285209,4538
6952,1774305561659896455,1774305561664995900,5099
6953,1774305561666694335,1774305561672131371,5437
6954,1774305561673770246,1774305561678605633,4835
6955,1774305561680264823,1774305561685677753,5412
6956,1774305561687291748,1774305561693391864,6100
6957,1774305561695260167,1774305561701168773,5908
6958,1774305561702928216,1774305561707740375,4812
6959,1774305561709405555,1774305561714478533,5072
6960,1774305561716537412,1774305561723843899,7306
6961,1774305561725616513,1774305561731040439,5423
6962,1774305561732958697,1774305561739782350,6823
6963,1774305561741504340,1774305561747307495,5803
6964,1774305561749071584,1774305561754189635,5118
6965,1774305561755997109,1774305561760767921,4770
6966,1774305561762396201,1774305561769547235,7151
6967,1774305561771218590,1774305561776450745,5232
6968,1774305561778088535,1774305561782740508,4651
6969,1774305561784407625,1774305561789501517,5093
6970,1774305561791066073,1774305561797489284,6423
6971,1774305561799298113,1774305561806097682,6799
6972,1774305561807843705,1774305561812728498,4884
6973,1774305561814375649,1774305561819897676,5522
6974,1774305561821608761,1774305561826644346,5035
6975,1774305561828619877,1774305561834648793,6028
6976,1774305561836490850,1774305561841960203,5469
6977,1774305561843615271,1774305561848835736,5220
6978,1774305561850551784,1774305561856427863,5876
6979,1774305561858300692,1774305561864349319,6048
6980,1774305561866144531,1774305561872179339,6034
6981,1774305561873883576,1774305561878738815,4855
6982,1774305561880398598,1774305561885331549,4932
6983,1774305561887219134,1774305561893337842,6118
6984,1774305561895045859,1774305561901219130,6173
6985,1774305561902961039,1774305561909905952,6944
6986,1774305561911554898,1774305561917021144,5466
6987,1774305561918711535,1774305561923370101,4658
6988,1774305561925050751,1774305561931285939,6235
6989,1774305561932977241,1774305561938442950,5465
6990,1774305561940191939,1774305561945150230,4958
6991,1774305561946752126,1774305561951476682,4724
6992,1774305561953073337,1774305561958747522,5674
6993,1774305561960487935,1774305561966185635,5697
6994,1774305561967850361,1774305561972526649,4676
6995,1774305561974258957,1774305561981120947,6861
6996,1774305561982784670,1774305561987517123,4732
6997,1774305561989253785,1774305561994764624,5510
6998,1774305561996681261,1774305562001661993,4980
6999,1774305562003313704,1774305562008250028,4936
7000,1774305562010073439,1774305562016198409,6124
7001,1774305562018070845,1774305562024857912,6787
7002,1774305562026565926,1774305562032297210,5731
7003,1774305562034002803,1774305562039972919,5970
7004,1774305562041737336,1774305562047637319,5899
7005,1774305562049245197,1774305562054150731,4905
7006,1774305562055922651,1774305562061310083,5387
7007,1774305562062884607,1774305562068345927,5461
7008,1774305562069925483,1774305562074507331,4581
7009,1774305562076095674,1774305562080723448,4627
7010,1774305562082449695,1774305562087403868,4954
7011,1774305562089217342,1774305562094557544,5340
7012,1774305562096483196,1774305562103003528,6520
7013,1774305562104668644,1774305562110095935,5427
7014,1774305562111783866,1774305562116900572,5116
7015,1774305562118749922,1774305562126059514,7309
7016,1774305562127781599,1774305562132726004,4944
7017,1774305562134427432,1774305562140082869,5655
7018,1774305562141821997,1774305562148751270,6929
7019,1774305562150528165,1774305562156556857,6028
7020,1774305562158325039,1774305562164619487,6294
7021,1774305562166359368,1774305562173168416,6809
7022,1774305562174840756,1774305562180458990,5618
7023,1774305562182196100,1774305562188113079,5916
7024,1774305562189787718,1774305562194396068,4608
7025,1774305562196075505,1774305562201413286,5337
7026,1774305562203078267,1774305562207593866,4515
7027,1774305562209269146,1774305562214261999,4992
7028,1774305562215623217,1774305562220020569,4397
7029,1774305562221702916,1774305562226520846,4817
7030,1774305562228171177,1774305562234053592,5882
7031,1774305562235667143,1774305562241168443,5501
7032,1774305562242870400,1774305562249748993,6878
7033,1774305562251503189,1774305562258334767,6831
7034,1774305562260035096,1774305562265384259,5349
7035,1774305562267088568,1774305562271979968,4891
7036,1774305562273625152,1774305562278534545,4909
7037,1774305562280256032,1774305562286266596,6010
7038,1774305562287996060,1774305562294822159,6826
7039,1774305562296588185,1774305562301956954,5368
7040,1774305562303621599,1774305562310025370,6403
7041,1774305562311930601,1774305562318828195,6897
7042,1774305562320589770,1774305562326051360,5461
7043,1774305562327728693,1774305562334803557,7074
7044,1774305562336349039,1774305562341728487,5379
7045,1774305562343317881,1774305562347756322,4438
7046,1774305562349075474,1774305562354106166,5030
7047,1774305562355880728,1774305562360611652,4730
7048,1774305562362248280,1774305562369255480,7007
7049,1774305562370954864,1774305562376381155,5426
7050,1774305562378084739,1774305562385148911,7064
7051,1774305562387121669,1774305562393975385,6853
7052,1774305562395663275,1774305562400539468,4876
7053,1774305562402449330,1774305562408129121,5679
7054,1774305562409953501,1774305562415710398,5756
7055,1774305562417443920,1774305562422456138,5012
7056,1774305562424253240,1774305562429318738,5065
7057,1774305562431135936,1774305562436107909,4971
7058,1774305562437738055,1774305562443390449,5652
7059,1774305562445105294,1774305562451814933,6709
7060,1774305562453556023,1774305562459943049,6387
7061,1774305562461666602,1774305562468651127,6984
7062,1774305562470339450,1774305562474849693,4510
7063,1774305562476484165,1774305562481321267,4837
7064,1774305562482693892,1774305562487453105,4759
7065,1774305562488913394,1774305562493492906,4579
7066,1774305562495130292,1774305562500442099,5311
7067,1774305562502021419,1774305562508195174,6173
7068,1774305562509930467,1774305562515537540,5607
7069,1774305562517242772,1774305562522188185,4945
7070,1774305562523898363,1774305562528954279,5055
7071,1774305562530605754,1774305562536041412,5435
7072,1774305562538001159,1774305562544279879,6278
7073,1774305562546192315,1774305562551939577,5747
7074,1774305562553593392,1774305562558361639,4768
7075,1774305562560047805,1774305562565202238,5154
7076,1774305562567057520,1774305562574182566,7125
7077,1774305562575869347,1774305562581298849,5429
7078,1774305562583021269,1774305562588468455,5447
7079,1774305562590158134,1774305562597260027,7101
7080,1774305562598776755,1774305562603939310,5162
7081,1774305562605609197,1774305562610343331,4734
7082,1774305562612097476,1774305562617007756,4910
7083,1774305562618504404,1774305562623077012,4572
7084,1774305562624509901,1774305562630097081,5587
7085,1774305562631680598,1774305562636491513,4810
7086,1774305562638276898,1774305562645069888,6792
7087,1774305562646744595,1774305562652192708,5448
7088,1774305562654074838,1774305562660922205,6847
7089,1774305562662749962,1774305562667964955,5214
7090,1774305562669608758,1774305562675234403,5625
7091,1774305562677148088,1774305562682727701,5579
7092,1774305562684458586,1774305562690024696,5566
7093,1774305562691961358,1774305562697657478,5696
7094,1774305562699519677,1774305562705527866,6008
7095,1774305562707297593,1774305562712768759,5471
7096,1774305562714544604,1774305562720023682,5479
7097,1774305562721761137,1774305562728932732,7171
7098,1774305562730876369,1774305562735874630,4998
7099,1774305562737595670,1774305562743235356,5639
7100,1774305562744897768,1774305562750032627,5134
7101,1774305562751561322,1774305562757115876,5554
7102,1774305562758709260,1774305562765816280,7107
7103,1774305562767381204,1774305562772164808,4783
7104,1774305562773778885,1774305562780918662,7139
7105,1774305562782603289,1774305562789385090,6781
7106,1774305562791003594,1774305562796485748,5482
7107,1774305562798247476,1774305562804962095,6714
7108,1774305562806753193,1774305562811867840,5114
7109,1774305562813528514,1774305562818829902,5301
7110,1774305562820591052,1774305562827677528,7086
7111,1774305562829596617,1774305562834752762,5156
7112,1774305562836453496,1774305562842284077,5830
7113,1774305562843962003,1774305562850768726,6806
7114,1774305562852668160,1774305562857480136,4811
7115,1774305562859602045,1774305562865537707,5935
7116,1774305562867338605,1774305562872639294,5300
7117,1774305562874304811,1774305562879986073,5681
7118,1774305562881709952,1774305562886716284,5006
7119,1774305562888412690,1774305562893419655,5006
7120,1774305562895108313,1774305562899880436,4772
7121,1774305562901586476,1774305562906964344,5377
7122,1774305562908678731,1774305562914544874,5866
7123,1774305562916209417,1774305562923034909,6825
7124,1774305562924730603,1774305562931914511,7183
7125,1774305562933612339,1774305562938178072,4565
7126,1774305562939905874,1774305562945761803,5855
7127,1774305562947424275,1774305562952913823,5489
7128,1774305562954562148,1774305562959450988,4888
7129,1774305562961231926,1774305562966263756,5031
7130,1774305562968023918,1774305562972964021,4940
7131,1774305562974754602,1774305562980212324,5457
7132,1774305562982022007,1774305562987082415,5060
7133,1774305562988766558,1774305562993586938,4820
7134,1774305562995307900,1774305563000208159,4900
7135,1774305563001913428,1774305563007070865,5157
7136,1774305563008808377,1774305563013845882,5037
7137,1774305563015419521,1774305563020663968,5244
7138,1774305563022353720,1774305563028045999,5692
7139,1774305563029591587,1774305563035038649,5447
7140,1774305563036693415,1774305563041278819,4585
7141,1774305563042790879,1774305563047206924,4416
7142,1774305563048812859,1774305563054719824,5906
7143,1774305563056473283,1774305563061918913,5445
7144,1774305563063690611,1774305563068675567,4984
7145,1774305563070614603,1774305563076579198,5964
7146,1774305563078521936,1774305563083821527,5299
7147,1774305563085512355,1774305563090466906,4954
7148,1774305563092201900,1774305563097699788,5497
7149,1774305563099551447,1774305563104864352,5312
7150,1774305563106658327,1774305563113133013,6474
7151,1774305563114923600,1774305563119964174,5040
7152,1774305563121581070,1774305563127665765,6084
7153,1774305563129506725,1774305563136440360,6933
7154,1774305563138342061,1774305563143475984,5133
7155,1774305563145119127,1774305563150865310,5746
7156,1774305563152593993,1774305563157972865,5378
7157,1774305563159693753,1774305563164472736,4778
7158,1774305563166106728,1774305563171374392,5267
7159,1774305563172980175,1774305563178587645,5607
7160,1774305563180253385,1774305563185085581,4832
7161,1774305563186634630,1774305563191866168,5231
7162,1774305563193543020,1774305563199518810,5975
7163,1774305563201181117,1774305563206776731,5595
7164,1774305563208446636,1774305563213409313,4962
7165,1774305563215086387,1774305563220945626,5859
7166,1774305563222767543,1774305563229280487,6512
7167,1774305563231013287,1774305563236782499,5769
7168,1774305563238429400,1774305563243519506,5090
7169,1774305563245170757,1774305563250251161,5080
7170,1774305563252057391,1774305563258864730,6807
7171,1774305563260692501,1774305563265882180,5189
7172,1774305563267783948,1774305563273255746,5471
7173,1774305563275207250,1774305563280321084,5113
7174,1774305563282045347,1774305563287299984,5254
7175,1774305563288968451,1774305563296065493,7097
7176,1774305563297717405,1774305563303221109,5503
7177,1774305563304956005,1774305563310058231,5102
7178,1774305563311653759,1774305563316218411,4564
7179,1774305563317716563,1774305563322504534,4787
7180,1774305563324093235,1774305563328858778,4765
7181,1774305563330719036,1774305563335747394,5028
7182,1774305563337846685,1774305563343363233,5516
7183,1774305563345017293,1774305563350374979,5357
7184,1774305563352032048,1774305563357029881,4997
7185,1774305563358664302,1774305563363587158,4922
7186,1774305563365529870,1774305563370697102,5167
7187,1774305563372617108,1774305563377676797,5059
7188,1774305563379706098,1774305563385625851,5919
7189,1774305563387489478,1774305563392789636,5300
7190,1774305563394568659,1774305563399489938,4921
7191,1774305563401381576,1774305563406779071,5397
7192,1774305563408462347,1774305563415116698,6654
7193,1774305563417049300,1774305563422669765,5620
7194,1774305563424399463,1774305563429313061,4913
7195,1774305563430895940,1774305563435441641,4545
7196,1774305563437161172,1774305563442594011,5432
7197,1774305563444442768,1774305563449311676,4868
7198,1774305563450960697,1774305563456141985,5181
7199,1774305563457904242,1774305563463070228,5165
7200,1774305563464684159,1774305563470661633,5977
7201,1774305563472550947,1774305563479060174,6509
7202,1774305563480925368,1774305563486437527,5512
7203,1774305563488146370,1774305563494205760,6059
7204,1774305563496023637,1774305563501551665,5528
7205,1774305563503390997,1774305563508367529,4976
7206,1774305563510122091,1774305563515614093,5492
7207,1774305563517462489,1774305563524276857,6814
7208,1774305563526217210,1774305563531550396,5333
7209,1774305563533372453,1774305563538939056,5566
7210,1774305563540589798,1774305563545452360,4862
7211,1774305563547380798,1774305563552389456,5008
7212,1774305563554204468,1774305563561479500,7275
7213,1774305563563186304,1774305563570253283,7066
7214,1774305563571922065,1774305563576722239,4800
7215,1774305563578459788,1774305563582845296,4385
7216,1774305563584527279,1774305563590441745,5914
7217,1774305563592054446,1774305563596538442,4483
7218,1774305563598400717,1774305563604440732,6040
7219,1774305563606111330,1774305563611533266,5421
7220,1774305563613264040,1774305563619205287,5941
7221,1774305563620974037,1774305563626442413,5468
7222,1774305563628145602,1774305563633990452,5844
7223,1774305563635798671,1774305563642033692,6235
7224,1774305563643814435,1774305563650535618,6721
7225,1774305563652296130,1774305563657670436,5374
7226,1774305563659330798,1774305563664599838,5269
7227,1774305563666327748,1774305563671939259,5611
7228,1774305563673747424,1774305563679196991,5449
7229,1774305563681035629,1774305563686675010,5639
7230,1774305563688621743,1774305563693785061,5163
7231,1774305563695434882,1774305563701923247,6488
7232,1774305563703557213,1774305563708159135,4601
7233,1774305563709885438,1774305563715106556,5221
7234,1774305563716716750,1774305563721808533,5091
7235,1774305563723573443,1774305563729060519,5487
7236,1774305563730673471,1774305563737742670,7069
7237,1774305563739461282,1774305563744400337,4939
7238,1774305563746105354,1774305563751449880,5344
7239,1774305563753530328,1774305563760370757,6840
7240,1774305563762032037,1774305563766889766,4857
7241,1774305563768704748,1774305563774491955,5787
7242,1774305563776384656,1774305563783511718,7127
7243,1774305563785245468,1774305563790152695,4907
7244,1774305563791913665,1774305563798704977,6791
7245,1774305563800377010,1774305563805507309,5130
7246,1774305563807293960,1774305563812451365,5157
7247,1774305563814161880,1774305563819673174,5511
7248,1774305563821507333,1774305563828543866,7036
7249,1774305563830358653,1774305563835275170,4916
7250,1774305563837028162,1774305563842659439,5631
7251,1774305563844195361,1774305563851278349,7082
7252,1774305563853016736,1774305563857602196,4585
7253,1774305563859036574,1774305563865961746,6925
7254,1774305563867673853,1774305563872319704,4645
7255,1774305563873903124,1774305563879587269,5684
7256,1774305563881386903,1774305563886979938,5593
7257,1774305563888764687,1774305563894664005,5899
7258,1774305563896569780,1774305563902811531,6241
7259,1774305563904551503,1774305563909720626,5169
7260,1774305563911399851,1774305563916630592,5230
7261,1774305563918371584,1774305563923453495,5081
7262,1774305563925129395,1774305563931264566,6135
7263,1774305563932999384,1774305563939736178,6736
7264,1774305563941409765,1774305563946695246,5285
7265,1774305563948359590,1774305563954903165,6543
7266,1774305563956999417,1774305563963729302,6729
7267,1774305563965433771,1774305563972543692,7109
7268,1774305563974217325,1774305563981189270,6971
7269,1774305563982814730,1774305563987359562,4544
7270,1774305563988923814,1774305563993496881,4573
7271,1774305563995138595,1774305564000398292,5259
7272,1774305564001939631,1774305564007035554,5095
7273,1774305564008737500,1774305564013754490,5016
7274,1774305564015413550,1774305564022387901,6974
7275,1774305564024354842,1774305564030110216,5755
7276,1774305564031784361,1774305564036989975,5205
7277,1774305564038852725,1774305564043716784,4864
7278,1774305564045566140,1774305564052769206,7203
7279,1774305564054566915,1774305564060034942,5468
7280,1774305564061655978,1774305564066977442,5321
7281,1774305564068679104,1774305564075644750,6965
7282,1774305564077409929,1774305564082779151,5369
7283,1774305564084440692,1774305564090222806,5782
7284,1774305564091958306,1774305564096963620,5005
7285,1774305564098853114,1774305564104273735,5420
7286,1774305564105962509,1774305564113051010,7088
7287,1774305564114735131,1774305564119481947,4746
7288,1774305564121043884,1774305564127524035,6480
7289,1774305564129177185,1774305564133867837,4690
7290,1774305564135493972,1774305564140709240,5215
7291,1774305564142276513,1774305564149174085,6897
7292,1774305564150957779,1774305564156416844,5459
7293,1774305564158073866,1774305564164026818,5952
7294,1774305564165856061,1774305564170540037,4683
7295,1774305564172244429,1774305564177671832,5427
7296,1774305564179453579,1774305564184955478,5501
7297,1774305564186587475,1774305564192195687,5608
7298,1774305564194058397,1774305564199442441,5384
7299,1774305564201175846,1774305564208249909,7074
7300,1774305564209985413,1774305564216995311,7009
7301,1774305564218740943,1774305564223490332,4749
7302,1774305564225313249,1774305564230865456,5552
7303,1774305564232546185,1774305564237607228,5061
7304,1774305564239565864,1774305564244157703,4591
7305,1774305564245941953,1774305564252732355,6790
7306,1774305564254358910,1774305564259372438,5013
7307,1774305564261008697,1774305564266290991,5282
7308,1774305564267911629,1774305564272847130,4935
7309,1774305564274247284,1774305564279518442,5271
7310,1774305564281132839,1774305564286569147,5436
7311,1774305564288351008,1774305564294931792,6580
7312,1774305564296639630,1774305564301695646,5056
7313,1774305564303500282,1774305564308810874,5310
7314,1774305564310459680,1774305564317003459,6543
7315,1774305564318857674,1774305564323817977,4960
7316,1774305564325476936,1774305564330978319,5501
7317,1774305564332725014,1774305564339818190,7093
7318,1774305564341703609,1774305564346492139,4788
7319,1774305564348169615,1774305564354960670,6791
7320,1774305564356706732,1774305564362035019,5328
7321,1774305564363676800,1774305564368859762,5182
7322,1774305564370554774,1774305564377596965,7042
7323,1774305564379426229,1774305564385002605,5576
7324,1774305564386701013,1774305564392196359,5495
7325,1774305564394073701,1774305564398577724,4504
7326,1774305564400216361,1774305564405118121,4901
7327,1774305564406748069,1774305564411321447,4573
7328,1774305564412920463,1774305564419922100,7001
7329,1774305564421578828,1774305564428487438,6908
7330,1774305564430111177,1774305564435515800,5404
7331,1774305564437137610,1774305564442528623,5391
7332,1774305564444219803,1774305564450180495,5960
7333,1774305564451954455,1774305564457322921,5368
7334,1774305564459309848,1774305564464959094,5649
7335,1774305564466657180,1774305564472254484,5597
7336,1774305564474038716,1774305564480231720,6193
7337,1774305564482192526,1774305564488030556,5838
7338,1774305564489679116,1774305564494518279,4839
7339,1774305564496381261,1774305564501310020,4928
7340,1774305564503109922,1774305564508434391,5324
7341,1774305564510271928,1774305564517315354,7043
7342,1774305564519080231,1774305564526222676,7142
7343,1774305564527963255,1774305564532532071,4568
7344,1774305564534319043,1774305564539406955,5087
7345,1774305564541079937,1774305564545674828,4594
7346,1774305564547454218,1774305564553971696,6517
7347,1774305564555651170,1774305564560591145,4939
7348,1774305564562366360,1774305564567766390,5400
7349,1774305564569437868,1774305564575914064,6476
7350,1774305564577538941,1774305564582401006,4862
7351,1774305564583957659,1774305564589597381,5639
7352,1774305564591461438,1774305564597062002,5600
7353,1774305564598745926,1774305564604191088,5445
7354,1774305564605916396,1774305564610682996,4766
7355,1774305564612361906,1774305564619497584,7135
7356,1774305564621347714,1774305564627501039,6153
7357,1774305564629376982,1774305564634692936,5315
7358,1774305564636602717,1774305564641502687,4899
7359,1774305564643133671,1774305564648721574,5587
7360,1774305564650386076,1774305564655496693,5110
7361,1774305564657209260,1774305564664246103,7036
7362,1774305564665947547,1774305564670508485,4560
7363,1774305564672222532,1774305564677573689,5351
7364,1774305564679256392,1774305564684872042,5615
7365,1774305564686498672,1774305564691252461,4753
7366,1774305564692850965,1774305564697951316,5100
7367,1774305564699493035,1774305564704564976,5071
7368,1774305564706492389,1774305564713076920,6584
7369,1774305564714978545,1774305564720376004,5397
7370,1774305564722094264,1774305564727579276,5485
7371,1774305564729333177,1774305564736402151,7068
7372,1774305564738332929,1774305564744177767,5844
7373,1774305564745915076,1774305564751318761,5403
7374,1774305564753069151,1774305564757963315,4894
7375,1774305564759644068,1774305564764437805,4793
7376,1774305564766192126,1774305564771409709,5217
7377,1774305564773320563,1774305564780052549,6731
7378,1774305564781786560,1774305564787409010,5622
7379,1774305564789057245,1774305564794014990,4957
7380,1774305564795689764,1774305564800357808,4668
7381,1774305564801982816,1774305564807719218,5736
7382,1774305564809347797,1774305564814646333,5298
7383,1774305564816232003,1774305564821927465,5695
7384,1774305564823600126,1774305564828346294,4746
7385,1774305564830020587,1774305564836008331,5987
7386,1774305564837725603,1774305564843128522,5402
7387,1774305564844879424,1774305564850545738,5666
7388,1774305564852381813,1774305564857541110,5159
7389,1774305564859559714,1774305564866287590,6727
7390,1774305564868059053,1774305564873203385,5144
7391,1774305564874922127,1774305564880020501,5098
7392,1774305564881704405,1774305564886778688,5074
7393,1774305564888531455,1774305564895763262,7231
7394,1774305564897721004,1774305564903266233,5545
7395,1774305564904947911,1774305564910371209,5423
7396,1774305564912080717,1774305564918241374,6160
7397,1774305564920192280,1774305564926943508,6751
7398,1774305564928774076,1774305564933500373,4726
7399,1774305564935241896,1774305564940610589,5368
7400,1774305564942438405,1774305564947310174,4871
7401,1774305564948780948,1774305564953678986,4898
7402,1774305564955296927,1774305564959838440,4541
7403,1774305564961454784,1774305564967510206,6055
7404,1774305564969358009,1774305564975186201,5828
7405,1774305564976843281,1774305564981543965,4700
7406,1774305564983150516,1774305564988394456,5243
7407,1774305564990086914,1774305564994950045,4863
7408,1774305564996553551,1774305565001252700,4699
7409,1774305565002944749,1774305565008742626,5797
7410,1774305565010514350,1774305565017516233,7001
7411,1774305565019334659,1774305565026160643,6825
7412,1774305565027849345,1774305565032961018,5111
7413,1774305565034763159,1774305565040174734,5411
7414,1774305565041977702,1774305565046899182,4921
7415,1774305565048650145,1774305565053454683,4804
7416,1774305565055259203,1774305565060886294,5627
7417,1774305565062878888,1774305565068347130,5468
7418,1774305565070152569,1774305565075878000,5725
7419,1774305565077520558,1774305565082405073,4884
7420,1774305565084105024,1774305565089107424,5002
7421,1774305565090729298,1774305565094888315,4159
7422,1774305565096503599,1774305565101495849,4992
7423,1774305565103030526,1774305565108825763,5795
7424,1774305565110596640,1774305565117342708,6746
7425,1774305565119046708,1774305565125871494,6824
7426,1774305565127501955,1774305565133047527,5545
7427,1774305565134995187,1774305565140794706,5799
7428,1774305565142533474,1774305565149178357,6644
7429,1774305565150948511,1774305565156632208,5683
7430,1774305565158415289,1774305565163399947,4984
7431,1774305565165172102,1774305565170578826,5406
7432,1774305565172324906,1774305565177883314,5558
7433,1774305565179565554,1774305565185290320,5724
7434,1774305565186941726,1774305565192808097,5866
7435,1774305565194472595,1774305565199606146,5133
7436,1774305565201231001,1774305565206137709,4906
7437,1774305565207859938,1774305565212398801,4538
7438,1774305565214078035,1774305565218799735,4721
7439,1774305565220467629,1774305565224898768,4431
7440,1774305565226664542,1774305565233932420,7267
7441,1774305565235693557,1774305565241176863,5483
7442,1774305565242783236,1774305565247852124,5068
7443,1774305565249705716,1774305565254582735,4877
7444,1774305565256261307,1774305565262509501,6248
7445,1774305565264556872,1774305565270465622,5908
7446,1774305565272248514,1774305565277484563,5236
7447,1774305565279231188,1774305565286105577,6874
7448,1774305565287869670,1774305565294705331,6835
7449,1774305565296355034,1774305565301391433,5036
7450,1774305565303091208,1774305565308417981,5326
7451,1774305565310068083,1774305565314944533,4876
7452,1774305565316585264,1774305565322982083,6396
7453,1774305565324675875,1774305565331519236,6843
7454,1774305565333139099,1774305565338045976,4906
7455,1774305565339644949,1774305565345027571,5382
7456,1774305565346554291,1774305565351275337,4721
7457,1774305565352928329,1774305565359812196,6883
7458,1774305565361482405,1774305565367562523,6080
7459,1774305565369144521,1774305565374235441,5090
7460,1774305565375576057,1774305565380637169,5061
7461,1774305565382263627,1774305565386999833,4736
7462,1774305565388640835,1774305565393335308,4694
7463,1774305565394985723,1774305565399577631,4591
7464,1774305565401200471,1774305565406451093,5250
7465,1774305565408258258,1774305565415342984,7084
7466,1774305565417040031,1774305565422570076,5530
7467,1774305565424188465,1774305565429571211,5382
7468,1774305565431222058,1774305565438101799,6879
7469,1774305565439829075,1774305565445393902,5564
7470,1774305565447340620,1774305565452655971,5315
7471,1774305565454352040,1774305565459975335,5623
7472,1774305565461615777,1774305565466466073,4850
7473,1774305565468419245,1774305565473394379,4975
7474,1774305565475102656,1774305565480285571,5182
7475,1774305565481875247,1774305565488932649,7057
7476,1774305565490667740,1774305565495658667,4990
7477,1774305565497333297,1774305565502597583,5264
7478,1774305565504314547,1774305565509167351,4852
7479,1774305565510773757,1774305565515842419,5068
7480,1774305565517535824,1774305565522379549,4843
7481,1774305565524233996,1774305565530345000,6111
7482,1774305565532029034,1774305565537624287,5595
7483,1774305565539288827,1774305565544332873,5044
7484,1774305565546038138,1774305565552994662,6956
7485,1774305565554926723,1774305565560367847,5441
7486,1774305565562111930,1774305565567448685,5336
7487,1774305565569293178,1774305565574751871,5458
7488,1774305565576489438,1774305565582478605,5989
7489,1774305565584401242,1774305565589711151,5309
7490,1774305565591452914,1774305565596396970,4944
7491,1774305565598117847,1774305565603798980,5681
7492,1774305565605775323,1774305565612653055,6877
7493,1774305565614406167,1774305565619069029,4662
7494,1774305565620716204,1774305565625211081,4494
7495,1774305565626836297,1774305565631954401,5118
7496,1774305565633594602,1774305565640385884,6791
7497,1774305565642084683,1774305565647594556,5509
7498,1774305565649322244,1774305565654965553,5643
7499,1774305565656662359,1774305565661444594,4782
7500,1774305565663201039,1774305565668373881,5172
7501,1774305565670128980,1774305565675822844,5693
7502,1774305565677576405,1774305565683517711,5941
7503,1774305565685172709,1774305565690919175,5746
7504,1774305565692702780,1774305565697719071,5016
7505,1774305565699560853,1774305565704546679,4985
7506,1774305565706408767,1774305565712251827,5843
7507,1774305565714162129,1774305565719822863,5660
7508,1774305565721463752,1774305565726217593,4753
7509,1774305565727904210,1774305565733200631,5296
7510,1774305565735112934,1774305565742319570,7206
7511,1774305565744083718,1774305565749292255,5208
7512,1774305565751264203,1774305565758237903,6973
7513,1774305565759848178,1774305565766820057,6971
7514,1774305565768429753,1774305565773474417,5044
7515,1774305565775111515,1774305565781140336,6028
7516,1774305565782746321,1774305565787532058,4785
7517,1774305565789239749,1774305565795204599,5964
7518,1774305565796738469,1774305565803044587,6306
7519,1774305565804694448,1774305565809447505,4753
7520,1774305565811084985,1774305565817954111,6869
7521,1774305565819589134,1774305565826212611,6623
7522,1774305565827984079,1774305565834196641,6212
7523,1774305565836050735,1774305565841101602,5050
7524,1774305565842784434,1774305565848374900,5590
7525,1774305565850281407,1774305565857263852,6982
7526,1774305565858895730,1774305565863986850,5091
7527,1774305565865645647,1774305565872188949,6543
7528,1774305565874074490,1774305565880812866,6738
7529,1774305565882483670,1774305565887657945,5174
7530,1774305565889551402,1774305565896792949,7241
7531,1774305565898489953,1774305565905639509,7149
7532,1774305565907249889,1774305565912078723,4828
7533,1774305565913854017,1774305565918444450,4590
7534,1774305565920093067,1774305565924659837,4566
7535,1774305565926037090,1774305565931150929,5113
7536,1774305565932770485,1774305565937508105,4737
7537,1774305565939044427,1774305565945828821,6784
7538,1774305565947506691,1774305565952771149,5264
7539,1774305565954422779,1774305565959683637,5260
7540,1774305565961466484,1774305565968529153,7062
7541,1774305565970322409,1774305565975501627,5179
7542,1774305565977243507,1774305565983155660,5912
7543,1774305565985169523,1774305565991985623,6816
7544,1774305565993647378,1774305565998627749,4980
7545,1774305566000486687,1774305566006460942,5974
7546,1774305566008508885,1774305566013200558,4691
7547,1774305566014905263,1774305566019981559,5076
7548,1774305566021620500,1774305566028506890,6886
7549,1774305566030386412,1774305566035340416,4954
7550,1774305566037122710,1774305566044109048,6986
7551,1774305566045894837,1774305566051033372,5138
7552,1774305566052678662,1774305566058570380,5891
7553,1774305566060050519,1774305566066011738,5961
7554,1774305566067572614,1774305566072208274,4635
7555,1774305566073680794,1774305566079209995,5529
7556,1774305566080986759,1774305566086360350,5373
7557,1774305566087991136,1774305566094980680,6989
7558,1774305566096719007,1774305566102556986,5837
7559,1774305566104423817,1774305566109928719,5504
7560,1774305566111968235,1774305566116808301,4840
7561,1774305566119051552,1774305566125980933,6929
7562,1774305566127652219,1774305566132473512,4821
7563,1774305566134166977,1774305566139490768,5323
7564,1774305566141443408,1774305566147318445,5875
7565,1774305566149345884,1774305566155138451,5792
7566,1774305566157026800,1774305566163022716,5995
7567,1774305566164934142,1774305566170960172,6026
7568,1774305566172564338,1774305566179517511,6953
7569,1774305566181110380,1774305566185942568,4832
7570,1774305566187486870,1774305566194474414,6987
7571,1774305566195911056,1774305566202073425,6162
7572,1774305566203679989,1774305566209483901,5803
7573,1774305566211256035,1774305566216219467,4963
7574,1774305566217835703,1774305566222486981,4651
7575,1774305566224180935,1774305566231420942,7240
7576,1774305566233211331,1774305566238800725,5589
7577,1774305566240479823,1774305566246024181,5544
7578,1774305566247771720,1774305566254702420,6930
7579,1774305566256601578,1774305566261561382,4959
7580,1774305566263394940,1774305566270222625,6827
7581,1774305566272149744,1774305566278028779,5879
7582,1774305566279675279,1774305566284526795,4851
7583,1774305566286429600,1774305566291541825,5112
7584,1774305566293410973,1774305566299531242,6120
7585,1774305566301457179,1774305566307096485,5639
7586,1774305566308814458,1774305566313544103,4729
7587,1774305566315192889,1774305566320212137,5019
7588,1774305566322044521,1774305566326652416,4607
7589,1774305566328221138,1774305566332999689,4778
7590,1774305566334643421,1774305566339561136,4917
7591,1774305566341099635,1774305566346558344,5458
7592,1774305566348128169,1774305566354307677,6179
7593,1774305566355981978,1774305566361600161,5618
7594,1774305566363538630,1774305566368717414,5178
7595,1774305566370528057,1774305566376501753,5973
7596,1774305566378280410,1774305566384196327,5915
7597,1774305566385875815,1774305566390696549,4820
7598,1774305566392564206,1774305566397989378,5425
7599,1774305566399971870,1774305566405765916,5794
7600,1774305566407630080,1774305566413289964,5659
7601,1774305566415112189,1774305566421052356,5940
7602,1774305566422826026,1774305566428587910,5761
7603,1774305566430305108,1774305566437539945,7234
7604,1774305566439837903,1774305566445649737,5811
7605,1774305566447200338,1774305566452974244,5773
7606,1774305566454802887,1774305566462425382,7622
7607,1774305566464168658,1774305566469094388,4925
7608,1774305566470742146,1774305566478204761,7462
7609,1774305566479858684,1774305566485715915,5857
7610,1774305566487521103,1774305566492645383,5124
7611,1774305566494467876,1774305566500561447,6093
7612,1774305566502392925,1774305566507545999,5153
7613,1774305566509315741,1774305566514537339,5221
7614,1774305566516424115,1774305566522022034,5597
7615,1774305566523729109,1774305566529347737,5618
7616,1774305566531086585,1774305566537003006,5916
7617,1774305566538708652,1774305566544565130,5856
7618,1774305566546289462,1774305566551929819,5640
7619,1774305566553626218,1774305566558531289,4905
7620,1774305566560497604,1774305566565423450,4925
7621,1774305566567295086,1774305566573332882,6037
7622,1774305566575066943,1774305566580830094,5763
7623,1774305566582422843,1774305566587185973,4763
7624,1774305566588938943,1774305566594297082,5358
7625,1774305566595893651,1774305566601765511,5871
7626,1774305566603375007,1774305566607939129,4564
7627,1774305566609576091,1774305566615497324,5921
7628,1774305566617194223,1774305566622184761,4990
7629,1774305566623814211,1774305566629099125,5284
7630,1774305566630735590,1774305566638087798,7352
7631,1774305566640197959,1774305566646674765,6476
7632,1774305566648336019,1774305566653708423,5372
7633,1774305566655500189,1774305566660759327,5259
7634,1774305566662522307,1774305566667926404,5404
7635,1774305566669636417,1774305566675580999,5944
7636,1774305566677497091,1774305566683438041,5940
7637,1774305566685397019,1774305566690577702,5180
7638,1774305566692431166,1774305566697493731,5062
7639,1774305566699491335,1774305566706483662,6992
7640,1774305566708245118,1774305566713595631,5350
7641,1774305566715257180,1774305566720964664,5707
7642,1774305566722766289,1774305566727589234,4822
7643,1774305566729387390,1774305566735480127,6092
7644,1774305566737173311,1774305566741991353,4818
7645,1774305566743597852,1774305566748313475,4715
7646,1774305566749868058,1774305566754673891,4805
7647,1774305566756367070,1774305566761510948,5143
7648,1774305566763191438,1774305566768638333,5446
7649,1774305566770350478,1774305566777046643,6696
7650,1774305566778898121,1774305566784096711,5198
7651,1774305566785836074,1774305566791996031,6159
7652,1774305566793635802,1774305566800611356,6975
7653,1774305566802401687,1774305566808041194,5639
7654,1774305566809758800,1774305566815219261,5460
7655,1774305566816953817,1774305566821840489,4886
7656,1774305566823525076,1774305566828440410,4915
7657,1774305566830168485,1774305566835700401,5531
7658,1774305566837556260,1774305566843052213,5495
7659,1774305566844739872,1774305566849571416,4831
7660,1774305566851443055,1774305566857154327,5711
7661,1774305566858867503,1774305566866105529,7238
7662,1774305566867772312,1774305566873047348,5275
7663,1774305566874793051,1774305566882054617,7261
7664,1774305566883544858,1774305566888248553,4703
7665,1774305566889849557,1774305566894700649,4851
7666,1774305566896096635,1774305566900928545,4831
7667,1774305566902618922,1774305566908070531,5451
7668,1774305566909836613,1774305566915939258,6102
7669,1774305566917769342,1774305566923696300,5926
7670,1774305566925478726,1774305566930990185,5511
7671,1774305566932800865,1774305566937744586,4943
7672,1774305566939618951,1774305566946890653,7271
7673,1774305566948594640,1774305566953382322,4787
7674,1774305566955070873,1774305566960547216,5476
7675,1774305566962301853,1774305566969113119,6811
7676,1774305566970795640,1774305566976330237,5534
7677,1774305566978123367,1774305566983876118,5752
7678,1774305566985539050,1774305566990570630,5031
7679,1774305566992362006,1774305566997401499,5039
7680,1774305566999141367,1774305567004443786,5302
7681,1774305567006178300,1774305567013317490,7139
7682,1774305567015103112,1774305567019785103,4681
7683,1774305567021387736,1774305567026326080,4938
7684,1774305567027967230,1774305567032988639,5021
7685,1774305567034569729,1774305567039739623,5169
7686,1774305567041511750,1774305567048149855,6638
7687,1774305567049843942,1774305567055625149,5781
7688,1774305567057253929,1774305567062130329,4876
7689,1774305567063755079,1774305567068918054,5162
7690,1774305567070626217,1774305567077941773,7315
7691,1774305567079816818,1774305567086753371,6936
7692,1774305567088480100,1774305567093448764,4968
7693,1774305567095153684,1774305567100688370,5534
7694,1774305567102499258,1774305567108026845,5527
7695,1774305567109680432,1774305567115651617,5971
7696,1774305567117492630,1774305567123503896,6011
7697,1774305567125346934,1774305567132354237,7007
7698,1774305567134084838,1774305567139003552,4918
7699,1774305567140744244,1774305567147795227,7050
7700,1774305567149413318,1774305567156738243,7324
7701,1774305567158507535,1774305567164205241,5697
7702,1774305567165913382,1774305567170271349,4357
7703,1774305567171864926,1774305567176310170,4445
7704,1774305567177886758,1774305567182937453,5050
7705,1774305567184528379,1774305567191381546,6853
7706,1774305567193159582,1774305567199837974,6678
7707,1774305567201530267,1774305567206997342,5467
7708,1774305567208966930,1774305567215788153,6821
7709,1774305567217604126,1774305567223013388,5409
7710,1774305567224662034,1774305567231134637,6472
7711,1774305567233023103,1774305567238381127,5358
7712,1774305567240074872,1774305567245605018,5530
7713,1774305567247285183,1774305567254132721,6847
7714,1774305567256330611,1774305567261897164,5566
7715,1774305567263540976,1774305567269534273,5993
7716,1774305567271305704,1774305567278254609,6948
7717,1774305567279955247,1774305567284519960,4564
7718,1774305567286118777,1774305567290829270,4710
7719,1774305567292321635,1774305567297623098,5301
7720,1774305567299356483,1774305567305266736,5910
7721,1774305567306885438,1774305567311098797,4213
7722,1774305567312382760,1774305567317446591,5063
7723,1774305567319004064,1774305567323608565,4604
7724,1774305567325387906,1774305567331124049,5736
7725,1774305567333097105,1774305567338634087,5536
7726,1774305567340524710,1774305567345794803,5270
7727,1774305567347471547,1774305567354033043,6561
7728,1774305567355986248,1774305567361036544,5050
7729,1774305567362677870,1774305567368282594,5604
7730,1774305567370205991,1774305567377105941,6899
7731,1774305567378903172,1774305567384664986,5761
7732,1774305567386361173,1774305567392297887,5936
7733,1774305567394267805,1774305567401134684,6866
7734,1774305567402976567,1774305567408178206,5201
7735,1774305567409930242,1774305567416976237,7045
7736,1774305567418678684,1774305567425775629,7096
7737,1774305567427574710,1774305567432922318,5347
7738,1774305567434516573,1774305567439795170,5278
7739,1774305567441495501,1774305567446188939,4693
7740,1774305567447868135,1774305567453270240,5402
7741,1774305567454804287,1774305567460257946,5453
7742,1774305567462036392,1774305567466995129,4958
7743,1774305567468673561,1774305567473807769,5134
7744,1774305567475617940,1774305567481111305,5493
7745,1774305567482969511,1774305567488824129,5854
7746,1774305567490589703,1774305567496571434,5981
7747,1774305567498475892,1774305567504533884,6057
7748,1774305567506353554,1774305567512353244,5999
7749,1774305567514028742,1774305567518687754,4659
7750,1774305567520870421,1774305567525921757,5051
7751,1774305567527642364,1774305567532529049,4886
7752,1774305567534247796,1774305567539326871,5079
7753,1774305567541122284,1774305567547882610,6760
7754,1774305567549569921,1774305567556554355,6984
7755,1774305567558158940,1774305567565484904,7325
7756,1774305567567129185,1774305567572001481,4872
7757,1774305567573543630,1774305567580668569,7124
7758,1774305567582295254,1774305567587906156,5610
7759,1774305567589724335,1774305567595180025,5455
7760,1774305567596837559,1774305567603942551,7104
7761,1774305567605861390,1774305567612662931,6801
7762,1774305567614392740,1774305567619698192,5305
7763,1774305567621567736,1774305567627110778,5543
7764,1774305567628902855,1774305567634506653,5603
7765,1774305567636258193,1774305567641605458,5347
7766,1774305567643268981,1774305567650093532,6824
7767,1774305567651773355,1774305567657355914,5582
7768,1774305567659142174,1774305567665146590,6004
7769,1774305567666849492,1774305567671547886,4698
7770,1774305567673271182,1774305567678132080,4860
7771,1774305567680014815,1774305567684822521,4807
7772,1774305567686481252,1774305567693644276,7163
7773,1774305567695339509,1774305567701013073,5673
7774,1774305567702888733,1774305567708676108,5787
7775,1774305567710351466,1774305567716865550,6514
7776,1774305567718548959,1774305567722937915,4388
7777,1774305567724444291,1774305567730245660,5801
7778,1774305567731832901,1774305567737220592,5387
7779,1774305567739037891,1774305567744000913,4963
7780,1774305567745620028,1774305567750209242,4589
7781,1774305567751810085,1774305567756432880,4622
7782,1774305567758063946,1774305567765038989,6975
7783,1774305567766749007,1774305567772415815,5666
7784,1774305567774146432,1774305567779240947,5094
7785,1774305567780917500,1774305567786583534,5666
7786,1774305567788279525,1774305567793418937,5139
7787,1774305567795162164,1774305567800086372,4924
7788,1774305567801629142,1774305567806454430,4825
7789,1774305567808147039,1774305567814808915,6661
7790,1774305567816342331,1774305567822812112,6469
7791,1774305567824726211,1774305567829387087,4660
7792,1774305567831067163,1774305567835923669,4856
7793,1774305567837348917,1774305567841998070,4649
7794,1774305567843674388,1774305567848343756,4669
7795,1774305567849930094,1774305567854541745,4611
7796,1774305567856159296,1774305567860589041,4429
7797,1774305567862092180,1774305567866565292,4473
7798,1774305567868163255,1774305567874752428,6589
7799,1774305567876476384,1774305567882363254,5886
7800,1774305567884080933,1774305567889312965,5232
7801,1774305567891005757,1774305567896426641,5420
7802,1774305567898323392,1774305567903494159,5170
7803,1774305567905473666,1774305567911599746,6126
7804,1774305567913493009,1774305567919060606,5567
7805,1774305567920760289,1774305567925561240,4800
7806,1774305567927392076,1774305567932595688,5203
7807,1774305567934505250,1774305567940270811,5765
7808,1774305567942084159,1774305567948278161,6194
7809,1774305567950140798,1774305567955725657,5584
7810,1774305567957394330,1774305567964420814,7026
7811,1774305567966248763,1774305567972950654,6701
7812,1774305567974551958,1774305567980046047,5494
7813,1774305567981669608,1774305567986814633,5145
7814,1774305567988403053,1774305567994292798,5889
7815,1774305567996009436,1774305568001051921,5042
7816,1774305568002599190,1774305568007522057,4922
7817,1774305568009088701,1774305568013792624,4703
7818,1774305568015448659,1774305568021418642,5969
7819,1774305568023150071,1774305568028541490,5391
7820,1774305568030389704,1774305568035419516,5029
7821,1774305568037152339,1774305568042188176,5035
7822,1774305568044166872,1774305568050837950,6671
7823,1774305568052722634,1774305568058231237,5508
7824,1774305568059958219,1774305568065255310,5297
7825,1774305568066949693,1774305568071717522,4767
7826,1774305568073508127,1774305568080611386,7103
7827,1774305568082285852,1774305568087874114,5588
7828,1774305568089526112,1774305568094901890,5375
7829,1774305568096611276,1774305568101345646,4734
7830,1774305568103313402,1774305568109024327,5710
7831,1774305568110603157,1774305568116096039,5492
7832,1774305568117857688,1774305568122548461,4690
7833,1774305568124186781,1774305568129183641,4996
7834,1774305568130688704,1774305568135523519,4834
7835,1774305568137249997,1774305568142170923,4920
7836,1774305568143918848,1774305568149028380,5109
7837,1774305568150661085,1774305568155295306,4634
7838,1774305568156937394,1774305568161612202,4674
7839,1774305568163211061,1774305568167992331,4781
7840,1774305568169658869,1774305568174716269,5057
7841,1774305568176271641,1774305568181242757,4971
7842,1774305568182856720,1774305568187520252,4663
7843,1774305568189155259,1774305568194190063,5034
7844,1774305568195943020,1774305568201733010,5789
7845,1774305568203651463,1774305568209103808,5452
7846,1774305568210775715,1774305568215625334,4849
7847,1774305568217307977,1774305568222873541,5565
7848,1774305568224881779,1774305568231199946,6318
7849,1774305568233336349,1774305568240449787,7113
7850,1774305568242108535,1774305568247584026,5475
7851,1774305568249347648,1774305568254424392,5076
7852,1774305568255899036,1774305568260631069,4732
7853,1774305568262320791,1774305568268065067,5744
7854,1774305568269667444,1774305568274918603,5251
7855,1774305568276609668,1774305568282145555,5535
7856,1774305568283945615,1774305568290666020,6720
7857,1774305568292295831,1774305568297256448,4960
7858,1774305568298927937,1774305568305762427,6834
7859,1774305568307522709,1774305568314207206,6684
7860,1774305568315823091,1774305568320559341,4736
7861,1774305568322394928,1774305568328287067,5892
7862,1774305568330098470,1774305568335574442,5475
7863,1774305568337285492,1774305568342601540,5316
7864,1774305568344313012,1774305568350039029,5726
7865,1774305568351728288,1774305568356511620,4783
7866,1774305568358478225,1774305568365552149,7073
7867,1774305568367396161,1774305568372291507,4895
7868,1774305568374083976,1774305568379734929,5650
7869,1774305568381296616,1774305568388561639,7265
7870,1774305568390095107,1774305568395444263,5349
7871,1774305568397089069,1774305568401688956,4599
7872,1774305568403399279,1774305568408014326,4615
7873,1774305568409745246,1774305568414879829,5134
7874,1774305568416551310,1774305568422309857,5758
7875,1774305568424109866,1774305568429154810,5044
7876,1774305568430884051,1774305568435548936,4664
7877,1774305568437184666,1774305568444053749,6869
7878,1774305568445710912,1774305568451431560,5720
7879,1774305568453330825,1774305568458184533,4853
7880,1774305568459925079,1774305568464989505,5064
7881,1774305568466923020,1774305568472378115,5455
7882,1774305568474109178,1774305568479509434,5400
7883,1774305568481344228,1774305568488190065,6845
7884,1774305568489932361,1774305568494757519,4825
7885,1774305568496670632,1774305568501773495,5102
7886,1774305568503688293,1774305568510813215,7124
7887,1774305568512622258,1774305568517767753,5145
7888,1774305568519359388,1774305568524964105,5604
7889,1774305568526631664,1774305568531527475,4895
7890,1774305568533272812,1774305568538168660,4895
7891,1774305568539667354,1774305568544462391,4795
7892,1774305568546033573,1774305568550758348,4724
7893,1774305568552479305,1774305568557664677,5185
7894,1774305568559326381,1774305568565030564,5704
7895,1774305568566671486,1774305568572491505,5820
7896,1774305568574493004,1774305568579352770,4859
7897,1774305568581265790,1774305568586657380,5391
7898,1774305568588521677,1774305568593427439,4905
7899,1774305568595131609,1774305568601500233,6368
7900,1774305568603335771,1774305568609274678,5938
7901,1774305568610954899,1774305568615813248,4858
7902,1774305568617448956,1774305568622725359,5276
7903,1774305568624279511,1774305568629936609,5657
7904,1774305568631609716,1774305568637545240,5935
7905,1774305568639493654,1774305568645474134,5980
7906,1774305568647265830,1774305568651785139,4519
7907,1774305568653144842,1774305568657679829,4534
7908,1774305568659078444,1774305568666437593,7359
7909,1774305568668074224,1774305568672831033,4756
7910,1774305568674498432,1774305568679661368,5162
7911,1774305568681160246,1774305568687198406,6038
7912,1774305568688844423,1774305568694365688,5521
7913,1774305568696213857,1774305568701305518,5091
7914,1774305568703077260,1774305568710023331,6946
7915,1774305568711745893,1774305568717386968,5641
7916,1774305568719101012,1774305568724572083,5471
7917,1774305568726301431,1774305568731409813,5108
7918,1774305568733105923,1774305568739521278,6415
7919,1774305568741493290,1774305568747196695,5703
7920,1774305568748962933,1774305568754455038,5492
7921,1774305568756391494,1774305568762041055,5649
7922,1774305568763722066,1774305568769230512,5508
7923,1774305568770948269,1774305568775709689,4761
7924,1774305568777599104,1774305568782441119,4842
7925,1774305568784319579,1774305568791456727,7137
7926,1774305568793112724,1774305568797850422,4737
7927,1774305568799491314,1774305568805099338,5608
7928,1774305568806702641,1774305568811670664,4968
7929,1774305568813168746,1774305568818216998,5048
7930,1774305568819844653,1774305568824397610,4552
7931,1774305568825969953,1774305568830624859,4654
7932,1774305568832358719,1774305568838130321,5771
7933,1774305568839965837,1774305568846979499,7013
7934,1774305568848681089,1774305568853935971,5254
7935,1774305568855624039,1774305568861495436,5871
7936,1774305568863404429,1774305568870425058,7020
7937,1774305568872309858,1774305568877960869,5651
7938,1774305568879886886,1774305568885496082,5609
7939,1774305568887461809,1774305568892854305,5392
7940,1774305568894512294,1774305568899825493,5313
7941,1774305568901534152,1774305568908807473,7273
7942,1774305568910559188,1774305568916115584,5556
7943,1774305568917791391,1774305568923830941,6039
7944,1774305568925554206,1774305568930110624,4556
7945,1774305568931801189,1774305568937257698,5456
7946,1774305568938911356,1774305568945121584,6210
7947,1774305568946755986,1774305568952596456,5840
7948,1774305568954345580,1774305568959295632,4950
7949,1774305568961065592,1774305568965804369,4738
7950,1774305568967368378,1774305568972441921,5073
7951,1774305568974028522,1774305568978736335,4707
7952,1774305568980379331,1774305568985434822,5055
7953,1774305568987210596,1774305568992708810,5498
7954,1774305568994486544,1774305568999938759,5452
7955,1774305569001730434,1774305569008114928,6384
7956,1774305569009795308,1774305569016600728,6805
7957,1774305569018320868,1774305569024099481,5778
7958,1774305569025816084,1774305569032043132,6227
7959,1774305569033998606,1774305569040761603,6762
7960,1774305569042491438,1774305569048637912,6146
7961,1774305569050518527,1774305569056509025,5990
7962,1774305569058411367,1774305569063204938,4793
7963,1774305569065000038,1774305569070721286,5721
7964,1774305569072390178,1774305569079483531,7093
7965,1774305569081179388,1774305569086550347,5370
7966,1774305569088215876,1774305569093724872,5508
7967,1774305569095486952,1774305569100712135,5225
7968,1774305569102278351,1774305569107614671,5336
7969,1774305569109205248,1774305569116024132,6818
7970,1774305569117725279,1774305569122906579,5181
7971,1774305569124738481,1774305569131784565,7046
7972,1774305569133693676,1774305569138639130,4945
7973,1774305569140341337,1774305569145270884,4929
7974,1774305569147034904,1774305569154025098,6990
7975,1774305569155729737,1774305569160842889,5113
7976,1774305569162499397,1774305569167112683,4613
7977,1774305569169098840,1774305569174268256,5169
7978,1774305569176018942,1774305569181807868,5788
7979,1774305569183661410,1774305569190509695,6848
7980,1774305569192309492,1774305569197584947,5275
7981,1774305569199503783,1774305569205577698,6073
7982,1774305569207189762,1774305569214359105,7169
7983,1774305569216034341,1774305569221441108,5406
7984,1774305569223089246,1774305569229171611,6082
7985,1774305569230861257,1774305569235546709,4685
7986,1774305569237203163,1774305569242462122,5258
7987,1774305569244062126,1774305569249544514,5482
7988,1774305569251245827,1774305569256956303,5710
7989,1774305569258785720,1774305569263601742,4816
7990,1774305569265434425,1774305569270705341,5270
7991,1774305569272371498,1774305569278144975,5773
7992,1774305569279929010,1774305569285368104,5439
7993,1774305569287101414,1774305569293265932,6164
7994,1774305569295024313,1774305569300387659,5363
7995,1774305569302110833,1774305569307220810,5109
7996,1774305569309054279,1774305569314536242,5481
7997,1774305569320500475,1774305569326111436,5610
7998,1774305569327961853,1774305569334772074,6810
7999,1774305569336467392,1774305569342070771,5603
8000,1774305569343749000,1774305569349527286,5778
8001,1774305569351125649,1774305569355979827,4854
8002,1774305569357696996,1774305569364970771,7273
8003,1774305569366289603,1774305569371242909,4953
8004,1774305569372638210,1774305569377060757,4422
8005,1774305569378458928,1774305569383100909,4641
8006,1774305569384840849,1774305569390161259,5320
8007,1774305569391838341,1774305569397658657,5820
8008,1774305569399338765,1774305569405087905,5749
8009,1774305569406783553,1774305569411598122,4814
8010,1774305569413568648,1774305569418626750,5058
8011,1774305569420481432,1774305569426503674,6022
8012,1774305569428347761,1774305569434268642,5920
8013,1774305569435973520,1774305569441605936,5632
8014,1774305569443259727,1774305569448141540,4881
8015,1774305569450102724,1774305569455074102,4971
8016,1774305569457002288,1774305569462462104,5459
8017,1774305569464310322,1774305569470370560,6060
8018,1774305569472046923,1774305569476621908,4574
8019,1774305569478320863,1774305569485395537,7074
8020,1774305569487134926,1774305569494475656,7340
8021,1774305569496120570,1774305569501062225,4941
8022,1774305569502677264,1774305569508194704,5517
8023,1774305569509859730,1774305569514500373,4640
8024,1774305569516127717,1774305569521032515,4904
8025,1774305569522691108,1774305569527492011,4800
8026,1774305569529292988,1774305569534625074,5332
8027,1774305569536523702,1774305569542079205,5555
8028,1774305569543744882,1774305569549438866,5693
8029,1774305569551181131,1774305569558027660,6846
8030,1774305569559746704,1774305569564907854,5161
8031,1774305569566778544,1774305569573684841,6906
8032,1774305569575406662,1774305569581020919,5614
8033,1774305569582653886,1774305569588095938,5442
8034,1774305569589755168,1774305569594456652,4701
8035,1774305569596237298,1774305569601754780,5517
8036,1774305569603687120,1774305569609334589,5647
8037,1774305569611194650,1774305569618279400,7084
8038,1774305569619956487,1774305569627086258,7129
8039,1774305569628715859,1774305569635049232,6333
8040,1774305569636750553,1774305569641390366,4639
8041,1774305569643269776,1774305569649004924,5735
8042,1774305569650644683,1774305569657893719,7249
8043,1774305569659640988,1774305569665100931,5459
8044,1774305569666764030,1774305569672519383,5755
8045,1774305569674407279,1774305569681220524,6813
8046,1774305569682937781,1774305569688605131,5667
8047,1774305569690329086,1774305569696318831,5989
8048,1774305569698194188,1774305569704127612,5933
8049,1774305569705774966,1774305569710777656,5002
8050,1774305569712549155,1774305569719586872,7037
8051,1774305569721491978,1774305569726796421,5304
8052,1774305569728529375,1774305569734407088,5877
8053,1774305569736343139,1774305569743100595,6757
8054,1774305569744843904,1774305569750117555,5273
8055,1774305569751795634,1774305569758924072,7128
8056,1774305569760574419,1774305569765528930,4954
8057,1774305569767024615,1774305569772517906,5493
8058,1774305569774202586,1774305569778824087,4621
8059,1774305569780531945,1774305569784755081,4223
8060,1774305569786353887,1774305569793339107,6985
8061,1774305569794934066,1774305569800222861,5288
8062,1774305569801904794,1774305569807395601,5490
8063,1774305569809113334,1774305569815183073,6069
8064,1774305569816945848,1774305569822586503,5640
8065,1774305569824335516,1774305569830006496,5670
8066,1774305569831792272,1774305569838052494,6260
8067,1774305569839736244,1774305569844930746,5194
8068,1774305569846609615,1774305569852016689,5407
8069,1774305569853744561,1774305569859514803,5770
8070,1774305569861252027,1774305569866274452,5022
8071,1774305569868029908,1774305569872847145,4817
8072,1774305569874623167,1774305569881804669,7181
8073,1774305569883491321,1774305569890319072,6827
8074,1774305569892047855,1774305569896519914,4472
8075,1774305569898176254,1774305569903257693,5081
8076,1774305569904932552,1774305569909514728,4582
8077,1774305569911185074,1774305569916089939,4904
8078,1774305569917772651,1774305569923629945,5857
8079,1774305569925098191,1774305569931050347,5952
8080,1774305569932682592,1774305569937478716,4796
8081,1774305569939085225,1774305569944415501,5330
8082,1774305569946145679,1774305569952868358,6722
8083,1774305569954648333,1774305569960168500,5520
8084,1774305569961857874,1774305569967235468,5377
8085,1774305569969018306,1774305569973707178,4688
8086,1774305569975381529,1774305569980316066,4934
8087,1774305569981965499,1774305569987275532,5310
8088,1774305569988848588,1774305569994533325,5684
8089,1774305569996185605,1774305570002812268,6626
8090,1774305570004741698,1774305570009901558,5159
8091,1774305570011554858,1774305570017080445,5525
8092,1774305570018947798,1774305570025851311,6903
8093,1774305570027478082,1774305570032282331,4804
8094,1774305570033967110,1774305570041103430,7136
8095,1774305570042823378,1774305570047516638,4693
8096,1774305570049127899,1774305570053802056,4674
8097,1774305570055302655,1774305570060541099,5238
8098,1774305570062181795,1774305570067439476,5257
8099,1774305570069089415,1774305570074795164,5705
8100,1774305570076443135,1774305570081879760,5436
8101,1774305570083539904,1774305570088340326,4800
8102,1774305570089980845,1774305570094497489,4516
8103,1774305570096140313,1774305570103137894,6997
8104,1774305570104791006,1774305570109891679,5100
8105,1774305570111543586,1774305570117051808,5508
8106,1774305570118791323,1774305570125526479,6735
8107,1774305570127312083,1774305570133977941,6665
8108,1774305570135608866,1774305570141474785,5865
8109,1774305570143133365,1774305570148023730,4890
8110,1774305570149650610,1774305570154877047,5226
8111,1774305570156654344,1774305570163814123,7159
8112,1774305570165450758,1774305570172547369,7096
8113,1774305570174164503,1774305570178659486,4494
8114,1774305570180199201,1774305570184970695,4771
8115,1774305570186781043,1774305570192444209,5663
8116,1774305570194017171,1774305570199710319,5693
8117,1774305570201307315,1774305570206666348,5359
8118,1774305570208434111,1774305570213363346,4929
8119,1774305570215155496,1774305570220985069,5829
8120,1774305570222759781,1774305570229052022,6292
8121,1774305570230870514,1774305570236765377,5894
8122,1774305570238515526,1774305570243769574,5254
8123,1774305570245462891,1774305570251586846,6123
8124,1774305570253481655,1774305570258456494,4974
8125,1774305570260272845,1774305570265559956,5287
8126,1774305570267437867,1774305570273296964,5859
8127,1774305570275029293,1774305570280399938,5370
8128,1774305570282119031,1774305570288109267,5990
8129,1774305570289774176,1774305570296623162,6848
8130,1774305570298477678,1774305570305452779,6975
8131,1774305570307107032,1774305570312018478,4911
8132,1774305570313694072,1774305570318738841,5044
8133,1774305570320414025,1774305570325178642,4764
8134,1774305570326944872,1774305570331583593,4638
8135,1774305570333272432,1774305570338541412,5268
8136,1774305570340126262,1774305570346782022,6655
8137,1774305570348459727,1774305570353724851,5265
8138,1774305570355365738,1774305570360740918,5375
8139,1774305570362426126,1774305570368417237,5991
8140,1774305570370103167,1774305570375592985,5489
8141,1774305570377552750,1774305570383989890,6437
8142,1774305570385667602,1774305570390585967,4918
8143,1774305570392500704,1774305570397670385,5169
8144,1774305570399439652,1774305570406299255,6859
8145,1774305570408117533,1774305570413367684,5250
8146,1774305570415070312,1774305570420132467,5062
8147,1774305570422179052,1774305570427865340,5686
8148,1774305570429639970,1774305570434903078,5263
8149,1774305570437002672,1774305570442485207,5482
8150,1774305570444207803,1774305570450327969,6120
8151,1774305570452099330,1774305570457789721,5690
8152,1774305570459485645,1774305570464241258,4755
8153,1774305570465988972,1774305570470541377,4552
8154,1774305570472007453,1774305570476693019,4685
8155,1774305570478294826,1774305570484259152,5964
8156,1774305570486072346,1774305570490809412,4737
8157,1774305570492445822,1774305570497088014,4642
8158,1774305570498732908,1774305570505557333,6824
8159,1774305570507221891,1774305570514141001,6919
8160,1774305570515934217,1774305570521344153,5409
8161,1774305570523231949,1774305570528810231,5578
8162,1774305570530570939,1774305570536597680,6026
8163,1774305570538322369,1774305570544251094,5928
8164,1774305570546025846,1774305570550733648,4707
8165,1774305570552374117,1774305570557636817,5262
8166,1774305570559577365,1774305570566780609,7203
8167,1774305570568935033,1774305570573980210,5045
8168,1774305570575660030,1774305570582551864,6891
8169,1774305570584168837,1774305570590180174,6011
8170,1774305570592017753,1774305570598193892,6176
8171,1774305570599765982,1774305570604652953,4886
8172,1774305570606254389,1774305570611494925,5240
8173,1774305570613080822,1774305570618565083,5484
8174,1774305570620159842,1774305570625033298,4873
8175,1774305570626847028,1774305570631446345,4599
8176,1774305570633092564,1774305570640064764,6972
8177,1774305570641730199,1774305570648407971,6677
8178,1774305570650026922,1774305570654677526,4650
8179,1774305570656511073,1774305570663432497,6921
8180,1774305570665129791,1774305570672416339,7286
8181,1774305570674490503,1774305570680107231,5616
8182,1774305570681657290,1774305570688039295,6382
8183,1774305570689805692,1774305570696567882,6762
8184,1774305570698441057,1774305570703220712,4779
8185,1774305570705047158,1774305570710577757,5530
8186,1774305570712320928,1774305570717337896,5016
8187,1774305570719076659,1774305570724664100,5587
8188,1774305570726327154,1774305570731241159,4914
8189,1774305570732843854,1774305570738284263,5440
8190,1774305570739911064,1774305570744415959,4504
8191,1774305570745908649,1774305570750570898,4662
8192,1774305570752402495,1774305570759043154,6640
8193,1774305570760635336,1774305570765920377,5285
8194,1774305570767539035,1774305570773030222,5491
8195,1774305570774935197,1774305570781853543,6918
8196,1774305570783538472,1774305570789136100,5597
8197,1774305570790793971,1774305570797648151,6854
8198,1774305570799545305,1774305570804615953,5070
8199,1774305570806369950,1774305570811994907,5624
8200,1774305570813641188,1774305570818863315,5222
8201,1774305570820475316,1774305570825722311,5246
8202,1774305570827389468,1774305570832272774,4883
8203,1774305570833953004,1774305570839731953,5778
8204,1774305570841509227,1774305570847360519,5851
8205,1774305570849068560,1774305570855858295,6789
8206,1774305570857456878,1774305570864465413,7008
8207,1774305570866208891,1774305570873449019,7240
8208,1774305570875082057,1774305570879817612,4735
8209,1774305570881554720,1774305570886875623,5320
8210,1774305570888593912,1774305570893573355,4979
8211,1774305570895290827,1774305570900321800,5030
8212,1774305570902134988,1774305570908023584,5888
8213,1774305570910077939,1774305570916355836,6277
8214,1774305570918129753,1774305570923164603,5034
8215,1774305570924851465,1774305570929736431,4884
8216,1774305570931470735,1774305570938523830,7053
8217,1774305570940362381,1774305570945562135,5199
8218,1774305570947501911,1774305570952870535,5368
8219,1774305570954748396,1774305570960070706,5322
8220,1774305570961726567,1774305570966538954,4812
8221,1774305570968371210,1774305570973776910,5405
8222,1774305570975572459,1774305570982053056,6480
8223,1774305570983920626,1774305570989676544,5755
8224,1774305570991451833,1774305570996286599,4834
8225,1774305570997923636,1774305571003654389,5730
