iter,start_ns,end_ns,duration_us
1,1774305778347494086,1774305778351530360,4036
2,1774305778353045286,1774305778356014750,2969
3,1774305778357475510,1774305778361404962,3929
4,1774305778362934559,1774305778366404950,3470
5,1774305778367909575,1774305778371610080,3700
6,1774305778373151362,1774305778376420216,3268
7,1774305778378015762,1774305778381812763,3797
8,1774305778383372284,1774305778387305262,3932
9,1774305778388762654,1774305778392313876,3551
10,1774305778393858645,1774305778397624366,3765
11,1774305778399127637,1774305778403030260,3902
12,1774305778404646342,1774305778408704511,4058
13,1774305778410243471,1774305778413477142,3233
14,1774305778415030229,1774305778418972489,3942
15,1774305778420548767,1774305778423732242,3183
16,1774305778425396115,1774305778428933418,3537
17,1774305778430489119,1774305778433817687,3328
18,1774305778435401116,1774305778439334467,3933
19,1774305778440702147,1774305778443918593,3216
20,1774305778445451056,1774305778448367946,2916
21,1774305778449975101,1774305778452962466,2987
22,1774305778454574553,1774305778457741248,3166
23,1774305778459323869,1774305778462585291,3261
24,1774305778464096723,1774305778467080379,2983
25,1774305778468628836,1774305778471750483,3121
26,1774305778473321758,1774305778476621726,3299
27,1774305778478347152,1774305778482337192,3990
28,1774305778483934750,1774305778487391646,3456
29,1774305778488908449,1774305778492614119,3705
30,1774305778494145487,1774305778497455719,3310
31,1774305778498997823,1774305778502368553,3370
32,1774305778503891262,1774305778507605577,3714
33,1774305778509186119,1774305778512466864,3280
34,1774305778514037070,1774305778517655927,3618
35,1774305778519209550,1774305778522877546,3667
36,1774305778524380859,1774305778527944395,3563
37,1774305778529506667,1774305778533001124,3494
38,1774305778534522733,1774305778537688808,3166
39,1774305778539191710,1774305778543066403,3874
40,1774305778544632781,1774305778548468248,3835
41,1774305778550008715,1774305778553434870,3426
42,1774305778554966206,1774305778557914592,2948
43,1774305778559436942,1774305778562662809,3225
44,1774305778564122405,1774305778567978755,3856
45,1774305778569628356,1774305778573169698,3541
46,1774305778574758680,1774305778578649708,3891
47,1774305778580227715,1774305778583297028,3069
48,1774305778584893700,1774305778588725575,3831
49,1774305778590294015,1774305778593605847,3311
50,1774305778595156668,1774305778599250745,4094
51,1774305778600668245,1774305778604354179,3685
52,1774305778605835140,1774305778609312249,3477
53,1774305778610887912,1774305778613898711,3010
54,1774305778615503903,1774305778618717164,3213
55,1774305778620270922,1774305778624112692,3841
56,1774305778625646409,1774305778629467654,3821
57,1774305778630977929,1774305778633935671,2957
58,1774305778635423663,1774305778639360334,3936
59,1774305778640926830,1774305778644662812,3735
60,1774305778646166439,1774305778649428089,3261
61,1774305778650945967,1774305778654342065,3396
62,1774305778655995892,1774305778659635435,3639
63,1774305778661361603,1774305778665169841,3808
64,1774305778666706209,1774305778669851334,3145
65,1774305778671404856,1774305778674785170,3380
66,1774305778676347772,1774305778680134332,3786
67,1774305778681683497,1774305778685120978,3437
68,1774305778686724498,1774305778690147032,3422
69,1774305778691608565,1774305778695447983,3839
70,1774305778697003762,1774305778699945801,2942
71,1774305778701415002,1774305778705027397,3612
72,1774305778706448092,1774305778710345571,3897
73,1774305778711939620,1774305778715155043,3215
74,1774305778716612899,1774305778719517621,2904
75,1774305778721160537,1774305778724125489,2964
76,1774305778725776644,1774305778729287877,3511
77,1774305778730865974,1774305778734179089,3313
78,1774305778735745500,1774305778738783912,3038
79,1774305778740331205,1774305778744088229,3757
80,1774305778745573649,1774305778749438480,3864
81,1774305778751009980,1774305778753981877,2971
82,1774305778755499558,1774305778759083482,3583
83,1774305778760572918,1774305778763592907,3019
84,1774305778765148552,1774305778768950422,3801
85,1774305778770496282,1774305778774012803,3516
86,1774305778775483725,1774305778779328696,3844
87,1774305778780826037,1774305778784513163,3687
88,1774305778786036017,1774305778789392321,3356
89,1774305778790908715,1774305778794540104,3631
90,1774305778796068878,1774305778799634769,3565
91,1774305778801188265,1774305778804907314,3719
92,1774305778806399927,1774305778809950793,3550
93,1774305778811457037,1774305778814654532,3197
94,1774305778816204443,1774305778819867892,3663
95,1774305778821338263,1774305778824950858,3612
96,1774305778826478710,1774305778829634462,3155
97,1774305778831097384,1774305778834431931,3334
98,1774305778835970050,1774305778839696436,3726
99,1774305778841303830,1774305778844453438,3149
100,1774305778845974466,1774305778850016833,4042
101,1774305778851397335,1774305778855268907,3871
102,1774305778856862265,1774305778860215852,3353
103,1774305778861827047,1774305778865297147,3470
104,1774305778866907424,1774305778870868976,3961
105,1774305778872292882,1774305778875570774,3277
106,1774305778877100287,1774305778880507781,3407
107,1774305778882031376,1774305778885674589,3643
108,1774305778887241624,1774305778890912162,3670
109,1774305778892434050,1774305778896142019,3707
110,1774305778897573207,1774305778901282441,3709
111,1774305778902821508,1774305778906590229,3768
112,1774305778908121632,1774305778911467515,3345
113,1774305778913032055,1774305778916384247,3352
114,1774305778917873717,1774305778921619429,3745
115,1774305778923315213,1774305778927631944,4316
116,1774305778929245734,1774305778933123041,3877
117,1774305778934778637,1774305778938491249,3712
118,1774305778940092378,1774305778943976728,3884
119,1774305778945442483,1774305778949238260,3795
120,1774305778950686655,1774305778954152960,3466
121,1774305778955721587,1774305778958842757,3121
122,1774305778960416277,1774305778963580108,3163
123,1774305778965154608,1774305778968944933,3790
124,1774305778970468379,1774305778974258326,3789
125,1774305778975878975,1774305778979862176,3983
126,1774305778981390792,1774305778984565792,3175
127,1774305778986146368,1774305778989509147,3362
128,1774305778991078131,1774305778994048380,2970
129,1774305778995650732,1774305778998649292,2998
130,1774305779000135095,1774305779004150575,4015
131,1774305779005621022,1774305779009129512,3508
132,1774305779010622521,1774305779013745830,3123
133,1774305779015286838,1774305779019162485,3875
134,1774305779020713634,1774305779023800351,3086
135,1774305779025312722,1774305779029155475,3842
136,1774305779030607729,1774305779033759490,3151
137,1774305779035305461,1774305779038578299,3272
138,1774305779040105860,1774305779043942741,3836
139,1774305779045508476,1774305779049366509,3858
140,1774305779050930700,1774305779054364070,3433
141,1774305779055876152,1774305779059745171,3869
142,1774305779061294839,1774305779065012702,3717
143,1774305779066493015,1774305779069602151,3109
144,1774305779071162374,1774305779074476914,3314
145,1774305779076004376,1774305779079807653,3803
146,1774305779081376948,1774305779085163743,3786
147,1774305779086736799,1774305779090492028,3755
148,1774305779092075861,1774305779095865406,3789
149,1774305779097352332,1774305779100954881,3602
150,1774305779102512953,1774305779106080586,3567
151,1774305779107634084,1774305779110657248,3023
152,1774305779112216784,1774305779115516599,3299
153,1774305779117064905,1774305779121071076,4006
154,1774305779122705338,1774305779126494456,3789
155,1774305779128066890,1774305779131466257,3399
156,1774305779133213096,1774305779136170648,2957
157,1774305779137705799,1774305779140871020,3165
158,1774305779142034377,1774305779145776879,3742
159,1774305779147360156,1774305779150525918,3165
160,1774305779152060179,1774305779154987614,2927
161,1774305779156475604,1774305779159684386,3208
162,1774305779161265749,1774305779164573038,3307
163,1774305779166096552,1774305779169631219,3534
164,1774305779171205493,1774305779174976748,3771
165,1774305779176493904,1774305779179665725,3171
166,1774305779181124131,1774305779184928645,3804
167,1774305779186469545,1774305779190174622,3705
168,1774305779191630087,1774305779195156307,3526
169,1774305779196724769,1774305779200162996,3438
170,1774305779201638618,1774305779205114195,3475
171,1774305779206698419,1774305779210509239,3810
172,1774305779212036865,1774305779214971740,2934
173,1774305779216550679,1774305779219732938,3182
174,1774305779221268899,1774305779224480482,3211
175,1774305779226051389,1774305779229094292,3042
176,1774305779230701259,1774305779234470902,3769
177,1774305779235982489,1774305779239639134,3656
178,1774305779241195698,1774305779244961973,3766
179,1774305779246484934,1774305779250380395,3895
180,1774305779251961267,1774305779255327725,3366
181,1774305779256874462,1774305779260371509,3497
182,1774305779261956544,1774305779265334586,3378
183,1774305779266903055,1774305779270198654,3295
184,1774305779271852370,1774305779274869690,3017
185,1774305779276451745,1774305779279546554,3094
186,1774305779281104648,1774305779284070757,2966
187,1774305779285619965,1774305779289209540,3589
188,1774305779290749785,1774305779293888091,3138
189,1774305779295424724,1774305779298626054,3201
190,1774305779300094130,1774305779303362584,3268
191,1774305779304893851,1774305779308602688,3708
192,1774305779310165277,1774305779313525239,3359
193,1774305779314987422,1774305779318440366,3452
194,1774305779319949060,1774305779323003769,3054
195,1774305779324494623,1774305779327758893,3264
196,1774305779329420073,1774305779332980384,3560
197,1774305779334443481,1774305779337957193,3513
198,1774305779339545132,1774305779343348951,3803
199,1774305779344864868,1774305779348658928,3794
200,1774305779350173290,1774305779353884977,3711
201,1774305779355369872,1774305779358627828,3257
202,1774305779360204097,1774305779364009293,3805
203,1774305779365548659,1774305779368604251,3055
204,1774305779370169354,1774305779373576065,3406
205,1774305779375109645,1774305779378903915,3794
206,1774305779380510258,1774305779383668924,3158
207,1774305779385048753,1774305779388641828,3593
208,1774305779389953358,1774305779392967688,3014
209,1774305779394343898,1774305779397245638,2901
210,1774305779398858864,1774305779402831262,3972
211,1774305779404290266,1774305779407537197,3246
212,1774305779409047407,1774305779412282074,3234
213,1774305779413788413,1774305779416797395,3008
214,1774305779418283784,1774305779421601808,3318
215,1774305779423152683,1774305779426694581,3541
216,1774305779428066590,1774305779431510276,3443
217,1774305779433054415,1774305779436746161,3691
218,1774305779438328784,1774305779442133490,3804
219,1774305779443604078,1774305779447406026,3801
220,1774305779448910302,1774305779452272679,3362
221,1774305779453777986,1774305779457468350,3690
222,1774305779459020482,1774305779461959602,2939
223,1774305779463400168,1774305779467387236,3987
224,1774305779468924516,1774305779472538731,3614
225,1774305779474092314,1774305779477875692,3783
226,1774305779479364683,1774305779483676063,4311
227,1774305779485296045,1774305779488589428,3293
228,1774305779490124630,1774305779493426899,3302
229,1774305779494952971,1774305779498355446,3402
230,1774305779499846606,1774305779503527413,3680
231,1774305779505048425,1774305779507986412,2937
232,1774305779509463447,1774305779512707067,3243
233,1774305779514337714,1774305779518256773,3919
234,1774305779519865455,1774305779523697545,3832
235,1774305779525316525,1774305779529282894,3966
236,1774305779530660559,1774305779534146546,3485
237,1774305779535751830,1774305779539556186,3804
238,1774305779541132827,1774305779544035399,2902
239,1774305779545589298,1774305779548687812,3098
240,1774305779550188325,1774305779554179816,3991
241,1774305779555748428,1774305779559582488,3834
242,1774305779561085516,1774305779564713791,3628
243,1774305779566275514,1774305779569553213,3277
244,1774305779571093927,1774305779574907711,3813
245,1774305779576384237,1774305779580297833,3913
246,1774305779581817693,1774305779584881313,3063
247,1774305779586397402,1774305779589707066,3309
248,1774305779591206692,1774305779594472507,3265
249,1774305779595975247,1774305779599637006,3661
250,1774305779601230210,1774305779604838912,3608
251,1774305779606380176,1774305779610131720,3751
252,1774305779611568923,1774305779615371260,3802
253,1774305779616851916,1774305779620270874,3418
254,1774305779621795747,1774305779625193312,3397
255,1774305779626744449,1774305779629787923,3043
256,1774305779631259374,1774305779635105406,3846
257,1774305779636696794,1774305779640483882,3787
258,1774305779642004707,1774305779644954526,2949
259,1774305779646483071,1774305779649707136,3224
260,1774305779651305795,1774305779654497475,3191
261,1774305779656035887,1774305779660017481,3981
262,1774305779661529145,1774305779665001877,3472
263,1774305779666370226,1774305779670281050,3910
264,1774305779671893031,1774305779675229477,3336
265,1774305779676760560,1774305779679822402,3061
266,1774305779681483724,1774305779685138140,3654
267,1774305779686649557,1774305779689670692,3021
268,1774305779691179978,1774305779695105251,3925
269,1774305779696676763,1774305779700479403,3802
270,1774305779701999710,1774305779705805934,3806
271,1774305779707376573,1774305779710995033,3618
272,1774305779712608226,1774305779715648708,3040
273,1774305779717308229,1774305779721111143,3802
274,1774305779722670229,1774305779726398084,3727
275,1774305779727921458,1774305779731661192,3739
276,1774305779733179945,1774305779736923655,3743
277,1774305779738364572,1774305779741625939,3261
278,1774305779743162048,1774305779746865234,3703
279,1774305779748342739,1774305779751680706,3337
280,1774305779753260835,1774305779757022071,3761
281,1774305779758546857,1774305779762308694,3761
282,1774305779763847674,1774305779767336428,3488
283,1774305779768859053,1774305779772605309,3746
284,1774305779774130129,1774305779777435344,3305
285,1774305779778974407,1774305779782680717,3706
286,1774305779784257089,1774305779787570323,3313
287,1774305779789145435,1774305779792864047,3718
288,1774305779794417198,1774305779798412185,3994
289,1774305779799808039,1774305779802626516,2818
290,1774305779803734864,1774305779806650801,2915
291,1774305779808255997,1774305779811599241,3343
292,1774305779813100752,1774305779815984389,2883
293,1774305779817611680,1774305779820720684,3109
294,1774305779822016042,1774305779825650417,3634
295,1774305779827236051,1774305779831051789,3815
296,1774305779832566784,1774305779835687467,3120
297,1774305779837168969,1774305779841039655,3870
298,1774305779842572623,1774305779846430827,3858
299,1774305779847967230,1774305779850882918,2915
300,1774305779852413153,1774305779856005084,3591
301,1774305779857470887,1774305779861010375,3539
302,1774305779862501358,1774305779866041324,3539
303,1774305779867639830,1774305779871425472,3785
304,1774305779872937576,1774305779876329990,3392
305,1774305779877847332,1774305779881509158,3661
306,1774305779883004035,1774305779886405686,3401
307,1774305779887897719,1774305779891687496,3789
308,1774305779893193339,1774305779896508372,3315
309,1774305779898006082,1774305779900976403,2970
310,1774305779902513496,1774305779906425185,3911
311,1774305779907957638,1774305779910947325,2989
312,1774305779912438762,1774305779916496414,4057
313,1774305779918093959,1774305779921844877,3750
314,1774305779923421818,1774305779926622600,3200
315,1774305779928251399,1774305779931937415,3686
316,1774305779933537701,1774305779937574119,4036
317,1774305779939207439,1774305779942161163,2953
318,1774305779943808292,1774305779947531216,3722
319,1774305779949077266,1774305779951886511,2809
320,1774305779953442228,1774305779957405249,3963
321,1774305779958917854,1774305779961816507,2898
322,1774305779963374265,1774305779967328326,3954
323,1774305779968873747,1774305779972628208,3754
324,1774305779974150423,1774305779978078715,3928
325,1774305779979474612,1774305779982641185,3166
326,1774305779984149364,1774305779987517397,3368
327,1774305779989044348,1774305779992378167,3333
328,1774305779993889298,1774305779997577823,3688
329,1774305779999136048,1774305780002941410,3805
330,1774305780004452101,1774305780008280473,3828
331,1774305780009852637,1774305780013538965,3686
332,1774305780015091951,1774305780018550765,3458
333,1774305780020124383,1774305780023562755,3438
334,1774305780025094030,1774305780028483826,3389
335,1774305780030034490,1774305780032968886,2934
336,1774305780034465734,1774305780038322824,3857
337,1774305780039832781,1774305780042796827,2964
338,1774305780044313725,1774305780047642431,3328
339,1774305780049144644,1774305780052467829,3323
340,1774305780053970633,1774305780057897969,3927
341,1774305780059466189,1774305780063347262,3881
342,1774305780064672436,1774305780067659528,2987
343,1774305780069221408,1774305780072157380,2935
344,1774305780073468713,1774305780076713148,3244
345,1774305780077897203,1774305780080801815,2904
346,1774305780082404824,1774305780085633408,3228
347,1774305780087091133,1774305780090041217,2950
348,1774305780091502339,1774305780095400090,3897
349,1774305780096907899,1774305780100367469,3459
350,1774305780101865589,1774305780105319766,3454
351,1774305780106705346,1774305780109776269,3070
352,1774305780111255876,1774305780114598917,3343
353,1774305780116062765,1774305780119410478,3347
354,1774305780120964995,1774305780124339339,3374
355,1774305780125854075,1774305780129311414,3457
356,1774305780130846734,1774305780133841500,2994
357,1774305780135373614,1774305780138630806,3257
358,1774305780140172242,1774305780143432407,3260
359,1774305780144948982,1774305780148639201,3690
360,1774305780150206542,1774305780153471129,3264
361,1774305780154938637,1774305780157886410,2947
362,1774305780159387373,1774305780162662990,3275
363,1774305780164195677,1774305780167481792,3286
364,1774305780169026434,1774305780172401334,3374
365,1774305780173866376,1774305780177331730,3465
366,1774305780178820389,1774305780181815334,2994
367,1774305780183386176,1774305780187091162,3704
368,1774305780188589626,1774305780192522090,3932
369,1774305780194128749,1774305780197109806,2981
370,1774305780198579999,1774305780201837817,3257
371,1774305780203433228,1774305780207343245,3910
372,1774305780208764929,1774305780211618065,2853
373,1774305780213126657,1774305780217095313,3968
374,1774305780218601264,1774305780221392205,2790
375,1774305780222938883,1774305780226412206,3473
376,1774305780227993073,1774305780230963324,2970
377,1774305780232482794,1774305780235699070,3216
378,1774305780237172889,1774305780240909510,3736
379,1774305780242468913,1774305780246375879,3906
380,1774305780247912118,1774305780250907039,2994
381,1774305780252407895,1774305780256309596,3901
382,1774305780257868200,1774305780261627571,3759
383,1774305780263119176,1774305780266538313,3419
384,1774305780268105787,1774305780271407303,3301
385,1774305780272901749,1774305780276568865,3667
386,1774305780278185268,1774305780282041031,3855
387,1774305780283610621,1774305780286948106,3337
388,1774305780288451831,1774305780292028812,3576
389,1774305780293423516,1774305780297175337,3751
390,1774305780298772599,1774305780302258143,3485
391,1774305780303784696,1774305780307528981,3744
392,1774305780309049219,1774305780312990352,3941
393,1774305780314527544,1774305780318228887,3701
394,1774305780319761958,1774305780322769401,3007
395,1774305780324310708,1774305780328244934,3934
396,1774305780329817138,1774305780332812314,2995
397,1774305780334443755,1774305780338071089,3627
398,1774305780339548791,1774305780342738402,3189
399,1774305780344341037,1774305780347275882,2934
400,1774305780348870017,1774305780351898807,3028
401,1774305780353464224,1774305780356581581,3117
402,1774305780357852753,1774305780360892686,3039
403,1774305780362404031,1774305780365980632,3576
404,1774305780367461387,1774305780370666862,3205
405,1774305780372213126,1774305780376114570,3901
406,1774305780377624205,1774305780380616960,2992
407,1774305780382197557,1774305780385972439,3774
408,1774305780387444050,1774305780391348364,3904
409,1774305780392924483,1774305780396609875,3685
410,1774305780398148271,1774305780402008783,3860
411,1774305780403466238,1774305780406653504,3187
412,1774305780408173539,1774305780411997976,3824
413,1774305780413554449,1774305780417603014,4048
414,1774305780419296753,1774305780422733542,3436
415,1774305780424241535,1774305780427622742,3381
416,1774305780429183355,1774305780433046710,3863
417,1774305780434594227,1774305780437875632,3281
418,1774305780439476702,1774305780442617228,3140
419,1774305780444190425,1774305780448084545,3894
420,1774305780449645777,1774305780453453411,3807
421,1774305780454989064,1774305780457928531,2939
422,1774305780459456398,1774305780463417951,3961
423,1774305780465056442,1774305780468744540,3688
424,1774305780470218418,1774305780473473844,3255
425,1774305780475056874,1774305780478402842,3345
426,1774305780479949797,1774305780482877040,2927
427,1774305780484292649,1774305780488510044,4217
428,1774305780490069938,1774305780492926394,2856
429,1774305780494043703,1774305780496733237,2689
430,1774305780498121839,1774305780501863525,3741
431,1774305780503428951,1774305780507012436,3583
432,1774305780508502717,1774305780511654634,3151
433,1774305780513252744,1774305780517125554,3872
434,1774305780518729869,1774305780522531185,3801
435,1774305780524065858,1774305780527766725,3700
436,1774305780529314689,1774305780533025924,3711
437,1774305780534550787,1774305780537993562,3442
438,1774305780539520355,1774305780543109315,3588
439,1774305780544645083,1774305780548116475,3471
440,1774305780549573425,1774305780553396947,3823
441,1774305780554913746,1774305780558612774,3699
442,1774305780560178342,1774305780563449811,3271
443,1774305780565007417,1774305780567954342,2946
444,1774305780569499215,1774305780572688468,3189
445,1774305780574160596,1774305780578129318,3968
446,1774305780579685786,1774305780583469577,3783
447,1774305780585005813,1774305780588000179,2994
448,1774305780589493276,1774305780593379509,3886
449,1774305780594855534,1774305780598746762,3891
450,1774305780600198328,1774305780603514889,3316
451,1774305780604949089,1774305780608889580,3940
452,1774305780610231048,1774305780613199340,2968
453,1774305780614452181,1774305780618351310,3899
454,1774305780619729849,1774305780622660978,2931
455,1774305780623958030,1774305780626663521,2705
456,1774305780628279165,1774305780631959823,3680
457,1774305780633471050,1774305780637394126,3923
458,1774305780638908817,1774305780642342731,3433
459,1774305780643867367,1774305780647614713,3747
460,1774305780649142767,1774305780652940173,3797
461,1774305780654474902,1774305780658357931,3883
462,1774305780659841089,1774305780663313654,3472
463,1774305780664839150,1774305780668284585,3445
464,1774305780669824338,1774305780672818233,2993
465,1774305780674313943,1774305780678188453,3874
466,1774305780679650348,1774305780683599268,3948
467,1774305780685175304,1774305780688701982,3526
468,1774305780690233448,1774305780693980039,3746
469,1774305780695621918,1774305780698600142,2978
470,1774305780700154109,1774305780703820555,3666
471,1774305780705346981,1774305780708613011,3266
472,1774305780710124879,1774305780713964229,3839
473,1774305780715542186,1774305780719406146,3863
474,1774305780720935437,1774305780724292716,3357
475,1774305780725817010,1774305780728867302,3050
476,1774305780730416474,1774305780734320414,3903
477,1774305780735917614,1774305780739359374,3441
478,1774305780740999627,1774305780744393072,3393
479,1774305780745796968,1774305780748898969,3102
480,1774305780750506391,1774305780753607562,3101
481,1774305780755064297,1774305780758944445,3880
482,1774305780760479073,1774305780763993919,3514
483,1774305780765498748,1774305780768719766,3221
484,1774305780770156347,1774305780773476244,3319
485,1774305780775028166,1774305780778805360,3777
486,1774305780780329729,1774305780783870862,3541
487,1774305780785326847,1774305780788613552,3286
488,1774305780790174869,1774305780794108875,3934
489,1774305780795678728,1774305780798637457,2958
490,1774305780800092481,1774305780803782084,3689
491,1774305780805301970,1774305780808519845,3217
492,1774305780810104967,1774305780814044281,3939
493,1774305780815625083,1774305780819435044,3809
494,1774305780820975589,1774305780824897753,3922
495,1774305780826410373,1774305780830152012,3741
496,1774305780831691511,1774305780834590413,2898
497,1774305780836160571,1774305780839845995,3685
498,1774305780841388908,1774305780845141074,3752
499,1774305780846640171,1774305780850430181,3790
500,1774305780851938208,1774305780855657403,3719
501,1774305780857193706,1774305780860447825,3254
502,1774305780861965340,1774305780864961088,2995
503,1774305780866402021,1774305780869985599,3583
504,1774305780871545316,1774305780875420257,3874
505,1774305780876943049,1774305780880376646,3433
506,1774305780881959554,1774305780884937158,2977
507,1774305780886412202,1774305780889607720,3195
508,1774305780891004280,1774305780894191028,3186
509,1774305780895638673,1774305780899422951,3784
510,1774305780900971156,1774305780904701467,3730
511,1774305780906110178,1774305780909458250,3348
512,1774305780910985695,1774305780913996516,3010
513,1774305780915530594,1774305780918745767,3215
514,1774305780920279666,1774305780923981448,3701
515,1774305780925439115,1774305780929348615,3909
516,1774305780930935643,1774305780934850045,3914
517,1774305780936413659,1774305780939664385,3250
518,1774305780941166528,1774305780945036330,3869
519,1774305780946583669,1774305780950389693,3806
520,1774305780951947223,1774305780954911078,2963
521,1774305780956380118,1774305780960325558,3945
522,1774305780961866651,1774305780964849024,2982
523,1774305780966344159,1774305780969695377,3351
524,1774305780971247715,1774305780975121963,3874
525,1774305780976640409,1774305780979719664,3079
526,1774305780981243451,1774305780985010317,3766
527,1774305780986496454,1774305780990337968,3841
528,1774305780991875965,1774305780994893809,3017
529,1774305780996384648,1774305780999999055,3614
530,1774305781001486545,1774305781004535755,3049
531,1774305781005804258,1774305781009755792,3951
532,1774305781011111029,1774305781014866307,3755
533,1774305781016283686,1774305781020272481,3988
534,1774305781021880297,1774305781024806908,2926
535,1774305781026201779,1774305781029144041,2942
536,1774305781030321656,1774305781034332363,4010
537,1774305781035875857,1774305781039345141,3469
538,1774305781040899492,1774305781044706390,3806
539,1774305781046256153,1774305781049900453,3644
540,1774305781051389238,1774305781054630197,3240
541,1774305781056188240,1774305781060092537,3904
542,1774305781061629453,1774305781064562996,2933
543,1774305781066065668,1774305781069874549,3808
544,1774305781071404139,1774305781074494337,3090
545,1774305781076087121,1774305781079056674,2969
546,1774305781080662462,1774305781084593612,3931
547,1774305781086112234,1774305781089841172,3728
548,1774305781091395844,1774305781095131831,3735
549,1774305781096708020,1774305781099598111,2890
550,1774305781101074182,1774305781104934639,3860
551,1774305781106457294,1774305781109598663,3141
552,1774305781111094589,1774305781114649611,3555
553,1774305781116241009,1774305781120036978,3795
554,1774305781121578308,1774305781125006181,3427
555,1774305781126532173,1774305781129679759,3147
556,1774305781131201162,1774305781135074929,3873
557,1774305781136613659,1774305781140590058,3976
558,1774305781142180692,1774305781145536341,3355
559,1774305781146961612,1774305781149926480,2964
560,1774305781151469988,1774305781155186939,3716
561,1774305781156735972,1774305781160735166,3999
562,1774305781162150666,1774305781165481964,3331
563,1774305781166871669,1774305781169878949,3007
564,1774305781171413177,1774305781174345060,2931
565,1774305781175873889,1774305781179621849,3747
566,1774305781181093831,1774305781184660787,3566
567,1774305781186185764,1774305781190212150,4026
568,1774305781191739895,1774305781194781646,3041
569,1774305781196344143,1774305781199576554,3232
570,1774305781201156143,1774305781204937430,3781
571,1774305781206472397,1774305781209555788,3083
572,1774305781211086020,1774305781214929795,3843
573,1774305781216439213,1774305781220165013,3725
574,1774305781221633075,1774305781225415795,3782
575,1774305781226975994,1774305781230411286,3435
576,1774305781231919026,1774305781235326243,3407
577,1774305781236843447,1774305781240506088,3662
578,1774305781242058344,1774305781245377013,3318
579,1774305781246877126,1774305781250602174,3725
580,1774305781252133733,1774305781255916476,3782
581,1774305781257537574,1774305781261175295,3637
582,1774305781262700489,1774305781266126133,3425
583,1774305781267644678,1774305781271065386,3420
584,1774305781272689783,1774305781275851576,3161
585,1774305781277303924,1774305781281167475,3863
586,1774305781282812460,1774305781286560094,3747
587,1774305781288052935,1774305781291023401,2970
588,1774305781292611081,1774305781295898147,3287
589,1774305781297338548,1774305781301277013,3938
590,1774305781302795197,1774305781306684802,3889
591,1774305781308246162,1774305781312029776,3783
592,1774305781313437339,1774305781316603297,3165
593,1774305781318100906,1774305781321956165,3855
594,1774305781323492685,1774305781326599119,3106
595,1774305781328152318,1774305781331465297,3312
596,1774305781332972241,1774305781336303568,3331
597,1774305781337827794,1774305781340847921,3020
598,1774305781342320650,1774305781346090476,3769
599,1774305781347611765,1774305781351462471,3850
600,1774305781352993906,1774305781355955758,2961
601,1774305781357407715,1774305781361275536,3867
602,1774305781362810838,1774305781365800886,2990
603,1774305781367313366,1774305781370591039,3277
604,1774305781372141793,1774305781375495255,3353
605,1774305781377017412,1774305781380877986,3860
606,1774305781382403368,1774305781386209219,3805
607,1774305781387634157,1774305781391207416,3573
608,1774305781392746910,1774305781396483449,3736
609,1774305781397983526,1774305781401312938,3329
610,1774305781402825966,1774305781405799690,2973
611,1774305781407396050,1774305781411017924,3621
612,1774305781412668158,1774305781415614289,2946
613,1774305781417154970,1774305781420354965,3199
614,1774305781421521628,1774305781424626152,3104
615,1774305781426175072,1774305781430156898,3981
616,1774305781431631870,1774305781435492176,3860
617,1774305781436814956,1774305781440858941,4043
618,1774305781442436339,1774305781445995973,3559
619,1774305781447549328,1774305781450617774,3068
620,1774305781452185310,1774305781455991440,3806
621,1774305781457371710,1774305781461089616,3717
622,1774305781462603317,1774305781465741990,3138
623,1774305781467290683,1774305781470871408,3580
624,1774305781472411276,1774305781476178288,3767
625,1774305781477672619,1774305781481456797,3784
626,1774305781482942936,1774305781486388140,3445
627,1774305781488013157,1774305781492036908,4023
628,1774305781493453173,1774305781497342249,3889
629,1774305781498885675,1774305781501935145,3049
630,1774305781503490714,1774305781507081701,3590
631,1774305781508560987,1774305781512452365,3891
632,1774305781513858075,1774305781516846310,2988
633,1774305781518349493,1774305781522347084,3997
634,1774305781523922860,1774305781527710475,3787
635,1774305781529280723,1774305781533042575,3761
636,1774305781534670148,1774305781537722221,3052
637,1774305781539177327,1774305781542451838,3274
638,1774305781543974737,1774305781547370616,3395
639,1774305781548579290,1774305781552330643,3751
640,1774305781553519771,1774305781557466606,3946
641,1774305781558513530,1774305781561686532,3173
642,1774305781563079063,1774305781566929899,3850
643,1774305781568555431,1774305781571615680,3060
644,1774305781572924057,1774305781576246818,3322
645,1774305781577671178,1774305781581470212,3799
646,1774305781582999566,1774305781586476834,3477
647,1774305781588048631,1774305781591452309,3403
648,1774305781592990884,1774305781596376473,3385
649,1774305781597895815,1774305781600889429,2993
650,1774305781602390989,1774305781606282817,3891
651,1774305781607808365,1774305781611526751,3718
652,1774305781613071145,1774305781616917211,3846
653,1774305781618441975,1774305781621635578,3193
654,1774305781623186027,1774305781627008540,3822
655,1774305781628548823,1774305781631603665,3054
656,1774305781633098368,1774305781636488916,3390
657,1774305781638055340,1774305781641838412,3783
658,1774305781643384993,1774305781647155075,3770
659,1774305781648690413,1774305781652447348,3756
660,1774305781653938385,1774305781657299620,3361
661,1774305781658857477,1774305781662586340,3728
662,1774305781664114779,1774305781667907073,3792
663,1774305781669461977,1774305781672627788,3165
664,1774305781674187192,1774305781677804636,3617
665,1774305781679392708,1774305781683361962,3969
666,1774305781684959379,1774305781688427380,3468
667,1774305781690069615,1774305781694039402,3969
668,1774305781695274269,1774305781698629503,3355
669,1774305781700295845,1774305781704183680,3887
670,1774305781705777697,1774305781709418949,3641
671,1774305781710784659,1774305781714303957,3519
672,1774305781715902587,1774305781719849838,3947
673,1774305781721350319,1774305781724564697,3214
674,1774305781726142395,1774305781729929126,3786
675,1774305781731427818,1774305781735179757,3751
676,1774305781736629298,1774305781740357650,3728
677,1774305781741983263,1774305781745419444,3436
678,1774305781747126897,1774305781750663824,3536
679,1774305781752337530,1774305781756414237,4076
680,1774305781758034338,1774305781762061417,4027
681,1774305781763683811,1774305781767399434,3715
682,1774305781769121491,1774305781772602005,3480
683,1774305781774410515,1774305781778363748,3953
684,1774305781780030014,1774305781783779549,3749
685,1774305781785424915,1774305781789330606,3905
686,1774305781791029407,1774305781794859058,3829
687,1774305781796455713,1774305781800339790,3884
688,1774305781802026560,1774305781805857883,3831
689,1774305781807440112,1774305781810687411,3247
690,1774305781812385220,1774305781816451023,4065
691,1774305781817877624,1774305781821696544,3818
692,1774305781822833343,1774305781825874559,3041
693,1774305781826990258,1774305781829984871,2994
694,1774305781831317453,1774305781834485678,3168
695,1774305781835998700,1774305781839990109,3991
696,1774305781841605885,1774305781844799400,3193
697,1774305781846316697,1774305781850178563,3861
698,1774305781851839761,1774305781854884796,3045
699,1774305781856444817,1774305781859788884,3344
700,1774305781861354512,1774305781865373918,4019
701,1774305781867078279,1774305781870937932,3859
702,1774305781872624236,1774305781876011703,3387
703,1774305781877627899,1774305781881717811,4089
704,1774305781883480557,1774305781887613075,4132
705,1774305781889335640,1774305781893311560,3975
706,1774305781895157280,1774305781899047978,3890
707,1774305781900676925,1774305781904488585,3811
708,1774305781906331340,1774305781910134704,3803
709,1774305781911839823,1774305781915614666,3774
710,1774305781917247910,1774305781920789194,3541
711,1774305781922513267,1774305781926463908,3950
712,1774305781928180979,1774305781931734988,3554
713,1774305781933381512,1774305781937316977,3935
714,1774305781939032725,1774305781943244101,4211
715,1774305781945038686,1774305781948248498,3209
716,1774305781949970449,1774305781953132975,3162
717,1774305781955018363,1774305781959246361,4227
718,1774305781960937773,1774305781964418495,3480
719,1774305781966181827,1774305781970246473,4064
720,1774305781971908842,1774305781975393300,3484
721,1774305781976995661,1774305781980271969,3276
722,1774305781981842741,1774305781984863647,3020
723,1774305781986498960,1774305781990395206,3896
724,1774305781991989980,1774305781995990838,4000
725,1774305781997696190,1774305782001490362,3794
726,1774305782003343457,1774305782007354509,4011
727,1774305782009034045,1774305782012911956,3877
728,1774305782014567703,1774305782018039207,3471
729,1774305782019659947,1774305782023589463,3929
730,1774305782025481627,1774305782029265375,3783
731,1774305782031024553,1774305782035032579,4008
732,1774305782036748265,1774305782040145429,3397
733,1774305782041845084,1774305782045411564,3566
734,1774305782047142580,1774305782050786348,3643
735,1774305782052574490,1774305782056532530,3958
736,1774305782058284260,1774305782062011758,3727
737,1774305782063959347,1774305782067916670,3957
738,1774305782069552609,1774305782073549555,3996
739,1774305782075370566,1774305782079299682,3929
740,1774305782080957608,1774305782084761014,3803
741,1774305782086252318,1774305782089765714,3513
742,1774305782091414676,1774305782095510782,4096
743,1774305782097186812,1774305782101136714,3949
744,1774305782102773204,1774305782105677964,2904
745,1774305782107259799,1774305782110619852,3360
746,1774305782112096823,1774305782115580116,3483
747,1774305782117177728,1774305782121362325,4184
748,1774305782122944280,1774305782126089748,3145
749,1774305782127742608,1774305782131687469,3944
750,1774305782133255044,1774305782137090965,3835
751,1774305782138853168,1774305782142892871,4039
752,1774305782144535941,1774305782148160813,3624
753,1774305782149928810,1774305782153207884,3279
754,1774305782155035695,1774305782159073485,4037
755,1774305782160783782,1774305782164039895,3256
756,1774305782165705696,1774305782168907368,3201
757,1774305782170492156,1774305782174651878,4159
758,1774305782176293154,1774305782180033464,3740
759,1774305782181826624,1774305782185543585,3716
760,1774305782187336330,1774305782191106451,3770
761,1774305782192822601,1774305782196078145,3255
762,1774305782197930208,1774305782201894106,3963
763,1774305782203451096,1774305782207120879,3669
764,1774305782208748177,1774305782212059761,3311
765,1774305782213657190,1774305782217536872,3879
766,1774305782219324421,1774305782223055288,3730
767,1774305782224752658,1774305782228108285,3355
768,1774305782229667262,1774305782233319790,3652
769,1774305782234925393,1774305782238082675,3157
770,1774305782239380251,1774305782243185510,3805
771,1774305782244797848,1774305782248055113,3257
772,1774305782249754043,1774305782253678687,3924
773,1774305782255325984,1774305782258379626,3053
774,1774305782260004706,1774305782263887760,3883
775,1774305782265491121,1774305782268902663,3411
776,1774305782270474632,1774305782273746688,3272
777,1774305782275353490,1774305782278771038,3417
778,1774305782280380386,1774305782284098132,3717
779,1774305782285709803,1774305782289528235,3818
780,1774305782291287209,1774305782295181670,3894
781,1774305782296867838,1774305782300738400,3870
782,1774305782302394781,1774305782305964757,3569
783,1774305782307648079,1774305782311701351,4053
784,1774305782313480372,1774305782317428383,3948
785,1774305782319143534,1774305782323324043,4180
786,1774305782325093921,1774305782329016035,3922
787,1774305782330662122,1774305782334040163,3378
788,1774305782335657477,1774305782339830711,4173
789,1774305782341493868,1774305782345206715,3712
790,1774305782346928021,1774305782350983707,4055
791,1774305782352653600,1774305782356732229,4078
792,1774305782358508031,1774305782362660397,4152
793,1774305782364345955,1774305782368611655,4265
794,1774305782370249272,1774305782373432347,3183
795,1774305782375117016,1774305782379300233,4183
796,1774305782380828790,1774305782384076967,3248
797,1774305782385646207,1774305782389634124,3987
798,1774305782391137823,1774305782394398211,3260
799,1774305782395974914,1774305782399730900,3755
800,1774305782401317360,1774305782405067407,3750
801,1774305782406701321,1774305782410469209,3767
802,1774305782412071200,1774305782416016118,3944
803,1774305782417652620,1774305782421534729,3882
804,1774305782423453298,1774305782427591300,4138
805,1774305782429292685,1774305782433697280,4404
806,1774305782435366447,1774305782438965711,3599
807,1774305782440638507,1774305782443975973,3337
808,1774305782445744919,1774305782449505787,3760
809,1774305782451140828,1774305782454830694,3689
810,1774305782456550241,1774305782460579606,4029
811,1774305782462180388,1774305782465537468,3357
812,1774305782467160693,1774305782470988623,3827
813,1774305782472586729,1774305782476753501,4166
814,1774305782478594370,1774305782481840311,3245
815,1774305782483476596,1774305782486922004,3445
816,1774305782488803595,1774305782492543241,3739
817,1774305782494310524,1774305782498453369,4142
818,1774305782499893342,1774305782502983668,3090
819,1774305782504566721,1774305782507671312,3104
820,1774305782508963886,1774305782511885292,2921
821,1774305782513482101,1774305782516777976,3295
822,1774305782518349848,1774305782521624573,3274
823,1774305782522953913,1774305782526716006,3762
824,1774305782528205977,1774305782531957758,3751
825,1774305782533444687,1774305782536624640,3179
826,1774305782538175192,1774305782542048821,3873
827,1774305782543630101,1774305782547361584,3731
828,1774305782549200802,1774305782552844935,3644
829,1774305782554314805,1774305782558334571,4019
830,1774305782560209297,1774305782564095333,3886
831,1774305782565631897,1774305782569668905,4037
832,1774305782571529388,1774305782575219798,3690
833,1774305782576925636,1774305782580426045,3500
834,1774305782582183579,1774305782585811250,3627
835,1774305782587467271,1774305782591029316,3562
836,1774305782592644567,1774305782596555713,3911
837,1774305782598157847,1774305782602117644,3959
838,1774305782603735672,1774305782607310008,3574
839,1774305782609025142,1774305782612634545,3609
840,1774305782614673386,1774305782618651158,3977
841,1774305782620343478,1774305782624412718,4069
842,1774305782626081684,1774305782630019568,3937
843,1774305782631883003,1774305782635484940,3601
844,1774305782637256885,1774305782640776329,3519
845,1774305782642464627,1774305782645817772,3353
846,1774305782647500842,1774305782650789415,3288
847,1774305782652208639,1774305782655568657,3360
848,1774305782657164950,1774305782661202394,4037
849,1774305782662785848,1774305782665722887,2937
850,1774305782667489770,1774305782671576102,4086
851,1774305782673164704,1774305782676603188,3438
852,1774305782678243788,1774305782681752711,3508
853,1774305782683360371,1774305782686958038,3597
854,1774305782688623723,1774305782691898417,3274
855,1774305782693663188,1774305782697773968,4110
856,1774305782699429183,1774305782702788020,3358
857,1774305782704575362,1774305782708532575,3957
858,1774305782710168284,1774305782713929545,3761
859,1774305782715556191,1774305782718834628,3278
860,1774305782720454949,1774305782724392428,3937
861,1774305782726084975,1774305782729912897,3827
862,1774305782731558696,1774305782734985700,3427
863,1774305782736745600,1774305782740796458,4050
864,1774305782742517004,1774305782746293494,3776
865,1774305782747929139,1774305782751199805,3270
866,1774305782753017526,1774305782757204739,4187
867,1774305782758846852,1774305782762469036,3622
868,1774305782764146488,1774305782768008574,3862
869,1774305782769950779,1774305782773861051,3910
870,1774305782775548762,1774305782779575956,4027
871,1774305782781267597,1774305782784284995,3017
872,1774305782785997900,1774305782789271783,3273
873,1774305782790794645,1774305782794004595,3209
874,1774305782795518104,1774305782798802877,3284
875,1774305782800365267,1774305782803636931,3271
876,1774305782805313206,1774305782808604457,3291
877,1774305782810190218,1774305782814238800,4048
878,1774305782815926156,1774305782819953091,4026
879,1774305782821673971,1774305782825664524,3990
880,1774305782827364358,1774305782831415985,4051
881,1774305782833302269,1774305782837267304,3965
882,1774305782838939639,1774305782842071862,3132
883,1774305782843887799,1774305782847233181,3345
884,1774305782849169291,1774305782853022372,3853
885,1774305782854667795,1774305782858202974,3535
886,1774305782859846629,1774305782863973047,4126
887,1774305782865880548,1774305782869577427,3696
888,1774305782871437132,1774305782875327453,3890
889,1774305782877119886,1774305782881042250,3922
890,1774305782882726360,1774305782886114358,3387
891,1774305782887965023,1774305782892014032,4049
892,1774305782893749535,1774305782897378045,3628
893,1774305782899081598,1774305782903195432,4113
894,1774305782904937270,1774305782908921305,3984
895,1774305782910561792,1774305782914644060,4082
896,1774305782916442938,1774305782919892408,3449
897,1774305782921596698,1774305782925040920,3444
898,1774305782926742378,1774305782930011280,3268
899,1774305782931720295,1774305782935759486,4039
900,1774305782937392040,1774305782941533237,4141
901,1774305782943170627,1774305782946961999,3791
902,1774305782948468664,1774305782951799297,3330
903,1774305782953574365,1774305782956761201,3186
904,1774305782958386702,1774305782962273009,3886
905,1774305782964131426,1774305782968099547,3968
906,1774305782969883154,1774305782973110309,3227
907,1774305782974900717,1774305782978861139,3960
908,1774305782980677801,1774305782984589330,3911
909,1774305782986345549,1774305782990250206,3904
910,1774305782991937488,1774305782995162728,3225
911,1774305782996857943,1774305783000000917,3142
912,1774305783001631560,1774305783005038526,3406
913,1774305783006709371,1774305783010637785,3928
914,1774305783012204620,1774305783016000289,3795
915,1774305783017621692,1774305783021426587,3804
916,1774305783023082182,1774305783026851171,3768
917,1774305783028549224,1774305783032542693,3993
918,1774305783034240204,1774305783038153890,3913
919,1774305783040035243,1774305783043299619,3264
920,1774305783045023250,1774305783049046978,4023
921,1774305783050769394,1774305783054401967,3632
922,1774305783056019182,1774305783059112606,3093
923,1774305783060760334,1774305783063833877,3073
924,1774305783065309810,1774305783068893988,3584
925,1774305783070425268,1774305783073623151,3197
926,1774305783074949892,1774305783078269660,3319
927,1774305783079822541,1774305783083601078,3778
928,1774305783085437550,1774305783088880351,3442
929,1774305783090443876,1774305783094286285,3842
930,1774305783095818167,1774305783098937669,3119
931,1774305783100759719,1774305783103852207,3092
932,1774305783105465808,1774305783109077208,3611
933,1774305783110723697,1774305783113999203,3275
934,1774305783115766939,1774305783119665250,3898
935,1774305783121332926,1774305783125098361,3765
936,1774305783126764639,1774305783130660306,3895
937,1774305783132317679,1774305783135895145,3577
938,1774305783137503441,1774305783141545643,4042
939,1774305783143208833,1774305783146499991,3291
940,1774305783148614027,1774305783152018550,3404
941,1774305783153681943,1774305783157376574,3694
942,1774305783159441298,1774305783163326993,3885
943,1774305783165146893,1774305783168990161,3843
944,1774305783170710069,1774305783174109964,3399
945,1774305783175750827,1774305783179748459,3997
946,1774305783181197078,1774305783185316119,4119
947,1774305783186983864,1774305783190961906,3978
948,1774305783192510525,1774305783196354230,3843
949,1774305783198133728,1774305783202220372,4086
950,1774305783203892282,1774305783207124359,3232
951,1774305783208943380,1774305783212061752,3118
952,1774305783213606039,1774305783216893419,3287
953,1774305783218497921,1774305783221713437,3215
954,1774305783223475338,1774305783227643238,4167
955,1774305783229322083,1774305783232793815,3471
956,1774305783234728208,1774305783238558285,3830
957,1774305783240220340,1774305783244008852,3788
958,1774305783245652691,1774305783249014404,3361
959,1774305783250751091,1774305783254723913,3972
960,1774305783256436394,1774305783260168220,3731
961,1774305783261789859,1774305783265602618,3812
962,1774305783267319884,1774305783271097876,3777
963,1774305783272747943,1774305783276964965,4217
964,1774305783278691773,1774305783282511001,3819
965,1774305783284250984,1774305783287952783,3701
966,1774305783289589014,1774305783293590664,4001
967,1774305783295369630,1774305783298932953,3563
968,1774305783300706502,1774305783304576551,3870
969,1774305783306197283,1774305783309674887,3477
970,1774305783311455992,1774305783315472404,4016
971,1774305783317176387,1774305783320405270,3228
972,1774305783322181998,1774305783326212641,4030
973,1774305783327966343,1774305783331025523,3059
974,1774305783332611583,1774305783336725260,4113
975,1774305783338377286,1774305783341528094,3150
976,1774305783343096431,1774305783345777120,2680
977,1774305783347298874,1774305783351370693,4071
978,1774305783352763541,1774305783355946341,3182
979,1774305783357709737,1774305783361019439,3309
980,1774305783362638999,1774305783366623138,3984
981,1774305783368202261,1774305783371664101,3461
982,1774305783373312553,1774305783377252241,3939
983,1774305783378941961,1774305783382530514,3588
984,1774305783384266122,1774305783388144189,3878
985,1774305783389831595,1774305783393068384,3236
986,1774305783394709566,1774305783398593865,3884
987,1774305783400200607,1774305783403564646,3364
988,1774305783405370539,1774305783409032580,3662
989,1774305783410951477,1774305783414919263,3967
990,1774305783416990139,1774305783420554732,3564
991,1774305783422210321,1774305783426275853,4065
992,1774305783428101424,1774305783432364092,4262
993,1774305783434013106,1774305783437804810,3791
994,1774305783439670378,1774305783442885722,3215
995,1774305783444776711,1774305783447952101,3175
996,1774305783449621827,1774305783453511068,3889
997,1774305783455138670,1774305783459199823,4061
998,1774305783460808350,1774305783464799220,3990
999,1774305783466407424,1774305783470516651,4109
1000,1774305783472251001,1774305783475698300,3447
1001,1774305783477017645,1774305783480696420,3678
1002,1774305783482211807,1774305783486185230,3973
1003,1774305783487704669,1774305783491628115,3923
1004,1774305783493040475,1774305783496308526,3268
1005,1774305783497572283,1774305783501260664,3688
1006,1774305783502897428,1774305783506715861,3818
1007,1774305783508251505,1774305783511622556,3371
1008,1774305783513292128,1774305783516786606,3494
1009,1774305783518411481,1774305783522222484,3811
1010,1774305783523918932,1774305783527777689,3858
1011,1774305783529414456,1774305783532690899,3276
1012,1774305783534340699,1774305783538399881,4059
1013,1774305783540172230,1774305783544194463,4022
1014,1774305783545919328,1774305783549106623,3187
1015,1774305783550870017,1774305783554804295,3934
1016,1774305783556415104,1774305783560425895,4010
1017,1774305783562305456,1774305783566413416,4107
1018,1774305783568163856,1774305783572154706,3990
1019,1774305783574085241,1774305783578012026,3926
1020,1774305783579653709,1774305783582822018,3168
1021,1774305783584589058,1774305783588688308,4099
1022,1774305783590426360,1774305783594479845,4053
1023,1774305783596149912,1774305783600211995,4062
1024,1774305783601876258,1774305783605649102,3772
1025,1774305783607334712,1774305783610288055,2953
1026,1774305783611756768,1774305783614967081,3210
1027,1774305783616612256,1774305783619827929,3215
1028,1774305783621487653,1774305783625142690,3655
1029,1774305783626816021,1774305783630453016,3636
1030,1774305783631992590,1774305783634964062,2971
1031,1774305783636574266,1774305783640654971,4080
1032,1774305783642390263,1774305783646074557,3684
1033,1774305783647742615,1774305783651290078,3547
1034,1774305783653148448,1774305783657128825,3980
1035,1774305783658772575,1774305783662718474,3945
1036,1774305783664522920,1774305783668586566,4063
1037,1774305783670425370,1774305783674440532,4015
1038,1774305783676115987,1774305783680135968,4019
1039,1774305783681880548,1774305783685897657,4017
1040,1774305783687510505,1774305783690762615,3252
1041,1774305783692475081,1774305783696360528,3885
1042,1774305783698259509,1774305783702232285,3972
1043,1774305783704052017,1774305783708078806,4026
1044,1774305783709726764,1774305783713610283,3883
1045,1774305783715309650,1774305783718763485,3453
1046,1774305783720539418,1774305783724685237,4145
1047,1774305783726529589,1774305783730611040,4081
1048,1774305783732139464,1774305783736130376,3990
1049,1774305783737968895,1774305783741556961,3588
1050,1774305783743248053,1774305783747529458,4281
1051,1774305783749105482,1774305783752619982,3514
1052,1774305783754217863,1774305783757134421,2916
1053,1774305783758942905,1774305783762183336,3240
1054,1774305783763910452,1774305783767096866,3186
1055,1774305783768764629,1774305783771887534,3122
1056,1774305783773452781,1774305783776730549,3277
1057,1774305783778391889,1774305783782311620,3919
1058,1774305783784057030,1774305783788027221,3970
1059,1774305783789635038,1774305783793358583,3723
1060,1774305783795221397,1774305783799431809,4210
1061,1774305783801121428,1774305783804943547,3822
1062,1774305783806520209,1774305783810635633,4115
1063,1774305783812566115,1774305783816288070,3721
1064,1774305783818049691,1774305783822057467,4007
1065,1774305783823938322,1774305783827724487,3786
1066,1774305783829382951,1774305783833071566,3688
1067,1774305783834741258,1774305783838199182,3457
1068,1774305783840024432,1774305783843801739,3777
1069,1774305783845478871,1774305783849273859,3794
1070,1774305783850928907,1774305783854960990,4032
1071,1774305783856625923,1774305783860762478,4136
1072,1774305783862408431,1774305783866085462,3677
1073,1774305783867754230,1774305783871078250,3324
1074,1774305783872806016,1774305783876847900,4041
1075,1774305783878451174,1774305783882550438,4099
1076,1774305783884106379,1774305783887643885,3537
1077,1774305783889315426,1774305783893398551,4083
1078,1774305783895085933,1774305783898321628,3235
1079,1774305783899978964,1774305783903141902,3162
1080,1774305783904832237,1774305783908856770,4024
1081,1774305783910525355,1774305783913828631,3303
1082,1774305783915529405,1774305783919348364,3818
1083,1774305783921124700,1774305783925097675,3972
1084,1774305783926766851,1774305783930135184,3368
1085,1774305783931980125,1774305783935861984,3881
1086,1774305783937503596,1774305783941236035,3732
1087,1774305783943022319,1774305783946697831,3675
1088,1774305783948343689,1774305783951996302,3652
1089,1774305783953757125,1774305783958015800,4258
1090,1774305783959658942,1774305783963337393,3678
1091,1774305783965310708,1774305783969526601,4215
1092,1774305783971476045,1774305783975333462,3857
1093,1774305783977237977,1774305783980596605,3358
1094,1774305783982364281,1774305783986497014,4132
1095,1774305783988414348,1774305783992466676,4052
1096,1774305783994438582,1774305783998643085,4204
1097,1774305784000484385,1774305784004464549,3980
1098,1774305784006336242,1774305784010323511,3987
1099,1774305784012022740,1774305784015122077,3099
1100,1774305784016747735,1774305784019994432,3246
1101,1774305784021692302,1774305784024602527,2910
1102,1774305784026172487,1774305784030101869,3929
1103,1774305784031859286,1774305784034656148,2796
1104,1774305784036249219,1774305784039323709,3074
1105,1774305784040947787,1774305784043960647,3012
1106,1774305784045510161,1774305784048604474,3094
1107,1774305784050233650,1774305784053964105,3730
1108,1774305784055563086,1774305784059503938,3940
1109,1774305784061200340,1774305784065222944,4022
1110,1774305784067033041,1774305784070960814,3927
1111,1774305784072625489,1774305784076413197,3787
1112,1774305784078145234,1774305784082157198,4011
1113,1774305784083935763,1774305784087147448,3211
1114,1774305784088910041,1774305784092131579,3221
1115,1774305784093759738,1774305784097813043,4053
1116,1774305784099475059,1774305784102935880,3460
1117,1774305784104628074,1774305784108243772,3615
1118,1774305784109944912,1774305784113831033,3886
1119,1774305784115561703,1774305784118924426,3362
1120,1774305784120716664,1774305784124686690,3970
1121,1774305784126477067,1774305784130049937,3572
1122,1774305784131793259,1774305784135095249,3301
1123,1774305784136751496,1774305784140749552,3998
1124,1774305784142480720,1774305784146548701,4067
1125,1774305784148175075,1774305784151971729,3796
1126,1774305784153606461,1774305784157014878,3408
1127,1774305784158671584,1774305784162691310,4019
1128,1774305784164345696,1774305784168099610,3753
1129,1774305784169767669,1774305784173451946,3684
1130,1774305784175190691,1774305784179257369,4066
1131,1774305784180713963,1774305784184976446,4262
1132,1774305784186611875,1774305784189945403,3333
1133,1774305784191545113,1774305784194733659,3188
1134,1774305784196384647,1774305784200255119,3870
1135,1774305784201852967,1774305784205824161,3971
1136,1774305784207534619,1774305784210878748,3344
1137,1774305784212638480,1774305784216564006,3925
1138,1774305784218381439,1774305784221852944,3471
1139,1774305784223648049,1774305784227745144,4097
1140,1774305784229665617,1774305784233752289,4086
1141,1774305784235536900,1774305784239092655,3555
1142,1774305784240735133,1774305784244760974,4025
1143,1774305784246546791,1774305784250773959,4227
1144,1774305784252501877,1774305784256499301,3997
1145,1774305784258390309,1774305784262683667,4293
1146,1774305784264508336,1774305784268878384,4370
1147,1774305784270711873,1774305784274502314,3790
1148,1774305784276511108,1774305784280611722,4100
1149,1774305784282427455,1774305784286548053,4120
1150,1774305784288356249,1774305784291574202,3217
1151,1774305784293048402,1774305784296075891,3027
1152,1774305784297378543,1774305784300556048,3177
1153,1774305784302124883,1774305784305903591,3778
1154,1774305784307495197,1774305784310432227,2937
1155,1774305784311974090,1774305784314981335,3007
1156,1774305784316456657,1774305784319452697,2996
1157,1774305784320999478,1774305784324123708,3124
1158,1774305784325598097,1774305784329408134,3810
1159,1774305784331026503,1774305784334861682,3835
1160,1774305784336483397,1774305784340367422,3884
1161,1774305784342084947,1774305784345862744,3777
1162,1774305784347497141,1774305784350825046,3327
1163,1774305784352519413,1774305784356489400,3969
1164,1774305784358200761,1774305784362095633,3894
1165,1774305784363743438,1774305784367658552,3915
1166,1774305784369306166,1774305784372733693,3427
1167,1774305784374427064,1774305784378496213,4069
1168,1774305784380128667,1774305784383620910,3492
1169,1774305784385308508,1774305784389278658,3970
1170,1774305784390915342,1774305784394631411,3716
1171,1774305784396257026,1774305784400243054,3986
1172,1774305784401996985,1774305784405866807,3869
1173,1774305784407612276,1774305784410901113,3288
1174,1774305784412532496,1774305784416407341,3874
1175,1774305784418183194,1774305784422147851,3964
1176,1774305784423733250,1774305784427857869,4124
1177,1774305784429551349,1774305784433675571,4124
1178,1774305784435200093,1774305784439284970,4084
1179,1774305784440913451,1774305784445182030,4268
1180,1774305784446515121,1774305784450064105,3548
1181,1774305784451486232,1774305784454818580,3332
1182,1774305784456310861,1774305784460089374,3778
1183,1774305784461713030,1774305784465521034,3808
1184,1774305784467158877,1774305784470572464,3413
1185,1774305784472206738,1774305784476167114,3960
1186,1774305784477825456,1774305784481755167,3929
1187,1774305784483395657,1774305784487339541,3943
1188,1774305784488948565,1774305784492766083,3817
1189,1774305784494374085,1774305784498036182,3662
1190,1774305784499563814,1774305784503610181,4046
1191,1774305784505286749,1774305784509014680,3727
1192,1774305784510525402,1774305784514334213,3808
1193,1774305784516010388,1774305784519878140,3867
1194,1774305784521570225,1774305784525219749,3649
1195,1774305784527070634,1774305784530743181,3672
1196,1774305784532393382,1774305784536322534,3929
1197,1774305784538178551,1774305784542166958,3988
1198,1774305784543925168,1774305784547559967,3634
1199,1774305784549493836,1774305784553633876,4140
1200,1774305784555219140,1774305784559138311,3919
1201,1774305784560513224,1774305784563614480,3101
1202,1774305784565068773,1774305784568120434,3051
1203,1774305784569740080,1774305784573630567,3890
1204,1774305784575222133,1774305784579199077,3976
1205,1774305784580657910,1774305784584594145,3936
1206,1774305784586119832,1774305784589336433,3216
1207,1774305784590938593,1774305784594061495,3122
1208,1774305784595678797,1774305784599038478,3359
1209,1774305784600655006,1774305784603886360,3231
1210,1774305784605528434,1774305784609441020,3912
1211,1774305784611091375,1774305784614674058,3582
1212,1774305784616332926,1774305784619646311,3313
1213,1774305784621432884,1774305784625737438,4304
1214,1774305784627579110,1774305784631333087,3753
1215,1774305784633081517,1774305784637113303,4031
1216,1774305784638845247,1774305784642778937,3933
1217,1774305784644422337,1774305784648646050,4223
1218,1774305784650426556,1774305784654556259,4129
1219,1774305784656310873,1774305784660362686,4051
1220,1774305784662237668,1774305784666173371,3935
1221,1774305784667875990,1774305784671628965,3752
1222,1774305784673276167,1774305784677264427,3988
1223,1774305784678909024,1774305784682884899,3975
1224,1774305784684493818,1774305784687777118,3283
1225,1774305784689431493,1774305784693550523,4119
1226,1774305784695169323,1774305784699012716,3843
1227,1774305784700728553,1774305784705011914,4283
1228,1774305784706473298,1774305784710302012,3828
1229,1774305784711997633,1774305784715614685,3617
1230,1774305784717339987,1774305784720379478,3039
1231,1774305784721720750,1774305784725765122,4044
1232,1774305784727321690,1774305784731049403,3727
1233,1774305784732604217,1774305784735876207,3271
1234,1774305784737506479,1774305784741263912,3757
1235,1774305784742873173,1774305784746487219,3614
1236,1774305784748119706,1774305784752008899,3889
1237,1774305784753603705,1774305784757685922,4082
1238,1774305784759348603,1774305784763179253,3830
1239,1774305784764847011,1774305784768936793,4089
1240,1774305784770646058,1774305784774640828,3994
1241,1774305784776313097,1774305784780620999,4307
1242,1774305784782486228,1774305784786670758,4184
1243,1774305784788398834,1774305784792422756,4023
1244,1774305784794425558,1774305784798000362,3574
1245,1774305784799944024,1774305784803892681,3948
1246,1774305784805560836,1774305784809256831,3695
1247,1774305784811299218,1774305784815461668,4162
1248,1774305784817246040,1774305784820839317,3593
1249,1774305784822510469,1774305784825852033,3341
1250,1774305784827500697,1774305784831546843,4046
1251,1774305784833458392,1774305784837674871,4216
1252,1774305784839385165,1774305784843578182,4193
1253,1774305784845331062,1774305784848401865,3070
1254,1774305784849866605,1774305784852967357,3100
1255,1774305784854487319,1774305784857474499,2987
1256,1774305784859135426,1774305784862315605,3180
1257,1774305784863807315,1774305784867525856,3718
1258,1774305784869128081,1774305784872615752,3487
1259,1774305784874180524,1774305784877538864,3358
1260,1774305784879136782,1774305784882690644,3553
1261,1774305784884337329,1774305784888358751,4021
1262,1774305784890028842,1774305784893196131,3167
1263,1774305784894898649,1774305784898488253,3589
1264,1774305784900394197,1774305784904568859,4174
1265,1774305784906332746,1774305784910305362,3972
1266,1774305784912030967,1774305784915772086,3741
1267,1774305784917409492,1774305784921308470,3898
1268,1774305784923078753,1774305784926901714,3822
1269,1774305784928666057,1774305784932528760,3862
1270,1774305784934180194,1774305784938023531,3843
1271,1774305784939661491,1774305784943536249,3874
1272,1774305784945340997,1774305784949065349,3724
1273,1774305784950837700,1774305784954645085,3807
1274,1774305784956418969,1774305784960783144,4364
1275,1774305784962632736,1774305784966378958,3746
1276,1774305784968127578,1774305784972257473,4129
1277,1774305784973744552,1774305784977466770,3722
1278,1774305784979175044,1774305784983154158,3979
1279,1774305784984878226,1774305784988241864,3363
1280,1774305784989821786,1774305784992891632,3069
1281,1774305784994422690,1774305784998534948,4112
1282,1774305785000243957,1774305785003989961,3746
1283,1774305785005614750,1774305785009476460,3861
1284,1774305785011077145,1774305785015013136,3935
1285,1774305785016908715,1774305785020800603,3891
1286,1774305785022536933,1774305785025995418,3458
1287,1774305785027656602,1774305785031527352,3870
1288,1774305785033433990,1774305785037176270,3742
1289,1774305785038854292,1774305785042769429,3915
1290,1774305785044424672,1774305785048041535,3616
1291,1774305785049758274,1774305785053116741,3358
1292,1774305785054791348,1774305785058713324,3921
1293,1774305785060335977,1774305785063974446,3638
1294,1774305785065706649,1774305785069813944,4107
1295,1774305785071469479,1774305785075462941,3993
1296,1774305785077195389,1774305785081072243,3876
1297,1774305785082846489,1774305785086690488,3843
1298,1774305785088528091,1774305785092586056,4057
1299,1774305785094308744,1774305785098371413,4062
1300,1774305785100046014,1774305785104172847,4126
1301,1774305785105816659,1774305785109455457,3638
1302,1774305785111106615,1774305785115149718,4043
1303,1774305785116940922,1774305785120085248,3144
1304,1774305785121686905,1774305785125188898,3501
1305,1774305785126808534,1774305785129986551,3178
1306,1774305785131524791,1774305785134773536,3248
1307,1774305785136352698,1774305785139458886,3106
1308,1774305785141019996,1774305785144533824,3513
1309,1774305785146082364,1774305785148971397,2889
1310,1774305785150571915,1774305785153757019,3185
1311,1774305785155465456,1774305785158904108,3438
1312,1774305785160492385,1774305785164504640,4012
1313,1774305785166143529,1774305785169710547,3567
1314,1774305785171352279,1774305785175325286,3973
1315,1774305785176929930,1774305785180889661,3959
1316,1774305785182561127,1774305785186388322,3827
1317,1774305785188194787,1774305785192169161,3974
1318,1774305785193947711,1774305785197990259,4042
1319,1774305785199758349,1774305785203314131,3555
1320,1774305785205277159,1774305785209199894,3922
1321,1774305785211074169,1774305785214971945,3897
1322,1774305785216745382,1774305785220930152,4184
1323,1774305785222642666,1774305785225960251,3317
1324,1774305785227609593,1774305785231616557,4006
1325,1774305785233309953,1774305785237007005,3697
1326,1774305785238691851,1774305785242858838,4166
1327,1774305785244574395,1774305785248712865,4138
1328,1774305785250438149,1774305785254849599,4411
1329,1774305785256482055,1774305785260279630,3797
1330,1774305785261955590,1774305785265594747,3639
1331,1774305785267362735,1774305785271446064,4083
1332,1774305785273085761,1774305785276277481,3191
1333,1774305785277861038,1774305785281528144,3667
1334,1774305785283078203,1774305785287113766,4035
1335,1774305785288749807,1774305785292580721,3830
1336,1774305785294139125,1774305785297620754,3481
1337,1774305785299368063,1774305785303406379,4038
1338,1774305785305088446,1774305785308990015,3901
1339,1774305785310800853,1774305785314770098,3969
1340,1774305785316407109,1774305785320322868,3915
1341,1774305785322320519,1774305785326514421,4193
1342,1774305785328385363,1774305785332189134,3803
1343,1774305785334120678,1774305785338149286,4028
1344,1774305785339936796,1774305785343984715,4047
1345,1774305785345988693,1774305785350084652,4095
1346,1774305785351712568,1774305785355870014,4157
1347,1774305785357823226,1774305785361567909,3744
1348,1774305785363250890,1774305785367420118,4169
1349,1774305785369315752,1774305785373322881,4007
1350,1774305785375080576,1774305785378935215,3854
1351,1774305785380635955,1774305785384577734,3941
1352,1774305785386366728,1774305785390640064,4273
1353,1774305785392136188,1774305785396258198,4122
1354,1774305785397990022,1774305785402056009,4065
1355,1774305785403709342,1774305785407377865,3668
1356,1774305785409017757,1774305785413032591,4014
1357,1774305785414676592,1774305785417903701,3227
1358,1774305785419590271,1774305785422850481,3260
1359,1774305785424636688,1774305785428465445,3828
1360,1774305785430083402,1774305785433855657,3772
1361,1774305785435513801,1774305785438786217,3272
1362,1774305785440462992,1774305785444577098,4114
1363,1774305785446237713,1774305785450113691,3875
1364,1774305785451772125,1774305785455101216,3329
1365,1774305785456880787,1774305785460178005,3297
1366,1774305785461968456,1774305785466104751,4136
1367,1774305785468039312,1774305785471385618,3346
1368,1774305785473083296,1774305785476930248,3846
1369,1774305785478690407,1774305785482288568,3598
1370,1774305785483924509,1774305785487796612,3872
1371,1774305785489554251,1774305785493465744,3911
1372,1774305785494910676,1774305785498466684,3556
1373,1774305785500295503,1774305785503699395,3403
1374,1774305785505324016,1774305785508657913,3333
1375,1774305785510305475,1774305785514386218,4080
1376,1774305785516069244,1774305785519150656,3081
1377,1774305785520899906,1774305785523961465,3061
1378,1774305785525541841,1774305785529611810,4069
1379,1774305785531202935,1774305785535294156,4091
1380,1774305785536909775,1774305785540974626,4064
1381,1774305785542529548,1774305785545560653,3031
1382,1774305785547004877,1774305785550936947,3932
1383,1774305785552541873,1774305785555469163,2927
1384,1774305785557063024,1774305785560899162,3836
1385,1774305785562601528,1774305785566182961,3581
1386,1774305785567827343,1774305785571595249,3767
1387,1774305785573207612,1774305785577257635,4050
1388,1774305785579154224,1774305785583119918,3965
1389,1774305785584865042,1774305785588949192,4084
1390,1774305785590672969,1774305785594116145,3443
1391,1774305785595741806,1774305785599647466,3905
1392,1774305785601293799,1774305785604690650,3396
1393,1774305785606451308,1774305785610386023,3934
1394,1774305785612262274,1774305785616219780,3957
1395,1774305785617848352,1774305785621741198,3892
1396,1774305785623547568,1774305785627859911,4312
1397,1774305785629614258,1774305785633673418,4059
1398,1774305785635334087,1774305785639652025,4317
1399,1774305785641491731,1774305785645289853,3798
1400,1774305785647026839,1774305785650103896,3077
1401,1774305785651782884,1774305785655126631,3343
1402,1774305785656900306,1774305785660517809,3617
1403,1774305785662095206,1774305785665040535,2945
1404,1774305785666737326,1774305785670063016,3325
1405,1774305785671758663,1774305785674961719,3203
1406,1774305785676648524,1774305785680758792,4110
1407,1774305785682469524,1774305785685508468,3038
1408,1774305785687052697,1774305785690832514,3779
1409,1774305785692535523,1774305785696333769,3798
1410,1774305785698073771,1774305785701257966,3184
1411,1774305785702899483,1774305785706929852,4030
1412,1774305785708562357,1774305785711923493,3361
1413,1774305785713657432,1774305785717050307,3392
1414,1774305785718745804,1774305785722866615,4120
1415,1774305785724615948,1774305785728296303,3680
1416,1774305785729971958,1774305785733009998,3038
1417,1774305785734693591,1774305785738249827,3556
1418,1774305785739908920,1774305785743950139,4041
1419,1774305785745561621,1774305785749564104,4002
1420,1774305785751364933,1774305785755492449,4127
1421,1774305785757228244,1774305785761153703,3925
1422,1774305785762932065,1774305785766962427,4030
1423,1774305785768625055,1774305785771903592,3278
1424,1774305785773646861,1774305785777685038,4038
1425,1774305785779577272,1774305785783689345,4112
1426,1774305785785397475,1774305785788926595,3529
1427,1774305785790594737,1774305785794265684,3670
1428,1774305785796054679,1774305785799940483,3885
1429,1774305785801729115,1774305785805777870,4048
1430,1774305785807420456,1774305785811077953,3657
1431,1774305785812703636,1774305785816774433,4070
1432,1774305785818129192,1774305785822194927,4065
1433,1774305785823409080,1774305785826672937,3263
1434,1774305785828323514,1774305785831237699,2914
1435,1774305785832680894,1774305785836331089,3650
1436,1774305785837899906,1774305785841853457,3953
1437,1774305785843499555,1774305785847541123,4041
1438,1774305785849358413,1774305785853415226,4056
1439,1774305785855152059,1774305785859134693,3982
1440,1774305785861066111,1774305785865101751,4035
1441,1774305785866889192,1774305785870567554,3678
1442,1774305785872287639,1774305785875983329,3695
1443,1774305785877767921,1774305785881174802,3406
1444,1774305785882941916,1774305785886207552,3265
1445,1774305785888003100,1774305785891544559,3541
1446,1774305785893255860,1774305785897254065,3998
1447,1774305785898925524,1774305785902846401,3920
1448,1774305785904472416,1774305785908558235,4085
1449,1774305785910370867,1774305785914345136,3974
1450,1774305785916064270,1774305785920196908,4132
1451,1774305785922047635,1774305785925920579,3872
1452,1774305785927712494,1774305785930946697,3234
1453,1774305785932706191,1774305785935786576,3080
1454,1774305785937429750,1774305785941539572,4109
1455,1774305785943067656,1774305785946471810,3404
1456,1774305785948062250,1774305785951185722,3123
1457,1774305785952735034,1774305785955788196,3053
1458,1774305785957467658,1774305785961433117,3965
1459,1774305785962610608,1774305785966315228,3704
1460,1774305785967855492,1774305785970933363,3077
1461,1774305785972586599,1774305785976120854,3534
1462,1774305785977776485,1774305785981638225,3861
1463,1774305785983217037,1774305785987307103,4090
1464,1774305785989035235,1774305785992914955,3879
1465,1774305785994816173,1774305785998764386,3948
1466,1774305786000421396,1774305786004250689,3829
1467,1774305786005949338,1774305786009023087,3073
1468,1774305786010728727,1774305786014527960,3799
1469,1774305786016143824,1774305786019571005,3427
1470,1774305786021285248,1774305786024650087,3364
1471,1774305786026265363,1774305786030248932,3983
1472,1774305786031903632,1774305786035873107,3969
1473,1774305786037552699,1774305786041462237,3909
1474,1774305786043248206,1774305786046607889,3359
1475,1774305786048313766,1774305786052505781,4192
1476,1774305786054239725,1774305786058002723,3762
1477,1774305786059792316,1774305786063728684,3936
1478,1774305786065390292,1774305786069057154,3666
1479,1774305786070678133,1774305786074121074,3442
1480,1774305786075619061,1774305786079664438,4045
1481,1774305786081288996,1774305786084935111,3646
1482,1774305786086555713,1774305786089757304,3201
1483,1774305786091364192,1774305786094602077,3237
1484,1774305786096283943,1774305786099578147,3294
1485,1774305786101163001,1774305786104162733,2999
1486,1774305786105746957,1774305786108960480,3213
1487,1774305786110486449,1774305786114499442,4012
1488,1774305786116112173,1774305786119989256,3877
1489,1774305786121610482,1774305786125590785,3980
1490,1774305786127485715,1774305786130799949,3314
1491,1774305786132537333,1774305786135925547,3388
1492,1774305786137615005,1774305786141393527,3778
1493,1774305786143250244,1774305786146995662,3745
1494,1774305786148638424,1774305786151962040,3323
1495,1774305786153626160,1774305786157566039,3939
1496,1774305786159517492,1774305786163422723,3905
1497,1774305786165167719,1774305786169178456,4010
1498,1774305786170966435,1774305786174745804,3779
1499,1774305786176490454,1774305786180674785,4184
1500,1774305786182532535,1774305786186625462,4092
1501,1774305786188397610,1774305786192588987,4191
1502,1774305786194480927,1774305786198357541,3876
1503,1774305786200059998,1774305786204115811,4055
1504,1774305786205826506,1774305786209074105,3247
1505,1774305786210467546,1774305786214537412,4069
1506,1774305786215922611,1774305786220037204,4114
1507,1774305786221825392,1774305786225342056,3516
1508,1774305786226966760,1774305786231314148,4347
1509,1774305786232955417,1774305786235846239,2890
1510,1774305786237538609,1774305786241517612,3979
1511,1774305786243089811,1774305786246918597,3828
1512,1774305786248611565,1774305786251941963,3330
1513,1774305786253551383,1774305786256888366,3336
1514,1774305786258536327,1774305786262538776,4002
1515,1774305786264246806,1774305786267892642,3645
1516,1774305786269536472,1774305786273266260,3729
1517,1774305786274933766,1774305786278864680,3930
1518,1774305786280589240,1774305786284682688,4093
1519,1774305786286355149,1774305786290916174,4561
1520,1774305786292746986,1774305786296508594,3761
1521,1774305786298165867,1774305786302295541,4129
1522,1774305786304374040,1774305786308355620,3981
1523,1774305786310045541,1774305786314086411,4040
1524,1774305786315855004,1774305786319753087,3898
1525,1774305786321481519,1774305786325544561,4063
1526,1774305786327501573,1774305786331557447,4055
1527,1774305786333281487,1774305786337157594,3876
1528,1774305786339067522,1774305786342317762,3250
1529,1774305786343975789,1774305786347554143,3578
1530,1774305786349258142,1774305786353282539,4024
1531,1774305786355084570,1774305786358186181,3101
1532,1774305786359842408,1774305786363587875,3745
1533,1774305786365365051,1774305786369554994,4189
1534,1774305786371096993,1774305786374835543,3738
1535,1774305786376438551,1774305786379517105,3078
1536,1774305786381180253,1774305786385030286,3850
1537,1774305786386582505,1774305786390287331,3704
1538,1774305786391938111,1774305786395988449,4050
1539,1774305786397612280,1774305786401029581,3417
1540,1774305786402673610,1774305786406412605,3738
1541,1774305786408045734,1774305786411095556,3049
1542,1774305786412709318,1774305786416050725,3341
1543,1774305786417632141,1774305786421593964,3961
1544,1774305786423189969,1774305786427001859,3811
1545,1774305786428697339,1774305786432637911,3940
1546,1774305786434321771,1774305786438204752,3882
1547,1774305786439938761,1774305786443822984,3884
1548,1774305786445555090,1774305786448909903,3354
1549,1774305786450628477,1774305786454739748,4111
1550,1774305786456483969,1774305786460630149,4146
1551,1774305786462403340,1774305786466548429,4145
1552,1774305786468419300,1774305786472283416,3864
1553,1774305786473959779,1774305786477877675,3917
1554,1774305786479639283,1774305786483180759,3541
1555,1774305786484571131,1774305786488602489,4031
1556,1774305786490213194,1774305786494141980,3928
1557,1774305786495619814,1774305786499379864,3760
1558,1774305786501011580,1774305786503939227,2927
1559,1774305786505444359,1774305786508748699,3304
1560,1774305786510205171,1774305786513494220,3289
1561,1774305786515087786,1774305786517943085,2855
1562,1774305786519307343,1774305786522547588,3240
1563,1774305786524097835,1774305786528033132,3935
1564,1774305786529694143,1774305786533053482,3359
1565,1774305786534754061,1774305786538729455,3975
1566,1774305786540378980,1774305786544464002,4085
1567,1774305786546294979,1774305786549837050,3542
1568,1774305786551494489,1774305786555457305,3962
1569,1774305786557199941,1774305786560684825,3484
1570,1774305786562274720,1774305786566314238,4039
1571,1774305786568120863,1774305786571563471,3442
1572,1774305786573168665,1774305786577108605,3939
1573,1774305786578761310,1774305786582687397,3926
1574,1774305786584409110,1774305786588322856,3913
1575,1774305786590030793,1774305786594071224,4040
1576,1774305786595869740,1774305786599055083,3185
1577,1774305786600657706,1774305786604427293,3769
1578,1774305786606172832,1774305786609914599,3741
1579,1774305786611520109,1774305786615449289,3929
1580,1774305786617270570,1774305786621460296,4189
1581,1774305786623165325,1774305786626685440,3520
1582,1774305786628346695,1774305786632552084,4205
1583,1774305786634038744,1774305786637978125,3939
1584,1774305786639701685,1774305786642620631,2918
1585,1774305786644343822,1774305786647394430,3050
1586,1774305786649162358,1774305786653280977,4118
1587,1774305786654838321,1774305786657911283,3072
1588,1774305786659676237,1774305786663594811,3918
1589,1774305786665197959,1774305786669006360,3808
1590,1774305786670621913,1774305786673874643,3252
1591,1774305786675477450,1774305786678814293,3336
1592,1774305786680539960,1774305786684102462,3562
1593,1774305786685784757,1774305786689016683,3231
1594,1774305786690766668,1774305786694336946,3570
1595,1774305786696023368,1774305786699795761,3772
1596,1774305786701520714,1774305786705631510,4110
1597,1774305786707353479,1774305786710799830,3446
1598,1774305786712446291,1774305786716312214,3865
1599,1774305786718191414,1774305786722096389,3904
1600,1774305786723790262,1774305786727781682,3991
1601,1774305786729434439,1774305786733651771,4217
1602,1774305786735380085,1774305786739477953,4097
1603,1774305786741156939,1774305786745378825,4221
1604,1774305786747164991,1774305786750753818,3588
1605,1774305786752617051,1774305786755787218,3170
1606,1774305786757443583,1774305786760834056,3390
1607,1774305786762820184,1774305786766694368,3874
1608,1774305786768324751,1774305786772313726,3988
1609,1774305786773828007,1774305786777430950,3602
1610,1774305786779070920,1774305786782519251,3448
1611,1774305786784138523,1774305786787596113,3457
1612,1774305786789206476,1774305786792236846,3030
1613,1774305786793706664,1774305786797818221,4111
1614,1774305786799413259,1774305786803036536,3623
1615,1774305786804696249,1774305786808006576,3310
1616,1774305786809782881,1774305786813094116,3311
1617,1774305786814984542,1774305786818515597,3531
1618,1774305786820316659,1774305786824190501,3873
1619,1774305786826095349,1774305786830164271,4068
1620,1774305786831920437,1774305786834941290,3020
1621,1774305786836577721,1774305786840214908,3637
1622,1774305786841840258,1774305786845718990,3878
1623,1774305786847344227,1774305786850569707,3225
1624,1774305786852233606,1774305786856173648,3940
1625,1774305786857841059,1774305786861795793,3954
1626,1774305786863426675,1774305786867316822,3890
1627,1774305786869063359,1774305786873017680,3954
1628,1774305786874912454,1774305786878918864,4006
1629,1774305786880672263,1774305786883972727,3300
1630,1774305786885796361,1774305786889513764,3717
1631,1774305786891213149,1774305786895208196,3995
1632,1774305786896931187,1774305786901058326,4127
1633,1774305786902696353,1774305786905910666,3214
1634,1774305786907529662,1774305786910618664,3089
1635,1774305786912220562,1774305786915149151,2928
1636,1774305786916708059,1774305786920907777,4199
1637,1774305786922533117,1774305786925564588,3031
1638,1774305786927165943,1774305786930291640,3125
1639,1774305786931850379,1774305786934905788,3055
1640,1774305786936502494,1774305786940765406,4262
1641,1774305786942552727,1774305786946536977,3984
1642,1774305786948148366,1774305786951374801,3226
1643,1774305786953189021,1774305786957060082,3871
1644,1774305786958725804,1774305786961985543,3259
1645,1774305786963658761,1774305786966986746,3327
1646,1774305786968745065,1774305786973027133,4282
1647,1774305786974980603,1774305786978736746,3756
1648,1774305786980488636,1774305786984741291,4252
1649,1774305786986394453,1774305786990165839,3771
1650,1774305786991947563,1774305786995826682,3879
1651,1774305786997716422,1774305787000964133,3247
1652,1774305787002629519,1774305787006739798,4110
1653,1774305787008425268,1774305787012346348,3921
1654,1774305787014049135,1774305787018111969,4062
1655,1774305787019779473,1774305787023187669,3408
1656,1774305787025100416,1774305787028941394,3840
1657,1774305787030800680,1774305787034461650,3660
1658,1774305787036062272,1774305787039301885,3239
1659,1774305787041112388,1774305787044849847,3737
1660,1774305787046489243,1774305787049971636,3482
1661,1774305787051580654,1774305787054879135,3298
1662,1774305787056608794,1774305787060250537,3641
1663,1774305787061976699,1774305787065457409,3480
1664,1774305787067080361,1774305787070622714,3542
1665,1774305787072452546,1774305787075716091,3263
1666,1774305787077294346,1774305787081274634,3980
1667,1774305787082939345,1774305787086766871,3827
1668,1774305787088400732,1774305787092290532,3889
1669,1774305787094009582,1774305787097906058,3896
1670,1774305787099527539,1774305787103384169,3856
1671,1774305787105080492,1774305787108729788,3649
1672,1774305787110457412,1774305787113883619,3426
1673,1774305787115647047,1774305787119686597,4039
1674,1774305787121600505,1774305787125640212,4039
1675,1774305787127389410,1774305787130876110,3486
1676,1774305787132773562,1774305787136161518,3387
1677,1774305787137865673,1774305787141882586,4016
1678,1774305787143633579,1774305787147308693,3675
1679,1774305787149069988,1774305787152998811,3928
1680,1774305787154588239,1774305787157948176,3359
1681,1774305787159595344,1774305787163557305,3961
1682,1774305787165405924,1774305787169484605,4078
1683,1774305787171238175,1774305787174994027,3755
1684,1774305787176630174,1774305787180729847,4099
1685,1774305787182345630,1774305787186434585,4088
1686,1774305787188190508,1774305787191425847,3235
1687,1774305787193096774,1774305787196876085,3779
1688,1774305787198359351,1774305787201649976,3290
1689,1774305787203047814,1774305787205900536,2852
1690,1774305787207160001,1774305787211003097,3843
1691,1774305787212585346,1774305787216673570,4088
1692,1774305787218203801,1774305787222168950,3965
1693,1774305787224033583,1774305787228071448,4037
1694,1774305787229822383,1774305787233791716,3969
1695,1774305787235573304,1774305787239287261,3713
1696,1774305787241121883,1774305787245202890,4081
1697,1774305787246850560,1774305787250545150,3694
1698,1774305787252429221,1774305787256017498,3588
1699,1774305787257959548,1774305787262207259,4247
1700,1774305787264071460,1774305787267756820,3685
1701,1774305787269635338,1774305787273772447,4137
1702,1774305787275551980,1774305787279309677,3757
1703,1774305787281090090,1774305787284998027,3907
1704,1774305787287010550,1774305787290913021,3902
1705,1774305787292600735,1774305787296659406,4058
1706,1774305787298583202,1774305787302664529,4081
1707,1774305787304309292,1774305787308384160,4074
1708,1774305787310086323,1774305787314176060,4089
1709,1774305787315941443,1774305787319065248,3123
1710,1774305787320659015,1774305787324376155,3717
1711,1774305787326067275,1774305787329183854,3116
1712,1774305787330800507,1774305787334202789,3402
1713,1774305787335696630,1774305787339582478,3885
1714,1774305787341102351,1774305787344298218,3195
1715,1774305787345805292,1774305787348908492,3103
1716,1774305787350469825,1774305787354156231,3686
1717,1774305787355754475,1774305787359799649,4045
1718,1774305787361428789,1774305787365189872,3761
1719,1774305787366842373,1774305787371016765,4174
1720,1774305787372658986,1774305787375989966,3330
1721,1774305787377764859,1774305787381700995,3936
1722,1774305787383333968,1774305787387240297,3906
1723,1774305787388936597,1774305787392881002,3944
1724,1774305787394485332,1774305787397919155,3433
1725,1774305787399626543,1774305787403647766,4021
1726,1774305787405285742,1774305787409183638,3897
1727,1774305787411047265,1774305787414324943,3277
1728,1774305787416106170,1774305787420094906,3988
1729,1774305787421674630,1774305787425596619,3921
1730,1774305787427241929,1774305787431132934,3891
1731,1774305787432711279,1774305787436702216,3990
1732,1774305787438461641,1774305787442343629,3881
1733,1774305787444171074,1774305787448336338,4165
1734,1774305787450011986,1774305787453177250,3165
1735,1774305787454841185,1774305787458101479,3260
1736,1774305787459732113,1774305787463805731,4073
1737,1774305787465530420,1774305787469573144,4042
1738,1774305787471279851,1774305787475469592,4189
1739,1774305787477104431,1774305787480731699,3627
1740,1774305787482242534,1774305787485654282,3411
1741,1774305787487155356,1774305787490173046,3017
1742,1774305787491867369,1774305787495412526,3545
1743,1774305787497059085,1774305787500218973,3159
1744,1774305787501953200,1774305787505563572,3610
1745,1774305787507307153,1774305787511650733,4343
1746,1774305787513200986,1774305787517006486,3805
1747,1774305787518612146,1774305787522388261,3776
1748,1774305787524025824,1774305787527870625,3844
1749,1774305787529474776,1774305787533505355,4030
1750,1774305787535215253,1774305787538781993,3566
1751,1774305787540498328,1774305787544352478,3854
1752,1774305787546048267,1774305787549575935,3527
1753,1774305787551628761,1774305787555774449,4145
1754,1774305787557445410,1774305787561220125,3774
1755,1774305787562878674,1774305787566188684,3310
1756,1774305787568199857,1774305787572123420,3923
1757,1774305787573793279,1774305787577630281,3837
1758,1774305787579404660,1774305787583448718,4044
1759,1774305787585198664,1774305787588176876,2978
1760,1774305787589874537,1774305787594142594,4268
1761,1774305787595786718,1774305787598927139,3140
1762,1774305787600394499,1774305787604417701,4023
1763,1774305787605998448,1774305787609818901,3820
1764,1774305787611535101,1774305787614701526,3166
1765,1774305787616314615,1774305787619405356,3090
1766,1774305787620983378,1774305787624855409,3872
1767,1774305787626405467,1774305787629698784,3293
1768,1774305787631278192,1774305787634975311,3697
1769,1774305787636667295,1774305787640713814,4046
1770,1774305787642342094,1774305787646134038,3791
1771,1774305787647761387,1774305787650925788,3164
1772,1774305787652890910,1774305787656940019,4049
1773,1774305787658577374,1774305787662377138,3799
1774,1774305787663957781,1774305787667070996,3113
1775,1774305787668701483,1774305787672650765,3949
1776,1774305787674318462,1774305787677756125,3437
1777,1774305787679362151,1774305787682781571,3419
1778,1774305787684542083,1774305787688311007,3768
1779,1774305787689916873,1774305787692990262,3073
1780,1774305787694547312,1774305787698388848,3841
1781,1774305787699985405,1774305787703143427,3158
1782,1774305787704752342,1774305787708285165,3532
1783,1774305787709861139,1774305787713014428,3153
1784,1774305787714794427,1774305787718733449,3939
1785,1774305787720571387,1774305787723924930,3353
1786,1774305787725593709,1774305787729634977,4041
1787,1774305787731297296,1774305787735114559,3817
1788,1774305787736814420,1774305787740017759,3203
1789,1774305787741698460,1774305787744690410,2991
1790,1774305787746319708,1774305787750034340,3714
1791,1774305787751624756,1774305787754778732,3153
1792,1774305787756328199,1774305787760000951,3672
1793,1774305787761886380,1774305787765950015,4063
1794,1774305787767559235,1774305787770721353,3162
1795,1774305787772361392,1774305787775890586,3529
1796,1774305787777619838,1774305787781517905,3898
1797,1774305787783240351,1774305787787017343,3776
1798,1774305787788653902,1774305787792473978,3820
1799,1774305787794139862,1774305787798171185,4031
1800,1774305787800015310,1774305787803880776,3865
1801,1774305787805584815,1774305787809681211,4096
1802,1774305787811555228,1774305787815565111,4009
1803,1774305787817178796,1774305787821090102,3911
1804,1774305787822951859,1774305787827022365,4070
1805,1774305787828703277,1774305787832559296,3856
1806,1774305787834210627,1774305787838178578,3967
1807,1774305787839924593,1774305787843738398,3813
1808,1774305787845444167,1774305787848684587,3240
1809,1774305787850598011,1774305787854707167,4109
1810,1774305787856454215,1774305787860253065,3798
1811,1774305787861907750,1774305787865209005,3301
1812,1774305787866923623,1774305787871062753,4139
1813,1774305787872602258,1774305787876222874,3620
1814,1774305787878050628,1774305787882019512,3968
1815,1774305787883786168,1774305787887034883,3248
1816,1774305787888568082,1774305787892616361,4048
1817,1774305787894106095,1774305787897285975,3179
1818,1774305787898904762,1774305787902468805,3564
1819,1774305787904086965,1774305787908004100,3917
1820,1774305787909638140,1774305787912906530,3268
1821,1774305787914574069,1774305787917858352,3284
1822,1774305787919608624,1774305787923743239,4134
1823,1774305787925345136,1774305787929217752,3872
1824,1774305787931166096,1774305787935142334,3976
1825,1774305787936819677,1774305787940043543,3223
1826,1774305787941880568,1774305787945175486,3294
1827,1774305787946870687,1774305787950848765,3978
1828,1774305787952516773,1774305787956219220,3702
1829,1774305787957854825,1774305787961196956,3342
1830,1774305787963095838,1774305787967281171,4185
1831,1774305787969028950,1774305787972525295,3496
1832,1774305787974359829,1774305787977835708,3475
1833,1774305787979497831,1774305787983757877,4260
1834,1774305787985514017,1774305787989363250,3849
1835,1774305787991270706,1774305787995498438,4227
1836,1774305787997191571,1774305788001308777,4117
1837,1774305788003095678,1774305788007172519,4076
1838,1774305788008886913,1774305788012650891,3763
1839,1774305788014280766,1774305788017521866,3241
1840,1774305788019209701,1774305788023184586,3974
1841,1774305788024784206,1774305788027677119,2892
1842,1774305788028987048,1774305788032454342,3467
1843,1774305788034019759,1774305788037176547,3156
1844,1774305788038770578,1774305788042013577,3242
1845,1774305788043678172,1774305788047461576,3783
1846,1774305788049213648,1774305788053220109,4006
1847,1774305788054936870,1774305788059023475,4086
1848,1774305788060854340,1774305788064736084,3881
1849,1774305788066375365,1774305788070291670,3916
1850,1774305788072022094,1774305788075284362,3262
1851,1774305788077017175,1774305788080893434,3876
1852,1774305788082475266,1774305788086387952,3912
1853,1774305788088118890,1774305788091724888,3605
1854,1774305788093384482,1774305788097548346,4163
1855,1774305788099395844,1774305788103185217,3789
1856,1774305788104889708,1774305788108947865,4058
1857,1774305788110621087,1774305788114860270,4239
1858,1774305788116499023,1774305788119824565,3325
1859,1774305788121580213,1774305788125648781,4068
1860,1774305788127597388,1774305788131548110,3950
1861,1774305788133071346,1774305788137285958,4214
1862,1774305788139028715,1774305788143161385,4132
1863,1774305788144957428,1774305788148399234,3441
1864,1774305788149875198,1774305788152810593,2935
1865,1774305788154428885,1774305788158401056,3972
1866,1774305788159870842,1774305788162733752,2862
1867,1774305788164283979,1774305788167761917,3477
1868,1774305788169394948,1774305788173164503,3769
1869,1774305788174973846,1774305788178834180,3860
1870,1774305788180417281,1774305788183839821,3422
1871,1774305788185493657,1774305788188734927,3241
1872,1774305788190313854,1774305788193986883,3673
1873,1774305788195766134,1774305788199660739,3894
1874,1774305788201366510,1774305788205431492,4064
1875,1774305788207168256,1774305788211002559,3834
1876,1774305788212755843,1774305788216677872,3922
1877,1774305788218401210,1774305788222310677,3909
1878,1774305788224149448,1774305788228300394,4150
1879,1774305788229930899,1774305788233136388,3205
1880,1774305788234939256,1774305788238777324,3838
1881,1774305788240397112,1774305788244021878,3624
1882,1774305788245654814,1774305788248881124,3226
1883,1774305788250504522,1774305788254398479,3893
1884,1774305788256242969,1774305788260168285,3925
1885,1774305788261841524,1774305788265657489,3815
1886,1774305788267408490,1774305788271769564,4361
1887,1774305788273416139,1774305788277503846,4087
1888,1774305788279267317,1774305788282728750,3461
1889,1774305788283904922,1774305788287068717,3163
1890,1774305788288708741,1774305788292317052,3608
1891,1774305788293945115,1774305788297140200,3195
1892,1774305788298776819,1774305788301859269,3082
1893,1774305788303595394,1774305788306940128,3344
1894,1774305788308627009,1774305788312743027,4116
1895,1774305788314404992,1774305788317904343,3499
1896,1774305788319499637,1774305788323495808,3996
1897,1774305788325191178,1774305788329168928,3977
1898,1774305788330981546,1774305788335026611,4045
1899,1774305788336727216,1774305788340784545,4057
1900,1774305788342564079,1774305788345929321,3365
1901,1774305788347599957,1774305788351177881,3577
1902,1774305788353117795,1774305788356816700,3698
1903,1774305788358494641,1774305788362452320,3957
1904,1774305788364154172,1774305788368309395,4155
1905,1774305788370052875,1774305788373957066,3904
1906,1774305788375597673,1774305788378974840,3377
1907,1774305788380873720,1774305788384893894,4020
1908,1774305788386647562,1774305788390527335,3879
1909,1774305788392163906,1774305788396155085,3991
1910,1774305788397906591,1774305788401788967,3882
1911,1774305788403489356,1774305788406561377,3072
1912,1774305788408184831,1774305788411618916,3434
1913,1774305788413064437,1774305788415933176,2868
1914,1774305788417570132,1774305788421118990,3548
1915,1774305788422905868,1774305788426794428,3888
1916,1774305788428420992,1774305788432486358,4065
1917,1774305788433974432,1774305788437508049,3533
1918,1774305788439022999,1774305788441999585,2976
1919,1774305788443510846,1774305788446701937,3191
1920,1774305788448317161,1774305788451723760,3406
1921,1774305788453405481,1774305788457334238,3928
1922,1774305788459081183,1774305788463013018,3931
1923,1774305788464669610,1774305788468702738,4033
1924,1774305788470535131,1774305788474798305,4263
1925,1774305788476717035,1774305788480532583,3815
1926,1774305788482220542,1774305788486190507,3969
1927,1774305788487877589,1774305788491016431,3138
1928,1774305788492622430,1774305788495904444,3282
1929,1774305788497538697,1774305788501161944,3623
1930,1774305788502872111,1774305788506863275,3991
1931,1774305788508462590,1774305788511808765,3346
1932,1774305788513305281,1774305788516707557,3402
1933,1774305788518318251,1774305788522311219,3992
1934,1774305788523905944,1774305788526975948,3070
1935,1774305788528687195,1774305788532602137,3914
1936,1774305788534306872,1774305788538310552,4003
1937,1774305788540066151,1774305788543202050,3135
1938,1774305788544841283,1774305788547932164,3090
1939,1774305788549255877,1774305788553173297,3917
1940,1774305788554854100,1774305788558462044,3607
1941,1774305788559854475,1774305788562973742,3119
1942,1774305788564491515,1774305788567375229,2883
1943,1774305788568743368,1774305788571641654,2898
1944,1774305788573095123,1774305788576998007,3902
1945,1774305788578606710,1774305788582302591,3695
1946,1774305788583898523,1774305788587019620,3121
1947,1774305788588574792,1774305788592480931,3906
1948,1774305788594133710,1774305788597624283,3490
1949,1774305788599234204,1774305788602472733,3238
1950,1774305788604086094,1774305788607548738,3462
1951,1774305788609141080,1774305788613149030,4007
1952,1774305788614773599,1774305788618692448,3918
1953,1774305788620349711,1774305788624341170,3991
1954,1774305788625991949,1774305788629914733,3922
1955,1774305788631529296,1774305788634780030,3250
1956,1774305788636503341,1774305788640646915,4143
1957,1774305788642436055,1774305788646496896,4060
1958,1774305788648243644,1774305788652149700,3906
1959,1774305788653838921,1774305788656982769,3143
1960,1774305788658621772,1774305788662547893,3926
1961,1774305788664151487,1774305788668137014,3985
1962,1774305788670044129,1774305788673940836,3896
1963,1774305788675549098,1774305788679646836,4097
1964,1774305788681171886,1774305788685281029,4109
1965,1774305788686973646,1774305788691030882,4057
1966,1774305788692674286,1774305788695600166,2925
1967,1774305788697239114,1774305788701304891,4065
1968,1774305788703017563,1774305788706078839,3061
1969,1774305788707636666,1774305788711840344,4203
1970,1774305788713396626,1774305788717066174,3669
1971,1774305788718671260,1774305788721891053,3219
1972,1774305788723543795,1774305788727473887,3930
1973,1774305788729260658,1774305788733272106,4011
1974,1774305788734941226,1774305788738911193,3969
1975,1774305788740627310,1774305788743948146,3320
1976,1774305788745636395,1774305788749738094,4101
1977,1774305788751384173,1774305788754942592,3558
1978,1774305788756596749,1774305788760704332,4107
1979,1774305788762349211,1774305788766078650,3729
1980,1774305788767729696,1774305788771042195,3312
1981,1774305788772672349,1774305788776527042,3854
1982,1774305788778421462,1774305788781924531,3503
1983,1774305788783589913,1774305788787637957,4048
1984,1774305788789499763,1774305788793400897,3901
1985,1774305788795297155,1774305788799273081,3975
1986,1774305788801036019,1774305788804203228,3167
1987,1774305788805849987,1774305788809028968,3178
1988,1774305788810671197,1774305788814176405,3505
1989,1774305788815716800,1774305788819931133,4214
1990,1774305788821595753,1774305788824825220,3229
1991,1774305788826366677,1774305788829687941,3321
1992,1774305788831324992,1774305788834914173,3589
1993,1774305788836606977,1774305788840103064,3496
1994,1774305788841749267,1774305788845741529,3992
1995,1774305788847419574,1774305788850849851,3430
1996,1774305788852618014,1774305788856487457,3869
1997,1774305788858100922,1774305788862023038,3922
1998,1774305788863613473,1774305788867295507,3682
1999,1774305788868887803,1774305788872490042,3602
2000,1774305788874310036,1774305788877929565,3619
2001,1774305788879585026,1774305788883404448,3819
2002,1774305788884998052,1774305788888085892,3087
2003,1774305788889727611,1774305788893485471,3757
2004,1774305788895076669,1774305788898857755,3781
2005,1774305788900450971,1774305788904167239,3716
2006,1774305788905750931,1774305788909394002,3643
2007,1774305788911088035,1774305788914351938,3263
2008,1774305788916046189,1774305788919982406,3936
2009,1774305788921631058,1774305788925214686,3583
2010,1774305788926891815,1774305788930819133,3927
2011,1774305788932618609,1774305788936011082,3392
2012,1774305788937962540,1774305788941849071,3886
2013,1774305788943473883,1774305788947502470,4028
2014,1774305788949413012,1774305788953429344,4016
2015,1774305788954976464,1774305788959077692,4101
2016,1774305788960621959,1774305788963936016,3314
2017,1774305788965165903,1774305788968042294,2876
2018,1774305788969649754,1774305788972599206,2949
2019,1774305788973900718,1774305788976863267,2962
2020,1774305788978298944,1774305788982047594,3748
2021,1774305788983693345,1774305788987038221,3344
2022,1774305788988582833,1774305788991812305,3229
2023,1774305788993414162,1774305788997022118,3607
2024,1774305788998756764,1774305789002306183,3549
2025,1774305789003954866,1774305789007486717,3531
2026,1774305789009192964,1774305789013253765,4060
2027,1774305789014858038,1774305789018518756,3660
2028,1774305789020336333,1774305789024322920,3986
2029,1774305789026163106,1774305789030013550,3850
2030,1774305789031622844,1774305789035053171,3430
2031,1774305789036765018,1774305789040013656,3248
2032,1774305789041716841,1774305789044965862,3249
2033,1774305789046809204,1774305789050661142,3851
2034,1774305789052303791,1774305789055669683,3365
2035,1774305789057329181,1774305789061299876,3970
2036,1774305789063291236,1774305789067278252,3987
2037,1774305789068942808,1774305789072095784,3152
2038,1774305789073951647,1774305789077801129,3849
2039,1774305789079538462,1774305789082868155,3329
2040,1774305789084490987,1774305789087800907,3309
2041,1774305789089413867,1774305789093447130,4033
2042,1774305789095034761,1774305789098960877,3926
2043,1774305789100537538,1774305789104622619,4085
2044,1774305789106253873,1774305789109517180,3263
2045,1774305789111217603,1774305789115486114,4268
2046,1774305789117116455,1774305789120637922,3521
2047,1774305789122280975,1774305789126260648,3979
2048,1774305789127804294,1774305789130910164,3105
2049,1774305789132608624,1774305789135820177,3211
2050,1774305789137450551,1774305789140895067,3444
2051,1774305789142683586,1774305789146057828,3374
2052,1774305789147731368,1774305789151715347,3983
2053,1774305789153600664,1774305789157425428,3824
2054,1774305789159176749,1774305789163174436,3997
2055,1774305789164925723,1774305789168156355,3230
2056,1774305789170046863,1774305789173128501,3081
2057,1774305789174765725,1774305789178172321,3406
2058,1774305789179888861,1774305789183198510,3309
2059,1774305789184872002,1774305789188715587,3843
2060,1774305789190401737,1774305789194107431,3705
2061,1774305789195708892,1774305789199640128,3931
2062,1774305789201403371,1774305789205687152,4283
2063,1774305789207607195,1774305789211661384,4054
2064,1774305789213504483,1774305789217637990,4133
2065,1774305789219331990,1774305789223277522,3945
2066,1774305789225192023,1774305789229518877,4326
2067,1774305789231190155,1774305789235174593,3984
2068,1774305789236868875,1774305789240126835,3257
2069,1774305789241546292,1774305789244738277,3191
2070,1774305789246562718,1774305789249804099,3241
2071,1774305789251475522,1774305789255316583,3841
2072,1774305789257007661,1774305789261026684,4019
2073,1774305789262674151,1774305789266791054,4116
2074,1774305789268270219,1774305789272331434,4061
2075,1774305789273931162,1774305789277513165,3582
2076,1774305789279153564,1774305789282669357,3515
2077,1774305789284303562,1774305789288317518,4013
2078,1774305789289961207,1774305789293633508,3672
2079,1774305789295270108,1774305789299050102,3779
2080,1774305789300673443,1774305789304137911,3464
2081,1774305789305980460,1774305789309827011,3846
2082,1774305789311473866,1774305789315430816,3956
2083,1774305789317381635,1774305789320954065,3572
2084,1774305789322604498,1774305789326574553,3970
2085,1774305789328322102,1774305789332055581,3733
2086,1774305789333675862,1774305789337544548,3868
2087,1774305789339344920,1774305789343060324,3715
2088,1774305789344795093,1774305789348566594,3771
2089,1774305789350247335,1774305789354063014,3815
2090,1774305789355762603,1774305789359734164,3971
2091,1774305789361437880,1774305789364620218,3182
2092,1774305789366053232,1774305789369112660,3059
2093,1774305789370734111,1774305789374998900,4264
2094,1774305789376640232,1774305789380337063,3696
2095,1774305789382166096,1774305789386316533,4150
2096,1774305789387975320,1774305789391372565,3397
2097,1774305789392888910,1774305789396334813,3445
2098,1774305789397880498,1774305789401123380,3242
2099,1774305789402694129,1774305789406279807,3585
2100,1774305789407886348,1774305789411739711,3853
2101,1774305789413347529,1774305789417120648,3773
2102,1774305789418725670,1774305789422573287,3847
2103,1774305789424451526,1774305789427938711,3487
2104,1774305789429642682,1774305789433575954,3933
2105,1774305789435385554,1774305789438442986,3057
2106,1774305789439994085,1774305789443945810,3951
2107,1774305789445556710,1774305789449192405,3635
2108,1774305789450992606,1774305789454932037,3939
2109,1774305789456552197,1774305789460899993,4347
2110,1774305789462556949,1774305789466574290,4017
2111,1774305789468207689,1774305789472061152,3853
2112,1774305789473696704,1774305789476989867,3293
2113,1774305789478702257,1774305789482471854,3769
2114,1774305789484068972,1774305789487977994,3909
2115,1774305789489765475,1774305789493712478,3947
2116,1774305789495359238,1774305789498852128,3492
2117,1774305789500495488,1774305789504142494,3647
2118,1774305789505814391,1774305789508860083,3045
2119,1774305789510579448,1774305789514770691,4191
2120,1774305789516524325,1774305789520684662,4160
2121,1774305789522329967,1774305789525932514,3602
2122,1774305789527564815,1774305789530595490,3030
2123,1774305789532207966,1774305789535231395,3023
2124,1774305789536684514,1774305789539612656,2928
2125,1774305789541094432,1774305789544977891,3883
2126,1774305789546636304,1774305789550415843,3779
2127,1774305789552138143,1774305789555541261,3403
2128,1774305789557177607,1774305789561171283,3993
2129,1774305789562847729,1774305789566573307,3725
2130,1774305789568187277,1774305789571642224,3454
2131,1774305789573238937,1774305789577374123,4135
2132,1774305789579162701,1774305789582647085,3484
2133,1774305789584296529,1774305789588008466,3711
2134,1774305789589864726,1774305789593021270,3156
2135,1774305789594679252,1774305789598657947,3978
2136,1774305789600451382,1774305789603926200,3474
2137,1774305789605950139,1774305789610115385,4165
2138,1774305789611892759,1774305789615480912,3588
2139,1774305789617374791,1774305789621423177,4048
2140,1774305789623415640,1774305789627337076,3921
2141,1774305789629190823,1774305789633044841,3854
2142,1774305789634742975,1774305789638412845,3669
2143,1774305789640071803,1774305789643644187,3572
2144,1774305789645271038,1774305789649415379,4144
2145,1774305789651139956,1774305789654576180,3436
2146,1774305789656181801,1774305789659678479,3496
2147,1774305789661215544,1774305789665157380,3941
2148,1774305789666886925,1774305789670781186,3894
2149,1774305789672153694,1774305789675646828,3493
2150,1774305789677163584,1774305789680945156,3781
2151,1774305789682619331,1774305789686189064,3569
2152,1774305789687763823,1774305789690914744,3150
2153,1774305789692658406,1774305789696754271,4095
2154,1774305789698375600,1774305789701772850,3397
2155,1774305789703390929,1774305789707340926,3949
2156,1774305789708947480,1774305789712129605,3182
2157,1774305789713731779,1774305789717559419,3827
2158,1774305789719154891,1774305789722932490,3777
2159,1774305789724544372,1774305789727912023,3367
2160,1774305789729584684,1774305789733440660,3855
2161,1774305789735077892,1774305789738732531,3654
2162,1774305789740419986,1774305789744352557,3932
2163,1774305789745997049,1774305789749003306,3006
2164,1774305789750563282,1774305789754599822,4036
2165,1774305789756334411,1774305789759649310,3314
2166,1774305789761318035,1774305789764738710,3420
2167,1774305789766362784,1774305789770465148,4102
2168,1774305789772360025,1774305789775790497,3430
2169,1774305789777517348,1774305789781629504,4112
2170,1774305789783377572,1774305789787122150,3744
2171,1774305789788742773,1774305789791746053,3003
2172,1774305789793486549,1774305789796849340,3362
2173,1774305789798466351,1774305789802062382,3596
2174,1774305789803849128,1774305789807306037,3456
2175,1774305789808927726,1774305789812887116,3959
2176,1774305789814457054,1774305789818463526,4006
2177,1774305789820135426,1774305789824069639,3934
2178,1774305789825740724,1774305789829594617,3853
2179,1774305789831345607,1774305789835350589,4004
2180,1774305789837035230,1774305789840774406,3739
2181,1774305789842466145,1774305789846155173,3689
2182,1774305789847852916,1774305789851160244,3307
2183,1774305789852863331,1774305789857012077,4148
2184,1774305789858652763,1774305789862607530,3954
2185,1774305789864297134,1774305789868441702,4144
2186,1774305789870251252,1774305789874079848,3828
2187,1774305789875746017,1774305789879630512,3884
2188,1774305789881328980,1774305789885286829,3957
2189,1774305789887066621,1774305789890895237,3828
2190,1774305789892493579,1774305789896474535,3980
2191,1774305789898265015,1774305789902090273,3825
2192,1774305789903681291,1774305789907033369,3352
2193,1774305789908723634,1774305789912709907,3986
2194,1774305789914375998,1774305789918505270,4129
2195,1774305789920027362,1774305789923874427,3847
2196,1774305789925540688,1774305789929593191,4052
2197,1774305789931286829,1774305789934771806,3484
2198,1774305789936417720,1774305789940493823,4076
2199,1774305789942314380,1774305789946154399,3840
2200,1774305789947877516,1774305789951097169,3219
2201,1774305789952686346,1774305789955947376,3261
2202,1774305789957872931,1774305789961082639,3209
2203,1774305789962768419,1774305789966504374,3735
2204,1774305789968238305,1774305789972185403,3947
2205,1774305789973865946,1774305789977817137,3951
2206,1774305789979546943,1774305789982988386,3441
2207,1774305789984659957,1774305789988792405,4132
2208,1774305789990674621,1774305789995004009,4329
2209,1774305789996756123,1774305790000850408,4094
2210,1774305790002628061,1774305790006104182,3476
2211,1774305790008222855,1774305790012076077,3853
2212,1774305790013750430,1774305790017003346,3252
2213,1774305790018890585,1774305790022643862,3753
2214,1774305790024305744,1774305790028096895,3791
2215,1774305790029870119,1774305790033237732,3367
2216,1774305790034846734,1774305790037963385,3116
2217,1774305790039560918,1774305790043285223,3724
2218,1774305790044900693,1774305790048787397,3886
2219,1774305790050456139,1774305790054440897,3984
2220,1774305790056063301,1774305790059295464,3232
2221,1774305790060967620,1774305790064795150,3827
2222,1774305790066485852,1774305790070183074,3697
2223,1774305790071958117,1774305790076257031,4298
2224,1774305790077775114,1774305790081117205,3342
2225,1774305790082733130,1774305790086925811,4192
2226,1774305790088219484,1774305790091614401,3394
2227,1774305790093258367,1774305790097098443,3840
2228,1774305790098742546,1774305790102649555,3907
2229,1774305790104484059,1774305790107918194,3434
2230,1774305790109573291,1774305790113662402,4089
2231,1774305790115971495,1774305790120017197,4045
2232,1774305790121654890,1774305790125312442,3657
2233,1774305790127138832,1774305790131337376,4198
2234,1774305790133022392,1774305790137009438,3987
2235,1774305790138650264,1774305790142697320,4047
2236,1774305790144352348,1774305790148380635,4028
2237,1774305790150070650,1774305790154056144,3985
2238,1774305790155762194,1774305790159722396,3960
2239,1774305790161406186,1774305790164689928,3283
2240,1774305790166393339,1774305790170722792,4329
2241,1774305790172361661,1774305790176241572,3879
2242,1774305790178232483,1774305790182274396,4041
2243,1774305790183930116,1774305790187210553,3280
2244,1774305790189097494,1774305790193268350,4170
2245,1774305790194940894,1774305790198974121,4033
2246,1774305790200638338,1774305790204753933,4115
2247,1774305790206253091,1774305790209418647,3165
2248,1774305790210992814,1774305790214203941,3211
2249,1774305790215444382,1774305790218652380,3207
2250,1774305790220266235,1774305790223549478,3283
2251,1774305790225133450,1774305790228424839,3291
2252,1774305790230055423,1774305790234003336,3947
2253,1774305790235685887,1774305790239555163,3869
2254,1774305790241208543,1774305790245076866,3868
2255,1774305790246718813,1774305790249995034,3276
2256,1774305790251778959,1774305790254951369,3172
2257,1774305790256902728,1774305790260803825,3901
2258,1774305790262446598,1774305790266220327,3773
2259,1774305790267901915,1774305790271062789,3160
2260,1774305790272705781,1774305790276602058,3896
2261,1774305790278422059,1774305790282139747,3717
2262,1774305790283809901,1774305790287062956,3253
2263,1774305790288715413,1774305790292059853,3344
2264,1774305790293859047,1774305790297718189,3859
2265,1774305790299325140,1774305790302515864,3190
2266,1774305790304137763,1774305790308167063,4029
2267,1774305790310088638,1774305790313823983,3735
2268,1774305790315444079,1774305790318954240,3510
2269,1774305790320702446,1774305790323916630,3214
2270,1774305790325637295,1774305790329677496,4040
2271,1774305790331369261,1774305790335357069,3987
2272,1774305790336868846,1774305790340853374,3984
2273,1774305790342466784,1774305790346104263,3637
2274,1774305790347738869,1774305790351057796,3318
2275,1774305790352722405,1774305790355531101,2808
2276,1774305790357071547,1774305790360172352,3100
2277,1774305790361601322,1774305790365623008,4021
2278,1774305790367251954,1774305790370882364,3630
2279,1774305790372468036,1774305790376390269,3922
2280,1774305790378001688,1774305790381793443,3791
2281,1774305790383472907,1774305790387358887,3885
2282,1774305790389038376,1774305790392960205,3921
2283,1774305790394574012,1774305790398502205,3928
2284,1774305790400204363,1774305790404089551,3885
2285,1774305790405749248,1774305790409113429,3364
2286,1774305790410777854,1774305790414135709,3357
2287,1774305790415933655,1774305790419642715,3709
2288,1774305790421352232,1774305790425263596,3911
2289,1774305790427121200,1774305790431115256,3994
2290,1774305790432764140,1774305790436515952,3751
2291,1774305790438329932,1774305790442460428,4130
2292,1774305790444207854,1774305790448084117,3876
2293,1774305790449758086,1774305790453518833,3760
2294,1774305790455257114,1774305790458853366,3596
2295,1774305790460490672,1774305790464708353,4217
2296,1774305790466421989,1774305790470738253,4316
2297,1774305790472491118,1774305790476516635,4025
2298,1774305790478206491,1774305790482204330,3997
2299,1774305790483911069,1774305790487517333,3606
2300,1774305790489065772,1774305790492805180,3739
2301,1774305790494389588,1774305790497394281,3004
2302,1774305790498910397,1774305790501925266,3014
2303,1774305790503396862,1774305790507395775,3998
2304,1774305790509016026,1774305790512937297,3921
2305,1774305790514543431,1774305790518028844,3485
2306,1774305790519768987,1774305790523774423,4005
2307,1774305790525394649,1774305790528730251,3335
2308,1774305790530357441,1774305790534365820,4008
2309,1774305790535934083,1774305790539748366,3814
2310,1774305790541389241,1774305790545128697,3739
2311,1774305790546894662,1774305790550925493,4030
2312,1774305790552495640,1774305790556388730,3893
2313,1774305790558059911,1774305790562292798,4232
2314,1774305790564081680,1774305790567990440,3908
2315,1774305790569853282,1774305790573189978,3336
2316,1774305790575041382,1774305790578638292,3596
2317,1774305790580363087,1774305790584190625,3827
2318,1774305790585903285,1774305790589138661,3235
2319,1774305790590865528,1774305790594971580,4106
2320,1774305790596686571,1774305790600606485,3919
2321,1774305790602222171,1774305790606325019,4102
2322,1774305790608034442,1774305790611479221,3444
2323,1774305790613103581,1774305790617141878,4038
2324,1774305790618728783,1774305790621939564,3210
2325,1774305790623584538,1774305790626844042,3259
2326,1774305790628568217,1774305790632321221,3753
2327,1774305790633876381,1774305790637690814,3814
2328,1774305790639418386,1774305790643060985,3642
2329,1774305790644701663,1774305790648133617,3431
2330,1774305790649753682,1774305790653583038,3829
2331,1774305790655324759,1774305790658684848,3360
2332,1774305790660344810,1774305790664115606,3770
2333,1774305790665773481,1774305790669162857,3389
2334,1774305790670859306,1774305790673973191,3113
2335,1774305790675772637,1774305790679688637,3916
2336,1774305790681289278,1774305790685017077,3727
2337,1774305790686624318,1774305790690507853,3883
2338,1774305790692393358,1774305790696560412,4167
2339,1774305790698311512,1774305790702499065,4187
2340,1774305790704259365,1774305790708313150,4053
2341,1774305790710035965,1774305790714185093,4149
2342,1774305790715948639,1774305790719931533,3982
2343,1774305790721601748,1774305790725447068,3845
2344,1774305790727145944,1774305790730698973,3553
2345,1774305790732483696,1774305790736589727,4106
2346,1774305790738298716,1774305790742456548,4157
2347,1774305790744134314,1774305790748241242,4106
2348,1774305790749916593,1774305790753309191,3392
2349,1774305790755028317,1774305790758041625,3013
2350,1774305790759606785,1774305790762923716,3316
2351,1774305790764538703,1774305790767843958,3305
2352,1774305790769399542,1774305790773137344,3737
2353,1774305790774802122,1774305790778653323,3851
2354,1774305790780112327,1774305790783959700,3847
2355,1774305790785541907,1774305790789177094,3635
2356,1774305790790882752,1774305790793951360,3068
2357,1774305790795635184,1774305790799625396,3990
2358,1774305790801108347,1774305790804656767,3548
2359,1774305790806277074,1774305790809731746,3454
2360,1774305790811342584,1774305790815324365,3981
2361,1774305790816962696,1774305790820570047,3607
2362,1774305790822182798,1774305790825742395,3559
2363,1774305790827306695,1774305790831263998,3957
2364,1774305790832870095,1774305790836086847,3216
2365,1774305790837781809,1774305790841466520,3684
2366,1774305790843088177,1774305790846897996,3809
2367,1774305790848491954,1774305790852358723,3866
2368,1774305790853994789,1774305790857727700,3732
2369,1774305790859330849,1774305790862618212,3287
2370,1774305790864195483,1774305790868063724,3868
2371,1774305790869685784,1774305790873468812,3783
2372,1774305790875214367,1774305790879261329,4046
2373,1774305790881004278,1774305790884592105,3587
2374,1774305790886352959,1774305790889777553,3424
2375,1774305790891474970,1774305790895411224,3936
2376,1774305790897072424,1774305790900029881,2957
2377,1774305790901728410,1774305790905734947,4006
2378,1774305790907363600,1774305790910942216,3578
2379,1774305790912460123,1774305790915779159,3319
2380,1774305790917512824,1774305790921313525,3800
2381,1774305790922958575,1774305790926088514,3129
2382,1774305790927702938,1774305790931602305,3899
2383,1774305790933218998,1774305790936977384,3758
2384,1774305790938601965,1774305790942484456,3882
2385,1774305790944231478,1774305790948145347,3913
2386,1774305790950054193,1774305790953933146,3878
2387,1774305790955564730,1774305790958885829,3321
2388,1774305790960529808,1774305790963966589,3436
2389,1774305790965596131,1774305790969697465,4101
2390,1774305790971487003,1774305790975075964,3588
2391,1774305790976746173,1774305790980957227,4211
2392,1774305790982634768,1774305790986481685,3846
2393,1774305790988314985,1774305790992451737,4136
2394,1774305790994487954,1774305790998454102,3966
2395,1774305791000370165,1774305791004438635,4068
2396,1774305791006057302,1774305791009911012,3853
2397,1774305791011736823,1774305791015769573,4032
2398,1774305791017404049,1774305791021452929,4048
2399,1774305791023066651,1774305791027206046,4139
2400,1774305791028960004,1774305791032928731,3968
2401,1774305791034579698,1774305791037647845,3068
2402,1774305791039267112,1774305791042756544,3489
2403,1774305791044281940,1774305791047822010,3540
2404,1774305791049269923,1774305791053214291,3944
2405,1774305791054854356,1774305791058496894,3642
2406,1774305791060221236,1774305791064151475,3930
2407,1774305791065969007,1774305791069955196,3986
2408,1774305791071606987,1774305791074834091,3227
2409,1774305791076467722,1774305791079982802,3515
2410,1774305791081827017,1774305791085141457,3314
2411,1774305791086766490,1774305791090842958,4076
2412,1774305791092491570,1774305791096542872,4051
2413,1774305791098285993,1774305791102199783,3913
2414,1774305791103833379,1774305791107007018,3173
2415,1774305791108678213,1774305791112726719,4048
2416,1774305791114530009,1774305791118402061,3872
2417,1774305791120158744,1774305791124461430,4302
2418,1774305791126159914,1774305791130076718,3916
2419,1774305791131759608,1774305791135103728,3344
2420,1774305791136752775,1774305791140543107,3790
2421,1774305791142491022,1774305791146309191,3818
2422,1774305791148041087,1774305791151981507,3940
2423,1774305791153629245,1774305791156973042,3343
2424,1774305791158548964,1774305791161971383,3422
2425,1774305791163509587,1774305791166899980,3390
2426,1774305791168573137,1774305791172481117,3907
2427,1774305791174245746,1774305791177749992,3504
2428,1774305791179330544,1774305791182703796,3373
2429,1774305791184157726,1774305791187596444,3438
2430,1774305791189143130,1774305791193041143,3898
2431,1774305791194637485,1774305791198615841,3978
2432,1774305791200184792,1774305791203570649,3385
2433,1774305791205380185,1774305791209329748,3949
2434,1774305791211184915,1774305791214982429,3797
2435,1774305791216683074,1774305791220955500,4272
2436,1774305791222864131,1774305791226785896,3921
2437,1774305791228601923,1774305791232763486,4161
2438,1774305791234731322,1774305791238478994,3747
2439,1774305791240491615,1774305791244026321,3534
2440,1774305791245981412,1774305791250103940,4122
2441,1774305791251761671,1774305791255172348,3410
2442,1774305791256889428,1774305791260204389,3314
2443,1774305791261982996,1774305791265999047,4016
2444,1774305791267661716,1774305791271381300,3719
2445,1774305791273158743,1774305791277261093,4102
2446,1774305791279106012,1774305791283118934,4012
2447,1774305791284975478,1774305791289106833,4131
2448,1774305791290770716,1774305791294792254,4021
2449,1774305791296425024,1774305791300542014,4116
2450,1774305791302178251,1774305791305492744,3314
2451,1774305791306694039,1774305791310578832,3884
2452,1774305791312391871,1774305791315838745,3446
2453,1774305791317574813,1774305791320638326,3063
2454,1774305791322052701,1774305791325994210,3941
2455,1774305791327551304,1774305791331073840,3522
2456,1774305791332884840,1774305791336128476,3243
2457,1774305791337971558,1774305791341098202,3126
2458,1774305791342605249,1774305791346743917,4138
2459,1774305791348518774,1774305791352244246,3725
2460,1774305791353993691,1774305791357941498,3947
2461,1774305791359605966,1774305791363039076,3433
2462,1774305791364820879,1774305791368725142,3904
2463,1774305791370569831,1774305791374356751,3786
2464,1774305791376117303,1774305791379910092,3792
2465,1774305791381639269,1774305791385545465,3906
2466,1774305791387379419,1774305791391671111,4291
2467,1774305791393568897,1774305791397831070,4262
2468,1774305791399569803,1774305791403679698,4109
2469,1774305791405439220,1774305791409518989,4079
2470,1774305791411466155,1774305791415618281,4152
2471,1774305791417485348,1774305791420988953,3503
2472,1774305791422659508,1774305791426044476,3384
2473,1774305791427842144,1774305791431602839,3760
2474,1774305791433305104,1774305791436800110,3495
2475,1774305791438256579,1774305791441567377,3310
2476,1774305791442957753,1774305791446907759,3950
2477,1774305791448498692,1774305791451543773,3045
2478,1774305791453158387,1774305791456170928,3012
2479,1774305791457705456,1774305791460889868,3184
2480,1774305791462374930,1774305791465578919,3203
2481,1774305791467289646,1774305791471097208,3807
2482,1774305791472756061,1774305791476468465,3712
2483,1774305791478086282,1774305791481938795,3852
2484,1774305791483463518,1774305791487603226,4139
2485,1774305791489329293,1774305791493043183,3713
2486,1774305791494678410,1774305791497993042,3314
2487,1774305791499754246,1774305791503237730,3483
2488,1774305791504970834,1774305791509001939,4031
2489,1774305791510698064,1774305791514542753,3844
2490,1774305791516182711,1774305791520178726,3996
2491,1774305791522061638,1774305791525617334,3555
2492,1774305791527313583,1774305791531131477,3817
2493,1774305791532781879,1774305791536400921,3619
2494,1774305791538003265,1774305791541930624,3927
2495,1774305791543474822,1774305791547345050,3870
2496,1774305791549102639,1774305791552988621,3885
2497,1774305791554619789,1774305791557991697,3371
2498,1774305791559873373,1774305791563833566,3960
2499,1774305791565500914,1774305791569407015,3906
2500,1774305791570887798,1774305791574785904,3898
2501,1774305791576386245,1774305791580363779,3977
2502,1774305791581970499,1774305791585026250,3055
2503,1774305791586584242,1774305791590272338,3688
2504,1774305791591868111,1774305791595690167,3822
2505,1774305791597310951,1774305791600617835,3306
2506,1774305791602165055,1774305791605977739,3812
2507,1774305791607783129,1774305791611077855,3294
2508,1774305791612687378,1774305791616584016,3896
2509,1774305791618299763,1774305791622089320,3789
2510,1774305791623754325,1774305791626972025,3217
2511,1774305791628625116,1774305791632076667,3451
2512,1774305791633795365,1774305791637542050,3746
2513,1774305791639201175,1774305791643119276,3918
2514,1774305791644895379,1774305791648201081,3305
2515,1774305791649847556,1774305791653621858,3774
2516,1774305791655214809,1774305791658584125,3369
2517,1774305791660415970,1774305791664266436,3850
2518,1774305791665940144,1774305791669802906,3862
2519,1774305791671402621,1774305791675420635,4018
2520,1774305791677192788,1774305791681317111,4124
2521,1774305791683307443,1774305791687191987,3884
2522,1774305791688840933,1774305791692657548,3816
2523,1774305791694504225,1774305791698396893,3892
2524,1774305791700176314,1774305791703635570,3459
2525,1774305791705235099,1774305791709281713,4046
2526,1774305791710964856,1774305791714062987,3098
2527,1774305791715483199,1774305791718821440,3338
2528,1774305791720440523,1774305791724082470,3641
2529,1774305791725524138,1774305791728721576,3197
2530,1774305791729987025,1774305791733836598,3849
2531,1774305791735343526,1774305791739419964,4076
2532,1774305791741111620,1774305791744315343,3203
2533,1774305791745954112,1774305791749731386,3777
2534,1774305791751405713,1774305791754743465,3337
2535,1774305791756375749,1774305791760302095,3926
2536,1774305791761933676,1774305791765050158,3116
2537,1774305791766854855,1774305791770663889,3809
2538,1774305791772272952,1774305791775726264,3453
2539,1774305791777397311,1774305791781414836,4017
2540,1774305791783147011,1774305791786996888,3849
2541,1774305791788706741,1774305791792015674,3308
2542,1774305791793648773,1774305791797543719,3894
2543,1774305791799176712,1774305791803378655,4201
2544,1774305791805204492,1774305791808696290,3491
2545,1774305791810343602,1774305791813573079,3229
2546,1774305791815205901,1774305791819137969,3932
2547,1774305791820740441,1774305791824462708,3722
2548,1774305791826447582,1774305791830323590,3876
2549,1774305791832132021,1774305791836049290,3917
2550,1774305791837851955,1774305791841930966,4079
2551,1774305791843478322,1774305791847425369,3947
2552,1774305791849049081,1774305791851979323,2930
2553,1774305791853687645,1774305791857746442,4058
2554,1774305791859374676,1774305791862468916,3094
2555,1774305791864128757,1774305791867131519,3002
2556,1774305791868752042,1774305791872154106,3402
2557,1774305791873724078,1774305791876945547,3221
2558,1774305791878639188,1774305791882553280,3914
2559,1774305791884346986,1774305791887693947,3346
2560,1774305791889424653,1774305791893302062,3877
2561,1774305791895059884,1774305791898706631,3646
2562,1774305791900345316,1774305791903744428,3399
2563,1774305791905375810,1774305791908865650,3489
2564,1774305791910610325,1774305791914432074,3821
2565,1774305791916085361,1774305791920012099,3926
2566,1774305791921895497,1774305791925696263,3800
2567,1774305791927329848,1774305791931397867,4068
2568,1774305791933084492,1774305791936199587,3115
2569,1774305791937816610,1774305791941038638,3222
2570,1774305791942694255,1774305791946395957,3701
2571,1774305791948153028,1774305791952004654,3851
2572,1774305791953729894,1774305791957661749,3931
2573,1774305791959550683,1774305791963641751,4091
2574,1774305791965302410,1774305791969451974,4149
2575,1774305791971360187,1774305791975606189,4246
2576,1774305791977232900,1774305791981239478,4006
2577,1774305791982804195,1774305791987005008,4200
2578,1774305791988608725,1774305791992309608,3700
2579,1774305791994055798,1774305791997298159,3242
2580,1774305791999012206,1774305792002017194,3004
2581,1774305792003486504,1774305792006717445,3230
2582,1774305792008467084,1774305792012109854,3642
2583,1774305792013683654,1774305792016844413,3160
2584,1774305792018472502,1774305792021953702,3481
2585,1774305792023785968,1774305792027607400,3821
2586,1774305792029284984,1774305792032845704,3560
2587,1774305792034548785,1774305792038516713,3967
2588,1774305792040269067,1774305792044080626,3811
2589,1774305792045746951,1774305792048965438,3218
2590,1774305792050570783,1774305792054994665,4423
2591,1774305792056694012,1774305792060353568,3659
2592,1774305792062055274,1774305792066235556,4180
2593,1774305792068056877,1774305792071921123,3864
2594,1774305792073701003,1774305792077564254,3863
2595,1774305792079383624,1774305792082998412,3614
2596,1774305792084675680,1774305792088630912,3955
2597,1774305792090279096,1774305792094083783,3804
2598,1774305792095759871,1774305792099389253,3629
2599,1774305792101303755,1774305792104658216,3354
2600,1774305792106449245,1774305792109906433,3457
2601,1774305792111569725,1774305792115739076,4169
2602,1774305792117340959,1774305792121143092,3802
2603,1774305792122764790,1774305792126826842,4062
2604,1774305792128534187,1774305792132689896,4155
2605,1774305792134290693,1774305792137502799,3212
2606,1774305792138998241,1774305792142969710,3971
2607,1774305792144386692,1774305792147929826,3543
2608,1774305792149520123,1774305792152902249,3382
2609,1774305792154517423,1774305792158558935,4041
2610,1774305792160247316,1774305792164166177,3918
2611,1774305792165874533,1774305792169187561,3313
2612,1774305792171022693,1774305792175031372,4008
2613,1774305792177066049,1774305792180677729,3611
2614,1774305792182347323,1774305792185799613,3452
2615,1774305792187466566,1774305792191646589,4180
2616,1774305792193497551,1774305792197258595,3761
2617,1774305792198958383,1774305792203029558,4071
2618,1774305792204976547,1774305792208998649,4022
2619,1774305792210888256,1774305792215024189,4135
2620,1774305792216727337,1774305792220656012,3928
2621,1774305792222501102,1774305792226591415,4090
2622,1774305792228493266,1774305792232419588,3926
2623,1774305792234189526,1774305792238275054,4085
2624,1774305792240029178,1774305792243987266,3958
2625,1774305792245669436,1774305792248822657,3153
2626,1774305792250523205,1774305792254471605,3948
2627,1774305792256282832,1774305792260161879,3879
2628,1774305792261857004,1774305792265798487,3941
2629,1774305792267480297,1774305792270413342,2933
2630,1774305792271795476,1774305792275065233,3269
2631,1774305792276794302,1774305792279878417,3084
2632,1774305792281369328,1774305792284586978,3217
2633,1774305792286059750,1774305792289972682,3912
2634,1774305792291574270,1774305792295499782,3925
2635,1774305792297117248,1774305792301141109,4023
2636,1774305792302738569,1774305792306633057,3894
2637,1774305792308436396,1774305792312291206,3854
2638,1774305792314146916,1774305792318037233,3890
2639,1774305792319837128,1774305792323174500,3337
2640,1774305792324843803,1774305792328064610,3220
2641,1774305792329703170,1774305792332998434,3295
2642,1774305792334648652,1774305792338508909,3860
2643,1774305792340273747,1774305792343747635,3473
2644,1774305792345411025,1774305792348881848,3470
2645,1774305792350903146,1774305792354798135,3894
2646,1774305792356603797,1774305792360529222,3925
2647,1774305792362270525,1774305792366311001,4040
2648,1774305792368024774,1774305792371167304,3142
2649,1774305792372841079,1774305792376063314,3222
2650,1774305792377761696,1774305792381620741,3859
2651,1774305792383319505,1774305792387332563,4013
2652,1774305792389010274,1774305792392695050,3684
2653,1774305792394357950,1774305792397378691,3020
2654,1774305792398969833,1774305792403019342,4049
2655,1774305792404615373,1774305792408401404,3786
2656,1774305792410045732,1774305792413256441,3210
2657,1774305792414826044,1774305792418313197,3487
2658,1774305792419992072,1774305792423473698,3481
2659,1774305792425285352,1774305792428987703,3702
2660,1774305792430756569,1774305792433961934,3205
2661,1774305792435429392,1774305792439581713,4152
2662,1774305792441324418,1774305792445222634,3898
2663,1774305792447151560,1774305792451135553,3983
2664,1774305792452925904,1774305792456482925,3557
2665,1774305792458069203,1774305792462018860,3949
2666,1774305792463628477,1774305792466930730,3302
2667,1774305792468578436,1774305792472491688,3913
2668,1774305792474229622,1774305792478341342,4111
2669,1774305792480037766,1774305792483841104,3803
2670,1774305792485500380,1774305792488675786,3175
2671,1774305792490386530,1774305792494258003,3871
2672,1774305792495924101,1774305792499349330,3425
2673,1774305792501264630,1774305792505618615,4353
2674,1774305792507569003,1774305792511027876,3458
2675,1774305792512590034,1774305792515920521,3330
2676,1774305792517500468,1774305792521458297,3957
2677,1774305792522961897,1774305792526304009,3342
2678,1774305792527984532,1774305792531123898,3139
2679,1774305792532612166,1774305792535584358,2972
2680,1774305792537152921,1774305792540671015,3518
2681,1774305792542318061,1774305792546417185,4099
2682,1774305792547996179,1774305792551204023,3207
2683,1774305792552812133,1774305792555940798,3128
2684,1774305792557357074,1774305792560647544,3290
2685,1774305792562158678,1774305792565942869,3784
2686,1774305792567469355,1774305792570729861,3260
2687,1774305792572353835,1774305792575748416,3394
2688,1774305792577542491,1774305792581235850,3693
2689,1774305792583065171,1774305792586311875,3246
2690,1774305792588178819,1774305792592307880,4129
2691,1774305792594115308,1774305792597582790,3467
2692,1774305792599340188,1774305792603288533,3948
2693,1774305792605027576,1774305792608132591,3105
2694,1774305792609882398,1774305792613125798,3243
2695,1774305792614933378,1774305792618907689,3974
2696,1774305792620539258,1774305792624292743,3753
2697,1774305792626025890,1774305792630016041,3990
2698,1774305792631802646,1774305792635800094,3997
2699,1774305792637460591,1774305792641297605,3837
2700,1774305792643041311,1774305792647159082,4117
2701,1774305792648911759,1774305792652770370,3858
2702,1774305792654539687,1774305792658651032,4111
2703,1774305792660450804,1774305792663920627,3469
2704,1774305792665769845,1774305792669802603,4032
2705,1774305792671463665,1774305792675614122,4150
2706,1774305792677300227,1774305792680686684,3386
2707,1774305792682310257,1774305792686453794,4143
2708,1774305792687972829,1774305792691522086,3549
2709,1774305792693221114,1774305792697345088,4123
2710,1774305792698987565,1774305792702290377,3302
2711,1774305792703862447,1774305792707652400,3789
2712,1774305792709249515,1774305792712837114,3587
2713,1774305792714545801,1774305792718382442,3836
2714,1774305792720097129,1774305792723853192,3756
2715,1774305792725560401,1774305792729605424,4045
2716,1774305792731292811,1774305792735280165,3987
2717,1774305792737362766,1774305792741340817,3978
2718,1774305792743320453,1774305792747448159,4127
2719,1774305792749306561,1774305792753348335,4041
2720,1774305792755035038,1774305792758313803,3278
2721,1774305792760106505,1774305792763909692,3803
2722,1774305792765580786,1774305792769451547,3870
2723,1774305792771108527,1774305792774688439,3579
2724,1774305792776489170,1774305792780570993,4081
2725,1774305792782512106,1774305792786039193,3527
2726,1774305792787723792,1774305792791919957,4196
2727,1774305792793703809,1774305792797741874,4038
2728,1774305792799447145,1774305792802622554,3175
2729,1774305792804213737,1774305792808155736,3941
2730,1774305792809793198,1774305792812859933,3066
2731,1774305792814484802,1774305792817739904,3255
2732,1774305792819193255,1774305792823175756,3982
2733,1774305792824714513,1774305792827647799,2933
2734,1774305792829131237,1774305792833147729,4016
2735,1774305792834725326,1774305792837949182,3223
2736,1774305792839540860,1774305792842775228,3234
2737,1774305792844360140,1774305792847919113,3558
2738,1774305792849534116,1774305792853441738,3907
2739,1774305792855142498,1774305792859170329,4027
2740,1774305792861100093,1774305792864812187,3712
2741,1774305792866494064,1774305792870468755,3974
2742,1774305792872355576,1774305792876584512,4228
2743,1774305792878482526,1774305792882554184,4071
2744,1774305792884335365,1774305792887770658,3435
2745,1774305792889462341,1774305792892892525,3430
2746,1774305792894729137,1774305792898860497,4131
2747,1774305792900538474,1774305792904289460,3750
2748,1774305792905944413,1774305792910019294,4074
2749,1774305792911665309,1774305792915677861,4012
2750,1774305792917480652,1774305792921469902,3989
2751,1774305792923317824,1774305792927278549,3960
2752,1774305792929137260,1774305792932922735,3785
2753,1774305792934823111,1774305792938828563,4005
2754,1774305792940465937,1774305792944167922,3701
2755,1774305792945884373,1774305792949955192,4070
2756,1774305792951680318,1774305792954984412,3304
2757,1774305792956617728,1774305792960811447,4193
2758,1774305792962521509,1774305792965581364,3059
2759,1774305792967276239,1774305792971047060,3770
2760,1774305792972753722,1774305792976658446,3904
2761,1774305792978290427,1774305792981821465,3531
2762,1774305792983629325,1774305792987210267,3580
2763,1774305792988917036,1774305792992714308,3797
2764,1774305792994485942,1774305792998584067,4098
2765,1774305793000308411,1774305793004098775,3790
2766,1774305793005760552,1774305793009565803,3805
2767,1774305793011255703,1774305793015466659,4210
2768,1774305793017338765,1774305793020902081,3563
2769,1774305793022754401,1774305793026680777,3926
2770,1774305793028316981,1774305793032205347,3888
2771,1774305793033913878,1774305793037871241,3957
2772,1774305793039511150,1774305793043152110,3640
2773,1774305793045025395,1774305793049087272,4061
2774,1774305793050712970,1774305793054435009,3722
2775,1774305793056433000,1774305793060543055,4110
2776,1774305793062310431,1774305793066242994,3932
2777,1774305793068170382,1774305793072103863,3933
2778,1774305793073844824,1774305793077821592,3976
2779,1774305793079614804,1774305793083805735,4190
2780,1774305793085517321,1774305793089647564,4130
2781,1774305793091328935,1774305793094766782,3437
2782,1774305793096470349,1774305793100576429,4106
2783,1774305793102198165,1774305793106099283,3901
2784,1774305793107800024,1774305793111883021,4082
2785,1774305793113558652,1774305793117770335,4211
2786,1774305793119496314,1774305793122901946,3405
2787,1774305793124521797,1774305793128043238,3521
2788,1774305793129806002,1774305793133859377,4053
2789,1774305793135543922,1774305793139097916,3553
2790,1774305793140920952,1774305793145026804,4105
2791,1774305793146730159,1774305793150269808,3539
2792,1774305793151959665,1774305793155019274,3059
2793,1774305793156837950,1774305793160940296,4102
2794,1774305793162582943,1774305793166187766,3604
2795,1774305793167952431,1774305793171835065,3882
2796,1774305793173706122,1774305793177315240,3609
2797,1774305793179306000,1774305793183283727,3977
2798,1774305793184977183,1774305793189248868,4271
2799,1774305793191088626,1774305793194997725,3909
2800,1774305793196617181,1774305793200937995,4320
2801,1774305793202728254,1774305793206823239,4094
2802,1774305793208465059,1774305793212606151,4141
2803,1774305793214459611,1774305793218589388,4129
2804,1774305793220412150,1774305793224530311,4118
2805,1774305793226169435,1774305793230419566,4250
2806,1774305793232194100,1774305793236064198,3870
2807,1774305793237689223,1774305793240858041,3168
2808,1774305793242348574,1774305793246413272,4064
2809,1774305793248050004,1774305793251950821,3900
2810,1774305793253515663,1774305793257169323,3653
2811,1774305793258819367,1774305793262596578,3777
2812,1774305793264255119,1774305793268425312,4170
2813,1774305793270092790,1774305793274038348,3945
2814,1774305793276157644,1774305793280181222,4023
2815,1774305793281924240,1774305793285903039,3978
2816,1774305793287518775,1774305793291002410,3483
2817,1774305793292939857,1774305793296944047,4004
2818,1774305793298595420,1774305793302288909,3693
2819,1774305793303940957,1774305793307201962,3261
2820,1774305793309095787,1774305793312930407,3834
2821,1774305793314597412,1774305793318273217,3675
2822,1774305793319987088,1774305793323215203,3228
2823,1774305793324980583,1774305793328201016,3220
2824,1774305793329897935,1774305793333872615,3974
2825,1774305793335628083,1774305793339063402,3435
2826,1774305793340733482,1774305793344965200,4231
2827,1774305793346675546,1774305793350020030,3344
2828,1774305793351773171,1774305793355940511,4167
2829,1774305793357426303,1774305793360666404,3240
2830,1774305793362275918,1774305793366322927,4047
2831,1774305793368042294,1774305793371238369,3196
2832,1774305793372991608,1774305793377007454,4015
2833,1774305793378495892,1774305793382317770,3821
2834,1774305793384031300,1774305793386914858,2883
2835,1774305793388428584,1774305793392305636,3877
2836,1774305793393891495,1774305793397531911,3640
2837,1774305793399199437,1774305793403002982,3803
2838,1774305793404668420,1774305793408323450,3655
2839,1774305793410031632,1774305793413995441,3963
2840,1774305793415678055,1774305793419304092,3626
2841,1774305793421038745,1774305793424989007,3950
2842,1774305793426900344,1774305793430902980,4002
2843,1774305793432718703,1774305793437000551,4281
2844,1774305793438959302,1774305793442879517,3920
2845,1774305793444545150,1774305793447803884,3258
2846,1774305793449424727,1774305793453143219,3718
2847,1774305793454876106,1774305793458776148,3900
2848,1774305793460443511,1774305793464253295,3809
2849,1774305793466190673,1774305793470315696,4125
2850,1774305793472050321,1774305793475939429,3889
2851,1774305793477687543,1774305793481765019,4077
2852,1774305793483523230,1774305793487246739,3723
2853,1774305793488948733,1774305793492494265,3545
2854,1774305793494112059,1774305793497589432,3477
2855,1774305793499211427,1774305793503483258,4271
2856,1774305793504986540,1774305793508509341,3522
2857,1774305793510054481,1774305793514256073,4201
2858,1774305793515605084,1774305793518612326,3007
2859,1774305793520117564,1774305793523562237,3444
2860,1774305793525134322,1774305793529166162,4031
2861,1774305793530819339,1774305793533943320,3123
2862,1774305793535587700,1774305793539151813,3564
2863,1774305793540820249,1774305793544566720,3746
2864,1774305793546172419,1774305793550085528,3913
2865,1774305793551791434,1774305793555781717,3990
2866,1774305793557428686,1774305793561529922,4101
2867,1774305793563434117,1774305793567400120,3966
2868,1774305793569178882,1774305793573105732,3926
2869,1774305793574758673,1774305793578810311,4051
2870,1774305793580401122,1774305793583948849,3547
2871,1774305793585724960,1774305793589661245,3936
2872,1774305793591368773,1774305793594743303,3374
2873,1774305793596592765,1774305793600563664,3970
2874,1774305793602298647,1774305793606275353,3976
2875,1774305793608073699,1774305793611672284,3598
2876,1774305793613314989,1774305793617322997,4008
2877,1774305793619155421,1774305793622991307,3835
2878,1774305793624689405,1774305793628835341,4145
2879,1774305793630489964,1774305793634696904,4206
2880,1774305793636479626,1774305793640434456,3954
2881,1774305793642105352,1774305793645376546,3271
2882,1774305793647180070,1774305793651399579,4219
2883,1774305793653045844,1774305793657129594,4083
2884,1774305793658586063,1774305793662691489,4105
2885,1774305793664315239,1774305793667805886,3490
2886,1774305793669424688,1774305793672716386,3291
2887,1774305793674433716,1774305793678431865,3998
2888,1774305793680253031,1774305793683909520,3656
2889,1774305793685627538,1774305793688936343,3308
2890,1774305793690610599,1774305793693813980,3203
2891,1774305793695531913,1774305793699663844,4131
2892,1774305793701361297,1774305793705007174,3645
2893,1774305793706669247,1774305793710042127,3372
2894,1774305793711778818,1774305793715873961,4095
2895,1774305793717570718,1774305793720898463,3327
2896,1774305793722769697,1774305793726825252,4055
2897,1774305793728694547,1774305793732564598,3870
2898,1774305793734483566,1774305793737901531,3417
2899,1774305793739636219,1774305793743659707,4023
2900,1774305793745454864,1774305793749453934,3999
2901,1774305793751152629,1774305793755241518,4088
2902,1774305793757189464,1774305793760982866,3793
2903,1774305793762752173,1774305793766178136,3425
2904,1774305793767928541,1774305793771164850,3236
2905,1774305793772750894,1774305793776762411,4011
2906,1774305793778414743,1774305793781973065,3558
2907,1774305793783691598,1774305793786982735,3291
2908,1774305793788695025,1774305793792655768,3960
2909,1774305793794188991,1774305793797260507,3071
2910,1774305793798772964,1774305793802065918,3292
2911,1774305793803670405,1774305793807005675,3335
2912,1774305793808731298,1774305793812714274,3982
2913,1774305793814336212,1774305793818093687,3757
2914,1774305793819863480,1774305793823824763,3961
2915,1774305793825504326,1774305793829447714,3943
2916,1774305793831249442,1774305793834905035,3655
2917,1774305793836640318,1774305793840561651,3921
2918,1774305793842147932,1774305793846422431,4274
2919,1774305793848220352,1774305793851908119,3687
2920,1774305793853562422,1774305793857589139,4026
2921,1774305793859425492,1774305793863504221,4078
2922,1774305793865221227,1774305793869164387,3943
2923,1774305793871159937,1774305793874999735,3839
2924,1774305793876537595,1774305793879823860,3286
2925,1774305793881478344,1774305793885291168,3812
2926,1774305793887190324,1774305793891380901,4190
2927,1774305793893063146,1774305793897024428,3961
2928,1774305793898794718,1774305793902823284,4028
2929,1774305793904612830,1774305793908136515,3523
2930,1774305793909871220,1774305793912947748,3076
2931,1774305793914580457,1774305793917642530,3062
2932,1774305793919237268,1774305793922259294,3022
2933,1774305793923841893,1774305793926981557,3139
2934,1774305793928582202,1774305793931903181,3320
2935,1774305793933543582,1774305793936880509,3336
2936,1774305793938481843,1774305793942518335,4036
2937,1774305793944153642,1774305793947829680,3676
2938,1774305793949511449,1774305793952810234,3298
2939,1774305793954468291,1774305793957821447,3353
2940,1774305793959540538,1774305793963038274,3497
2941,1774305793964695121,1774305793968784204,4089
2942,1774305793970618646,1774305793974507364,3888
2943,1774305793976298393,1774305793980281963,3983
2944,1774305793981944253,1774305793985735561,3791
2945,1774305793987474405,1774305793991579993,4105
2946,1774305793993303545,1774305793996834585,3531
2947,1774305793998480953,1774305794001787693,3306
2948,1774305794003443626,1774305794007245717,3802
2949,1774305794009136403,1774305794012915228,3778
2950,1774305794014885407,1774305794018860909,3975
2951,1774305794020636912,1774305794024195740,3558
2952,1774305794026029447,1774305794029482178,3452
2953,1774305794031398114,1774305794035218931,3820
2954,1774305794036962679,1774305794041159289,4196
2955,1774305794042961548,1774305794046931246,3969
2956,1774305794048519379,1774305794052153441,3634
2957,1774305794053584908,1774305794056793472,3208
2958,1774305794058060509,1774305794061040760,2980
2959,1774305794062760140,1774305794066636382,3876
2960,1774305794068366577,1774305794072250283,3883
2961,1774305794073848870,1774305794077755705,3906
2962,1774305794079623835,1774305794083441785,3817
2963,1774305794085151361,1774305794089183130,4031
2964,1774305794091062438,1774305794094902945,3840
2965,1774305794096499121,1774305794099768388,3269
2966,1774305794101418262,1774305794104764821,3346
2967,1774305794106375686,1774305794110448703,4073
2968,1774305794112254878,1774305794116394285,4139
2969,1774305794118079397,1774305794122092762,4013
2970,1774305794124015474,1774305794127990378,3974
2971,1774305794129691659,1774305794133449484,3757
2972,1774305794135353142,1774305794139357701,4004
2973,1774305794141178356,1774305794145085423,3907
2974,1774305794146964217,1774305794150768396,3804
2975,1774305794152511718,1774305794156557267,4045
2976,1774305794158504421,1774305794162481934,3977
2977,1774305794164222710,1774305794168221042,3998
2978,1774305794170014774,1774305794173251214,3236
2979,1774305794175006016,1774305794179141870,4135
2980,1774305794180836012,1774305794184799265,3963
2981,1774305794186401870,1774305794189564790,3162
2982,1774305794191153928,1774305794194593407,3439
2983,1774305794196217951,1774305794200040059,3822
2984,1774305794201672021,1774305794205637854,3965
2985,1774305794207187496,1774305794210403563,3216
2986,1774305794211948985,1774305794215171358,3222
2987,1774305794216709736,1774305794219817027,3107
2988,1774305794221407944,1774305794224764251,3356
2989,1774305794226388741,1774305794230495996,4107
2990,1774305794232347895,1774305794236591320,4243
2991,1774305794238312507,1774305794242551719,4239
2992,1774305794244537404,1774305794247963255,3425
2993,1774305794249781257,1774305794253734438,3953
2994,1774305794255704186,1774305794259885001,4180
2995,1774305794261772794,1774305794265733263,3960
2996,1774305794267626196,1774305794271696602,4070
2997,1774305794273823115,1774305794277960186,4137
2998,1774305794279582072,1774305794283564002,3981
2999,1774305794285452313,1774305794289547302,4094
3000,1774305794291318507,1774305794295240436,3921
3001,1774305794296938861,1774305794300221962,3283
3002,1774305794301980776,1774305794305514192,3533
3003,1774305794307134117,1774305794310951869,3817
3004,1774305794312529845,1774305794316095580,3565
3005,1774305794317777741,1774305794321399395,3621
3006,1774305794323127342,1774305794327159374,4032
3007,1774305794328832139,1774305794332767662,3935
3008,1774305794334555356,1774305794338577392,4022
3009,1774305794340244361,1774305794344079075,3834
3010,1774305794345721196,1774305794349325227,3604
3011,1774305794350931754,1774305794354022869,3091
3012,1774305794355610919,1774305794359248412,3637
3013,1774305794360949156,1774305794364064794,3115
3014,1774305794365704233,1774305794369100146,3395
3015,1774305794370713571,1774305794373989162,3275
3016,1774305794375616983,1774305794379558811,3941
3017,1774305794381461981,1774305794385008180,3546
3018,1774305794386747419,1774305794390664252,3916
3019,1774305794392322130,1774305794395975752,3653
3020,1774305794397792372,1774305794401978228,4185
3021,1774305794403715125,1774305794407288646,3573
3022,1774305794409080296,1774305794412331078,3250
3023,1774305794414040443,1774305794417961072,3920
3024,1774305794419651756,1774305794423445768,3794
3025,1774305794425253521,1774305794429185057,3931
3026,1774305794430839752,1774305794434103782,3264
3027,1774305794435771726,1774305794439650893,3879
3028,1774305794441351333,1774305794445597503,4246
3029,1774305794447538835,1774305794451579964,4041
3030,1774305794453242885,1774305794457475819,4232
3031,1774305794459028470,1774305794463138531,4110
3032,1774305794464771541,1774305794468482345,3710
3033,1774305794470039685,1774305794474010981,3971
3034,1774305794475626918,1774305794479424071,3797
3035,1774305794481144097,1774305794484734470,3590
3036,1774305794486341336,1774305794489622809,3281
3037,1774305794491155253,1774305794494603461,3448
3038,1774305794496333224,1774305794500176155,3842
3039,1774305794501876803,1774305794505942997,4066
3040,1774305794507583435,1774305794511547873,3964
3041,1774305794513380984,1774305794517831314,4450
3042,1774305794519565988,1774305794524174294,4608
3043,1774305794525705301,1774305794529120565,3415
3044,1774305794530882052,1774305794534915414,4033
3045,1774305794536559985,1774305794539804816,3244
3046,1774305794541329839,1774305794545056388,3726
3047,1774305794546648145,1774305794550562474,3914
3048,1774305794552163447,1774305794555960222,3796
3049,1774305794557628582,1774305794561423150,3794
3050,1774305794563029289,1774305794566517238,3487
3051,1774305794568146574,1774305794571985994,3839
3052,1774305794573632332,1774305794576913785,3281
3053,1774305794578666970,1774305794582294046,3627
3054,1774305794584009536,1774305794587509000,3499
3055,1774305794589183581,1774305794593440486,4256
3056,1774305794595051783,1774305794599038900,3987
3057,1774305794600701319,1774305794603919240,3217
3058,1774305794605534289,1774305794609061071,3526
3059,1774305794610533789,1774305794614537712,4003
3060,1774305794616306445,1774305794619686822,3380
3061,1774305794621180679,1774305794624285696,3105
3062,1774305794625967750,1774305794629713062,3745
3063,1774305794631490914,1774305794635640700,4149
3064,1774305794637278321,1774305794641154707,3876
3065,1774305794642996668,1774305794646989396,3992
3066,1774305794648700056,1774305794652001748,3301
3067,1774305794653663676,1774305794656929426,3265
3068,1774305794658674694,1774305794662810863,4136
3069,1774305794664773524,1774305794668680524,3907
3070,1774305794670341689,1774305794674629083,4287
3071,1774305794676564486,1774305794680719835,4155
3072,1774305794682402400,1774305794686564295,4161
3073,1774305794688339657,1774305794692316796,3977
3074,1774305794694060990,1774305794697975710,3914
3075,1774305794699661123,1774305794703708860,4047
3076,1774305794705426274,1774305794709682209,4255
3077,1774305794711550653,1774305794715134812,3584
3078,1774305794717031551,1774305794720945382,3913
3079,1774305794722705726,1774305794725972292,3266
3080,1774305794727798556,1774305794731841170,4042
3081,1774305794733610416,1774305794737288312,3677
3082,1774305794738993383,1774305794742576419,3583
3083,1774305794744289494,1774305794748061847,3772
3084,1774305794749696488,1774305794753766245,4069
3085,1774305794755384086,1774305794759178354,3794
3086,1774305794760698530,1774305794764046462,3347
3087,1774305794765552238,1774305794768849063,3296
3088,1774305794770563378,1774305794774462042,3898
3089,1774305794776088839,1774305794779561377,3472
3090,1774305794781156598,1774305794784603788,3447
3091,1774305794786497630,1774305794790712848,4215
3092,1774305794792402092,1774305794795770559,3368
3093,1774305794797525178,1774305794801520225,3995
3094,1774305794803424136,1774305794807268816,3844
3095,1774305794808936485,1774305794812383968,3447
3096,1774305794814114865,1774305794818235452,4120
3097,1774305794819934721,1774305794823625675,3690
3098,1774305794825463822,1774305794829544581,4080
3099,1774305794831477420,1774305794834903585,3426
3100,1774305794836555735,1774305794839955021,3399
3101,1774305794841784318,1774305794845117781,3333
3102,1774305794846784328,1774305794850672587,3888
3103,1774305794852470141,1774305794856358779,3888
3104,1774305794858119170,1774305794861729260,3610
3105,1774305794863514149,1774305794867723018,4208
3106,1774305794869428245,1774305794873219149,3790
3107,1774305794874618181,1774305794877697209,3079
3108,1774305794879401986,1774305794883264410,3862
3109,1774305794884716366,1774305794888384525,3668
3110,1774305794889730808,1774305794893204432,3473
3111,1774305794894652083,1774305794898128068,3475
3112,1774305794899756334,1774305794903046141,3289
3113,1774305794904604847,1774305794908102154,3497
3114,1774305794909655292,1774305794912841580,3186
3115,1774305794914570913,1774305794918469590,3898
3116,1774305794920196460,1774305794924285252,4088
3117,1774305794925974824,1774305794929310324,3335
3118,1774305794931238440,1774305794935267335,4028
3119,1774305794936952425,1774305794940604104,3651
3120,1774305794942111111,1774305794946197702,4086
3121,1774305794947927190,1774305794951859949,3932
3122,1774305794953919039,1774305794957274355,3355
3123,1774305794958961328,1774305794963033504,4072
3124,1774305794965057788,1774305794968645436,3587
3125,1774305794970286773,1774305794973770518,3483
3126,1774305794975763177,1774305794979915349,4152
3127,1774305794981686388,1774305794985372758,3686
3128,1774305794987129278,1774305794991212076,4082
3129,1774305794993083978,1774305794997021317,3937
3130,1774305794998678058,1774305795002161074,3483
3131,1774305795003901879,1774305795007659188,3757
3132,1774305795009302493,1774305795013250847,3948
3133,1774305795014736485,1774305795017964928,3228
3134,1774305795019818480,1774305795024009207,4190
3135,1774305795025724340,1774305795028776359,3052
3136,1774305795030404485,1774305795033514320,3109
3137,1774305795035103294,1774305795038564718,3461
3138,1774305795040220154,1774305795044137286,3917
3139,1774305795045699481,1774305795049637392,3937
3140,1774305795051317133,1774305795055204083,3886
3141,1774305795057004729,1774305795061123771,4119
3142,1774305795062763367,1774305795066336855,3573
3143,1774305795068065428,1774305795072096858,4031
3144,1774305795073739770,1774305795077312274,3572
3145,1774305795079042004,1774305795082333854,3291
3146,1774305795084014363,1774305795088090018,4075
3147,1774305795089753731,1774305795093380056,3626
3148,1774305795095132184,1774305795099112616,3980
3149,1774305795101148042,1774305795105008244,3860
3150,1774305795106665458,1774305795110799027,4133
3151,1774305795112656908,1774305795116176125,3519
3152,1774305795117848807,1774305795121109744,3260
3153,1774305795123023321,1774305795127043237,4019
3154,1774305795128664847,1774305795132610397,3945
3155,1774305795134453517,1774305795137960230,3506
3156,1774305795139629074,1774305795143747147,4118
3157,1774305795145507700,1774305795149654924,4147
3158,1774305795151375061,1774305795155581574,4206
3159,1774305795157323523,1774305795161086120,3762
3160,1774305795162628271,1774305795166647874,4019
3161,1774305795168142351,1774305795172197682,4055
3162,1774305795173905903,1774305795177021396,3115
3163,1774305795178626926,1774305795182698685,4071
3164,1774305795184315981,1774305795187665902,3349
3165,1774305795189300534,1774305795193213839,3913
3166,1774305795195014742,1774305795198193378,3178
3167,1774305795199977200,1774305795203954195,3976
3168,1774305795205524182,1774305795209214102,3689
3169,1774305795210916403,1774305795214260181,3343
3170,1774305795215945358,1774305795219816699,3871
3171,1774305795221733332,1774305795225530728,3797
3172,1774305795227260088,1774305795231208333,3948
3173,1774305795233162568,1774305795237194535,4031
3174,1774305795238941071,1774305795242645458,3704
3175,1774305795244316747,1774305795248027757,3711
3176,1774305795249922720,1774305795253881291,3958
3177,1774305795255559386,1774305795259333289,3773
3178,1774305795261217511,1774305795264736979,3519
3179,1774305795266419678,1774305795270424737,4005
3180,1774305795272155268,1774305795276261654,4106
3181,1774305795278061703,1774305795282207871,4146
3182,1774305795283954635,1774305795287895697,3941
3183,1774305795289598433,1774305795293739862,4141
3184,1774305795295321397,1774305795299324890,4003
3185,1774305795300915440,1774305795304344672,3429
3186,1774305795305801937,1774305795309000319,3198
3187,1774305795310710701,1774305795314379659,3668
3188,1774305795316119911,1774305795319361748,3241
3189,1774305795320941388,1774305795324518170,3576
3190,1774305795326118895,1774305795329928999,3810
3191,1774305795331577175,1774305795335513276,3936
3192,1774305795337301571,1774305795341314058,4012
3193,1774305795343016353,1774305795346494421,3478
3194,1774305795348204128,1774305795351634198,3430
3195,1774305795353326531,1774305795357424604,4098
3196,1774305795359117633,1774305795362997483,3879
3197,1774305795365017552,1774305795369006538,3988
3198,1774305795370647908,1774305795374743032,4095
3199,1774305795376415267,1774305795380350522,3935
3200,1774305795382055252,1774305795386084602,4029
3201,1774305795387749141,1774305795391066043,3316
3202,1774305795392711426,1774305795395933324,3221
3203,1774305795397948195,1774305795402106205,4158
3204,1774305795403784585,1774305795407461407,3676
3205,1774305795409172971,1774305795413199219,4026
3206,1774305795414901230,1774305795418808795,3907
3207,1774305795420502317,1774305795423888370,3386
3208,1774305795425622893,1774305795429885709,4262
3209,1774305795431599153,1774305795435317287,3718
3210,1774305795436833889,1774305795440101263,3267
3211,1774305795441571484,1774305795444734805,3163
3212,1774305795446353964,1774305795450489552,4135
3213,1774305795452084121,1774305795455650802,3566
3214,1774305795457182980,1774305795460204691,3021
3215,1774305795461899522,1774305795465735237,3835
3216,1774305795467439434,1774305795471328819,3889
3217,1774305795473213798,1774305795476652982,3439
3218,1774305795478498085,1774305795482281493,3783
3219,1774305795484041587,1774305795487279032,3237
3220,1774305795489174982,1774305795492753125,3578
3221,1774305795494502761,1774305795498246699,3743
3222,1774305795499987838,1774305795503640656,3652
3223,1774305795505381054,1774305795509631876,4250
3224,1774305795511300645,1774305795515250348,3949
3225,1774305795516954329,1774305795520951602,3997
3226,1774305795522592216,1774305795526710081,4117
3227,1774305795528441601,1774305795532741465,4299
3228,1774305795534621762,1774305795537946930,3325
3229,1774305795539528573,1774305795543512476,3983
3230,1774305795545117231,1774305795548476395,3359
3231,1774305795550140191,1774305795554045380,3905
3232,1774305795555755664,1774305795558922905,3167
3233,1774305795560586868,1774305795563771847,3184
3234,1774305795565378332,1774305795568301792,2923
3235,1774305795569811589,1774305795573627224,3815
3236,1774305795575084692,1774305795578246051,3161
3237,1774305795579670066,1774305795583000625,3330
3238,1774305795584567431,1774305795587914815,3347
3239,1774305795589458611,1774305795592830587,3371
3240,1774305795594398479,1774305795597651601,3253
3241,1774305795599329639,1774305795603333482,4003
3242,1774305795605096661,1774305795608996331,3899
3243,1774305795610700913,1774305795613909181,3208
3244,1774305795615723067,1774305795618974535,3251
3245,1774305795620589153,1774305795624586495,3997
3246,1774305795626158141,1774305795629865740,3707
3247,1774305795631582560,1774305795635455562,3873
3248,1774305795637232226,1774305795641394888,4162
3249,1774305795643084309,1774305795646345227,3260
3250,1774305795647986842,1774305795651994947,4008
3251,1774305795653824456,1774305795657483488,3659
3252,1774305795659110559,1774305795663094058,3983
3253,1774305795664985851,1774305795668999129,4013
3254,1774305795670933934,1774305795674678138,3744
3255,1774305795676409046,1774305795680713130,4304
3256,1774305795682544008,1774305795686268383,3724
3257,1774305795687962495,1774305795691952567,3990
3258,1774305795693664126,1774305795697800579,4136
3259,1774305795699446283,1774305795702767942,3321
3260,1774305795704554990,1774305795707919620,3364
3261,1774305795709577797,1774305795713356240,3778
3262,1774305795714840304,1774305795718008464,3168
3263,1774305795719616659,1774305795723061360,3444
3264,1774305795724764899,1774305795728807509,4042
3265,1774305795730488188,1774305795734602201,4114
3266,1774305795736211701,1774305795740093990,3882
3267,1774305795741694962,1774305795745475321,3780
3268,1774305795747060392,1774305795750903274,3842
3269,1774305795752668366,1774305795755964638,3296
3270,1774305795757645520,1774305795761708458,4062
3271,1774305795763423960,1774305795767071284,3647
3272,1774305795768784183,1774305795772728326,3944
3273,1774305795774523048,1774305795778465303,3942
3274,1774305795780433347,1774305795784537611,4104
3275,1774305795786550565,1774305795790116216,3565
3276,1774305795791852255,1774305795795714789,3862
3277,1774305795797341261,1774305795800746688,3405
3278,1774305795802454402,1774305795806452015,3997
3279,1774305795808372163,1774305795812143518,3771
3280,1774305795813938234,1774305795817336314,3398
3281,1774305795819272196,1774305795823403294,4131
3282,1774305795825149655,1774305795828722649,3572
3283,1774305795830394597,1774305795834543152,4148
3284,1774305795836308403,1774305795840419757,4111
3285,1774305795842129598,1774305795846160130,4030
3286,1774305795847782220,1774305795850736150,2953
3287,1774305795852205155,1774305795855695283,3490
3288,1774305795857330854,1774305795861476104,4145
3289,1774305795863064922,1774305795866977945,3913
3290,1774305795868661511,1774305795872040665,3379
3291,1774305795873638264,1774305795877593919,3955
3292,1774305795879367907,1774305795883311844,3943
3293,1774305795885044974,1774305795889125167,4080
3294,1774305795890743814,1774305795894650464,3906
3295,1774305795896427985,1774305795900114904,3686
3296,1774305795901772282,1774305795905467318,3695
3297,1774305795907147923,1774305795911136480,3988
3298,1774305795913104808,1774305795916964181,3859
3299,1774305795918644574,1774305795922125788,3481
3300,1774305795924075550,1774305795927966509,3890
3301,1774305795929849892,1774305795933144124,3294
3302,1774305795934787495,1774305795939039801,4252
3303,1774305795940673619,1774305795944507480,3833
3304,1774305795946446725,1774305795950457769,4011
3305,1774305795952156357,1774305795956274969,4118
3306,1774305795958125999,1774305795961381759,3255
3307,1774305795963319814,1774305795967289888,3970
3308,1774305795969059493,1774305795973144857,4085
3309,1774305795974824534,1774305795978476786,3652
3310,1774305795979832561,1774305795983850953,4018
3311,1774305795985160604,1774305795989137375,3976
3312,1774305795990782479,1774305795994911661,4129
3313,1774305795996547613,1774305795999955849,3408
3314,1774305796001172918,1774305796004777311,3604
3315,1774305796006382953,1774305796010159039,3776
3316,1774305796011696582,1774305796014825446,3128
3317,1774305796016432049,1774305796019660019,3227
3318,1774305796021392740,1774305796025501561,4108
3319,1774305796027260594,1774305796030728593,3467
3320,1774305796032390851,1774305796036112091,3721
3321,1774305796037752077,1774305796041767486,4015
3322,1774305796043431454,1774305796047349120,3917
3323,1774305796049028943,1774305796053021934,3992
3324,1774305796054807381,1774305796058626792,3819
3325,1774305796060267496,1774305796064100373,3832
3326,1774305796065952772,1774305796069232787,3280
3327,1774305796070881997,1774305796074058700,3176
3328,1774305796075697285,1774305796079341913,3644
3329,1774305796081296666,1774305796085179835,3883
3330,1774305796086847919,1774305796090158456,3310
3331,1774305796092256913,1774305796096136881,3879
3332,1774305796097787184,1774305796101384815,3597
3333,1774305796103073580,1774305796106977497,3903
3334,1774305796108687487,1774305796111845198,3157
3335,1774305796113426080,1774305796117309873,3883
3336,1774305796119030592,1774305796123214101,4183
3337,1774305796124847900,1774305796128776702,3928
3338,1774305796130381123,1774305796133605229,3224
3339,1774305796135375364,1774305796138462481,3087
3340,1774305796140265819,1774305796144448151,4182
3341,1774305796146019821,1774305796149049053,3029
3342,1774305796150575155,1774305796153835274,3260
3343,1774305796155522814,1774305796159193826,3671
3344,1774305796160778066,1774305796164287144,3509
3345,1774305796166109552,1774305796169581578,3472
3346,1774305796171201716,1774305796175067061,3865
3347,1774305796176733492,1774305796180683121,3949
3348,1774305796182331215,1774305796186070704,3739
3349,1774305796187786377,1774305796191534533,3748
3350,1774305796193158800,1774305796197012136,3853
3351,1774305796198742286,1774305796202086602,3344
3352,1774305796203886966,1774305796207743197,3856
3353,1774305796209400994,1774305796212915859,3514
3354,1774305796214580776,1774305796218306020,3725
3355,1774305796220021986,1774305796224034967,4012
3356,1774305796225884024,1774305796229891990,4007
3357,1774305796231633871,1774305796235752916,4119
3358,1774305796237624517,1774305796241764225,4139
3359,1774305796243517290,1774305796247237025,3719
3360,1774305796248818509,1774305796252914805,4096
3361,1774305796254600372,1774305796258736312,4135
3362,1774305796260340751,1774305796263949604,3608
3363,1774305796265646418,1774305796268797071,3150
3364,1774305796270363128,1774305796273857171,3494
3365,1774305796275078446,1774305796277956245,2877
3366,1774305796279531151,1774305796282883242,3352
3367,1774305796284566840,1774305796288312857,3746
3368,1774305796289972576,1774305796293473131,3500
3369,1774305796295092560,1774305796299021002,3928
3370,1774305796300724862,1774305796304774611,4049
3371,1774305796306357251,1774305796310040883,3683
3372,1774305796311777215,1774305796315571281,3794
3373,1774305796317326827,1774305796321260905,3934
3374,1774305796323135868,1774305796326999255,3863
3375,1774305796328713180,1774305796332963673,4250
3376,1774305796334933814,1774305796338760510,3826
3377,1774305796340425269,1774305796343823683,3398
3378,1774305796345695568,1774305796348984391,3288
3379,1774305796350886565,1774305796354811497,3924
3380,1774305796356513889,1774305796360311595,3797
3381,1774305796362100494,1774305796365960867,3860
3382,1774305796367714028,1774305796371105743,3391
3383,1774305796372754362,1774305796376727117,3972
3384,1774305796378391792,1774305796381647492,3255
3385,1774305796383341740,1774305796387431676,4089
3386,1774305796389160678,1774305796392534222,3373
3387,1774305796394186910,1774305796398308814,4121
3388,1774305796399895598,1774305796403034859,3139
3389,1774305796404777386,1774305796408461823,3684
3390,1774305796409936627,1774305796413877966,3941
3391,1774305796415529780,1774305796418652092,3122
3392,1774305796420376929,1774305796424109931,3733
3393,1774305796425820698,1774305796428987814,3167
3394,1774305796430625278,1774305796434565118,3939
3395,1774305796436300194,1774305796440099401,3799
3396,1774305796441905611,1774305796445191972,3286
3397,1774305796446805419,1774305796450663029,3857
3398,1774305796452246325,1774305796456147795,3901
3399,1774305796457943669,1774305796461930747,3987
3400,1774305796463565547,1774305796467099182,3533
3401,1774305796468770863,1774305796472702358,3931
3402,1774305796474340416,1774305796478579226,4238
3403,1774305796480529122,1774305796484501746,3972
3404,1774305796486326404,1774305796490257572,3931
3405,1774305796491940597,1774305796495688440,3747
3406,1774305796497326815,1774305796501126107,3799
3407,1774305796503034965,1774305796506892245,3857
3408,1774305796508475849,1774305796512471278,3995
3409,1774305796514220688,1774305796517837961,3617
3410,1774305796519694152,1774305796523711952,4017
3411,1774305796525364416,1774305796528767270,3402
3412,1774305796530463410,1774305796533635216,3171
3413,1774305796534989809,1774305796539398392,4408
3414,1774305796540752700,1774305796544083738,3331
3415,1774305796545569424,1774305796548453334,2883
3416,1774305796550080855,1774305796552903318,2822
3417,1774305796554178289,1774305796557250920,3072
3418,1774305796558687107,1774305796562470074,3782
3419,1774305796564016744,1774305796567923392,3906
3420,1774305796569449000,1774305796573260002,3811
3421,1774305796574977783,1774305796578431319,3453
3422,1774305796580154294,1774305796584178607,4024
3423,1774305796585880855,1774305796588998913,3118
3424,1774305796590581952,1774305796594418156,3836
3425,1774305796596014739,1774305796599442158,3427
3426,1774305796601123954,1774305796604968349,3844
3427,1774305796606742065,1774305796610311510,3569
3428,1774305796612208426,1774305796616191483,3983
3429,1774305796617871955,1774305796621776346,3904
3430,1774305796623545874,1774305796626731665,3185
3431,1774305796628390319,1774305796632359638,3969
3432,1774305796634101085,1774305796637725416,3624
3433,1774305796639454266,1774305796643439237,3984
3434,1774305796645158202,1774305796648627402,3469
3435,1774305796650320062,1774305796654247932,3927
3436,1774305796656038080,1774305796660092566,4054
3437,1774305796661758950,1774305796665723846,3964
3438,1774305796667188566,1774305796671028401,3839
3439,1774305796672448996,1774305796675432538,2983
3440,1774305796676493207,1774305796680491504,3998
3441,1774305796682031725,1774305796685107249,3075
3442,1774305796686672498,1774305796689570285,2897
3443,1774305796691105532,1774305796694531935,3426
3444,1774305796696060974,1774305796699815511,3754
3445,1774305796701514802,1774305796705030124,3515
3446,1774305796706876077,1774305796710441248,3565
3447,1774305796712244883,1774305796716484318,4239
3448,1774305796718163412,1774305796722024729,3861
3449,1774305796723864713,1774305796727774492,3909
3450,1774305796729397482,1774305796732639625,3242
3451,1774305796734264516,1774305796738166407,3901
3452,1774305796739929388,1774305796743481918,3552
3453,1774305796745152146,1774305796749192400,4040
3454,1774305796750890255,1774305796754783692,3893
3455,1774305796756393560,1774305796760462494,4068
3456,1774305796762217728,1774305796766142124,3924
3457,1774305796767909229,1774305796771773305,3864
3458,1774305796773431644,1774305796777364650,3933
3459,1774305796779106323,1774305796782557774,3451
3460,1774305796784247945,1774305796788302431,4054
3461,1774305796790042600,1774305796793207898,3165
3462,1774305796794926183,1774305796798998169,4071
3463,1774305796800505621,1774305796803436274,2930
3464,1774305796805085139,1774305796809107855,4022
3465,1774305796810581985,1774305796814335383,3753
3466,1774305796816094252,1774305796819832887,3738
3467,1774305796821376779,1774305796825444846,4068
3468,1774305796826817580,1774305796829971735,3154
3469,1774305796831507067,1774305796835322030,3814
3470,1774305796836934590,1774305796840030157,3095
3471,1774305796841738055,1774305796845766247,4028
3472,1774305796847419592,1774305796851483832,4064
3473,1774305796853504987,1774305796856893720,3388
3474,1774305796858571012,1774305796862564703,3993
3475,1774305796864563225,1774305796868668013,4104
3476,1774305796870418059,1774305796874345644,3927
3477,1774305796876103457,1774305796880126842,4023
3478,1774305796881768229,1774305796885583649,3815
3479,1774305796887356450,1774305796890739063,3382
3480,1774305796892486592,1774305796896355876,3869
3481,1774305796898135910,1774305796901662688,3526
3482,1774305796903329272,1774305796907371822,4042
3483,1774305796909081237,1774305796913077931,3996
3484,1774305796914732457,1774305796918638475,3906
3485,1774305796920372712,1774305796923721579,3348
3486,1774305796925592867,1774305796929573117,3980
3487,1774305796931372312,1774305796935370900,3998
3488,1774305796937107837,1774305796940801533,3693
3489,1774305796942493145,1774305796946553171,4060
3490,1774305796948172389,1774305796951072717,2900
3491,1774305796952665560,1774305796956253794,3588
3492,1774305796957933299,1774305796961055188,3121
3493,1774305796962739205,1774305796966646586,3907
3494,1774305796968401517,1774305796972337474,3935
3495,1774305796974063094,1774305796978010545,3947
3496,1774305796979723447,1774305796983530967,3807
3497,1774305796985454851,1774305796989425990,3971
3498,1774305796991181258,1774305796995182037,4000
3499,1774305796997136691,1774305797000959263,3822
3500,1774305797002728800,1774305797006649933,3921
3501,1774305797008353557,1774305797011843912,3490
3502,1774305797013579578,1774305797017535237,3955
3503,1774305797019178573,1774305797023037745,3859
3504,1774305797024679031,1774305797028426883,3747
3505,1774305797030158920,1774305797034542906,4383
3506,1774305797036215539,1774305797040146765,3931
3507,1774305797041833986,1774305797045600416,3766
3508,1774305797047430669,1774305797051243408,3812
3509,1774305797052950835,1774305797056402686,3451
3510,1774305797058056935,1774305797062124356,4067
3511,1774305797063903328,1774305797067915602,4012
3512,1774305797069606938,1774305797072842114,3235
3513,1774305797074624000,1774305797078759609,4135
3514,1774305797080412031,1774305797083969275,3557
3515,1774305797085612680,1774305797089589349,3976
3516,1774305797091005441,1774305797094762966,3757
3517,1774305797096190866,1774305797100375647,4184
3518,1774305797102027645,1774305797105991520,3963
3519,1774305797107721851,1774305797110951535,3229
3520,1774305797112563039,1774305797116495194,3932
3521,1774305797118252826,1774305797122000483,3747
3522,1774305797123638637,1774305797127761919,4123
3523,1774305797129418403,1774305797132727651,3309
3524,1774305797134524328,1774305797138462528,3938
3525,1774305797140118933,1774305797143919523,3800
3526,1774305797145628157,1774305797149499805,3871
3527,1774305797151171586,1774305797155184849,4013
3528,1774305797156816269,1774305797160552231,3735
3529,1774305797162240081,1774305797165739262,3499
3530,1774305797167497991,1774305797171011379,3513
3531,1774305797172671034,1774305797176763246,4092
3532,1774305797178486353,1774305797182247070,3760
3533,1774305797184021314,1774305797187977974,3956
3534,1774305797189901883,1774305797193105189,3203
3535,1774305797194750740,1774305797198633484,3882
3536,1774305797200279996,1774305797204261338,3981
3537,1774305797205687654,1774305797209793841,4106
3538,1774305797211401479,1774305797215679076,4277
3539,1774305797217298420,1774305797221121208,3822
3540,1774305797222491772,1774305797225647065,3155
3541,1774305797227416334,1774305797230509815,3093
3542,1774305797232112142,1774305797234896068,2783
3543,1774305797236563366,1774305797240513837,3950
3544,1774305797242065298,1774305797245088356,3023
3545,1774305797246635571,1774305797250520764,3885
3546,1774305797252178158,1774305797255936306,3758
3547,1774305797257654731,1774305797261168633,3513
3548,1774305797262910431,1774305797266492361,3581
3549,1774305797268351992,1774305797272480965,4128
3550,1774305797274177067,1774305797278090918,3913
3551,1774305797279748064,1774305797283777436,4029
3552,1774305797285525930,1774305797289788156,4262
3553,1774305797291428649,1774305797295350992,3922
3554,1774305797296981542,1774305797300898230,3916
3555,1774305797302573385,1774305797306516432,3943
3556,1774305797308435840,1774305797312320276,3884
3557,1774305797314306074,1774305797318548042,4241
3558,1774305797320275463,1774305797324127955,3852
3559,1774305797325965953,1774305797329331858,3365
3560,1774305797331047174,1774305797334952550,3905
3561,1774305797336670558,1774305797340408597,3738
3562,1774305797342036099,1774305797346164790,4128
3563,1774305797350037081,1774305797354309185,4272
3564,1774305797355941670,1774305797359524516,3582
3565,1774305797361144071,1774305797364643793,3499
3566,1774305797366089536,1774305797368965664,2876
3567,1774305797370563234,1774305797374597255,4034
3568,1774305797376380727,1774305797380397628,4016
3569,1774305797382094080,1774305797386015883,3921
3570,1774305797387680168,1774305797391659042,3978
3571,1774305797393301320,1774305797397173574,3872
3572,1774305797398825614,1774305797402606523,3780
3573,1774305797404173919,1774305797407951704,3777
3574,1774305797409683708,1774305797412888143,3204
3575,1774305797414509771,1774305797418179925,3670
3576,1774305797419799895,1774305797423079683,3279
3577,1774305797424702164,1774305797428270066,3567
3578,1774305797429855508,1774305797433680216,3824
3579,1774305797435292583,1774305797438737178,3444
3580,1774305797440470721,1774305797444179368,3708
3581,1774305797445648766,1774305797449312878,3664
3582,1774305797450859317,1774305797453951703,3092
3583,1774305797455633869,1774305797458741030,3107
3584,1774305797460373409,1774305797463894179,3520
3585,1774305797465511445,1774305797468960681,3449
3586,1774305797470596937,1774305797474513324,3916
3587,1774305797476222030,1774305797480252140,4030
3588,1774305797481973938,1774305797486267752,4293
3589,1774305797487894926,1774305797491934308,4039
3590,1774305797493290149,1774305797496353654,3063
3591,1774305797497885105,1774305797501595912,3710
3592,1774305797503315927,1774305797506453431,3137
3593,1774305797507972645,1774305797511472768,3500
3594,1774305797513038957,1774305797515954029,2915
3595,1774305797517514783,1774305797520775440,3260
3596,1774305797522666777,1774305797526667046,4000
3597,1774305797528200610,1774305797531743459,3542
3598,1774305797533463837,1774305797537407114,3943
3599,1774305797539281280,1774305797542472536,3191
3600,1774305797544045506,1774305797547161056,3115
3601,1774305797548726689,1774305797552596831,3870
3602,1774305797554135234,1774305797557620096,3484
3603,1774305797559268153,1774305797563219981,3951
3604,1774305797564916441,1774305797568138290,3221
3605,1774305797569923568,1774305797573121914,3198
3606,1774305797574755542,1774305797578607243,3851
3607,1774305797580376142,1774305797584379922,4003
3608,1774305797586056288,1774305797589852190,3795
3609,1774305797591579130,1774305797595496091,3916
3610,1774305797597407556,1774305797601230539,3822
3611,1774305797603003987,1774305797606647188,3643
3612,1774305797608369557,1774305797612324074,3954
3613,1774305797614057083,1774305797618092477,4035
3614,1774305797619758649,1774305797623847343,4088
3615,1774305797625444841,1774305797628802991,3358
3616,1774305797630457118,1774305797634029461,3572
3617,1774305797635670910,1774305797639680869,4009
3618,1774305797641314629,1774305797644779956,3465
3619,1774305797646349118,1774305797649535652,3186
3620,1774305797651102582,1774305797654629696,3527
3621,1774305797656296973,1774305797660066089,3769
3622,1774305797661766167,1774305797664945785,3179
3623,1774305797666598028,1774305797670725956,4127
3624,1774305797672398981,1774305797676055649,3656
3625,1774305797677718845,1774305797681015233,3296
3626,1774305797682645732,1774305797686507881,3862
3627,1774305797688288121,1774305797691727760,3439
3628,1774305797693435364,1774305797697325226,3889
3629,1774305797699163667,1774305797703025683,3862
3630,1774305797704846409,1774305797707984648,3138
3631,1774305797709579591,1774305797712815951,3236
3632,1774305797714647699,1774305797717968473,3320
3633,1774305797719636879,1774305797723726737,4089
3634,1774305797725471104,1774305797729760247,4289
3635,1774305797731594692,1774305797735630782,4036
3636,1774305797737438912,1774305797741626724,4187
3637,1774305797743162689,1774305797747221722,4059
3638,1774305797748872675,1774305797752161385,3288
3639,1774305797753860766,1774305797758019882,4159
3640,1774305797759631977,1774305797763414100,3782
3641,1774305797765171340,1774305797769308894,4137
3642,1774305797771021547,1774305797775075747,4054
3643,1774305797776689083,1774305797780023528,3334
3644,1774305797781749132,1774305797784723460,2974
3645,1774305797786356842,1774305797790152876,3796
3646,1774305797791808940,1774305797794992131,3183
3647,1774305797796587743,1774305797799976559,3388
3648,1774305797801751578,1774305797805065562,3313
3649,1774305797806659221,1774305797810667839,4008
3650,1774305797812301494,1774305797816184301,3882
3651,1774305797817862418,1774305797821454957,3592
3652,1774305797823319009,1774305797827493000,4173
3653,1774305797829304208,1774305797833157890,3853
3654,1774305797835043574,1774305797838944554,3900
3655,1774305797840637878,1774305797844046798,3408
3656,1774305797846058323,1774305797850014096,3955
3657,1774305797851607715,1774305797854907258,3299
3658,1774305797856554432,1774305797860025494,3471
3659,1774305797861662178,1774305797865042229,3380
3660,1774305797866769536,1774305797870830423,4060
3661,1774305797872500384,1774305797876305040,3804
3662,1774305797877931311,1774305797881874158,3942
3663,1774305797883680549,1774305797887136167,3455
3664,1774305797888813907,1774305797892828851,4014
3665,1774305797894530958,1774305797898386788,3855
3666,1774305797900062020,1774305797903177512,3115
3667,1774305797904782280,1774305797908086799,3304
3668,1774305797909716689,1774305797912998303,3281
3669,1774305797914590985,1774305797918838617,4247
3670,1774305797920525738,1774305797924153777,3628
3671,1774305797925794472,1774305797929684558,3890
3672,1774305797931234175,1774305797934376988,3142
3673,1774305797935947627,1774305797939802285,3854
3674,1774305797941464914,1774305797945257861,3792
3675,1774305797946894970,1774305797950785738,3890
3676,1774305797952412692,1774305797955623888,3211
3677,1774305797957335841,1774305797961260519,3924
3678,1774305797962952734,1774305797966759129,3806
3679,1774305797968517592,1774305797972378916,3861
3680,1774305797974070648,1774305797977970749,3900
3681,1774305797979725769,1774305797983150593,3424
3682,1774305797984800162,1774305797988775089,3974
3683,1774305797990427399,1774305797994309144,3881
3684,1774305797996032682,1774305797999953464,3920
3685,1774305798001780623,1774305798005040860,3260
3686,1774305798006920187,1774305798010793620,3873
3687,1774305798012399627,1774305798015820791,3421
3688,1774305798017548509,1774305798020932853,3384
3689,1774305798022512521,1774305798026596093,4083
3690,1774305798028474924,1774305798032365668,3890
3691,1774305798033928182,1774305798037583488,3655
3692,1774305798039354471,1774305798043734084,4379
3693,1774305798045428251,1774305798049742628,4314
3694,1774305798051054961,1774305798054050829,2995
3695,1774305798055505441,1774305798059525288,4019
3696,1774305798060935769,1774305798064307767,3371
3697,1774305798065968677,1774305798069097716,3129
3698,1774305798070618095,1774305798074514586,3896
3699,1774305798076051976,1774305798080008498,3956
3700,1774305798081669593,1774305798085555280,3885
3701,1774305798087429265,1774305798090755851,3326
3702,1774305798092544027,1774305798096412864,3868
3703,1774305798098129403,1774305798101944100,3814
3704,1774305798103790104,1774305798107618219,3828
3705,1774305798109269390,1774305798113143912,3874
3706,1774305798115084386,1774305798118858491,3774
3707,1774305798120504908,1774305798124330755,3825
3708,1774305798126240509,1774305798130001106,3760
3709,1774305798131674096,1774305798135349802,3675
3710,1774305798137183362,1774305798141268381,4085
3711,1774305798142949147,1774305798146751803,3802
3712,1774305798148489685,1774305798152469381,3979
3713,1774305798154172467,1774305798158160843,3988
3714,1774305798159786947,1774305798163441746,3654
3715,1774305798165190437,1774305798169353138,4162
3716,1774305798171025335,1774305798175071001,4045
3717,1774305798176634728,1774305798180747702,4112
3718,1774305798182410640,1774305798186435562,4024
3719,1774305798188121926,1774305798191684394,3562
3720,1774305798193281311,1774305798197262968,3981
3721,1774305798199017506,1774305798203145049,4127
3722,1774305798204688757,1774305798207929567,3240
3723,1774305798209692883,1774305798212982152,3289
3724,1774305798214721402,1774305798218637325,3915
3725,1774305798220273885,1774305798224257542,3983
3726,1774305798225881028,1774305798229562223,3681
3727,1774305798231298076,1774305798234865987,3567
3728,1774305798236733510,1774305798240736576,4003
3729,1774305798242378683,1774305798246312254,3933
3730,1774305798248028451,1774305798251990962,3962
3731,1774305798253597624,1774305798257329272,3731
3732,1774305798259244092,1774305798263181649,3937
3733,1774305798265116362,1774305798269166231,4049
3734,1774305798270988465,1774305798274548571,3560
3735,1774305798276367951,1774305798280531846,4163
3736,1774305798282324154,1774305798286162039,3837
3737,1774305798287944623,1774305798292274733,4330
3738,1774305798294217900,1774305798297934935,3717
3739,1774305798299604566,1774305798303563522,3958
3740,1774305798305205719,1774305798309592614,4386
3741,1774305798311494779,1774305798315628088,4133
3742,1774305798317433646,1774305798320882579,3448
3743,1774305798322598394,1774305798326515582,3917
3744,1774305798328018501,1774305798330967803,2949
3745,1774305798332576006,1774305798335489713,2913
3746,1774305798336895433,1774305798339813677,2918
3747,1774305798341451783,1774305798345419435,3967
3748,1774305798347004081,1774305798351004449,4000
3749,1774305798352716494,1774305798355993431,3276
3750,1774305798357725213,1774305798361019622,3294
3751,1774305798362650811,1774305798366699343,4048
3752,1774305798368312229,1774305798371624261,3312
3753,1774305798373388281,1774305798377477082,4088
3754,1774305798379147964,1774305798382652950,3504
3755,1774305798384422787,1774305798388355532,3932
3756,1774305798390220536,1774305798394130053,3909
3757,1774305798395927604,1774305798399413413,3485
3758,1774305798401059444,1774305798404655710,3596
3759,1774305798406453462,1774305798410000079,3546
3760,1774305798411788902,1774305798415487341,3698
3761,1774305798417173279,1774305798420954702,3781
3762,1774305798422754233,1774305798426774025,4019
3763,1774305798428533861,1774305798431958249,3424
3764,1774305798433624048,1774305798436971291,3347
3765,1774305798438722278,1774305798442833852,4111
3766,1774305798444402710,1774305798447856870,3454
3767,1774305798449485772,1774305798452778097,3292
3768,1774305798454435276,1774305798457565392,3130
3769,1774305798459290745,1774305798463073679,3782
3770,1774305798464558458,1774305798468676640,4118
3771,1774305798470301284,1774305798473652317,3351
3772,1774305798475256459,1774305798479080248,3823
3773,1774305798480735546,1774305798484198066,3462
3774,1774305798485937165,1774305798490021697,4084
3775,1774305798491696523,1774305798495642107,3945
3776,1774305798497486340,1774305798500917341,3431
3777,1774305798502576835,1774305798505930688,3353
3778,1774305798507595938,1774305798510854641,3258
3779,1774305798512503991,1774305798516482122,3978
3780,1774305798518141020,1774305798521979215,3838
3781,1774305798523705082,1774305798527686987,3981
3782,1774305798529309292,1774305798532573343,3264
3783,1774305798534154920,1774305798538295345,4140
3784,1774305798540171637,1774305798544721165,4549
3785,1774305798546382614,1774305798550675450,4292
3786,1774305798552399631,1774305798556420684,4021
3787,1774305798558022669,1774305798561804543,3781
3788,1774305798563419437,1774305798567321381,3901
3789,1774305798568943769,1774305798572872206,3928
3790,1774305798574503805,1774305798577747351,3243
3791,1774305798579215755,1774305798583329439,4113
3792,1774305798584992646,1774305798588818471,3825
3793,1774305798590432762,1774305798593932061,3499
3794,1774305798595411307,1774305798598599843,3188
3795,1774305798600258542,1774305798604407858,4149
3796,1774305798606017851,1774305798610183782,4165
3797,1774305798611792336,1774305798615063999,3271
3798,1774305798616636585,1774305798620658371,4021
3799,1774305798622321634,1774305798625721558,3399
3800,1774305798627347677,1774305798631141572,3793
3801,1774305798632761928,1774305798636736949,3975
3802,1774305798638499721,1774305798641811017,3311
3803,1774305798643436378,1774305798647419899,3983
3804,1774305798649125535,1774305798653070052,3944
3805,1774305798654703802,1774305798658629965,3926
3806,1774305798660275194,1774305798663739399,3464
3807,1774305798665589390,1774305798669600338,4010
3808,1774305798671461922,1774305798675098796,3636
3809,1774305798676822810,1774305798680817268,3994
3810,1774305798682484949,1774305798686255075,3770
3811,1774305798687889104,1774305798691486952,3597
3812,1774305798693180699,1774305798697263259,4082
3813,1774305798698873797,1774305798702654496,3780
3814,1774305798704248347,1774305798707562199,3313
3815,1774305798709160346,1774305798713065104,3904
3816,1774305798714803231,1774305798718443353,3640
3817,1774305798720036628,1774305798723188538,3151
3818,1774305798724975881,1774305798728126397,3150
3819,1774305798729799788,1774305798732729091,2929
3820,1774305798734260644,1774305798737575516,3314
3821,1774305798739222454,1774305798742597393,3374
3822,1774305798744146149,1774305798748087800,3941
3823,1774305798749808540,1774305798753795496,3986
3824,1774305798755474178,1774305798759298630,3824
3825,1774305798760931767,1774305798764075860,3144
3826,1774305798765748945,1774305798769046350,3297
3827,1774305798770644320,1774305798773968479,3324
3828,1774305798775599394,1774305798779250080,3650
3829,1774305798780850644,1774305798784705601,3854
3830,1774305798786310361,1774305798790144860,3834
3831,1774305798791846218,1774305798795987296,4141
3832,1774305798797688763,1774305798801651793,3963
3833,1774305798803428772,1774305798807457066,4028
3834,1774305798809257474,1774305798813208220,3950
3835,1774305798815053743,1774305798818477522,3423
3836,1774305798820166289,1774305798823799588,3633
3837,1774305798825467594,1774305798829183398,3715
3838,1774305798830877628,1774305798834514802,3637
3839,1774305798836276307,1774305798840350622,4074
3840,1774305798842117749,1774305798846120157,4002
3841,1774305798847842008,1774305798851794784,3952
3842,1774305798853419493,1774305798857359804,3940
3843,1774305798858978671,1774305798862095390,3116
3844,1774305798863571760,1774305798867247306,3675
3845,1774305798868957915,1774305798872455038,3497
3846,1774305798874102200,1774305798877377337,3275
3847,1774305798878807859,1774305798881954361,3146
3848,1774305798883506508,1774305798886601761,3095
3849,1774305798888127132,1774305798892214218,4087
3850,1774305798893791448,1774305798897011462,3220
3851,1774305798898583004,1774305798901933867,3350
3852,1774305798903551527,1774305798906999768,3448
3853,1774305798908565984,1774305798912761978,4195
3854,1774305798914529113,1774305798918273743,3744
3855,1774305798920105902,1774305798924271485,4165
3856,1774305798926032095,1774305798929798967,3766
3857,1774305798931929827,1774305798935589325,3659
3858,1774305798937370102,1774305798941522521,4152
3859,1774305798943419064,1774305798947658918,4239
3860,1774305798949403208,1774305798953405651,4002
3861,1774305798955184009,1774305798959537155,4353
3862,1774305798961202667,1774305798965176851,3974
3863,1774305798966948828,1774305798970206111,3257
3864,1774305798972000991,1774305798975921948,3920
3865,1774305798977832596,1774305798981107590,3274
3866,1774305798982745949,1774305798986131494,3385
3867,1774305798987816307,1774305798990962209,3145
3868,1774305798992602844,1774305798995878038,3275
3869,1774305798997498621,1774305799001573505,4074
3870,1774305799003228058,1774305799006655756,3427
3871,1774305799008077067,1774305799011529614,3452
3872,1774305799013265980,1774305799016099515,2833
3873,1774305799017608705,1774305799021041119,3432
3874,1774305799022704515,1774305799026424646,3720
3875,1774305799027991739,1774305799031667535,3675
3876,1774305799033434811,1774305799037538709,4103
3877,1774305799039065986,1774305799042809522,3743
3878,1774305799044670354,1774305799047940113,3269
3879,1774305799049747461,1774305799053705138,3957
3880,1774305799055411285,1774305799058733462,3322
3881,1774305799060330296,1774305799064286699,3956
3882,1774305799065919628,1774305799069092290,3172
3883,1774305799070922554,1774305799074174587,3252
3884,1774305799076033100,1774305799079987495,3954
3885,1774305799081771856,1774305799085490522,3718
3886,1774305799087186163,1774305799091142585,3956
3887,1774305799093130704,1774305799096894799,3764
3888,1774305799098558475,1774305799102449428,3890
3889,1774305799104380719,1774305799108316090,3935
3890,1774305799110039984,1774305799113866828,3826
3891,1774305799115985649,1774305799119559166,3573
3892,1774305799121377955,1774305799125598137,4220
3893,1774305799127467786,1774305799131556189,4088
3894,1774305799133321734,1774305799137357444,4035
3895,1774305799139012796,1774305799142249791,3236
3896,1774305799143944845,1774305799147975099,4030
3897,1774305799149458437,1774305799152399199,2940
3898,1774305799154031399,1774305799157772764,3741
3899,1774305799159424869,1774305799163550902,4126
3900,1774305799164998101,1774305799168578946,3580
3901,1774305799170266972,1774305799174132635,3865
3902,1774305799175759368,1774305799178961905,3202
3903,1774305799180640882,1774305799184559125,3918
3904,1774305799186209444,1774305799189995029,3785
3905,1774305799191905977,1774305799195694089,3788
3906,1774305799197314495,1774305799200699037,3384
3907,1774305799202537851,1774305799205960034,3422
3908,1774305799207579281,1774305799211543096,3963
3909,1774305799213376781,1774305799216915819,3539
3910,1774305799218573192,1774305799222579681,4006
3911,1774305799224462293,1774305799228358966,3896
3912,1774305799230074704,1774305799234198897,4124
3913,1774305799235922624,1774305799239299946,3377
3914,1774305799241041696,1774305799245078139,4036
3915,1774305799246746577,1774305799250363054,3616
3916,1774305799252108964,1774305799256049184,3940
3917,1774305799257772059,1774305799261815640,4043
3918,1774305799263605035,1774305799267068622,3463
3919,1774305799268748111,1774305799272505618,3757
3920,1774305799274180836,1774305799277637022,3456
3921,1774305799279349487,1774305799282712530,3363
3922,1774305799284335858,1774305799288700201,4364
3923,1774305799290362013,1774305799294542359,4180
3924,1774305799296173376,1774305799299468273,3294
3925,1774305799300889317,1774305799304053259,3163
3926,1774305799305611893,1774305799308635708,3023
3927,1774305799310282226,1774305799313579222,3296
3928,1774305799315290355,1774305799319090112,3799
3929,1774305799320834075,1774305799324741275,3907
3930,1774305799326415220,1774305799330338965,3923
3931,1774305799332043741,1774305799336155722,4111
3932,1774305799337801513,1774305799340954896,3153
3933,1774305799342618362,1774305799346415106,3796
3934,1774305799348323481,1774305799352117516,3794
3935,1774305799353759491,1774305799357770484,4010
3936,1774305799359465161,1774305799363363282,3898
3937,1774305799365087212,1774305799368963160,3875
3938,1774305799370625717,1774305799373899382,3273
3939,1774305799375546424,1774305799379625142,4078
3940,1774305799381425324,1774305799385188155,3762
3941,1774305799387129043,1774305799391451263,4322
3942,1774305799393325076,1774305799397150099,3825
3943,1774305799398970286,1774305799402138475,3168
3944,1774305799403927161,1774305799407092143,3164
3945,1774305799408581013,1774305799412249971,3668
3946,1774305799413922071,1774305799417502893,3580
3947,1774305799419046608,1774305799423288019,4241
3948,1774305799425087382,1774305799428655495,3568
3949,1774305799430344802,1774305799434373375,4028
3950,1774305799435826870,1774305799439770277,3943
3951,1774305799441332454,1774305799445131754,3799
3952,1774305799446625871,1774305799449762127,3136
3953,1774305799451310428,1774305799454689053,3378
3954,1774305799456239764,1774305799460056168,3816
3955,1774305799461689456,1774305799465658235,3968
3956,1774305799467290360,1774305799471338802,4048
3957,1774305799472973964,1774305799476841329,3867
3958,1774305799478607799,1774305799482317331,3709
3959,1774305799484174880,1774305799488149542,3974
3960,1774305799489847827,1774305799493048051,3200
3961,1774305799494627854,1774305799497892958,3265
3962,1774305799499499101,1774305799503620641,4121
3963,1774305799505442089,1774305799509181837,3739
3964,1774305799510848401,1774305799514752098,3903
3965,1774305799516750560,1774305799520753835,4003
3966,1774305799522402811,1774305799526610277,4207
3967,1774305799528604078,1774305799532166859,3562
3968,1774305799534144931,1774305799538152132,4007
3969,1774305799540188497,1774305799543481480,3292
3970,1774305799545173050,1774305799548201158,3028
3971,1774305799549843698,1774305799552795865,2952
3972,1774305799554345273,1774305799557416259,3070
3973,1774305799558867321,1774305799561940326,3073
3974,1774305799563372895,1774305799566693393,3320
3975,1774305799568331804,1774305799571132419,2800
3976,1774305799572617112,1774305799575516837,2899
3977,1774305799577104462,1774305799581029245,3924
3978,1774305799582489340,1774305799586158326,3668
3979,1774305799587845064,1774305799591692362,3847
3980,1774305799593336056,1774305799597117580,3781
3981,1774305799598767680,1774305799602436155,3668
3982,1774305799604076838,1774305799607830418,3753
3983,1774305799609526647,1774305799613029396,3502
3984,1774305799614683724,1774305799618527697,3843
3985,1774305799620540855,1774305799624052022,3511
3986,1774305799625930271,1774305799629292743,3362
3987,1774305799630968436,1774305799634549944,3581
3988,1774305799636357359,1774305799639793951,3436
3989,1774305799641443418,1774305799644765066,3321
3990,1774305799646532242,1774305799649955375,3423
3991,1774305799651615462,1774305799655546542,3931
3992,1774305799657336159,1774305799660972505,3636
3993,1774305799662894325,1774305799666862893,3968
3994,1774305799668624270,1774305799672604790,3980
3995,1774305799674353848,1774305799678299825,3945
3996,1774305799679977096,1774305799683946714,3969
3997,1774305799685509977,1774305799688941054,3431
3998,1774305799690570737,1774305799693514426,2943
3999,1774305799694963833,1774305799697925901,2962
4000,1774305799699685166,1774305799703658149,3972
4001,1774305799705147890,1774305799708806052,3658
4002,1774305799710394426,1774305799713405272,3010
4003,1774305799715140626,1774305799718703922,3563
4004,1774305799720289677,1774305799724263731,3974
4005,1774305799725902614,1774305799729703279,3800
4006,1774305799731338270,1774305799735126431,3788
4007,1774305799736779125,1774305799740540629,3761
4008,1774305799742142251,1774305799746010923,3868
4009,1774305799747701425,1774305799751433970,3732
4010,1774305799753097480,1774305799756017139,2919
4011,1774305799757807147,1774305799761733959,3926
4012,1774305799763369668,1774305799767480711,4111
4013,1774305799769178456,1774305799773276908,4098
4014,1774305799775056605,1774305799778800429,3743
4015,1774305799780459589,1774305799783905906,3446
4016,1774305799785576424,1774305799789640578,4064
4017,1774305799791478749,1774305799795415335,3936
4018,1774305799797251047,1774305799801261491,4010
4019,1774305799803109241,1774305799806941981,3832
4020,1774305799808638241,1774305799812112975,3474
4021,1774305799813837868,1774305799817963457,4125
4022,1774305799819550529,1774305799822687455,3136
4023,1774305799824302524,1774305799828376738,4074
4024,1774305799829967242,1774305799833910502,3943
4025,1774305799835362103,1774305799838581208,3219
4026,1774305799840291508,1774305799844016156,3724
4027,1774305799845566990,1774305799848870994,3304
4028,1774305799850546499,1774305799853701799,3155
4029,1774305799855447458,1774305799858728723,3281
4030,1774305799860454569,1774305799864209959,3755
4031,1774305799865839952,1774305799869668791,3828
4032,1774305799871298103,1774305799875311556,4013
4033,1774305799876938322,1774305799880851462,3913
4034,1774305799882474096,1774305799886228829,3754
4035,1774305799887943934,1774305799891206454,3262
4036,1774305799893022611,1774305799896824649,3802
4037,1774305799898584853,1774305799902278012,3693
4038,1774305799904037140,1774305799907188839,3151
4039,1774305799908894054,1774305799912525256,3631
4040,1774305799914402205,1774305799917887302,3485
4041,1774305799919561310,1774305799923478405,3917
4042,1774305799925297943,1774305799929420282,4122
4043,1774305799931106219,1774305799934999506,3893
4044,1774305799936691951,1774305799940012855,3320
4045,1774305799941814855,1774305799945684576,3869
4046,1774305799947489758,1774305799951583278,4093
4047,1774305799953315202,1774305799956219380,2904
4048,1774305799957757870,1774305799961524070,3766
4049,1774305799963198215,1774305799966682631,3484
4050,1774305799968338582,1774305799971550269,3211
4051,1774305799973127606,1774305799976125871,2998
4052,1774305799977884571,1774305799981866961,3982
4053,1774305799983468511,1774305799987470744,4002
4054,1774305799989074988,1774305799993037502,3962
4055,1774305799994692239,1774305799998079857,3387
4056,1774305799999730544,1774305800003016391,3285
4057,1774305800004613539,1774305800008497583,3884
4058,1774305800010280565,1774305800013780316,3499
4059,1774305800015450373,1774305800019328303,3877
4060,1774305800021086676,1774305800025068982,3982
4061,1774305800026705343,1774305800030572163,3866
4062,1774305800032262984,1774305800036351729,4088
4063,1774305800038365355,1774305800042181251,3815
4064,1774305800044058435,1774305800047926002,3867
4065,1774305800049722553,1774305800053828454,4105
4066,1774305800055566402,1774305800058942623,3376
4067,1774305800060603698,1774305800064042652,3438
4068,1774305800065673109,1774305800069734857,4061
4069,1774305800071435393,1774305800075714960,4279
4070,1774305800077616233,1774305800081121873,3505
4071,1774305800082987879,1774305800086563673,3575
4072,1774305800088300545,1774305800092543693,4243
4073,1774305800094279779,1774305800097827951,3548
4074,1774305800099472834,1774305800102933654,3460
4075,1774305800104505226,1774305800108272340,3767
4076,1774305800109972769,1774305800113918123,3945
4077,1774305800115539494,1774305800118931468,3391
4078,1774305800120440143,1774305800124585698,4145
4079,1774305800126112199,1774305800129852702,3740
4080,1774305800131546013,1774305800135490239,3944
4081,1774305800137158461,1774305800140997866,3839
4082,1774305800142576537,1774305800146615044,4038
4083,1774305800148337873,1774305800152335475,3997
4084,1774305800154254747,1774305800158437223,4182
4085,1774305800160119352,1774305800163943529,3824
4086,1774305800165650300,1774305800168859487,3209
4087,1774305800170608635,1774305800174535977,3927
4088,1774305800176350240,1774305800179912670,3562
4089,1774305800181592343,1774305800185505087,3912
4090,1774305800187173508,1774305800191122589,3949
4091,1774305800192778824,1774305800196474724,3695
4092,1774305800198155109,1774305800201837370,3682
4093,1774305800203793489,1774305800207990212,4196
4094,1774305800209685092,1774305800212980118,3295
4095,1774305800214658396,1774305800218023678,3365
4096,1774305800219684497,1774305800223885956,4201
4097,1774305800225633389,1774305800229437364,3803
4098,1774305800231129459,1774305800235310330,4180
4099,1774305800237001146,1774305800240127816,3126
4100,1774305800241658700,1774305800244990754,3332
4101,1774305800246669445,1774305800250542125,3872
4102,1774305800252258839,1774305800255811464,3552
4103,1774305800257450886,1774305800260795032,3344
4104,1774305800262514469,1774305800266153477,3639
4105,1774305800267867145,1774305800271906499,4039
4106,1774305800273691950,1774305800277694177,4002
4107,1774305800279338591,1774305800282663773,3325
4108,1774305800284422889,1774305800288503034,4080
4109,1774305800290151901,1774305800293695506,3543
4110,1774305800295439575,1774305800299088776,3649
4111,1774305800300745788,1774305800304717457,3971
4112,1774305800306373476,1774305800309934441,3560
4113,1774305800311632316,1774305800315107355,3475
4114,1774305800316875977,1774305800320768164,3892
4115,1774305800322631575,1774305800326389467,3757
4116,1774305800328171094,1774305800332519324,4348
4117,1774305800334431135,1774305800338681469,4250
4118,1774305800340487127,1774305800344589717,4102
4119,1774305800346540919,1774305800350560612,4019
4120,1774305800352310746,1774305800356184879,3874
4121,1774305800357974369,1774305800361385394,3411
4122,1774305800363136682,1774305800367309685,4173
4123,1774305800368996203,1774305800372562634,3566
4124,1774305800374246737,1774305800378295480,4048
4125,1774305800379924694,1774305800382899156,2974
4126,1774305800384274854,1774305800387909224,3634
4127,1774305800389593320,1774305800392886965,3293
4128,1774305800394318569,1774305800397674823,3356
4129,1774305800399363466,1774305800402583656,3220
4130,1774305800404101278,1774305800407891832,3790
4131,1774305800409487414,1774305800413391689,3904
4132,1774305800415047646,1774305800418571431,3523
4133,1774305800420365316,1774305800424467390,4102
4134,1774305800426194232,1774305800429785944,3591
4135,1774305800431493016,1774305800435355513,3862
4136,1774305800436950001,1774305800440499234,3549
4137,1774305800442245287,1774305800446358231,4112
4138,1774305800448057870,1774305800451766991,3709
4139,1774305800453404184,1774305800456644197,3240
4140,1774305800458371747,1774305800462283001,3911
4141,1774305800463998848,1774305800467196409,3197
4142,1774305800468905656,1774305800472514257,3608
4143,1774305800474155994,1774305800478037867,3881
4144,1774305800479637699,1774305800483135254,3497
4145,1774305800484776783,1774305800488529483,3752
4146,1774305800490123636,1774305800493615533,3491
4147,1774305800495297732,1774305800499158350,3860
4148,1774305800500845616,1774305800504829498,3983
4149,1774305800506274178,1774305800509759744,3485
4150,1774305800511493918,1774305800515462599,3968
4151,1774305800517140599,1774305800521049447,3908
4152,1774305800522501925,1774305800525767968,3266
4153,1774305800527429372,1774305800530909920,3480
4154,1774305800532586733,1774305800536112061,3525
4155,1774305800537661701,1774305800541647543,3985
4156,1774305800543272938,1774305800547624466,4351
4157,1774305800549106616,1774305800552512904,3406
4158,1774305800554208266,1774305800558549103,4340
4159,1774305800560296595,1774305800564131744,3835
4160,1774305800565467466,1774305800568760574,3293
4161,1774305800570394238,1774305800574090403,3696
4162,1774305800575786065,1774305800579359356,3573
4163,1774305800581058218,1774305800585034159,3975
4164,1774305800586647126,1774305800589867967,3220
4165,1774305800591474107,1774305800595394303,3920
4166,1774305800596973572,1774305800600348977,3375
4167,1774305800602037262,1774305800605989377,3952
4168,1774305800607547949,1774305800611446712,3898
4169,1774305800613416437,1774305800617292216,3875
4170,1774305800619032000,1774305800622877039,3845
4171,1774305800624507223,1774305800627942033,3434
4172,1774305800629621797,1774305800633548450,3926
4173,1774305800635358972,1774305800638741593,3382
4174,1774305800640435331,1774305800644679551,4244
4175,1774305800646362230,1774305800650093011,3730
4176,1774305800651798327,1774305800655865866,4067
4177,1774305800657508067,1774305800660814567,3306
4178,1774305800662472573,1774305800666458537,3985
4179,1774305800668129529,1774305800671749633,3620
4180,1774305800673385125,1774305800676760256,3375
4181,1774305800678339303,1774305800682202498,3863
4182,1774305800683928797,1774305800687401809,3473
4183,1774305800689034887,1774305800692905009,3870
4184,1774305800694495100,1774305800697849146,3354
4185,1774305800699506108,1774305800703448445,3942
4186,1774305800705122216,1774305800708598312,3476
4187,1774305800710296252,1774305800714260973,3964
4188,1774305800716018859,1774305800719892231,3873
4189,1774305800721627137,1774305800724891771,3264
4190,1774305800726591339,1774305800730592681,4001
4191,1774305800732486262,1774305800736060235,3573
4192,1774305800737761911,1774305800741644983,3883
4193,1774305800743289332,1774305800747221357,3932
4194,1774305800748956615,1774305800752880231,3923
4195,1774305800754533266,1774305800758636293,4103
4196,1774305800760510855,1774305800764517365,4006
4197,1774305800766339256,1774305800769964165,3624
4198,1774305800771778348,1774305800775638660,3860
4199,1774305800777330954,1774305800781060556,3729
4200,1774305800782652874,1774305800785853472,3200
4201,1774305800787376978,1774305800791469074,4092
4202,1774305800793147116,1774305800796325145,3178
4203,1774305800798077426,1774305800802142462,4065
4204,1774305800803723734,1774305800807374249,3650
4205,1774305800808974149,1774305800812007220,3033
4206,1774305800813575987,1774305800816854519,3278
4207,1774305800818408745,1774305800821785435,3376
4208,1774305800823412976,1774305800827430769,4017
4209,1774305800829080033,1774305800832899128,3819
4210,1774305800834652319,1774305800838129106,3476
4211,1774305800839794264,1774305800843132499,3338
4212,1774305800844748066,1774305800848034695,3286
4213,1774305800849760758,1774305800853952410,4191
4214,1774305800855737086,1774305800859865638,4128
4215,1774305800861664291,1774305800865837853,4173
4216,1774305800867797386,1774305800871760602,3963
4217,1774305800873480506,1774305800877552166,4071
4218,1774305800879367484,1774305800883635405,4267
4219,1774305800885345564,1774305800889439293,4093
4220,1774305800891221317,1774305800894902087,3680
4221,1774305800896586228,1774305800900028120,3441
4222,1774305800901639016,1774305800905844743,4205
4223,1774305800907636654,1774305800911399035,3762
4224,1774305800913089957,1774305800917613220,4523
4225,1774305800919386894,1774305800923208735,3821
4226,1774305800925032888,1774305800928373486,3340
4227,1774305800930091172,1774305800933722204,3631
4228,1774305800935300698,1774305800939495343,4194
4229,1774305800941267700,1774305800945273384,4005
4230,1774305800946934718,1774305800950786619,3851
4231,1774305800952424777,1774305800955818893,3394
4232,1774305800957458960,1774305800961261479,3802
4233,1774305800963129740,1774305800967041586,3911
4234,1774305800968757995,1774305800972049111,3291
4235,1774305800973686360,1774305800977013335,3326
4236,1774305800978710871,1774305800982177605,3466
4237,1774305800984017276,1774305800987820576,3803
4238,1774305800989752738,1774305800993667771,3915
4239,1774305800995544731,1774305800999736948,4192
4240,1774305801001577110,1774305801005576847,3999
4241,1774305801007328920,1774305801011355621,4026
4242,1774305801013075597,1774305801016947073,3871
4243,1774305801018529625,1774305801021936017,3406
4244,1774305801023736448,1774305801027726403,3989
4245,1774305801029373181,1774305801032845102,3471
4246,1774305801034536906,1774305801038098821,3561
4247,1774305801039709686,1774305801043149226,3439
4248,1774305801044907391,1774305801048812488,3905
4249,1774305801050520960,1774305801054591868,4070
4250,1774305801056296356,1774305801060452948,4156
4251,1774305801062151492,1774305801065864884,3713
4252,1774305801067457130,1774305801071475806,4018
4253,1774305801072872245,1774305801076812568,3940
4254,1774305801078527537,1774305801081547190,3019
4255,1774305801083189172,1774305801086394893,3205
4256,1774305801088020215,1774305801091874543,3854
4257,1774305801093621096,1774305801096861272,3240
4258,1774305801098435826,1774305801102191359,3755
4259,1774305801103937878,1774305801107735113,3797
4260,1774305801109363903,1774305801113175044,3811
4261,1774305801114846866,1774305801118706198,3859
4262,1774305801120525304,1774305801124568341,4043
4263,1774305801126476010,1774305801130436380,3960
4264,1774305801132261590,1774305801136174755,3913
4265,1774305801137891253,1774305801141120292,3229
4266,1774305801142979032,1774305801146110732,3131
4267,1774305801147787886,1774305801151278239,3490
4268,1774305801153039543,1774305801156524245,3484
4269,1774305801158170573,1774305801162149696,3979
4270,1774305801163783672,1774305801167709593,3925
4271,1774305801169342409,1774305801173073493,3731
4272,1774305801174738738,1774305801178861870,4123
4273,1774305801180720826,1774305801184639786,3918
4274,1774305801186540983,1774305801190837308,4296
4275,1774305801192590629,1774305801196661805,4071
4276,1774305801198310364,1774305801202512284,4201
4277,1774305801204335633,1774305801208961373,4625
4278,1774305801210318550,1774305801214007826,3689
4279,1774305801215635119,1774305801218834365,3199
4280,1774305801220320897,1774305801224335722,4014
4281,1774305801225890240,1774305801229281033,3390
4282,1774305801231229090,1774305801235330873,4101
4283,1774305801237109086,1774305801241396184,4287
4284,1774305801243253741,1774305801247153230,3899
4285,1774305801248971128,1774305801253027383,4056
4286,1774305801254828277,1774305801257993154,3164
4287,1774305801259549242,1774305801263279346,3730
4288,1774305801264935418,1774305801268254068,3318
4289,1774305801269930483,1774305801273994981,4064
4290,1774305801275700265,1774305801279336310,3636
4291,1774305801281014668,1774305801285019086,4004
4292,1774305801286744788,1774305801290700157,3955
4293,1774305801292361056,1774305801296242294,3881
4294,1774305801298026638,1774305801302000115,3973
4295,1774305801303663589,1774305801307554216,3890
4296,1774305801309179817,1774305801312944149,3764
4297,1774305801314617876,1774305801318585245,3967
4298,1774305801320345145,1774305801324156878,3811
4299,1774305801325971625,1774305801329787581,3815
4300,1774305801331438916,1774305801335421390,3982
4301,1774305801337123764,1774305801340384770,3261
4302,1774305801342035919,1774305801345862110,3826
4303,1774305801347486132,1774305801351509459,4023
4304,1774305801353174458,1774305801357302425,4127
4305,1774305801358928686,1774305801362838508,3909
4306,1774305801364338412,1774305801367764161,3425
4307,1774305801369456817,1774305801373522829,4066
4308,1774305801375146084,1774305801379153956,4007
4309,1774305801380839876,1774305801384542333,3702
4310,1774305801386308676,1774305801390343000,4034
4311,1774305801391976639,1774305801395142618,3165
4312,1774305801396822185,1774305801400083365,3261
4313,1774305801401733141,1774305801405501074,3767
4314,1774305801407381541,1774305801411317254,3935
4315,1774305801413034514,1774305801416954525,3920
4316,1774305801418680045,1774305801422788459,4108
4317,1774305801424542023,1774305801428464826,3922
4318,1774305801430288631,1774305801434420734,4132
4319,1774305801436271543,1774305801440152690,3881
4320,1774305801441959760,1774305801445877676,3917
4321,1774305801447527437,1774305801451418568,3891
4322,1774305801453309924,1774305801457479537,4169
4323,1774305801459144226,1774305801463037770,3893
4324,1774305801464705558,1774305801468719498,4013
4325,1774305801470258874,1774305801474003375,3744
4326,1774305801475744877,1774305801479797309,4052
4327,1774305801481386845,1774305801484494002,3107
4328,1774305801486084275,1774305801489577329,3493
4329,1774305801491128655,1774305801494130259,3001
4330,1774305801495783054,1774305801498876418,3093
4331,1774305801500155095,1774305801503383883,3228
4332,1774305801504890322,1774305801508747391,3857
4333,1774305801510267076,1774305801513646502,3379
4334,1774305801515317279,1774305801519292098,3974
4335,1774305801521167078,1774305801525123441,3956
4336,1774305801526919597,1774305801530268923,3349
4337,1774305801531923788,1774305801535191156,3267
4338,1774305801536932076,1774305801540552422,3620
4339,1774305801542375251,1774305801546176466,3801
4340,1774305801547850533,1774305801551549399,3698
4341,1774305801553153785,1774305801556562286,3408
4342,1774305801558234643,1774305801562119411,3884
4343,1774305801563723932,1774305801566832923,3108
4344,1774305801568396677,1774305801571986524,3589
4345,1774305801573742071,1774305801577682833,3940
4346,1774305801579433303,1774305801582741022,3307
4347,1774305801584376533,1774305801587681919,3305
4348,1774305801589248078,1774305801592637333,3389
4349,1774305801594366640,1774305801598411611,4044
4350,1774305801600102322,1774305801603981824,3879
4351,1774305801605388270,1774305801609365889,3977
4352,1774305801610781159,1774305801614599194,3818
4353,1774305801616214325,1774305801619500046,3285
4354,1774305801620675905,1774305801624627578,3951
4355,1774305801626138818,1774305801630038267,3899
4356,1774305801631378415,1774305801635003182,3624
4357,1774305801636631214,1774305801639698024,3066
4358,1774305801641221541,1774305801644695141,3473
4359,1774305801646295936,1774305801650390993,4095
4360,1774305801651960073,1774305801655918767,3958
4361,1774305801657573792,1774305801660811158,3237
4362,1774305801662403336,1774305801666363310,3959
4363,1774305801668200091,1774305801671969977,3769
4364,1774305801673610617,1774305801677568594,3957
4365,1774305801679202872,1774305801682602005,3399
4366,1774305801684412251,1774305801688356947,3944
4367,1774305801690027888,1774305801693494068,3466
4368,1774305801695376144,1774305801699567316,4191
4369,1774305801701378398,1774305801705152098,3773
4370,1774305801706969686,1774305801710843953,3874
4371,1774305801712521237,1774305801716609386,4088
4372,1774305801718251409,1774305801722180956,3929
4373,1774305801723981396,1774305801727931711,3950
4374,1774305801729611861,1774305801732877315,3265
4375,1774305801734641757,1774305801738577523,3935
4376,1774305801740252498,1774305801744130028,3877
4377,1774305801745665065,1774305801749625795,3960
4378,1774305801751234307,1774305801754543929,3309
4379,1774305801756115254,1774305801759562638,3447
4380,1774305801761263741,1774305801765468563,4204
4381,1774305801766838341,1774305801770053428,3215
4382,1774305801771759046,1774305801775700588,3941
4383,1774305801777238804,1774305801780689572,3450
4384,1774305801782319718,1774305801786300871,3981
4385,1774305801788019106,1774305801791186271,3167
4386,1774305801792833341,1774305801796443166,3609
4387,1774305801798108132,1774305801802085037,3976
4388,1774305801803990257,1774305801808113607,4123
4389,1774305801809947394,1774305801813488253,3540
4390,1774305801815197254,1774305801818917749,3720
4391,1774305801820639591,1774305801824497198,3857
4392,1774305801826095963,1774305801829979916,3883
4393,1774305801831714785,1774305801835535523,3820
4394,1774305801837269373,1774305801841374591,4105
4395,1774305801843058821,1774305801846182897,3124
4396,1774305801847847750,1774305801851143087,3295
4397,1774305801852882516,1774305801856862368,3979
4398,1774305801858533582,1774305801862357358,3823
4399,1774305801864053250,1774305801868195754,4142
4400,1774305801870037242,1774305801873830921,3793
4401,1774305801875550356,1774305801879030572,3480
4402,1774305801880840497,1774305801884871225,4030
4403,1774305801886563789,1774305801890159546,3595
4404,1774305801891899258,1774305801895135190,3235
4405,1774305801896739313,1774305801900846442,4107
4406,1774305801902429648,1774305801906229029,3799
4407,1774305801907842787,1774305801911406332,3563
4408,1774305801913035984,1774305801917026204,3990
4409,1774305801918707160,1774305801921866201,3159
4410,1774305801923489280,1774305801926927571,3438
4411,1774305801928805869,1774305801932628757,3822
4412,1774305801934253555,1774305801938116760,3863
4413,1774305801939832533,1774305801943192532,3359
4414,1774305801944856685,1774305801948182948,3326
4415,1774305801949964975,1774305801953861162,3896
4416,1774305801955460374,1774305801959242580,3782
4417,1774305801961207041,1774305801965349992,4142
4418,1774305801967031940,1774305801970286294,3254
4419,1774305801971947702,1774305801975651153,3703
4420,1774305801977586127,1774305801981468185,3882
4421,1774305801983075418,1774305801986734474,3659
4422,1774305801988392840,1774305801992299337,3906
4423,1774305801993931223,1774305801998021423,4090
4424,1774305801999738067,1774305802003836052,4097
4425,1774305802005495802,1774305802008882045,3386
4426,1774305802010534179,1774305802013831991,3297
4427,1774305802015600023,1774305802019623623,4023
4428,1774305802021294751,1774305802025411949,4117
4429,1774305802027074720,1774305802030324466,3249
4430,1774305802032028262,1774305802036066843,4038
4431,1774305802037717258,1774305802041140046,3422
4432,1774305802042734380,1774305802045742015,3007
4433,1774305802047288789,1774305802050664096,3375
4434,1774305802052162324,1774305802056117546,3955
4435,1774305802057815850,1774305802061563786,3747
4436,1774305802063205155,1774305802067086630,3881
4437,1774305802068709011,1774305802071890323,3181
4438,1774305802073495243,1774305802077265104,3769
4439,1774305802078941748,1774305802082069879,3128
4440,1774305802083771555,1774305802087504955,3733
4441,1774305802089193229,1774305802093166205,3972
4442,1774305802094878679,1774305802098202502,3323
4443,1774305802100070063,1774305802104276806,4206
4444,1774305802105927196,1774305802109551078,3623
4445,1774305802111473508,1774305802115008868,3535
4446,1774305802116690334,1774305802120808313,4117
4447,1774305802122544282,1774305802126459112,3914
4448,1774305802128247352,1774305802132374545,4127
4449,1774305802134124813,1774305802138117624,3992
4450,1774305802139869958,1774305802144028106,4158
4451,1774305802145899153,1774305802149969716,4070
4452,1774305802151573445,1774305802155733096,4159
4453,1774305802157576434,1774305802161675015,4098
4454,1774305802163173321,1774305802167488028,4314
4455,1774305802169263139,1774305802173375157,4112
4456,1774305802175672162,1774305802178797214,3125
4457,1774305802180405869,1774305802183573542,3167
4458,1774305802185464863,1774305802188905322,3440
4459,1774305802190592567,1774305802193926768,3334
4460,1774305802195611437,1774305802199432307,3820
4461,1774305802201055650,1774305802204927102,3871
4462,1774305802206564112,1774305802210536516,3972
4463,1774305802212094654,1774305802215143437,3048
4464,1774305802216882376,1774305802220804549,3922
4465,1774305802222454599,1774305802225854380,3399
4466,1774305802227575808,1774305802231030115,3454
4467,1774305802232736138,1774305802236244185,3508
4468,1774305802238088186,1774305802242089887,4001
4469,1774305802243739316,1774305802247470989,3731
4470,1774305802249396332,1774305802253493092,4096
4471,1774305802255318212,1774305802259093767,3775
4472,1774305802260974847,1774305802264137369,3162
4473,1774305802265996923,1774305802269973913,3976
4474,1774305802271622862,1774305802274992155,3369
4475,1774305802276675297,1774305802280026384,3351
4476,1774305802281686623,1774305802285792926,4106
4477,1774305802287546140,1774305802291218465,3672
4478,1774305802292957863,1774305802297135958,4178
4479,1774305802298849989,1774305802301835155,2985
4480,1774305802303666199,1774305802307332278,3666
4481,1774305802308861196,1774305802312420605,3559
4482,1774305802313976684,1774305802317774724,3798
4483,1774305802319395154,1774305802322664689,3269
4484,1774305802324204941,1774305802328322457,4117
4485,1774305802329914950,1774305802333763168,3848
4486,1774305802335381396,1774305802339342516,3961
4487,1774305802340910163,1774305802344748291,3838
4488,1774305802346429292,1774305802350181359,3752
4489,1774305802351907028,1774305802355373156,3466
4490,1774305802357049702,1774305802360981424,3931
4491,1774305802362622079,1774305802365981252,3359
4492,1774305802367620783,1774305802371444504,3823
4493,1774305802373196262,1774305802377018368,3822
4494,1774305802378645219,1774305802381922668,3277
4495,1774305802383549354,1774305802387405723,3856
4496,1774305802389215186,1774305802392992271,3777
4497,1774305802394641433,1774305802398538987,3897
4498,1774305802400230042,1774305802403727317,3497
4499,1774305802405393772,1774305802409332424,3938
4500,1774305802410999159,1774305802414859380,3860
4501,1774305802416506139,1774305802419902521,3396
4502,1774305802421546543,1774305802425470812,3924
4503,1774305802427261449,1774305802431347175,4085
4504,1774305802433013318,1774305802437015298,4001
4505,1774305802438601131,1774305802441543464,2942
4506,1774305802443118474,1774305802446470335,3351
4507,1774305802447806534,1774305802450816268,3009
4508,1774305802452243192,1774305802455532873,3289
4509,1774305802457161865,1774305802460963071,3801
4510,1774305802462528811,1774305802465720036,3191
4511,1774305802467348652,1774305802471163252,3814
4512,1774305802472773339,1774305802476245631,3472
4513,1774305802477930916,1774305802481741496,3810
4514,1774305802483385298,1774305802487133849,3748
4515,1774305802488840663,1774305802492752446,3911
4516,1774305802494456499,1774305802498565663,4109
4517,1774305802500302966,1774305802503783185,3480
4518,1774305802505434883,1774305802509378924,3944
4519,1774305802511112509,1774305802515033255,3920
4520,1774305802516838130,1774305802520764168,3926
4521,1774305802522460187,1774305802526363043,3902
4522,1774305802528056914,1774305802531629104,3572
4523,1774305802533344962,1774305802536823901,3478
4524,1774305802538431989,1774305802541975847,3543
4525,1774305802543746801,1774305802547437401,3690
4526,1774305802549142591,1774305802552809630,3667
4527,1774305802554727937,1774305802558990067,4262
4528,1774305802560695598,1774305802564543819,3848
4529,1774305802566187089,1774305802570505239,4318
4530,1774305802572282277,1774305802576513150,4230
4531,1774305802578221620,1774305802581742353,3520
4532,1774305802583290283,1774305802586582248,3291
4533,1774305802587947001,1774305802590970087,3023
4534,1774305802592559272,1774305802595802709,3243
4535,1774305802597334860,1774305802601374361,4039
4536,1774305802602897409,1774305802605901518,3004
4537,1774305802607398191,1774305802611294383,3896
4538,1774305802613014076,1774305802616571792,3557
4539,1774305802618428615,1774305802621957560,3528
4540,1774305802623825512,1774305802627951905,4126
4541,1774305802629587211,1774305802633220032,3632
4542,1774305802635068345,1774305802639010469,3942
4543,1774305802640805114,1774305802644746289,3941
4544,1774305802646313790,1774305802650634457,4320
4545,1774305802652577587,1774305802656646770,4069
4546,1774305802658382263,1774305802662726306,4344
4547,1774305802664672867,1774305802668666014,3993
4548,1774305802670389778,1774305802674026731,3636
4549,1774305802675703715,1774305802679844205,4140
4550,1774305802681599745,1774305802685561100,3961
4551,1774305802687552631,1774305802690927798,3375
4552,1774305802692647496,1774305802696520296,3872
4553,1774305802698438785,1774305802702529859,4091
4554,1774305802704285544,1774305802708385858,4100
4555,1774305802710141731,1774305802714178645,4036
4556,1774305802715698229,1774305802718603981,2905
4557,1774305802720374163,1774305802724012542,3638
4558,1774305802725734961,1774305802729695374,3960
4559,1774305802731334673,1774305802734633136,3298
4560,1774305802736264685,1774305802739445976,3181
4561,1774305802741120009,1774305802745054081,3934
4562,1774305802746645182,1774305802750490580,3845
4563,1774305802752187368,1774305802756097828,3910
4564,1774305802757754026,1774305802761551798,3797
4565,1774305802763396552,1774305802767373173,3976
4566,1774305802769060524,1774305802773022624,3962
4567,1774305802774797882,1774305802778671899,3874
4568,1774305802780486845,1774305802784677220,4190
4569,1774305802786596919,1774305802790399557,3802
4570,1774305802792101573,1774305802796415246,4313
4571,1774305802798307516,1774305802801728944,3421
4572,1774305802803419046,1774305802807222626,3803
4573,1774305802809154232,1774305802813530152,4375
4574,1774305802815217741,1774305802818747816,3530
4575,1774305802820448025,1774305802823724714,3276
4576,1774305802825384982,1774305802829438937,4053
4577,1774305802831113834,1774305802835031526,3917
4578,1774305802836702794,1774305802840769714,4066
4579,1774305802842458938,1774305802846508502,4049
4580,1774305802848119968,1774305802852055194,3935
4581,1774305802853651223,1774305802857295337,3644
4582,1774305802858690988,1774305802862768239,4077
4583,1774305802864405136,1774305802867749947,3344
4584,1774305802869362728,1774305802873350199,3987
4585,1774305802874939015,1774305802878708937,3769
4586,1774305802880441981,1774305802884326488,3884
4587,1774305802886016296,1774305802889679684,3663
4588,1774305802891530160,1774305802895534719,4004
4589,1774305802897431075,1774305802900958086,3527
4590,1774305802902705091,1774305802905934464,3229
4591,1774305802907485879,1774305802911512323,4026
4592,1774305802913163417,1774305802917135638,3972
4593,1774305802919021978,1774305802922914754,3892
4594,1774305802924641829,1774305802928179798,3537
4595,1774305802929926457,1774305802933571582,3645
4596,1774305802935249474,1774305802939497039,4247
4597,1774305802941308984,1774305802945438405,4129
4598,1774305802947175269,1774305802950730540,3555
4599,1774305802952597136,1774305802956106628,3509
4600,1774305802957749469,1774305802961052811,3303
4601,1774305802962763731,1774305802966766496,4002
4602,1774305802968381156,1774305802972297879,3916
4603,1774305802974016672,1774305802977094891,3078
4604,1774305802978758051,1774305802982855453,4097
4605,1774305802984558792,1774305802988721868,4163
4606,1774305802990347421,1774305802993767958,3420
4607,1774305802995448634,1774305802998628865,3180
4608,1774305802999916157,1774305803003006635,3090
4609,1774305803004643080,1774305803007709265,3066
4610,1774305803008994975,1774305803011711139,2716
4611,1774305803012956832,1774305803016072752,3115
4612,1774305803017630242,1774305803020756104,3125
4613,1774305803022239370,1774305803026346777,4107
4614,1774305803028052724,1774305803031878775,3826
4615,1774305803033539927,1774305803037628277,4088
4616,1774305803039492947,1774305803042934975,3442
4617,1774305803044572556,1774305803047854723,3282
4618,1774305803049649419,1774305803053180641,3531
4619,1774305803055086709,1774305803058683877,3597
4620,1774305803060529254,1774305803063967895,3438
4621,1774305803065647725,1774305803068993414,3345
4622,1774305803070759214,1774305803074206516,3447
4623,1774305803075978608,1774305803079174742,3196
4624,1774305803080943019,1774305803085010148,4067
4625,1774305803086723950,1774305803090006222,3282
4626,1774305803091654779,1774305803095604420,3949
4627,1774305803097268734,1774305803101005039,3736
4628,1774305803102661504,1774305803106516934,3855
4629,1774305803108473636,1774305803112279980,3806
4630,1774305803113938440,1774305803117606321,3667
4631,1774305803119306472,1774305803123573225,4266
4632,1774305803125164359,1774305803129632748,4468
4633,1774305803131318672,1774305803135185756,3867
4634,1774305803136877153,1774305803140956574,4079
4635,1774305803142517703,1774305803146001075,3483
4636,1774305803147506954,1774305803150751611,3244
4637,1774305803152445329,1774305803155713788,3268
4638,1774305803157566103,1774305803161163634,3597
4639,1774305803162775561,1774305803166676302,3900
4640,1774305803168379421,1774305803172355542,3976
4641,1774305803174069433,1774305803177527377,3457
4642,1774305803179298122,1774305803183230797,3932
4643,1774305803184818394,1774305803187995358,3176
4644,1774305803189682336,1774305803193506916,3824
4645,1774305803195248808,1774305803198997710,3748
4646,1774305803200690218,1774305803204609007,3918
4647,1774305803206452041,1774305803210209039,3756
4648,1774305803211856606,1774305803215764432,3907
4649,1774305803217351007,1774305803221391797,4040
4650,1774305803223430047,1774305803227687667,4257
4651,1774305803229530150,1774305803233578780,4048
4652,1774305803235315878,1774305803239318013,4002
4653,1774305803241085589,1774305803245024985,3939
4654,1774305803246765097,1774305803249894255,3129
4655,1774305803251590788,1774305803255907285,4316
4656,1774305803257715582,1774305803261907340,4191
4657,1774305803263630960,1774305803267381747,3750
4658,1774305803268971997,1774305803272881986,3909
4659,1774305803274504033,1774305803278213435,3709
4660,1774305803280006539,1774305803283438946,3432
4661,1774305803285075372,1774305803288971572,3896
4662,1774305803290721924,1774305803293842213,3120
4663,1774305803295553976,1774305803299628268,4074
4664,1774305803301487118,1774305803305234699,3747
4665,1774305803307081620,1774305803311083768,4002
4666,1774305803312748059,1774305803316114632,3366
4667,1774305803317781488,1774305803321121348,3339
4668,1774305803322786285,1774305803326784586,3998
4669,1774305803328520596,1774305803332457235,3936
4670,1774305803334180491,1774305803338414237,4233
4671,1774305803340164804,1774305803343957113,3792
4672,1774305803345631841,1774305803349564019,3932
4673,1774305803351186463,1774305803355298772,4112
4674,1774305803357102798,1774305803361034173,3931
4675,1774305803362922451,1774305803366805969,3883
4676,1774305803368490888,1774305803372336835,3845
4677,1774305803374282472,1774305803378056018,3773
4678,1774305803379902585,1774305803383219220,3316
4679,1774305803385072870,1774305803389284451,4211
4680,1774305803391068886,1774305803394626497,3557
4681,1774305803396181771,1774305803399750116,3568
4682,1774305803401442741,1774305803405604386,4161
4683,1774305803407271762,1774305803410300360,3028
4684,1774305803412012329,1774305803415557683,3545
4685,1774305803417165193,1774305803420916623,3751
4686,1774305803422596324,1774305803426650707,4054
4687,1774305803428191310,1774305803432126965,3935
4688,1774305803433789363,1774305803437647929,3858
4689,1774305803439339552,1774305803442896918,3557
4690,1774305803444597456,1774305803448619599,4022
4691,1774305803450323554,1774305803454122499,3798
4692,1774305803455738439,1774305803459518702,3780
4693,1774305803461242249,1774305803464567555,3325
4694,1774305803466236348,1774305803469702098,3465
4695,1774305803471337934,1774305803475107435,3769
4696,1774305803476740789,1774305803480696339,3955
4697,1774305803482430371,1774305803486397572,3967
4698,1774305803488081396,1774305803492111351,4029
4699,1774305803493778722,1774305803497654920,3876
4700,1774305803499246772,1774305803502827894,3581
4701,1774305803504560972,1774305803508396148,3835
4702,1774305803510115040,1774305803513771202,3656
4703,1774305803515623921,1774305803519728100,4104
4704,1774305803521501588,1774305803525152435,3650
4705,1774305803527157493,1774305803531405079,4247
4706,1774305803533067765,1774305803536968389,3900
4707,1774305803538702094,1774305803541965814,3263
4708,1774305803543703273,1774305803547907150,4203
4709,1774305803549408787,1774305803552428996,3020
4710,1774305803554014643,1774305803557603634,3588
4711,1774305803559189213,1774305803562174181,2984
4712,1774305803563719545,1774305803566905233,3185
4713,1774305803568448663,1774305803572263454,3814
4714,1774305803573883802,1774305803577784726,3900
4715,1774305803579454618,1774305803583266167,3811
4716,1774305803584991994,1774305803588450053,3458
4717,1774305803590219221,1774305803594252693,4033
4718,1774305803595863177,1774305803599152022,3288
4719,1774305803600905682,1774305803604130748,3225
4720,1774305803605776057,1774305803609701232,3925
4721,1774305803611371966,1774305803614896555,3524
4722,1774305803616505239,1774305803620659372,4154
4723,1774305803622354916,1774305803626141667,3786
4724,1774305803627767230,1774305803631526407,3759
4725,1774305803633135183,1774305803636088465,2953
4726,1774305803637689262,1774305803640979362,3290
4727,1774305803642528617,1774305803646424504,3895
4728,1774305803648129491,1774305803651973021,3843
4729,1774305803653828596,1774305803657173924,3345
4730,1774305803659023041,1774305803663222378,4199
4731,1774305803664971309,1774305803668927135,3955
4732,1774305803670694040,1774305803674577134,3883
4733,1774305803676287977,1774305803679960850,3672
4734,1774305803681573554,1774305803685654076,4080
4735,1774305803687328499,1774305803691255587,3927
4736,1774305803692805364,1774305803695968867,3163
4737,1774305803697688292,1774305803701190093,3501
4738,1774305803702722200,1774305803706682981,3960
4739,1774305803708380193,1774305803712336809,3956
4740,1774305803714048484,1774305803718113891,4065
4741,1774305803719792389,1774305803723512938,3720
4742,1774305803725332848,1774305803728779182,3446
4743,1774305803730445423,1774305803734521262,4075
4744,1774305803736145491,1774305803740125829,3980
4745,1774305803741848101,1774305803745190301,3342
4746,1774305803746865268,1774305803750056006,3190
4747,1774305803751773685,1774305803755915243,4141
4748,1774305803757581481,1774305803761243029,3661
4749,1774305803762933948,1774305803766872285,3938
4750,1774305803768583352,1774305803772440545,3857
4751,1774305803774036532,1774305803777579623,3543
4752,1774305803779525120,1774305803783491195,3966
4753,1774305803785380523,1774305803789328445,3947
4754,1774305803791060766,1774305803795145958,4085
4755,1774305803796799796,1774305803800596433,3796
4756,1774305803802231327,1774305803805788038,3556
4757,1774305803807483274,1774305803811605797,4122
4758,1774305803813324564,1774305803817073336,3748
4759,1774305803818708153,1774305803821967246,3259
4760,1774305803823532309,1774305803827696687,4164
4761,1774305803829357696,1774305803833404044,4046
4762,1774305803835000452,1774305803838006907,3006
4763,1774305803839665445,1774305803843624315,3958
4764,1774305803845305895,1774305803849203998,3898
4765,1774305803850889697,1774305803854019193,3129
4766,1774305803855612363,1774305803859027568,3415
4767,1774305803860787691,1774305803864920153,4132
4768,1774305803866516431,1774305803870551315,4034
4769,1774305803872414246,1774305803876323843,3909
4770,1774305803878023848,1774305803881952704,3928
4771,1774305803883854736,1774305803887819705,3964
4772,1774305803889428260,1774305803892900547,3472
4773,1774305803894668890,1774305803898538478,3869
4774,1774305803900291403,1774305803903789115,3497
4775,1774305803905414108,1774305803908837950,3423
4776,1774305803910559784,1774305803913905981,3346
4777,1774305803915686101,1774305803919748684,4062
4778,1774305803921404062,1774305803925498100,4094
4779,1774305803927170028,1774305803931243335,4073
4780,1774305803932914035,1774305803936449012,3534
4781,1774305803938164592,1774305803942257923,4093
4782,1774305803944118903,1774305803948309536,4190
4783,1774305803950084806,1774305803953285559,3200
4784,1774305803954986087,1774305803958047274,3061
4785,1774305803959592408,1774305803962868036,3275
4786,1774305803964484043,1774305803967925750,3441
4787,1774305803969610258,1774305803972784190,3173
4788,1774305803974502681,1774305803977526293,3023
4789,1774305803979199339,1774305803983126145,3926
4790,1774305803984704622,1774305803988725558,4020
4791,1774305803990537955,1774305803994460130,3922
4792,1774305803996476168,1774305804000510918,4034
4793,1774305804002300714,1774305804006479425,4178
4794,1774305804008394490,1774305804012318090,3923
4795,1774305804014163657,1774305804018101464,3937
4796,1774305804019928700,1774305804023151646,3222
4797,1774305804024897292,1774305804028553437,3656
4798,1774305804030391462,1774305804034288393,3896
4799,1774305804035942402,1774305804040007275,4064
4800,1774305804041668540,1774305804045508933,3840
4801,1774305804047445337,1774305804051581532,4136
4802,1774305804053449386,1774305804056809156,3359
4803,1774305804058473135,1774305804062312904,3839
4804,1774305804064143066,1774305804068083871,3940
4805,1774305804069726289,1774305804073208258,3481
4806,1774305804074869162,1774305804078104951,3235
4807,1774305804079914107,1774305804083935429,4021
4808,1774305804085658035,1774305804089599676,3941
4809,1774305804091334129,1774305804095348098,4013
4810,1774305804097070545,1774305804100195194,3124
4811,1774305804101841713,1774305804105060274,3218
4812,1774305804106649652,1774305804109517157,2867
4813,1774305804110815696,1774305804114107651,3291
4814,1774305804115699002,1774305804119757348,4058
4815,1774305804121344215,1774305804125145367,3801
4816,1774305804126878302,1774305804130758001,3879
4817,1774305804132376079,1774305804136306622,3930
4818,1774305804137974979,1774305804141532960,3557
4819,1774305804143363168,1774305804147467761,4104
4820,1774305804149143085,1774305804152606806,3463
4821,1774305804154263707,1774305804158326026,4062
4822,1774305804160080024,1774305804163952383,3872
4823,1774305804165601006,1774305804169053712,3452
4824,1774305804170944508,1774305804174922807,3978
4825,1774305804176680625,1774305804180280113,3599
4826,1774305804181937900,1774305804185629653,3691
4827,1774305804187560198,1774305804191759870,4199
4828,1774305804193498940,1774305804197514910,4015
4829,1774305804199543554,1774305804203715687,4172
4830,1774305804205403234,1774305804209221780,3818
4831,1774305804211012294,1774305804215119200,4106
4832,1774305804216847563,1774305804220093534,3245
4833,1774305804221768394,1774305804225023577,3255
4834,1774305804226371641,1774305804230757151,4385
4835,1774305804232315343,1774305804235711230,3395
4836,1774305804237345929,1774305804240774348,3428
4837,1774305804242391336,1774305804245864476,3473
4838,1774305804247422524,1774305804250817110,3394
4839,1774305804252338485,1774305804255938964,3600
4840,1774305804257525017,1774305804260807236,3282
4841,1774305804262412053,1774305804265884228,3472
4842,1774305804267567864,1774305804271591994,4024
4843,1774305804273315776,1774305804277071967,3756
4844,1774305804278754508,1774305804282156384,3401
4845,1774305804284089019,1774305804288079492,3990
4846,1774305804289718486,1774305804293313311,3594
4847,1774305804295026846,1774305804298385343,3358
4848,1774305804300192588,1774305804304588847,4396
4849,1774305804306278827,1774305804309646117,3367
4850,1774305804311402831,1774305804314896281,3493
4851,1774305804316635282,1774305804320662992,4027
4852,1774305804322235197,1774305804325637912,3402
4853,1774305804327295232,1774305804330374583,3079
4854,1774305804332117413,1774305804336184160,4066
4855,1774305804337836098,1774305804341730390,3894
4856,1774305804343386944,1774305804347501175,4114
4857,1774305804349434471,1774305804353448423,4013
4858,1774305804355204680,1774305804359283148,4078
4859,1774305804360784483,1774305804364842912,4058
4860,1774305804366260251,1774305804369984012,3723
4861,1774305804371610778,1774305804374728361,3117
4862,1774305804376255728,1774305804379183153,2927
4863,1774305804380798314,1774305804384031444,3233
4864,1774305804385806120,1774305804389018533,3212
4865,1774305804390599457,1774305804394019210,3419
4866,1774305804395761616,1774305804399337096,3575
4867,1774305804400919461,1774305804404807865,3888
4868,1774305804406399361,1774305804410658657,4259
4869,1774305804412297529,1774305804416198036,3900
4870,1774305804418027091,1774305804421996049,3968
4871,1774305804423857878,1774305804427475158,3617
4872,1774305804429340237,1774305804433236323,3896
4873,1774305804435083704,1774305804439172793,4089
4874,1774305804441025124,1774305804444943220,3918
4875,1774305804446583597,1774305804450611314,4027
4876,1774305804452254122,1774305804455995682,3741
4877,1774305804457809737,1774305804461430637,3620
4878,1774305804463178497,1774305804467160598,3982
4879,1774305804468826578,1774305804472265286,3438
4880,1774305804473910214,1774305804477612000,3701
4881,1774305804479307307,1774305804483038459,3731
4882,1774305804484684765,1774305804488628040,3943
4883,1774305804490474771,1774305804494169754,3694
4884,1774305804495933795,1774305804499147931,3214
4885,1774305804500915659,1774305804505004182,4088
4886,1774305804506690279,1774305804509965641,3275
4887,1774305804511599567,1774305804514940359,3340
4888,1774305804516442793,1774305804520564062,4121
4889,1774305804522222095,1774305804526249470,4027
4890,1774305804527858096,1774305804530857570,2999
4891,1774305804532490288,1774305804535943373,3453
4892,1774305804537618871,1774305804541796772,4177
4893,1774305804543638183,1774305804547682399,4044
4894,1774305804549543362,1774305804553722371,4179
4895,1774305804555459423,1774305804559685512,4226
4896,1774305804561693290,1774305804565976230,4282
4897,1774305804567745868,1774305804571640652,3894
4898,1774305804573214560,1774305804577127595,3913
4899,1774305804578827000,1774305804582946316,4119
4900,1774305804584619071,1774305804589107914,4488
4901,1774305804590691731,1774305804594181792,3490
4902,1774305804595821780,1774305804599421604,3599
4903,1774305804601000872,1774305804603967061,2966
4904,1774305804605472653,1774305804608695896,3223
4905,1774305804610411143,1774305804614550677,4139
4906,1774305804616170478,1774305804619867136,3696
4907,1774305804621724494,1774305804625717736,3993
4908,1774305804627435071,1774305804631563566,4128
4909,1774305804633096324,1774305804637110480,4014
4910,1774305804638670135,1774305804641862935,3192
4911,1774305804643555539,1774305804647072371,3516
4912,1774305804648668495,1774305804651589026,2920
4913,1774305804653137984,1774305804656989999,3852
4914,1774305804658596047,1774305804662751757,4155
4915,1774305804664156363,1774305804667073016,2916
4916,1774305804668733177,1774305804671920526,3187
4917,1774305804673484643,1774305804677186665,3702
4918,1774305804678806218,1774305804682686090,3879
4919,1774305804684348921,1774305804688153499,3804
4920,1774305804689867533,1774305804693906415,4038
4921,1774305804695555434,1774305804698897847,3342
4922,1774305804700601467,1774305804704538645,3937
4923,1774305804706349151,1774305804710189179,3840
4924,1774305804711968117,1774305804715661757,3693
4925,1774305804717324493,1774305804721513130,4188
4926,1774305804723334151,1774305804727024071,3689
4927,1774305804728669026,1774305804732345827,3676
4928,1774305804734112049,1774305804738182428,4070
4929,1774305804740105409,1774305804744197566,4092
4930,1774305804746105889,1774305804750073489,3967
4931,1774305804751736598,1774305804755590457,3853
4932,1774305804757493244,1774305804761495314,4002
4933,1774305804763405195,1774305804766772905,3367
4934,1774305804768468301,1774305804772484081,4015
4935,1774305804774275735,1774305804778469700,4193
4936,1774305804780207833,1774305804783690117,3482
4937,1774305804784913686,1774305804787808764,2895
4938,1774305804789091260,1774305804792322953,3231
4939,1774305804793792092,1774305804796726859,2934
4940,1774305804798134883,1774305804802151317,4016
4941,1774305804803584547,1774305804807282407,3697
4942,1774305804808878235,1774305804811952485,3074
4943,1774305804813570398,1774305804817563963,3993
4944,1774305804819223066,1774305804822630560,3407
4945,1774305804824248726,1774305804827993975,3745
4946,1774305804829732579,1774305804833488082,3755
4947,1774305804835086363,1774305804839076752,3990
4948,1774305804840592675,1774305804843883706,3291
4949,1774305804845497408,1774305804849114917,3617
4950,1774305804850749550,1774305804854403262,3653
4951,1774305804856108033,1774305804859594944,3486
4952,1774305804861289959,1774305804865105573,3815
4953,1774305804866761101,1774305804870200191,3439
4954,1774305804871942314,1774305804875804617,3862
4955,1774305804877576054,1774305804882024712,4448
4956,1774305804883811068,1774305804887910543,4099
4957,1774305804889761839,1774305804894016579,4254
4958,1774305804895787014,1774305804899188853,3401
4959,1774305804900930957,1774305804904261042,3330
4960,1774305804906050467,1774305804910154891,4104
4961,1774305804911790810,1774305804914894759,3103
4962,1774305804916578501,1774305804919626821,3048
4963,1774305804921221273,1774305804925256274,4035
4964,1774305804926715608,1774305804930756427,4040
4965,1774305804932543357,1774305804935950106,3406
4966,1774305804937522705,1774305804941625368,4102
4967,1774305804943322480,1774305804946667744,3345
4968,1774305804948236159,1774305804951757827,3521
4969,1774305804953501145,1774305804957205059,3703
4970,1774305804958814673,1774305804962519362,3704
4971,1774305804964131752,1774305804967496060,3364
4972,1774305804969000014,1774305804972681122,3681
4973,1774305804974339423,1774305804978341302,4001
4974,1774305804980034591,1774305804983946452,3911
4975,1774305804985628973,1774305804989039712,3410
4976,1774305804990688339,1774305804994807405,4119
4977,1774305804996566171,1774305805000305387,3739
4978,1774305805002020767,1774305805005873950,3853
4979,1774305805007532502,1774305805010900751,3368
4980,1774305805012574549,1774305805016520131,3945
4981,1774305805018304749,1774305805022455629,4150
4982,1774305805024175584,1774305805028168623,3993
4983,1774305805029940589,1774305805033281855,3341
4984,1774305805034946726,1774305805038266639,3319
4985,1774305805039924410,1774305805043945825,4021
4986,1774305805045552485,1774305805049589205,4036
4987,1774305805051153699,1774305805054282767,3129
4988,1774305805055903293,1774305805059950581,4047
4989,1774305805061609602,1774305805065586840,3977
4990,1774305805067210964,1774305805070681957,3470
4991,1774305805072320877,1774305805075827149,3506
4992,1774305805077501373,1774305805080715183,3213
4993,1774305805082265966,1774305805086087130,3821
4994,1774305805087681353,1774305805091259389,3578
4995,1774305805092859011,1774305805096799685,3940
4996,1774305805098406110,1774305805102649897,4243
4997,1774305805104312711,1774305805108207066,3894
4998,1774305805109822506,1774305805113608441,3785
4999,1774305805115432535,1774305805119450829,4018
5000,1774305805121092854,1774305805124922631,3829
5001,1774305805126441064,1774305805130045878,3604
5002,1774305805131760564,1774305805135299126,3538
5003,1774305805136949959,1774305805140193597,3243
5004,1774305805141938633,1774305805146010938,4072
5005,1774305805147845315,1774305805151442139,3596
5006,1774305805153379698,1774305805157683996,4304
5007,1774305805159322644,1774305805163221470,3898
5008,1774305805165171379,1774305805169203917,4032
5009,1774305805171146056,1774305805175090338,3944
5010,1774305805177012891,1774305805181010818,3997
5011,1774305805182592662,1774305805186729189,4136
5012,1774305805188342472,1774305805191879338,3536
5013,1774305805193599237,1774305805197806707,4207
5014,1774305805199390412,1774305805202696633,3306
5015,1774305805204408725,1774305805208173208,3764
5016,1774305805209594832,1774305805213613986,4019
5017,1774305805215080889,1774305805218328489,3247
5018,1774305805219752670,1774305805223403279,3650
5019,1774305805224992876,1774305805228229308,3236
5020,1774305805229932957,1774305805233635399,3702
5021,1774305805235382532,1774305805239164203,3781
5022,1774305805240891203,1774305805244814996,3923
5023,1774305805246557554,1774305805250698338,4140
5024,1774305805252346124,1774305805256506942,4160
5025,1774305805258188206,1774305805262205900,4017
5026,1774305805263876686,1774305805267868835,3992
5027,1774305805269613238,1774305805273659112,4045
5028,1774305805275380197,1774305805279343284,3963
5029,1774305805281176664,1774305805285251904,4075
5030,1774305805287000259,1774305805290868574,3868
5031,1774305805292589743,1774305805295984622,3394
5032,1774305805297634314,1774305805301645159,4010
5033,1774305805303357060,1774305805307004117,3647
5034,1774305805308679059,1774305805311980335,3301
5035,1774305805313566551,1774305805317678086,4111
5036,1774305805319685129,1774305805323412170,3727
5037,1774305805325156503,1774305805329316370,4159
5038,1774305805330936599,1774305805334311692,3375
5039,1774305805335817852,1774305805339389713,3571
5040,1774305805340808835,1774305805343919646,3110
5041,1774305805345547613,1774305805348579721,3032
5042,1774305805350082415,1774305805353163554,3081
5043,1774305805354838082,1774305805357860572,3022
5044,1774305805359421047,1774305805363111084,3690
5045,1774305805364729751,1774305805367898059,3168
5046,1774305805369677381,1774305805372988779,3311
5047,1774305805374782670,1774305805378776372,3993
5048,1774305805380416175,1774305805384166445,3750
5049,1774305805385857076,1774305805389925701,4068
5050,1774305805391689326,1774305805395467525,3778
5051,1774305805397251810,1774305805401158628,3906
5052,1774305805402944938,1774305805406895461,3950
5053,1774305805408749737,1774305805412608516,3858
5054,1774305805414380358,1774305805418409080,4028
5055,1774305805420119885,1774305805423738651,3618
5056,1774305805425438463,1774305805429468667,4030
5057,1774305805431364704,1774305805434952548,3587
5058,1774305805436609114,1774305805439861170,3252
5059,1774305805441470595,1774305805445005827,3535
5060,1774305805446794711,1774305805450758023,3963
5061,1774305805452441165,1774305805456148914,3707
5062,1774305805457845183,1774305805460899073,3053
5063,1774305805462450073,1774305805466431617,3981
5064,1774305805468101401,1774305805471874469,3773
5065,1774305805473505125,1774305805476892925,3387
5066,1774305805478183129,1774305805481740389,3557
5067,1774305805483104221,1774305805486771923,3667
5068,1774305805488281065,1774305805491627176,3346
5069,1774305805493194213,1774305805496845735,3651
5070,1774305805498450850,1774305805502436684,3985
5071,1774305805504077583,1774305805507941312,3863
5072,1774305805509565807,1774305805512792143,3226
5073,1774305805514399395,1774305805518166064,3766
5074,1774305805519837508,1774305805523859084,4021
5075,1774305805525468487,1774305805529138019,3669
5076,1774305805530812783,1774305805534751575,3938
5077,1774305805536381670,1774305805540496662,4114
5078,1774305805542245414,1774305805546033039,3787
5079,1774305805547739841,1774305805551884090,4144
5080,1774305805553707285,1774305805557544635,3837
5081,1774305805559338128,1774305805563308165,3970
5082,1774305805564935261,1774305805569321395,4386
5083,1774305805570824606,1774305805574457673,3633
5084,1774305805576088747,1774305805579638465,3549
5085,1774305805581338763,1774305805584958944,3620
5086,1774305805586599901,1774305805590531076,3931
5087,1774305805592167198,1774305805596030528,3863
5088,1774305805597718976,1774305805600788067,3069
5089,1774305805602320032,1774305805606341243,4021
5090,1774305805607754405,1774305805611052193,3297
5091,1774305805612638126,1774305805615781238,3143
5092,1774305805617437926,1774305805621331005,3893
5093,1774305805622871277,1774305805626811211,3939
5094,1774305805628132622,1774305805631114017,2981
5095,1774305805632606296,1774305805636780369,4174
5096,1774305805638431564,1774305805642490819,4059
5097,1774305805644361671,1774305805648238720,3877
5098,1774305805650336316,1774305805654281983,3945
5099,1774305805655936532,1774305805659015732,3079
5100,1774305805660686445,1774305805663927888,3241
5101,1774305805665590569,1774305805669714223,4123
5102,1774305805671368590,1774305805674870397,3501
5103,1774305805676530858,1774305805680420976,3890
5104,1774305805682128370,1774305805685953685,3825
5105,1774305805687814597,1774305805691741664,3927
5106,1774305805693570502,1774305805697530127,3959
5107,1774305805699385116,1774305805703394514,4009
5108,1774305805705217893,1774305805709066384,3848
5109,1774305805710725918,1774305805714155266,3429
5110,1774305805716123725,1774305805720212637,4088
5111,1774305805721927124,1774305805725166509,3239
5112,1774305805726849466,1774305805730584383,3734
5113,1774305805732208879,1774305805736272730,4063
5114,1774305805738210493,1774305805742278548,4068
5115,1774305805743806061,1774305805748030592,4224
5116,1774305805749616589,1774305805753006122,3389
5117,1774305805754417946,1774305805757766535,3348
5118,1774305805759463967,1774305805762689846,3225
5119,1774305805764060275,1774305805767007942,2947
5120,1774305805768543734,1774305805771859110,3315
5121,1774305805773512027,1774305805777603408,4091
5122,1774305805779288175,1774305805783167533,3879
5123,1774305805784898155,1774305805788781078,3882
5124,1774305805790385816,1774305805793996180,3610
5125,1774305805795709803,1774305805799479411,3769
5126,1774305805801151275,1774305805805137635,3986
5127,1774305805806804812,1774305805810187311,3382
5128,1774305805811976187,1774305805815947616,3971
5129,1774305805817571458,1774305805821621763,4050
5130,1774305805823237032,1774305805826472680,3235
5131,1774305805828208841,1774305805832227847,4019
5132,1774305805834146692,1774305805838259632,4112
5133,1774305805839902980,1774305805843190213,3287
5134,1774305805844946756,1774305805848061675,3114
5135,1774305805849791580,1774305805853788486,3996
5136,1774305805855431419,1774305805859433043,4001
5137,1774305805861210968,1774305805865343073,4132
5138,1774305805867024553,1774305805871039587,4015
5139,1774305805872746467,1774305805876676794,3930
5140,1774305805878310510,1774305805882331910,4021
5141,1774305805883945567,1774305805887949406,4003
5142,1774305805889464837,1774305805893430452,3965
5143,1774305805894778931,1774305805898694860,3915
5144,1774305805900279741,1774305805904446975,4167
5145,1774305805906016447,1774305805909577555,3561
5146,1774305805911215298,1774305805914997719,3782
5147,1774305805916619536,1774305805920639690,4020
5148,1774305805922413327,1774305805926267640,3854
5149,1774305805928016139,1774305805932003122,3986
5150,1774305805933742288,1774305805937781329,4039
5151,1774305805939447755,1774305805943337188,3889
5152,1774305805945235663,1774305805949368449,4132
5153,1774305805951059334,1774305805954944332,3884
5154,1774305805956631070,1774305805960451997,3820
5155,1774305805962435046,1774305805965818618,3383
5156,1774305805967467660,1774305805970741849,3274
5157,1774305805972406459,1774305805975825828,3419
5158,1774305805977584937,1774305805981290577,3705
5159,1774305805983116001,1774305805986974575,3858
5160,1774305805988595677,1774305805992537235,3941
5161,1774305805994289443,1774305805998368953,4079
5162,1774305806000016238,1774305806003809905,3793
5163,1774305806005600570,1774305806008862791,3262
5164,1774305806010510666,1774305806014579774,4069
5165,1774305806016351363,1774305806019723681,3372
5166,1774305806021263389,1774305806024799101,3535
5167,1774305806026391205,1774305806029606881,3215
5168,1774305806031048090,1774305806035444548,4396
5169,1774305806036777751,1774305806040869875,4092
5170,1774305806042547748,1774305806045924220,3376
5171,1774305806047474642,1774305806050915662,3441
5172,1774305806052565235,1774305806056009818,3444
5173,1774305806057723569,1774305806060948290,3224
5174,1774305806062576886,1774305806066596241,4019
5175,1774305806068349654,1774305806072603063,4253
5176,1774305806074271059,1774305806077819157,3548
5177,1774305806079434176,1774305806082897076,3462
5178,1774305806084605031,1774305806088575706,3970
5179,1774305806090363304,1774305806093979622,3616
5180,1774305806095650537,1774305806099565182,3914
5181,1774305806101210360,1774305806104826369,3616
5182,1774305806106657436,1774305806109947619,3290
5183,1774305806111880737,1774305806115520525,3639
5184,1774305806117550280,1774305806121384874,3834
5185,1774305806123095745,1774305806127023106,3927
5186,1774305806128849807,1774305806132577104,3727
5187,1774305806134244380,1774305806138359509,4115
5188,1774305806140284877,1774305806144115527,3830
5189,1774305806145761627,1774305806149948328,4186
5190,1774305806151577810,1774305806155780135,4202
5191,1774305806157526214,1774305806160988878,3462
5192,1774305806162551350,1774305806165769216,3217
5193,1774305806167319668,1774305806170236829,2917
5194,1774305806171910204,1774305806175243820,3333
5195,1774305806176877099,1774305806180257597,3380
5196,1774305806181949184,1774305806186087009,4137
5197,1774305806187699517,1774305806191144996,3445
5198,1774305806192734930,1774305806195820941,3086
5199,1774305806197471047,1774305806201398515,3927
5200,1774305806203149948,1774305806206816153,3666
5201,1774305806208411387,1774305806211855342,3443
5202,1774305806213635722,1774305806217486217,3850
5203,1774305806219305104,1774305806223013787,3708
5204,1774305806224945882,1774305806229027117,4081
5205,1774305806230986713,1774305806234955893,3969
5206,1774305806236608653,1774305806240532277,3923
5207,1774305806242222255,1774305806246281008,4058
5208,1774305806248004753,1774305806251587080,3582
5209,1774305806253262127,1774305806256840761,3578
5210,1774305806258616762,1774305806262433943,3817
5211,1774305806264153825,1774305806268117278,3963
5212,1774305806269928222,1774305806273234732,3306
5213,1774305806274957503,1774305806278826769,3869
5214,1774305806280617948,1774305806283874881,3256
5215,1774305806285507237,1774305806289546323,4039
5216,1774305806291193772,1774305806294418839,3225
5217,1774305806296052855,1774305806300113127,4060
5218,1774305806301756722,1774305806305478778,3722
5219,1774305806307067666,1774305806310160019,3092
5220,1774305806311491120,1774305806315396638,3905
5221,1774305806317094728,1774305806320205743,3111
5222,1774305806321781903,1774305806325038192,3256
5223,1774305806326669673,1774305806329974066,3304
5224,1774305806331641107,1774305806335493265,3852
5225,1774305806337082955,1774305806340972728,3889
5226,1774305806342766863,1774305806346594846,3827
5227,1774305806348281072,1774305806352268405,3987
5228,1774305806353922524,1774305806357629587,3707
5229,1774305806359545558,1774305806363607982,4062
5230,1774305806365285489,1774305806369189412,3903
5231,1774305806370955466,1774305806374951841,3996
5232,1774305806376507691,1774305806379815201,3307
5233,1774305806381480470,1774305806385330175,3849
5234,1774305806387006536,1774305806390948144,3941
5235,1774305806392705743,1774305806396523273,3817
5236,1774305806398305988,1774305806402929254,4623
5237,1774305806404614421,1774305806408316106,3701
5238,1774305806410043288,1774305806413945438,3902
5239,1774305806415601328,1774305806419269838,3668
5240,1774305806420920983,1774305806425049594,4128
5241,1774305806426693912,1774305806430671153,3977
5242,1774305806432303218,1774305806436088642,3785
5243,1774305806437644134,1774305806441619710,3975
5244,1774305806443307266,1774305806447185014,3877
5245,1774305806448836521,1774305806452421819,3585
5246,1774305806453991682,1774305806457182859,3191
5247,1774305806458752778,1774305806462655988,3903
5248,1774305806464195094,1774305806467386087,3190
5249,1774305806468989536,1774305806472991045,4001
5250,1774305806474603457,1774305806478561664,3958
5251,1774305806480220606,1774305806483690774,3470
5252,1774305806485319896,1774305806489346620,4026
5253,1774305806490947228,1774305806494028827,3081
5254,1774305806495700834,1774305806499614018,3913
5255,1774305806501261793,1774305806505229131,3967
5256,1774305806506978138,1774305806510913112,3934
5257,1774305806512660788,1774305806516639319,3978
5258,1774305806518453044,1774305806522289917,3836
5259,1774305806524089116,1774305806528242420,4153
5260,1774305806529950756,1774305806533903098,3952
5261,1774305806535573044,1774305806539460199,3887
5262,1774305806541162873,1774305806544928828,3765
5263,1774305806546582713,1774305806549824190,3241
5264,1774305806551450838,1774305806555522785,4071
5265,1774305806557300289,1774305806560564171,3263
5266,1774305806562292326,1774305806565285818,2993
5267,1774305806566860325,1774305806569790074,2929
5268,1774305806571478456,1774305806574729223,3250
5269,1774305806576212042,1774305806579993470,3781
5270,1774305806581296358,1774305806585068659,3772
5271,1774305806586441825,1774305806590412886,3971
5272,1774305806591692157,1774305806595606923,3914
5273,1774305806597237073,1774305806601586389,4349
5274,1774305806603304708,1774305806606971749,3667
5275,1774305806608452408,1774305806611807976,3355
5276,1774305806613356055,1774305806616755419,3399
5277,1774305806618349849,1774305806622167680,3817
5278,1774305806623842858,1774305806627795151,3952
5279,1774305806629485807,1774305806632949976,3464
5280,1774305806634608900,1774305806637971795,3362
5281,1774305806639509544,1774305806643693768,4184
5282,1774305806645498606,1774305806649157415,3658
5283,1774305806650775264,1774305806654604033,3828
5284,1774305806656341323,1774305806660326595,3985
5285,1774305806662033798,1774305806665966136,3932
5286,1774305806667581457,1774305806670982977,3401
5287,1774305806672739169,1774305806676681766,3942
5288,1774305806678350695,1774305806682421772,4071
5289,1774305806684058246,1774305806687986242,3927
5290,1774305806689750429,1774305806693206336,3455
5291,1774305806694954018,1774305806698063442,3109
5292,1774305806699681651,1774305806703693412,4011
5293,1774305806705116184,1774305806708553715,3437
5294,1774305806710164751,1774305806713668801,3504
5295,1774305806715111473,1774305806718080909,2969
5296,1774305806719259171,1774305806723183624,3924
5297,1774305806724706708,1774305806728710507,4003
5298,1774305806730191025,1774305806733257033,3066
5299,1774305806734921158,1774305806737996701,3075
5300,1774305806739552565,1774305806743604838,4052
5301,1774305806745255907,1774305806749093280,3837
5302,1774305806750744732,1774305806754342546,3597
5303,1774305806755984894,1774305806759086625,3101
5304,1774305806760741114,1774305806764771262,4030
5305,1774305806766363810,1774305806769795210,3431
5306,1774305806771421820,1774305806775379953,3958
5307,1774305806776999321,1774305806780080884,3081
5308,1774305806781840241,1774305806785779925,3939
5309,1774305806787394330,1774305806791091087,3696
5310,1774305806792785244,1774305806796560691,3775
5311,1774305806798152143,1774305806802009107,3856
5312,1774305806803621940,1774305806806801073,3179
5313,1774305806808431176,1774305806812300941,3869
5314,1774305806814053205,1774305806818146500,4093
5315,1774305806819840363,1774305806823946630,4106
5316,1774305806825617187,1774305806828963765,3346
5317,1774305806830670112,1774305806834786605,4116
5318,1774305806836449664,1774305806840420017,3970
5319,1774305806842155233,1774305806845641293,3486
5320,1774305806847254513,1774305806851455872,4201
5321,1774305806853277076,1774305806857345380,4068
5322,1774305806859048712,1774305806863050537,4001
5323,1774305806864829145,1774305806868841039,4011
5324,1774305806870450999,1774305806873834771,3383
5325,1774305806875493270,1774305806879260191,3766
5326,1774305806880852867,1774305806884787336,3934
5327,1774305806886498583,1774305806890651239,4152
5328,1774305806892211566,1774305806895966181,3754
5329,1774305806897652298,1774305806901133961,3481
5330,1774305806902958275,1774305806906196435,3238
5331,1774305806908260574,1774305806912197273,3936
5332,1774305806913931034,1774305806918125769,4194
5333,1774305806920175997,1774305806924204483,4028
5334,1774305806925857776,1774305806929837694,3979
5335,1774305806931688734,1774305806935115386,3426
5336,1774305806936739649,1774305806940596474,3856
5337,1774305806942287433,1774305806945810619,3523
5338,1774305806947492967,1774305806951515727,4022
5339,1774305806953427951,1774305806957203523,3775
5340,1774305806958934277,1774305806962788624,3854
5341,1774305806964460266,1774305806968459781,3999
5342,1774305806970212751,1774305806974299020,4086
5343,1774305806975812629,1774305806979014004,3201
5344,1774305806980543821,1774305806984665618,4121
5345,1774305806986336221,1774305806990426530,4090
5346,1774305806992027318,1774305806994805556,2778
5347,1774305806996477048,1774305806999561718,3084
5348,1774305807001125182,1774305807004796615,3671
5349,1774305807006217841,1774305807010098132,3880
5350,1774305807011685901,1774305807015015445,3329
5351,1774305807016718079,1774305807019902092,3184
5352,1774305807021644183,1774305807025426306,3782
5353,1774305807027066778,1774305807030164138,3097
5354,1774305807032076725,1774305807036089349,4012
5355,1774305807037984108,1774305807041573679,3589
5356,1774305807043349737,1774305807047444306,4094
5357,1774305807049182675,1774305807052893707,3711
5358,1774305807054515360,1774305807058594149,4078
5359,1774305807060343730,1774305807064242150,3898
5360,1774305807065920176,1774305807068981225,3061
5361,1774305807070533194,1774305807074403050,3869
5362,1774305807075958704,1774305807079097710,3139
5363,1774305807080740384,1774305807084568549,3828
5364,1774305807086246291,1774305807089942788,3696
5365,1774305807091799167,1774305807095704075,3904
5366,1774305807097366159,1774305807101128765,3762
5367,1774305807102918215,1774305807106652881,3734
5368,1774305807108370292,1774305807112561926,4191
5369,1774305807114179936,1774305807118353967,4174
5370,1774305807120077169,1774305807124036584,3959
5371,1774305807125551199,1774305807128651656,3100
5372,1774305807130262186,1774305807134016276,3754
5373,1774305807135679236,1774305807138774594,3095
5374,1774305807140290384,1774305807144296736,4006
5375,1774305807145714297,1774305807149640030,3925
5376,1774305807151306187,1774305807155415467,4109
5377,1774305807157175801,1774305807160995361,3819
5378,1774305807162596543,1774305807165969527,3372
5379,1774305807167577091,1774305807171420857,3843
5380,1774305807173094542,1774305807176547223,3452
5381,1774305807178366877,1774305807182331068,3964
5382,1774305807184039998,1774305807187261935,3221
5383,1774305807188968583,1774305807192291601,3323
5384,1774305807193952911,1774305807197891744,3938
5385,1774305807199513267,1774305807203421918,3908
5386,1774305807205133355,1774305807209116271,3982
5387,1774305807210780950,1774305807213956467,3175
5388,1774305807215610554,1774305807218974273,3363
5389,1774305807220665298,1774305807224167423,3502
5390,1774305807225842429,1774305807229933918,4091
5391,1774305807231618382,1774305807235418599,3800
5392,1774305807237536712,1774305807241686187,4149
5393,1774305807243358040,1774305807247417105,4059
5394,1774305807249111939,1774305807253377498,4265
5395,1774305807255077428,1774305807259116698,4039
5396,1774305807260771985,1774305807263677161,2905
5397,1774305807265127585,1774305807268338236,3210
5398,1774305807270081569,1774305807273793795,3712
5399,1774305807275169703,1774305807279364197,4194
5400,1774305807281019088,1774305807284089948,3070
5401,1774305807285776828,1774305807289592064,3815
5402,1774305807291314088,1774305807295178076,3863
5403,1774305807296826590,1774305807299985253,3158
5404,1774305807301615916,1774305807305263503,3647
5405,1774305807306990973,1774305807310588853,3597
5406,1774305807312344830,1774305807316303578,3958
5407,1774305807318180311,1774305807322037166,3856
5408,1774305807323765978,1774305807327705237,3939
5409,1774305807329328978,1774305807333273029,3944
5410,1774305807335013046,1774305807338097864,3084
5411,1774305807339723896,1774305807343629258,3905
5412,1774305807345463595,1774305807349672606,4209
5413,1774305807351332455,1774305807355231237,3898
5414,1774305807356939578,1774305807360320644,3381
5415,1774305807368200393,1774305807371714866,3514
5416,1774305807373408529,1774305807377573558,4165
5417,1774305807379273833,1774305807382855365,3581
5418,1774305807384496765,1774305807388789662,4292
5419,1774305807390422403,1774305807394222849,3800
5420,1774305807395964069,1774305807399021126,3057
5421,1774305807400790157,1774305807404054911,3264
5422,1774305807405680256,1774305807409092104,3411
5423,1774305807410733478,1774305807414800753,4067
5424,1774305807416512819,1774305807419870272,3357
5425,1774305807421464283,1774305807424852449,3388
5426,1774305807426421491,1774305807429794569,3373
5427,1774305807431566391,1774305807434923738,3357
5428,1774305807436673656,1774305807440539137,3865
5429,1774305807442257234,1774305807445791214,3533
5430,1774305807447477790,1774305807451295398,3817
5431,1774305807452921844,1774305807456022177,3100
5432,1774305807457672697,1774305807461608785,3936
5433,1774305807463293632,1774305807467073207,3779
5434,1774305807468948484,1774305807472881446,3932
5435,1774305807474515319,1774305807478501248,3985
5436,1774305807480355043,1774305807484303059,3948
5437,1774305807486109615,1774305807490064085,3954
5438,1774305807491799761,1774305807495077057,3277
5439,1774305807496927027,1774305807500810683,3883
5440,1774305807502448116,1774305807506008626,3560
5441,1774305807507673786,1774305807511256333,3582
5442,1774305807512918998,1774305807516931629,4012
5443,1774305807518767667,1774305807522787757,4020
5444,1774305807524413017,1774305807528508580,4095
5445,1774305807530113765,1774305807534188821,4075
5446,1774305807535874864,1774305807539884372,4009
5447,1774305807541452331,1774305807545670158,4217
5448,1774305807547367963,1774305807551422770,4054
5449,1774305807553029602,1774305807556087184,3057
5450,1774305807557568525,1774305807561365948,3797
5451,1774305807562934557,1774305807566065688,3131
5452,1774305807567675495,1774305807571344051,3668
5453,1774305807572904607,1774305807576453478,3548
5454,1774305807578061355,1774305807582100436,4039
5455,1774305807583694262,1774305807587551293,3857
5456,1774305807589160754,1774305807593121577,3960
5457,1774305807594904972,1774305807598769692,3864
5458,1774305807600447624,1774305807603962059,3514
5459,1774305807605700440,1774305807609778394,4077
5460,1774305807611381050,1774305807615017156,3636
5461,1774305807616773770,1774305807620891922,4118
5462,1774305807622530669,1774305807626318547,3787
5463,1774305807628012742,1774305807631343546,3330
5464,1774305807633071686,1774305807637011047,3939
5465,1774305807638644206,1774305807642294913,3650
5466,1774305807644044008,1774305807648075965,4031
5467,1774305807649752848,1774305807653732497,3979
5468,1774305807655487901,1774305807659616927,4129
5469,1774305807661272367,1774305807664864290,3591
5470,1774305807666480045,1774305807670592839,4112
5471,1774305807672207978,1774305807675393939,3185
5472,1774305807677041714,1774305807680128807,3087
5473,1774305807681652146,1774305807684843555,3191
5474,1774305807686547244,1774305807689671274,3124
5475,1774305807691106221,1774305807694077427,2971
5476,1774305807695640847,1774305807699695074,4054
5477,1774305807701427556,1774305807704786027,3358
5478,1774305807706419405,1774305807710347817,3928
5479,1774305807712029600,1774305807715624267,3594
5480,1774305807717234885,1774305807721105156,3870
5481,1774305807722740137,1774305807725991754,3251
5482,1774305807727774581,1774305807731769346,3994
5483,1774305807733433363,1774305807737286557,3853
5484,1774305807739266555,1774305807743284319,4017
5485,1774305807744942757,1774305807748502498,3559
5486,1774305807750473047,1774305807754545686,4072
5487,1774305807756321378,1774305807759651593,3330
5488,1774305807761292035,1774305807764885951,3593
5489,1774305807766610816,1774305807770626359,4015
5490,1774305807772411638,1774305807776056290,3644
5491,1774305807777953763,1774305807781818510,3864
5492,1774305807783485942,1774305807787526557,4040
5493,1774305807789490105,1774305807793787138,4297
5494,1774305807795319558,1774305807799508817,4189
5495,1774305807801004588,1774305807804304361,3299
5496,1774305807805830635,1774305807809567449,3736
5497,1774305807811197519,1774305807814319443,3121
5498,1774305807816021298,1774305807820039053,4017
5499,1774305807821389513,1774305807825013944,3624
5500,1774305807826671266,1774305807830785840,4114
5501,1774305807832384404,1774305807835833561,3449
5502,1774305807837572372,1774305807840593625,3021
5503,1774305807842316236,1774305807846257771,3941
5504,1774305807847901233,1774305807851017002,3115
5505,1774305807852684182,1774305807856583682,3899
5506,1774305807858228103,1774305807862169999,3941
5507,1774305807863913380,1774305807867956987,4043
5508,1774305807869634668,1774305807873001172,3366
5509,1774305807874913703,1774305807878775106,3861
5510,1774305807880424348,1774305807884073434,3649
5511,1774305807885970614,1774305807889905268,3934
5512,1774305807891670348,1774305807895684054,4013
5513,1774305807897327606,1774305807901511967,4184
5514,1774305807903309123,1774305807906988015,3678
5515,1774305807908734059,1774305807912099658,3365
5516,1774305807913784281,1774305807917659898,3875
5517,1774305807919370686,1774305807922762563,3391
5518,1774305807924561709,1774305807928556413,3994
5519,1774305807930515335,1774305807934512858,3997
5520,1774305807936228730,1774305807940289772,4061
5521,1774305807942020164,1774305807944954873,2934
5522,1774305807946408667,1774305807950246334,3837
5523,1774305807951832963,1774305807955977513,4144
5524,1774305807957581136,1774305807961073938,3492
5525,1774305807962499024,1774305807966585686,4086
5526,1774305807967951508,1774305807970872863,2921
5527,1774305807972422115,1774305807976034222,3612
5528,1774305807977607303,1774305807980823891,3216
5529,1774305807982449264,1774305807985792731,3343
5530,1774305807987499090,1774305807991489704,3990
5531,1774305807993176344,1774305807996705802,3529
5532,1774305807998509813,1774305808002500505,3990
5533,1774305808004362789,1774305808008128173,3765
5534,1774305808009777136,1774305808013663143,3886
5535,1774305808015272233,1774305808019072734,3800
5536,1774305808020693059,1774305808024306782,3613
5537,1774305808025932618,1774305808029014629,3082
5538,1774305808030725328,1774305808034553386,3828
5539,1774305808036392214,1774305808040178744,3786
5540,1774305808041844078,1774305808045039901,3195
5541,1774305808046691290,1774305808050583036,3891
5542,1774305808052463319,1774305808056686264,4222
5543,1774305808058690782,1774305808062735275,4044
5544,1774305808064551473,1774305808068674918,4123
5545,1774305808070323729,1774305808074694492,4370
5546,1774305808076387135,1774305808080259274,3872
5547,1774305808081933368,1774305808085066959,3133
5548,1774305808086665055,1774305808089957060,3292
5549,1774305808091727666,1774305808095522195,3794
5550,1774305808097175659,1774305808101346261,4170
5551,1774305808103006202,1774305808106927982,3921
5552,1774305808108491876,1774305808111826964,3335
5553,1774305808113134788,1774305808117111653,3976
5554,1774305808118790691,1774305808122621367,3830
5555,1774305808124287848,1774305808128218885,3931
5556,1774305808129853595,1774305808133018687,3165
5557,1774305808134672211,1774305808137928390,3256
5558,1774305808139592424,1774305808143662824,4070
5559,1774305808145490593,1774305808149242227,3751
5560,1774305808151040108,1774305808154355057,3314
5561,1774305808155970656,1774305808159014607,3043
5562,1774305808160950886,1774305808164797933,3847
5563,1774305808166469675,1774305808170536297,4066
5564,1774305808172127073,1774305808175983926,3856
5565,1774305808177597737,1774305808180797404,3199
5566,1774305808182518933,1774305808186156273,3637
5567,1774305808187813939,1774305808191777668,3963
5568,1774305808193417971,1774305808197172549,3754
5569,1774305808198783139,1774305808202628449,3845
5570,1774305808204303918,1774305808208265733,3961
5571,1774305808210144565,1774305808214079398,3934
5572,1774305808215824691,1774305808219950639,4125
5573,1774305808221571829,1774305808225232973,3661
5574,1774305808226913931,1774305808230082946,3169
5575,1774305808231534124,1774305808235385870,3851
5576,1774305808236956961,1774305808240506147,3549
5577,1774305808242113834,1774305808246203141,4089
5578,1774305808247749135,1774305808251291681,3542
5579,1774305808252727728,1774305808256030967,3303
5580,1774305808257758215,1774305808261752591,3994
5581,1774305808263363200,1774305808266652853,3289
5582,1774305808268276377,1774305808271615806,3339
5583,1774305808273231788,1774305808276553348,3321
5584,1774305808278230090,1774305808282102829,3872
5585,1774305808283841671,1774305808287744999,3903
5586,1774305808289478733,1774305808293468298,3989
5587,1774305808295177690,1774305808299238228,4060
5588,1774305808300939483,1774305808304189245,3249
5589,1774305808305868712,1774305808309751236,3882
5590,1774305808311388770,1774305808315240222,3851
5591,1774305808316854951,1774305808320486350,3631
5592,1774305808322345126,1774305808326663100,4317
5593,1774305808328543226,1774305808332350827,3807
5594,1774305808334055647,1774305808338145907,4090
5595,1774305808340082117,1774305808344000116,3917
5596,1774305808345665616,1774305808349082576,3416
5597,1774305808350776899,1774305808354964592,4187
5598,1774305808356676104,1774305808360791283,4115
5599,1774305808362499003,1774305808366632923,4133
5600,1774305808368351815,1774305808372475353,4123
5601,1774305808374166140,1774305808377444047,3277
5602,1774305808379097191,1774305808382142203,3045
5603,1774305808383733411,1774305808387843037,4109
5604,1774305808389582909,1774305808393566347,3983
5605,1774305808395135277,1774305808399012301,3877
5606,1774305808400658162,1774305808404022215,3364
5607,1774305808405649876,1774305808408911756,3261
5608,1774305808410583088,1774305808414512571,3929
5609,1774305808416154008,1774305808419939815,3785
5610,1774305808421592102,1774305808424909762,3317
5611,1774305808426540791,1774305808430333941,3793
5612,1774305808432033210,1774305808436004793,3971
5613,1774305808437645435,1774305808441488885,3843
5614,1774305808443216211,1774305808447426775,4210
5615,1774305808449457000,1774305808453437986,3980
5616,1774305808455174167,1774305808459317967,4143
5617,1774305808461015076,1774305808464992642,3977
5618,1774305808466624512,1774305808470102131,3477
5619,1774305808471940446,1774305808476016099,4075
5620,1774305808477654254,1774305808481586355,3932
5621,1774305808483326385,1774305808486901762,3575
5622,1774305808488428185,1774305808492473795,4045
5623,1774305808494280380,1774305808498113629,3833
5624,1774305808499805652,1774305808502993260,3187
5625,1774305808504605768,1774305808508546749,3940
5626,1774305808510143949,1774305808514087559,3943
5627,1774305808515689476,1774305808518901741,3212
5628,1774305808520569489,1774305808523778194,3208
5629,1774305808525349814,1774305808529562097,4212
5630,1774305808531283276,1774305808534728763,3445
5631,1774305808536427578,1774305808539812168,3384
5632,1774305808541466780,1774305808545665602,4198
5633,1774305808547354769,1774305808551257235,3902
5634,1774305808552893593,1774305808556068390,3174
5635,1774305808557760354,1774305808561632998,3872
5636,1774305808563389213,1774305808566971178,3581
5637,1774305808568605775,1774305808572536620,3930
5638,1774305808574369648,1774305808578791468,4421
5639,1774305808580453695,1774305808584383632,3929
5640,1774305808586002922,1774305808589704852,3701
5641,1774305808591317665,1774305808594962035,3644
5642,1774305808596768276,1774305808600181310,3413
5643,1774305808602032335,1774305808605931147,3898
5644,1774305808607597817,1774305808611658315,4060
5645,1774305808613439507,1774305808617747637,4308
5646,1774305808619446298,1774305808623566071,4119
5647,1774305808624879548,1774305808627911220,3031
5648,1774305808629501443,1774305808633128767,3627
5649,1774305808634770448,1774305808637678711,2908
5650,1774305808639023900,1774305808642301261,3277
5651,1774305808643792270,1774305808647792308,4000
5652,1774305808649449361,1774305808653136103,3686
5653,1774305808654477787,1774305808658247305,3769
5654,1774305808659850477,1774305808663320597,3470
5655,1774305808664889359,1774305808667825534,2936
5656,1774305808669464111,1774305808673367106,3902
5657,1774305808675026536,1774305808678817554,3791
5658,1774305808680630513,1774305808684589089,3958
5659,1774305808686308421,1774305808690419130,4110
5660,1774305808691979498,1774305808695858450,3878
5661,1774305808697503816,1774305808701299851,3796
5662,1774305808703316322,1774305808707157497,3841
5663,1774305808708844559,1774305808712513679,3669
5664,1774305808714155993,1774305808718420714,4264
5665,1774305808720116461,1774305808723847301,3730
5666,1774305808725500393,1774305808729072121,3571
5667,1774305808730735398,1774305808734755404,4020
5668,1774305808736407606,1774305808739986084,3578
5669,1774305808741662449,1774305808745603186,3940
5670,1774305808747403343,1774305808751258235,3854
5671,1774305808752951657,1774305808757009970,4058
5672,1774305808758662724,1774305808762783283,4120
5673,1774305808764400993,1774305808767836055,3435
5674,1774305808769448151,1774305808772701596,3253
5675,1774305808774305971,1774305808778452783,4146
5676,1774305808779981437,1774305808783372691,3391
5677,1774305808784915390,1774305808788067989,3152
5678,1774305808789658638,1774305808792675453,3016
5679,1774305808794217605,1774305808797983038,3765
5680,1774305808799571960,1774305808802918634,3346
5681,1774305808804510305,1774305808808266243,3755
5682,1774305808810051756,1774305808813944863,3893
5683,1774305808815599803,1774305808819544931,3945
5684,1774305808821509603,1774305808824635718,3126
5685,1774305808826384518,1774305808829840301,3455
5686,1774305808831597246,1774305808834977453,3380
5687,1774305808836694547,1774305808840786864,4092
5688,1774305808842447070,1774305808846195934,3748
5689,1774305808847899132,1774305808851836422,3937
5690,1774305808853442491,1774305808857412431,3969
5691,1774305808859311179,1774305808863291356,3980
5692,1774305808864951261,1774305808868747483,3796
5693,1774305808870735753,1774305808874713591,3977
5694,1774305808876377477,1774305808880153251,3775
5695,1774305808882056768,1774305808885560552,3503
5696,1774305808887307933,1774305808890788389,3480
5697,1774305808892622190,1774305808896540655,3918
5698,1774305808898230663,1774305808902044363,3813
5699,1774305808903699124,1774305808907627836,3928
5700,1774305808909110972,1774305808912722410,3611
5701,1774305808914335702,1774305808917652255,3316
5702,1774305808919274781,1774305808923283228,4008
5703,1774305808924902867,1774305808928631265,3728
5704,1774305808930192172,1774305808933782378,3590
5705,1774305808935336032,1774305808938815956,3479
5706,1774305808940428436,1774305808943876451,3448
5707,1774305808945610707,1774305808949697776,4087
5708,1774305808951340245,1774305808955064706,3724
5709,1774305808956729653,1774305808960662563,3932
5710,1774305808962357472,1774305808966463557,4106
5711,1774305808968193522,1774305808972282400,4088
5712,1774305808974129897,1774305808977432128,3302
5713,1774305808979266566,1774305808983098750,3832
5714,1774305808984963594,1774305808988880609,3917
5715,1774305808990630452,1774305808994624200,3993
5716,1774305808996265762,1774305809000117501,3851
5717,1774305809001924228,1774305809005105996,3181
5718,1774305809006754528,1774305809010831473,4076
5719,1774305809012454646,1774305809016153285,3698
5720,1774305809017776669,1774305809021938811,4162
5721,1774305809023604164,1774305809027216671,3612
5722,1774305809028954268,1774305809032558496,3604
5723,1774305809034412990,1774305809038633097,4220
5724,1774305809040195667,1774305809043627011,3431
5725,1774305809045257110,1774305809049396022,4138
5726,1774305809051058884,1774305809055274666,4215
5727,1774305809056916746,1774305809060967584,4050
5728,1774305809062484192,1774305809065825972,3341
5729,1774305809067412957,1774305809071393334,3980
5730,1774305809072947911,1774305809076842385,3894
5731,1774305809078745264,1774305809082156805,3411
5732,1774305809083766417,1774305809087590249,3823
5733,1774305809089438318,1774305809092812270,3373
5734,1774305809094419235,1774305809098187768,3768
5735,1774305809100009623,1774305809103949358,3939
5736,1774305809105568755,1774305809109471915,3903
5737,1774305809111153919,1774305809115289044,4135
5738,1774305809116924406,1774305809120769381,3844
5739,1774305809122490149,1774305809125955198,3465
5740,1774305809127906859,1774305809131190764,3283
5741,1774305809132910628,1774305809136760288,3849
5742,1774305809138418118,1774305809142254897,3836
5743,1774305809144049367,1774305809147980644,3931
5744,1774305809149722850,1774305809153183264,3460
5745,1774305809155020468,1774305809158960851,3940
5746,1774305809160611305,1774305809163966294,3354
5747,1774305809165587181,1774305809169034286,3447
5748,1774305809170707963,1774305809174742020,4034
5749,1774305809176537357,1774305809179931276,3393
5750,1774305809181623043,1774305809185717918,4094
5751,1774305809187260323,1774305809191234100,3973
5752,1774305809192913886,1774305809196043373,3129
5753,1774305809197517581,1774305809200810015,3292
5754,1774305809202480229,1774305809206607610,4127
5755,1774305809208121926,1774305809211598386,3476
5756,1774305809213145128,1774305809216869182,3724
5757,1774305809218484454,1774305809222085993,3601
5758,1774305809223768858,1774305809227674397,3905
5759,1774305809229303234,1774305809232978324,3675
5760,1774305809234615436,1774305809238342313,3726
5761,1774305809240023973,1774305809244088350,4064
5762,1774305809245779350,1774305809249711405,3932
5763,1774305809251382537,1774305809255009975,3627
5764,1774305809256854249,1774305809260202004,3347
5765,1774305809261923472,1774305809265890880,3967
5766,1774305809267735875,1774305809271414003,3678
5767,1774305809273098608,1774305809277050408,3951
5768,1774305809278695886,1774305809281987405,3291
5769,1774305809283739561,1774305809287007188,3267
5770,1774305809288593946,1774305809292367536,3773
5771,1774305809294062189,1774305809297827831,3765
5772,1774305809299482345,1774305809303696763,4214
5773,1774305809305340479,1774305809309129913,3789
5774,1774305809310761264,1774305809313802295,3041
5775,1774305809315434579,1774305809319592742,4158
5776,1774305809321012070,1774305809324562681,3550
5777,1774305809326200930,1774305809329756689,3555
5778,1774305809331386904,1774305809335367819,3980
5779,1774305809336964082,1774305809340272625,3308
5780,1774305809341848068,1774305809344803898,2955
5781,1774305809346380952,1774305809349724370,3343
5782,1774305809351264106,1774305809355112610,3848
5783,1774305809356890327,1774305809360662303,3771
5784,1774305809362310549,1774305809365710664,3400
5785,1774305809367423476,1774305809371453789,4030
5786,1774305809373239178,1774305809376987710,3748
5787,1774305809378650246,1774305809381888588,3238
5788,1774305809383554026,1774305809387274991,3720
5789,1774305809388941133,1774305809392805249,3864
5790,1774305809394610552,1774305809398729967,4119
5791,1774305809400512448,1774305809404652590,4140
5792,1774305809406445022,1774305809410506995,4061
5793,1774305809412361279,1774305809416450676,4089
5794,1774305809418147763,1774305809421642420,3494
5795,1774305809423465184,1774305809427518081,4052
5796,1774305809429466166,1774305809433298960,3832
5797,1774305809435012741,1774305809438360670,3347
5798,1774305809440056395,1774305809444343198,4286
5799,1774305809446039520,1774305809449949519,3909
5800,1774305809451627146,1774305809455058043,3430
5801,1774305809456411856,1774305809460464020,4052
5802,1774305809462065170,1774305809465101006,3035
5803,1774305809466825431,1774305809469940320,3114
5804,1774305809471435354,1774305809475535812,4100
5805,1774305809476978315,1774305809479746601,2768
5806,1774305809481248198,1774305809484348829,3100
5807,1774305809485902643,1774305809489780814,3878
5808,1774305809491518650,1774305809494691277,3172
5809,1774305809496345866,1774305809500347772,4001
5810,1774305809502108100,1774305809505984541,3876
5811,1774305809507629929,1774305809511463038,3833
5812,1774305809513186820,1774305809517129168,3942
5813,1774305809518762352,1774305809522009312,3246
5814,1774305809523756262,1774305809527010476,3254
5815,1774305809528729525,1774305809532298396,3568
5816,1774305809533940977,1774305809537712224,3771
5817,1774305809539464508,1774305809543551504,4086
5818,1774305809545214910,1774305809549081989,3867
5819,1774305809550753252,1774305809554780619,4027
5820,1774305809556678472,1774305809560694997,4016
5821,1774305809562336813,1774305809565781074,3444
5822,1774305809567441485,1774305809571366663,3925
5823,1774305809573023619,1774305809576313905,3290
5824,1774305809578240020,1774305809581620638,3380
5825,1774305809582928613,1774305809586962074,4033
5826,1774305809588268140,1774305809592199036,3930
5827,1774305809593788170,1774305809597282403,3494
5828,1774305809598885783,1774305809602356238,3470
5829,1774305809603915352,1774305809607123581,3208
5830,1774305809608475022,1774305809611579998,3104
5831,1774305809613106802,1774305809616681951,3575
5832,1774305809618112024,1774305809621971015,3858
5833,1774305809623449136,1774305809627331288,3882
5834,1774305809628944119,1774305809632394752,3450
5835,1774305809634013343,1774305809637860509,3847
5836,1774305809639443508,1774305809643048760,3605
5837,1774305809644700026,1774305809647841710,3141
5838,1774305809649502511,1774305809653252865,3750
5839,1774305809655024520,1774305809659074767,4050
5840,1774305809660744885,1774305809664661432,3916
5841,1774305809666315424,1774305809670397766,4082
5842,1774305809672160241,1774305809676143663,3983
5843,1774305809678056028,1774305809681979290,3923
5844,1774305809683744148,1774305809687500892,3756
5845,1774305809689204659,1774305809692708674,3504
5846,1774305809694389999,1774305809698318138,3928
5847,1774305809700091947,1774305809703595445,3503
5848,1774305809705407293,1774305809709429809,4022
5849,1774305809711131317,1774305809714870836,3739
5850,1774305809716631753,1774305809719932047,3300
5851,1774305809721587451,1774305809725335348,3747
5852,1774305809726912992,1774305809730206021,3293
5853,1774305809731864650,1774305809735452976,3588
5854,1774305809737184306,1774305809740309372,3125
5855,1774305809741785926,1774305809745237122,3451
5856,1774305809746763322,1774305809750755873,3992
5857,1774305809752388695,1774305809755759097,3370
5858,1774305809757366893,1774305809760897217,3530
5859,1774305809762654210,1774305809765987271,3333
5860,1774305809767730281,1774305809771392731,3662
5861,1774305809773011348,1774305809777041142,4029
5862,1774305809778723231,1774305809781938880,3215
5863,1774305809783515438,1774305809786957879,3442
5864,1774305809788625884,1774305809791743495,3117
5865,1774305809793478182,1774305809796906937,3428
5866,1774305809798796971,1774305809802787023,3990
5867,1774305809804584330,1774305809808380922,3796
5868,1774305809810047140,1774305809814312525,4265
5869,1774305809815895445,1774305809819735586,3840
5870,1774305809821476865,1774305809825220295,3743
5871,1774305809826916280,1774305809830343842,3427
5872,1774305809832059846,1774305809835638830,3578
5873,1774305809837417438,1774305809840792719,3375
5874,1774305809842459923,1774305809846562739,4102
5875,1774305809848309303,1774305809851871187,3561
5876,1774305809853729077,1774305809857618696,3889
5877,1774305809859287927,1774305809863405850,4117
5878,1774305809865153235,1774305809869434294,4281
5879,1774305809871171026,1774305809875420163,4249
5880,1774305809877079999,1774305809881139295,4059
5881,1774305809882792588,1774305809886815446,4022
5882,1774305809888304986,1774305809891713810,3408
5883,1774305809893310494,1774305809897058009,3747
5884,1774305809898654432,1774305809901895628,3241
5885,1774305809903511662,1774305809907355035,3843
5886,1774305809909021650,1774305809912856633,3834
5887,1774305809914579360,1774305809918129318,3549
5888,1774305809920151793,1774305809924086418,3934
5889,1774305809925831511,1774305809929438022,3606
5890,1774305809931297948,1774305809935344886,4046
5891,1774305809937038475,1774305809940458141,3419
5892,1774305809942198501,1774305809945890454,3691
5893,1774305809947547261,1774305809951580264,4033
5894,1774305809953407803,1774305809957296558,3888
5895,1774305809959032993,1774305809963023481,3990
5896,1774305809964657838,1774305809968033904,3376
5897,1774305809969728233,1774305809973630048,3901
5898,1774305809975253144,1774305809979137033,3883
5899,1774305809980957428,1774305809984943626,3986
5900,1774305809986534879,1774305809990253302,3718
5901,1774305809991854354,1774305809995071450,3217
5902,1774305809996787268,1774305810000974032,4186
5903,1774305810002758179,1774305810005899610,3141
5904,1774305810007722472,1774305810011313695,3591
5905,1774305810012834236,1774305810015977068,3142
5906,1774305810017647759,1774305810021028020,3380
5907,1774305810022736468,1774305810025615821,2879
5908,1774305810026675497,1774305810029684611,3009
5909,1774305810031234755,1774305810034222677,2987
5910,1774305810035811639,1774305810039024489,3212
5911,1774305810040562978,1774305810043897672,3334
5912,1774305810045495835,1774305810048887385,3391
5913,1774305810050508059,1774305810054580312,4072
5914,1774305810056274992,1774305810060091523,3816
5915,1774305810061769342,1774305810064994146,3224
5916,1774305810066934544,1774305810070989648,4055
5917,1774305810072670153,1774305810076544985,3874
5918,1774305810078284220,1774305810082311480,4027
5919,1774305810084182229,1774305810088075119,3892
5920,1774305810089723899,1774305810092820873,3096
5921,1774305810094491408,1774305810098602506,4111
5922,1774305810100358655,1774305810104571376,4212
5923,1774305810106251147,1774305810110287447,4036
5924,1774305810112148067,1774305810116321840,4173
5925,1774305810118099761,1774305810121947005,3847
5926,1774305810123651569,1774305810127678659,4027
5927,1774305810129491793,1774305810132672358,3180
5928,1774305810134451448,1774305810137909939,3458
5929,1774305810139642277,1774305810143049126,3406
5930,1774305810144657290,1774305810148858387,4201
5931,1774305810150487796,1774305810154546828,4059
5932,1774305810156177776,1774305810159395901,3218
5933,1774305810161070496,1774305810165311331,4240
5934,1774305810166534919,1774305810170249208,3714
5935,1774305810171858154,1774305810175619641,3761
5936,1774305810177393080,1774305810180996923,3603
5937,1774305810182768884,1774305810186129925,3361
5938,1774305810188005837,1774305810191642209,3636
5939,1774305810193430756,1774305810197244469,3813
5940,1774305810198938310,1774305810202320962,3382
5941,1774305810204500030,1774305810208526569,4026
5942,1774305810210378934,1774305810213778677,3399
5943,1774305810215818790,1774305810219183654,3364
5944,1774305810221008795,1774305810224928059,3919
5945,1774305810226550338,1774305810230817920,4267
5946,1774305810232522746,1774305810236016590,3493
5947,1774305810237678256,1774305810241217772,3539
5948,1774305810242991751,1774305810246912331,3920
5949,1774305810248595898,1774305810252471747,3875
5950,1774305810254266579,1774305810258373739,4107
5951,1774305810260312189,1774305810264252483,3940
5952,1774305810266235290,1774305810270426596,4191
5953,1774305810272194720,1774305810276068913,3874
5954,1774305810277558980,1774305810281427280,3868
5955,1774305810282710667,1774305810285691759,2981
5956,1774305810287298500,1774305810291135564,3837
5957,1774305810292717593,1774305810295678284,2960
5958,1774305810297277928,1774305810301062782,3784
5959,1774305810302662332,1774305810305931278,3268
5960,1774305810307543455,1774305810310888563,3345
5961,1774305810312597881,1774305810315959882,3362
5962,1774305810317769008,1774305810321868828,4099
5963,1774305810323497828,1774305810327126752,3628
5964,1774305810328774117,1774305810332678396,3904
5965,1774305810334433671,1774305810337840678,3407
5966,1774305810339456325,1774305810343218113,3761
5967,1774305810344848256,1774305810348013908,3165
5968,1774305810349650365,1774305810353581728,3931
5969,1774305810355239230,1774305810359022038,3782
5970,1774305810360877465,1774305810364812942,3935
5971,1774305810366475553,1774305810370236326,3760
5972,1774305810371959140,1774305810375657036,3697
5973,1774305810377301988,1774305810381265605,3963
5974,1774305810382923953,1774305810386062168,3138
5975,1774305810387634174,1774305810391435527,3801
5976,1774305810393141560,1774305810396638410,3496
5977,1774305810398433613,1774305810402438271,4004
5978,1774305810404155518,1774305810408005931,3850
5979,1774305810409806404,1774305810414066385,4259
5980,1774305810415619345,1774305810419625397,4006
5981,1774305810421082291,1774305810425341895,4259
5982,1774305810427050005,1774305810431045552,3995
5983,1774305810432278782,1774305810435317269,3038
5984,1774305810436707369,1774305810440762025,4054
5985,1774305810442421419,1774305810445834588,3413
5986,1774305810447427176,1774305810450701471,3274
5987,1774305810452343916,1774305810456404117,4060
5988,1774305810458191896,1774305810462053761,3861
5989,1774305810463748458,1774305810467682181,3933
5990,1774305810469353753,1774305810472779544,3425
5991,1774305810474192512,1774305810478290349,4097
5992,1774305810479920776,1774305810483456494,3535
5993,1774305810485065489,1774305810488811526,3746
5994,1774305810490418060,1774305810494236934,3818
5995,1774305810495830494,1774305810499435251,3604
5996,1774305810501065428,1774305810504854448,3789
5997,1774305810506439257,1774305810510027786,3588
5998,1774305810511723531,1774305810515698773,3975
5999,1774305810517497292,1774305810521437183,3939
6000,1774305810523160991,1774305810526970286,3809
6001,1774305810528638216,1774305810532719701,4081
6002,1774305810534544720,1774305810538285000,3740
6003,1774305810539943755,1774305810544251286,4307
6004,1774305810545859151,1774305810550005419,4146
6005,1774305810551728105,1774305810555872316,4144
6006,1774305810557443099,1774305810560606393,3163
6007,1774305810561865417,1774305810565932826,4067
6008,1774305810567572161,1774305810571342294,3770
6009,1774305810573104910,1774305810577127181,4022
6010,1774305810578641416,1774305810582128168,3486
6011,1774305810583825621,1774305810586784915,2959
6012,1774305810588316200,1774305810592278976,3962
6013,1774305810593940614,1774305810597080607,3139
6014,1774305810598624560,1774305810602525479,3900
6015,1774305810604139117,1774305810607087208,2948
6016,1774305810608630413,1774305810612636150,4005
6017,1774305810614342729,1774305810618255899,3913
6018,1774305810619961968,1774305810624021847,4059
6019,1774305810625704665,1774305810629899361,4194
6020,1774305810631842081,1774305810635407288,3565
6021,1774305810637194018,1774305810641275037,4081
6022,1774305810642937187,1774305810646482324,3545
6023,1774305810648071492,1774305810651836197,3764
6024,1774305810653459294,1774305810657380870,3921
6025,1774305810658997306,1774305810662721210,3723
6026,1774305810664391274,1774305810668198228,3806
6027,1774305810670046006,1774305810673947414,3901
6028,1774305810675568971,1774305810678715002,3146
6029,1774305810680446171,1774305810684605060,4158
6030,1774305810686303605,1774305810689419191,3115
6031,1774305810691080024,1774305810694721049,3641
6032,1774305810696164803,1774305810699254178,3089
6033,1774305810700811768,1774305810704000904,3189
6034,1774305810705593153,1774305810709540200,3947
6035,1774305810711106943,1774305810714591701,3484
6036,1774305810716065226,1774305810719508037,3442
6037,1774305810721054249,1774305810723995516,2941
6038,1774305810725539106,1774305810728935294,3396
6039,1774305810730711861,1774305810734646773,3934
6040,1774305810736261400,1774305810740000373,3738
6041,1774305810741631608,1774305810745573513,3941
6042,1774305810747288913,1774305810751283659,3994
6043,1774305810753055979,1774305810757095573,4039
6044,1774305810758744470,1774305810762636162,3891
6045,1774305810764465177,1774305810768296675,3831
6046,1774305810769919472,1774305810773685957,3766
6047,1774305810775404614,1774305810779156957,3752
6048,1774305810780859546,1774305810784764525,3904
6049,1774305810786387050,1774305810790476699,4089
6050,1774305810792268750,1774305810796120895,3852
6051,1774305810797789013,1774305810800902348,3113
6052,1774305810802914078,1774305810806896584,3982
6053,1774305810808481287,1774305810812154032,3672
6054,1774305810813762243,1774305810816768881,3006
6055,1774305810818486831,1774305810822636604,4149
6056,1774305810824275518,1774305810827805076,3529
6057,1774305810829515535,1774305810833730902,4215
6058,1774305810835313391,1774305810839198393,3885
6059,1774305810840947868,1774305810844329011,3381
6060,1774305810845885403,1774305810849146513,3261
6061,1774305810850705915,1774305810854563545,3857
6062,1774305810856135750,1774305810859479264,3343
6063,1774305810861015368,1774305810864049719,3034
6064,1774305810865710570,1774305810869347668,3637
6065,1774305810871029925,1774305810874834743,3804
6066,1774305810876509345,1774305810879849956,3340
6067,1774305810881449071,1774305810885334154,3885
6068,1774305810887241613,1774305810891078553,3836
6069,1774305810892735719,1774305810895967198,3231
6070,1774305810897556401,1774305810900888835,3332
6071,1774305810902560574,1774305810906766304,4205
6072,1774305810908421535,1774305810911787781,3366
6073,1774305810913445060,1774305810916836864,3391
6074,1774305810918495975,1774305810922500338,4004
6075,1774305810924417453,1774305810927937784,3520
6076,1774305810929581281,1774305810933507686,3926
6077,1774305810935139710,1774305810938271666,3131
6078,1774305810940052778,1774305810943934498,3881
6079,1774305810945537929,1774305810949358103,3820
6080,1774305810951067769,1774305810954388947,3321
6081,1774305810956284877,1774305810959701787,3416
6082,1774305810961367936,1774305810964460643,3092
6083,1774305810966120639,1774305810969478112,3357
6084,1774305810971131052,1774305810974246258,3115
6085,1774305810975969045,1774305810979933203,3964
6086,1774305810981602725,1774305810984718996,3116
6087,1774305810986435079,1774305810989835252,3400
6088,1774305810991270294,1774305810995041276,3770
6089,1774305810996491427,1774305810999976609,3485
6090,1774305811001590627,1774305811004813038,3222
6091,1774305811006431073,1774305811010237164,3806
6092,1774305811011988771,1774305811015813600,3824
6093,1774305811017430970,1774305811021156619,3725
6094,1774305811023004491,1774305811026239066,3234
6095,1774305811027943245,1774305811031885334,3942
6096,1774305811033509136,1774305811037177669,3668
6097,1774305811038789256,1774305811042017986,3228
6098,1774305811043677982,1774305811047446795,3768
6099,1774305811049057691,1774305811052943680,3885
6100,1774305811054578389,1774305811057873384,3294
6101,1774305811059533631,1774305811063551266,4017
6102,1774305811065351987,1774305811069106395,3754
6103,1774305811070951179,1774305811074289635,3338
6104,1774305811075940916,1774305811079138185,3197
6105,1774305811080860223,1774305811084647009,3786
6106,1774305811086332249,1774305811090110219,3777
6107,1774305811091770592,1774305811095141379,3370
6108,1774305811096910684,1774305811100974955,4064
6109,1774305811102694175,1774305811106274594,3580
6110,1774305811107864675,1774305811111865889,4001
6111,1774305811113335671,1774305811116911243,3575
6112,1774305811118547482,1774305811121926138,3378
6113,1774305811123668359,1774305811127421420,3753
6114,1774305811129077078,1774305811132996442,3919
6115,1774305811134546231,1774305811138076993,3530
6116,1774305811139785429,1774305811143036608,3251
6117,1774305811144966773,1774305811148967311,4000
6118,1774305811150565880,1774305811153955289,3389
6119,1774305811155584659,1774305811159033016,3448
6120,1774305811160662557,1774305811164879891,4217
6121,1774305811166528666,1774305811170108431,3579
6122,1774305811171727227,1774305811175585538,3858
6123,1774305811177368910,1774305811181383743,4014
6124,1774305811183073493,1774305811186958489,3884
6125,1774305811188896044,1774305811192141128,3245
6126,1774305811193953077,1774305811197932619,3979
6127,1774305811199558387,1774305811202996020,3437
6128,1774305811204745313,1774305811208947779,4202
6129,1774305811210718901,1774305811214422581,3703
6130,1774305811216120457,1774305811220154543,4034
6131,1774305811221835022,1774305811225831784,3996
6132,1774305811227549975,1774305811231081182,3531
6133,1774305811233026818,1774305811237059786,4032
6134,1774305811238878195,1774305811242481394,3603
6135,1774305811244120908,1774305811247677762,3556
6136,1774305811249325058,1774305811252462122,3137
6137,1774305811254097939,1774305811257687652,3589
6138,1774305811259294740,1774305811262594812,3300
6139,1774305811264202337,1774305811268484783,4282
6140,1774305811270057074,1774305811274054558,3997
6141,1774305811275650200,1774305811279318366,3668
6142,1774305811280880146,1774305811284538625,3658
6143,1774305811286345752,1774305811290531239,4185
6144,1774305811292327569,1774305811296207467,3879
6145,1774305811297860135,1774305811301345739,3485
6146,1774305811303106612,1774305811306744471,3637
6147,1774305811308400511,1774305811312167151,3766
6148,1774305811313844869,1774305811317131312,3286
6149,1774305811318784331,1774305811322161921,3377
6150,1774305811323909117,1774305811327968478,4059
6151,1774305811329666293,1774305811333767716,4101
6152,1774305811335646138,1774305811339825587,4179
6153,1774305811341711084,1774305811345198521,3487
6154,1774305811346855546,1774305811350205720,3350
6155,1774305811351872335,1774305811355210754,3338
6156,1774305811357159336,1774305811361162114,4002
6157,1774305811362852029,1774305811366544831,3692
6158,1774305811368533134,1774305811372825602,4292
6159,1774305811374459571,1774305811378514694,4055
6160,1774305811380196530,1774305811384176654,3980
6161,1774305811385410814,1774305811388689407,3278
6162,1774305811390301321,1774305811394107018,3805
6163,1774305811395900299,1774305811399128768,3228
6164,1774305811400805028,1774305811404390343,3585
6165,1774305811405766157,1774305811409453628,3687
6166,1774305811411139229,1774305811414969452,3830
6167,1774305811416590092,1774305811420694042,4103
6168,1774305811422516324,1774305811426249375,3733
6169,1774305811427935735,1774305811431063681,3127
6170,1774305811432791640,1774305811436662958,3871
6171,1774305811438309257,1774305811442256039,3946
6172,1774305811444058990,1774305811448240432,4181
6173,1774305811449885378,1774305811453087884,3202
6174,1774305811454768645,1774305811458535839,3767
6175,1774305811460285680,1774305811464061130,3775
6176,1774305811465821580,1774305811469790685,3969
6177,1774305811471450276,1774305811474704789,3254
6178,1774305811476372047,1774305811480105248,3733
6179,1774305811481746354,1774305811485702028,3955
6180,1774305811487359157,1774305811491592195,4233
6181,1774305811493218892,1774305811497238408,4019
6182,1774305811498626334,1774305811502484911,3858
6183,1774305811504114777,1774305811507557329,3442
6184,1774305811509207958,1774305811513320112,4112
6185,1774305811514992410,1774305811519019686,4027
6186,1774305811520806467,1774305811524042956,3236
6187,1774305811525647301,1774305811529318350,3671
6188,1774305811530986940,1774305811534123811,3136
6189,1774305811535632820,1774305811539687577,4054
6190,1774305811541335477,1774305811545103451,3767
6191,1774305811546688525,1774305811549883559,3195
6192,1774305811551782103,1774305811556035965,4253
6193,1774305811557639269,1774305811560906658,3267
6194,1774305811562900226,1774305811566884173,3983
6195,1774305811568489167,1774305811572106913,3617
6196,1774305811573714002,1774305811576997461,3283
6197,1774305811578610261,1774305811582352862,3742
6198,1774305811584202478,1774305811588591993,4389
6199,1774305811590293975,1774305811594021495,3727
6200,1774305811595553550,1774305811599636103,4082
6201,1774305811601249700,1774305811605110058,3860
6202,1774305811606774136,1774305811610854833,4080
6203,1774305811612513358,1774305811616390969,3877
6204,1774305811618263656,1774305811621808172,3544
6205,1774305811623602659,1774305811627683980,4081
6206,1774305811629407605,1774305811633194559,3786
6207,1774305811634898815,1774305811638870414,3971
6208,1774305811640528956,1774305811644220336,3691
6209,1774305811646058655,1774305811649899747,3841
6210,1774305811651609059,1774305811655579938,3970
6211,1774305811657131903,1774305811660529411,3397
6212,1774305811661948469,1774305811665906748,3958
6213,1774305811667520611,1774305811671557426,4036
6214,1774305811673221040,1774305811677165195,3944
6215,1774305811678789670,1774305811681657887,2868
6216,1774305811683142035,1774305811686054884,2912
6217,1774305811687672549,1774305811691152792,3480
6218,1774305811692796649,1774305811696327535,3530
6219,1774305811697868503,1774305811701762809,3894
6220,1774305811703344438,1774305811706754887,3410
6221,1774305811708321164,1774305811711871498,3550
6222,1774305811713534953,1774305811717076661,3541
6223,1774305811718955192,1774305811723117827,4162
6224,1774305811724764221,1774305811728608873,3844
6225,1774305811730280374,1774305811733755474,3475
6226,1774305811735397922,1774305811739386694,3988
6227,1774305811741095260,1774305811744925941,3830
6228,1774305811746701368,1774305811750552437,3851
6229,1774305811752333006,1774305811756136140,3803
6230,1774305811757942191,1774305811761141602,3199
6231,1774305811762892353,1774305811766185634,3293
6232,1774305811767823958,1774305811771428688,3604
6233,1774305811773316361,1774305811777213951,3897
6234,1774305811778842781,1774305811782746115,3903
6235,1774305811784410591,1774305811788437529,4026
6236,1774305811790024632,1774305811793634509,3609
6237,1774305811795194391,1774305811799253983,4059
6238,1774305811801025292,1774305811804488435,3463
6239,1774305811806015362,1774305811809447904,3432
6240,1774305811811109440,1774305811814878915,3769
6241,1774305811816504001,1774305811819645208,3141
6242,1774305811821309610,1774305811824918510,3608
6243,1774305811826539297,1774305811830637692,4098
6244,1774305811832323791,1774305811836203594,3879
6245,1774305811837956711,1774305811841993318,4036
6246,1774305811843721495,1774305811846877657,3156
6247,1774305811848549996,1774305811852565948,4015
6248,1774305811854531433,1774305811857873411,3341
6249,1774305811859565062,1774305811862822224,3257
6250,1774305811864468834,1774305811867822642,3353
6251,1774305811869452590,1774305811873592548,4139
6252,1774305811875378536,1774305811878730039,3351
6253,1774305811880612631,1774305811883895010,3282
6254,1774305811885566001,1774305811888835054,3269
6255,1774305811890501223,1774305811894486524,3985
6256,1774305811896178345,1774305811900214439,4036
6257,1774305811901842252,1774305811905254472,3412
6258,1774305811907016984,1774305811910741938,3724
6259,1774305811912544875,1774305811916269936,3725
6260,1774305811917938974,1774305811921913231,3974
6261,1774305811923645098,1774305811927728042,4082
6262,1774305811929667152,1774305811932896953,3229
6263,1774305811934534411,1774305811937668169,3133
6264,1774305811939301339,1774305811942344349,3043
6265,1774305811943962587,1774305811947108897,3146
6266,1774305811948721959,1774305811951791210,3069
6267,1774305811953372796,1774305811957061804,3689
6268,1774305811958631683,1774305811961756275,3124
6269,1774305811963401354,1774305811966917690,3516
6270,1774305811968521104,1774305811972535425,4014
6271,1774305811974161256,1774305811977552371,3391
6272,1774305811979179598,1774305811983083131,3903
6273,1774305811984697082,1774305811988354306,3657
6274,1774305811990127520,1774305811994003365,3875
6275,1774305811995602423,1774305811999085283,3482
6276,1774305812000980120,1774305812004187628,3207
6277,1774305812005848768,1774305812009739578,3890
6278,1774305812011544758,1774305812015339910,3795
6279,1774305812016981737,1774305812021025955,4044
6280,1774305812022672317,1774305812026551365,3879
6281,1774305812028306770,1774305812031865728,3558
6282,1774305812033730395,1774305812036909720,3179
6283,1774305812038793998,1774305812042685836,3891
6284,1774305812044310489,1774305812048219557,3909
6285,1774305812049959467,1774305812053492722,3533
6286,1774305812055121936,1774305812058826512,3704
6287,1774305812060474366,1774305812063784453,3310
6288,1774305812065485012,1774305812069144062,3659
6289,1774305812070834446,1774305812074810650,3976
6290,1774305812076401802,1774305812080529325,4127
6291,1774305812082235048,1774305812085864047,3628
6292,1774305812087431352,1774305812090674752,3243
6293,1774305812092229308,1774305812095159136,2929
6294,1774305812096730658,1774305812099825874,3095
6295,1774305812101345256,1774305812104698141,3352
6296,1774305812106302399,1774305812109793197,3490
6297,1774305812111431854,1774305812115307804,3875
6298,1774305812116938586,1774305812120031538,3092
6299,1774305812121572053,1774305812125521370,3949
6300,1774305812127198728,1774305812131054203,3855
6301,1774305812132704321,1774305812135920271,3215
6302,1774305812137534039,1774305812141612336,4078
6303,1774305812143310665,1774305812147129877,3819
6304,1774305812148811068,1774305812152704064,3892
6305,1774305812154376588,1774305812158429324,4052
6306,1774305812160101727,1774305812163875621,3773
6307,1774305812165525523,1774305812168725066,3199
6308,1774305812170495939,1774305812174440217,3944
6309,1774305812176161205,1774305812180265052,4103
6310,1774305812181912408,1774305812185922522,4010
6311,1774305812187546115,1774305812191586752,4040
6312,1774305812193431097,1774305812197275348,3844
6313,1774305812199040913,1774305812203100412,4059
6314,1774305812204641114,1774305812207555535,2914
6315,1774305812209193164,1774305812213020071,3826
6316,1774305812214530617,1774305812218125260,3594
6317,1774305812219795785,1774305812222765966,2970
6318,1774305812224109257,1774305812228296124,4186
6319,1774305812229734845,1774305812233342673,3607
6320,1774305812234921671,1774305812237935470,3013
6321,1774305812239573136,1774305812243181715,3608
6322,1774305812244807811,1774305812248748932,3941
6323,1774305812250391795,1774305812254147725,3755
6324,1774305812255951732,1774305812259963236,4011
6325,1774305812261554205,1774305812265317462,3763
6326,1774305812267021927,1774305812270877384,3855
6327,1774305812272753111,1774305812276598750,3845
6328,1774305812278317742,1774305812281936723,3618
6329,1774305812283625660,1774305812286957664,3332
6330,1774305812288644784,1774305812292719828,4075
6331,1774305812294525482,1774305812298071579,3546
6332,1774305812299809505,1774305812303561522,3752
6333,1774305812305184481,1774305812309389511,4205
6334,1774305812311082885,1774305812315180542,4097
6335,1774305812316926215,1774305812320078293,3152
6336,1774305812321886543,1774305812325839075,3952
6337,1774305812327408602,1774305812331283851,3875
6338,1774305812332940585,1774305812337038494,4097
6339,1774305812338798259,1774305812342727360,3929
6340,1774305812344206221,1774305812347829556,3623
6341,1774305812349321090,1774305812352662216,3341
6342,1774305812354146840,1774305812357566833,3419
6343,1774305812359206533,1774305812362967961,3761
6344,1774305812366596115,1774305812370554741,3958
6345,1774305812372112604,1774305812375087068,2974
6346,1774305812376684942,1774305812380952498,4267
6347,1774305812382731259,1774305812386379876,3648
6348,1774305812387981343,1774305812391105003,3123
6349,1774305812392811599,1774305812396690451,3878
6350,1774305812398335765,1774305812401979851,3644
6351,1774305812403645059,1774305812407248136,3603
6352,1774305812408952999,1774305812412995368,4042
6353,1774305812414652557,1774305812418213234,3560
6354,1774305812419847862,1774305812423484859,3636
6355,1774305812425347786,1774305812429198170,3850
6356,1774305812431140690,1774305812435082083,3941
6357,1774305812436798652,1774305812440733029,3934
6358,1774305812442537976,1774305812446589951,4051
6359,1774305812448417500,1774305812452591035,4173
6360,1774305812454524723,1774305812458436044,3911
6361,1774305812460152970,1774305812464150133,3997
6362,1774305812465860163,1774305812469744368,3884
6363,1774305812471364978,1774305812475373230,4008
6364,1774305812477048307,1774305812480949714,3901
6365,1774305812482545272,1774305812486091220,3545
6366,1774305812487792657,1774305812491559558,3766
6367,1774305812493196113,1774305812496528102,3331
6368,1774305812498181028,1774305812501651559,3470
6369,1774305812503096442,1774305812506868532,3772
6370,1774305812508493874,1774305812511618346,3124
6371,1774305812513406251,1774305812517376607,3970
6372,1774305812519096354,1774305812522617192,3520
6373,1774305812524243930,1774305812527675132,3431
6374,1774305812529272477,1774305812533279548,4007
6375,1774305812534879792,1774305812538072301,3192
6376,1774305812539827847,1774305812543713077,3885
6377,1774305812545517605,1774305812549279422,3761
6378,1774305812551108779,1774305812554666104,3557
6379,1774305812556336932,1774305812560437120,4100
6380,1774305812562311163,1774305812565770289,3459
6381,1774305812567434341,1774305812571304355,3870
6382,1774305812572944827,1774305812576190497,3245
6383,1774305812577988597,1774305812581772152,3783
6384,1774305812583627497,1774305812587705740,4078
6385,1774305812589363492,1774305812592766299,3402
6386,1774305812594432388,1774305812597731353,3298
6387,1774305812599350708,1774305812603010777,3660
6388,1774305812604625893,1774305812608520231,3894
6389,1774305812610195478,1774305812613959007,3763
6390,1774305812615576568,1774305812618853940,3277
6391,1774305812620408972,1774305812623084591,2675
6392,1774305812624340500,1774305812628386467,4045
6393,1774305812630042178,1774305812633145394,3103
6394,1774305812634560890,1774305812638445869,3884
6395,1774305812639916968,1774305812643954005,4037
6396,1774305812645587954,1774305812648752534,3164
6397,1774305812650427682,1774305812653710225,3282
6398,1774305812655229749,1774305812658831044,3601
6399,1774305812660259885,1774305812663572728,3312
6400,1774305812665214451,1774305812669063565,3849
6401,1774305812670777898,1774305812674530989,3753
6402,1774305812676123808,1774305812680020176,3896
6403,1774305812681636583,1774305812684801014,3164
6404,1774305812686560531,1774305812690028208,3467
6405,1774305812691651089,1774305812695564957,3913
6406,1774305812697191215,1774305812700613800,3422
6407,1774305812702219612,1774305812706110125,3890
6408,1774305812707674095,1774305812711532183,3858
6409,1774305812713179035,1774305812717197232,4018
6410,1774305812718878939,1774305812722019153,3140
6411,1774305812723716381,1774305812727778427,4062
6412,1774305812729408777,1774305812733056143,3647
6413,1774305812734723507,1774305812737974610,3251
6414,1774305812739760576,1774305812743753020,3992
6415,1774305812745326358,1774305812749135543,3809
6416,1774305812750763551,1774305812754076299,3312
6417,1774305812755685759,1774305812759049984,3364
6418,1774305812760571406,1774305812764632555,4061
6419,1774305812766186230,1774305812769799169,3612
6420,1774305812771507009,1774305812774710885,3203
6421,1774305812776130444,1774305812780164243,4033
6422,1774305812781602543,1774305812784478084,2875
6423,1774305812786013437,1774305812789217023,3203
6424,1774305812790799851,1774305812794581872,3782
6425,1774305812796257360,1774305812799999014,3741
6426,1774305812801653868,1774305812805501132,3847
6427,1774305812807160760,1774305812810733149,3572
6428,1774305812812434998,1774305812816365476,3930
6429,1774305812818027365,1774305812821960343,3932
6430,1774305812823751872,1774305812827558280,3806
6431,1774305812829209146,1774305812832945636,3736
6432,1774305812834852509,1774305812838613365,3760
6433,1774305812840297896,1774305812844189399,3891
6434,1774305812845855651,1774305812849449155,3593
6435,1774305812851078133,1774305812854842190,3764
6436,1774305812856405348,1774305812860089025,3683
6437,1774305812861835834,1774305812865750665,3914
6438,1774305812867400076,1774305812871386430,3986
6439,1774305812873306529,1774305812877413870,4107
6440,1774305812879138144,1774305812883282016,4143
6441,1774305812884930001,1774305812888840151,3910
6442,1774305812890361373,1774305812893501956,3140
6443,1774305812895102396,1774305812898568379,3465
6444,1774305812899863822,1774305812902971305,3107
6445,1774305812904637128,1774305812907673359,3036
6446,1774305812909081498,1774305812913056724,3975
6447,1774305812914616038,1774305812918776689,4160
6448,1774305812920483548,1774305812923709204,3225
6449,1774305812925322819,1774305812929191493,3868
6450,1774305812930806639,1774305812934544577,3737
6451,1774305812936163938,1774305812939997518,3833
6452,1774305812941578527,1774305812944893501,3314
6453,1774305812946548299,1774305812950583991,4035
6454,1774305812952264506,1774305812956091811,3827
6455,1774305812957781673,1774305812961699866,3918
6456,1774305812963438919,1774305812967503728,4064
6457,1774305812969364957,1774305812973212679,3847
6458,1774305812974933303,1774305812978934157,4000
6459,1774305812980622734,1774305812983985276,3362
6460,1774305812985736261,1774305812989209651,3473
6461,1774305812990896931,1774305812994142666,3245
6462,1774305812995952254,1774305812999955512,4003
6463,1774305813001622365,1774305813005164488,3542
6464,1774305813007068716,1774305813010978280,3909
6465,1774305813012642319,1774305813016256544,3614
6466,1774305813018073388,1774305813022458735,4385
6467,1774305813024177184,1774305813028038739,3861
6468,1774305813029716837,1774305813033008946,3292
6469,1774305813034640215,1774305813038575727,3935
6470,1774305813039870333,1774305813043439107,3568
6471,1774305813044783477,1774305813047726569,2943
6472,1774305813049241434,1774305813052658200,3416
6473,1774305813054168136,1774305813057632742,3464
6474,1774305813059174494,1774305813062118164,2943
6475,1774305813063872236,1774305813067828178,3955
6476,1774305813069455849,1774305813073337870,3882
6477,1774305813075145555,1774305813079119894,3974
6478,1774305813080911926,1774305813084585962,3674
6479,1774305813086316156,1774305813090404531,4088
6480,1774305813092250183,1774305813096597937,4347
6481,1774305813098479524,1774305813102554944,4075
6482,1774305813104472143,1774305813108041486,3569
6483,1774305813109898561,1774305813113212577,3314
6484,1774305813114886432,1774305813118185697,3299
6485,1774305813120018851,1774305813124189846,4170
6486,1774305813125926011,1774305813129414814,3488
6487,1774305813131090523,1774305813134817915,3727
6488,1774305813136476146,1774305813140561329,4085
6489,1774305813142211831,1774305813146091054,3879
6490,1774305813147940495,1774305813151754208,3813
6491,1774305813153398438,1774305813156480882,3082
6492,1774305813158133238,1774305813162140703,4007
6493,1774305813163781259,1774305813167374861,3593
6494,1774305813169084635,1774305813172024056,2939
6495,1774305813173689703,1774305813177321203,3631
6496,1774305813178681611,1774305813182512956,3831
6497,1774305813184174140,1774305813188479229,4305
6498,1774305813190069037,1774305813193559142,3490
6499,1774305813195313178,1774305813199175993,3862
6500,1774305813200881070,1774305813204736063,3854
6501,1774305813206436537,1774305813210244468,3807
6502,1774305813212111182,1774305813216054214,3943
6503,1774305813217749255,1774305813221037128,3287
6504,1774305813222661406,1774305813225954316,3292
6505,1774305813227618304,1774305813231724558,4106
6506,1774305813233589153,1774305813237283430,3694
6507,1774305813239038879,1774305813242639394,3600
6508,1774305813244420551,1774305813247869842,3449
6509,1774305813249464318,1774305813253412369,3948
6510,1774305813255036444,1774305813258198308,3161
6511,1774305813259846557,1774305813262987212,3140
6512,1774305813264584529,1774305813268554155,3969
6513,1774305813270300737,1774305813274322095,4021
6514,1774305813276033794,1774305813279192531,3158
6515,1774305813280847563,1774305813284211749,3364
6516,1774305813285882449,1774305813289815321,3932
6517,1774305813291546362,1774305813295240183,3693
6518,1774305813297189820,1774305813300333647,3143
6519,1774305813302157689,1774305813305212330,3054
6520,1774305813306640299,1774305813310030129,3389
6521,1774305813311937155,1774305813314828840,2891
6522,1774305813316290413,1774305813319722789,3432
6523,1774305813321015120,1774305813325346589,4331
6524,1774305813327036699,1774305813330355202,3318
6525,1774305813332008051,1774305813336044820,4036
6526,1774305813337735270,1774305813341378452,3643
6527,1774305813343045578,1774305813347370424,4324
6528,1774305813349469537,1774305813353379909,3910
6529,1774305813355126454,1774305813359168399,4041
6530,1774305813360817770,1774305813364070015,3252
6531,1774305813365734554,1774305813369583796,3849
6532,1774305813371212941,1774305813375100163,3887
6533,1774305813376990596,1774305813380478836,3488
6534,1774305813382552028,1774305813386576522,4024
6535,1774305813388500133,1774305813392656399,4156
6536,1774305813394460876,1774305813398290651,3829
6537,1774305813400172924,1774305813404216827,4043
6538,1774305813405909083,1774305813409711783,3802
6539,1774305813411570539,1774305813414971240,3400
6540,1774305813416664999,1774305813420833850,4168
6541,1774305813422596874,1774305813426551274,3954
6542,1774305813428303676,1774305813432419537,4115
6543,1774305813434132628,1774305813437472515,3339
6544,1774305813439167907,1774305813442588611,3420
6545,1774305813444104691,1774305813447217882,3113
6546,1774305813448917697,1774305813452977612,4059
6547,1774305813454551412,1774305813458663414,4112
6548,1774305813460204281,1774305813463975674,3771
6549,1774305813465561556,1774305813468689369,3127
6550,1774305813470258498,1774305813473617413,3358
6551,1774305813475195263,1774305813478536595,3341
6552,1774305813480314891,1774305813484377595,4062
6553,1774305813486126140,1774305813489810088,3683
6554,1774305813491621835,1774305813495556068,3934
6555,1774305813497262313,1774305813501261989,3999
6556,1774305813503111609,1774305813507043221,3931
6557,1774305813508810240,1774305813512665292,3855
6558,1774305813514429789,1774305813517958473,3528
6559,1774305813519643982,1774305813523758193,4114
6560,1774305813525491880,1774305813529294968,3803
6561,1774305813530946243,1774305813534187314,3241
6562,1774305813535856889,1774305813539051334,3194
6563,1774305813540900534,1774305813544829625,3929
6564,1774305813546489344,1774305813549858314,3368
6565,1774305813551498620,1774305813555316346,3817
6566,1774305813557218475,1774305813561105480,3887
6567,1774305813562812428,1774305813565984499,3172
6568,1774305813567762313,1774305813571933033,4170
6569,1774305813573573562,1774305813577025245,3451
6570,1774305813578900454,1774305813583070491,4170
6571,1774305813584733428,1774305813587904114,3170
6572,1774305813589508898,1774305813593002807,3493
6573,1774305813594717290,1774305813597655831,2938
6574,1774305813599164648,1774305813602255881,3091
6575,1774305813603583022,1774305813607115744,3532
6576,1774305813608734631,1774305813612312140,3577
6577,1774305813613950347,1774305813616987101,3036
6578,1774305813618583227,1774305813622440031,3856
6579,1774305813624097248,1774305813627498409,3401
6580,1774305813629220863,1774305813633055566,3834
6581,1774305813634798948,1774305813638722395,3923
6582,1774305813640385473,1774305813644372362,3986
6583,1774305813646048368,1774305813649495746,3447
6584,1774305813651111534,1774305813654976505,3864
6585,1774305813656777259,1774305813660672581,3895
6586,1774305813662326601,1774305813665847086,3520
6587,1774305813667501413,1774305813670990985,3489
6588,1774305813672657602,1774305813675906859,3249
6589,1774305813677561819,1774305813681608970,4047
6590,1774305813683294592,1774305813686660946,3366
6591,1774305813688304809,1774305813691697580,3392
6592,1774305813693539567,1774305813697239035,3699
6593,1774305813699034008,1774305813702912606,3878
6594,1774305813704555039,1774305813708649940,4094
6595,1774305813710459091,1774305813714127191,3668
6596,1774305813716008486,1774305813719114595,3106
6597,1774305813720831726,1774305813724747203,3915
6598,1774305813726102165,1774305813729784142,3681
6599,1774305813731354395,1774305813735338867,3984
6600,1774305813736753875,1774305813739887647,3133
6601,1774305813741399084,1774305813744966219,3567
6602,1774305813746506722,1774305813750198486,3691
6603,1774305813751835386,1774305813754999833,3164
6604,1774305813756631609,1774305813759914476,3282
6605,1774305813761499555,1774305813765518347,4018
6606,1774305813767117075,1774305813770908207,3791
6607,1774305813772541649,1774305813775746996,3205
6608,1774305813777493583,1774305813780998256,3504
6609,1774305813782759246,1774305813786657921,3898
6610,1774305813788297702,1774305813792327588,4029
6611,1774305813794048112,1774305813797650864,3602
6612,1774305813799287801,1774305813802879149,3591
6613,1774305813804556244,1774305813808739517,4183
6614,1774305813810486435,1774305813814181725,3695
6615,1774305813816001239,1774305813819943482,3942
6616,1774305813821616254,1774305813825651842,4035
6617,1774305813827487289,1774305813831580104,4092
6618,1774305813833504194,1774305813837650094,4145
6619,1774305813839498987,1774305813843261686,3762
6620,1774305813845109828,1774305813849547701,4437
6621,1774305813851298261,1774305813855461144,4162
6622,1774305813857153192,1774305813860208025,3054
6623,1774305813861900990,1774305813865506135,3605
6624,1774305813867125647,1774305813870481816,3356
6625,1774305813872130970,1774305813875461105,3330
6626,1774305813876563112,1774305813880635421,4072
6627,1774305813882201968,1774305813886085326,3883
6628,1774305813887797786,1774305813891039673,3241
6629,1774305813892721853,1774305813896377569,3655
6630,1774305813897993781,1774305813901579110,3585
6631,1774305813903258458,1774305813907216013,3957
6632,1774305813908832985,1774305813912358390,3525
6633,1774305813914173884,1774305813918208156,4034
6634,1774305813920077048,1774305813923956253,3879
6635,1774305813925700257,1774305813929509312,3809
6636,1774305813931217334,1774305813934617033,3399
6637,1774305813936424671,1774305813940199140,3774
6638,1774305813941924402,1774305813945113887,3189
6639,1774305813946887730,1774305813950884890,3997
6640,1774305813952575388,1774305813956282410,3707
6641,1774305813957950705,1774305813961116536,3165
6642,1774305813962911779,1774305813966931685,4019
6643,1774305813968914346,1774305813972470459,3556
6644,1774305813974126867,1774305813978103948,3977
6645,1774305813979961758,1774305813983924541,3962
6646,1774305813985512942,1774305813989455325,3942
6647,1774305813991066614,1774305813995085443,4018
6648,1774305813996720207,1774305814000148693,3428
6649,1774305814001781932,1774305814005740007,3958
6650,1774305814007360467,1774305814010527940,3167
6651,1774305814012270619,1774305814016023717,3753
6652,1774305814017603329,1774305814020976004,3372
6653,1774305814022667100,1774305814026714334,4047
6654,1774305814028411107,1774305814032114738,3703
6655,1774305814033762920,1774305814036925642,3162
6656,1774305814038559422,1774305814042586002,4026
6657,1774305814044244710,1774305814048036569,3791
6658,1774305814049663575,1774305814053558193,3894
6659,1774305814055326815,1774305814058823937,3497
6660,1774305814060679183,1774305814064650733,3971
6661,1774305814066453670,1774305814070215064,3761
6662,1774305814071948155,1774305814075074504,3126
6663,1774305814076738272,1774305814080084841,3346
6664,1774305814081832629,1774305814085484691,3652
6665,1774305814087302837,1774305814091097639,3794
6666,1774305814092729009,1774305814096635379,3906
6667,1774305814098334407,1774305814102681628,4347
6668,1774305814104343284,1774305814108282223,3938
6669,1774305814109985084,1774305814113133271,3148
6670,1774305814115005380,1774305814118395660,3390
6671,1774305814120075831,1774305814123906745,3830
6672,1774305814125589404,1774305814129492614,3903
6673,1774305814130883881,1774305814134084250,3200
6674,1774305814135781033,1774305814139306938,3525
6675,1774305814140956424,1774305814144744455,3788
6676,1774305814146362838,1774305814149559934,3197
6677,1774305814151086153,1774305814153985745,2899
6678,1774305814155483849,1774305814159691919,4208
6679,1774305814161320595,1774305814164776124,3455
6680,1774305814166363155,1774305814169656552,3293
6681,1774305814171276343,1774305814175220333,3943
6682,1774305814176994589,1774305814180786403,3791
6683,1774305814182504886,1774305814186373655,3868
6684,1774305814188074445,1774305814191938987,3864
6685,1774305814193710849,1774305814197038046,3327
6686,1774305814198615625,1774305814202580054,3964
6687,1774305814204195325,1774305814208033164,3837
6688,1774305814209782697,1774305814213003318,3220
6689,1774305814214623550,1774305814218398552,3775
6690,1774305814220178470,1774305814224049294,3870
6691,1774305814225642550,1774305814229086519,3443
6692,1774305814230756628,1774305814234739566,3982
6693,1774305814236611910,1774305814240466058,3854
6694,1774305814242169907,1774305814246023531,3853
6695,1774305814247883379,1774305814251742360,3858
6696,1774305814253456619,1774305814257175095,3718
6697,1774305814259142849,1774305814263216934,4074
6698,1774305814264911144,1774305814267974117,3062
6699,1774305814269641890,1774305814273628098,3986
6700,1774305814275184956,1774305814278570250,3385
6701,1774305814280237417,1774305814283683101,3445
6702,1774305814285278364,1774305814288126226,2847
6703,1774305814289511987,1774305814292739440,3227
6704,1774305814294294536,1774305814297586812,3292
6705,1774305814299008442,1774305814302911137,3902
6706,1774305814304559476,1774305814307893693,3334
6707,1774305814309574133,1774305814313477819,3903
6708,1774305814315190139,1774305814319174033,3983
6709,1774305814320822853,1774305814324015568,3192
6710,1774305814325637235,1774305814329000365,3363
6711,1774305814330626626,1774305814334658225,4031
6712,1774305814336279905,1774305814340012715,3732
6713,1774305814341612034,1774305814344871726,3259
6714,1774305814346582399,1774305814350647902,4065
6715,1774305814352258827,1774305814356429698,4170
6716,1774305814358161143,1774305814362018544,3857
6717,1774305814363659872,1774305814367269455,3609
6718,1774305814368930287,1774305814372111926,3181
6719,1774305814373765989,1774305814377171632,3405
6720,1774305814378862716,1774305814382647388,3784
6721,1774305814384302723,1774305814388057800,3755
6722,1774305814389699990,1774305814393761526,4061
6723,1774305814395355344,1774305814399399748,4044
6724,1774305814400993114,1774305814405051527,4058
6725,1774305814406408672,1774305814410238511,3829
6726,1774305814411939040,1774305814414970802,3031
6727,1774305814416595753,1774305814419791995,3196
6728,1774305814421415851,1774305814425471467,4055
6729,1774305814427151970,1774305814430645257,3493
6730,1774305814432218841,1774305814435569901,3351
6731,1774305814437124848,1774305814441056210,3931
6732,1774305814442809203,1774305814446596193,3786
6733,1774305814448259197,1774305814452287552,4028
6734,1774305814453950586,1774305814457247060,3296
6735,1774305814459070969,1774305814462958907,3887
6736,1774305814464602028,1774305814468615839,4013
6737,1774305814470301096,1774305814474322740,4021
6738,1774305814475936084,1774305814479583618,3647
6739,1774305814481265511,1774305814485254168,3988
6740,1774305814487007337,1774305814490910365,3903
6741,1774305814492560224,1774305814496467418,3907
6742,1774305814498187812,1774305814501850754,3662
6743,1774305814503782330,1774305814507765893,3983
6744,1774305814509456622,1774305814513342027,3885
6745,1774305814514964517,1774305814518157932,3193
6746,1774305814519781882,1774305814523261038,3479
6747,1774305814524891541,1774305814528903778,4012
6748,1774305814530542214,1774305814534493079,3950
6749,1774305814536105771,1774305814540118016,4012
6750,1774305814541696287,1774305814545615036,3918
6751,1774305814547313237,1774305814551248077,3934
6752,1774305814553026093,1774305814556265336,3239
6753,1774305814557929115,1774305814561880925,3951
6754,1774305814563183829,1774305814566254156,3070
6755,1774305814567653054,1774305814571577912,3924
6756,1774305814573126440,1774305814576694087,3567
6757,1774305814578345988,1774305814582312058,3966
6758,1774305814583920127,1774305814586937558,3017
6759,1774305814588501216,1774305814592395957,3894
6760,1774305814594035070,1774305814598065159,4030
6761,1774305814599772180,1774305814602928061,3155
6762,1774305814604551011,1774305814607810850,3259
6763,1774305814609424550,1774305814613557740,4133
6764,1774305814615269990,1774305814618935902,3665
6765,1774305814620585139,1774305814623880449,3295
6766,1774305814625551110,1774305814629413230,3862
6767,1774305814631141487,1774305814634976855,3835
6768,1774305814636611662,1774305814639925177,3313
6769,1774305814641559843,1774305814645391413,3831
6770,1774305814647022540,1774305814651028609,4006
6771,1774305814652714859,1774305814656089109,3374
6772,1774305814657855979,1774305814662205962,4349
6773,1774305814663774458,1774305814667010764,3236
6774,1774305814668715656,1774305814672402981,3687
6775,1774305814674114478,1774305814677842288,3727
6776,1774305814679236293,1774305814682134385,2898
6777,1774305814683715365,1774305814686820109,3104
6778,1774305814688452599,1774305814692514683,4062
6779,1774305814694044496,1774305814697040027,2995
6780,1774305814698509478,1774305814701666420,3156
6781,1774305814703160380,1774305814706279940,3119
6782,1774305814707977553,1774305814711799893,3822
6783,1774305814713361839,1774305814717164732,3802
6784,1774305814718905740,1774305814722174727,3268
6785,1774305814723853113,1774305814726987971,3134
6786,1774305814728718121,1774305814731975015,3256
6787,1774305814733577426,1774305814737492032,3914
6788,1774305814739084264,1774305814742257161,3172
6789,1774305814743901879,1774305814747844663,3942
6790,1774305814749519051,1774305814753552864,4033
6791,1774305814755283896,1774305814759199480,3915
6792,1774305814760851452,1774305814763941626,3090
6793,1774305814765628058,1774305814769305087,3677
6794,1774305814770958453,1774305814774908003,3949
6795,1774305814776583591,1774305814779892967,3309
6796,1774305814781554084,1774305814785453279,3899
6797,1774305814787191143,1774305814790972744,3781
6798,1774305814792622230,1774305814796556226,3933
6799,1774305814798254347,1774305814802162600,3908
6800,1774305814803857434,1774305814807149433,3291
6801,1774305814808944474,1774305814812168330,3223
6802,1774305814813900302,1774305814817026251,3125
6803,1774305814818615435,1774305814822007063,3391
6804,1774305814823635065,1774305814826473926,2838
6805,1774305814828156596,1774305814831891292,3734
6806,1774305814833152637,1774305814836862405,3709
6807,1774305814838560378,1774305814841743519,3183
6808,1774305814843308817,1774305814846573131,3264
6809,1774305814848091633,1774305814852162142,4070
6810,1774305814853834278,1774305814857780735,3946
6811,1774305814859432624,1774305814862775173,3342
6812,1774305814864454590,1774305814868419479,3964
6813,1774305814870086983,1774305814873877572,3790
6814,1774305814875587575,1774305814879612998,4025
6815,1774305814881273063,1774305814885013830,3740
6816,1774305814886661405,1774305814890045206,3383
6817,1774305814891869071,1774305814895761326,3892
6818,1774305814897497726,1774305814901213381,3715
6819,1774305814902929820,1774305814906844314,3914
6820,1774305814908454347,1774305814912423253,3968
6821,1774305814914253065,1774305814918148232,3895
6822,1774305814919941215,1774305814923127714,3186
6823,1774305814924792321,1774305814928181814,3389
6824,1774305814929876913,1774305814933836423,3959
6825,1774305814935527473,1774305814939153818,3626
6826,1774305814940814052,1774305814944926524,4112
6827,1774305814946775056,1774305814950648405,3873
6828,1774305814952274210,1774305814955637191,3362
6829,1774305814957184995,1774305814960436497,3251
6830,1774305814962132491,1774305814965458865,3326
6831,1774305814967070926,1774305814971060571,3989
6832,1774305814972619486,1774305814976289850,3670
6833,1774305814977791472,1774305814980953414,3161
6834,1774305814982507340,1774305814986349897,3842
6835,1774305814987945856,1774305814991467641,3521
6836,1774305814993085051,1774305814996440279,3355
6837,1774305814998062019,1774305815002000493,3938
6838,1774305815003637254,1774305815007381273,3744
6839,1774305815009016260,1774305815012019365,3003
6840,1774305815013679517,1774305815017557398,3877
6841,1774305815019388703,1774305815023105636,3716
6842,1774305815024744625,1774305815028109188,3364
6843,1774305815029797542,1774305815033154426,3356
6844,1774305815034970133,1774305815038853788,3883
6845,1774305815040577186,1774305815044068186,3491
6846,1774305815045955122,1774305815049838575,3883
6847,1774305815051476589,1774305815055570864,4094
6848,1774305815057260238,1774305815060917237,3656
6849,1774305815062655451,1774305815066703806,4048
6850,1774305815068497208,1774305815072104519,3607
6851,1774305815073762384,1774305815076966739,3204
6852,1774305815078601783,1774305815082597236,3995
6853,1774305815084071557,1774305815088146426,4074
6854,1774305815089803526,1774305815093825715,4022
6855,1774305815095554810,1774305815099730116,4175
6856,1774305815101352491,1774305815104253772,2901
6857,1774305815105583644,1774305815108709517,3125
6858,1774305815110046807,1774305815114130260,4083
6859,1774305815115600384,1774305815118797358,3196
6860,1774305815120455940,1774305815124065564,3609
6861,1774305815125684212,1774305815129564756,3880
6862,1774305815131366087,1774305815134920540,3554
6863,1774305815136564776,1774305815140613719,4048
6864,1774305815142423655,1774305815146137406,3713
6865,1774305815147767516,1774305815151663120,3895
6866,1774305815153359343,1774305815157380415,4021
6867,1774305815158988843,1774305815162908750,3919
6868,1774305815164606413,1774305815168549329,3942
6869,1774305815170231488,1774305815173428998,3197
6870,1774305815175090250,1774305815178588585,3498
6871,1774305815180356332,1774305815183834973,3478
6872,1774305815185486904,1774305815189526143,4039
6873,1774305815191393174,1774305815195056905,3663
6874,1774305815196799164,1774305815200934015,4134
6875,1774305815202599393,1774305815206503299,3903
6876,1774305815208299832,1774305815212381305,4081
6877,1774305815214077389,1774305815217909810,3832
6878,1774305815219487350,1774305815223489162,4001
6879,1774305815225167764,1774305815228784310,3616
6880,1774305815230381066,1774305815234156932,3775
6881,1774305815235514080,1774305815238804849,3290
6882,1774305815240308793,1774305815244461173,4152
6883,1774305815246100607,1774305815249764278,3663
6884,1774305815251364258,1774305815254565210,3200
6885,1774305815256070966,1774305815260090663,4019
6886,1774305815261660228,1774305815265182354,3522
6887,1774305815266975717,1774305815269993094,3017
6888,1774305815271679516,1774305815275654846,3975
6889,1774305815277284390,1774305815280889894,3605
6890,1774305815282526636,1774305815286397988,3871
6891,1774305815288020251,1774305815291563868,3543
6892,1774305815293367680,1774305815297332168,3964
6893,1774305815299034443,1774305815302932682,3898
6894,1774305815304724248,1774305815308099264,3375
6895,1774305815309789610,1774305815313551991,3762
6896,1774305815315297813,1774305815319207438,3909
6897,1774305815320916758,1774305815325088873,4172
6898,1774305815326830432,1774305815330465749,3635
6899,1774305815332334963,1774305815336323555,3988
6900,1774305815338150978,1774305815342030740,3879
6901,1774305815343636608,1774305815347713249,4076
6902,1774305815349488829,1774305815353216568,3727
6903,1774305815355040293,1774305815359281290,4240
6904,1774305815361014749,1774305815365016258,4001
6905,1774305815366736549,1774305815370050577,3314
6906,1774305815371593582,1774305815375595501,4001
6907,1774305815377097461,1774305815380926302,3828
6908,1774305815382533945,1774305815386633183,4099
6909,1774305815388296058,1774305815392539447,4243
6910,1774305815394217973,1774305815398172183,3954
6911,1774305815399779753,1774305815402877696,3097
6912,1774305815404654383,1774305815408342794,3688
6913,1774305815410069663,1774305815413941183,3871
6914,1774305815415627759,1774305815419738926,4111
6915,1774305815421518297,1774305815425629400,4111
6916,1774305815427278809,1774305815431025986,3747
6917,1774305815432721363,1774305815436584307,3862
6918,1774305815438502181,1774305815442101408,3599
6919,1774305815443746384,1774305815447335512,3589
6920,1774305815449183266,1774305815453488805,4305
6921,1774305815455358278,1774305815459170279,3812
6922,1774305815460851960,1774305815464077172,3225
6923,1774305815465896000,1774305815469069434,3173
6924,1774305815470734344,1774305815474765742,4031
6925,1774305815476433746,1774305815479832034,3398
6926,1774305815481459089,1774305815485135217,3676
6927,1774305815486728050,1774305815490606613,3878
6928,1774305815492437994,1774305815495783610,3345
6929,1774305815497416169,1774305815500813183,3397
6930,1774305815502382877,1774305815506470838,4087
6931,1774305815508111141,1774305815512156188,4045
6932,1774305815513873141,1774305815516906584,3033
6933,1774305815518475089,1774305815521531201,3056
6934,1774305815522979739,1774305815525786599,2806
6935,1774305815527002268,1774305815529921788,2919
6936,1774305815531591694,1774305815535258225,3666
6937,1774305815536817261,1774305815540599035,3781
6938,1774305815542221787,1774305815545235670,3013
6939,1774305815547053278,1774305815550917093,3863
6940,1774305815552596278,1774305815556017659,3421
6941,1774305815557640508,1774305815561807649,4167
6942,1774305815563542088,1774305815567268857,3726
6943,1774305815569119086,1774305815573141106,4022
6944,1774305815574884767,1774305815578871812,3987
6945,1774305815580613865,1774305815583974060,3360
6946,1774305815585769058,1774305815589859668,4090
6947,1774305815591470784,1774305815595281010,3810
6948,1774305815597016335,1774305815601334916,4318
6949,1774305815603005985,1774305815606994716,3988
6950,1774305815608695863,1774305815612494762,3798
6951,1774305815614010071,1774305815617866331,3856
6952,1774305815619474391,1774305815623291027,3816
6953,1774305815624931306,1774305815628095143,3163
6954,1774305815629729433,1774305815633387265,3657
6955,1774305815635016614,1774305815638510020,3493
6956,1774305815640012266,1774305815642932725,2920
6957,1774305815644545279,1774305815648480229,3934
6958,1774305815649924084,1774305815652928829,3004
6959,1774305815654521732,1774305815657786933,3265
6960,1774305815659271536,1774305815662592813,3321
6961,1774305815664280518,1774305815667924683,3644
6962,1774305815669650162,1774305815673336489,3686
6963,1774305815675036549,1774305815678861857,3825
6964,1774305815680620241,1774305815684472821,3852
6965,1774305815686248640,1774305815690106911,3858
6966,1774305815691734112,1774305815694960831,3226
6967,1774305815696580059,1774305815699760087,3180
6968,1774305815701368051,1774305815704759609,3391
6969,1774305815706577692,1774305815709916548,3338
6970,1774305815711558612,1774305815715328451,3769
6971,1774305815717165611,1774305815721081707,3916
6972,1774305815722840161,1774305815726806458,3966
6973,1774305815728672467,1774305815732817123,4144
6974,1774305815734646121,1774305815738692424,4046
6975,1774305815740810792,1774305815744823128,4012
6976,1774305815746865149,1774305815750695964,3830
6977,1774305815752555260,1774305815756561923,4006
6978,1774305815758532022,1774305815761924629,3392
6979,1774305815763558973,1774305815767742483,4183
6980,1774305815769403405,1774305815773127728,3724
6981,1774305815774771284,1774305815778070244,3298
6982,1774305815779709385,1774305815783446913,3737
6983,1774305815785156156,1774305815788964880,3808
6984,1774305815790732906,1774305815794776576,4043
6985,1774305815796433602,1774305815800593603,4160
6986,1774305815802209843,1774305815806053103,3843
6987,1774305815807725609,1774305815811712509,3986
6988,1774305815813276961,1774305815817101803,3824
6989,1774305815818743674,1774305815821982762,3239
6990,1774305815823620082,1774305815827253246,3633
6991,1774305815828901012,1774305815832950525,4049
6992,1774305815834559256,1774305815837958313,3399
6993,1774305815839573298,1774305815843287302,3714
6994,1774305815844946528,1774305815848768044,3821
6995,1774305815850419459,1774305815854397154,3977
6996,1774305815856074086,1774305815859213293,3139
6997,1774305815860934781,1774305815864176532,3241
6998,1774305815865799865,1774305815869673697,3873
6999,1774305815871294436,1774305815874681866,3387
7000,1774305815876230795,1774305815880146140,3915
7001,1774305815881930597,1774305815885708768,3778
7002,1774305815887383579,1774305815891657249,4273
7003,1774305815893361589,1774305815897543001,4181
7004,1774305815899371235,1774305815903393913,4022
7005,1774305815905129119,1774305815909314933,4185
7006,1774305815911023755,1774305815915114262,4090
7007,1774305815916916167,1774305815920183556,3267
7008,1774305815921749634,1774305815926037513,4287
7009,1774305815927773111,1774305815931637933,3864
7010,1774305815933311441,1774305815937498337,4186
7011,1774305815939187421,1774305815942804486,3617
7012,1774305815944381150,1774305815947783794,3402
7013,1774305815949474552,1774305815953275007,3800
7014,1774305815954979290,1774305815958548983,3569
7015,1774305815960150099,1774305815963973129,3823
7016,1774305815965733840,1774305815969028590,3294
7017,1774305815970961044,1774305815974762480,3801
7018,1774305815976358433,1774305815979681220,3322
7019,1774305815981605565,1774305815985044498,3438
7020,1774305815986657010,1774305815990429510,3772
7021,1774305815992333588,1774305815996106975,3773
7022,1774305815997785076,1774305816001697683,3912
7023,1774305816003334189,1774305816007743797,4409
7024,1774305816009401478,1774305816013488620,4087
7025,1774305816015444512,1774305816019581359,4136
7026,1774305816021258493,1774305816025145895,3887
7027,1774305816027164870,1774305816031351426,4186
7028,1774305816033147461,1774305816037081555,3934
7029,1774305816039036679,1774305816043063722,4027
7030,1774305816044856255,1774305816048916301,4060
7031,1774305816050628287,1774305816054695183,4066
7032,1774305816056302358,1774305816060423762,4121
7033,1774305816062097434,1774305816065346899,3249
7034,1774305816066881817,1774305816070877063,3995
7035,1774305816072520706,1774305816075453505,2932
7036,1774305816076975597,1774305816079883731,2908
7037,1774305816081148729,1774305816085017721,3868
7038,1774305816086618125,1774305816090567109,3948
7039,1774305816092291316,1774305816095856614,3565
7040,1774305816097546259,1774305816101329736,3783
7041,1774305816102978729,1774305816106771914,3793
7042,1774305816108628290,1774305816112506246,3877
7043,1774305816114331175,1774305816118502634,4171
7044,1774305816120228315,1774305816123944297,3715
7045,1774305816125624982,1774305816129631755,4006
7046,1774305816131291673,1774305816135327316,4035
7047,1774305816137157280,1774305816141104472,3947
7048,1774305816142764502,1774305816146570107,3805
7049,1774305816148367143,1774305816151901539,3534
7050,1774305816153663410,1774305816157527971,3864
7051,1774305816159494528,1774305816163210084,3715
7052,1774305816164944719,1774305816168583932,3639
7053,1774305816170256390,1774305816173981802,3725
7054,1774305816175662365,1774305816178838003,3175
7055,1774305816180439946,1774305816184427469,3987
7056,1774305816185980517,1774305816189943864,3963
7057,1774305816191585736,1774305816195333540,3747
7058,1774305816196636573,1774305816200012647,3376
7059,1774305816201481339,1774305816205771289,4289
7060,1774305816207385919,1774305816210803264,3417
7061,1774305816212257941,1774305816215751208,3493
7062,1774305816217465872,1774305816221345085,3879
7063,1774305816223054529,1774305816226717793,3663
7064,1774305816228353075,1774305816232437887,4084
7065,1774305816234066534,1774305816237149795,3083
7066,1774305816238821660,1774305816242038105,3216
7067,1774305816243683842,1774305816247689461,4005
7068,1774305816249346528,1774305816252597732,3251
7069,1774305816254261534,1774305816258222971,3961
7070,1774305816260096793,1774305816264099946,4003
7071,1774305816265736105,1774305816269620711,3884
7072,1774305816271313796,1774305816275305822,3992
7073,1774305816277019519,1774305816280819881,3800
7074,1774305816282463008,1774305816286186236,3723
7075,1774305816287874863,1774305816291253624,3378
7076,1774305816293029708,1774305816297056250,4026
7077,1774305816298729872,1774305816302362174,3632
7078,1774305816304050306,1774305816308099747,4049
7079,1774305816309807272,1774305816313538253,3730
7080,1774305816315405599,1774305816319292708,3887
7081,1774305816320965850,1774305816324035099,3069
7082,1774305816325622495,1774305816329752772,4130
7083,1774305816331371575,1774305816334747480,3375
7084,1774305816336371710,1774305816339471831,3100
7085,1774305816341139604,1774305816345164813,4025
7086,1774305816346798095,1774305816350648264,3850
7087,1774305816352174843,1774305816355277166,3102
7088,1774305816356939326,1774305816360064658,3125
7089,1774305816361693886,1774305816365489552,3795
7090,1774305816367245578,1774305816371032406,3786
7091,1774305816372648091,1774305816375959961,3311
7092,1774305816377495278,1774305816381499612,4004
7093,1774305816383267429,1774305816387109460,3842
7094,1774305816388916399,1774305816392807773,3891
7095,1774305816394366220,1774305816398378352,4012
7096,1774305816400101694,1774305816403668248,3566
7097,1774305816405301788,1774305816408715572,3413
7098,1774305816410497725,1774305816414293542,3795
7099,1774305816415952332,1774305816419995629,4043
7100,1774305816421712504,1774305816426006633,4294
7101,1774305816427774532,1774305816431192212,3417
7102,1774305816432879721,1774305816436183584,3303
7103,1774305816438241232,1774305816442257773,4016
7104,1774305816444007999,1774305816447972700,3964
7105,1774305816449915337,1774305816453915091,3999
7106,1774305816455841256,1774305816459883155,4041
7107,1774305816461496689,1774305816465546398,4049
7108,1774305816467210319,1774305816471240931,4030
7109,1774305816472805987,1774305816475912158,3106
7110,1774305816477415121,1774305816480861166,3446
7111,1774305816482520065,1774305816485689853,3169
7112,1774305816487163776,1774305816491046826,3883
7113,1774305816492634740,1774305816496630271,3995
7114,1774305816497963232,1774305816501942970,3979
7115,1774305816503436564,1774305816507275023,3838
7116,1774305816508938918,1774305816512498332,3559
7117,1774305816514180406,1774305816518115108,3934
7118,1774305816519794061,1774305816523938255,4144
7119,1774305816525604649,1774305816529604827,4000
7120,1774305816531402750,1774305816535490125,4087
7121,1774305816537456912,1774305816540902373,3445
7122,1774305816542696938,1774305816546629366,3932
7123,1774305816548517720,1774305816551787242,3269
7124,1774305816553410665,1774305816557243076,3832
7125,1774305816559061094,1774305816562465913,3404
7126,1774305816564061850,1774305816567849649,3787
7127,1774305816569570648,1774305816572948008,3377
7128,1774305816574622043,1774305816578409608,3787
7129,1774305816580021778,1774305816583850790,3829
7130,1774305816585558264,1774305816588811880,3253
7131,1774305816590498801,1774305816594560451,4061
7132,1774305816595872309,1774305816599462267,3589
7133,1774305816600764686,1774305816603919145,3154
7134,1774305816605213473,1774305816608952340,3738
7135,1774305816610416076,1774305816613346294,2930
7136,1774305816614802388,1774305816617856966,3054
7137,1774305816619161248,1774305816622180101,3018
7138,1774305816623628148,1774305816627243070,3614
7139,1774305816628856467,1774305816631857265,3000
7140,1774305816633487080,1774305816636748295,3261
7141,1774305816638245340,1774305816642253154,4007
7142,1774305816644073155,1774305816647963291,3890
7143,1774305816649608370,1774305816653476386,3868
7144,1774305816655117636,1774305816658369013,3251
7145,1774305816660121118,1774305816663966309,3845
7146,1774305816665604075,1774305816669323143,3719
7147,1774305816671047072,1774305816675405681,4358
7148,1774305816677167915,1774305816680954180,3786
7149,1774305816682561384,1774305816685867162,3305
7150,1774305816687484603,1774305816691365444,3880
7151,1774305816693037346,1774305816696517956,3480
7152,1774305816698336743,1774305816702243023,3906
7153,1774305816703975535,1774305816707222951,3247
7154,1774305816708973215,1774305816713012068,4038
7155,1774305816714677236,1774305816718254963,3577
7156,1774305816720002149,1774305816724065637,4063
7157,1774305816725796111,1774305816729322098,3525
7158,1774305816731071898,1774305816735134180,4062
7159,1774305816736710702,1774305816739919949,3209
7160,1774305816741678973,1774305816745486154,3807
7161,1774305816747310947,1774305816751551461,4240
7162,1774305816753275605,1774305816756411063,3135
7163,1774305816757961965,1774305816761264857,3302
7164,1774305816762889250,1774305816766556733,3667
7165,1774305816768241412,1774305816772601469,4360
7166,1774305816774252275,1774305816777847729,3595
7167,1774305816779670053,1774305816782977046,3306
7168,1774305816784627287,1774305816788589316,3962
7169,1774305816790465076,1774305816794181960,3716
7170,1774305816795852287,1774305816799106893,3254
7171,1774305816800905790,1774305816804524348,3618
7172,1774305816806339608,1774305816810233881,3894
7173,1774305816811869524,1774305816815074458,3204
7174,1774305816817099773,1774305816820665398,3565
7175,1774305816822436260,1774305816826328891,3892
7176,1774305816828056604,1774305816831647615,3591
7177,1774305816833289616,1774305816837245578,3955
7178,1774305816838887875,1774305816842421950,3534
7179,1774305816844038600,1774305816847894315,3855
7180,1774305816849575471,1774305816853596292,4020
7181,1774305816855198623,1774305816859111088,3912
7182,1774305816860645510,1774305816865076596,4431
7183,1774305816866798715,1774305816870358852,3560
7184,1774305816872044189,1774305816876166908,4122
7185,1774305816877768002,1774305816880627514,2859
7186,1774305816881863298,1774305816885789223,3925
7187,1774305816887302670,1774305816891273870,3971
7188,1774305816892432414,1774305816896171361,3738
7189,1774305816897794997,1774305816901851482,4056
7190,1774305816903564502,1774305816907550863,3986
7191,1774305816909162022,1774305816912644158,3482
7192,1774305816914368017,1774305816917813484,3445
7193,1774305816919433919,1774305816923321994,3888
7194,1774305816925025116,1774305816928954750,3929
7195,1774305816930637131,1774305816933970121,3332
7196,1774305816935720968,1774305816939553388,3832
7197,1774305816941208551,1774305816944758062,3549
7198,1774305816946505079,1774305816950509201,4004
7199,1774305816952168495,1774305816956030356,3861
7200,1774305816957894726,1774305816961739726,3845
7201,1774305816963445263,1774305816967445766,4000
7202,1774305816969301005,1774305816973221545,3920
7203,1774305816974872653,1774305816978219854,3347
7204,1774305816980051458,1774305816983941643,3890
7205,1774305816985563409,1774305816989165076,3601
7206,1774305816991051625,1774305816994670914,3619
7207,1774305816996307755,1774305817000317935,4010
7208,1774305817002077474,1774305817006109894,4032
7209,1774305817007753239,1774305817010790944,3037
7210,1774305817012462688,1774305817015568184,3105
7211,1774305817017207942,1774305817021538968,4331
7212,1774305817022888780,1774305817025983034,3094
7213,1774305817027448677,1774305817030883996,3435
7214,1774305817032424987,1774305817036370502,3945
7215,1774305817037898601,1774305817041024904,3126
7216,1774305817042789670,1774305817046646371,3856
7217,1774305817048272130,1774305817051597405,3325
7218,1774305817053208685,1774305817057054819,3846
7219,1774305817058652277,1774305817062612256,3959
7220,1774305817064270903,1774305817067872826,3601
7221,1774305817069666978,1774305817073465162,3798
7222,1774305817075112738,1774305817079261065,4148
7223,1774305817080961304,1774305817084800112,3838
7224,1774305817086469951,1774305817090377700,3907
7225,1774305817092156174,1774305817096118862,3962
7226,1774305817097756714,1774305817100928998,3172
7227,1774305817102801276,1774305817106733538,3932
7228,1774305817108370280,1774305817111786261,3415
7229,1774305817113541503,1774305817116842799,3301
7230,1774305817118478011,1774305817122232036,3754
7231,1774305817124049695,1774305817127533070,3483
7232,1774305817129161178,1774305817133081728,3920
7233,1774305817134797252,1774305817138603119,3805
7234,1774305817140441804,1774305817144503257,4061
7235,1774305817146176575,1774305817149448486,3271
7236,1774305817150914617,1774305817154718177,3803
7237,1774305817156462126,1774305817160191983,3729
7238,1774305817161778795,1774305817164783460,3004
7239,1774305817166583633,1774305817169583324,2999
7240,1774305817171037557,1774305817174964043,3926
7241,1774305817176631934,1774305817180398214,3766
7242,1774305817181976804,1774305817185056014,3079
7243,1774305817186595089,1774305817189576919,2981
7244,1774305817191159540,1774305817195186472,4026
7245,1774305817196952497,1774305817200054069,3101
7246,1774305817201707721,1774305817205350756,3643
7247,1774305817206945630,1774305817210195463,3249
7248,1774305817211847135,1774305817215778080,3930
7249,1774305817217547119,1774305817221148155,3601
7250,1774305817223028821,1774305817227147303,4118
7251,1774305817228904810,1774305817232695586,3790
7252,1774305817234617380,1774305817238740595,4123
7253,1774305817240515247,1774305817244272345,3757
7254,1774305817246017260,1774305817250320005,4302
7255,1774305817251951154,1774305817256069014,4117
7256,1774305817257756145,1774305817261191551,3435
7257,1774305817262891864,1774305817266955583,4063
7258,1774305817268997434,1774305817272604106,3606
7259,1774305817274299555,1774305817278515254,4215
7260,1774305817280155531,1774305817284063986,3908
7261,1774305817285749674,1774305817289901891,4152
7262,1774305817291628830,1774305817295074788,3445
7263,1774305817296769855,1774305817299968424,3198
7264,1774305817301610400,1774305817305273077,3662
7265,1774305817306962665,1774305817310797975,3835
7266,1774305817312453986,1774305817315642806,3188
7267,1774305817317541706,1774305817321733690,4191
7268,1774305817323466748,1774305817327200382,3733
7269,1774305817328961777,1774305817332954274,3992
7270,1774305817334589876,1774305817338392895,3803
7271,1774305817340069237,1774305817343860492,3791
7272,1774305817345672306,1774305817349786008,4113
7273,1774305817351454231,1774305817354935646,3481
7274,1774305817356701687,1774305817360723094,4021
7275,1774305817362472338,1774305817365878758,3406
7276,1774305817367545561,1774305817370891034,3345
7277,1774305817378989930,1774305817382540988,3551
7278,1774305817384244688,1774305817388144613,3899
7279,1774305817389802446,1774305817393650749,3848
7280,1774305817395283568,1774305817399120073,3836
7281,1774305817400937294,1774305817403969332,3032
7282,1774305817405625106,1774305817409648174,4023
7283,1774305817411269618,1774305817414729369,3459
7284,1774305817416455904,1774305817420605731,4149
7285,1774305817422363491,1774305817426171966,3808
7286,1774305817427816353,1774305817431798920,3982
7287,1774305817433395503,1774305817437604828,4209
7288,1774305817439289347,1774305817442630897,3341
7289,1774305817444339987,1774305817447443755,3103
7290,1774305817449021155,1774305817453028648,4007
7291,1774305817454646046,1774305817458531937,3885
7292,1774305817460233071,1774305817464069220,3836
7293,1774305817465872411,1774305817469713549,3841
7294,1774305817471415618,1774305817475038774,3623
7295,1774305817476808015,1774305817480727489,3919
7296,1774305817482374579,1774305817486308880,3934
7297,1774305817488045831,1774305817491632602,3586
7298,1774305817493293752,1774305817497426800,4133
7299,1774305817499091901,1774305817502793140,3701
7300,1774305817504467398,1774305817508390173,3922
7301,1774305817510004054,1774305817513774909,3770
7302,1774305817515395626,1774305817519368592,3972
7303,1774305817521156214,1774305817525076344,3920
7304,1774305817526793150,1774305817530637594,3844
7305,1774305817532281657,1774305817535962843,3681
7306,1774305817537939922,1774305817541860320,3920
7307,1774305817543513522,1774305817547237884,3724
7308,1774305817549048331,1774305817552266177,3217
7309,1774305817553944905,1774305817557055958,3111
7310,1774305817558630838,1774305817562316782,3685
7311,1774305817563907796,1774305817566965029,3057
7312,1774305817568547491,1774305817571893204,3345
7313,1774305817573581336,1774305817576396114,2814
7314,1774305817577833261,1774305817581092964,3259
7315,1774305817582582176,1774305817586366039,3783
7316,1774305817587392929,1774305817591055565,3662
7317,1774305817592617253,1774305817595714173,3096
7318,1774305817597331272,1774305817601190620,3859
7319,1774305817602900023,1774305817607089764,4189
7320,1774305817608704243,1774305817611998025,3293
7321,1774305817613595353,1774305817617523234,3927
7322,1774305817619176809,1774305817623213451,4036
7323,1774305817624906005,1774305817628791414,3885
7324,1774305817630476532,1774305817634431363,3954
7325,1774305817636093692,1774305817639979771,3886
7326,1774305817641574193,1774305817644914355,3340
7327,1774305817646783011,1774305817650783514,4000
7328,1774305817652412582,1774305817656215911,3803
7329,1774305817657975820,1774305817661938882,3963
7330,1774305817663586552,1774305817667445829,3859
7331,1774305817669346577,1774305817672744495,3397
7332,1774305817674388546,1774305817678373024,3984
7333,1774305817680409586,1774305817684068948,3659
7334,1774305817685944547,1774305817690052475,4107
7335,1774305817691752466,1774305817695309962,3557
7336,1774305817696961095,1774305817700549343,3588
7337,1774305817702278404,1774305817705609632,3331
7338,1774305817707272639,1774305817710697133,3424
7339,1774305817712341153,1774305817716443561,4102
7340,1774305817718064423,1774305817721498634,3434
7341,1774305817723138574,1774305817726353287,3214
7342,1774305817727785698,1774305817731483425,3697
7343,1774305817733089813,1774305817737006081,3916
7344,1774305817738649345,1774305817742220424,3571
7345,1774305817743949325,1774305817747950856,4001
7346,1774305817749705964,1774305817753647575,3941
7347,1774305817755567861,1774305817759456357,3888
7348,1774305817761176956,1774305817765189496,4012
7349,1774305817767096802,1774305817771115071,4018
7350,1774305817772781639,1774305817776578756,3797
7351,1774305817778603496,1774305817782550040,3946
7352,1774305817784324955,1774305817788248097,3923
7353,1774305817789956248,1774305817793651567,3695
7354,1774305817795409830,1774305817798990137,3580
7355,1774305817800650261,1774305817804314773,3664
7356,1774305817806284038,1774305817810261563,3977
7357,1774305817811938745,1774305817815756701,3817
7358,1774305817817493613,1774305817820890894,3397
7359,1774305817822562601,1774305817826607159,4044
7360,1774305817828341651,1774305817832079810,3738
7361,1774305817833692477,1774305817836896709,3204
7362,1774305817838523642,1774305817842237141,3713
7363,1774305817843820307,1774305817847776361,3956
7364,1774305817849343609,1774305817853117924,3774
7365,1774305817854751332,1774305817858010868,3259
7366,1774305817859640221,1774305817863243997,3603
7367,1774305817864979623,1774305817869002332,4022
7368,1774305817870618172,1774305817874501797,3883
7369,1774305817876205004,1774305817880253606,4048
7370,1774305817881974005,1774305817885855458,3881
7371,1774305817887442645,1774305817890901842,3459
7372,1774305817892575684,1774305817896471562,3895
7373,1774305817898159898,1774305817902281097,4121
7374,1774305817904158496,1774305817908407346,4248
7375,1774305817910139241,1774305817914076904,3937
7376,1774305817915826766,1774305817919195668,3368
7377,1774305817920845098,1774305817924152207,3307
7378,1774305817926057184,1774305817929987765,3930
7379,1774305817931584237,1774305817935316728,3732
7380,1774305817937044911,1774305817941012246,3967
7381,1774305817942822469,1774305817946678148,3855
7382,1774305817948417534,1774305817951830617,3413
7383,1774305817953656831,1774305817957655412,3998
7384,1774305817959446616,1774305817963634115,4187
7385,1774305817965333720,1774305817969491869,4158
7386,1774305817971214633,1774305817975294032,4079
7387,1774305817977020021,1774305817980594494,3574
7388,1774305817982328590,1774305817986425877,4097
7389,1774305817988260182,1774305817992382272,4122
7390,1774305817994104136,1774305817997200205,3096
7391,1774305817998866864,1774305818002825486,3958
7392,1774305818004447605,1774305818008176857,3729
7393,1774305818009955055,1774305818013661276,3706
7394,1774305818015507545,1774305818019666452,4158
7395,1774305818021401669,1774305818025514384,4112
7396,1774305818027287990,1774305818031296527,4008
7397,1774305818032936946,1774305818036200270,3263
7398,1774305818037853695,1774305818041516295,3662
7399,1774305818043320692,1774305818047093512,3772
7400,1774305818048801021,1774305818052887753,4086
7401,1774305818054520533,1774305818058649523,4128
7402,1774305818060344649,1774305818064188973,3844
7403,1774305818065905339,1774305818069184476,3279
7404,1774305818071083244,1774305818075142402,4059
7405,1774305818076806764,1774305818080426684,3619
7406,1774305818082152537,1774305818086267855,4115
7407,1774305818088149142,1774305818092012524,3863
7408,1774305818093678605,1774305818097029883,3351
7409,1774305818098653562,1774305818102754076,4100
7410,1774305818104418943,1774305818108259169,3840
7411,1774305818109920848,1774305818113145824,3224
7412,1774305818114938395,1774305818118076780,3138
7413,1774305818119593220,1774305818123038552,3445
7414,1774305818124611638,1774305818128405840,3794
7415,1774305818130106214,1774305818133189802,3083
7416,1774305818134646814,1774305818138603033,3956
7417,1774305818140205074,1774305818144007956,3802
7418,1774305818145660556,1774305818148930797,3270
7419,1774305818150556647,1774305818154058204,3501
7420,1774305818155737905,1774305818159433512,3695
7421,1774305818161061364,1774305818164892397,3831
7422,1774305818166500688,1774305818169930993,3430
7423,1774305818171540416,1774305818175240127,3699
7424,1774305818176952771,1774305818181083320,4130
7425,1774305818182727606,1774305818186758815,4031
7426,1774305818188602352,1774305818192689916,4087
7427,1774305818194549535,1774305818198737265,4187
7428,1774305818200628012,1774305818204586201,3958
7429,1774305818206448620,1774305818210413007,3964
7430,1774305818212333431,1774305818216502548,4169
7431,1774305818218289537,1774305818222311379,4021
7432,1774305818224061311,1774305818228209753,4148
7433,1774305818230134369,1774305818234070710,3936
7434,1774305818236005292,1774305818239927633,3922
7435,1774305818241710812,1774305818245742583,4031
7436,1774305818247545773,1774305818251577909,4032
7437,1774305818253318705,1774305818256934579,3615
7438,1774305818258631387,1774305818261839849,3208
7439,1774305818263429918,1774305818267116011,3686
7440,1774305818268695987,1774305818271627510,2931
7441,1774305818273328852,1774305818276675420,3346
7442,1774305818278253094,1774305818282208782,3955
7443,1774305818283969984,1774305818287856180,3886
7444,1774305818289475211,1774305818293279118,3803
7445,1774305818294925001,1774305818298675313,3750
7446,1774305818300404658,1774305818303689696,3285
7447,1774305818305371466,1774305818309414293,4042
7448,1774305818311022435,1774305818314170663,3148
7449,1774305818315915666,1774305818319493713,3578
7450,1774305818321170990,1774305818325172617,4001
7451,1774305818326865808,1774305818330031267,3165
7452,1774305818331653064,1774305818335003210,3350
7453,1774305818336673646,1774305818340108570,3434
7454,1774305818341770316,1774305818345690417,3920
7455,1774305818347340844,1774305818351202407,3861
7456,1774305818352959382,1774305818356928007,3968
7457,1774305818358557673,1774305818362664011,4106
7458,1774305818364378947,1774305818368265855,3886
7459,1774305818369945304,1774305818374000519,4055
7460,1774305818375842096,1774305818379935424,4093
7461,1774305818381957499,1774305818386094418,4136
7462,1774305818387736139,1774305818391436518,3700
7463,1774305818393132761,1774305818397143165,4010
7464,1774305818398930004,1774305818402282234,3352
7465,1774305818403695711,1774305818407762717,4067
7466,1774305818409358072,1774305818413496207,4138
7467,1774305818415193090,1774305818418726845,3533
7468,1774305818420315141,1774305818423845999,3530
7469,1774305818425566605,1774305818429495426,3928
7470,1774305818431261950,1774305818435108779,3846
7471,1774305818437114689,1774305818441237712,4123
7472,1774305818442868802,1774305818446726751,3857
7473,1774305818448566812,1774305818452015508,3448
7474,1774305818453861065,1774305818457765639,3904
7475,1774305818459574459,1774305818463428542,3854
7476,1774305818465092949,1774305818468993892,3900
7477,1774305818470596721,1774305818474197953,3601
7478,1774305818475901292,1774305818479817271,3915
7479,1774305818481463812,1774305818485123112,3659
7480,1774305818486777597,1774305818490731787,3954
7481,1774305818492444323,1774305818496181944,3737
7482,1774305818497981643,1774305818501795501,3813
7483,1774305818503401020,1774305818507292618,3891
7484,1774305818508937388,1774305818512096643,3159
7485,1774305818513706496,1774305818517853993,4147
7486,1774305818519560173,1774305818522988005,3427
7487,1774305818524672935,1774305818528784067,4111
7488,1774305818530356658,1774305818533416963,3060
7489,1774305818535047232,1774305818538564054,3516
7490,1774305818540182652,1774305818544378744,4196
7491,1774305818546054983,1774305818549583576,3528
7492,1774305818551055479,1774305818554573176,3517
7493,1774305818556428080,1774305818560033454,3605
7494,1774305818561650167,1774305818565355716,3705
7495,1774305818566969559,1774305818570023268,3053
7496,1774305818571513702,1774305818575479885,3966
7497,1774305818577091181,1774305818581062280,3971
7498,1774305818582792186,1774305818585940455,3148
7499,1774305818587596032,1774305818591875948,4279
7500,1774305818593607212,1774305818596867797,3260
7501,1774305818598516974,1774305818601803356,3286
7502,1774305818603406608,1774305818607150409,3743
7503,1774305818608807922,1774305818612027461,3219
7504,1774305818613632931,1774305818616633098,3000
7505,1774305818618297361,1774305818621695885,3398
7506,1774305818623347070,1774305818627456578,4109
7507,1774305818629054246,1774305818633066035,4011
7508,1774305818634767814,1774305818638592482,3824
7509,1774305818640320833,1774305818643840632,3519
7510,1774305818645468833,1774305818649405420,3936
7511,1774305818651121624,1774305818655104399,3982
7512,1774305818656565984,1774305818659758528,3192
7513,1774305818661423757,1774305818664780718,3356
7514,1774305818666483768,1774305818669524275,3040
7515,1774305818671070719,1774305818675195709,4124
7516,1774305818676672267,1774305818680018955,3346
7517,1774305818681560177,1774305818685452091,3891
7518,1774305818687198426,1774305818690603327,3404
7519,1774305818692414721,1774305818695621263,3206
7520,1774305818697206697,1774305818700697973,3491
7521,1774305818702326337,1774305818705747335,3420
7522,1774305818707421674,1774305818711503561,4081
7523,1774305818713262765,1774305818716759012,3496
7524,1774305818718409455,1774305818721975764,3566
7525,1774305818723662804,1774305818727580250,3917
7526,1774305818729269265,1774305818733022506,3753
7527,1774305818734684499,1774305818738783723,4099
7528,1774305818740524221,1774305818743914219,3389
7529,1774305818745686802,1774305818749697189,4010
7530,1774305818751495690,1774305818755658684,4162
7531,1774305818757394739,1774305818761514609,4119
7532,1774305818763332291,1774305818767254263,3921
7533,1774305818768932745,1774305818772598113,3665
7534,1774305818774271252,1774305818778176118,3904
7535,1774305818779896656,1774305818783217290,3320
7536,1774305818784848521,1774305818788452252,3603
7537,1774305818790145754,1774305818793982039,3836
7538,1774305818795616132,1774305818798841433,3225
7539,1774305818800423995,1774305818804211079,3787
7540,1774305818805925987,1774305818808938792,3012
7541,1774305818810516850,1774305818813554542,3037
7542,1774305818815221894,1774305818819334970,4113
7543,1774305818821049986,1774305818824652186,3602
7544,1774305818826284219,1774305818830113805,3829
7545,1774305818831767498,1774305818834926273,3158
7546,1774305818836577114,1774305818840659658,4082
7547,1774305818842247550,1774305818846144285,3896
7548,1774305818848105056,1774305818852081500,3976
7549,1774305818853916351,1774305818857856772,3940
7550,1774305818859754844,1774305818863762860,4008
7551,1774305818865610258,1774305818869003296,3393
7552,1774305818870718564,1774305818874917968,4199
7553,1774305818876604188,1774305818880613828,4009
7554,1774305818882282731,1774305818886393720,4110
7555,1774305818888037123,1774305818892015497,3978
7556,1774305818893640966,1774305818897076067,3435
7557,1774305818898679724,1774305818902850148,4170
7558,1774305818904483598,1774305818908120801,3637
7559,1774305818909764187,1774305818913029400,3265
7560,1774305818914998551,1774305818918963500,3964
7561,1774305818920533997,1774305818924293987,3759
7562,1774305818925928873,1774305818929093193,3164
7563,1774305818930731026,1774305818934221016,3489
7564,1774305818935975698,1774305818939148069,3172
7565,1774305818940663620,1774305818944842569,4178
7566,1774305818946231081,1774305818949415747,3184
7567,1774305818951056998,1774305818954275538,3218
7568,1774305818955788081,1774305818959464904,3676
7569,1774305818960993823,1774305818964463081,3469
7570,1774305818966019592,1774305818969074186,3054
7571,1774305818970707853,1774305818974626804,3918
7572,1774305818976221537,1774305818979545257,3323
7573,1774305818981132190,1774305818984946235,3814
7574,1774305818986492132,1774305818989662201,3170
7575,1774305818991286228,1774305818994974601,3688
7576,1774305818996538628,1774305819000135321,3596
7577,1774305819001786999,1774305819004878220,3091
7578,1774305819006643325,1774305819010650504,4007
7579,1774305819012468925,1774305819016164436,3695
7580,1774305819017884349,1774305819021090327,3205
7581,1774305819022871046,1774305819026538616,3667
7582,1774305819028325723,1774305819032374726,4049
7583,1774305819034066143,1774305819038045773,3979
7584,1774305819039960473,1774305819043871056,3910
7585,1774305819045479538,1774305819048933882,3454
7586,1774305819050707938,1774305819054563327,3855
7587,1774305819056302227,1774305819060197488,3895
7588,1774305819061945442,1774305819065388488,3443
7589,1774305819067156595,1774305819070277060,3120
7590,1774305819071844830,1774305819075033135,3188
7591,1774305819076403572,1774305819079837898,3434
7592,1774305819081503192,1774305819084507707,3004
7593,1774305819086001600,1774305819089317511,3315
7594,1774305819090728713,1774305819094844479,4115
7595,1774305819095965204,1774305819098940885,2975
7596,1774305819100587754,1774305819103833112,3245
7597,1774305819105364830,1774305819108828004,3463
7598,1774305819110534021,1774305819114331166,3797
7599,1774305819116000125,1774305819119965445,3965
7600,1774305819121566114,1774305819124859607,3293
7601,1774305819126865396,1774305819130829448,3964
7602,1774305819132529684,1774305819136323746,3794
7603,1774305819137928973,1774305819141941417,4012
7604,1774305819143622117,1774305819147750884,4128
7605,1774305819149478159,1774305819153650466,4172
7606,1774305819155366558,1774305819159365429,3998
7607,1774305819161024102,1774305819164192625,3168
7608,1774305819165909953,1774305819170042874,4132
7609,1774305819171909949,1774305819175475853,3565
7610,1774305819177153979,1774305819181434936,4280
7611,1774305819183319420,1774305819187059289,3739
7612,1774305819188685149,1774305819192683364,3998
7613,1774305819194598239,1774305819198726264,4128
7614,1774305819200434686,1774305819204450555,4015
7615,1774305819206112542,1774305819210303027,4190
7616,1774305819211777765,1774305819215817454,4039
7617,1774305819217371433,1774305819220898484,3527
7618,1774305819222689339,1774305819226220510,3531
7619,1774305819228051747,1774305819231925761,3874
7620,1774305819233730130,1774305819237422288,3692
7621,1774305819239041886,1774305819242090761,3048
7622,1774305819243783568,1774305819247572833,3789
7623,1774305819249315123,1774305819253107201,3792
7624,1774305819254866387,1774305819259057238,4190
7625,1774305819260759300,1774305819264755500,3996
7626,1774305819266461406,1774305819270303083,3841
7627,1774305819272098683,1774305819276046454,3947
7628,1774305819277756737,1774305819281411726,3654
7629,1774305819283287138,1774305819287568526,4281
7630,1774305819289425170,1774305819293519143,4093
7631,1774305819295335916,1774305819299210031,3874
7632,1774305819300939039,1774305819304946893,4007
7633,1774305819306664537,1774305819310727620,4063
7634,1774305819312469591,1774305819316317987,3848
7635,1774305819318183627,1774305819322283026,4099
7636,1774305819324126673,1774305819327710087,3583
7637,1774305819329512740,1774305819332957722,3444
7638,1774305819334740961,1774305819338028702,3287
7639,1774305819339653275,1774305819342653816,3000
7640,1774305819344468959,1774305819347601928,3132
7641,1774305819349282721,1774305819353511315,4228
7642,1774305819355116935,1774305819358300301,3183
7643,1774305819360025691,1774305819363984291,3958
7644,1774305819365578472,1774305819368536227,2957
7645,1774305819370261030,1774305819373406192,3145
7646,1774305819374988249,1774305819379016434,4028
7647,1774305819380599146,1774305819384638122,4038
7648,1774305819386302762,1774305819389790392,3487
7649,1774305819391436534,1774305819394727766,3291
7650,1774305819396426021,1774305819400521327,4095
7651,1774305819402165279,1774305819405755724,3590
7652,1774305819407420007,1774305819410723474,3303
7653,1774305819412373128,1774305819416278430,3905
7654,1774305819417969759,1774305819421824551,3854
7655,1774305819423552222,1774305819427474154,3921
7656,1774305819429159618,1774305819433154942,3995
7657,1774305819434976001,1774305819438805921,3829
7658,1774305819440556995,1774305819444638796,4081
7659,1774305819446379730,1774305819450452648,4072
7660,1774305819452109316,1774305819456029163,3919
7661,1774305819457658980,1774305819460935445,3276
7662,1774305819462576822,1774305819466810044,4233
7663,1774305819468482804,1774305819472506802,4023
7664,1774305819474211670,1774305819478093801,3882
7665,1774305819479889297,1774305819483710822,3821
7666,1774305819485274802,1774305819488494362,3219
7667,1774305819490040260,1774305819492992184,2951
7668,1774305819494602624,1774305819498048416,3445
7669,1774305819499636140,1774305819503095759,3459
7670,1774305819504564527,1774305819507686791,3122
7671,1774305819509336832,1774305819513017758,3680
7672,1774305819514404911,1774305819517831784,3426
7673,1774305819519363439,1774305819523118941,3755
7674,1774305819524828598,1774305819528023053,3194
7675,1774305819529632543,1774305819533510972,3878
7676,1774305819535089978,1774305819538971524,3881
7677,1774305819540748567,1774305819543963949,3215
7678,1774305819545662796,1774305819549510421,3847
7679,1774305819551200204,1774305819555140988,3940
7680,1774305819556948787,1774305819560143299,3194
7681,1774305819561885366,1774305819565170917,3285
7682,1774305819567028186,1774305819570893776,3865
7683,1774305819572547634,1774305819576240460,3692
7684,1774305819578132047,1774305819582113205,3981
7685,1774305819583746813,1774305819587401902,3655
7686,1774305819589076002,1774305819593049250,3973
7687,1774305819594756079,1774305819598666027,3909
7688,1774305819600277500,1774305819603697537,3420
7689,1774305819605348660,1774305819609437553,4088
7690,1774305819611241532,1774305819614698724,3457
7691,1774305819616357981,1774305819619481719,3123
7692,1774305819620812816,1774305819624654577,3841
7693,1774305819625754156,1774305819628977203,3223
7694,1774305819630329268,1774305819634405686,4076
7695,1774305819635877470,1774305819639414760,3537
7696,1774305819641038907,1774305819644085576,3046
7697,1774305819645510225,1774305819649460920,3950
7698,1774305819650679823,1774305819654565808,3885
7699,1774305819656204343,1774305819659644530,3440
7700,1774305819661284843,1774305819664626207,3341
7701,1774305819666357412,1774305819670485001,4127
7702,1774305819672166548,1774305819676042753,3876
7703,1774305819677641324,1774305819681422589,3781
7704,1774305819683017406,1774305819686718239,3700
7705,1774305819688308014,1774305819692126708,3818
7706,1774305819693720411,1774305819697182717,3462
7707,1774305819698822715,1774305819702661835,3839
7708,1774305819704253614,1774305819708068413,3814
7709,1774305819709630686,1774305819712816289,3185
7710,1774305819714469708,1774305819718397130,3927
7711,1774305819720055035,1774305819723795766,3740
7712,1774305819725437192,1774305819729500353,4063
7713,1774305819731177895,1774305819735292373,4114
7714,1774305819736929046,1774305819740738132,3809
7715,1774305819742382871,1774305819745739381,3356
7716,1774305819747499937,1774305819751539914,4039
7717,1774305819753275646,1774305819757030864,3755
7718,1774305819758778442,1774305819762177956,3399
7719,1774305819763767392,1774305819767358249,3590
7720,1774305819769000538,1774305819772599831,3599
7721,1774305819774272456,1774305819777769075,3496
7722,1774305819779378407,1774305819782847028,3468
7723,1774305819784528985,1774305819788030548,3501
7724,1774305819789662435,1774305819792989062,3326
7725,1774305819794603220,1774305819798409653,3806
7726,1774305819800117742,1774305819804071362,3953
7727,1774305819805731175,1774305819809124867,3393
7728,1774305819810859378,1774305819814691146,3831
7729,1774305819816342743,1774305819820204303,3861
7730,1774305819822038704,1774305819826025423,3986
7731,1774305819827640073,1774305819831680930,4040
7732,1774305819833438417,1774305819837365720,3927
7733,1774305819839193757,1774305819843232773,4039
7734,1774305819845033045,1774305819848908559,3875
7735,1774305819850615617,1774305819854669478,4053
7736,1774305819856414905,1774305819860243461,3828
7737,1774305819862017034,1774305819865998691,3981
7738,1774305819867630459,1774305819871247228,3616
7739,1774305819872978712,1774305819876812687,3833
7740,1774305819878428136,1774305819882061228,3633
7741,1774305819883786406,1774305819887982802,4196
7742,1774305819889791903,1774305819893382075,3590
7743,1774305819895065803,1774305819899153537,4087
7744,1774305819900991243,1774305819904124619,3133
7745,1774305819905985279,1774305819909465705,3480
7746,1774305819911085800,1774305819914205007,3119
7747,1774305819915721803,1774305819918709858,2988
7748,1774305819920326925,1774305819924478967,4152
7749,1774305819925992657,1774305819929462992,3470
7750,1774305819931035746,1774305819935001515,3965
7751,1774305819936780525,1774305819940643129,3862
7752,1774305819942280207,1774305819946193018,3912
7753,1774305819947924674,1774305819951912678,3988
7754,1774305819953517904,1774305819956924988,3407
7755,1774305819958543064,1774305819961900347,3357
7756,1774305819963499434,1774305819967587170,4087
7757,1774305819969179211,1774305819972534857,3355
7758,1774305819974347627,1774305819978174807,3827
7759,1774305819979848966,1774305819983762514,3913
7760,1774305819985646632,1774305819989338738,3692
7761,1774305819991019278,1774305819994961236,3941
7762,1774305819996610253,1774305820000070194,3459
7763,1774305820001689572,1774305820005357323,3667
7764,1774305820007048027,1774305820010505731,3457
7765,1774305820012355240,1774305820016217689,3862
7766,1774305820017952630,1774305820022116052,4163
7767,1774305820024259926,1774305820028246698,3986
7768,1774305820029962199,1774305820033923201,3961
7769,1774305820035463754,1774305820039398879,3935
7770,1774305820040904381,1774305820045046501,4142
7771,1774305820046626769,1774305820049837709,3210
7772,1774305820051573829,1774305820055546694,3972
7773,1774305820057084540,1774305820060438781,3354
7774,1774305820061807620,1774305820065833824,4026
7775,1774305820067507141,1774305820071175360,3668
7776,1774305820072793050,1774305820076771244,3978
7777,1774305820078362868,1774305820082161944,3799
7778,1774305820083939664,1774305820087538978,3599
7779,1774305820089182538,1774305820092991287,3808
7780,1774305820094676925,1774305820098026501,3349
7781,1774305820099628872,1774305820103348202,3719
7782,1774305820104944814,1774305820108594083,3649
7783,1774305820110500245,1774305820114609948,4109
7784,1774305820116310512,1774305820120129782,3819
7785,1774305820122005838,1774305820125837621,3831
7786,1774305820127534989,1774305820131377349,3842
7787,1774305820133086205,1774305820137453865,4367
7788,1774305820139141606,1774305820143155394,4013
7789,1774305820145229574,1774305820149230884,4001
7790,1774305820150880007,1774305820154809800,3929
7791,1774305820156578505,1774305820160120190,3541
7792,1774305820161807220,1774305820165767487,3960
7793,1774305820167506938,1774305820171333013,3826
7794,1774305820173035041,1774305820177187339,4152
7795,1774305820178906133,1774305820182577951,3671
7796,1774305820184066868,1774305820187346827,3279
7797,1774305820188934733,1774305820192000282,3065
7798,1774305820193484106,1774305820196838517,3354
7799,1774305820198365312,1774305820201736135,3370
7800,1774305820203448373,1774305820206537864,3089
7801,1774305820208097385,1774305820212049428,3952
7802,1774305820213607906,1774305820217536194,3928
7803,1774305820219171438,1774305820223074684,3903
7804,1774305820224710443,1774305820228599743,3889
7805,1774305820230443984,1774305820233820573,3376
7806,1774305820235699912,1774305820239782515,4082
7807,1774305820241567635,1774305820245035706,3468
7808,1774305820246658886,1774305820250043076,3384
7809,1774305820251810186,1774305820255198764,3388
7810,1774305820257103440,1774305820260968850,3865
7811,1774305820262558109,1774305820266171952,3613
7812,1774305820267391674,1774305820270927950,3536
7813,1774305820272596006,1774305820276541300,3945
7814,1774305820278146756,1774305820282111039,3964
7815,1774305820283742950,1774305820287656734,3913
7816,1774305820289307269,1774305820293236877,3929
7817,1774305820295065703,1774305820298960741,3895
7818,1774305820300592940,1774305820303948545,3355
7819,1774305820305627743,1774305820309659389,4031
7820,1774305820311327181,1774305820315315407,3988
7821,1774305820316928870,1774305820320072156,3143
7822,1774305820321726220,1774305820325687324,3961
7823,1774305820327291938,1774305820330800428,3508
7824,1774305820332305672,1774305820336337950,4032
7825,1774305820337809980,1774305820340974273,3164
7826,1774305820342416063,1774305820345632693,3216
7827,1774305820347203977,1774305820351218134,4014
7828,1774305820352761082,1774305820355898758,3137
7829,1774305820357606663,1774305820361903404,4296
7830,1774305820363762253,1774305820367573429,3811
7831,1774305820369333274,1774305820373261197,3927
7832,1774305820375204639,1774305820378860206,3655
7833,1774305820380685502,1774305820384253290,3567
7834,1774305820386024430,1774305820389643417,3618
7835,1774305820391611415,1774305820395712922,4101
7836,1774305820397474321,1774305820401321235,3846
7837,1774305820403251705,1774305820407497581,4245
7838,1774305820409284162,1774305820413170991,3886
7839,1774305820415233837,1774305820418907259,3673
7840,1774305820420595617,1774305820424667517,4071
7841,1774305820426534368,1774305820430397782,3863
7842,1774305820432202224,1774305820436414958,4212
7843,1774305820438108235,1774305820442254430,4146
7844,1774305820443959615,1774305820447920879,3961
7845,1774305820449674005,1774305820452648260,2974
7846,1774305820454210906,1774305820458183280,3972
7847,1774305820459686280,1774305820463803321,4117
7848,1774305820465555224,1774305820469311014,3755
7849,1774305820470967364,1774305820474038282,3070
7850,1774305820475273921,1774305820478700219,3426
7851,1774305820480324708,1774305820483548501,3223
7852,1774305820485147453,1774305820489192404,4044
7853,1774305820490751397,1774305820494706623,3955
7854,1774305820496447272,1774305820500590707,4143
7855,1774305820502388141,1774305820506549725,4161
7856,1774305820508358482,1774305820512669375,4310
7857,1774305820514469079,1774305820518481048,4011
7858,1774305820520271893,1774305820524164882,3892
7859,1774305820526014360,1774305820530095611,4081
7860,1774305820531942725,1774305820535776022,3833
7861,1774305820537541543,1774305820541535860,3994
7862,1774305820543364426,1774305820546893743,3529
7863,1774305820548538109,1774305820552297052,3758
7864,1774305820553986530,1774305820558051007,4064
7865,1774305820559800497,1774305820563749737,3949
7866,1774305820565510263,1774305820569591119,4080
7867,1774305820571315100,1774305820575142395,3827
7868,1774305820577041094,1774305820580989801,3948
7869,1774305820582751092,1774305820586723270,3972
7870,1774305820588258877,1774305820591373100,3114
7871,1774305820592581540,1774305820596189399,3607
7872,1774305820597589993,1774305820600548333,2958
7873,1774305820602113597,1774305820605690590,3576
7874,1774305820607317414,1774305820611314406,3996
7875,1774305820612914023,1774305820616136903,3222
7876,1774305820617805157,1774305820621408565,3603
7877,1774305820623068544,1774305820626936186,3867
7878,1774305820628565590,1774305820631801949,3236
7879,1774305820633392195,1774305820637487794,4095
7880,1774305820639302062,1774305820643250257,3948
7881,1774305820645024944,1774305820648355851,3330
7882,1774305820650055435,1774305820653917234,3861
7883,1774305820655713663,1774305820659120675,3407
7884,1774305820660777144,1774305820664926246,4149
7885,1774305820666956875,1774305820670865221,3908
7886,1774305820672543570,1774305820676575419,4031
7887,1774305820678239471,1774305820682153799,3914
7888,1774305820683945253,1774305820687856314,3911
7889,1774305820689538873,1774305820693244962,3706
7890,1774305820694947172,1774305820698330045,3382
7891,1774305820700117416,1774305820704299615,4182
7892,1774305820706066267,1774305820709725842,3659
7893,1774305820711443867,1774305820715476448,4032
7894,1774305820717133920,1774305820721335456,4201
7895,1774305820723037616,1774305820726217403,3179
7896,1774305820727924342,1774305820731159638,3235
7897,1774305820733020600,1774305820737017514,3996
7898,1774305820738698027,1774305820742737624,4039
7899,1774305820744347805,1774305820748714573,4366
7900,1774305820750417959,1774305820754547504,4129
7901,1774305820756293705,1774305820760515652,4221
7902,1774305820762166058,1774305820766302275,4136
7903,1774305820768136327,1774305820771643379,3507
7904,1774305820773346940,1774305820777314156,3967
7905,1774305820779139305,1774305820782848050,3708
7906,1774305820784606908,1774305820788634715,4027
7907,1774305820790311693,1774305820793734373,3422
7908,1774305820795409985,1774305820799208323,3798
7909,1774305820800782359,1774305820804476047,3693
7910,1774305820806143829,1774305820809949741,3805
7911,1774305820811604557,1774305820815136647,3532
7912,1774305820817014043,1774305820821128406,4114
7913,1774305820822774124,1774305820826630688,3856
7914,1774305820828197832,1774305820832155609,3957
7915,1774305820833926838,1774305820837859306,3932
7916,1774305820839708867,1774305820843367968,3659
7917,1774305820845141590,1774305820849086980,3945
7918,1774305820850952451,1774305820854158819,3206
7919,1774305820855926642,1774305820859933615,4006
7920,1774305820861497393,1774305820864853898,3356
7921,1774305820866450227,1774305820869471702,3021
7922,1774305820871138277,1774305820874267289,3129
7923,1774305820875666259,1774305820878628601,2962
7924,1774305820880181834,1774305820883257111,3075
7925,1774305820884919208,1774305820888576353,3657
7926,1774305820890081136,1774305820894089656,4008
7927,1774305820895696271,1774305820899780629,4084
7928,1774305820901482574,1774305820905173759,3691
7929,1774305820907051315,1774305820911160381,4109
7930,1774305820912816985,1774305820916122972,3305
7931,1774305820917785943,1774305820921719907,3933
7932,1774305820923467992,1774305820927162583,3694
7933,1774305820928867737,1774305820932707331,3839
7934,1774305820934286444,1774305820937625983,3339
7935,1774305820939247850,1774305820943136274,3888
7936,1774305820944774131,1774305820948338224,3564
7937,1774305820950160087,1774305820954100425,3940
7938,1774305820955763711,1774305820959666657,3902
7939,1774305820961529529,1774305820965552836,4023
7940,1774305820967276122,1774305820971275806,3999
7941,1774305820973103393,1774305820976434825,3331
7942,1774305820978137882,1774305820982032908,3895
7943,1774305820983852133,1774305820987162262,3310
7944,1774305820988908813,1774305820992021272,3112
7945,1774305820993656500,1774305820997019399,3362
7946,1774305820998656339,1774305821001772889,3116
7947,1774305821003458358,1774305821007603274,4144
7948,1774305821009178344,1774305821012651311,3472
7949,1774305821014219566,1774305821017798291,3578
7950,1774305821019427188,1774305821022851070,3423
7951,1774305821024413730,1774305821028627005,4213
7952,1774305821030196268,1774305821033966910,3770
7953,1774305821035640250,1774305821039609561,3969
7954,1774305821041335469,1774305821044946932,3611
7955,1774305821046648867,1774305821050045675,3396
7956,1774305821051744596,1774305821055589528,3844
7957,1774305821057333065,1774305821060989072,3656
7958,1774305821062674538,1774305821066550795,3876
7959,1774305821068237730,1774305821072191951,3954
7960,1774305821073960389,1774305821077767340,3806
7961,1774305821079371237,1774305821082779802,3408
7962,1774305821084859112,1774305821088703354,3844
7963,1774305821090342392,1774305821093793564,3451
7964,1774305821095472836,1774305821099544680,4071
7965,1774305821101441397,1774305821105305722,3864
7966,1774305821107037030,1774305821110311456,3274
7967,1774305821112033929,1774305821115995663,3961
7968,1774305821117858757,1774305821121093514,3234
7969,1774305821122767840,1774305821126623960,3856
7970,1774305821128339869,1774305821132475564,4135
7971,1774305821134237551,1774305821138394385,4156
7972,1774305821140188763,1774305821143630232,3441
7973,1774305821145261662,1774305821148872011,3610
7974,1774305821150607555,1774305821154028423,3420
7975,1774305821155549807,1774305821159721722,4171
7976,1774305821161430005,1774305821165535994,4105
7977,1774305821167121259,1774305821171129614,4008
7978,1774305821172703404,1774305821176586219,3882
7979,1774305821178282723,1774305821182168564,3885
7980,1774305821183952588,1774305821187790331,3837
7981,1774305821189464151,1774305821192790479,3326
7982,1774305821194591552,1774305821198540263,3948
7983,1774305821200323928,1774305821204044746,3720
7984,1774305821205735495,1774305821209088622,3353
7985,1774305821210750903,1774305821214569654,3818
7986,1774305821216294210,1774305821220273983,3979
7987,1774305821221952596,1774305821225839753,3887
7988,1774305821227457701,1774305821231571693,4113
7989,1774305821233484091,1774305821237658666,4174
7990,1774305821239504479,1774305821242938527,3434
7991,1774305821244649876,1774305821248029763,3379
7992,1774305821249845180,1774305821253451886,3606
7993,1774305821255130367,1774305821258985104,3854
7994,1774305821260830532,1774305821264197813,3367
7995,1774305821265984708,1774305821270011254,4026
7996,1774305821271767078,1774305821275125432,3358
7997,1774305821276890048,1774305821280498349,3608
7998,1774305821282145090,1774305821285937507,3792
7999,1774305821287578587,1774305821290922244,3343
8000,1774305821292622665,1774305821295962464,3339
8001,1774305821297625649,1774305821301608262,3982
8002,1774305821303182432,1774305821306550250,3367
8003,1774305821308081033,1774305821311986371,3905
8004,1774305821313520451,1774305821317489242,3968
8005,1774305821319151039,1774305821322698020,3546
8006,1774305821324335257,1774305821328193463,3858
8007,1774305821329805300,1774305821333914190,4108
8008,1774305821335567586,1774305821338985785,3418
8009,1774305821340847467,1774305821344773230,3925
8010,1774305821346531028,1774305821350214782,3683
8011,1774305821351854872,1774305821355018043,3163
8012,1774305821356628235,1774305821360639721,4011
8013,1774305821362369374,1774305821366091448,3722
8014,1774305821367756599,1774305821371025106,3268
8015,1774305821372879358,1774305821377039575,4160
8016,1774305821378696298,1774305821382491109,3794
8017,1774305821384126948,1774305821387995807,3868
8018,1774305821389756802,1774305821393698242,3941
8019,1774305821395352776,1774305821398873861,3521
8020,1774305821400579802,1774305821404665573,4085
8021,1774305821406458122,1774305821410255792,3797
8022,1774305821411921816,1774305821415966837,4045
8023,1774305821417437289,1774305821421472357,4035
8024,1774305821423017623,1774305821426000267,2982
8025,1774305821427388105,1774305821430802611,3414
8026,1774305821432557064,1774305821436630099,4073
8027,1774305821438277690,1774305821441193330,2915
8028,1774305821442800473,1774305821446376965,3576
8029,1774305821448004065,1774305821451808183,3804
8030,1774305821453544496,1774305821457528068,3983
8031,1774305821459261417,1774305821462711335,3449
8032,1774305821464443511,1774305821468135317,3691
8033,1774305821469984702,1774305821473951795,3967
8034,1774305821475502050,1774305821478727916,3225
8035,1774305821480440184,1774305821484492853,4052
8036,1774305821486163885,1774305821490090684,3926
8037,1774305821491926504,1774305821495242582,3316
8038,1774305821497044895,1774305821501085703,4040
8039,1774305821502960618,1774305821506646174,3685
8040,1774305821508345385,1774305821512498407,4153
8041,1774305821514408822,1774305821518165855,3757
8042,1774305821519845959,1774305821523729611,3883
8043,1774305821525363305,1774305821528775423,3412
8044,1774305821530433677,1774305821534353172,3919
8045,1774305821536029015,1774305821539393665,3364
8046,1774305821541185165,1774305821545304424,4119
8047,1774305821546995515,1774305821550968002,3972
8048,1774305821552612945,1774305821555740255,3127
8049,1774305821557404488,1774305821561573999,4169
8050,1774305821563191222,1774305821566495689,3304
8051,1774305821568212582,1774305821571465597,3253
8052,1774305821573188476,1774305821576597177,3408
8053,1774305821578153322,1774305821581307368,3154
8054,1774305821583072411,1774305821586790634,3718
8055,1774305821588594263,1774305821592556889,3962
8056,1774305821594439650,1774305821598339713,3900
8057,1774305821600264454,1774305821603812013,3547
8058,1774305821605465570,1774305821609488809,4023
8059,1774305821611288835,1774305821615229573,3940
8060,1774305821616941136,1774305821620237785,3296
8061,1774305821621922278,1774305821624952559,3030
8062,1774305821626458188,1774305821630620850,4162
8063,1774305821632306473,1774305821636244805,3938
8064,1774305821637921584,1774305821641611606,3690
8065,1774305821643411463,1774305821647410636,3999
8066,1774305821649018918,1774305821652942872,3923
8067,1774305821654562323,1774305821657915231,3352
8068,1774305821659612517,1774305821663723355,4110
8069,1774305821665437846,1774305821669267142,3829
8070,1774305821671064192,1774305821674895426,3831
8071,1774305821676732565,1774305821680583918,3851
8072,1774305821682196283,1774305821686115646,3919
8073,1774305821687797804,1774305821691058598,3260
8074,1774305821692529141,1774305821696748626,4219
8075,1774305821698469105,1774305821701931257,3462
8076,1774305821703567016,1774305821707558662,3991
8077,1774305821709136029,1774305821712485804,3349
8078,1774305821714122258,1774305821717189913,3067
8079,1774305821718772772,1774305821722061430,3288
8080,1774305821723695303,1774305821726934749,3239
8081,1774305821728661062,1774305821732653447,3992
8082,1774305821734502661,1774305821738327905,3825
8083,1774305821740095606,1774305821744220758,4125
8084,1774305821746095454,1774305821749944886,3849
8085,1774305821751593669,1774305821755736274,4142
8086,1774305821757685685,1774305821761058654,3372
8087,1774305821762961245,1774305821766906417,3945
8088,1774305821768776374,1774305821772378184,3601
8089,1774305821774111873,1774305821778317804,4205
8090,1774305821780181588,1774305821784068871,3887
8091,1774305821785745784,1774305821788905260,3159
8092,1774305821790558211,1774305821793924366,3366
8093,1774305821795740092,1774305821799836713,4096
8094,1774305821801468881,1774305821805183429,3714
8095,1774305821806840669,1774305821810640982,3800
8096,1774305821812458897,1774305821816446416,3987
8097,1774305821818116966,1774305821822297729,4180
8098,1774305821824021257,1774305821827716162,3694
8099,1774305821829300421,1774305821832826675,3526
8100,1774305821834249028,1774305821838413873,4164
8101,1774305821840107477,1774305821844021788,3914
8102,1774305821845605750,1774305821848675683,3069
8103,1774305821850206783,1774305821853989156,3782
8104,1774305821855638358,1774305821859723415,4085
8105,1774305821861314971,1774305821865212996,3898
8106,1774305821866841931,1774305821870032275,3190
8107,1774305821871798874,1774305821875467738,3668
8108,1774305821877019580,1774305821881067658,4048
8109,1774305821882701771,1774305821886603848,3902
8110,1774305821888343468,1774305821891924803,3581
8111,1774305821893620920,1774305821897027284,3406
8112,1774305821898652146,1774305821901890876,3238
8113,1774305821903492922,1774305821907706707,4213
8114,1774305821909394036,1774305821913196995,3802
8115,1774305821915059404,1774305821919165315,4105
8116,1774305821921065098,1774305821925058748,3993
8117,1774305821926837514,1774305821930253282,3415
8118,1774305821932028830,1774305821936164252,4135
8119,1774305821937810177,1774305821941192100,3381
8120,1774305821942949253,1774305821946832035,3882
8121,1774305821948747358,1774305821952128469,3381
8122,1774305821953868070,1774305821958057011,4188
8123,1774305821959766343,1774305821963738488,3972
8124,1774305821965461164,1774305821968712141,3250
8125,1774305821970394930,1774305821973886182,3491
8126,1774305821975479260,1774305821979195062,3715
8127,1774305821980854359,1774305821984490178,3635
8128,1774305821986065663,1774305821989110323,3044
8129,1774305821990480969,1774305821994581750,4100
8130,1774305821996279147,1774305822000017812,3738
8131,1774305822001663167,1774305822004959364,3296
8132,1774305822006601021,1774305822010012154,3411
8133,1774305822011622232,1774305822015115753,3493
8134,1774305822016712767,1774305822020690404,3977
8135,1774305822022347090,1774305822026122618,3775
8136,1774305822027811753,1774305822031526482,3714
8137,1774305822033275683,1774305822037171908,3896
8138,1774305822038985925,1774305822042785114,3799
8139,1774305822044583154,1774305822047961582,3378
8140,1774305822049581911,1774305822053066460,3484
8141,1774305822054886984,1774305822058184690,3297
8142,1774305822059874242,1774305822063579128,3704
8143,1774305822065307539,1774305822068911337,3603
8144,1774305822070814623,1774305822074908201,4093
8145,1774305822076591990,1774305822080414854,3822
8146,1774305822082051188,1774305822086094929,4043
8147,1774305822087716987,1774305822091184475,3467
8148,1774305822092988958,1774305822096994197,4005
8149,1774305822098707518,1774305822102001028,3293
8150,1774305822103511498,1774305822106802024,3290
8151,1774305822108515278,1774305822112236245,3720
8152,1774305822113698885,1774305822117109004,3410
8153,1774305822118771505,1774305822122877665,4106
8154,1774305822124517476,1774305822128536853,4019
8155,1774305822129614131,1774305822132734913,3120
8156,1774305822134457256,1774305822138080003,3622
8157,1774305822139758348,1774305822143184822,3426
8158,1774305822145166216,1774305822149204667,4038
8159,1774305822151087720,1774305822155071994,3984
8160,1774305822156691011,1774305822160764353,4073
8161,1774305822162544836,1774305822166297907,3753
8162,1774305822168043491,1774305822172064694,4021
8163,1774305822173748284,1774305822177764404,4016
8164,1774305822179459316,1774305822182954499,3495
8165,1774305822184605476,1774305822188039149,3433
8166,1774305822189756575,1774305822193780130,4023
8167,1774305822195527669,1774305822199260753,3733
8168,1774305822200932409,1774305822204340660,3408
8169,1774305822206058251,1774305822210036214,3977
8170,1774305822211791917,1774305822215114578,3322
8171,1774305822216724391,1774305822220601728,3877
8172,1774305822222259864,1774305822226165531,3905
8173,1774305822227975373,1774305822232020459,4045
8174,1774305822233714667,1774305822236944070,3229
8175,1774305822238891789,1774305822243044175,4152
8176,1774305822244761708,1774305822248482056,3720
8177,1774305822250051581,1774305822253290497,3238
8178,1774305822255158123,1774305822259330548,4172
8179,1774305822261051990,1774305822265112670,4060
8180,1774305822266575702,1774305822270544018,3968
8181,1774305822272103030,1774305822275189497,3086
8182,1774305822277027448,1774305822281026135,3998
8183,1774305822282593281,1774305822285622712,3029
8184,1774305822287212307,1774305822291299932,4087
8185,1774305822292958266,1774305822296287122,3328
8186,1774305822298043264,1774305822301327800,3284
8187,1774305822303046055,1774305822306936777,3890
8188,1774305822308531203,1774305822311834108,3302
8189,1774305822313474766,1774305822316885485,3410
8190,1774305822318588964,1774305822321971004,3382
8191,1774305822323557166,1774305822327383925,3826
8192,1774305822328962139,1774305822332878078,3915
8193,1774305822334484162,1774305822338329924,3845
8194,1774305822340073138,1774305822343874810,3801
8195,1774305822345542504,1774305822349477108,3934
8196,1774305822351288466,1774305822355529176,4240
8197,1774305822357403549,1774305822360800015,3396
8198,1774305822362391643,1774305822366029646,3638
8199,1774305822367913514,1774305822371505498,3591
8200,1774305822375290229,1774305822378702311,3412
8201,1774305822380361165,1774305822384490185,4129
8202,1774305822386180467,1774305822389334098,3153
8203,1774305822391019233,1774305822395150983,4131
8204,1774305822396983392,1774305822400465128,3481
8205,1774305822402185035,1774305822406401814,4216
8206,1774305822407917975,1774305822411795907,3877
8207,1774305822413486637,1774305822417384417,3897
8208,1774305822419287298,1774305822423442446,4155
8209,1774305822425174387,1774305822429098310,3923
8210,1774305822430849996,1774305822434086630,3236
8211,1774305822435708656,1774305822439543369,3834
8212,1774305822441136227,1774305822444998952,3862
8213,1774305822446694946,1774305822450638166,3943
8214,1774305822452464457,1774305822456048617,3584
8215,1774305822457738063,1774305822461124647,3386
8216,1774305822462777024,1774305822466381126,3604
8217,1774305822468109672,1774305822472103636,3993
8218,1774305822473750394,1774305822476927846,3177
8219,1774305822478623902,1774305822482499062,3875
8220,1774305822484271524,1774305822488214938,3943
8221,1774305822489994370,1774305822493110417,3116
8222,1774305822494781080,1774305822498506095,3725
8223,1774305822500150158,1774305822503622114,3471
8224,1774305822505533326,1774305822509703370,4170
8225,1774305822511129447,1774305822515311307,4181
8226,1774305822517004772,1774305822520260421,3255
8227,1774305822522015979,1774305822525112544,3096
8228,1774305822526525884,1774305822530162607,3636
8229,1774305822531843309,1774305822535782555,3939
8230,1774305822537238786,1774305822540467227,3228
8231,1774305822541984434,1774305822545001993,3017
8232,1774305822546549694,1774305822549837544,3287
8233,1774305822551392379,1774305822555307351,3914
8234,1774305822556950943,1774305822560760536,3809
8235,1774305822562393102,1774305822566056170,3663
8236,1774305822567720882,1774305822571551880,3830
8237,1774305822573207390,1774305822577056816,3849
8238,1774305822579028240,1774305822582174942,3146
8239,1774305822583841902,1774305822587715037,3873
8240,1774305822589383421,1774305822593071097,3687
8241,1774305822594758121,1774305822598691501,3933
8242,1774305822600343998,1774305822603951949,3607
8243,1774305822605607552,1774305822609486535,3878
8244,1774305822611461976,1774305822615059506,3597
8245,1774305822616950581,1774305822621122547,4171
8246,1774305822622675186,1774305822626719794,4044
8247,1774305822628405732,1774305822632464542,4058
8248,1774305822634249030,1774305822638141857,3892
8249,1774305822639953748,1774305822643195935,3242
8250,1774305822645063903,1774305822648324549,3260
8251,1774305822650016554,1774305822653174928,3158
8252,1774305822654663414,1774305822657966120,3302
8253,1774305822659478070,1774305822662808908,3330
8254,1774305822664473856,1774305822667783589,3309
8255,1774305822669479243,1774305822673083295,3604
8256,1774305822674693834,1774305822678392143,3698
8257,1774305822680055669,1774305822683930242,3874
8258,1774305822685473971,1774305822689046219,3572
8259,1774305822690918631,1774305822694985142,4066
8260,1774305822696701878,1774305822700913455,4211
8261,1774305822702822954,1774305822706978420,4155
8262,1774305822708777905,1774305822713076349,4298
8263,1774305822715076497,1774305822719663166,4586
8264,1774305822721501890,1774305822725704357,4202
8265,1774305822727600732,1774305822731675284,4074
8266,1774305822733334947,1774305822737359887,4024
8267,1774305822739092627,1774305822742539559,3446
8268,1774305822744288356,1774305822748444851,4156
8269,1774305822750063272,1774305822753723935,3660
8270,1774305822755378010,1774305822759026478,3648
8271,1774305822760690277,1774305822764662196,3971
8272,1774305822766370140,1774305822770203991,3833
8273,1774305822771880213,1774305822775302311,3422
8274,1774305822777084859,1774305822781100602,4015
8275,1774305822782755398,1774305822786141892,3386
8276,1774305822787631598,1774305822791783801,4152
8277,1774305822793342558,1774305822797480521,4137
8278,1774305822798912995,1774305822803025723,4112
8279,1774305822804788941,1774305822808174900,3385
8280,1774305822809888478,1774305822814113399,4224
8281,1774305822815924477,1774305822819112126,3187
8282,1774305822820704118,1774305822824041580,3337
8283,1774305822825658202,1774305822829509571,3851
8284,1774305822831245933,1774305822835222953,3977
8285,1774305822837039812,1774305822840511961,3472
8286,1774305822842252106,1774305822845883848,3631
8287,1774305822847916415,1774305822851691189,3774
8288,1774305822853574321,1774305822857763289,4188
8289,1774305822859680890,1774305822863390031,3709
8290,1774305822865104180,1774305822869340493,4236
8291,1774305822871116267,1774305822874773759,3657
8292,1774305822876559061,1774305822880358328,3799
8293,1774305822882134798,1774305822886173793,4038
8294,1774305822887860216,1774305822891207296,3347
8295,1774305822892852256,1774305822896540593,3688
8296,1774305822898244078,1774305822901878314,3634
8297,1774305822903669330,1774305822907581383,3912
8298,1774305822909488416,1774305822913364763,3876
8299,1774305822915041859,1774305822919134238,4092
8300,1774305822920913784,1774305822925023590,4109
8301,1774305822926764072,1774305822930737762,3973
8302,1774305822932397887,1774305822935525609,3127
8303,1774305822937211573,1774305822941220069,4008
8304,1774305822942562943,1774305822946141600,3578
8305,1774305822947771619,1774305822951819625,4048
8306,1774305822953517797,1774305822957655322,4137
8307,1774305822959311534,1774305822963445455,4133
8308,1774305822965206242,1774305822969322051,4115
8309,1774305822971028600,1774305822974542541,3513
8310,1774305822976396279,1774305822979975695,3579
8311,1774305822981928166,1774305822985132451,3204
8312,1774305822986777972,1774305822990927767,4149
8313,1774305822992582888,1774305822996009718,3426
8314,1774305822997760486,1774305823001916309,4155
8315,1774305823003585709,1774305823007295225,3709
8316,1774305823009018643,1774305823012606680,3588
8317,1774305823014497558,1774305823018709638,4212
8318,1774305823020417991,1774305823023831616,3413
8319,1774305823025564460,1774305823029567817,4003
8320,1774305823031333335,1774305823035150758,3817
8321,1774305823036786951,1774305823040520647,3733
8322,1774305823042476092,1774305823046668509,4192
8323,1774305823048495203,1774305823052237471,3742
8324,1774305823054025344,1774305823057948166,3922
8325,1774305823059745719,1774305823062849496,3103
8326,1774305823064532535,1774305823068532767,4000
8327,1774305823070167088,1774305823074319463,4152
8328,1774305823076013941,1774305823079586482,3572
8329,1774305823081164114,1774305823085001917,3837
8330,1774305823086663063,1774305823090545112,3882
8331,1774305823092196433,1774305823096075144,3878
8332,1774305823097638857,1774305823100930345,3291
8333,1774305823102745390,1774305823106757067,4011
8334,1774305823108447065,1774305823112248915,3801
8335,1774305823113901659,1774305823118128569,4226
8336,1774305823119811466,1774305823123126702,3315
8337,1774305823124788991,1774305823128484260,3695
8338,1774305823130266799,1774305823134237081,3970
8339,1774305823135878843,1774305823139918295,4039
8340,1774305823141581695,1774305823145244235,3662
8341,1774305823147153061,1774305823151232655,4079
8342,1774305823152929259,1774305823156554248,3624
8343,1774305823158322112,1774305823162771257,4449
8344,1774305823164439130,1774305823167737088,3297
8345,1774305823169375737,1774305823172818662,3442
8346,1774305823174469218,1774305823178255196,3785
8347,1774305823179968458,1774305823183817774,3849
8348,1774305823185526214,1774305823189258404,3732
8349,1774305823190930937,1774305823194742897,3811
8350,1774305823196475595,1774305823200597480,4121
8351,1774305823202291787,1774305823205491980,3200
8352,1774305823207108740,1774305823210275822,3167
8353,1774305823211911739,1774305823215899123,3987
8354,1774305823217524039,1774305823221514294,3990
8355,1774305823223134271,1774305823227208752,4074
8356,1774305823228897394,1774305823232873301,3975
8357,1774305823234439608,1774305823238532379,4092
8358,1774305823240077323,1774305823244011449,3934
8359,1774305823245618433,1774305823249632474,4014
8360,1774305823251203372,1774305823255258388,4055
8361,1774305823257179845,1774305823261090787,3910
8362,1774305823262613415,1774305823266572948,3959
8363,1774305823268291653,1774305823272128145,3836
8364,1774305823273780725,1774305823277248141,3467
8365,1774305823279043296,1774305823282561340,3518
8366,1774305823284210197,1774305823287835212,3625
8367,1774305823289496199,1774305823293710813,4214
8368,1774305823295532779,1774305823299499724,3966
8369,1774305823301237758,1774305823305107720,3869
8370,1774305823306772758,1774305823310579034,3806
8371,1774305823312505931,1774305823316099155,3593
8372,1774305823317948015,1774305823322071916,4123
8373,1774305823323991111,1774305823327488435,3497
8374,1774305823329185379,1774305823333342645,4157
8375,1774305823335061135,1774305823338232069,3170
8376,1774305823339972315,1774305823344027957,4055
8377,1774305823345710130,1774305823349017312,3307
8378,1774305823350642554,1774305823354086869,3444
8379,1774305823355690591,1774305823359122694,3432
8380,1774305823360517614,1774305823364588694,4071
8381,1774305823366136661,1774305823369853372,3716
8382,1774305823371473342,1774305823374746449,3273
8383,1774305823376331446,1774305823379653800,3322
8384,1774305823381275103,1774305823385272514,3997
8385,1774305823386947796,1774305823390934439,3986
8386,1774305823392567888,1774305823396587702,4019
8387,1774305823398152160,1774305823402297359,4145
8388,1774305823403971761,1774305823407747830,3776
8389,1774305823409563493,1774305823413716430,4152
8390,1774305823415550694,1774305823419719649,4168
8391,1774305823421599339,1774305823424995361,3396
8392,1774305823426956737,1774305823430814622,3857
8393,1774305823432591031,1774305823435997187,3406
8394,1774305823437765491,1774305823441107184,3341
8395,1774305823442759451,1774305823446401577,3642
8396,1774305823448109757,1774305823451895508,3785
8397,1774305823453773642,1774305823457796064,4022
8398,1774305823459498738,1774305823463133470,3634
8399,1774305823464801608,1774305823468747552,3945
8400,1774305823470479335,1774305823473574013,3094
8401,1774305823475181141,1774305823478337787,3156
8402,1774305823480110281,1774305823483069886,2959
8403,1774305823484782974,1774305823488610398,3827
8404,1774305823490235349,1774305823493637142,3401
8405,1774305823495293445,1774305823498721519,3428
8406,1774305823500259001,1774305823503625864,3366
8407,1774305823505290256,1774305823508804862,3514
8408,1774305823510393296,1774305823513932809,3539
8409,1774305823515481602,1774305823518858249,3376
8410,1774305823520598394,1774305823523826634,3228
8411,1774305823525493121,1774305823529176855,3683
8412,1774305823530792682,1774305823534840378,4047
8413,1774305823536457094,1774305823539904811,3447
8414,1774305823541564802,1774305823545397243,3832
8415,1774305823547045278,1774305823550817735,3772
8416,1774305823552554566,1774305823556373249,3818
8417,1774305823557965033,1774305823561817200,3852
8418,1774305823563430682,1774305823567202267,3771
8419,1774305823568768608,1774305823571942242,3173
8420,1774305823573555000,1774305823577570894,4015
8421,1774305823579185417,1774305823583083985,3898
8422,1774305823584713710,1774305823588399358,3685
8423,1774305823590024961,1774305823593841865,3816
8424,1774305823595572779,1774305823599567004,3994
8425,1774305823601217324,1774305823605157717,3940
8426,1774305823606928665,1774305823610759207,3830
8427,1774305823612229465,1774305823615959764,3730
8428,1774305823617588542,1774305823620721086,3132
8429,1774305823622295745,1774305823625521051,3225
8430,1774305823627020288,1774305823630984730,3964
8431,1774305823632239592,1774305823636203980,3964
8432,1774305823637894381,1774305823640999102,3104
8433,1774305823642556631,1774305823645712283,3155
8434,1774305823647311053,1774305823650854741,3543
8435,1774305823652425827,1774305823655775699,3349
8436,1774305823657398079,1774305823661217738,3819
8437,1774305823663017037,1774305823666948549,3931
8438,1774305823668600232,1774305823671988217,3387
8439,1774305823673617103,1774305823677545626,3928
8440,1774305823679241990,1774305823682615463,3373
8441,1774305823684239831,1774305823688057974,3818
8442,1774305823689659114,1774305823693585269,3926
8443,1774305823695198235,1774305823698856121,3657
8444,1774305823700489841,1774305823704238170,3748
8445,1774305823706246744,1774305823710150355,3903
8446,1774305823711888749,1774305823716059051,4170
8447,1774305823717918690,1774305823721439133,3520
8448,1774305823723149566,1774305823727181223,4031
8449,1774305823729129649,1774305823732758979,3629
8450,1774305823734500542,1774305823738452586,3952
8451,1774305823740469123,1774305823744090858,3621
8452,1774305823745749140,1774305823748935781,3186
8453,1774305823750432044,1774305823754441840,4009
8454,1774305823756206594,1774305823760180880,3974
8455,1774305823761940763,1774305823765569617,3628
8456,1774305823767273929,1774305823771497900,4223
8457,1774305823772963968,1774305823776931033,3967
8458,1774305823778452737,1774305823781934896,3482
8459,1774305823783555830,1774305823786769608,3213
8460,1774305823788377702,1774305823791706827,3329
8461,1774305823793428504,1774305823797262943,3834
8462,1774305823798874475,1774305823802908213,4033
8463,1774305823804541037,1774305823807832183,3291
8464,1774305823809563273,1774305823812837018,3273
8465,1774305823814580200,1774305823817891142,3310
8466,1774305823819573373,1774305823823043538,3470
8467,1774305823824783139,1774305823828077376,3294
8468,1774305823829737996,1774305823833659005,3921
8469,1774305823835340663,1774305823838756122,3415
8470,1774305823840418238,1774305823844324502,3906
8471,1774305823845925218,1774305823849740868,3815
8472,1774305823851368541,1774305823855288413,3919
8473,1774305823856880716,1774305823860205425,3324
8474,1774305823861909133,1774305823865123171,3214
8475,1774305823866778682,1774305823870754990,3976
8476,1774305823872412578,1774305823875992016,3579
8477,1774305823877672542,1774305823881726910,4054
8478,1774305823883520880,1774305823887240620,3719
8479,1774305823889083833,1774305823893184274,4100
8480,1774305823894878779,1774305823897919651,3040
8481,1774305823899489471,1774305823902623601,3134
8482,1774305823904279057,1774305823907334528,3055
8483,1774305823908956507,1774305823912223016,3266
8484,1774305823913980972,1774305823917097072,3116
8485,1774305823918630421,1774305823921801509,3171
8486,1774305823923535614,1774305823927675491,4139
8487,1774305823929428840,1774305823932772722,3343
8488,1774305823934430008,1774305823938036863,3606
8489,1774305823939923526,1774305823944044706,4121
8490,1774305823945631648,1774305823949366793,3735
8491,1774305823951032367,1774305823954262815,3230
8492,1774305823955899327,1774305823959930063,4030
8493,1774305823961618773,1774305823965011709,3392
8494,1774305823966666892,1774305823970627949,3961
8495,1774305823972533534,1774305823976395466,3861
8496,1774305823978189618,1774305823982147506,3957
8497,1774305823984002312,1774305823987189658,3187
8498,1774305823988931653,1774305823992896212,3964
8499,1774305823994504607,1774305823997785401,3280
8500,1774305823999389508,1774305824003285722,3896
8501,1774305824004941849,1774305824009041782,4099
8502,1774305824010937403,1774305824014859312,3921
8503,1774305824016497593,1774305824020583120,4085
8504,1774305824022281841,1774305824026365979,4084
8505,1774305824028075358,1774305824031317151,3241
8506,1774305824032937645,1774305824036984326,4046
8507,1774305824038294276,1774305824042087233,3792
8508,1774305824043649780,1774305824046952550,3302
8509,1774305824048567339,1774305824051564292,2996
8510,1774305824052737964,1774305824056923257,4185
8511,1774305824058594748,1774305824062300801,3706
8512,1774305824063956465,1774305824067592478,3636
8513,1774305824069187105,1774305824073106777,3919
8514,1774305824074705182,1774305824078768173,4062
8515,1774305824080452644,1774305824084437477,3984
8516,1774305824086130895,1774305824090150056,4019
8517,1774305824091995364,1774305824096007604,4012
8518,1774305824097691767,1774305824101322913,3631
8519,1774305824103155199,1774305824106894104,3738
8520,1774305824108529224,1774305824112559054,4029
8521,1774305824114411826,1774305824118319930,3908
8522,1774305824119966123,1774305824123450144,3484
8523,1774305824125275374,1774305824129020150,3744
8524,1774305824130769736,1774305824134678906,3909
8525,1774305824136370258,1774305824140164327,3794
8526,1774305824141947679,1774305824145783779,3836
8527,1774305824147435746,1774305824151683165,4247
8528,1774305824153633107,1774305824157685662,4052
8529,1774305824159317737,1774305824162518396,3200
8530,1774305824164175129,1774305824168463005,4287
8531,1774305824170129407,1774305824173377302,3247
8532,1774305824175085554,1774305824178529383,3443
8533,1774305824180126159,1774305824184181787,4055
8534,1774305824185785702,1774305824189013757,3228
8535,1774305824190666626,1774305824194237873,3571
8536,1774305824195877342,1774305824199088771,3211
8537,1774305824200713846,1774305824204575148,3861
8538,1774305824206411736,1774305824210449556,4037
8539,1774305824212121531,1774305824216032454,3910
8540,1774305824217703911,1774305824221627594,3923
8541,1774305824223316489,1774305824227343864,4027
8542,1774305824229026257,1774305824233028516,4002
8543,1774305824234685071,1774305824238343160,3658
8544,1774305824240161251,1774305824244044257,3883
8545,1774305824245656361,1774305824249317048,3660
8546,1774305824251113482,1774305824255062012,3948
8547,1774305824256700316,1774305824260406390,3706
8548,1774305824262178291,1774305824266354788,4176
8549,1774305824268090333,1774305824271957834,3867
8550,1774305824273664533,1774305824277541241,3876
8551,1774305824279412125,1774305824283388630,3976
8552,1774305824285100259,1774305824288729968,3629
8553,1774305824290512520,1774305824294522728,4010
8554,1774305824296243662,1774305824300310508,4066
8555,1774305824302025807,1774305824306238079,4212
8556,1774305824307724347,1774305824311343891,3619
8557,1774305824313074159,1774305824317219899,4145
8558,1774305824318948907,1774305824321778822,2829
8559,1774305824323209522,1774305824326253685,3044
8560,1774305824328007756,1774305824332036099,4028
8561,1774305824333598106,1774305824336622728,3024
8562,1774305824338083122,1774305824341749297,3666
8563,1774305824343368380,1774305824346500608,3132
8564,1774305824348049472,1774305824351809354,3759
8565,1774305824353406702,1774305824357274083,3867
8566,1774305824358933843,1774305824362113000,3179
8567,1774305824363910716,1774305824367877895,3967
8568,1774305824369537432,1774305824372778192,3240
8569,1774305824374481942,1774305824378453466,3971
8570,1774305824380097052,1774305824383502668,3405
8571,1774305824385114082,1774305824388747369,3633
8572,1774305824390364329,1774305824393814659,3450
8573,1774305824395530054,1774305824398980027,3449
8574,1774305824400760377,1774305824404690883,3930
8575,1774305824406414764,1774305824409869342,3454
8576,1774305824411567306,1774305824415772404,4205
8577,1774305824417516740,1774305824421213152,3696
8578,1774305824423229005,1774305824427208405,3979
8579,1774305824428851508,1774305824432709548,3858
8580,1774305824434607715,1774305824437962358,3354
8581,1774305824439718884,1774305824443078825,3359
8582,1774305824444759899,1774305824447997539,3237
8583,1774305824449658715,1774305824453722525,4063
8584,1774305824455395370,1774305824459172854,3777
8585,1774305824460983691,1774305824464163832,3180
8586,1774305824465972615,1774305824469891456,3918
8587,1774305824471491528,1774305824474516557,3025
8588,1774305824476051465,1774305824479864990,3813
8589,1774305824481449537,1774305824485089521,3639
8590,1774305824486746015,1774305824490577658,3831
8591,1774305824492194013,1774305824495626055,3432
8592,1774305824497352599,1774305824501286813,3934
8593,1774305824503043869,1774305824506943666,3899
8594,1774305824508587513,1774305824511972663,3385
8595,1774305824513655067,1774305824517589590,3934
8596,1774305824519457953,1774305824523200621,3742
8597,1774305824525115496,1774305824529233589,4118
8598,1774305824530847411,1774305824534132923,3285
8599,1774305824536031780,1774305824540041753,4009
8600,1774305824541848589,1774305824545445423,3596
8601,1774305824547200480,1774305824551119235,3918
8602,1774305824552940046,1774305824556990001,4049
8603,1774305824558644524,1774305824561982368,3337
8604,1774305824563673075,1774305824567024371,3351
8605,1774305824568844030,1774305824572494421,3650
8606,1774305824574394576,1774305824578440277,4045
8607,1774305824580088102,1774305824583967729,3879
8608,1774305824585445133,1774305824589473209,4028
8609,1774305824591100691,1774305824594876602,3775
8610,1774305824596559650,1774305824600526084,3966
8611,1774305824601976510,1774305824605914231,3937
8612,1774305824607169195,1774305824610555464,3386
8613,1774305824612136393,1774305824615333478,3197
8614,1774305824616917871,1774305824620412453,3494
8615,1774305824622004612,1774305824625880794,3876
8616,1774305824627632244,1774305824631742353,4110
8617,1774305824633390083,1774305824637261111,3871
8618,1774305824638864045,1774305824643043170,4179
8619,1774305824644776237,1774305824648095824,3319
8620,1774305824649796573,1774305824653734691,3938
8621,1774305824655459742,1774305824659407186,3947
8622,1774305824661236249,1774305824665442844,4206
8623,1774305824667309077,1774305824671311514,4002
8624,1774305824673170234,1774305824677123274,3953
8625,1774305824678834108,1774305824682410481,3576
8626,1774305824684100622,1774305824687909583,3808
8627,1774305824689534299,1774305824693460644,3926
8628,1774305824695236192,1774305824698990810,3754
8629,1774305824700666535,1774305824704599562,3933
8630,1774305824706301724,1774305824710432043,4130
8631,1774305824712182438,1774305824715368209,3185
8632,1774305824717117669,1774305824720455698,3338
8633,1774305824722303379,1774305824726198853,3895
8634,1774305824727793829,1774305824732195009,4401
8635,1774305824733885326,1774305824737039998,3154
8636,1774305824738264013,1774305824741942799,3678
8637,1774305824743503444,1774305824747137530,3634
8638,1774305824748619298,1774305824751891273,3271
8639,1774305824753540524,1774305824757659110,4118
8640,1774305824759363995,1774305824763216248,3852
8641,1774305824765169219,1774305824769268570,4099
8642,1774305824771080183,1774305824774825807,3745
8643,1774305824776594399,1774305824780916427,4322
8644,1774305824782629403,1774305824786247988,3618
8645,1774305824787998517,1774305824792182326,4183
8646,1774305824794044664,1774305824798219192,4174
8647,1774305824800058377,1774305824804094034,4035
8648,1774305824805859542,1774305824809972325,4112
8649,1774305824811652181,1774305824815821374,4169
8650,1774305824817598661,1774305824821082348,3483
8651,1774305824822723252,1774305824826193682,3470
8652,1774305824827863464,1774305824831770321,3906
8653,1774305824833545729,1774305824837468960,3923
8654,1774305824839278694,1774305824843333372,4054
8655,1774305824845033725,1774305824849070618,4036
8656,1774305824850908714,1774305824854149133,3240
8657,1774305824855838777,1774305824859779766,3940
8658,1774305824861231744,1774305824864645655,3413
8659,1774305824866421792,1774305824870421620,3999
8660,1774305824872083714,1774305824875707923,3624
8661,1774305824877440426,1774305824880586200,3145
8662,1774305824881828539,1774305824884764624,2936
8663,1774305824886383242,1774305824890095887,3712
8664,1774305824891789997,1774305824895540118,3750
8665,1774305824897171875,1774305824900764008,3592
8666,1774305824902441633,1774305824905941053,3499
8667,1774305824907696306,1774305824911844378,4148
8668,1774305824913533214,1774305824917499519,3966
8669,1774305824919209178,1774305824923356637,4147
8670,1774305824925183847,1774305824929181959,3998
8671,1774305824930713437,1774305824935021585,4308
8672,1774305824936746508,1774305824940861115,4114
8673,1774305824942521815,1774305824946683718,4161
8674,1774305824948427646,1774305824952739259,4311
8675,1774305824954480294,1774305824958639619,4159
8676,1774305824960313465,1774305824964412937,4099
8677,1774305824966160161,1774305824970215833,4055
8678,1774305824971957390,1774305824975957927,4000
8679,1774305824977602452,1774305824980934913,3332
8680,1774305824982661367,1774305824986600564,3939
8681,1774305824988242683,1774305824991997851,3755
8682,1774305824993549907,1774305824996919350,3369
8683,1774305824998437292,1774305825001536367,3099
8684,1774305825002947616,1774305825006802628,3855
8685,1774305825008487456,1774305825011687347,3199
8686,1774305825013396861,1774305825016419819,3022
8687,1774305825017868517,1774305825021206203,3337
8688,1774305825022687970,1774305825026045598,3357
8689,1774305825027858605,1774305825031062776,3204
8690,1774305825032778998,1774305825036940516,4161
8691,1774305825038683533,1774305825042389840,3706
8692,1774305825044211626,1774305825047844329,3632
8693,1774305825049736825,1774305825053695851,3959
8694,1774305825055439971,1774305825059579212,4139
8695,1774305825061359360,1774305825065351471,3992
8696,1774305825067126261,1774305825071188895,4062
8697,1774305825073140596,1774305825077061616,3921
8698,1774305825078727766,1774305825082617850,3890
8699,1774305825084500532,1774305825087975623,3475
8700,1774305825089592186,1774305825092880548,3288
8701,1774305825094509089,1774305825097935574,3426
8702,1774305825099647591,1774305825103455308,3807
8703,1774305825105150549,1774305825109010662,3860
8704,1774305825110651998,1774305825114095461,3443
8705,1774305825115818764,1774305825119788590,3969
8706,1774305825121525420,1774305825125117986,3592
8707,1774305825126826985,1774305825130914798,4087
8708,1774305825132585981,1774305825135847306,3261
8709,1774305825137472432,1774305825140683291,3210
8710,1774305825142281987,1774305825145771955,3489
8711,1774305825147261363,1774305825150428180,3166
8712,1774305825151803706,1774305825155798927,3995
8713,1774305825157276722,1774305825161644320,4367
8714,1774305825163325465,1774305825167197559,3872
8715,1774305825168978797,1774305825173097558,4118
8716,1774305825174772140,1774305825178568812,3796
8717,1774305825180328453,1774305825184463607,4135
8718,1774305825186341774,1774305825189939585,3597
8719,1774305825192024508,1774305825195424331,3399
8720,1774305825197147159,1774305825201149564,4002
8721,1774305825202936832,1774305825206522890,3586
8722,1774305825208213688,1774305825211957441,3743
8723,1774305825213656072,1774305825217052867,3396
8724,1774305825218755471,1774305825222640744,3885
8725,1774305825224471026,1774305825228331752,3860
8726,1774305825229883567,1774305825233262847,3379
8727,1774305825235018123,1774305825238980633,3962
8728,1774305825240703940,1774305825244412582,3708
8729,1774305825246088007,1774305825250184912,4096
8730,1774305825251972461,1774305825255907874,3935
8731,1774305825257975274,1774305825261990654,4015
8732,1774305825263914052,1774305825267780399,3866
8733,1774305825269398911,1774305825272907219,3508
8734,1774305825274463628,1774305825277473417,3009
8735,1774305825278921512,1774305825282431621,3510
8736,1774305825284041916,1774305825287270825,3228
8737,1774305825288694060,1774305825292266769,3572
8738,1774305825293635989,1774305825296872056,3236
8739,1774305825298586800,1774305825301965164,3378
8740,1774305825303643809,1774305825307451613,3807
8741,1774305825309129961,1774305825313151192,4021
8742,1774305825314995564,1774305825318949246,3953
8743,1774305825320674052,1774305825324598221,3924
8744,1774305825326258819,1774305825330347938,4089
8745,1774305825332053232,1774305825335978998,3925
8746,1774305825337633096,1774305825341037681,3404
8747,1774305825342674517,1774305825346669653,3995
8748,1774305825348313334,1774305825352161117,3847
8749,1774305825353843652,1774305825357195001,3351
8750,1774305825358958415,1774305825362856540,3898
8751,1774305825364486923,1774305825368256522,3769
8752,1774305825369916797,1774305825373747361,3830
8753,1774305825375634276,1774305825379488233,3853
8754,1774305825381202704,1774305825384722413,3519
8755,1774305825386370336,1774305825390442101,4071
8756,1774305825392286209,1774305825395933702,3647
8757,1774305825397694580,1774305825400945503,3250
8758,1774305825402769304,1774305825406793560,4024
8759,1774305825408291508,1774305825412475059,4183
8760,1774305825414039656,1774305825417437105,3397
8761,1774305825419081767,1774305825422779982,3698
8762,1774305825424256823,1774305825428122780,3865
8763,1774305825429741411,1774305825433074005,3332
8764,1774305825434691538,1774305825438744360,4052
8765,1774305825440468838,1774305825444734789,4265
8766,1774305825446334173,1774305825450301180,3967
8767,1774305825452020033,1774305825455808490,3788
8768,1774305825457446796,1774305825461077442,3630
8769,1774305825462749895,1774305825466815612,4065
8770,1774305825468460281,1774305825472021524,3561
8771,1774305825473661973,1774305825477586548,3924
8772,1774305825479236592,1774305825483047402,3810
8773,1774305825484899834,1774305825488934767,4034
8774,1774305825490546677,1774305825494502030,3955
8775,1774305825496187365,1774305825500448993,4261
8776,1774305825502151819,1774305825506067957,3916
8777,1774305825507724610,1774305825511355894,3631
8778,1774305825513048419,1774305825517153220,4104
8779,1774305825518808638,1774305825522527425,3718
8780,1774305825524137608,1774305825528159137,4021
8781,1774305825529785558,1774305825532983184,3197
8782,1774305825534690358,1774305825538276922,3586
8783,1774305825540013353,1774305825543116024,3102
8784,1774305825544497101,1774305825548486843,3989
8785,1774305825550077931,1774305825553147566,3069
8786,1774305825554778084,1774305825557875175,3097
8787,1774305825559493676,1774305825563252166,3758
8788,1774305825564961765,1774305825568181885,3220
8789,1774305825569852249,1774305825572938837,3086
8790,1774305825574620255,1774305825578632543,4012
8791,1774305825580345389,1774305825584156652,3811
8792,1774305825585796144,1774305825589610474,3814
8793,1774305825591422648,1774305825594888869,3466
8794,1774305825596485202,1774305825600388670,3903
8795,1774305825602149779,1774305825605717269,3567
8796,1774305825607384247,1774305825610810937,3426
8797,1774305825612560843,1774305825616763975,4203
8798,1774305825618760788,1774305825622615600,3854
8799,1774305825624258141,1774305825628568976,4310
8800,1774305825630122354,1774305825633408087,3285
8801,1774305825634968876,1774305825638558202,3589
8802,1774305825640185790,1774305825644222698,4036
8803,1774305825645885962,1774305825649512562,3626
8804,1774305825651269939,1774305825654643781,3373
8805,1774305825656349430,1774305825660349290,3999
8806,1774305825662192345,1774305825666558212,4365
8807,1774305825668339367,1774305825672397138,4057
8808,1774305825673791601,1774305825676677505,2885
8809,1774305825678336562,1774305825682278067,3941
8810,1774305825683935224,1774305825687178876,3243
8811,1774305825688430751,1774305825691800245,3369
8812,1774305825693412372,1774305825697531933,4119
8813,1774305825699124983,1774305825703049400,3924
8814,1774305825704612606,1774305825708723911,4111
8815,1774305825710309608,1774305825713715154,3405
8816,1774305825715341710,1774305825718855871,3514
8817,1774305825720518862,1774305825723937004,3418
8818,1774305825725884194,1774305825729020823,3136
8819,1774305825730734060,1774305825734570199,3836
8820,1774305825736333163,1774305825740132752,3799
8821,1774305825741853921,1774305825745784958,3931
8822,1774305825747578869,1774305825750842485,3263
8823,1774305825752518989,1774305825756575655,4056
8824,1774305825758256285,1774305825762039645,3783
8825,1774305825763749864,1774305825767340357,3590
8826,1774305825768983904,1774305825772845999,3862
8827,1774305825774829604,1774305825778619874,3790
8828,1774305825780281368,1774305825784134676,3853
8829,1774305825786047899,1774305825789907999,3860
8830,1774305825791558479,1774305825795696034,4137
8831,1774305825797582304,1774305825801751942,4169
8832,1774305825803706936,1774305825807766227,4059
8833,1774305825809516843,1774305825813733263,4216
8834,1774305825815397357,1774305825818500662,3103
8835,1774305825820160859,1774305825824108296,3947
8836,1774305825825731023,1774305825828786942,3055
8837,1774305825830440399,1774305825833894394,3453
8838,1774305825835434729,1774305825839566461,4131
8839,1774305825841032824,1774305825844964506,3931
8840,1774305825846591345,1774305825850617194,4025
8841,1774305825852216731,1774305825856233158,4016
8842,1774305825857929984,1774305825861083178,3153
8843,1774305825862742040,1774305825866128209,3386
8844,1774305825867747382,1774305825871409621,3662
8845,1774305825873141806,1774305825876726982,3585
8846,1774305825878352783,1774305825882186242,3833
8847,1774305825883852784,1774305825887959407,4106
8848,1774305825889649389,1774305825893752406,4103
8849,1774305825895535299,1774305825899794771,4259
8850,1774305825901460905,1774305825905435071,3974
8851,1774305825907217595,1774305825911508708,4291
8852,1774305825913379392,1774305825917449294,4069
8853,1774305825919136117,1774305825923156549,4020
8854,1774305825924876466,1774305825928721728,3845
8855,1774305825930372134,1774305825933885386,3513
8856,1774305825935797244,1774305825939186757,3389
8857,1774305825940871362,1774305825944243493,3372
8858,1774305825945913374,1774305825949088442,3175
8859,1774305825950739653,1774305825954692177,3952
8860,1774305825956342864,1774305825960302913,3960
8861,1774305825961949518,1774305825965543402,3593
8862,1774305825967275071,1774305825971278604,4003
8863,1774305825973026526,1774305825975953329,2926
8864,1774305825977458348,1774305825980391936,2933
8865,1774305825981750042,1774305825984930556,3180
8866,1774305825986532381,1774305825989856655,3324
8867,1774305825991209942,1774305825995117078,3907
8868,1774305825996805041,1774305826000453409,3648
8869,1774305826002118311,1774305826005624644,3506
8870,1774305826007306592,1774305826011384102,4077
8871,1774305826013076416,1774305826017031548,3955
8872,1774305826018614594,1774305826022825054,4210
8873,1774305826024651930,1774305826027985137,3333
8874,1774305826029618780,1774305826033007677,3388
8875,1774305826034749869,1774305826038082544,3332
8876,1774305826039732142,1774305826043803571,4071
8877,1774305826045520948,1774305826049333435,3812
8878,1774305826051116384,1774305826055059345,3942
8879,1774305826056698166,1774305826060699557,4001
8880,1774305826062501232,1774305826066528871,4027
8881,1774305826068296564,1774305826072366857,4070
8882,1774305826074033746,1774305826077298059,3264
8883,1774305826078959574,1774305826082763314,3803
8884,1774305826084363956,1774305826088139471,3775
8885,1774305826089903861,1774305826093963374,4059
8886,1774305826095694738,1774305826099701344,4006
8887,1774305826101335423,1774305826105187298,3851
8888,1774305826106876095,1774305826110397976,3521
8889,1774305826112068763,1774305826115896796,3828
8890,1774305826117615416,1774305826120503814,2888
8891,1774305826122086849,1774305826125610475,3523
8892,1774305826127159626,1774305826130965269,3805
8893,1774305826132600801,1774305826135985795,3384
8894,1774305826137806602,1774305826141776778,3970
8895,1774305826143437871,1774305826147267130,3829
8896,1774305826149216873,1774305826153068164,3851
8897,1774305826154701512,1774305826158657415,3955
8898,1774305826160404261,1774305826163880139,3475
8899,1774305826165631657,1774305826169673640,4041
8900,1774305826171554240,1774305826174795763,3241
8901,1774305826176434799,1774305826179905435,3470
8902,1774305826181531606,1774305826184839208,3307
8903,1774305826186565934,1774305826190644466,4078
8904,1774305826192260612,1774305826195995691,3735
8905,1774305826197738283,1774305826201566708,3828
8906,1774305826203188196,1774305826207005729,3817
8907,1774305826208721059,1774305826212392292,3671
8908,1774305826214071574,1774305826217281950,3210
8909,1774305826218936557,1774305826222564964,3628
8910,1774305826224148539,1774305826228237528,4088
8911,1774305826229901709,1774305826233838005,3936
8912,1774305826235536461,1774305826238541985,3005
8913,1774305826240180676,1774305826244251481,4070
8914,1774305826245872502,1774305826249770844,3898
8915,1774305826251334242,1774305826255148901,3814
8916,1774305826256837106,1774305826260335526,3498
8917,1774305826262087282,1774305826265276303,3189
8918,1774305826266910318,1774305826270895210,3984
8919,1774305826272463515,1774305826275817572,3354
8920,1774305826277435374,1774305826281194443,3759
8921,1774305826282868757,1774305826286883858,4015
8922,1774305826288667669,1774305826292793481,4125
8923,1774305826294424393,1774305826297984979,3560
8924,1774305826299856701,1774305826303754559,3897
8925,1774305826305381889,1774305826309181718,3799
8926,1774305826311102900,1774305826315082212,3979
8927,1774305826316710114,1774305826320541379,3831
8928,1774305826322390345,1774305826326400306,4009
8929,1774305826328125480,1774305826332000422,3874
8930,1774305826333917194,1774305826337952412,4035
8931,1774305826339611899,1774305826343154684,3542
8932,1774305826344918087,1774305826348145382,3227
8933,1774305826350025415,1774305826353899277,3873
8934,1774305826355566341,1774305826359182188,3615
8935,1774305826360946377,1774305826365113356,4166
8936,1774305826366758016,1774305826370904232,4146
8937,1774305826372549600,1774305826375785938,3236
8938,1774305826377461115,1774305826380840054,3378
8939,1774305826382477643,1774305826386180467,3702
8940,1774305826387810606,1774305826391820864,4010
8941,1774305826393527620,1774305826397017647,3490
8942,1774305826398686155,1774305826402000999,3314
8943,1774305826403547282,1774305826407221217,3673
8944,1774305826408871282,1774305826412777443,3906
8945,1774305826414349096,1774305826418452592,4103
8946,1774305826420113544,1774305826423565377,3451
8947,1774305826425287999,1774305826429329562,4041
8948,1774305826430947553,1774305826434843471,3895
8949,1774305826436441777,1774305826440611593,4169
8950,1774305826442356800,1774305826446267658,3910
8951,1774305826448061604,1774305826452371633,4310
8952,1774305826454236020,1774305826458186470,3950
8953,1774305826460015016,1774305826463919147,3904
8954,1774305826465601216,1774305826469782984,4181
8955,1774305826471824819,1774305826475670346,3845
8956,1774305826477565460,1774305826481548408,3982
8957,1774305826483316868,1774305826487435998,4119
8958,1774305826489114399,1774305826492627506,3513
8959,1774305826494280325,1774305826498193415,3913
8960,1774305826499787323,1774305826503917330,4130
8961,1774305826505523493,1774305826509455314,3931
8962,1774305826510959513,1774305826513766536,2807
8963,1774305826515256515,1774305826519159531,3903
8964,1774305826520684022,1774305826523843221,3159
8965,1774305826525355541,1774305826529401673,4046
8966,1774305826530823035,1774305826534443140,3620
8967,1774305826536032415,1774305826539031447,2999
8968,1774305826540553091,1774305826543815230,3262
8969,1774305826545528240,1774305826549475505,3947
8970,1774305826551158499,1774305826555034055,3875
8971,1774305826556631883,1774305826560038142,3406
8972,1774305826561814184,1774305826565462823,3648
8973,1774305826567331977,1774305826570830524,3498
8974,1774305826572561578,1774305826576784004,4222
8975,1774305826578764981,1774305826582533276,3768
8976,1774305826584168812,1774305826588268182,4099
8977,1774305826589947009,1774305826593826760,3879
8978,1774305826595450635,1774305826598781541,3330
8979,1774305826600438863,1774305826603817096,3378
8980,1774305826605718924,1774305826609840241,4121
8981,1774305826611601788,1774305826615247769,3645
8982,1774305826616940210,1774305826620352814,3412
8983,1774305826622508963,1774305826626317866,3808
8984,1774305826628092135,1774305826631552597,3460
8985,1774305826633127906,1774305826636567825,3439
8986,1774305826638246184,1774305826641314362,3068
8987,1774305826642884343,1774305826646798939,3914
8988,1774305826648403567,1774305826651935341,3531
8989,1774305826653317549,1774305826656311121,2993
8990,1774305826658006632,1774305826661510542,3503
8991,1774305826662992918,1774305826666971669,3978
8992,1774305826668660281,1774305826672438236,3777
8993,1774305826674176342,1774305826678074164,3897
8994,1774305826679771022,1774305826683768940,3997
8995,1774305826685489962,1774305826689531445,4041
8996,1774305826691189738,1774305826695261632,4071
8997,1774305826696951681,1774305826700215071,3263
8998,1774305826701917124,1774305826705112311,3195
8999,1774305826706767197,1774305826710734876,3967
9000,1774305826712525496,1774305826716775932,4250
9001,1774305826718487207,1774305826722061674,3574
9002,1774305826723734390,1774305826727771402,4037
9003,1774305826729396432,1774305826733493730,4097
9004,1774305826735303050,1774305826739550945,4247
9005,1774305826741433652,1774305826745555502,4121
9006,1774305826747478021,1774305826751668791,4190
9007,1774305826753460257,1774305826757653812,4193
9008,1774305826759292559,1774305826763345774,4053
9009,1774305826765178540,1774305826769483747,4305
9010,1774305826771326925,1774305826775493443,4166
9011,1774305826777199073,1774305826781006642,3807
9012,1774305826782660728,1774305826786181518,3520
9013,1774305826787707325,1774305826791776908,4069
9014,1774305826793309446,1774305826797389372,4079
9015,1774305826798967732,1774305826801969412,3001
9016,1774305826803672878,1774305826806971378,3298
9017,1774305826808694639,1774305826812835451,4140
9018,1774305826814538434,1774305826818263116,3724
9019,1774305826819986773,1774305826824007037,4020
9020,1774305826825705297,1774305826829677930,3972
9021,1774305826831328748,1774305826835157487,3828
9022,1774305826836954796,1774305826840096744,3141
9023,1774305826841812604,1774305826845887059,4074
9024,1774305826847607802,1774305826851125543,3517
9025,1774305826852829212,1774305826856401262,3572
9026,1774305826858078965,1774305826861885981,3807
9027,1774305826863526686,1774305826867541012,4014
9028,1774305826869220091,1774305826873177276,3957
9029,1774305826874943499,1774305826878722827,3779
9030,1774305826880333727,1774305826884108825,3775
9031,1774305826885730384,1774305826889218171,3487
9032,1774305826890952008,1774305826894784156,3832
9033,1774305826896405960,1774305826900164662,3758
9034,1774305826901961351,1774305826905907599,3946
9035,1774305826907565298,1774305826910969573,3404
9036,1774305826912643134,1774305826916439718,3796
9037,1774305826918107337,1774305826921326103,3218
9038,1774305826922935916,1774305826926122742,3186
9039,1774305826927749647,1774305826931824100,4074
9040,1774305826933356342,1774305826937394554,4038
9041,1774305826939015204,1774305826942444038,3428
9042,1774305826944002838,1774305826947506258,3503
9043,1774305826949079039,1774305826952552651,3473
9044,1774305826954103687,1774305826957991157,3887
9045,1774305826959607320,1774305826962956581,3349
9046,1774305826964685692,1774305826968591367,3905
9047,1774305826970276778,1774305826974197840,3921
9048,1774305826976316738,1774305826980258363,3941
9049,1774305826982153585,1774305826986223054,4069
9050,1774305826988324661,1774305826992344744,4020
9051,1774305826994171472,1774305826998139107,3967
9052,1774305826999963673,1774305827003819770,3856
9053,1774305827005435067,1774305827009424546,3989
9054,1774305827011400725,1774305827015327394,3926
9055,1774305827017043421,1774305827020958243,3914
9056,1774305827022640425,1774305827026949945,4309
9057,1774305827028603061,1774305827032028870,3425
9058,1774305827033759745,1774305827037192996,3433
9059,1774305827039165342,1774305827043086397,3921
9060,1774305827044730878,1774305827048325166,3594
9061,1774305827050082234,1774305827054449883,4367
9062,1774305827056102270,1774305827059982492,3880
9063,1774305827061633956,1774305827065630387,3996
9064,1774305827067103451,1774305827071023048,3919
9065,1774305827072672421,1774305827075684217,3011
9066,1774305827077397198,1774305827080806069,3408
9067,1774305827082421366,1774305827086612591,4191
9068,1774305827088252005,1774305827092069366,3817
9069,1774305827093635946,1774305827097010673,3374
9070,1774305827098855877,1774305827101974282,3118
9071,1774305827103645447,1774305827107659576,4014
9072,1774305827109295655,1774305827112954479,3658
9073,1774305827114587751,1774305827118182684,3594
9074,1774305827119899136,1774305827123902313,4003
9075,1774305827125688348,1774305827129707257,4018
9076,1774305827131798984,1774305827135921561,4122
9077,1774305827137667736,1774305827141031256,3363
9078,1774305827142784182,1774305827146739988,3955
9079,1774305827148512907,1774305827152065487,3552
9080,1774305827153683686,1774305827157618727,3935
9081,1774305827159377627,1774305827163238289,3860
9082,1774305827165025806,1774305827168858432,3832
9083,1774305827170552565,1774305827174491250,3938
9084,1774305827176375158,1774305827180326668,3951
9085,1774305827182046528,1774305827186128957,4082
9086,1774305827187964783,1774305827191999239,4034
9087,1774305827193697711,1774305827197271999,3574
9088,1774305827199000302,1774305827202502392,3502
9089,1774305827204142128,1774305827208121712,3979
9090,1774305827209786193,1774305827212826233,3040
9091,1774305827214531128,1774305827218137798,3606
9092,1774305827219791884,1774305827223865126,4073
9093,1774305827225575688,1774305827229554066,3978
9094,1774305827231251948,1774305827235143354,3891
9095,1774305827236945874,1774305827240140645,3194
9096,1774305827241827008,1774305827245609154,3782
9097,1774305827247232063,1774305827251114211,3882
9098,1774305827252764634,1774305827256550432,3785
9099,1774305827258287977,1774305827262013581,3725
9100,1774305827263669656,1774305827267590137,3920
9101,1774305827269254621,1774305827273082234,3827
9102,1774305827274999817,1774305827278658471,3658
9103,1774305827280316394,1774305827284269181,3952
9104,1774305827285944152,1774305827289147893,3203
9105,1774305827290774633,1774305827294610452,3835
9106,1774305827296368465,1774305827300175619,3807
9107,1774305827301900202,1774305827305530375,3630
9108,1774305827307146035,1774305827311210868,4064
9109,1774305827313077246,1774305827316830700,3753
9110,1774305827318500666,1774305827321854621,3353
9111,1774305827323618767,1774305827327666894,4048
9112,1774305827329229098,1774305827332876273,3647
9113,1774305827334492831,1774305827337889501,3396
9114,1774305827339537856,1774305827342917902,3380
9115,1774305827344695896,1774305827348197482,3501
9116,1774305827349947967,1774305827354216701,4268
9117,1774305827355680980,1774305827359457772,3776
9118,1774305827361123791,1774305827364723711,3599
9119,1774305827366301050,1774305827369628037,3326
9120,1774305827371159258,1774305827374576091,3416
9121,1774305827376220568,1774305827379786401,3565
9122,1774305827381467803,1774305827384753352,3285
9123,1774305827386545586,1774305827390280379,3734
9124,1774305827391931523,1774305827395917750,3986
9125,1774305827397633406,1774305827401639642,4006
9126,1774305827403374306,1774305827406953819,3579
9127,1774305827408619565,1774305827412110319,3490
9128,1774305827413764157,1774305827417812406,4048
9129,1774305827419579694,1774305827423143061,3563
9130,1774305827424799579,1774305827428671168,3871
9131,1774305827430294011,1774305827434161397,3867
9132,1774305827435774846,1774305827439993870,4219
9133,1774305827441756111,1774305827445019554,3263
9134,1774305827446700010,1774305827450602145,3902
9135,1774305827452326569,1774305827455848550,3521
9136,1774305827457492189,1774305827460961278,3469
9137,1774305827462630500,1774305827466615105,3984
9138,1774305827468312515,1774305827471829976,3517
9139,1774305827473450905,1774305827477523496,4072
9140,1774305827479141431,1774305827483164759,4023
9141,1774305827484615253,1774305827487796766,3181
9142,1774305827489465694,1774305827492712421,3246
9143,1774305827494332203,1774305827497382900,3050
9144,1774305827499017920,1774305827503006408,3988
9145,1774305827504591166,1774305827508099817,3508
9146,1774305827509679750,1774305827513548906,3869
9147,1774305827515160816,1774305827519155790,3994
9148,1774305827520811401,1774305827524602842,3791
9149,1774305827526420320,1774305827530200138,3779
9150,1774305827532010473,1774305827535992542,3982
9151,1774305827537816702,1774305827541557676,3740
9152,1774305827543354828,1774305827547366272,4011
9153,1774305827549296690,1774305827553160258,3863
9154,1774305827554875270,1774305827558744878,3869
9155,1774305827560498029,1774305827564574806,4076
9156,1774305827566317214,1774305827570290526,3973
9157,1774305827572127698,1774305827576062004,3934
9158,1774305827577747961,1774305827580916356,3168
9159,1774305827582555107,1774305827586287535,3732
9160,1774305827587948909,1774305827591883714,3934
9161,1774305827593531015,1774305827597119087,3588
9162,1774305827598768553,1774305827602727395,3958
9163,1774305827604254774,1774305827608364146,4109
9164,1774305827609983054,1774305827613454943,3471
9165,1774305827615094022,1774305827618072242,2978
9166,1774305827619660765,1774305827623270288,3609
9167,1774305827624945022,1774305827628891249,3946
9168,1774305827630442462,1774305827633731047,3288
9169,1774305827635454022,1774305827638972472,3518
9170,1774305827640586820,1774305827643688902,3102
9171,1774305827645135537,1774305827648530149,3394
9172,1774305827649880291,1774305827653485285,3604
9173,1774305827655073504,1774305827659124319,4050
9174,1774305827660798130,1774305827664740754,3942
9175,1774305827666427080,1774305827670032962,3605
9176,1774305827671650577,1774305827675672287,4021
9177,1774305827677394533,1774305827681413709,4019
9178,1774305827683134893,1774305827687015227,3880
9179,1774305827688736977,1774305827692525996,3789
9180,1774305827694145356,1774305827697876474,3731
9181,1774305827699570834,1774305827702812235,3241
9182,1774305827704489354,1774305827708438245,3948
9183,1774305827710079325,1774305827713828651,3749
9184,1774305827715489385,1774305827719517325,4027
9185,1774305827721158588,1774305827724926257,3767
9186,1774305827726723825,1774305827730549657,3825
9187,1774305827732178265,1774305827736079145,3900
9188,1774305827737672908,1774305827741622676,3949
9189,1774305827743289222,1774305827747309791,4020
9190,1774305827749081101,1774305827752635704,3554
9191,1774305827754236431,1774305827757765544,3529
9192,1774305827759561827,1774305827763273702,3711
9193,1774305827764874716,1774305827768036036,3161
9194,1774305827769543419,1774305827773277847,3734
9195,1774305827774955173,1774305827778892168,3936
9196,1774305827780472367,1774305827784451606,3979
9197,1774305827786085046,1774305827789038110,2953
9198,1774305827790723268,1774305827794744010,4020
9199,1774305827796369080,1774305827800176732,3807
9200,1774305827801940299,1774305827805878286,3937
9201,1774305827807618850,1774305827811878118,4259
9202,1774305827813566880,1774305827817577107,4010
9203,1774305827819293798,1774305827823154497,3860
9204,1774305827824964206,1774305827828193933,3229
9205,1774305827829927102,1774305827833933386,4006
9206,1774305827835608768,1774305827839418832,3810
9207,1774305827841177746,1774305827845488097,4310
9208,1774305827847160016,1774305827851479300,4319
9209,1774305827853277296,1774305827857553334,4276
9210,1774305827859558467,1774305827863294989,3736
9211,1774305827864959800,1774305827868193424,3233
9212,1774305827870015593,1774305827873472633,3457
9213,1774305827875204166,1774305827879290943,4086
9214,1774305827880939127,1774305827884826583,3887
9215,1774305827886454184,1774305827890385740,3931
9216,1774305827891965502,1774305827895014495,3048
9217,1774305827896468809,1774305827899988848,3520
9218,1774305827901678428,1774305827904899273,3220
9219,1774305827906494414,1774305827910288886,3794
9220,1774305827911870328,1774305827915689159,3818
9221,1774305827917476403,1774305827921743775,4267
9222,1774305827923493557,1774305827926776754,3283
9223,1774305827928642691,1774305827932014569,3371
9224,1774305827933786088,1774305827937344863,3558
9225,1774305827939000960,1774305827942143393,3142
9226,1774305827943854070,1774305827947082239,3228
9227,1774305827948815709,1774305827952839378,4023
9228,1774305827954553810,1774305827957878738,3324
9229,1774305827959527449,1774305827962866971,3339
9230,1774305827964740439,1774305827968648172,3907
9231,1774305827970467697,1774305827974178462,3710
9232,1774305827976232173,1774305827980185523,3953
9233,1774305827982240962,1774305827986006937,3765
9234,1774305827987624806,1774305827991237490,3612
9235,1774305827993035890,1774305827996741453,3705
9236,1774305827998598822,1774305828002899463,4300
9237,1774305828004575041,1774305828008438665,3863
9238,1774305828010219100,1774305828014125782,3906
9239,1774305828015901822,1774305828020026619,4124
9240,1774305828021746325,1774305828024834049,3087
9241,1774305828026485296,1774305828029529126,3043
9242,1774305828031213713,1774305828035123685,3909
9243,1774305828036649132,1774305828040395116,3745
9244,1774305828041872895,1774305828045014774,3141
9245,1774305828046652390,1774305828050703010,4050
9246,1774305828052258614,1774305828056037644,3779
9247,1774305828057620099,1774305828060999009,3378
9248,1774305828062716025,1774305828065982514,3266
9249,1774305828067713080,1774305828071380618,3667
9250,1774305828073036233,1774305828076345470,3309
9251,1774305828078031410,1774305828081292739,3261
9252,1774305828083132919,1774305828086916042,3783
9253,1774305828088553878,1774305828091977575,3423
9254,1774305828093614058,1774305828097452279,3838
9255,1774305828099076611,1774305828102204972,3128
9256,1774305828103807232,1774305828107799982,3992
9257,1774305828109406739,1774305828113165036,3758
9258,1774305828115070850,1774305828118958056,3887
9259,1774305828120573148,1774305828124740561,4167
9260,1774305828126384519,1774305828129902672,3518
9261,1774305828131547732,1774305828134826060,3278
9262,1774305828136721666,1774305828140811585,4089
9263,1774305828142495160,1774305828146175666,3680
9264,1774305828147929911,1774305828151971538,4041
9265,1774305828153636840,1774305828157573841,3937
9266,1774305828159254432,1774305828163534378,4279
9267,1774305828165275571,1774305828169365352,4089
9268,1774305828171003607,1774305828174148534,3144
9269,1774305828175968724,1774305828180031834,4063
9270,1774305828181672414,1774305828185367550,3695
9271,1774305828186771886,1774305828190440090,3668
9272,1774305828192018333,1774305828195015588,2997
9273,1774305828196636037,1774305828199954923,3318
9274,1774305828201565629,1774305828204737887,3172
9275,1774305828206367847,1774305828210294457,3926
9276,1774305828211933616,1774305828215728818,3795
9277,1774305828217419578,1774305828221319418,3899
9278,1774305828223023906,1774305828226897057,3873
9279,1774305828228535029,1774305828232209516,3674
9280,1774305828234180030,1774305828238239431,4059
9281,1774305828239924614,1774305828243410419,3485
9282,1774305828245014978,1774305828248576091,3561
9283,1774305828250179259,1774305828253892528,3713
9284,1774305828255575408,1774305828259618179,4042
9285,1774305828261396840,1774305828265306115,3909
9286,1774305828267175104,1774305828271072053,3896
9287,1774305828272942304,1774305828276693146,3750
9288,1774305828278445446,1774305828282491504,4046
9289,1774305828284316046,1774305828288303089,3987
9290,1774305828290075068,1774305828293449666,3374
9291,1774305828295116041,1774305828299051885,3935
9292,1774305828300514385,1774305828304468413,3954
9293,1774305828306033838,1774305828308947830,2913
9294,1774305828310640942,1774305828314118332,3477
9295,1774305828315592221,1774305828319661620,4069
9296,1774305828320898759,1774305828323871354,2972
9297,1774305828325457154,1774305828328859832,3402
9298,1774305828330509105,1774305828333853222,3344
9299,1774305828335421065,1774305828339022453,3601
9300,1774305828340645797,1774305828344267871,3622
9301,1774305828345899979,1774305828349469269,3569
9302,1774305828351086419,1774305828354825851,3739
9303,1774305828356467362,1774305828360494897,4027
9304,1774305828362219407,1774305828365791145,3571
9305,1774305828367948738,1774305828371874298,3925
9306,1774305828373520184,1774305828377055389,3535
9307,1774305828378740359,1774305828382076796,3336
9308,1774305828383739334,1774305828387115887,3376
9309,1774305828388953177,1774305828392834970,3881
9310,1774305828394496996,1774305828398619301,4122
9311,1774305828400419845,1774305828404653798,4233
9312,1774305828406303069,1774305828410182614,3879
9313,1774305828411952874,1774305828416053973,4101
9314,1774305828417748726,1774305828421674629,3925
9315,1774305828423361337,1774305828427652151,4290
9316,1774305828429350978,1774305828433251220,3900
9317,1774305828434857931,1774305828438051822,3193
9318,1774305828439667645,1774305828442734155,3066
9319,1774305828444335572,1774305828448171334,3835
9320,1774305828449558273,1774305828453358637,3800
9321,1774305828454854797,1774305828458907001,4052
9322,1774305828460541783,1774305828464549749,4007
9323,1774305828466177402,1774305828469388627,3211
9324,1774305828471006306,1774305828474162282,3155
9325,1774305828475841690,1774305828479759735,3918
9326,1774305828481340288,1774305828485029622,3689
9327,1774305828486658323,1774305828489939397,3281
9328,1774305828491555789,1774305828495501843,3946
9329,1774305828497308674,1774305828501479262,4170
9330,1774305828503240020,1774305828507200527,3960
9331,1774305828509028630,1774305828512935018,3906
9332,1774305828514723847,1774305828518950807,4226
9333,1774305828520813800,1774305828524092497,3278
9334,1774305828525813466,1774305828529757530,3944
9335,1774305828531491715,1774305828535669079,4177
9336,1774305828537478648,1774305828541040468,3561
9337,1774305828542657366,1774305828546045567,3388
9338,1774305828547855317,1774305828551270897,3415
9339,1774305828552956644,1774305828556094669,3138
9340,1774305828557730147,1774305828560896005,3165
9341,1774305828562601475,1774305828566185748,3584
9342,1774305828567862318,1774305828570841796,2979
9343,1774305828572454472,1774305828576632520,4178
9344,1774305828578197797,1774305828581339887,3142
9345,1774305828583070031,1774305828587186573,4116
9346,1774305828588846759,1774305828592023290,3176
9347,1774305828593571720,1774305828596795319,3223
9348,1774305828598410429,1774305828602342129,3931
9349,1774305828603915178,1774305828607867475,3952
9350,1774305828609498896,1774305828613324019,3825
9351,1774305828614948167,1774305828618040341,3092
9352,1774305828619697389,1774305828623565036,3867
9353,1774305828625260543,1774305828629155210,3894
9354,1774305828630913054,1774305828634968860,4055
9355,1774305828636623659,1774305828640462531,3838
9356,1774305828642122913,1774305828646141578,4018
9357,1774305828647796516,1774305828651597407,3800
9358,1774305828653385032,1774305828657103236,3718
9359,1774305828658868027,1774305828662706521,3838
9360,1774305828664458678,1774305828668532675,4073
9361,1774305828670356784,1774305828674284412,3927
9362,1774305828675931784,1774305828679254553,3322
9363,1774305828681058835,1774305828684951204,3892
9364,1774305828686726828,1774305828690424497,3697
9365,1774305828692143076,1774305828696139613,3996
9366,1774305828697779099,1774305828701783214,4004
9367,1774305828703267459,1774305828706527342,3259
9368,1774305828708235742,1774305828712297490,4061
9369,1774305828713900376,1774305828717678095,3777
9370,1774305828719170685,1774305828722697356,3526
9371,1774305828724338310,1774305828728421928,4083
9372,1774305828730068317,1774305828733626363,3558
9373,1774305828735171692,1774305828738290703,3119
9374,1774305828739783986,1774305828742856646,3072
9375,1774305828744611270,1774305828748624822,4013
9376,1774305828750607221,1774305828754331644,3724
9377,1774305828756358490,1774305828760579332,4220
9378,1774305828762465418,1774305828766621837,4156
9379,1774305828768316014,1774305828772134018,3818
9380,1774305828773892595,1774305828777039573,3146
9381,1774305828778691816,1774305828782739381,4047
9382,1774305828784465219,1774305828788334205,3868
9383,1774305828790022800,1774305828793302008,3279
9384,1774305828794921017,1774305828798219235,3298
9385,1774305828799924153,1774305828803215782,3291
9386,1774305828805077356,1774305828809179848,4102
9387,1774305828810922715,1774305828814573153,3650
9388,1774305828816448661,1774305828820311373,3862
9389,1774305828822268212,1774305828826191260,3923
9390,1774305828827971496,1774305828832053115,4081
9391,1774305828833734675,1774305828837780037,4045
9392,1774305828839433434,1774305828843606542,4173
9393,1774305828845340944,1774305828848972084,3631
9394,1774305828850635434,1774305828853918541,3283
9395,1774305828855611543,1774305828859690566,4079
9396,1774305828861342923,1774305828864591263,3248
9397,1774305828866222081,1774305828869751325,3529
9398,1774305828871292328,1774305828874716308,3423
9399,1774305828876282579,1774305828880213800,3931
9400,1774305828881653863,1774305828885278270,3624
9401,1774305828887009528,1774305828890100196,3090
9402,1774305828891687104,1774305828895349668,3662
9403,1774305828896940758,1774305828900139868,3199
9404,1774305828901998588,1774305828906004570,4005
9405,1774305828907643987,1774305828911600901,3956
9406,1774305828913326821,1774305828916821637,3494
9407,1774305828918592237,1774305828922447179,3854
9408,1774305828924243130,1774305828928100984,3857
9409,1774305828929985984,1774305828934004584,4018
9410,1774305828935870679,1774305828939112091,3241
9411,1774305828940766338,1774305828944057447,3291
9412,1774305828945717247,1774305828949534366,3817
9413,1774305828951378046,1774305828955308433,3930
9414,1774305828957197901,1774305828961027419,3829
9415,1774305828962794626,1774305828966934443,4139
9416,1774305828968587002,1774305828972780391,4193
9417,1774305828974607156,1774305828978693374,4086
9418,1774305828980330268,1774305828984539723,4209
9419,1774305828986264476,1774305828990439934,4175
9420,1774305828992075097,1774305828995352572,3277
9421,1774305828996772652,1774305829000051783,3279
9422,1774305829001777821,1774305829005793330,4015
9423,1774305829007189449,1774305829010717749,3528
9424,1774305829012356585,1774305829016367487,4010
9425,1774305829017988956,1774305829021646282,3657
9426,1774305829023296603,1774305829027085237,3788
9427,1774305829028757056,1774305829032733633,3976
9428,1774305829034462546,1774305829038474482,4011
9429,1774305829040135186,1774305829043984309,3849
9430,1774305829045562442,1774305829049540307,3977
9431,1774305829051186578,1774305829055003217,3816
9432,1774305829056608208,1774305829060004815,3396
9433,1774305829061658255,1774305829065573235,3914
9434,1774305829067269453,1774305829071195653,3926
9435,1774305829072892798,1774305829076772612,3879
9436,1774305829078443351,1774305829081711559,3268
9437,1774305829083596144,1774305829087586256,3990
9438,1774305829089445091,1774305829093182070,3736
9439,1774305829095303745,1774305829099313535,4009
9440,1774305829101129064,1774305829104957526,3828
9441,1774305829107000465,1774305829110968558,3968
9442,1774305829112736977,1774305829116751733,4014
9443,1774305829118499670,1774305829122575846,4076
9444,1774305829124204228,1774305829127619795,3415
9445,1774305829129287390,1774305829132574985,3287
9446,1774305829134283316,1774305829138489936,4206
9447,1774305829140021887,1774305829142826423,2804
9448,1774305829144060919,1774305829147335896,3274
9449,1774305829148942761,1774305829152480090,3537
9450,1774305829154035752,1774305829157046585,3010
9451,1774305829158706233,1774305829162673441,3967
9452,1774305829164439547,1774305829168168026,3728
9453,1774305829169886295,1774305829173034310,3148
9454,1774305829174639444,1774305829178020065,3380
9455,1774305829179648118,1774305829183771832,4123
9456,1774305829185529234,1774305829189495297,3966
9457,1774305829191260404,1774305829195175838,3915
9458,1774305829196878713,1774305829200791897,3913
9459,1774305829202608809,1774305829206817705,4208
9460,1774305829208636259,1774305829212268041,3631
9461,1774305829213942895,1774305829217829309,3886
9462,1774305829219731254,1774305829223823113,4091
9463,1774305829225480353,1774305829229525701,4045
9464,1774305829231512274,1774305829235981214,4468
9465,1774305829237679679,1774305829241058700,3379
9466,1774305829242821689,1774305829246895594,4073
9467,1774305829248650242,1774305829252305981,3655
9468,1774305829253970391,1774305829257966833,3996
9469,1774305829259767441,1774305829263019431,3251
9470,1774305829264648386,1774305829268722424,4074
9471,1774305829270165392,1774305829274340632,4175
9472,1774305829275977763,1774305829279205328,3227
9473,1774305829280537593,1774305829284450249,3912
9474,1774305829286178860,1774305829289175408,2996
9475,1774305829290787080,1774305829293676602,2889
9476,1774305829295392830,1774305829299582032,4189
9477,1774305829301438759,1774305829305065565,3626
9478,1774305829306727329,1774305829310734167,4006
9479,1774305829312353860,1774305829316168656,3814
9480,1774305829317819001,1774305829321419221,3600
9481,1774305829323259668,1774305829327315247,4055
9482,1774305829329047204,1774305829332961312,3914
9483,1774305829334586384,1774305829338918310,4331
9484,1774305829340570485,1774305829344570642,4000
9485,1774305829346463357,1774305829349945478,3482
9486,1774305829351867261,1774305829355924804,4057
9487,1774305829357736241,1774305829361014824,3278
9488,1774305829362573356,1774305829366688915,4115
9489,1774305829368466040,1774305829372442254,3976
9490,1774305829374242192,1774305829378470800,4228
9491,1774305829380098496,1774305829384068561,3970
9492,1774305829385734802,1774305829388911431,3176
9493,1774305829390570157,1774305829394680733,4110
9494,1774305829396370231,1774305829400204712,3834
9495,1774305829402009535,1774305829405105609,3096
9496,1774305829406729678,1774305829410769335,4039
9497,1774305829412465541,1774305829416176944,3711
9498,1774305829417989851,1774305829422180461,4190
9499,1774305829423818348,1774305829426708974,2890
9500,1774305829428251661,1774305829431778825,3527
9501,1774305829433327811,1774305829437264222,3936
9502,1774305829438934587,1774305829442782504,3847
9503,1774305829444414198,1774305829448290427,3876
9504,1774305829449970321,1774305829453494116,3523
9505,1774305829455265210,1774305829459149044,3883
9506,1774305829460910712,1774305829464209069,3298
9507,1774305829465959486,1774305829470006528,4047
9508,1774305829471667654,1774305829475526903,3859
9509,1774305829477366152,1774305829481319538,3953
9510,1774305829482960223,1774305829486398416,3438
9511,1774305829488094817,1774305829491727157,3632
9512,1774305829493363792,1774305829497381440,4017
9513,1774305829499288623,1774305829503112999,3824
9514,1774305829504704391,1774305829508815518,4111
9515,1774305829510555603,1774305829514564112,4008
9516,1774305829516180929,1774305829519997194,3816
9517,1774305829521650460,1774305829525050745,3400
9518,1774305829526767685,1774305829530728457,3960
9519,1774305829532367747,1774305829535440745,3072
9520,1774305829537084103,1774305829541204093,4119
9521,1774305829542650145,1774305829546056791,3406
9522,1774305829547688546,1774305829550838517,3149
9523,1774305829552339431,1774305829556401177,4061
9524,1774305829557882267,1774305829561786425,3904
9525,1774305829563410443,1774305829566442460,3032
9526,1774305829568057969,1774305829571785257,3727
9527,1774305829573579495,1774305829576805449,3225
9528,1774305829578408771,1774305829582420515,4011
9529,1774305829584164709,1774305829587974677,3809
9530,1774305829589588129,1774305829593441988,3853
9531,1774305829595175420,1774305829599096184,3920
9532,1774305829600723409,1774305829604088872,3365
9533,1774305829605750733,1774305829609450796,3700
9534,1774305829611189923,1774305829615005705,3815
9535,1774305829616653364,1774305829620738237,4084
9536,1774305829622366452,1774305829625794712,3428
9537,1774305829627555277,1774305829631651737,4096
9538,1774305829633302448,1774305829637297537,3995
9539,1774305829639036661,1774305829642278835,3242
9540,1774305829643560867,1774305829647570073,4009
9541,1774305829649155868,1774305829652858610,3702
9542,1774305829654417973,1774305829657806202,3388
9543,1774305829659423898,1774305829662741194,3317
9544,1774305829664395833,1774305829668386447,3990
9545,1774305829670193085,1774305829673920347,3727
9546,1774305829675483681,1774305829679604940,4121
9547,1774305829681068730,1774305829684493269,3424
9548,1774305829686169591,1774305829689633827,3464
9549,1774305829691088736,1774305829694035055,2946
9550,1774305829695628447,1774305829698982248,3353
9551,1774305829700440190,1774305829704391603,3951
9552,1774305829705935865,1774305829709115479,3179
9553,1774305829710772712,1774305829714017299,3244
9554,1774305829715627730,1774305829719415796,3788
9555,1774305829721357758,1774305829725260556,3902
9556,1774305829726961409,1774305829730958069,3996
9557,1774305829732583759,1774305829736054578,3470
9558,1774305829737841047,1774305829741726846,3885
9559,1774305829743604599,1774305829747254478,3649
9560,1774305829749102660,1774305829753073078,3970
9561,1774305829754780445,1774305829758319004,3538
9562,1774305829760242871,1774305829764317841,4074
9563,1774305829766027734,1774305829769463847,3436
9564,1774305829771329137,1774305829775552637,4223
9565,1774305829777390530,1774305829780785353,3394
9566,1774305829782596164,1774305829786341130,3744
9567,1774305829788097614,1774305829792161572,4063
9568,1774305829793944497,1774305829797105706,3161
9569,1774305829798752973,1774305829802703748,3950
9570,1774305829804473312,1774305829808030510,3557
9571,1774305829809652008,1774305829813741941,4089
9572,1774305829815386947,1774305829818883900,3496
9573,1774305829820521128,1774305829823510237,2989
9574,1774305829825149718,1774305829828988786,3839
9575,1774305829830573677,1774305829834721810,4148
9576,1774305829836437578,1774305829840304786,3867
9577,1774305829841913236,1774305829844995348,3082
9578,1774305829846588781,1774305829849912836,3324
9579,1774305829851536194,1774305829854971817,3435
9580,1774305829856744761,1774305829860698166,3953
9581,1774305829862460910,1774305829866260848,3799
9582,1774305829868057926,1774305829871904843,3846
9583,1774305829873559777,1774305829877398623,3838
9584,1774305829879194795,1774305829883101707,3906
9585,1774305829884746148,1774305829888648314,3902
9586,1774305829890546269,1774305829894778595,4232
9587,1774305829896542463,1774305829900453770,3911
9588,1774305829902201471,1774305829905745336,3543
9589,1774305829907590714,1774305829910951590,3360
9590,1774305829912624570,1774305829915978813,3354
9591,1774305829917662133,1774305829921730162,4068
9592,1774305829923576191,1774305829927206059,3629
9593,1774305829928850997,1774305829932296534,3445
9594,1774305829934032759,1774305829938133916,4101
9595,1774305829939835248,1774305829943360037,3524
9596,1774305829945115426,1774305829949188862,4073
9597,1774305829950868782,1774305829954138048,3269
9598,1774305829955650320,1774305829958879100,3228
9599,1774305829960461997,1774305829964196036,3734
9600,1774305829965795834,1774305829968765550,2969
9601,1774305829970425888,1774305829973492310,3066
9602,1774305829975113135,1774305829978178628,3065
9603,1774305829979774398,1774305829983679230,3904
9604,1774305829985244017,1774305829988769895,3525
9605,1774305829990369711,1774305829994271303,3901
9606,1774305829995964440,1774305829999718126,3753
9607,1774305830001335479,1774305830005187864,3852
9608,1774305830007021619,1774305830010757033,3735
9609,1774305830012431259,1774305830015940006,3508
9610,1774305830017667839,1774305830021687751,4019
9611,1774305830023362145,1774305830027262883,3900
9612,1774305830028935271,1774305830032276864,3341
9613,1774305830033944513,1774305830037751052,3806
9614,1774305830039948109,1774305830043449959,3501
9615,1774305830045092943,1774305830048863354,3770
9616,1774305830050717549,1774305830054006274,3288
9617,1774305830055673507,1774305830059602785,3929
9618,1774305830061290557,1774305830064888396,3597
9619,1774305830066752273,1774305830069964794,3212
9620,1774305830071687275,1774305830075394931,3707
9621,1774305830077103222,1774305830080264586,3161
9622,1774305830082036092,1774305830086067692,4031
9623,1774305830087579339,1774305830091452562,3873
9624,1774305830093208946,1774305830097198753,3989
9625,1774305830098760577,1774305830101773756,3013
9626,1774305830103473902,1774305830107011998,3538
9627,1774305830108508930,1774305830112216526,3707
9628,1774305830113876090,1774305830117004169,3128
9629,1774305830118603576,1774305830121887699,3284
9630,1774305830123457561,1774305830126655478,3197
9631,1774305830128484094,1774305830132562193,4078
9632,1774305830134280388,1774305830138250235,3969
9633,1774305830140003983,1774305830143183248,3179
9634,1774305830144845022,1774305830148747386,3902
9635,1774305830150321769,1774305830154260131,3938
9636,1774305830155900988,1774305830159154977,3253
9637,1774305830160993817,1774305830164517693,3523
9638,1774305830166415731,1774305830170621523,4205
9639,1774305830172266527,1774305830176218206,3951
9640,1774305830178065637,1774305830181977838,3912
9641,1774305830183690071,1774305830187248972,3558
9642,1774305830188971082,1774305830193165538,4194
9643,1774305830194883553,1774305830198616276,3732
9644,1774305830200319467,1774305830204414406,4094
9645,1774305830206090929,1774305830209952590,3861
9646,1774305830211651887,1774305830215929434,4277
9647,1774305830217591246,1774305830221785242,4193
9648,1774305830223417899,1774305830227461760,4043
9649,1774305830228998215,1774305830233182260,4184
9650,1774305830234491811,1774305830238629638,4137
9651,1774305830240127898,1774305830244062266,3934
9652,1774305830245617815,1774305830249284157,3666
9653,1774305830250996358,1774305830253956872,2960
9654,1774305830255515586,1774305830259312661,3797
9655,1774305830260908528,1774305830264726921,3818
9656,1774305830266297086,1774305830270221873,3924
9657,1774305830271983564,1774305830275524357,3540
9658,1774305830277345509,1774305830280763069,3417
9659,1774305830282474882,1774305830286596038,4121
9660,1774305830288230832,1774305830292086785,3855
9661,1774305830293907583,1774305830297946712,4039
9662,1774305830299607980,1774305830303680858,4072
9663,1774305830305636329,1774305830309638206,4001
9664,1774305830311496359,1774305830315008977,3512
9665,1774305830316736974,1774305830320534409,3797
9666,1774305830322502364,1774305830326589846,4087
9667,1774305830328382870,1774305830331721464,3338
9668,1774305830333644179,1774305830337019580,3375
9669,1774305830338842472,1774305830342750605,3908
9670,1774305830344485866,1774305830348217684,3731
9671,1774305830350053770,1774305830354271463,4217
9672,1774305830355757657,1774305830358958773,3201
9673,1774305830360607724,1774305830364625788,4018
9674,1774305830366107155,1774305830369961082,3853
9675,1774305830371587624,1774305830374452245,2864
9676,1774305830375636698,1774305830379704057,4067
9677,1774305830381220434,1774305830384352591,3132
9678,1774305830385614941,1774305830389565920,3950
9679,1774305830391179940,1774305830394457386,3277
9680,1774305830396066560,1774305830399770692,3704
9681,1774305830401410485,1774305830405248642,3838
9682,1774305830406848006,1774305830410575989,3727
9683,1774305830412313885,1774305830416223109,3909
9684,1774305830417948872,1774305830421728443,3779
9685,1774305830423355334,1774305830426606236,3250
9686,1774305830428221062,1774305830431708121,3487
9687,1774305830433352999,1774305830437013511,3660
9688,1774305830438786854,1774305830442903009,4116
9689,1774305830444546781,1774305830447884048,3337
9690,1774305830449538694,1774305830453522789,3984
9691,1774305830455144233,1774305830459100173,3955
9692,1774305830460736415,1774305830463932937,3196
9693,1774305830465644045,1774305830469547578,3903
9694,1774305830471303381,1774305830475099074,3795
9695,1774305830476760219,1774305830479950880,3190
9696,1774305830481561668,1774305830485476878,3915
9697,1774305830487152272,1774305830490989163,3836
9698,1774305830492565057,1774305830495787169,3222
9699,1774305830497426128,1774305830501188537,3762
9700,1774305830502644763,1774305830506153246,3508
9701,1774305830507625165,1774305830510604215,2979
9702,1774305830512297931,1774305830515441188,3143
9703,1774305830517044903,1774305830520145733,3100
9704,1774305830521648935,1774305830525513723,3864
9705,1774305830527052389,1774305830530472889,3420
9706,1774305830532030063,1774305830535824633,3794
9707,1774305830537483737,1774305830541462370,3978
9708,1774305830543380212,1774305830547391728,4011
9709,1774305830549108652,1774305830553139133,4030
9710,1774305830554775024,1774305830558659298,3884
9711,1774305830560297679,1774305830563837750,3540
9712,1774305830565491500,1774305830568799230,3307
9713,1774305830570437992,1774305830574540911,4102
9714,1774305830576166254,1774305830579898349,3732
9715,1774305830581585074,1774305830585107762,3522
9716,1774305830586821578,1774305830590627730,3806
9717,1774305830592332515,1774305830596222647,3890
9718,1774305830597937581,1774305830601563481,3625
9719,1774305830603313225,1774305830607263212,3949
9720,1774305830609007565,1774305830612924212,3916
9721,1774305830614572525,1774305830618710954,4138
9722,1774305830620487136,1774305830624370505,3883
9723,1774305830625986192,1774305830630131953,4145
9724,1774305830631655831,1774305830634812744,3156
9725,1774305830636449570,1774305830640177397,3727
9726,1774305830641777501,1774305830645707047,3929
9727,1774305830647099276,1774305830651486131,4386
9728,1774305830652771476,1774305830656728569,3957
9729,1774305830658388568,1774305830661597596,3209
9730,1774305830663138966,1774305830666660067,3521
9731,1774305830668248121,1774305830672277030,4028
9732,1774305830673923617,1774305830677032724,3109
9733,1774305830678718447,1774305830682642503,3924
9734,1774305830684316464,1774305830687747162,3430
9735,1774305830689634966,1774305830693704256,4069
9736,1774305830695426637,1774305830699628339,4201
9737,1774305830701327838,1774305830705191824,3863
9738,1774305830706804212,1774305830709987543,3183
9739,1774305830711805961,1774305830715870983,4065
9740,1774305830717545359,1774305830721562318,4016
9741,1774305830723341496,1774305830726728619,3387
9742,1774305830728295118,1774305830732170704,3875
9743,1774305830733920856,1774305830737825804,3904
9744,1774305830739442654,1774305830743342237,3899
9745,1774305830745029627,1774305830748995446,3965
9746,1774305830750559472,1774305830754461439,3901
9747,1774305830756156638,1774305830760292742,4136
9748,1774305830762037885,1774305830765376114,3338
9749,1774305830766903257,1774305830770182746,3279
9750,1774305830772055935,1774305830775654627,3598
9751,1774305830777435483,1774305830781415058,3979
9752,1774305830783000585,1774305830787450877,4450
9753,1774305830788865344,1774305830792211032,3345
9754,1774305830793987372,1774305830798318737,4331
9755,1774305830799929180,1774305830803867720,3938
9756,1774305830805736499,1774305830809980830,4244
9757,1774305830811825627,1774305830815950442,4124
9758,1774305830817708376,1774305830821926340,4217
9759,1774305830823840243,1774305830827593062,3752
9760,1774305830829460243,1774305830833335687,3875
9761,1774305830835082347,1774305830839011567,3929
9762,1774305830840661229,1774305830844935811,4274
9763,1774305830846619026,1774305830850153649,3534
9764,1774305830851926328,1774305830855485633,3559
9765,1774305830857480168,1774305830861451532,3971
9766,1774305830863145192,1774305830866640465,3495
9767,1774305830868446550,1774305830872598337,4151
9768,1774305830874420434,1774305830878321561,3901
9769,1774305830880023515,1774305830884176923,4153
9770,1774305830885921812,1774305830890022194,4100
9771,1774305830891888719,1774305830895782835,3894
9772,1774305830897789641,1774305830901726210,3936
9773,1774305830903342533,1774305830907413632,4071
9774,1774305830909050082,1774305830913139572,4089
9775,1774305830914842644,1774305830919019243,4176
9776,1774305830920413717,1774305830923345929,2932
9777,1774305830924959623,1774305830928051989,3092
9778,1774305830929679861,1774305830932858689,3178
9779,1774305830934365844,1774305830938199042,3833
9780,1774305830939839970,1774305830943485067,3645
9781,1774305830945131014,1774305830948683674,3552
9782,1774305830950425852,1774305830953881997,3456
9783,1774305830955603545,1774305830959180997,3577
9784,1774305830960884811,1774305830964778478,3893
9785,1774305830966504676,1774305830969917743,3413
9786,1774305830971576588,1774305830975780335,4203
9787,1774305830977427573,1774305830981232715,3805
9788,1774305830983046272,1774305830986862526,3816
9789,1774305830988579642,1774305830992299810,3720
9790,1774305830994019292,1774305830998099663,4080
9791,1774305830999763108,1774305831003042657,3279
9792,1774305831004705446,1774305831008062516,3357
9793,1774305831009745546,1774305831013624949,3879
9794,1774305831015585045,1774305831019414411,3829
9795,1774305831021094233,1774305831025066151,3971
9796,1774305831026914197,1774305831030315054,3400
9797,1774305831032046606,1774305831036047725,4001
9798,1774305831037904833,1774305831042044650,4139
9799,1774305831043794642,1774305831047047472,3252
9800,1774305831048618834,1774305831052023179,3404
9801,1774305831053737740,1774305831057718269,3980
9802,1774305831059161708,1774305831062899281,3737
9803,1774305831064329080,1774305831067417991,3088
9804,1774305831069037756,1774305831071992930,2955
9805,1774305831073709432,1774305831076938843,3229
9806,1774305831078507742,1774305831082392433,3884
9807,1774305831083987496,1774305831087610174,3622
9808,1774305831089221345,1774305831092437858,3216
9809,1774305831094068335,1774305831097470061,3401
9810,1774305831099293800,1774305831102817501,3523
9811,1774305831104535878,1774305831108360337,3824
9812,1774305831110004150,1774305831114234274,4230
9813,1774305831116049773,1774305831120037340,3987
9814,1774305831121673106,1774305831125486436,3813
9815,1774305831127152701,1774305831131015119,3862
9816,1774305831132747921,1774305831136086027,3338
9817,1774305831137834726,1774305831141420443,3585
9818,1774305831143143355,1774305831147028966,3885
9819,1774305831148654557,1774305831151994264,3339
9820,1774305831153745358,1774305831157496326,3750
9821,1774305831159250390,1774305831163093315,3842
9822,1774305831164843624,1774305831168833418,3989
9823,1774305831170495957,1774305831174639355,4143
9824,1774305831176401264,1774305831180498992,4097
9825,1774305831182231134,1774305831186422731,4191
9826,1774305831188012913,1774305831191241607,3228
9827,1774305831192895938,1774305831196491816,3595
9828,1774305831198084023,1774305831201721808,3637
9829,1774305831203394007,1774305831207167716,3773
9830,1774305831208774445,1774305831212291573,3517
9831,1774305831213952933,1774305831218024076,4071
9832,1774305831219634344,1774305831222952892,3318
9833,1774305831224568726,1774305831228825710,4256
9834,1774305831230574752,1774305831234484317,3909
9835,1774305831236196508,1774305831240143971,3947
9836,1774305831241926776,1774305831245912037,3985
9837,1774305831247546393,1774305831250870196,3323
9838,1774305831252523851,1774305831256402761,3878
9839,1774305831258103273,1774305831261836745,3733
9840,1774305831263499785,1774305831267700526,4200
9841,1774305831269372974,1774305831273255215,3882
9842,1774305831274924247,1774305831278984823,4060
9843,1774305831280604097,1774305831284245930,3641
9844,1774305831286022315,1774305831289941561,3919
9845,1774305831291791944,1774305831295637391,3845
9846,1774305831297524265,1774305831301535928,4011
9847,1774305831303446933,1774305831307718819,4271
9848,1774305831309484474,1774305831313644918,4160
9849,1774305831315345168,1774305831319544805,4199
9850,1774305831321367725,1774305831324506913,3139
9851,1774305831326129072,1774305831329148198,3019
9852,1774305831330654453,1774305831333839663,3185
9853,1774305831335529423,1774305831339441407,3911
9854,1774305831341051960,1774305831344424054,3372
9855,1774305831345985232,1774305831350037284,4052
9856,1774305831351845391,1774305831355641146,3795
9857,1774305831357130207,1774305831360731605,3601
9858,1774305831362325017,1774305831366102792,3777
9859,1774305831367728316,1774305831370830197,3101
9860,1774305831372431375,1774305831376123667,3692
9861,1774305831377727370,1774305831380953106,3225
9862,1774305831382623917,1774305831386525491,3901
9863,1774305831388393978,1774305831392837741,4443
9864,1774305831394484453,1774305831397974893,3490
9865,1774305831399674458,1774305831403728617,4054
9866,1774305831405461741,1774305831409537259,4075
9867,1774305831411401031,1774305831414931917,3530
9868,1774305831416616458,1774305831420626842,4010
9869,1774305831422419362,1774305831426460813,4041
9870,1774305831428291203,1774305831432379203,4088
9871,1774305831434102927,1774305831438097860,3994
9872,1774305831439729707,1774305831443193370,3463
9873,1774305831444886645,1774305831448613131,3726
9874,1774305831450238882,1774305831454164776,3925
9875,1774305831456059741,1774305831459988462,3928
9876,1774305831461640856,1774305831465597545,3956
9877,1774305831467177239,1774305831470573507,3396
9878,1774305831472179049,1774305831475711745,3532
9879,1774305831477215176,1774305831480543071,3327
9880,1774305831482095426,1774305831485545781,3450
9881,1774305831487083587,1774305831490469116,3385
9882,1774305831491921934,1774305831495800873,3878
9883,1774305831497410085,1774305831501516371,4106
9884,1774305831503290275,1774305831507178261,3887
9885,1774305831508927807,1774305831512776275,3848
9886,1774305831514443695,1774305831518507803,4064
9887,1774305831520132587,1774305831524206168,4073
9888,1774305831525939809,1774305831529977115,4037
9889,1774305831531567135,1774305831534860273,3293
9890,1774305831536499984,1774305831540395092,3895
9891,1774305831542001043,1774305831545445823,3444
9892,1774305831547062340,1774305831550619480,3557
9893,1774305831552333726,1774305831556151127,3817
9894,1774305831557825711,1774305831561533341,3707
9895,1774305831563252659,1774305831567074215,3821
9896,1774305831569138493,1774305831573101754,3963
9897,1774305831574722832,1774305831577936404,3213
9898,1774305831579588837,1774305831582993518,3404
9899,1774305831584664341,1774305831587827317,3162
9900,1774305831589475779,1774305831593612982,4137
9901,1774305831595338250,1774305831598445284,3107
9902,1774305831600117200,1774305831604153669,4036
9903,1774305831605875462,1774305831608968145,3092
9904,1774305831610702983,1774305831614803324,4100
9905,1774305831616469505,1774305831620170144,3700
9906,1774305831621627259,1774305831624833509,3206
9907,1774305831626466263,1774305831629699059,3232
9908,1774305831631263041,1774305831635277128,4014
9909,1774305831636871380,1774305831640690423,3819
9910,1774305831642430754,1774305831646241708,3810
9911,1774305831647979986,1774305831652202960,4222
9912,1774305831653904968,1774305831657094949,3189
9913,1774305831658661505,1774305831661966790,3305
9914,1774305831663500653,1774305831666706434,3205
9915,1774305831668434900,1774305831672581160,4146
9916,1774305831674265755,1774305831678054140,3788
9917,1774305831679729674,1774305831683678572,3948
9918,1774305831685287986,1774305831689213206,3925
9919,1774305831690819489,1774305831694820801,4001
9920,1774305831696649629,1774305831700613666,3964
9921,1774305831702454473,1774305831706451254,3996
9922,1774305831708257044,1774305831712142363,3885
9923,1774305831713773571,1774305831716920539,3146
9924,1774305831718516361,1774305831721778761,3262
9925,1774305831723486767,1774305831727448075,3961
9926,1774305831729151894,1774305831732944076,3792
9927,1774305831734579703,1774305831737866494,3286
9928,1774305831739396906,1774305831742611861,3214
9929,1774305831744273433,1774305831748378503,4105
9930,1774305831750041355,1774305831753194831,3153
9931,1774305831754671500,1774305831757815165,3143
9932,1774305831759450358,1774305831763496464,4046
9933,1774305831765094798,1774305831769023025,3928
9934,1774305831770648803,1774305831774552698,3903
9935,1774305831776230739,1774305831780213628,3982
9936,1774305831781855146,1774305831785638761,3783
9937,1774305831787518528,1774305831791484033,3965
9938,1774305831793287111,1774305831797105092,3817
9939,1774305831798751686,1774305831801958983,3207
9940,1774305831803637155,1774305831807704897,4067
9941,1774305831809408723,1774305831813014439,3605
9942,1774305831814661002,1774305831818117517,3456
9943,1774305831819763760,1774305831823965752,4201
9944,1774305831825630148,1774305831829323701,3693
9945,1774305831831015442,1774305831834991740,3976
9946,1774305831836908869,1774305831840818239,3909
9947,1774305831842473586,1774305831846442555,3968
9948,1774305831848475194,1774305831852831094,4355
9949,1774305831854512192,1774305831858345452,3833
9950,1774305831860113589,1774305831864448775,4335
9951,1774305831866190467,1774305831870197726,4007
9952,1774305831871910028,1774305831874992932,3082
9953,1774305831876706014,1774305831880755124,4049
9954,1774305831882394447,1774305831886466594,4072
9955,1774305831887971001,1774305831890886568,2915
9956,1774305831892441910,1774305831895779480,3337
9957,1774305831897322559,1774305831901032047,3709
9958,1774305831902612029,1774305831906366462,3754
9959,1774305831908063307,1774305831911337496,3274
9960,1774305831913063762,1774305831916994339,3930
9961,1774305831918600684,1774305831922632190,4031
9962,1774305831924454242,1774305831927913548,3459
9963,1774305831929538708,1774305831933391676,3852
9964,1774305831935322963,1774305831938811189,3488
9965,1774305831940526747,1774305831944628692,4101
9966,1774305831946543595,1774305831950308116,3764
9967,1774305831952050486,1774305831955950549,3900
9968,1774305831957535269,1774305831961009246,3473
9969,1774305831962701734,1774305831966807988,4106
9970,1774305831968436885,1774305831972340705,3903
9971,1774305831974204831,1774305831978031344,3826
9972,1774305831979749178,1774305831983553228,3804
9973,1774305831985316813,1774305831988887345,3570
9974,1774305831990541341,1774305831994405938,3864
9975,1774305831996319530,1774305831999826280,3506
9976,1774305832001455777,1774305832005353489,3897
9977,1774305832006980552,1774305832010824976,3844
9978,1774305832012465094,1774305832016499658,4034
9979,1774305832018210394,1774305832022441353,4230
9980,1774305832024166162,1774305832028172951,4006
9981,1774305832029798758,1774305832032671714,2872
9982,1774305832033884372,1774305832037554516,3670
9983,1774305832039337756,1774305832042987845,3650
9984,1774305832044582446,1774305832047852141,3269
9985,1774305832049577943,1774305832053575487,3997
9986,1774305832055276124,1774305832059005257,3729
9987,1774305832060714044,1774305832064002180,3288
9988,1774305832065834772,1774305832068975496,3140
9989,1774305832070788338,1774305832074633464,3845
9990,1774305832076296599,1774305832079907789,3611
9991,1774305832081561686,1774305832085636597,4074
9992,1774305832087387926,1774305832090809120,3421
9993,1774305832092538846,1774305832095966349,3427
9994,1774305832097508165,1774305832101564668,4056
9995,1774305832103473341,1774305832107036479,3563
9996,1774305832108780347,1774305832112052023,3271
9997,1774305832113947180,1774305832117573900,3626
9998,1774305832119254139,1774305832123131980,3877
9999,1774305832124940031,1774305832128104708,3164
10000,1774305832129748622,1774305832133039617,3290
10001,1774305832134792766,1774305832138749414,3956
10002,1774305832140490390,1774305832144493342,4002
10003,1774305832146274518,1774305832150187354,3912
10004,1774305832151914010,1774305832155838869,3924
10005,1774305832157549672,1774305832161476778,3927
10006,1774305832163115557,1774305832166112998,2997
10007,1774305832167678084,1774305832171400605,3722
10008,1774305832172956106,1774305832176832991,3876
10009,1774305832178426389,1774305832181872278,3445
10010,1774305832183630829,1774305832186988703,3357
10011,1774305832188594365,1774305832192405999,3811
10012,1774305832194193054,1774305832198295208,4102
10013,1774305832199993230,1774305832203890992,3897
10014,1774305832205554153,1774305832209614244,4060
10015,1774305832211569972,1774305832215798438,4228
10016,1774305832217529408,1774305832220923006,3393
10017,1774305832222758601,1774305832226086832,3328
10018,1774305832227809163,1774305832232059173,4250
10019,1774305832233948494,1774305832237595286,3646
10020,1774305832239282348,1774305832243109813,3827
10021,1774305832244744105,1774305832247991246,3247
10022,1774305832249655783,1774305832253231406,3575
10023,1774305832254964642,1774305832258828158,3863
10024,1774305832260515769,1774305832264592209,4076
10025,1774305832266315407,1774305832270006729,3691
10026,1774305832271653699,1774305832275671531,4017
10027,1774305832277323142,1774305832281457737,4134
10028,1774305832283159321,1774305832286654249,3494
10029,1774305832288165345,1774305832291591401,3426
10030,1774305832293340580,1774305832297293893,3953
10031,1774305832298524944,1774305832301703454,3178
10032,1774305832303057558,1774305832307008071,3950
10033,1774305832308600963,1774305832311897320,3296
10034,1774305832313469593,1774305832317382022,3912
10035,1774305832318949375,1774305832322730557,3781
10036,1774305832324385055,1774305832328242642,3857
10037,1774305832329857143,1774305832333783971,3926
10038,1774305832335383366,1774305832338968550,3585
10039,1774305832340583026,1774305832343893475,3310
10040,1774305832345470664,1774305832348773188,3302
10041,1774305832350472431,1774305832354953609,4481
10042,1774305832356677735,1774305832360069197,3391
10043,1774305832361680850,1774305832365757518,4076
10044,1774305832367637374,1774305832371181775,3544
10045,1774305832372819335,1774305832376064144,3244
10046,1774305832377911747,1774305832381819187,3907
10047,1774305832383509629,1774305832386944558,3434
10048,1774305832388633295,1774305832392015246,3381
10049,1774305832393772694,1774305832397665959,3893
10050,1774305832399363367,1774305832403085403,3722
10051,1774305832404905000,1774305832408746664,3841
10052,1774305832410392973,1774305832413432210,3039
10053,1774305832415132733,1774305832418616156,3483
10054,1774305832420217274,1774305832423739285,3522
10055,1774305832425308269,1774305832428833903,3525
10056,1774305832430523791,1774305832433551391,3027
10057,1774305832435083520,1774305832438496782,3413
10058,1774305832439901653,1774305832442809119,2907
10059,1774305832444411988,1774305832447948392,3536
10060,1774305832449592941,1774305832453165137,3572
10061,1774305832454779630,1774305832458514185,3734
10062,1774305832460078724,1774305832463222277,3143
10063,1774305832464968516,1774305832468672182,3703
10064,1774305832470333860,1774305832474139596,3805
10065,1774305832475830287,1774305832479456759,3626
10066,1774305832481122528,1774305832485084939,3962
10067,1774305832486672436,1774305832490131421,3458
10068,1774305832491783649,1774305832495600254,3816
10069,1774305832497203105,1774305832500828288,3625
10070,1774305832502366559,1774305832506289312,3922
10071,1774305832507929766,1774305832511823814,3894
10072,1774305832513458998,1774305832516774074,3315
10073,1774305832518421956,1774305832522373991,3952
10074,1774305832524043427,1774305832527297347,3253
10075,1774305832529016698,1774305832532909555,3892
10076,1774305832534547957,1774305832537770813,3222
10077,1774305832539403332,1774305832543005598,3602
10078,1774305832544611376,1774305832548482557,3871
10079,1774305832550119505,1774305832554185254,4065
10080,1774305832555650828,1774305832559328738,3677
10081,1774305832561019985,1774305832565051968,4031
10082,1774305832566751342,1774305832569953310,3201
10083,1774305832571661504,1774305832575415544,3754
10084,1774305832576901561,1774305832580007935,3106
10085,1774305832581515449,1774305832585186035,3670
10086,1774305832586640875,1774305832589920737,3279
10087,1774305832591679703,1774305832595063257,3383
10088,1774305832596729234,1774305832600670798,3941
10089,1774305832602269930,1774305832605646211,3376
10090,1774305832607299481,1774305832611209510,3910
10091,1774305832613027335,1774305832617073279,4045
10092,1774305832618742571,1774305832622650855,3908
10093,1774305832624376350,1774305832628005620,3629
10094,1774305832629682615,1774305832633617829,3935
10095,1774305832635318452,1774305832639198815,3880
10096,1774305832641243737,1774305832645259430,4015
10097,1774305832646933453,1774305832650851159,3917
10098,1774305832652815738,1774305832656352645,3536
10099,1774305832657962076,1774305832661847673,3885
10100,1774305832663465450,1774305832667370381,3904
10101,1774305832669025278,1774305832672787030,3761
10102,1774305832674427361,1774305832678208491,3781
10103,1774305832679975633,1774305832683991971,4016
10104,1774305832685692824,1774305832688977805,3284
10105,1774305832690613708,1774305832694495407,3881
10106,1774305832696103575,1774305832700312299,4208
10107,1774305832702020903,1774305832705153560,3132
10108,1774305832706812704,1774305832709948526,3135
10109,1774305832711574396,1774305832715353592,3779
10110,1774305832716971385,1774305832720198975,3227
10111,1774305832721790395,1774305832725407594,3617
10112,1774305832726992572,1774305832730111529,3118
10113,1774305832731773502,1774305832735691679,3918
10114,1774305832737349084,1774305832741420386,4071
10115,1774305832743167301,1774305832747247185,4079
10116,1774305832748812231,1774305832752696081,3883
10117,1774305832754533673,1774305832758007727,3474
10118,1774305832759706555,1774305832763114205,3407
10119,1774305832764889069,1774305832768620634,3731
10120,1774305832770464652,1774305832774301201,3836
10121,1774305832775927559,1774305832779329755,3402
10122,1774305832781049930,1774305832784791854,3741
10123,1774305832786725264,1774305832791005032,4279
10124,1774305832792846440,1774305832796863693,4017
10125,1774305832798297822,1774305832802476798,4178
10126,1774305832804090820,1774305832808052253,3961
10127,1774305832809770608,1774305832813788509,4017
10128,1774305832815518130,1774305832819408477,3890
10129,1774305832821101034,1774305832825130928,4029
10130,1774305832826935221,1774305832830242513,3307
10131,1774305832831944092,1774305832835969856,4025
10132,1774305832837578869,1774305832840755608,3176
10133,1774305832841863312,1774305832845846034,3982
10134,1774305832847510179,1774305832851353682,3843
10135,1774305832853015136,1774305832857043532,4028
10136,1774305832858707046,1774305832862826510,4119
10137,1774305832864434464,1774305832868375322,3940
10138,1774305832870116472,1774305832874258472,4142
10139,1774305832875988692,1774305832880178274,4189
10140,1774305832881977536,1774305832885248331,3270
10141,1774305832886963868,1774305832890450542,3486
10142,1774305832892200265,1774305832895844956,3644
10143,1774305832897556092,1774305832901463639,3907
10144,1774305832903161928,1774305832907272183,4110
10145,1774305832909022165,1774305832912694523,3672
10146,1774305832914698537,1774305832918796103,4097
10147,1774305832920709752,1774305832924744146,4034
10148,1774305832926815014,1774305832930805092,3990
10149,1774305832932445364,1774305832936411542,3966
10150,1774305832938379218,1774305832942379886,4000
10151,1774305832944040420,1774305832947125368,3084
10152,1774305832948903562,1774305832952350408,3446
10153,1774305832954001624,1774305832957937588,3935
10154,1774305832959578885,1774305832963346924,3768
10155,1774305832965035981,1774305832969100381,4064
10156,1774305832970786666,1774305832974397987,3611
10157,1774305832976036524,1774305832979032972,2996
10158,1774305832980756141,1774305832983646832,2890
10159,1774305832985392179,1774305832988493034,3100
10160,1774305832989882115,1774305832993902847,4020
10161,1774305832995441344,1774305832999136437,3695
10162,1774305833000734810,1774305833004601977,3867
10163,1774305833006356684,1774305833010420026,4063
10164,1774305833012449107,1774305833016386929,3937
10165,1774305833018085217,1774305833022023021,3937
10166,1774305833023811679,1774305833027514909,3703
10167,1774305833029377517,1774305833033198467,3820
10168,1774305833034954056,1774305833039059533,4105
10169,1774305833040770547,1774305833044711873,3941
10170,1774305833046534341,1774305833049925094,3390
10171,1774305833051571800,1774305833054995911,3424
10172,1774305833056782569,1774305833060013949,3231
10173,1774305833061771055,1774305833065546527,3775
10174,1774305833067207562,1774305833070982729,3775
10175,1774305833072591861,1774305833076573891,3982
10176,1774305833078255036,1774305833082165604,3910
10177,1774305833084131572,1774305833088043147,3911
10178,1774305833089808069,1774305833093630946,3822
10179,1774305833095465837,1774305833099536693,4070
10180,1774305833101292446,1774305833105093678,3801
10181,1774305833106764796,1774305833110793330,4028
10182,1774305833112570207,1774305833115799376,3229
10183,1774305833117369012,1774305833121046071,3677
10184,1774305833122664318,1774305833125851316,3186
10185,1774305833127504782,1774305833130759688,3254
10186,1774305833132371678,1774305833135358372,2986
10187,1774305833136925937,1774305833140366536,3440
10188,1774305833141987079,1774305833145227499,3240
10189,1774305833146837039,1774305833150046548,3209
10190,1774305833151797057,1774305833155150952,3353
10191,1774305833157122675,1774305833161070492,3947
10192,1774305833162723489,1774305833166655775,3932
10193,1774305833168397042,1774305833172416034,4018
10194,1774305833174088076,1774305833177958851,3870
10195,1774305833179567673,1774305833183552655,3984
10196,1774305833185276288,1774305833189281909,4005
10197,1774305833191044998,1774305833194270513,3225
10198,1774305833195933053,1774305833199821625,3888
10199,1774305833201423853,1774305833205371056,3947
10200,1774305833207142965,1774305833211292646,4149
10201,1774305833212936829,1774305833216159172,3222
10202,1774305833217869515,1774305833221950747,4081
10203,1774305833223501038,1774305833227292289,3791
10204,1774305833229080654,1774305833233092541,4011
10205,1774305833234731864,1774305833238588976,3857
10206,1774305833240301014,1774305833244274348,3973
10207,1774305833246007131,1774305833249950465,3943
10208,1774305833251607090,1774305833255627740,4020
10209,1774305833257234687,1774305833260558713,3324
10210,1774305833262144102,1774305833265998254,3854
10211,1774305833267742749,1774305833270869189,3126
10212,1774305833272069648,1774305833275112776,3043
10213,1774305833276816091,1774305833280852882,4036
10214,1774305833282456128,1774305833286490563,4034
10215,1774305833288279254,1774305833292491136,4211
10216,1774305833294173972,1774305833297777946,3603
10217,1774305833299498319,1774305833303401044,3902
10218,1774305833305096047,1774305833309047725,3951
10219,1774305833310566419,1774305833314652282,4085
10220,1774305833316349352,1774305833320364718,4015
10221,1774305833322116572,1774305833325600039,3483
10222,1774305833327378344,1774305833331425529,4047
10223,1774305833333150913,1774305833337236179,4085
10224,1774305833339166798,1774305833343303529,4136
10225,1774305833345181951,1774305833348972342,3790
10226,1774305833350881914,1774305833354820875,3938
10227,1774305833356392540,1774305833360198204,3805
10228,1774305833362040679,1774305833365988640,3947
10229,1774305833367621062,1774305833370989193,3368
10230,1774305833372931469,1774305833376923642,3992
10231,1774305833378544525,1774305833382537457,3992
10232,1774305833384183756,1774305833388065642,3881
10233,1774305833389694405,1774305833392875062,3180
10234,1774305833394578972,1774305833397577084,2998
10235,1774305833399096770,1774305833402915957,3819
10236,1774305833404600489,1774305833408203137,3602
10237,1774305833409840170,1774305833412956093,3115
10238,1774305833414489606,1774305833417718699,3229
10239,1774305833419278551,1774305833423111536,3832
10240,1774305833424735123,1774305833428541648,3806
10241,1774305833430144040,1774305833433935007,3790
10242,1774305833435488672,1774305833439154107,3665
10243,1774305833440840049,1774305833444527568,3687
10244,1774305833446490741,1774305833450428153,3937
10245,1774305833452033971,1774305833455315767,3281
10246,1774305833457030838,1774305833460368092,3337
10247,1774305833462054797,1774305833466023488,3968
10248,1774305833467673422,1774305833470995691,3322
10249,1774305833473054862,1774305833477104168,4049
10250,1774305833478775756,1774305833482698619,3922
10251,1774305833484542670,1774305833488455381,3912
10252,1774305833490298292,1774305833494335474,4037
10253,1774305833496196374,1774305833500087443,3891
10254,1774305833501851052,1774305833506068290,4217
10255,1774305833507937450,1774305833511791809,3854
10256,1774305833513346752,1774305833517420905,4074
10257,1774305833519082316,1774305833523099991,4017
10258,1774305833524697229,1774305833527409540,2712
10259,1774305833528446546,1774305833531647480,3200
10260,1774305833533276965,1774305833537084450,3807
10261,1774305833538702880,1774305833542159196,3456
10262,1774305833543757645,1774305833546883728,3126
10263,1774305833548518492,1774305833551732557,3214
10264,1774305833553306003,1774305833557435984,4129
10265,1774305833559128606,1774305833562824803,3696
10266,1774305833564449874,1774305833568278428,3828
10267,1774305833569972815,1774305833574142979,4170
10268,1774305833575938306,1774305833579962470,4024
10269,1774305833581730553,1774305833585753831,4023
10270,1774305833587366032,1774305833591517052,4151
10271,1774305833593509644,1774305833597704341,4194
10272,1774305833599412936,1774305833603236501,3823
10273,1774305833604905396,1774305833609052520,4147
10274,1774305833610735810,1774305833614650300,3914
10275,1774305833616567907,1774305833620515159,3947
10276,1774305833622317990,1774305833626579100,4261
10277,1774305833628204428,1774305833632203964,3999
10278,1774305833634058066,1774305833637891912,3833
10279,1774305833639678883,1774305833643808063,4129
10280,1774305833645717865,1774305833649387226,3669
10281,1774305833651085831,1774305833654404013,3318
10282,1774305833655673549,1774305833658837217,3163
10283,1774305833660532934,1774305833664034822,3501
10284,1774305833665292049,1774305833668233733,2941
10285,1774305833669714272,1774305833673748260,4033
10286,1774305833675264250,1774305833678565165,3300
10287,1774305833680133800,1774305833683572247,3438
10288,1774305833685188922,1774305833689080027,3891
10289,1774305833690638169,1774305833694641906,4003
10290,1774305833696202540,1774305833700190348,3987
10291,1774305833701938910,1774305833706360767,4421
10292,1774305833707977504,1774305833711930567,3953
10293,1774305833713634762,1774305833717696552,4061
10294,1774305833719520744,1774305833722975880,3455
10295,1774305833724752518,1774305833728665535,3913
10296,1774305833730522422,1774305833734455867,3933
10297,1774305833736320601,1774305833739652531,3331
10298,1774305833741293729,1774305833744806392,3512
10299,1774305833746480302,1774305833750123485,3643
10300,1774305833751776373,1774305833755541363,3764
10301,1774305833757358236,1774305833761510199,4151
10302,1774305833763222562,1774305833767111476,3888
10303,1774305833768764780,1774305833772559005,3794
10304,1774305833774403671,1774305833778312002,3908
10305,1774305833779933605,1774305833783688376,3754
10306,1774305833785341169,1774305833789521532,4180
10307,1774305833791198625,1774305833794913105,3714
10308,1774305833796549467,1774305833800124590,3575
10309,1774305833801806445,1774305833804763801,2957
10310,1774305833806406082,1774305833810271499,3865
10311,1774305833812072090,1774305833815250719,3178
10312,1774305833816875888,1774305833819867579,2991
10313,1774305833821485914,1774305833824776067,3290
10314,1774305833826281983,1774305833829715274,3433
10315,1774305833831299116,1774305833834938008,3638
10316,1774305833836569772,1774305833840766348,4196
10317,1774305833842403065,1774305833846251370,3848
10318,1774305833848018748,1774305833851960679,3941
10319,1774305833853616799,1774305833857646845,4030
10320,1774305833859627034,1774305833863643003,4015
10321,1774305833865590609,1774305833869667246,4076
10322,1774305833871341195,1774305833874937054,3595
10323,1774305833876887746,1774305833880206135,3318
10324,1774305833882153698,1774305833886032905,3879
10325,1774305833887748531,1774305833891502517,3753
10326,1774305833893214611,1774305833896751827,3537
10327,1774305833898735547,1774305833902768297,4032
10328,1774305833904414221,1774305833908161628,3747
10329,1774305833910084718,1774305833914187343,4102
10330,1774305833915944994,1774305833919890616,3945
10331,1774305833921794161,1774305833925924419,4130
10332,1774305833927545381,1774305833931607713,4062
10333,1774305833933257475,1774305833937319633,4062
10334,1774305833939085192,1774305833942746839,3661
10335,1774305833944458722,1774305833948590857,4132
10336,1774305833950264076,1774305833954144629,3880
10337,1774305833955984421,1774305833959361430,3377
10338,1774305833960759717,1774305833964568466,3808
10339,1774305833966062765,1774305833969113224,3050
10340,1774305833970709505,1774305833974547756,3838
10341,1774305833976102510,1774305833979604998,3502
10342,1774305833981252401,1774305833985148022,3895
10343,1774305833986723942,1774305833989957657,3233
10344,1774305833991796726,1774305833995165191,3368
10345,1774305833996895618,1774305834000110425,3214
10346,1774305834001876506,1774305834005064114,3187
10347,1774305834006682853,1774305834010340938,3658
10348,1774305834012014685,1774305834015582919,3568
10349,1774305834017414436,1774305834021573109,4158
10350,1774305834023291652,1774305834027131328,3839
10351,1774305834028915534,1774305834032178008,3262
10352,1774305834033990223,1774305834037958919,3968
10353,1774305834039652740,1774305834043430844,3778
10354,1774305834045278026,1774305834049034083,3756
10355,1774305834050720316,1774305834054119777,3399
10356,1774305834055797208,1774305834059117881,3320
10357,1774305834060773711,1774305834064667201,3893
10358,1774305834066405520,1774305834070277055,3871
10359,1774305834072057576,1774305834076111774,4054
10360,1774305834077725830,1774305834081429234,3703
10361,1774305834083103214,1774305834087129429,4026
10362,1774305834088738400,1774305834092003548,3265
10363,1774305834093498478,1774305834097524349,4025
10364,1774305834099190770,1774305834102738856,3548
10365,1774305834104497991,1774305834107773248,3275
10366,1774305834109465663,1774305834113698058,4232
10367,1774305834115632703,1774305834119008916,3376
10368,1774305834120708725,1774305834124547633,3838
10369,1774305834126407077,1774305834130182974,3775
10370,1774305834131841217,1774305834135944656,4103
10371,1774305834137791851,1774305834141234973,3443
10372,1774305834142903644,1774305834146773770,3870
10373,1774305834148455636,1774305834152180988,3725
10374,1774305834153840964,1774305834157801850,3960
10375,1774305834159530191,1774305834163110367,3580
10376,1774305834165035713,1774305834169010948,3975
10377,1774305834170648257,1774305834174244037,3595
10378,1774305834176177798,1774305834180002953,3825
10379,1774305834181770820,1774305834185842232,4071
10380,1774305834187599384,1774305834191400064,3800
10381,1774305834193133061,1774305834197126720,3993
10382,1774305834198755091,1774305834202165605,3410
10383,1774305834203920853,1774305834208025224,4104
10384,1774305834209635704,1774305834213926671,4290
10385,1774305834215531232,1774305834219293486,3762
10386,1774305834220752418,1774305834224702008,3949
10387,1774305834226398006,1774305834230495587,4097
10388,1774305834232017588,1774305834235194033,3176
10389,1774305834236577236,1774305834240059439,3482
10390,1774305834241610478,1774305834245296407,3685
10391,1774305834246894883,1774305834249950272,3055
10392,1774305834251549465,1774305834255479069,3929
10393,1774305834257158447,1774305834261027796,3869
10394,1774305834262769158,1774305834266612738,3843
10395,1774305834268309146,1774305834271717160,3408
10396,1774305834273602698,1774305834277535865,3933
10397,1774305834279162663,1774305834283042969,3880
10398,1774305834284764999,1774305834288017487,3252
10399,1774305834289639788,1774305834293786367,4146
10400,1774305834295453990,1774305834299003056,3549
10401,1774305834300617173,1774305834304424479,3807
10402,1774305834306054643,1774305834309053142,2998
10403,1774305834310638477,1774305834314395495,3757
10404,1774305834316014805,1774305834319760553,3745
10405,1774305834321386614,1774305834324855619,3469
10406,1774305834326415913,1774305834330437680,4021
10407,1774305834332282836,1774305834335924196,3641
10408,1774305834337609962,1774305834341758958,4148
10409,1774305834343548645,1774305834346858146,3309
10410,1774305834348441520,1774305834352523511,4081
10411,1774305834354160101,1774305834358108876,3948
10412,1774305834359589486,1774305834363815080,4225
10413,1774305834365330298,1774305834368762491,3432
10414,1774305834370208895,1774305834373456399,3247
10415,1774305834375154589,1774305834379209251,4054
10416,1774305834380891811,1774305834384394898,3503
10417,1774305834385931378,1774305834388989076,3057
10418,1774305834390606895,1774305834394289029,3682
10419,1774305834395982096,1774305834399783461,3801
10420,1774305834401404432,1774305834404847335,3442
10421,1774305834406424948,1774305834410365951,3941
10422,1774305834412049321,1774305834415912673,3863
10423,1774305834417762831,1774305834421015816,3252
10424,1774305834422638344,1774305834426504324,3865
10425,1774305834428486862,1774305834432175413,3688
10426,1774305834433834497,1774305834437669024,3834
10427,1774305834439366063,1774305834443006923,3640
10428,1774305834444678558,1774305834448501893,3823
10429,1774305834450456286,1774305834454253829,3797
10430,1774305834455922265,1774305834459988487,4066
10431,1774305834461911998,1774305834465120896,3208
10432,1774305834466761689,1774305834470654338,3892
10433,1774305834472467437,1774305834476201797,3734
10434,1774305834477911892,1774305834481288845,3376
10435,1774305834483071935,1774305834486621128,3549
10436,1774305834488274122,1774305834492283440,4009
10437,1774305834493650902,1774305834496383357,2732
10438,1774305834497737949,1774305834501334829,3596
10439,1774305834502593798,1774305834505401657,2807
10440,1774305834506576950,1774305834510134480,3557
10441,1774305834511538791,1774305834515527623,3988
10442,1774305834517099526,1774305834520493575,3394
10443,1774305834522112211,1774305834525941726,3829
10444,1774305834527564212,1774305834531415054,3850
10445,1774305834533034353,1774305834536847698,3813
10446,1774305834538461180,1774305834542016261,3555
10447,1774305834543844566,1774305834547173029,3328
10448,1774305834548888090,1774305834552781475,3893
10449,1774305834554460963,1774305834558374049,3913
10450,1774305834560183380,1774305834564604387,4421
10451,1774305834566323455,1774305834569787468,3464
10452,1774305834571479712,1774305834575099020,3619
10453,1774305834576738988,1774305834580640331,3901
10454,1774305834582450605,1774305834586189830,3739
10455,1774305834587991100,1774305834591870151,3879
10456,1774305834593856989,1774305834597941382,4084
10457,1774305834599607354,1774305834603651719,4044
10458,1774305834605713591,1774305834609872314,4158
10459,1774305834611591846,1774305834615919047,4327
10460,1774305834617626387,1774305834621626121,3999
10461,1774305834623459577,1774305834627749739,4290
10462,1774305834629432781,1774305834632400170,2967
10463,1774305834634037099,1774305834637099733,3062
10464,1774305834638674286,1774305834642644970,3970
10465,1774305834644318433,1774305834647282578,2964
10466,1774305834648913696,1774305834652480462,3566
10467,1774305834654096489,1774305834657985042,3888
10468,1774305834659487446,1774305834662911978,3424
10469,1774305834664630885,1774305834667898882,3267
10470,1774305834669461426,1774305834673472003,4010
10471,1774305834675075344,1774305834678862460,3787
10472,1774305834680524850,1774305834684528334,4003
10473,1774305834686305564,1774305834690073801,3768
10474,1774305834691700343,1774305834695244952,3544
10475,1774305834697052415,1774305834701250671,4198
10476,1774305834702976751,1774305834706653179,3676
10477,1774305834708303169,1774305834712613221,4310
10478,1774305834714469358,1774305834718724412,4255
10479,1774305834720465974,1774305834723880097,3414
10480,1774305834725666210,1774305834729103573,3437
10481,1774305834730736814,1774305834734619641,3882
10482,1774305834736303641,1774305834740048434,3744
10483,1774305834741696551,1774305834745598020,3901
10484,1774305834747440301,1774305834750922253,3481
10485,1774305834752611720,1774305834756541813,3930
10486,1774305834758175049,1774305834762091633,3916
10487,1774305834763751306,1774305834767763805,4012
10488,1774305834769416280,1774305834773583390,4167
10489,1774305834775322817,1774305834778970837,3648
10490,1774305834780370650,1774305834784531873,4161
10491,1774305834786194700,1774305834789785962,3591
10492,1774305834790830220,1774305834793763151,2932
10493,1774305834795350244,1774305834798826072,3475
10494,1774305834800253822,1774305834804488962,4235
10495,1774305834806356729,1774305834810459377,4102
10496,1774305834812157517,1774305834816063000,3905
10497,1774305834817729056,1774305834821815971,4086
10498,1774305834823551529,1774305834827020467,3468
10499,1774305834828928176,1774305834833123571,4195
10500,1774305834834808473,1774305834838501497,3693
10501,1774305834840297921,1774305834844575517,4277
10502,1774305834846546160,1774305834850305082,3758
10503,1774305834852242866,1774305834856205270,3962
10504,1774305834858053622,1774305834862058643,4005
10505,1774305834863797331,1774305834867305155,3507
10506,1774305834869110777,1774305834873122509,4011
10507,1774305834875027581,1774305834878528395,3500
10508,1774305834880220426,1774305834884169105,3948
10509,1774305834885964192,1774305834889769123,3804
10510,1774305834891412104,1774305834894772690,3360
10511,1774305834896497301,1774305834899652908,3155
10512,1774305834901550585,1774305834905591263,4040
10513,1774305834907196832,1774305834910663009,3466
10514,1774305834912376602,1774305834916530104,4153
10515,1774305834917871272,1774305834920870118,2998
10516,1774305834922447847,1774305834926093737,3645
10517,1774305834927668492,1774305834930922395,3253
10518,1774305834932537041,1774305834935781566,3244
10519,1774305834937579333,1774305834941665025,4085
10520,1774305834943300232,1774305834946747120,3446
10521,1774305834948410248,1774305834952333214,3922
10522,1774305834954411426,1774305834958142711,3731
10523,1774305834959860352,1774305834963187980,3327
10524,1774305834964976057,1774305834968940937,3964
10525,1774305834970574013,1774305834974156539,3582
10526,1774305834975780725,1774305834979081432,3300
10527,1774305834980653914,1774305834984839641,4185
10528,1774305834986544223,1774305834990160883,3616
10529,1774305834991950769,1774305834995194674,3243
10530,1774305834996843031,1774305835000193728,3350
10531,1774305835002020205,1774305835005771946,3751
10532,1774305835007505167,1774305835011284512,3779
10533,1774305835012997516,1774305835017018593,4021
10534,1774305835018895579,1774305835022860624,3965
10535,1774305835024511366,1774305835027787607,3276
10536,1774305835029411640,1774305835033663161,4251
10537,1774305835035189590,1774305835039060524,3870
10538,1774305835040740964,1774305835043903233,3162
10539,1774305835045546352,1774305835049687266,4140
10540,1774305835051355658,1774305835055153723,3798
10541,1774305835056806099,1774305835060267454,3461
10542,1774305835061823198,1774305835065811150,3987
10543,1774305835067389525,1774305835071169090,3779
10544,1774305835072875005,1774305835076250159,3375
10545,1774305835078129718,1774305835082212810,4083
10546,1774305835084062144,1774305835088093770,4031
10547,1774305835089950943,1774305835093259105,3308
10548,1774305835094988140,1774305835098845342,3857
10549,1774305835100653025,1774305835104011157,3358
10550,1774305835105664018,1774305835109815396,4151
10551,1774305835111441624,1774305835115233075,3791
10552,1774305835116926842,1774305835120896619,3969
10553,1774305835122637463,1774305835126590084,3952
10554,1774305835128384551,1774305835132380791,3996
10555,1774305835134043419,1774305835137914343,3870
10556,1774305835139743017,1774305835143569389,3826
10557,1774305835145237951,1774305835149117029,3879
10558,1774305835150764039,1774305835154000378,3236
10559,1774305835155669440,1774305835159843312,4173
10560,1774305835161492464,1774305835164875293,3382
10561,1774305835166485492,1774305835170559442,4073
10562,1774305835172333526,1774305835175687743,3354
10563,1774305835177354887,1774305835181411162,4056
10564,1774305835182863710,1774305835186176873,3313
10565,1774305835187494119,1774305835190706660,3212
10566,1774305835192336087,1774305835195526299,3190
10567,1774305835197128858,1774305835200189422,3060
10568,1774305835201386325,1774305835205361783,3975
10569,1774305835206900289,1774305835210282195,3381
10570,1774305835211898720,1774305835215799636,3900
10571,1774305835217481867,1774305835221113908,3632
10572,1774305835222665579,1774305835226747253,4081
10573,1774305835228451032,1774305835232533114,4082
10574,1774305835234390937,1774305835238200994,3810
10575,1774305835239851492,1774305835243799094,3947
10576,1774305835245485316,1774305835248935817,3450
10577,1774305835250602133,1774305835254503833,3901
10578,1774305835256180671,1774305835260095865,3915
10579,1774305835261906023,1774305835265822556,3916
10580,1774305835267467429,1774305835270935159,3467
10581,1774305835272543308,1774305835276538357,3995
10582,1774305835278305956,1774305835282088086,3782
10583,1774305835283769092,1774305835287031357,3262
10584,1774305835288707951,1774305835292622790,3914
10585,1774305835294575728,1774305835298180867,3605
10586,1774305835299845205,1774305835304041467,4196
10587,1774305835305764193,1774305835309026536,3262
10588,1774305835310713196,1774305835314746929,4033
10589,1774305835316494204,1774305835319591393,3097
10590,1774305835321374683,1774305835324772616,3397
10591,1774305835326452080,1774305835330202554,3750
10592,1774305835332050440,1774305835336310618,4260
10593,1774305835337907792,1774305835341069805,3162
10594,1774305835342621981,1774305835345888342,3266
10595,1774305835347580829,1774305835351604411,4023
10596,1774305835353343525,1774305835356818813,3475
10597,1774305835358561860,1774305835361920056,3358
10598,1774305835363548113,1774305835366995957,3447
10599,1774305835368745047,1774305835372933652,4188
10600,1774305835374585045,1774305835378560362,3975
10601,1774305835380343270,1774305835384389782,4046
10602,1774305835386085426,1774305835390088740,4003
10603,1774305835391740410,1774305835394994572,3254
10604,1774305835396803936,1774305835400673198,3869
10605,1774305835402321602,1774305835405735730,3414
10606,1774305835407459260,1774305835410932051,3472
10607,1774305835412629490,1774305835416644344,4014
10608,1774305835418302662,1774305835421620560,3317
10609,1774305835423399583,1774305835427347338,3947
10610,1774305835429462438,1774305835433251332,3788
10611,1774305835435024938,1774305835438963826,3938
10612,1774305835440611323,1774305835444698793,4087
10613,1774305835446439702,1774305835450568719,4129
10614,1774305835452184966,1774305835456561703,4376
10615,1774305835458197768,1774305835462436330,4238
10616,1774305835463839892,1774305835466899749,3059
10617,1774305835468466497,1774305835472281746,3815
10618,1774305835473941238,1774305835477431763,3490
10619,1774305835479031980,1774305835482213799,3181
10620,1774305835483856971,1774305835486946838,3089
10621,1774305835488489575,1774305835492351494,3861
10622,1774305835494000038,1774305835497886331,3886
10623,1774305835499508803,1774305835502921274,3412
10624,1774305835504766796,1774305835508648503,3881
10625,1774305835510323981,1774305835513723014,3399
10626,1774305835515426893,1774305835519398170,3971
10627,1774305835521084020,1774305835525010671,3926
10628,1774305835526664273,1774305835530061671,3397
10629,1774305835531737829,1774305835535624485,3886
10630,1774305835537462052,1774305835541256044,3793
10631,1774305835542902065,1774305835546788204,3886
10632,1774305835548553017,1774305835552734764,4181
10633,1774305835554398399,1774305835557915588,3517
10634,1774305835559578636,1774305835562910495,3331
10635,1774305835564811090,1774305835568221588,3410
10636,1774305835569855261,1774305835573947643,4092
10637,1774305835575625805,1774305835579339585,3713
10638,1774305835581078153,1774305835585115731,4037
10639,1774305835586772832,1774305835589961024,3188
10640,1774305835591598727,1774305835594899435,3300
10641,1774305835596500039,1774305835599801707,3301
10642,1774305835601322362,1774305835604917388,3595
10643,1774305835606621381,1774305835610004580,3383
10644,1774305835611828566,1774305835614881818,3053
10645,1774305835616429875,1774305835620313979,3884
10646,1774305835621851495,1774305835624985237,3133
10647,1774305835626642330,1774305835630279647,3637
10648,1774305835631925299,1774305835635087588,3162
10649,1774305835636742685,1774305835640055787,3313
10650,1774305835641723243,1774305835645578652,3855
10651,1774305835647190670,1774305835650866963,3676
10652,1774305835652505101,1774305835656484424,3979
10653,1774305835658159488,1774305835662405268,4245
10654,1774305835664128139,1774305835668020623,3892
10655,1774305835669624354,1774305835673467656,3843
10656,1774305835675180081,1774305835678987595,3807
10657,1774305835680612105,1774305835683814714,3202
10658,1774305835685582910,1774305835688883925,3301
10659,1774305835690561511,1774305835694697970,4136
10660,1774305835696386025,1774305835699811919,3425
10661,1774305835701482562,1774305835705464078,3981
10662,1774305835707299313,1774305835711022220,3722
10663,1774305835712745979,1774305835716843769,4097
10664,1774305835718536923,1774305835722612641,4075
10665,1774305835724169063,1774305835727837848,3668
10666,1774305835729472829,1774305835733416761,3943
10667,1774305835734848910,1774305835738035739,3186
10668,1774305835739729054,1774305835743427956,3698
10669,1774305835745102312,1774305835748340813,3238
10670,1774305835749943017,1774305835753118856,3175
10671,1774305835754654344,1774305835757977529,3323
10672,1774305835759564456,1774305835763037633,3473
10673,1774305835764716807,1774305835768731022,4014
10674,1774305835770217564,1774305835773751198,3533
10675,1774305835775375892,1774305835779314032,3938
10676,1774305835781169575,1774305835785107623,3938
10677,1774305835786768205,1774305835790666246,3898
10678,1774305835792505699,1774305835795954611,3448
10679,1774305835797768495,1774305835801794626,4026
10680,1774305835803515413,1774305835807468081,3952
10681,1774305835809344823,1774305835813280834,3936
10682,1774305835814945194,1774305835818218980,3273
10683,1774305835820044621,1774305835823900808,3856
10684,1774305835825559503,1774305835829302252,3742
10685,1774305835831027697,1774305835834474520,3446
10686,1774305835836190222,1774305835840107843,3917
10687,1774305835841746617,1774305835845707826,3961
10688,1774305835847589254,1774305835851702636,4113
10689,1774305835853366027,1774305835857109985,3743
10690,1774305835858600207,1774305835862759790,4159
10691,1774305835864381199,1774305835868193534,3812
10692,1774305835869801566,1774305835873856450,4054
10693,1774305835875506295,1774305835878820814,3314
10694,1774305835880362636,1774305835884114983,3752
10695,1774305835885786043,1774305835888647098,2861
10696,1774305835890073910,1774305835893576254,3502
10697,1774305835895233190,1774305835898755137,3521
10698,1774305835900336520,1774305835904482628,4146
10699,1774305835906170558,1774305835909675877,3505
10700,1774305835911318607,1774305835914903245,3584
10701,1774305835916810998,1774305835920678144,3867
10702,1774305835922432726,1774305835926443902,4011
10703,1774305835928392020,1774305835931905902,3513
10704,1774305835933565847,1774305835937464712,3898
10705,1774305835939168966,1774305835942995116,3826
10706,1774305835944724496,1774305835948581563,3857
10707,1774305835950286903,1774305835953694887,3407
10708,1774305835955342346,1774305835959278658,3936
10709,1774305835960927124,1774305835964882650,3955
10710,1774305835966625884,1774305835970753381,4127
10711,1774305835972485480,1774305835976611918,4126
10712,1774305835978276435,1774305835982228384,3951
10713,1774305835984073589,1774305835987972583,3898
10714,1774305835989712172,1774305835993006670,3294
10715,1774305835994728602,1774305835998721450,3992
10716,1774305836000396021,1774305836004135994,3739
10717,1774305836005810637,1774305836009772337,3961
10718,1774305836011392516,1774305836014877337,3484
10719,1774305836016597840,1774305836020746376,4148
10720,1774305836022360870,1774305836026074996,3714
10721,1774305836027753642,1774305836031784108,4030
10722,1774305836033492499,1774305836037186306,3693
10723,1774305836038935058,1774305836042799234,3864
10724,1774305836044439242,1774305836048167014,3727
10725,1774305836049924225,1774305836053999266,4075
10726,1774305836055757004,1774305836059624122,3867
10727,1774305836061347997,1774305836064821942,3473
10728,1774305836066571307,1774305836070720283,4148
10729,1774305836072457467,1774305836076290566,3833
10730,1774305836078013955,1774305836082124267,4110
10731,1774305836083797718,1774305836087209699,3411
10732,1774305836089028711,1774305836092908714,3880
10733,1774305836094643257,1774305836098505863,3862
10734,1774305836100299374,1774305836104353663,4054
10735,1774305836106033061,1774305836110167602,4134
10736,1774305836112014206,1774305836116081964,4067
10737,1774305836117736094,1774305836121868584,4132
10738,1774305836123996139,1774305836127860235,3864
10739,1774305836129545467,1774305836133435418,3889
10740,1774305836135271666,1774305836139480171,4208
10741,1774305836141084351,1774305836145214088,4129
10742,1774305836146894312,1774305836150095210,3200
10743,1774305836151751995,1774305836155036110,3284
10744,1774305836156647857,1774305836159797987,3150
10745,1774305836161206975,1774305836165265947,4058
10746,1774305836167036711,1774305836170454240,3417
10747,1774305836172051841,1774305836175582998,3531
10748,1774305836177236216,1774305836181058294,3822
10749,1774305836182862449,1774305836186481463,3619
10750,1774305836188126467,1774305836191975427,3848
10751,1774305836193498645,1774305836197101059,3602
10752,1774305836198861686,1774305836202846250,3984
10753,1774305836204506730,1774305836208228779,3722
10754,1774305836209981744,1774305836214070554,4088
10755,1774305836215752426,1774305836219542470,3790
10756,1774305836221470853,1774305836225096670,3625
10757,1774305836226744501,1774305836230869870,4125
10758,1774305836232659240,1774305836236789753,4130
10759,1774305836238508080,1774305836242529775,4021
10760,1774305836244434274,1774305836248025974,3591
10761,1774305836249651849,1774305836253528809,3876
10762,1774305836255163071,1774305836258428485,3265
10763,1774305836260173299,1774305836264420100,4246
10764,1774305836266126898,1774305836269708334,3581
10765,1774305836271369793,1774305836274863223,3493
10766,1774305836276627067,1774305836280692800,4065
10767,1774305836282409752,1774305836286554328,4144
10768,1774305836288203146,1774305836292312731,4109
10769,1774305836293911886,1774305836297012747,3100
10770,1774305836298627042,1774305836302585402,3958
10771,1774305836304126572,1774305836307059667,2933
10772,1774305836308537023,1774305836312404108,3867
10773,1774305836314089778,1774305836317733127,3643
10774,1774305836319395066,1774305836322752968,3357
10775,1774305836324485714,1774305836328655532,4169
10776,1774305836330439524,1774305836333902632,3463
10777,1774305836335554780,1774305836339370151,3815
10778,1774305836341117308,1774305836345101430,3984
10779,1774305836346769724,1774305836350620611,3850
10780,1774305836352440890,1774305836356526965,4086
10781,1774305836358461110,1774305836362493660,4032
10782,1774305836364350012,1774305836368297258,3947
10783,1774305836370337671,1774305836374597735,4260
10784,1774305836376391613,1774305836379930298,3538
10785,1774305836381660902,1774305836385919971,4259
10786,1774305836387573939,1774305836391809695,4235
10787,1774305836393547080,1774305836397669057,4121
10788,1774305836399347247,1774305836403262555,3915
10789,1774305836405221071,1774305836409111790,3890
10790,1774305836410798020,1774305836414980556,4182
10791,1774305836416688467,1774305836419905434,3216
10792,1774305836421407225,1774305836425157568,3750
10793,1774305836426807173,1774305836429730084,2922
10794,1774305836431353865,1774305836435481032,4127
10795,1774305836437131889,1774305836440183737,3051
10796,1774305836441675092,1774305836445261527,3586
10797,1774305836446851043,1774305836449833825,2982
10798,1774305836451387048,1774305836455098066,3711
10799,1774305836456631702,1774305836460579014,3947
10800,1774305836462294503,1774305836465893908,3599
10801,1774305836467509318,1774305836471217529,3708
10802,1774305836472842981,1774305836476729416,3886
10803,1774305836478438165,1774305836482179671,3741
10804,1774305836483841784,1774305836487726745,3884
10805,1774305836489353206,1774305836492608171,3254
10806,1774305836494261011,1774305836497919169,3658
10807,1774305836499710863,1774305836503622895,3912
10808,1774305836505331666,1774305836508998944,3667
10809,1774305836510634424,1774305836514311018,3676
10810,1774305836515796643,1774305836518955300,3158
10811,1774305836520729345,1774305836524669363,3940
10812,1774305836526368749,1774305836530237753,3869
10813,1774305836531968492,1774305836535844457,3875
10814,1774305836537602269,1774305836541662349,4060
10815,1774305836543237554,1774305836546927159,3689
10816,1774305836548483227,1774305836551719813,3236
10817,1774305836553428319,1774305836557506184,4077
10818,1774305836558695474,1774305836561874633,3179
10819,1774305836563469222,1774305836566862053,3392
10820,1774305836568483495,1774305836571819607,3336
10821,1774305836573041321,1774305836576874385,3833
10822,1774305836578473749,1774305836582300312,3826
10823,1774305836583868335,1774305836587349842,3481
10824,1774305836588927315,1774305836591985069,3057
10825,1774305836593537335,1774305836596880525,3343
10826,1774305836598523813,1774305836602404149,3880
10827,1774305836604008623,1774305836607877759,3869
10828,1774305836609547371,1774305836613319791,3772
10829,1774305836614980535,1774305836619008613,4028
10830,1774305836620648776,1774305836624232214,3583
10831,1774305836625985043,1774305836629894024,3908
10832,1774305836631638476,1774305836635559887,3921
10833,1774305836637399288,1774305836641178138,3778
10834,1774305836643013113,1774305836646757090,3743
10835,1774305836648393399,1774305836652174829,3781
10836,1774305836653775980,1774305836657020935,3244
10837,1774305836658683618,1774305836662270832,3587
10838,1774305836663875626,1774305836667925287,4049
10839,1774305836669609616,1774305836673618067,4008
10840,1774305836675189349,1774305836678993181,3803
10841,1774305836680683656,1774305836684571141,3887
10842,1774305836686246364,1774305836690311294,4064
10843,1774305836691565251,1774305836695708190,4142
10844,1774305836697413199,1774305836700664281,3251
10845,1774305836702193642,1774305836705613709,3420
10846,1774305836707248228,1774305836710738926,3490
10847,1774305836712356198,1774305836715598483,3242
10848,1774305836717023384,1774305836720252275,3228
10849,1774305836721801211,1774305836724962468,3161
10850,1774305836726544409,1774305836730172511,3628
10851,1774305836731944332,1774305836735159094,3214
10852,1774305836737024750,1774305836741308137,4283
10853,1774305836743084932,1774305836746688203,3603
10854,1774305836748338571,1774305836752305432,3966
10855,1774305836753918583,1774305836757890809,3972
10856,1774305836759496093,1774305836763449820,3953
10857,1774305836765067682,1774305836768952041,3884
10858,1774305836770583307,1774305836774308415,3725
10859,1774305836775896388,1774305836779097715,3201
10860,1774305836780719582,1774305836784043356,3323
10861,1774305836785920486,1774305836789758976,3838
10862,1774305836791377822,1774305836795027017,3649
10863,1774305836796629484,1774305836800455000,3825
10864,1774305836802130542,1774305836805949753,3819
10865,1774305836807588426,1774305836810898498,3310
10866,1774305836812808624,1774305836817338752,4530
10867,1774305836819181577,1774305836823359044,4177
10868,1774305836825106685,1774305836828644875,3538
10869,1774305836830414318,1774305836833920046,3505
10870,1774305836835504633,1774305836838774313,3269
10871,1774305836840496423,1774305836844629098,4132
10872,1774305836846133794,1774305836850149862,4016
10873,1774305836852033924,1774305836855375629,3341
10874,1774305836856970398,1774305836860329415,3359
10875,1774305836861879394,1774305836865274376,3394
10876,1774305836867084063,1774305836871190232,4106
10877,1774305836873147774,1774305836876777927,3630
10878,1774305836878546534,1774305836882113584,3567
10879,1774305836884060443,1774305836888042978,3982
10880,1774305836889779282,1774305836893260104,3480
10881,1774305836894969881,1774305836898086071,3116
10882,1774305836899833892,1774305836903104672,3270
10883,1774305836904773556,1774305836908771211,3997
10884,1774305836910432947,1774305836913963832,3530
10885,1774305836915847885,1774305836919241326,3393
10886,1774305836920870752,1774305836924271969,3401
10887,1774305836925902977,1774305836929599761,3696
10888,1774305836931217012,1774305836934642543,3425
10889,1774305836936461057,1774305836940622378,4161
10890,1774305836942297387,1774305836946201161,3903
10891,1774305836947950346,1774305836951257746,3307
10892,1774305836953032143,1774305836957065971,4033
10893,1774305836958898669,1774305836962469575,3570
10894,1774305836964176183,1774305836967339953,3163
10895,1774305836969093479,1774305836972395322,3301
10896,1774305836974032608,1774305836977153666,3121
10897,1774305836978757498,1774305836982760422,4002
10898,1774305836984358360,1774305836987548283,3189
10899,1774305836989322298,1774305836992665478,3343
10900,1774305836994290213,1774305836998157888,3867
10901,1774305836999752226,1774305837003651975,3899
10902,1774305837005305193,1774305837009160274,3855
10903,1774305837010795547,1774305837014052923,3257
10904,1774305837015788868,1774305837019665695,3876
10905,1774305837021336221,1774305837025222860,3886
10906,1774305837026843488,1774305837030086078,3242
10907,1774305837031866126,1774305837035120136,3254
10908,1774305837036738089,1774305837040535835,3797
10909,1774305837042337515,1774305837046074031,3736
10910,1774305837047729478,1774305837051398139,3668
10911,1774305837053110475,1774305837057061343,3950
10912,1774305837058745777,1774305837062713436,3967
10913,1774305837064360710,1774305837068136587,3775
10914,1774305837070066359,1774305837073959770,3893
10915,1774305837075565940,1774305837079351742,3785
10916,1774305837081605736,1774305837085732278,4126
10917,1774305837087558021,1774305837091070882,3512
10918,1774305837092790368,1774305837096059614,3269
10919,1774305837097773324,1774305837101014329,3241
10920,1774305837102796351,1774305837106927084,4130
10921,1774305837108492743,1774305837112525527,4032
10922,1774305837113961926,1774305837118159042,4197
10923,1774305837119866614,1774305837123029460,3162
10924,1774305837124407989,1774305837128013134,3605
10925,1774305837129520082,1774305837132783916,3263
10926,1774305837134451924,1774305837137623461,3171
10927,1774305837139338013,1774305837143603669,4265
10928,1774305837145444646,1774305837149343936,3899
10929,1774305837151117895,1774305837155198779,4080
10930,1774305837157067385,1774305837160634474,3567
10931,1774305837162377326,1774305837166471105,4093
10932,1774305837168249176,1774305837172355343,4106
10933,1774305837174290001,1774305837178354298,4064
10934,1774305837180166089,1774305837184055808,3889
10935,1774305837185891715,1774305837189510448,3618
10936,1774305837191204078,1774305837195134682,3930
10937,1774305837197179703,1774305837200730790,3551
10938,1774305837202375987,1774305837206539317,4163
10939,1774305837208460883,1774305837212575907,4115
10940,1774305837214382405,1774305837218489699,4107
10941,1774305837220440786,1774305837224409870,3969
10942,1774305837226153848,1774305837230394819,4240
10943,1774305837232105191,1774305837235348664,3243
10944,1774305837236935410,1774305837240881788,3946
10945,1774305837242483177,1774305837246304348,3821
10946,1774305837248089575,1774305837252175508,4085
10947,1774305837253918174,1774305837257411394,3493
10948,1774305837258914950,1774305837262048928,3133
10949,1774305837263702672,1774305837266918877,3216
10950,1774305837268601650,1774305837272941919,4340
10951,1774305837274651215,1774305837278658046,4006
10952,1774305837280436941,1774305837284523155,4086
10953,1774305837286299870,1774305837290556968,4257
10954,1774305837292261810,1774305837296371546,4109
10955,1774305837298046035,1774305837302014899,3968
10956,1774305837303650881,1774305837307027444,3376
10957,1774305837308950264,1774305837312997472,4047
10958,1774305837314647093,1774305837318368162,3721
10959,1774305837320158261,1774305837324393569,4235
10960,1774305837326114750,1774305837330000327,3885
10961,1774305837331611014,1774305837335593351,3982
10962,1774305837337393888,1774305837341847817,4453
10963,1774305837343540614,1774305837347384105,3843
10964,1774305837349202130,1774305837353308386,4106
10965,1774305837355058476,1774305837359091475,4032
10966,1774305837360767476,1774305837364609452,3841
10967,1774305837366496351,1774305837370006434,3510
10968,1774305837371693291,1774305837375086543,3393
10969,1774305837376799046,1774305837380108233,3309
10970,1774305837381775835,1774305837385956584,4180
10971,1774305837387582331,1774305837391306355,3724
10972,1774305837392914800,1774305837396995814,4081
10973,1774305837398665359,1774305837402371853,3706
10974,1774305837404036486,1774305837407555273,3518
10975,1774305837409365793,1774305837412783975,3418
10976,1774305837414451085,1774305837418653909,4202
10977,1774305837420315100,1774305837424320050,4004
10978,1774305837425943293,1774305837429862438,3919
10979,1774305837431428502,1774305837435153480,3724
10980,1774305837436764978,1774305837440015469,3250
10981,1774305837441574879,1774305837445607942,4033
10982,1774305837447348749,1774305837451199138,3850
10983,1774305837452902444,1774305837456304829,3402
10984,1774305837458020523,1774305837461322856,3302
10985,1774305837463349550,1774305837467185520,3835
10986,1774305837468940354,1774305837472531315,3590
10987,1774305837474248682,1774305837478415536,4166
10988,1774305837480250126,1774305837484468960,4218
10989,1774305837486367595,1774305837490309705,3942
10990,1774305837491844573,1774305837495777657,3933
10991,1774305837497521724,1774305837501019390,3497
10992,1774305837502800216,1774305837506163250,3363
10993,1774305837507848561,1774305837512086043,4237
10994,1774305837513655054,1774305837516872248,3217
10995,1774305837518477713,1774305837522476028,3998
10996,1774305837524133369,1774305837527510828,3377
10997,1774305837529140407,1774305837533010669,3870
10998,1774305837534619905,1774305837537781668,3161
10999,1774305837539408529,1774305837543405030,3996
11000,1774305837544956766,1774305837548930389,3973
11001,1774305837550620697,1774305837554448281,3827
11002,1774305837556052895,1774305837559744298,3691
11003,1774305837561438592,1774305837564798970,3360
11004,1774305837566417505,1774305837570374774,3957
11005,1774305837572065118,1774305837576020804,3955
11006,1774305837577574818,1774305837581503249,3928
11007,1774305837583150739,1774305837587219217,4068
11008,1774305837588979469,1774305837593006889,4027
11009,1774305837594713196,1774305837598785958,4072
11010,1774305837600658011,1774305837604181953,3523
11011,1774305837606152694,1774305837610586311,4433
11012,1774305837612612335,1774305837616762315,4149
11013,1774305837618480090,1774305837622542592,4062
11014,1774305837624310850,1774305837628533057,4222
11015,1774305837630306628,1774305837634425003,4118
11016,1774305837636271924,1774305837640122544,3850
11017,1774305837641744486,1774305837645017487,3273
11018,1774305837646798664,1774305837650113986,3315
11019,1774305837651868211,1774305837655906929,4038
11020,1774305837657473935,1774305837661583086,4109
11021,1774305837663164636,1774305837666733121,3568
11022,1774305837668391171,1774305837672293327,3902
11023,1774305837673724921,1774305837677692224,3967
11024,1774305837679218381,1774305837683167740,3949
11025,1774305837684644748,1774305837688628639,3983
11026,1774305837690170897,1774305837694092455,3921
11027,1774305837695791022,1774305837699374590,3583
11028,1774305837701002679,1774305837704994585,3991
11029,1774305837706582512,1774305837710511172,3928
11030,1774305837712216554,1774305837716060657,3844
11031,1774305837717712754,1774305837721863970,4151
11032,1774305837723607651,1774305837727877757,4270
11033,1774305837729580287,1774305837733533916,3953
11034,1774305837735325334,1774305837739267652,3942
11035,1774305837741010284,1774305837744543271,3532
11036,1774305837746525589,1774305837750904733,4379
11037,1774305837752556494,1774305837756426023,3869
11038,1774305837758493436,1774305837762663940,4170
11039,1774305837764341665,1774305837768233430,3891
11040,1774305837770179244,1774305837774327829,4148
11041,1774305837776061372,1774305837779988861,3927
11042,1774305837781752275,1774305837784933657,3181
11043,1774305837786587081,1774305837789778410,3191
11044,1774305837791448337,1774305837795588360,4140
11045,1774305837797024742,1774305837800344863,3320
11046,1774305837802002067,1774305837805404158,3402
11047,1774305837807091198,1774305837810866771,3775
11048,1774305837812481058,1774305837815741977,3260
11049,1774305837817500714,1774305837820823515,3322
11050,1774305837822400380,1774305837826380929,3980
11051,1774305837827967168,1774305837831129298,3162
11052,1774305837832777334,1774305837836779806,4002
11053,1774305837838434582,1774305837842172473,3737
11054,1774305837843839350,1774305837847835378,3996
11055,1774305837849482809,1774305837852838490,3355
11056,1774305837854558512,1774305837857892088,3333
11057,1774305837859942643,1774305837863982168,4039
11058,1774305837865670444,1774305837869191835,3521
11059,1774305837870942717,1774305837874249039,3306
11060,1774305837876019956,1774305837879316794,3296
11061,1774305837881130063,1774305837885103650,3973
11062,1774305837886768920,1774305837890372661,3603
11063,1774305837892099485,1774305837896300184,4200
11064,1774305837898046255,1774305837901670395,3624
11065,1774305837903613510,1774305837906893372,3279
11066,1774305837908650527,1774305837912609990,3959
11067,1774305837914413058,1774305837918509641,4096
11068,1774305837920476149,1774305837923891858,3415
11069,1774305837925618201,1774305837929563906,3945
11070,1774305837931160360,1774305837934201742,3041
11071,1774305837935878178,1774305837939514852,3636
11072,1774305837941058338,1774305837945358411,4300
11073,1774305837947021621,1774305837950835700,3814
11074,1774305837952541586,1774305837955828248,3286
11075,1774305837957557858,1774305837961578742,4020
11076,1774305837963139390,1774305837966903313,3763
11077,1774305837968712853,1774305837972605795,3892
11078,1774305837974376605,1774305837978519107,4142
11079,1774305837980209568,1774305837984147894,3938
11080,1774305837986001656,1774305837990045187,4043
11081,1774305837991694174,1774305837995482052,3787
11082,1774305837997091319,1774305838000934483,3843
