iter,start_ns,end_ns,duration_us
1,1774271494173041177,1774271494176763351,3722
2,1774271494178301781,1774271494181807734,3505
3,1774271494183332891,1774271494186886847,3553
4,1774271494188578570,1774271494192482847,3904
5,1774271494194043576,1774271494197876065,3832
6,1774271494199394653,1774271494202545268,3150
7,1774271494204134920,1774271494208171248,4036
8,1774271494209776291,1774271494213027464,3251
9,1774271494214566356,1774271494218105261,3538
10,1774271494219596817,1774271494223697773,4100
11,1774271494225226348,1774271494229137246,3910
12,1774271494230757330,1774271494234689712,3932
13,1774271494236188627,1774271494239863024,3674
14,1774271494241441044,1774271494245192807,3751
15,1774271494246776782,1774271494250169252,3392
16,1774271494251831355,1774271494255255886,3424
17,1774271494256848500,1774271494260945997,4097
18,1774271494262526112,1774271494266413215,3887
19,1774271494267751868,1774271494271110528,3358
20,1774271494272605027,1774271494275493131,2888
21,1774271494276914935,1774271494280914155,3999
22,1774271494282121840,1774271494285113348,2991
23,1774271494286743338,1774271494290588131,3844
24,1774271494292181328,1774271494295952956,3771
25,1774271494297482016,1774271494300573475,3091
26,1774271494301872981,1774271494305462616,3589
27,1774271494307074458,1774271494310912586,3838
28,1774271494312457763,1774271494315472222,3014
29,1774271494317038516,1774271494320650798,3612
30,1774271494322169195,1774271494325917669,3748
31,1774271494327490123,1774271494330672429,3182
32,1774271494332247066,1774271494335851745,3604
33,1774271494337462851,1774271494340947376,3484
34,1774271494342495306,1774271494346281852,3786
35,1774271494347852485,1774271494351703577,3851
36,1774271494353351035,1774271494357247920,3896
37,1774271494358761852,1774271494362090388,3328
38,1774271494363667180,1774271494367642964,3975
39,1774271494369274943,1774271494372530997,3256
40,1774271494374048724,1774271494377632433,3583
41,1774271494379182476,1774271494382984614,3802
42,1774271494384614838,1774271494387759624,3144
43,1774271494389344141,1774271494392527578,3183
44,1774271494394053341,1774271494397614730,3561
45,1774271494399189047,1774271494402430754,3241
46,1774271494404040634,1774271494407157644,3117
47,1774271494408449204,1774271494411906383,3457
48,1774271494413537922,1774271494416485186,2947
49,1774271494418037179,1774271494421120990,3083
50,1774271494422745636,1774271494426189950,3444
51,1774271494427755051,1774271494431600857,3845
52,1774271494433077822,1774271494436173474,3095
53,1774271494437817793,1774271494441269811,3452
54,1774271494442895097,1774271494446135464,3240
55,1774271494447699170,1774271494451583350,3884
56,1774271494452985030,1774271494456861866,3876
57,1774271494458494880,1774271494462031523,3536
58,1774271494463591842,1774271494467517178,3925
59,1774271494469191135,1774271494472221614,3030
60,1774271494473813982,1774271494477601785,3787
61,1774271494479200047,1774271494482230347,3030
62,1774271494483861005,1774271494487250715,3389
63,1774271494488849868,1774271494492630304,3780
64,1774271494494138250,1774271494497642915,3504
65,1774271494499371121,1774271494503190629,3819
66,1774271494504808870,1774271494508204361,3395
67,1774271494509744453,1774271494513619708,3875
68,1774271494515149515,1774271494518987868,3838
69,1774271494520554988,1774271494524404587,3849
70,1774271494525997720,1774271494528993018,2995
71,1774271494530171245,1774271494533646793,3475
72,1774271494535031614,1774271494538994319,3962
73,1774271494540601059,1774271494543579094,2978
74,1774271494545143507,1774271494548091329,2947
75,1774271494549747394,1774271494552781208,3033
76,1774271494554515845,1774271494558532947,4017
77,1774271494559968044,1774271494563559062,3591
78,1774271494564950380,1774271494568185434,3235
79,1774271494569770597,1774271494573040976,3270
80,1774271494574558607,1774271494577873742,3315
81,1774271494579415616,1774271494582888259,3472
82,1774271494584413316,1774271494588150997,3737
83,1774271494589788426,1774271494593569289,3780
84,1774271494595135511,1774271494598916911,3781
85,1774271494600463344,1774271494603489364,3026
86,1774271494605047426,1774271494608894187,3846
87,1774271494610415167,1774271494613875317,3460
88,1774271494615457353,1774271494619313602,3856
89,1774271494620863493,1774271494624553540,3690
90,1774271494626011689,1774271494629290024,3278
91,1774271494630882377,1774271494634485067,3602
92,1774271494635996842,1774271494639565495,3568
93,1774271494641123783,1774271494645061701,3937
94,1774271494646587574,1774271494649927421,3339
95,1774271494651479276,1774271494655277491,3798
96,1774271494656911150,1774271494660879452,3968
97,1774271494662290273,1774271494665342812,3052
98,1774271494666723447,1774271494670701579,3978
99,1774271494672173868,1774271494674933953,2760
100,1774271494676504008,1774271494679556332,3052
101,1774271494681158522,1774271494685056980,3898
102,1774271494686297393,1774271494689159197,2861
103,1774271494690733198,1774271494694710190,3976
104,1774271494696170735,1774271494699642474,3471
105,1774271494701162720,1774271494704361280,3198
106,1774271494705958634,1774271494709485204,3526
107,1774271494710933070,1774271494714551692,3618
108,1774271494716093884,1774271494719912092,3818
109,1774271494721469853,1774271494724449322,2979
110,1774271494725921253,1774271494729552850,3631
111,1774271494731106165,1774271494734281791,3175
112,1774271494735780191,1774271494739166686,3386
113,1774271494740727898,1774271494744603384,3875
114,1774271494746170214,1774271494750453948,4283
115,1774271494752129101,1774271494756336312,4207
116,1774271494757981230,1774271494761867696,3886
117,1774271494763429265,1774271494766440846,3011
118,1774271494767964406,1774271494771390816,3426
119,1774271494772957358,1774271494776288121,3330
120,1774271494777868591,1774271494781522721,3654
121,1774271494782973844,1774271494786904871,3931
122,1774271494788474212,1774271494792370846,3896
123,1774271494793763640,1774271494797755850,3992
124,1774271494799133136,1774271494803191068,4057
125,1774271494804625319,1774271494807639708,3014
126,1774271494809196417,1774271494812090270,2893
127,1774271494813627186,1774271494817062344,3435
128,1774271494818648931,1774271494822107833,3458
129,1774271494823741663,1774271494826760156,3018
130,1774271494828306202,1774271494831464739,3158
131,1774271494832980421,1774271494836155317,3174
132,1774271494837761426,1774271494841691359,3929
133,1774271494843167610,1774271494847063752,3896
134,1774271494848624413,1774271494852490314,3865
135,1774271494854062132,1774271494857271040,3208
136,1774271494858854953,1774271494862146585,3291
137,1774271494863726442,1774271494867398483,3672
138,1774271494868926662,1774271494872801090,3874
139,1774271494874390855,1774271494878213406,3822
140,1774271494879734250,1774271494883502663,3768
141,1774271494885052242,1774271494888890110,3837
142,1774271494890468732,1774271494893476169,3007
143,1774271494895052300,1774271494898928953,3876
144,1774271494900470377,1774271494903890890,3420
145,1774271494905479793,1774271494909119504,3639
146,1774271494910778945,1774271494914632800,3853
147,1774271494916215280,1774271494920593362,4378
148,1774271494922073199,1774271494926017452,3944
149,1774271494927661483,1774271494930855090,3193
150,1774271494932436315,1774271494936438468,4002
151,1774271494937960753,1774271494941339875,3379
152,1774271494943021316,1774271494947290778,4269
153,1774271494948969144,1774271494952209828,3240
154,1774271494953725623,1774271494957669649,3944
155,1774271494959264567,1774271494963017807,3753
156,1774271494964657346,1774271494968807688,4150
157,1774271494970446418,1774271494973611254,3164
158,1774271494975193312,1774271494978853299,3659
159,1774271494980445306,1774271494984457267,4011
160,1774271494986101872,1774271494989604895,3503
161,1774271494991149892,1774271494995368173,4218
162,1774271494997004863,1774271495001198271,4193
163,1774271495002851406,1774271495007249870,4398
164,1774271495009041445,1774271495013328624,4287
165,1774271495014976761,1774271495019558239,4581
166,1774271495021165413,1774271495025256947,4091
167,1774271495026849493,1774271495030956946,4107
168,1774271495032667501,1774271495036764152,4096
169,1774271495038370293,1774271495041607869,3237
170,1774271495043233475,1774271495047294623,4061
171,1774271495048903992,1774271495052904584,4000
172,1774271495054535724,1774271495057676411,3140
173,1774271495059264369,1774271495063337464,4073
174,1774271495064980598,1774271495068902574,3921
175,1774271495070573669,1774271495074842058,4268
176,1774271495076488959,1774271495079718424,3229
177,1774271495081394620,1774271495085589810,4195
178,1774271495087100315,1774271495091149989,4049
179,1774271495092746610,1774271495096966313,4219
180,1774271495098428760,1774271495102563686,4134
181,1774271495104198147,1774271495108746960,4548
182,1774271495110499865,1774271495113774636,3274
183,1774271495115274005,1774271495119433584,4159
184,1774271495120947949,1774271495124297566,3349
185,1774271495125960077,1774271495129448821,3488
186,1774271495131281379,1774271495135480571,4199
187,1774271495137579839,1774271495141707993,4128
188,1774271495143310396,1774271495147116910,3806
189,1774271495148596473,1774271495152259624,3663
190,1774271495154160803,1774271495157827749,3666
191,1774271495159566096,1774271495163641505,4075
192,1774271495165281250,1774271495169224715,3943
193,1774271495170920557,1774271495174770009,3849
194,1774271495176426668,1774271495179483555,3056
195,1774271495181100727,1774271495184349933,3249
196,1774271495185939352,1774271495189102744,3163
197,1774271495190724599,1774271495194082354,3357
198,1774271495195622767,1774271495199490746,3867
199,1774271495200966529,1774271495204921625,3955
200,1774271495206485266,1774271495210359305,3874
201,1774271495211883716,1774271495215250733,3367
202,1774271495216768472,1774271495220075076,3306
203,1774271495221430551,1774271495224451770,3021
204,1774271495225991252,1774271495229159944,3168
205,1774271495230524660,1774271495233566864,3042
206,1774271495235115467,1774271495238328104,3212
207,1774271495239865515,1774271495243077335,3211
208,1774271495244657824,1774271495248469610,3811
209,1774271495250016883,1774271495253922164,3905
210,1774271495255498235,1774271495259559559,4061
211,1774271495261151369,1774271495264894078,3742
212,1774271495266464492,1774271495269482962,3018
213,1774271495271004609,1774271495274433245,3428
214,1774271495275971875,1774271495279147739,3175
215,1774271495280766224,1774271495284542438,3776
216,1774271495285982145,1774271495289144449,3162
217,1774271495290740172,1774271495294556580,3816
218,1774271495296108826,1774271495299558530,3449
219,1774271495301053290,1774271495304645189,3591
220,1774271495306220683,1774271495309968593,3747
221,1774271495311494378,1774271495314895232,3400
222,1774271495316447061,1774271495319855223,3408
223,1774271495321369999,1774271495324873902,3503
224,1774271495326402497,1774271495329421529,3019
225,1774271495330981007,1774271495334802127,3821
226,1774271495336265490,1774271495339170551,2905
227,1774271495340694286,1774271495344674696,3980
228,1774271495346263222,1774271495350107934,3844
229,1774271495351660596,1774271495355678794,4018
230,1774271495357269790,1774271495360802287,3532
231,1774271495362396842,1774271495365240019,2843
232,1774271495366593789,1774271495369566508,2972
233,1774271495371149561,1774271495374240209,3090
234,1774271495375855874,1774271495379670566,3814
235,1774271495381292940,1774271495385065529,3772
236,1774271495386596809,1774271495390008356,3411
237,1774271495391554880,1774271495395379010,3824
238,1774271495396958114,1774271495400086155,3128
239,1774271495401735441,1774271495405190514,3455
240,1774271495406747696,1774271495410479185,3731
241,1774271495412028483,1774271495415961115,3932
242,1774271495417521419,1774271495421208643,3687
243,1774271495422704346,1774271495426054527,3350
244,1774271495427596144,1774271495431448319,3852
245,1774271495432978974,1774271495436074247,3095
246,1774271495437652468,1774271495441064221,3411
247,1774271495442605251,1774271495446218332,3613
248,1774271495447859237,1774271495451629785,3770
249,1774271495453188709,1774271495456931248,3742
250,1774271495458472450,1774271495461807177,3334
251,1774271495463332646,1774271495466406272,3073
252,1774271495467973860,1774271495471607342,3633
253,1774271495473287341,1774271495477130813,3843
254,1774271495478792761,1774271495482903320,4110
255,1774271495484467773,1774271495488398909,3931
256,1774271495489624410,1774271495493559091,3934
257,1774271495495136287,1774271495499086249,3949
258,1774271495500289040,1774271495503873725,3584
259,1774271495505431443,1774271495508594022,3162
260,1774271495510080431,1774271495513709475,3629
261,1774271495515261250,1774271495519067513,3806
262,1774271495520602801,1774271495523543530,2940
263,1774271495525147854,1774271495528985265,3837
264,1774271495530542957,1774271495534181776,3638
265,1774271495535747441,1774271495539527033,3779
266,1774271495541069098,1774271495544233411,3164
267,1774271495545744142,1774271495549453585,3709
268,1774271495551015352,1774271495554917751,3902
269,1774271495556503691,1774271495559491906,2988
270,1774271495560923164,1774271495564825167,3902
271,1774271495566359387,1774271495570201112,3841
272,1774271495571742977,1774271495575557953,3814
273,1774271495577135148,1774271495580243203,3108
274,1774271495581804549,1774271495585718191,3913
275,1774271495587289212,1774271495591097851,3808
276,1774271495592653504,1774271495596433757,3780
277,1774271495597992474,1774271495601587871,3595
278,1774271495603239312,1774271495606729430,3490
279,1774271495608085069,1774271495612117881,4032
280,1774271495613450123,1774271495616190775,2740
281,1774271495617458751,1774271495620351066,2892
282,1774271495621571257,1774271495624543561,2972
283,1774271495625989993,1774271495629336670,3346
284,1774271495630960744,1774271495633875459,2914
285,1774271495635041339,1774271495639035725,3994
286,1774271495640573499,1774271495643941160,3367
287,1774271495645439299,1774271495648524674,3085
288,1774271495650111134,1774271495653621939,3510
289,1774271495655126952,1774271495658126120,2999
290,1774271495659652293,1774271495663625916,3973
291,1774271495665220752,1774271495669022659,3801
292,1774271495670522946,1774271495673975361,3452
293,1774271495675522854,1774271495678493889,2971
294,1774271495680007070,1774271495683638188,3631
295,1774271495685258645,1774271495689042934,3784
296,1774271495690597797,1774271495693942903,3345
297,1774271495695496993,1774271495698470648,2973
298,1774271495700064682,1774271495703286368,3221
299,1774271495704777052,1774271495708693483,3916
300,1774271495710269403,1774271495714021095,3751
301,1774271495715588328,1774271495719422742,3834
302,1774271495720951142,1774271495724179890,3228
303,1774271495725730244,1774271495729603319,3873
304,1774271495731313183,1774271495734348442,3035
305,1774271495735903553,1774271495739811714,3908
306,1774271495741488837,1774271495744506150,3017
307,1774271495745933034,1774271495749915712,3982
308,1774271495751357599,1774271495754652642,3295
309,1774271495756002377,1774271495759666736,3664
310,1774271495761334029,1774271495764925986,3591
311,1774271495766304692,1774271495769316808,3012
312,1774271495770808780,1774271495774462618,3653
313,1774271495775994198,1774271495779134137,3139
314,1774271495780391094,1774271495783889264,3498
315,1774271495785298624,1774271495789024015,3725
316,1774271495790583376,1774271495793508051,2924
317,1774271495795000340,1774271495798877928,3877
318,1774271495800417033,1774271495803277644,2860
319,1774271495804723786,1774271495808472681,3748
320,1774271495810065997,1774271495813978748,3912
321,1774271495815582936,1774271495819481557,3898
322,1774271495821060133,1774271495824190938,3130
323,1774271495825711422,1774271495829096937,3385
324,1774271495830635210,1774271495834417218,3782
325,1774271495835982027,1774271495839134515,3152
326,1774271495840693614,1774271495844662500,3968
327,1774271495846231153,1774271495850006957,3775
328,1774271495851573903,1774271495855366973,3793
329,1774271495856883030,1774271495860586583,3703
330,1774271495862037374,1774271495865201551,3164
331,1774271495866765220,1774271495870063550,3298
332,1774271495871591066,1774271495875324366,3733
333,1774271495876974723,1774271495880966799,3992
334,1774271495882592794,1774271495886533612,3940
335,1774271495887944736,1774271495890851569,2906
336,1774271495892448974,1774271495895288292,2839
337,1774271495896748898,1774271495900416536,3667
338,1774271495901863734,1774271495905540910,3677
339,1774271495906997318,1774271495911055437,4058
340,1774271495912704828,1774271495916642170,3937
341,1774271495918205510,1774271495921989502,3783
342,1774271495923532848,1774271495927000955,3468
343,1774271495928562633,1774271495932356851,3794
344,1774271495933916894,1774271495937127453,3210
345,1774271495938688715,1774271495942154435,3465
346,1774271495943719162,1774271495947181005,3461
347,1774271495948892359,1774271495953063735,4171
348,1774271495954745134,1774271495958920413,4175
349,1774271495960472685,1774271495964239069,3766
350,1774271495965859155,1774271495969532041,3672
351,1774271495970973775,1774271495974832731,3858
352,1774271495976258004,1774271495980217801,3959
353,1774271495981815755,1774271495985089276,3273
354,1774271495986656763,1774271495990032008,3375
355,1774271495991552612,1774271495995160086,3607
356,1774271495996721225,1774271496000585160,3863
357,1774271496002142227,1774271496005916923,3774
358,1774271496007491345,1774271496011486044,3994
359,1774271496012934081,1774271496016541310,3607
360,1774271496017940865,1774271496020812646,2871
361,1774271496022328991,1774271496025517969,3188
362,1774271496026972734,1774271496030225628,3252
363,1774271496031764710,1774271496034523050,2758
364,1774271496036080913,1774271496039320831,3239
365,1774271496040882390,1774271496044507738,3625
366,1774271496046059522,1774271496049950718,3891
367,1774271496051501970,1774271496055205593,3703
368,1774271496056679609,1774271496060069732,3390
369,1774271496061582980,1774271496065417218,3834
370,1774271496066969648,1774271496070513535,3543
371,1774271496072032444,1774271496075261752,3229
372,1774271496076794211,1774271496080057054,3262
373,1774271496081567575,1774271496084537259,2969
374,1774271496086021137,1774271496089869309,3848
375,1774271496091404366,1774271496094380114,2975
376,1774271496095936285,1774271496099519899,3583
377,1774271496101102266,1774271496105015797,3913
378,1774271496106566375,1774271496110242458,3676
379,1774271496111800094,1774271496115510011,3709
380,1774271496117026646,1774271496120228893,3202
381,1774271496121866277,1774271496125637503,3771
382,1774271496127201601,1774271496130190434,2988
383,1774271496131751237,1774271496135419473,3668
384,1774271496136987817,1774271496140774041,3786
385,1774271496142247312,1774271496145390183,3142
386,1774271496147008385,1774271496150854166,3845
387,1774271496152445984,1774271496155737504,3291
388,1774271496157208273,1774271496160329190,3120
389,1774271496161985147,1774271496165660595,3675
390,1774271496167200073,1774271496170100207,2900
391,1774271496171676403,1774271496175693565,4017
392,1774271496177160438,1774271496180160380,2999
393,1774271496181680404,1774271496184662234,2981
394,1774271496186270272,1774271496190158149,3887
395,1774271496191708089,1774271496195375502,3667
396,1774271496196925253,1774271496200165453,3240
397,1774271496201733202,1774271496205425725,3692
398,1774271496206985195,1774271496210789365,3804
399,1774271496212357077,1774271496215780710,3423
400,1774271496217240843,1774271496220733235,3492
401,1774271496222319018,1774271496226077442,3758
402,1774271496227630618,1774271496231456591,3825
403,1774271496233036175,1774271496236773460,3737
404,1774271496238198210,1774271496241740376,3542
405,1774271496243296726,1774271496246197519,2900
406,1774271496247745981,1774271496251479111,3733
407,1774271496252913278,1774271496256883996,3970
408,1774271496258432182,1774271496262073518,3641
409,1774271496263662409,1774271496267508782,3846
410,1774271496269094872,1774271496272221800,3126
411,1774271496273775757,1774271496277432091,3656
412,1774271496279015705,1774271496283002775,3987
413,1774271496284586400,1774271496287983571,3397
414,1774271496289564982,1774271496293500135,3935
415,1774271496294977410,1774271496298885020,3907
416,1774271496300316608,1774271496303289072,2972
417,1774271496304915624,1774271496308027020,3111
418,1774271496309493251,1774271496313268575,3775
419,1774271496314828199,1774271496318551707,3723
420,1774271496320086130,1774271496323941700,3855
421,1774271496325569877,1774271496328599320,3029
422,1774271496330119084,1774271496334022495,3903
423,1774271496335564271,1774271496338521028,2956
424,1774271496340018159,1774271496343630584,3612
425,1774271496345238319,1774271496349073671,3835
426,1774271496350627830,1774271496353983505,3355
427,1774271496355537924,1774271496359391991,3854
428,1774271496360885085,1774271496364532075,3646
429,1774271496366083755,1774271496369674644,3590
430,1774271496371250687,1774271496374243214,2992
431,1774271496375737190,1774271496379536262,3799
432,1774271496380980138,1774271496384919411,3939
433,1774271496386426224,1774271496389504458,3078
434,1774271496391042021,1774271496394621958,3579
435,1774271496396087750,1774271496399219814,3132
436,1774271496400715293,1774271496404514312,3799
437,1774271496405975244,1774271496409623116,3647
438,1774271496411255560,1774271496415314917,4059
439,1774271496416925387,1774271496419955298,3029
440,1774271496421515018,1774271496424791177,3276
441,1774271496426424306,1774271496429311628,2887
442,1774271496430885172,1774271496433963388,3078
443,1774271496435167375,1774271496438286432,3119
444,1774271496439848622,1774271496443930078,4081
445,1774271496445445648,1774271496448901386,3455
446,1774271496450391554,1774271496454210300,3818
447,1774271496455749509,1774271496459727908,3978
448,1774271496461173261,1774271496464713360,3540
449,1774271496466287138,1774271496470075684,3788
450,1774271496471674758,1774271496475020409,3345
451,1774271496476553903,1774271496479523463,2969
452,1774271496480992696,1774271496484603730,3611
453,1774271496486188848,1774271496489304455,3115
454,1774271496490939028,1774271496494492596,3553
455,1774271496495971569,1774271496499715714,3744
456,1774271496501281635,1774271496504376862,3095
457,1774271496505894519,1774271496509194754,3300
458,1774271496510735652,1774271496514749416,4013
459,1774271496516352715,1774271496519455309,3102
460,1774271496521024519,1774271496524875298,3850
461,1774271496526459709,1774271496530277282,3817
462,1774271496531807011,1774271496535527040,3720
463,1774271496537096076,1774271496540210245,3114
464,1774271496541755757,1774271496545368974,3613
465,1774271496546991861,1774271496550942101,3950
466,1774271496552492826,1774271496555511396,3018
467,1774271496557052692,1774271496560957504,3904
468,1774271496562418407,1774271496565411091,2992
469,1774271496567041399,1774271496570306311,3264
470,1774271496571811673,1774271496575110004,3298
471,1774271496576659154,1774271496580620160,3961
472,1774271496582221849,1774271496585142495,2920
473,1774271496586691821,1774271496590558279,3866
474,1774271496592095831,1774271496595231892,3136
475,1774271496596732605,1774271496600108989,3376
476,1774271496601651545,1774271496605234088,3582
477,1774271496606845113,1774271496610525374,3680
478,1774271496611950569,1774271496615183383,3232
479,1774271496616716303,1774271496620424521,3708
480,1774271496621993747,1774271496625149979,3156
481,1774271496626697307,1774271496630089023,3391
482,1774271496631730686,1774271496635571637,3840
483,1774271496637131156,1774271496640473717,3342
484,1774271496641999618,1774271496645500118,3500
485,1774271496647056703,1774271496650270502,3213
486,1774271496651842737,1774271496655548254,3705
487,1774271496657130451,1774271496661020360,3889
488,1774271496662593846,1774271496665967587,3373
489,1774271496667503228,1774271496671218955,3715
490,1774271496672778787,1774271496676456735,3677
491,1774271496677972417,1774271496681489769,3517
492,1774271496683086741,1774271496687138187,4051
493,1774271496688680522,1774271496691438387,2757
494,1774271496693006917,1774271496696961468,3954
495,1774271496698308434,1774271496702177337,3868
496,1774271496703874162,1774271496707754774,3880
497,1774271496709188395,1774271496713120546,3932
498,1774271496714700758,1774271496718022234,3321
499,1774271496719559433,1774271496723433022,3873
500,1774271496724950790,1774271496728076344,3125
501,1774271496729671500,1774271496733040074,3368
502,1774271496734623227,1774271496738489936,3866
503,1774271496739938571,1774271496743486392,3547
504,1774271496744959156,1774271496748779918,3820
505,1774271496750330950,1774271496753777515,3446
506,1774271496755346894,1774271496758375933,3029
507,1774271496759957439,1774271496763372319,3414
508,1774271496764974457,1774271496768336210,3361
509,1774271496769907258,1774271496773878655,3971
510,1774271496775423913,1774271496778387973,2964
511,1774271496779872499,1774271496783730996,3858
512,1774271496785204119,1774271496788981844,3777
513,1774271496790567646,1774271496793933121,3365
514,1774271496795486457,1774271496799291682,3805
515,1774271496800823106,1774271496804630712,3807
516,1774271496806189257,1774271496810079313,3890
517,1774271496811641099,1774271496814614509,2973
518,1774271496816077229,1774271496819264961,3187
519,1774271496820919950,1774271496824906377,3986
520,1774271496826474619,1774271496829768572,3293
521,1774271496831425318,1774271496834898823,3473
522,1774271496836311203,1774271496840226369,3915
523,1774271496841656151,1774271496845020161,3364
524,1774271496846507831,1774271496849485915,2978
525,1774271496851057925,1774271496854595651,3537
526,1774271496856154403,1774271496859344666,3190
527,1774271496860860869,1774271496864769499,3908
528,1774271496866364764,1774271496870076497,3711
529,1774271496871630194,1774271496875441577,3811
530,1774271496876986260,1774271496880729165,3742
531,1774271496882336957,1774271496885369531,3032
532,1774271496886966609,1774271496890527734,3561
533,1774271496892091163,1774271496895272221,3181
534,1774271496896846601,1774271496900663777,3817
535,1774271496902263624,1774271496905978374,3714
536,1774271496907568136,1774271496911317237,3749
537,1774271496912963465,1774271496916789349,3825
538,1774271496918451915,1774271496922612201,4160
539,1774271496924281886,1774271496928197728,3915
540,1774271496929833544,1774271496933805826,3972
541,1774271496935375846,1774271496939147972,3772
542,1774271496940666578,1774271496944114927,3448
543,1774271496945663967,1774271496949478905,3814
544,1774271496951118955,1774271496954572146,3453
545,1774271496956193240,1774271496959173806,2980
546,1774271496960457328,1774271496963392474,2935
547,1774271496964671746,1774271496967622224,2950
548,1774271496969161529,1774271496973249682,4088
549,1774271496974942240,1774271496978580952,3638
550,1774271496980100700,1774271496983014888,2914
551,1774271496984595998,1774271496987649426,3053
552,1774271496989189971,1774271496992188109,2998
553,1774271496993641741,1774271496997246319,3604
554,1774271496998843216,1774271497002460355,3617
555,1774271497003887417,1774271497007492916,3605
556,1774271497009101010,1774271497012319965,3218
557,1774271497013884236,1774271497017167917,3283
558,1774271497018761713,1774271497022505782,3744
559,1774271497024226603,1774271497027514167,3287
560,1774271497029118154,1774271497032348811,3230
561,1774271497033905518,1774271497036970896,3065
562,1774271497038536313,1774271497041524242,2987
563,1774271497042988390,1774271497046573365,3584
564,1774271497048072511,1774271497051967929,3895
565,1774271497053523739,1774271497056481807,2958
566,1774271497058029927,1774271497061902879,3872
567,1774271497063329406,1774271497066246874,2917
568,1774271497067938021,1774271497071936113,3998
569,1774271497073478929,1774271497077245726,3766
570,1774271497078736676,1774271497082584789,3848
571,1774271497084032994,1774271497087976067,3943
572,1774271497089520507,1774271497093465629,3945
573,1774271497094910442,1774271497098551702,3641
574,1774271497100089058,1774271497103498597,3409
575,1774271497105099991,1774271497108254699,3154
576,1774271497109857577,1774271497113298442,3440
577,1774271497114826360,1774271497118898556,4072
578,1774271497120442359,1774271497124159533,3717
579,1774271497125620295,1774271497128958515,3338
580,1774271497130483074,1774271497134297578,3814
581,1774271497135912716,1774271497139083354,3170
582,1774271497140577434,1774271497144046808,3469
583,1774271497145642974,1774271497149437704,3794
584,1774271497151037592,1774271497154217209,3179
585,1774271497155756430,1774271497159593883,3837
586,1774271497161126452,1774271497164155450,3028
587,1774271497165732221,1774271497169535263,3803
588,1774271497171103195,1774271497174836313,3733
589,1774271497176349078,1774271497179787653,3438
590,1774271497181227740,1774271497185106038,3878
591,1774271497186667741,1774271497190008396,3340
592,1774271497191526716,1774271497195253531,3726
593,1774271497196710025,1774271497200044386,3334
594,1774271497201539700,1774271497204566246,3026
595,1774271497206117531,1774271497209715642,3598
596,1774271497211277910,1774271497214209609,2931
597,1774271497215811657,1774271497219732774,3921
598,1774271497221331444,1774271497224415085,3083
599,1774271497225984381,1774271497229929934,3945
600,1774271497231570993,1774271497235102798,3531
601,1774271497236694920,1774271497240025548,3330
602,1774271497241409570,1774271497244575554,3165
603,1774271497246147201,1774271497249066145,2918
604,1774271497250729860,1774271497253742032,3012
605,1774271497255174596,1774271497258709895,3535
606,1774271497260285948,1774271497263223272,2937
607,1774271497264879830,1774271497268991057,4111
608,1774271497270623458,1774271497274463065,3839
609,1774271497276045163,1774271497279828403,3783
610,1774271497281403683,1774271497284474776,3071
611,1774271497285978732,1774271497289561263,3582
612,1774271497291145344,1774271497294651694,3506
613,1774271497296219008,1774271497299306274,3087
614,1774271497300816046,1774271497304627024,3810
615,1774271497306232334,1774271497310069305,3836
616,1774271497311604278,1774271497315346657,3742
617,1774271497316931413,1774271497320129111,3197
618,1774271497321674245,1774271497325015427,3341
619,1774271497326562406,1774271497329876624,3314
620,1774271497331397299,1774271497335195156,3797
621,1774271497336689019,1774271497340358630,3669
622,1774271497341893065,1774271497345688109,3795
623,1774271497347169386,1774271497350318978,3149
624,1774271497351900104,1774271497355521846,3621
625,1774271497357049848,1774271497360961673,3911
626,1774271497362583118,1774271497366575819,3992
627,1774271497367793132,1774271497371290690,3497
628,1774271497372793708,1774271497376854780,4061
629,1774271497378434501,1774271497382218406,3783
630,1774271497383835105,1774271497386723421,2888
631,1774271497388290335,1774271497391800347,3510
632,1774271497393209983,1774271497396440648,3230
633,1774271497397985442,1774271497401957872,3972
634,1774271497403509916,1774271497406528240,3018
635,1774271497408046041,1774271497411580753,3534
636,1774271497413135310,1774271497417061080,3925
637,1774271497418603701,1774271497421971958,3368
638,1774271497423507332,1774271497426480058,2972
639,1774271497427935385,1774271497431325464,3390
640,1774271497432888373,1774271497436124743,3236
641,1774271497437648171,1774271497440981934,3333
642,1774271497442480563,1774271497446131872,3651
643,1774271497447756956,1774271497451610586,3853
644,1774271497453113854,1774271497456942470,3828
645,1774271497458312985,1774271497462163389,3850
646,1774271497463788840,1774271497467214326,3425
647,1774271497468800288,1774271497472599111,3798
648,1774271497474183786,1774271497477204093,3020
649,1774271497478867120,1774271497482611614,3744
650,1774271497484162535,1774271497487953008,3790
651,1774271497489627294,1774271497493586277,3958
652,1774271497495147800,1774271497498922168,3774
653,1774271497500332063,1774271497503035586,2703
654,1774271497504605060,1774271497507779036,3173
655,1774271497509487008,1774271497512506637,3019
656,1774271497513955136,1774271497517289508,3334
657,1774271497518397334,1774271497522016461,3619
658,1774271497523608922,1774271497526634258,3025
659,1774271497528159393,1774271497531287536,3128
660,1774271497532932410,1774271497536984233,4051
661,1774271497538615966,1774271497542529295,3913
662,1774271497544229247,1774271497548125338,3896
663,1774271497549862222,1774271497553568136,3705
664,1774271497555287809,1774271497558565586,3277
665,1774271497560258202,1774271497564047996,3789
666,1774271497565774596,1774271497569664430,3889
667,1774271497571326521,1774271497574666361,3339
668,1774271497576445920,1774271497580482436,4036
669,1774271497582179639,1774271497585800400,3620
670,1774271497587502949,1774271497591705875,4202
671,1774271497593497317,1774271497597429638,3932
672,1774271497599094454,1774271497602471549,3377
673,1774271497604080008,1774271497608437519,4357
674,1774271497610131426,1774271497613479852,3348
675,1774271497615132504,1774271497618370264,3237
676,1774271497620052781,1774271497624443648,4390
677,1774271497626403849,1774271497630042035,3638
678,1774271497631630803,1774271497635855668,4224
679,1774271497637619609,1774271497641484481,3864
680,1774271497643102813,1774271497646205256,3102
681,1774271497647656227,1774271497650457030,2800
682,1774271497651766958,1774271497655088598,3321
683,1774271497656729221,1774271497660181560,3452
684,1774271497661735900,1774271497665791061,4055
685,1774271497667483124,1774271497671325774,3842
686,1774271497672947279,1774271497676622695,3675
687,1774271497678328842,1774271497682052400,3723
688,1774271497683759993,1774271497687653416,3893
689,1774271497689350495,1774271497692659852,3309
690,1774271497694292190,1774271497697571298,3279
691,1774271497699412969,1774271497702987555,3574
692,1774271497704957356,1774271497709133832,4176
693,1774271497710825530,1774271497714559690,3734
694,1774271497716330363,1774271497719707113,3376
695,1774271497721411150,1774271497725349375,3938
696,1774271497727040909,1774271497730857699,3816
697,1774271497732499466,1774271497735688260,3188
698,1774271497737501241,1774271497740665172,3163
699,1774271497742578903,1774271497746599887,4020
700,1774271497748676781,1774271497752614425,3937
701,1774271497754314505,1774271497757606587,3292
702,1774271497759328320,1774271497763327113,3998
703,1774271497764974174,1774271497768482110,3507
704,1774271497770008226,1774271497773436802,3428
705,1774271497775223915,1774271497779377100,4153
706,1774271497781041617,1774271497784127384,3085
707,1774271497785827038,1774271497789914690,4087
708,1774271497791676252,1774271497795773081,4096
709,1774271497797413876,1774271497801126425,3712
710,1774271497802852576,1774271497806937683,4085
711,1774271497808586946,1774271497811688685,3101
712,1774271497813335162,1774271497816839717,3504
713,1774271497818509675,1774271497821618024,3108
714,1774271497823507862,1774271497827567274,4059
715,1774271497829198696,1774271497833126131,3927
716,1774271497834902816,1774271497838324049,3421
717,1774271497840051328,1774271497843984850,3933
718,1774271497845751915,1774271497849394742,3642
719,1774271497850996072,1774271497854356317,3360
720,1774271497856040082,1774271497860311298,4271
721,1774271497862112402,1774271497865920495,3808
722,1774271497867640922,1774271497871683922,4043
723,1774271497873560636,1774271497877468165,3907
724,1774271497879070483,1774271497883004293,3933
725,1774271497884846851,1774271497888894408,4047
726,1774271497890690657,1774271497894652620,3961
727,1774271497896486433,1774271497900549330,4062
728,1774271497902162679,1774271497906108879,3946
729,1774271497907777266,1774271497911704851,3927
730,1774271497913520547,1774271497916627003,3106
731,1774271497918317797,1774271497921569415,3251
732,1774271497923177716,1774271497926555259,3377
733,1774271497928106775,1774271497931153042,3046
734,1774271497932732162,1774271497935989488,3257
735,1774271497937649153,1774271497940734104,3084
736,1774271497942296547,1774271497945555857,3259
737,1774271497947154287,1774271497950568248,3413
738,1774271497952174702,1774271497956157727,3983
739,1774271497957814137,1774271497961799512,3985
740,1774271497963825858,1774271497968307999,4482
741,1774271497970194471,1774271497974145755,3951
742,1774271497975489832,1774271497978718612,3228
743,1774271497980351675,1774271497984023243,3671
744,1774271497985628158,1774271497989501195,3873
745,1774271497991152579,1774271497994347089,3194
746,1774271497995981120,1774271497999697590,3716
747,1774271498001299281,1774271498004499500,3200
748,1774271498006194389,1774271498010216990,4022
749,1774271498012016764,1774271498015772535,3755
750,1774271498017495501,1774271498021586408,4090
751,1774271498023304004,1774271498026653499,3349
752,1774271498027860445,1774271498031831896,3971
753,1774271498033489316,1774271498036985938,3496
754,1774271498038633732,1774271498042611685,3977
755,1774271498044261733,1774271498047868045,3606
756,1774271498049584643,1774271498053619172,4034
757,1774271498055222358,1774271498059109382,3887
758,1774271498060564916,1774271498064428168,3863
759,1774271498066095903,1774271498069526973,3431
760,1774271498071142045,1774271498074372429,3230
761,1774271498075944842,1774271498079780882,3836
762,1774271498081517902,1774271498085208414,3690
763,1774271498087056954,1774271498091096613,4039
764,1774271498092769481,1774271498096661676,3892
765,1774271498098307305,1774271498102154898,3847
766,1774271498103763693,1774271498107563471,3799
767,1774271498109446077,1774271498113181801,3735
768,1774271498114808736,1774271498118604864,3796
769,1774271498120385824,1774271498123493684,3107
770,1774271498125107901,1774271498129052881,3944
771,1774271498130731040,1774271498134623634,3892
772,1774271498136320469,1774271498139615320,3294
773,1774271498141317518,1774271498145088017,3770
774,1774271498147100866,1774271498150620794,3519
775,1774271498152494534,1774271498156549397,4054
776,1774271498158218784,1774271498161497545,3278
777,1774271498163119079,1774271498167123923,4004
778,1774271498169004095,1774271498172732094,3727
779,1774271498174645265,1774271498178736036,4090
780,1774271498180469575,1774271498184324548,3854
781,1774271498185933514,1774271498189994935,4061
782,1774271498191816682,1774271498194847559,3030
783,1774271498196548582,1774271498200228456,3679
784,1774271498201952729,1774271498205448776,3496
785,1774271498207147351,1774271498210200837,3053
786,1774271498211839885,1774271498215701832,3861
787,1774271498217542072,1774271498221068656,3526
788,1774271498222872942,1774271498226905299,4032
789,1774271498228763223,1774271498232906552,4143
790,1774271498234658314,1774271498238652481,3994
791,1774271498240314415,1774271498243649301,3334
792,1774271498245340211,1774271498248648283,3308
793,1774271498250257349,1774271498254371201,4113
794,1774271498256128275,1774271498259828025,3699
795,1774271498261598141,1774271498265713406,4115
796,1774271498267522693,1774271498271541215,4018
797,1774271498273359922,1774271498277402056,4042
798,1774271498279180635,1774271498283415812,4235
799,1774271498285098012,1774271498289348633,4250
800,1774271498291039700,1774271498295312514,4272
801,1774271498297106375,1774271498301520253,4413
802,1774271498303304162,1774271498307376626,4072
803,1774271498309158551,1774271498313375125,4216
804,1774271498315011357,1774271498319170770,4159
805,1774271498320859657,1774271498324366656,3506
806,1774271498325869052,1774271498329493742,3624
807,1774271498331370610,1774271498335334535,3963
808,1774271498337065489,1774271498340617267,3551
809,1774271498342303223,1774271498346344397,4041
810,1774271498348017935,1774271498351280357,3262
811,1774271498352896853,1774271498356313392,3416
812,1774271498357947238,1774271498361457750,3510
813,1774271498363064409,1774271498366897960,3833
814,1774271498368545821,1774271498372366980,3821
815,1774271498374035993,1774271498377928931,3892
816,1774271498379571305,1774271498383403738,3832
817,1774271498385313415,1774271498388828489,3515
818,1774271498390416898,1774271498393314103,2897
819,1774271498394950278,1774271498398664519,3714
820,1774271498400315837,1774271498403554382,3238
821,1774271498405314711,1774271498409258078,3943
822,1774271498410866593,1774271498414661071,3794
823,1774271498416313732,1774271498420188420,3874
824,1774271498421935780,1774271498425668161,3732
825,1774271498427293466,1774271498431030368,3736
826,1774271498432813942,1774271498436564605,3750
827,1774271498438192848,1774271498441954018,3761
828,1774271498443595866,1774271498446651950,3056
829,1774271498448320340,1774271498451561442,3241
830,1774271498453388174,1774271498456512819,3124
831,1774271498458176729,1774271498461928921,3752
832,1774271498463644143,1774271498466887533,3243
833,1774271498468486508,1774271498471480595,2994
834,1774271498473139691,1774271498477221796,4082
835,1774271498478996570,1774271498482416430,3419
836,1774271498484041396,1774271498487338537,3297
837,1774271498489012470,1774271498493179327,4166
838,1774271498494984716,1774271498498735127,3750
839,1774271498500464563,1774271498504354876,3890
840,1774271498506000036,1774271498509999115,3999
841,1774271498511625401,1774271498515423522,3798
842,1774271498517190700,1774271498521404290,4213
843,1774271498523053103,1774271498527084891,4031
844,1774271498528880220,1774271498532849057,3968
845,1774271498534605798,1774271498538482219,3876
846,1774271498540160521,1774271498544267246,4106
847,1774271498546010776,1774271498549924818,3914
848,1774271498551841574,1774271498555946534,4104
849,1774271498557673065,1774271498561794032,4120
850,1774271498563492801,1774271498566751927,3259
851,1774271498568477735,1774271498572487259,4009
852,1774271498574153299,1774271498577845932,3692
853,1774271498579510672,1774271498582811760,3301
854,1774271498584432701,1774271498588500741,4068
855,1774271498590282254,1774271498593887014,3604
856,1774271498595408357,1774271498599093798,3685
857,1774271498600665803,1774271498604171486,3505
858,1774271498605677742,1774271498608795442,3117
859,1774271498610294321,1774271498614102592,3808
860,1774271498615537298,1774271498618541045,3003
861,1774271498619923831,1774271498623269123,3345
862,1774271498624835705,1774271498627862596,3026
863,1774271498629599635,1774271498633598014,3998
864,1774271498635171053,1774271498638384944,3213
865,1774271498640069927,1774271498643820014,3750
866,1774271498645625597,1774271498649598735,3973
867,1774271498651301255,1774271498654619897,3318
868,1774271498656398681,1774271498659770114,3371
869,1774271498661692968,1774271498665666104,3973
870,1774271498667430120,1774271498671546213,4116
871,1774271498673237564,1774271498677054301,3816
872,1774271498678925647,1774271498682984263,4058
873,1774271498685098050,1774271498689180169,4082
874,1774271498691066731,1774271498695363719,4296
875,1774271498697224517,1774271498701418603,4194
876,1774271498703192505,1774271498707367815,4175
877,1774271498709335368,1774271498713217113,3881
878,1774271498715103223,1774271498719276953,4173
879,1774271498721103407,1774271498724520266,3416
880,1774271498726137954,1774271498730223383,4085
881,1774271498731991906,1774271498735568825,3576
882,1774271498737114093,1774271498741172405,4058
883,1774271498742942849,1774271498746322329,3379
884,1774271498747968571,1774271498751357126,3388
885,1774271498753030819,1774271498756404247,3373
886,1774271498758075446,1774271498762274051,4198
887,1774271498763894899,1774271498767379127,3484
888,1774271498769205220,1774271498773480580,4275
889,1774271498775221823,1774271498778800292,3578
890,1774271498780695300,1774271498784829862,4134
891,1774271498786587374,1774271498790579953,3992
892,1774271498792186653,1774271498795456026,3269
893,1774271498797097989,1774271498801004827,3906
894,1774271498803031148,1774271498806687689,3656
895,1774271498808361089,1774271498811667725,3306
896,1774271498813325813,1774271498816725634,3399
897,1774271498818505275,1774271498822426662,3921
898,1774271498824114221,1774271498827308504,3194
899,1774271498829063147,1774271498832927600,3864
900,1774271498834704472,1774271498838654003,3949
901,1774271498840460456,1774271498844299352,3838
902,1774271498845943126,1774271498849733459,3790
903,1774271498851546121,1774271498854683390,3137
904,1774271498856359757,1774271498860262503,3902
905,1774271498861935794,1774271498865359136,3423
906,1774271498867003589,1774271498871013487,4009
907,1774271498872655208,1774271498876807770,4152
908,1774271498878484950,1774271498881555706,3070
909,1774271498883322337,1774271498887448739,4126
910,1774271498888885825,1774271498892212167,3326
911,1774271498893855905,1774271498897953193,4097
912,1774271498899685142,1774271498903266314,3581
913,1774271498904836061,1774271498908415986,3579
914,1774271498910194565,1774271498913637299,3442
915,1774271498915372917,1774271498919286123,3913
916,1774271498920889485,1774271498924662286,3772
917,1774271498926510116,1774271498930474168,3964
918,1774271498932150707,1774271498936000572,3849
919,1774271498937766719,1774271498941375876,3609
920,1774271498943013614,1774271498946856033,3842
921,1774271498948788436,1774271498952615661,3827
922,1774271498954365940,1774271498958184732,3818
923,1774271498959856189,1774271498963572587,3716
924,1774271498965246959,1774271498969136837,3889
925,1774271498970866577,1774271498974419720,3553
926,1774271498976343351,1774271498980317041,3973
927,1774271498982009650,1774271498985685182,3675
928,1774271498987543387,1774271498991459134,3915
929,1774271498993059997,1774271498996889995,3829
930,1774271498998907810,1774271499002058859,3151
931,1774271499003698369,1774271499007706235,4007
932,1774271499009433329,1774271499013396519,3963
933,1774271499015115707,1774271499017937451,2821
934,1774271499019550784,1774271499022653252,3102
935,1774271499024321619,1774271499028336465,4014
936,1774271499029705276,1774271499033608006,3902
937,1774271499035228845,1774271499039086277,3857
938,1774271499040660465,1774271499044462469,3802
939,1774271499046186931,1774271499049399501,3212
940,1774271499051029482,1774271499054950236,3920
941,1774271499056556856,1774271499059996794,3439
942,1774271499061695874,1774271499065502197,3806
943,1774271499067149964,1774271499070749774,3599
944,1774271499072465497,1774271499075662999,3197
945,1774271499077332152,1774271499080951347,3619
946,1774271499082767746,1774271499086780784,4013
947,1774271499088595005,1774271499092490072,3895
948,1774271499094251143,1774271499097685309,3434
949,1774271499099265714,1774271499103478811,4213
950,1774271499105212669,1774271499108538007,3325
951,1774271499110123408,1774271499113346066,3222
952,1774271499114963620,1774271499118281042,3317
953,1774271499120048724,1774271499124092524,4043
954,1774271499125810965,1774271499129581701,3770
955,1774271499131242286,1774271499134990826,3748
956,1774271499136936175,1774271499141078353,4142
957,1774271499142818407,1774271499146944718,4126
958,1774271499148657568,1774271499152096935,3439
959,1774271499153717154,1774271499156940668,3223
960,1774271499158654749,1774271499162671963,4017
961,1774271499164284443,1774271499167207007,2922
962,1774271499168821966,1774271499172760303,3938
963,1774271499174363599,1774271499178100400,3736
964,1774271499179950338,1774271499183838920,3888
965,1774271499185566349,1774271499189319775,3753
966,1774271499191016543,1774271499195222235,4205
967,1774271499197039329,1774271499201251556,4212
968,1774271499203038105,1774271499207030090,3991
969,1774271499208700640,1774271499212658484,3957
970,1774271499214586286,1774271499218119560,3533
971,1774271499219848177,1774271499223810528,3962
972,1774271499225488102,1774271499228798596,3310
973,1774271499230470716,1774271499234372370,3901
974,1774271499236027088,1774271499239397900,3370
975,1774271499241057447,1774271499244387366,3329
976,1774271499246066375,1774271499250352733,4286
977,1774271499252004773,1774271499255464327,3459
978,1774271499257518704,1774271499261531971,4013
979,1774271499263264320,1774271499267082817,3818
980,1774271499268810439,1774271499272085192,3274
981,1774271499273771246,1774271499277217017,3445
982,1774271499278708979,1774271499283039015,4330
983,1774271499284794693,1774271499287736220,2941
984,1774271499288767762,1774271499291769532,3001
985,1774271499293340773,1774271499296271575,2930
986,1774271499297612230,1774271499300701371,3089
987,1774271499302306962,1774271499306331514,4024
988,1774271499307950087,1774271499311632155,3682
989,1774271499313062413,1774271499317080211,4017
990,1774271499318745233,1774271499322541656,3796
991,1774271499324243018,1774271499327457423,3214
992,1774271499329138519,1774271499333295631,4157
993,1774271499335191731,1774271499338496758,3305
994,1774271499340187025,1774271499343606745,3419
995,1774271499345497956,1774271499348753092,3255
996,1774271499350698550,1774271499354642930,3944
997,1774271499356327930,1774271499360168304,3840
998,1774271499361992555,1774271499366328752,4336
999,1774271499368079170,1774271499371857108,3777
1000,1774271499373692788,1774271499377723351,4030
1001,1774271499379521124,1774271499383529129,4008
1002,1774271499385333227,1774271499388656851,3323
1003,1774271499390342080,1774271499394461975,4119
1004,1774271499396158825,1774271499399595512,3436
1005,1774271499401426815,1774271499405497082,4070
1006,1774271499407535601,1774271499410849979,3314
1007,1774271499412599285,1774271499415706373,3107
1008,1774271499417274451,1774271499420505176,3230
1009,1774271499421872576,1774271499425136445,3263
1010,1774271499426712724,1774271499430034791,3322
1011,1774271499431587439,1774271499434586358,2998
1012,1774271499436057965,1774271499439526976,3469
1013,1774271499441081065,1774271499444268762,3187
1014,1774271499445878067,1774271499449287424,3409
1015,1774271499450931206,1774271499454883970,3952
1016,1774271499456568344,1774271499459688282,3119
1017,1774271499461370249,1774271499465269423,3899
1018,1774271499466901605,1774271499470754845,3853
1019,1774271499472520521,1774271499476435557,3915
1020,1774271499478102930,1774271499481703044,3600
1021,1774271499483408927,1774271499487336849,3927
1022,1774271499488976133,1774271499492909978,3933
1023,1774271499494670952,1774271499498516166,3845
1024,1774271499500121176,1774271499504112597,3991
1025,1774271499505847164,1774271499509835315,3988
1026,1774271499511492424,1774271499515337283,3844
1027,1774271499516971531,1774271499520259446,3287
1028,1774271499522131311,1774271499526224652,4093
1029,1774271499527980507,1774271499531697714,3717
1030,1774271499533624179,1774271499537740690,4116
1031,1774271499539414552,1774271499543015041,3600
1032,1774271499544741637,1774271499548679691,3938
1033,1774271499550471599,1774271499554078982,3607
1034,1774271499555731079,1774271499559184079,3453
1035,1774271499560796657,1774271499564916935,4120
1036,1774271499566530373,1774271499570467191,3936
1037,1774271499571986455,1774271499574874327,2887
1038,1774271499576496975,1774271499579658987,3162
1039,1774271499581283185,1774271499585327323,4044
1040,1774271499587180843,1774271499590924920,3744
1041,1774271499592678117,1774271499595669247,2991
1042,1774271499597289971,1774271499601603745,4313
1043,1774271499603294515,1774271499607178469,3883
1044,1774271499609047944,1774271499613139462,4091
1045,1774271499615082931,1774271499618969990,3887
1046,1774271499620727783,1774271499625094110,4366
1047,1774271499626884562,1774271499630720910,3836
1048,1774271499632552962,1774271499636557225,4004
1049,1774271499638362506,1774271499642337994,3975
1050,1774271499644077603,1774271499648121821,4044
1051,1774271499650114940,1774271499654083279,3968
1052,1774271499655836055,1774271499659837897,4001
1053,1774271499661724192,1774271499665657827,3933
1054,1774271499667266022,1774271499670446985,3180
1055,1774271499672314129,1774271499675597069,3282
1056,1774271499677255992,1774271499681241064,3985
1057,1774271499682881204,1774271499686721082,3839
1058,1774271499688390496,1774271499692427701,4037
1059,1774271499693881607,1774271499696964351,3082
1060,1774271499698492458,1774271499701293720,2801
1061,1774271499702692278,1774271499706398905,3706
1062,1774271499708146228,1774271499710932150,2785
1063,1774271499712364044,1774271499715621206,3257
1064,1774271499717261678,1774271499720419900,3158
1065,1774271499722093912,1774271499726127527,4033
1066,1774271499727745533,1774271499731623535,3878
1067,1774271499733490966,1774271499737280563,3789
1068,1774271499738943578,1774271499742818332,3874
1069,1774271499744692276,1774271499748347058,3654
1070,1774271499750041341,1774271499753992561,3951
1071,1774271499755684042,1774271499759374228,3690
1072,1774271499761029226,1774271499764404204,3374
1073,1774271499766376692,1774271499770307473,3930
1074,1774271499771940105,1774271499775592437,3652
1075,1774271499777387642,1774271499782227333,4839
1076,1774271499784336177,1774271499789274931,4938
1077,1774271499791479307,1774271499796333730,4854
1078,1774271499810217051,1774271499817545451,7328
1079,1774271499819581283,1774271499824806798,5225
1080,1774271499826990527,1774271499830530105,3539
1081,1774271499832416719,1774271499835569434,3152
1082,1774271499837287052,1774271499840728654,3441
1083,1774271499842259785,1774271499845414720,3154
1084,1774271499846983310,1774271499850200235,3216
1085,1774271499851837412,1774271499855670247,3832
1086,1774271499857398313,1774271499860612231,3213
1087,1774271499862181432,1774271499865391674,3210
1088,1774271499867058956,1774271499870764855,3705
1089,1774271499872426597,1774271499876453437,4026
1090,1774271499878112383,1774271499881506166,3393
1091,1774271499883305956,1774271499886604227,3298
1092,1774271499888525234,1774271499892526549,4001
1093,1774271499894148667,1774271499897535189,3386
1094,1774271499899192364,1774271499902464651,3272
1095,1774271499904216569,1774271499908065473,3848
1096,1774271499909724675,1774271499913202854,3478
1097,1774271499915011435,1774271499919169714,4158
1098,1774271499920843928,1774271499924759927,3915
1099,1774271499926453092,1774271499930582966,4129
1100,1774271499932340446,1774271499936402919,4062
1101,1774271499938221985,1774271499941608945,3386
1102,1774271499943320156,1774271499946726243,3406
1103,1774271499948560858,1774271499952545169,3984
1104,1774271499954235352,1774271499958296916,4061
1105,1774271499959918331,1774271499963380217,3461
1106,1774271499964999892,1774271499969207939,4208
1107,1774271499970929827,1774271499975181221,4251
1108,1774271499976971752,1774271499981295734,4323
1109,1774271499982878558,1774271499985896039,3017
1110,1774271499987278317,1774271499990103441,2825
1111,1774271499991419208,1774271499995305300,3886
1112,1774271499996895614,1774271500000857141,3961
1113,1774271500002630112,1774271500006272453,3642
1114,1774271500008040422,1774271500011383339,3342
1115,1774271500012992479,1774271500016455900,3463
1116,1774271500018121449,1774271500021633130,3511
1117,1774271500023345012,1774271500027285929,3940
1118,1774271500029023165,1774271500032907397,3884
1119,1774271500034664429,1774271500038719560,4055
1120,1774271500040317731,1774271500044134622,3816
1121,1774271500045670869,1774271500049545108,3874
1122,1774271500051233841,1774271500054445584,3211
1123,1774271500056084075,1774271500059976260,3892
1124,1774271500061650838,1774271500065134214,3483
1125,1774271500066748937,1774271500070264487,3515
1126,1774271500071848781,1774271500075750632,3901
1127,1774271500077335657,1774271500081350287,4014
1128,1774271500082980533,1774271500086806854,3826
1129,1774271500088456411,1774271500092453172,3996
1130,1774271500094227056,1774271500098233900,4006
1131,1774271500099716659,1774271500103139165,3422
1132,1774271500104906014,1774271500107948498,3042
1133,1774271500109551530,1774271500112621376,3069
1134,1774271500113900974,1774271500117354070,3453
1135,1774271500119075262,1774271500122268565,3193
1136,1774271500123725546,1774271500127165311,3439
1137,1774271500128682430,1774271500132101661,3419
1138,1774271500133705775,1774271500137446900,3741
1139,1774271500139021995,1774271500142143698,3121
1140,1774271500143669645,1774271500147538797,3869
1141,1774271500149304906,1774271500152869633,3564
1142,1774271500154496760,1774271500157648608,3151
1143,1774271500159232734,1774271500162524471,3291
1144,1774271500164242990,1774271500167384932,3141
1145,1774271500169026962,1774271500172817288,3790
1146,1774271500174393256,1774271500177490147,3096
1147,1774271500179255300,1774271500182515943,3260
1148,1774271500184170224,1774271500188209710,4039
1149,1774271500190045613,1774271500194165500,4119
1150,1774271500195895950,1774271500200247023,4351
1151,1774271500202091266,1774271500205848224,3756
1152,1774271500207592544,1774271500210810535,3217
1153,1774271500212464610,1774271500215663798,3199
1154,1774271500217442995,1774271500221445727,4002
1155,1774271500223127679,1774271500226942698,3815
1156,1774271500228544939,1774271500231657234,3112
1157,1774271500233235383,1774271500237065235,3829
1158,1774271500238619900,1774271500242292410,3672
1159,1774271500243971274,1774271500247051395,3080
1160,1774271500248879780,1774271500253228018,4348
1161,1774271500254912975,1774271500259156196,4243
1162,1774271500260544638,1774271500263650297,3105
1163,1774271500265260886,1774271500268561468,3300
1164,1774271500270126601,1774271500273454948,3328
1165,1774271500275156027,1774271500278589709,3433
1166,1774271500280218344,1774271500283795649,3577
1167,1774271500285598529,1774271500289666985,4068
1168,1774271500291480275,1774271500294642013,3161
1169,1774271500296313883,1774271500300370964,4057
1170,1774271500302132411,1774271500306206637,4074
1171,1774271500307929683,1774271500312051089,4121
1172,1774271500313877491,1774271500317535089,3657
1173,1774271500319235142,1774271500322525503,3290
1174,1774271500324237539,1774271500328361921,4124
1175,1774271500330210138,1774271500333584323,3374
1176,1774271500335243297,1774271500339220181,3976
1177,1774271500340883233,1774271500344758208,3874
1178,1774271500346634057,1774271500350279509,3645
1179,1774271500352133338,1774271500355593025,3459
1180,1774271500357242355,1774271500361393068,4150
1181,1774271500363120682,1774271500367162735,4042
1182,1774271500368877293,1774271500372128580,3251
1183,1774271500373770505,1774271500377151647,3381
1184,1774271500378768275,1774271500382886211,4117
1185,1774271500384185109,1774271500388071635,3886
1186,1774271500389632516,1774271500392565125,2932
1187,1774271500394307860,1774271500398338377,4030
1188,1774271500399813065,1774271500403376053,3562
1189,1774271500405013771,1774271500408441017,3427
1190,1774271500410020046,1774271500413461801,3441
1191,1774271500415102818,1774271500418318088,3215
1192,1774271500420023356,1774271500423789977,3766
1193,1774271500425493452,1774271500429348103,3854
1194,1774271500431054474,1774271500434333103,3278
1195,1774271500436078893,1774271500439473812,3394
1196,1774271500441125144,1774271500444624800,3499
1197,1774271500446474560,1774271500449693183,3218
1198,1774271500451312541,1774271500455325171,4012
1199,1774271500457107303,1774271500460854557,3747
1200,1774271500462504964,1774271500466524966,4020
1201,1774271500468188304,1774271500472323653,4135
1202,1774271500474136355,1774271500478021392,3885
1203,1774271500479686389,1774271500483683258,3996
1204,1774271500485406158,1774271500489314046,3907
1205,1774271500491111245,1774271500494513520,3402
1206,1774271500496162251,1774271500499579307,3417
1207,1774271500501279403,1774271500504604927,3325
1208,1774271500506389693,1774271500510178133,3788
1209,1774271500511815830,1774271500515485960,3670
1210,1774271500517104529,1774271500521115616,4011
1211,1774271500522815870,1774271500526669162,3853
1212,1774271500528306114,1774271500531396869,3090
1213,1774271500532838082,1774271500536969344,4131
1214,1774271500538491301,1774271500541712555,3221
1215,1774271500543273777,1774271500546945345,3671
1216,1774271500548545347,1774271500552371546,3826
1217,1774271500553984055,1774271500557962964,3978
1218,1774271500559663999,1774271500563403685,3739
1219,1774271500565164595,1774271500569200478,4035
1220,1774271500570931614,1774271500574839193,3907
1221,1774271500576615729,1774271500580746025,4130
1222,1774271500582596183,1774271500586331160,3734
1223,1774271500588201213,1774271500592121683,3920
1224,1774271500594013500,1774271500597976441,3962
1225,1774271500599919295,1774271500603691235,3771
1226,1774271500605521769,1774271500609445799,3924
1227,1774271500611067423,1774271500615158531,4091
1228,1774271500617024657,1774271500620848671,3824
1229,1774271500622503581,1774271500625830250,3326
1230,1774271500627496851,1774271500631083747,3586
1231,1774271500632708356,1774271500636442242,3733
1232,1774271500638126094,1774271500642216952,4090
1233,1774271500643741299,1774271500648136952,4395
1234,1774271500649669760,1774271500652790269,3120
1235,1774271500654334596,1774271500658287243,3952
1236,1774271500659964727,1774271500663714076,3749
1237,1774271500665292509,1774271500668234802,2942
1238,1774271500669877959,1774271500673568712,3690
1239,1774271500675208900,1774271500678530179,3321
1240,1774271500680205188,1774271500684140427,3935
1241,1774271500685850934,1774271500689270922,3419
1242,1774271500690959477,1774271500694861553,3902
1243,1774271500696520248,1774271500700210051,3689
1244,1774271500701925191,1774271500705912142,3986
1245,1774271500707562578,1774271500710678918,3116
1246,1774271500712354176,1774271500715741782,3387
1247,1774271500717407619,1774271500721475813,4068
1248,1774271500723139007,1774271500726820130,3681
1249,1774271500728513643,1774271500732525565,4011
1250,1774271500734162443,1774271500738193449,4031
1251,1774271500739853495,1774271500743600673,3747
1252,1774271500745407678,1774271500748865762,3458
1253,1774271500750747934,1774271500754814699,4066
1254,1774271500756583145,1774271500759723821,3140
1255,1774271500761527185,1774271500765401286,3874
1256,1774271500767008570,1774271500770363396,3354
1257,1774271500772025861,1774271500775338702,3312
1258,1774271500777038291,1774271500781140498,4102
1259,1774271500782817488,1774271500786533261,3715
1260,1774271500788044821,1774271500791448749,3403
1261,1774271500792950017,1774271500795881722,2931
1262,1774271500797510899,1774271500800891031,3380
1263,1774271500802494622,1774271500806443038,3948
1264,1774271500808025064,1774271500811258220,3233
1265,1774271500812867064,1774271500815853383,2986
1266,1774271500817462753,1774271500820670635,3207
1267,1774271500822226784,1774271500825541864,3315
1268,1774271500827028494,1774271500831010364,3981
1269,1774271500832672069,1774271500836231756,3559
1270,1774271500837948720,1774271500841908668,3959
1271,1774271500843590936,1774271500847435566,3844
1272,1774271500849180683,1774271500852499789,3319
1273,1774271500854256164,1774271500858225845,3969
1274,1774271500859939315,1774271500863794144,3854
1275,1774271500865483551,1774271500868679737,3196
1276,1774271500870281013,1774271500873893305,3612
1277,1774271500875602329,1774271500879579599,3977
1278,1774271500881280588,1774271500885351285,4070
1279,1774271500887068126,1774271500890976705,3908
1280,1774271500892686937,1774271500896581377,3894
1281,1774271500898476257,1774271500901772082,3295
1282,1774271500903485017,1774271500907353147,3868
1283,1774271500909205064,1774271500913027481,3822
1284,1774271500914903258,1774271500919114585,4211
1285,1774271500920808622,1774271500924770826,3962
1286,1774271500926381509,1774271500929752084,3370
1287,1774271500931070719,1774271500934845702,3774
1288,1774271500936373899,1774271500940323865,3949
1289,1774271500941927650,1774271500945174401,3246
1290,1774271500946835955,1774271500950157203,3321
1291,1774271500951735969,1774271500955675915,3939
1292,1774271500957352840,1774271500960887623,3534
1293,1774271500962479129,1774271500966303803,3824
1294,1774271500968088943,1774271500971734033,3645
1295,1774271500973515541,1774271500977123035,3607
1296,1774271500979041021,1774271500983061129,4020
1297,1774271500984938231,1774271500988491512,3553
1298,1774271500990529123,1774271500994485008,3955
1299,1774271500996137741,1774271501000151248,4013
1300,1774271501001991577,1774271501006079913,4088
1301,1774271501007857669,1774271501012052820,4195
1302,1774271501014040625,1774271501018029948,3989
1303,1774271501019832315,1774271501023717208,3884
1304,1774271501025421242,1774271501029079655,3658
1305,1774271501030781181,1774271501034292661,3511
1306,1774271501035664803,1774271501038924071,3259
1307,1774271501040511229,1774271501044210980,3699
1308,1774271501045893980,1774271501049111130,3217
1309,1774271501050644566,1774271501054649883,4005
1310,1774271501056270025,1774271501060082267,3812
1311,1774271501061662927,1774271501065348731,3685
1312,1774271501066990294,1774271501070306506,3316
1313,1774271501071899182,1774271501075676463,3777
1314,1774271501077209723,1774271501081227324,4017
1315,1774271501082661971,1774271501086074052,3412
1316,1774271501087606996,1774271501091384401,3777
1317,1774271501092982242,1774271501096362561,3380
1318,1774271501097881134,1774271501101292267,3411
1319,1774271501102851200,1774271501106367647,3516
1320,1774271501108001659,1774271501111664566,3662
1321,1774271501113340604,1774271501116719853,3379
1322,1774271501118379571,1774271501122080115,3700
1323,1774271501123907495,1774271501127830150,3922
1324,1774271501129481173,1774271501133269219,3788
1325,1774271501135017059,1774271501138861641,3844
1326,1774271501140502461,1774271501143643317,3140
1327,1774271501145329768,1774271501148577022,3247
1328,1774271501150254986,1774271501154233504,3978
1329,1774271501155874666,1774271501159515629,3640
1330,1774271501161199108,1774271501165138191,3939
1331,1774271501166889898,1774271501170558126,3668
1332,1774271501172617720,1774271501176252792,3635
1333,1774271501178041697,1774271501182393926,4352
1334,1774271501184516886,1774271501188611388,4094
1335,1774271501190439646,1774271501194511460,4071
1336,1774271501196189399,1774271501200188639,3999
1337,1774271501201818123,1774271501205436517,3618
1338,1774271501207120911,1774271501210358743,3237
1339,1774271501211876479,1774271501214973616,3097
1340,1774271501216541169,1774271501220411650,3870
1341,1774271501221932769,1774271501225707797,3775
1342,1774271501227339511,1774271501230999364,3659
1343,1774271501232698305,1774271501236599722,3901
1344,1774271501238256432,1774271501241626539,3370
1345,1774271501243298774,1774271501246566844,3268
1346,1774271501248443744,1774271501252391258,3947
1347,1774271501254074086,1774271501258250633,4176
1348,1774271501260055939,1774271501264000145,3944
1349,1774271501265902862,1774271501269899524,3996
1350,1774271501271747742,1774271501275743950,3996
1351,1774271501277619227,1774271501281733648,4114
1352,1774271501283471921,1774271501286801335,3329
1353,1774271501288643293,1774271501293115960,4472
1354,1774271501295147561,1774271501298522131,3374
1355,1774271501300176628,1774271501303900917,3724
1356,1774271501305712707,1774271501309507172,3794
1357,1774271501311153452,1774271501315172972,4019
1358,1774271501316835557,1774271501320712438,3876
1359,1774271501322390328,1774271501326447650,4057
1360,1774271501328097745,1774271501332166026,4068
1361,1774271501333705605,1774271501338062556,4356
1362,1774271501339577388,1774271501343576943,3999
1363,1774271501345190899,1774271501348405160,3214
1364,1774271501350046014,1774271501354081020,4035
1365,1774271501355601387,1774271501358793184,3191
1366,1774271501360253925,1774271501363813354,3559
1367,1774271501365393453,1774271501368576040,3182
1368,1774271501370239664,1774271501374301042,4061
1369,1774271501375969932,1774271501379619651,3649
1370,1774271501381194124,1774271501384411823,3217
1371,1774271501386039838,1774271501390048621,4008
1372,1774271501391956949,1774271501395712143,3755
1373,1774271501397429659,1774271501400740113,3310
1374,1774271501402515551,1774271501405884978,3369
1375,1774271501407704230,1774271501411718943,4014
1376,1774271501413445275,1774271501417082747,3637
1377,1774271501418729405,1774271501422773390,4043
1378,1774271501424429248,1774271501428480943,4051
1379,1774271501430158694,1774271501433591497,3432
1380,1774271501435095232,1774271501439209749,4114
1381,1774271501441104075,1774271501444566351,3462
1382,1774271501446208775,1774271501449414235,3205
1383,1774271501451148006,1774271501454658167,3510
1384,1774271501456558567,1774271501460497468,3938
1385,1774271501462184154,1774271501466106192,3922
1386,1774271501467909744,1774271501472088306,4178
1387,1774271501473694099,1774271501477740747,4046
1388,1774271501479279214,1774271501482360102,3080
1389,1774271501484088773,1774271501487330482,3241
1390,1774271501488881782,1774271501492226369,3344
1391,1774271501493619334,1774271501497575010,3955
1392,1774271501499139273,1774271501502380506,3241
1393,1774271501504070032,1774271501507714781,3644
1394,1774271501509519647,1774271501513586110,4066
1395,1774271501515188394,1774271501518475178,3286
1396,1774271501520173981,1774271501524470707,4296
1397,1774271501526190301,1774271501529916573,3726
1398,1774271501531605513,1774271501535644437,4038
1399,1774271501537340332,1774271501541392774,4052
1400,1774271501543057772,1774271501546340621,3282
1401,1774271501547991777,1774271501551791804,3800
1402,1774271501553505359,1774271501557421698,3916
1403,1774271501559077401,1774271501563059066,3981
1404,1774271501565065816,1774271501569020785,3954
1405,1774271501570943874,1774271501575027745,4083
1406,1774271501577050451,1774271501581056234,4005
1407,1774271501582780530,1774271501587043130,4262
1408,1774271501589096719,1774271501593212050,4115
1409,1774271501595086501,1774271501599430410,4343
1410,1774271501601103527,1774271501605238362,4134
1411,1774271501606939120,1774271501610927338,3988
1412,1774271501612671058,1774271501616915686,4244
1413,1774271501618548341,1774271501622096701,3548
1414,1774271501623757592,1774271501627357606,3600
1415,1774271501629037749,1774271501632136654,3098
1416,1774271501633766164,1774271501637008278,3242
1417,1774271501638655056,1774271501642479617,3824
1418,1774271501644184055,1774271501647932157,3748
1419,1774271501655720586,1774271501659780541,4059
1420,1774271501661469137,1774271501665471580,4002
1421,1774271501667123669,1774271501670567057,3443
1422,1774271501672518874,1774271501675894947,3376
1423,1774271501677585505,1774271501681463442,3877
1424,1774271501683297479,1774271501686631212,3333
1425,1774271501688327850,1774271501692120549,3792
1426,1774271501693758878,1774271501697121648,3362
1427,1774271501698936831,1774271501702385440,3448
1428,1774271501704075491,1774271501707724525,3649
1429,1774271501709515843,1774271501713610096,4094
1430,1774271501715340651,1774271501719120911,3780
1431,1774271501720923141,1774271501724592577,3669
1432,1774271501726244218,1774271501730175303,3931
1433,1774271501732008294,1774271501736202899,4194
1434,1774271501737953408,1774271501741492807,3539
1435,1774271501743110655,1774271501746557173,3446
1436,1774271501748278791,1774271501751320389,3041
1437,1774271501753059813,1774271501756524265,3464
1438,1774271501758160027,1774271501761775201,3615
1439,1774271501763018283,1774271501767055515,4037
1440,1774271501768256498,1774271501771861917,3605
1441,1774271501773423910,1774271501776453415,3029
1442,1774271501778038855,1774271501781401289,3362
1443,1774271501783088308,1774271501786337554,3249
1444,1774271501787992805,1774271501792169865,4177
1445,1774271501793875201,1774271501797735796,3860
1446,1774271501799408395,1774271501803341780,3933
1447,1774271501805078659,1774271501808522587,3443
1448,1774271501810190308,1774271501814104620,3914
1449,1774271501815756899,1774271501819662649,3905
1450,1774271501821416451,1774271501825402604,3986
1451,1774271501827125504,1774271501830861709,3736
1452,1774271501832739276,1774271501836670467,3931
1453,1774271501838325123,1774271501841910388,3585
1454,1774271501843695799,1774271501847640192,3944
1455,1774271501849277778,1774271501853156612,3878
1456,1774271501855019047,1774271501858348269,3329
1457,1774271501860029736,1774271501863930217,3900
1458,1774271501865761731,1774271501869818271,4056
1459,1774271501871407569,1774271501875568152,4160
1460,1774271501877278469,1774271501880491346,3212
1461,1774271501882085899,1774271501885017898,2931
1462,1774271501886745411,1774271501890129061,3383
1463,1774271501891386507,1774271501894794964,3408
1464,1774271501896505281,1774271501900321942,3816
1465,1774271501901981210,1774271501905681688,3700
1466,1774271501907188556,1774271501910442520,3253
1467,1774271501911959514,1774271501915860009,3900
1468,1774271501917637086,1774271501921046507,3409
1469,1774271501922807741,1774271501926675846,3868
1470,1774271501928342912,1774271501932383408,4040
1471,1774271501934046118,1774271501937857689,3811
1472,1774271501939969553,1774271501943735304,3765
1473,1774271501945650676,1774271501949547080,3896
1474,1774271501951355050,1774271501955069683,3714
1475,1774271501956990290,1774271501961044854,4054
1476,1774271501962921412,1774271501966820952,3899
1477,1774271501968667786,1774271501972639406,3971
1478,1774271501974412428,1774271501978348328,3935
1479,1774271501980037988,1774271501984006043,3968
1480,1774271501985812537,1774271501990456143,4643
1481,1774271501992147183,1774271501996602352,4455
1482,1774271501998275495,1774271502001579664,3304
1483,1774271502003285344,1774271502006545731,3260
1484,1774271502008283406,1774271502012298871,4015
1485,1774271502013747367,1774271502017511634,3764
1486,1774271502019130073,1774271502022691657,3561
1487,1774271502024210564,1774271502027498506,3287
1488,1774271502029220833,1774271502033251838,4031
1489,1774271502034814952,1774271502039020689,4205
1490,1774271502040670258,1774271502044749663,4079
1491,1774271502046356288,1774271502049495180,3138
1492,1774271502051076164,1774271502054428414,3352
1493,1774271502056228596,1774271502060156450,3927
1494,1774271502061935693,1774271502065134815,3199
1495,1774271502066829820,1774271502070957362,4127
1496,1774271502072763596,1774271502076831921,4068
1497,1774271502078637774,1774271502082606409,3968
1498,1774271502084427840,1774271502088331347,3903
1499,1774271502090006791,1774271502093823946,3817
1500,1774271502095699851,1774271502099625730,3925
1501,1774271502101385649,1774271502104963621,3577
1502,1774271502106674394,1774271502110679791,4005
1503,1774271502112359333,1774271502115687263,3327
1504,1774271502117356425,1774271502121174404,3817
1505,1774271502122839358,1774271502126360817,3521
1506,1774271502128055514,1774271502132026415,3970
1507,1774271502133638741,1774271502137474680,3835
1508,1774271502139155334,1774271502143072521,3917
1509,1774271502144934923,1774271502149040355,4105
1510,1774271502150713161,1774271502153828069,3114
1511,1774271502155497371,1774271502159128105,3630
1512,1774271502160703023,1774271502164644013,3940
1513,1774271502166321494,1774271502169411802,3090
1514,1774271502170876323,1774271502175105577,4229
1515,1774271502176686625,1774271502180533406,3846
1516,1774271502182062793,1774271502186026505,3963
1517,1774271502187764948,1774271502191890561,4125
1518,1774271502193597648,1774271502197520890,3923
1519,1774271502199301171,1774271502202587933,3286
1520,1774271502204363347,1774271502208248491,3885
1521,1774271502209888056,1774271502213384295,3496
1522,1774271502215018420,1774271502219082530,4064
1523,1774271502220876828,1774271502224359827,3482
1524,1774271502226105656,1774271502229754080,3648
1525,1774271502231487172,1774271502235462907,3975
1526,1774271502237043311,1774271502240767807,3724
1527,1774271502242487032,1774271502246403512,3916
1528,1774271502248213567,1774271502252042851,3829
1529,1774271502253857239,1774271502257649224,3791
1530,1774271502259283924,1774271502262684180,3400
1531,1774271502264507724,1774271502268442336,3934
1532,1774271502270087973,1774271502273815254,3727
1533,1774271502275441271,1774271502278583013,3141
1534,1774271502280279340,1774271502284051117,3771
1535,1774271502285959304,1774271502290197623,4238
1536,1774271502291724985,1774271502295736096,4011
1537,1774271502297481247,1774271502301542145,4060
1538,1774271502303367733,1774271502307331101,3963
1539,1774271502308954782,1774271502312028365,3073
1540,1774271502313675875,1774271502317648609,3972
1541,1774271502319258061,1774271502322515514,3257
1542,1774271502324080446,1774271502328136566,4056
1543,1774271502329870983,1774271502333737195,3866
1544,1774271502335470472,1774271502338678298,3207
1545,1774271502340329718,1774271502344015296,3685
1546,1774271502345718028,1774271502349664605,3946
1547,1774271502351336529,1774271502355437757,4101
1548,1774271502357221588,1774271502361252285,4030
1549,1774271502362942603,1774271502366970771,4028
1550,1774271502368642065,1774271502372868069,4226
1551,1774271502374589324,1774271502378436286,3846
1552,1774271502380158719,1774271502383566752,3408
1553,1774271502385295635,1774271502389193817,3898
1554,1774271502391023995,1774271502394384206,3360
1555,1774271502396094677,1774271502400148801,4054
1556,1774271502401879860,1774271502405223626,3343
1557,1774271502406897928,1774271502410265178,3367
1558,1774271502412026142,1774271502415744032,3717
1559,1774271502417611489,1774271502421304213,3692
1560,1774271502422939104,1774271502427093487,4154
1561,1774271502428709225,1774271502431726518,3017
1562,1774271502433417161,1774271502436540004,3122
1563,1774271502438178981,1774271502442310004,4131
1564,1774271502444097927,1774271502447502141,3404
1565,1774271502448888691,1774271502452229118,3340
1566,1774271502453959728,1774271502457770882,3811
1567,1774271502459408957,1774271502463412017,4003
1568,1774271502465103559,1774271502469046480,3942
1569,1774271502470747635,1774271502474656346,3908
1570,1774271502476311009,1774271502479535378,3224
1571,1774271502481160773,1774271502484457339,3296
1572,1774271502486096999,1774271502490106124,4009
1573,1774271502491738097,1774271502495682104,3944
1574,1774271502497301582,1774271502500995676,3694
1575,1774271502502859728,1774271502506751667,3891
1576,1774271502508469855,1774271502512326553,3856
1577,1774271502514262247,1774271502518082699,3820
1578,1774271502519986494,1774271502524175936,4189
1579,1774271502526099106,1774271502530108840,4009
1580,1774271502531694505,1774271502535669070,3974
1581,1774271502537568528,1774271502540884803,3316
1582,1774271502542601427,1774271502545752281,3150
1583,1774271502547495076,1774271502551566382,4071
1584,1774271502553271236,1774271502557360324,4089
1585,1774271502559015455,1774271502563182156,4166
1586,1774271502564791144,1774271502568278803,3487
1587,1774271502569907848,1774271502573311811,3403
1588,1774271502574871060,1774271502578117259,3246
1589,1774271502579823848,1774271502583976324,4152
1590,1774271502585634063,1774271502588833205,3199
1591,1774271502590500391,1774271502593616701,3116
1592,1774271502595188750,1774271502599246189,4057
1593,1774271502600838453,1774271502604614563,3776
1594,1774271502606261114,1774271502610337655,4076
1595,1774271502612074055,1774271502615476844,3402
1596,1774271502617145900,1774271502620558092,3412
1597,1774271502622195638,1774271502625612051,3416
1598,1774271502627403361,1774271502631375301,3971
1599,1774271502633055855,1774271502636905827,3849
1600,1774271502638623898,1774271502642725915,4102
1601,1774271502644429733,1774271502648132274,3702
1602,1774271502650105621,1774271502653667961,3562
1603,1774271502655365994,1774271502659322790,3956
1604,1774271502661251887,1774271502664585286,3333
1605,1774271502666363096,1774271502669580890,3217
1606,1774271502671195039,1774271502674704632,3509
1607,1774271502676510577,1774271502680397960,3887
1608,1774271502682068572,1774271502685872206,3803
1609,1774271502688015953,1774271502691620779,3604
1610,1774271502693339603,1774271502697012531,3672
1611,1774271502698845735,1774271502702950261,4104
1612,1774271502704470684,1774271502708416610,3945
1613,1774271502710274720,1774271502714172755,3898
1614,1774271502715694639,1774271502719690638,3995
1615,1774271502721408472,1774271502724452613,3044
1616,1774271502725928920,1774271502729623841,3694
1617,1774271502731284695,1774271502735163445,3878
1618,1774271502736757304,1774271502740156559,3399
1619,1774271502741850019,1774271502745779532,3929
1620,1774271502747460861,1774271502750738751,3277
1621,1774271502752384681,1774271502755739254,3354
1622,1774271502757462932,1774271502761162356,3699
1623,1774271502762938744,1774271502766711701,3772
1624,1774271502768438413,1774271502772301635,3863
1625,1774271502773939430,1774271502777828827,3889
1626,1774271502779497562,1774271502782693142,3195
1627,1774271502784566334,1774271502787634050,3067
1628,1774271502789261706,1774271502793389168,4127
1629,1774271502795067901,1774271502799458440,4390
1630,1774271502801231713,1774271502805367415,4135
1631,1774271502807074485,1774271502810749659,3675
1632,1774271502812467934,1774271502816107498,3639
1633,1774271502817758521,1774271502821924054,4165
1634,1774271502823892964,1774271502828034141,4141
1635,1774271502829663745,1774271502833791208,4127
1636,1774271502835482143,1774271502839635087,4152
1637,1774271502841107011,1774271502845205510,4098
1638,1774271502846860041,1774271502850924636,4064
1639,1774271502852608979,1774271502856243004,3634
1640,1774271502857904539,1774271502860922731,3018
1641,1774271502862567172,1774271502865617617,3050
1642,1774271502867265553,1774271502871211732,3946
1643,1774271502872881730,1774271502876559647,3677
1644,1774271502878270960,1774271502881761858,3490
1645,1774271502883507200,1774271502887484670,3977
1646,1774271502889089324,1774271502892990507,3901
1647,1774271502895021752,1774271502899085846,4064
1648,1774271502900972195,1774271502904985187,4012
1649,1774271502906826583,1774271502910899956,4073
1650,1774271502912636516,1774271502916718069,4081
1651,1774271502918435279,1774271502921745193,3309
1652,1774271502923411861,1774271502927285630,3873
1653,1774271502929079944,1774271502932395454,3315
1654,1774271502934072204,1774271502937858502,3786
1655,1774271502939790484,1774271502943770471,3979
1656,1774271502945695485,1774271502949661321,3965
1657,1774271502951348652,1774271502954689755,3341
1658,1774271502956535879,1774271502959897695,3361
1659,1774271502961612262,1774271502965531924,3919
1660,1774271502967313400,1774271502970462755,3149
1661,1774271502972187331,1774271502975622613,3435
1662,1774271502977092944,1774271502981112158,4019
1663,1774271502982951385,1774271502986373559,3422
1664,1774271502988020964,1774271502991257579,3236
1665,1774271502992879068,1774271502997046891,4167
1666,1774271502998691252,1774271503001722608,3031
1667,1774271503003281704,1774271503007004328,3722
1668,1774271503008558291,1774271503011692550,3134
1669,1774271503013342968,1774271503017188498,3845
1670,1774271503018871755,1774271503022837972,3966
1671,1774271503024554155,1774271503028485105,3930
1672,1774271503030320840,1774271503033768444,3447
1673,1774271503035640972,1774271503039680754,4039
1674,1774271503041408525,1774271503045076121,3667
1675,1774271503046582651,1774271503050627912,4045
1676,1774271503052219811,1774271503055465820,3246
1677,1774271503057085463,1774271503061121530,4036
1678,1774271503062759955,1774271503066629124,3869
1679,1774271503068295247,1774271503072011694,3716
1680,1774271503073613456,1774271503077408038,3794
1681,1774271503079165078,1774271503082979910,3814
1682,1774271503084787950,1774271503088615523,3827
1683,1774271503090371803,1774271503093655762,3283
1684,1774271503095298472,1774271503098557041,3258
1685,1774271503100232847,1774271503104226619,3993
1686,1774271503105930803,1774271503109945835,4015
1687,1774271503111619531,1774271503115098988,3479
1688,1774271503116749958,1774271503120852576,4102
1689,1774271503122653666,1774271503126457384,3803
1690,1774271503127881044,1774271503131298133,3417
1691,1774271503132709011,1774271503136636684,3927
1692,1774271503138201469,1774271503142213993,4012
1693,1774271503143736318,1774271503146988747,3252
1694,1774271503148776081,1774271503152810213,4034
1695,1774271503154668908,1774271503158359520,3690
1696,1774271503160028192,1774271503163338290,3310
1697,1774271503165093296,1774271503168903014,3809
1698,1774271503170579485,1774271503174491381,3911
1699,1774271503176174036,1774271503179537619,3363
1700,1774271503181210623,1774271503185187883,3977
1701,1774271503187123999,1774271503190866965,3742
1702,1774271503192747670,1774271503196808569,4060
1703,1774271503198555323,1774271503202429772,3874
1704,1774271503204262316,1774271503208370043,4107
1705,1774271503210201757,1774271503214199033,3997
1706,1774271503215894569,1774271503219557386,3662
1707,1774271503221542296,1774271503225406838,3864
1708,1774271503227154348,1774271503230520219,3365
1709,1774271503232225704,1774271503235466844,3241
1710,1774271503237095917,1774271503241363960,4268
1711,1774271503243117207,1774271503247248951,4131
1712,1774271503249020026,1774271503253062286,4042
1713,1774271503254685975,1774271503257746169,3060
1714,1774271503259390920,1774271503263027772,3636
1715,1774271503264587632,1774271503268501773,3914
1716,1774271503270211343,1774271503274259176,4047
1717,1774271503275871848,1774271503279793846,3921
1718,1774271503281681375,1774271503285138658,3457
1719,1774271503286950825,1774271503290417840,3467
1720,1774271503292050997,1774271503295550907,3499
1721,1774271503297203289,1774271503301235813,4032
1722,1774271503303107825,1774271503307204455,4096
1723,1774271503309014861,1774271503313024475,4009
1724,1774271503314714265,1774271503318590074,3875
1725,1774271503320324259,1774271503323673107,3348
1726,1774271503325585507,1774271503329467994,3882
1727,1774271503331132780,1774271503334348487,3215
1728,1774271503336107970,1774271503340147155,4039
1729,1774271503342093129,1774271503345887221,3794
1730,1774271503347597608,1774271503351003912,3406
1731,1774271503352707440,1774271503357026819,4319
1732,1774271503358956461,1774271503362421792,3465
1733,1774271503364090956,1774271503368158603,4067
1734,1774271503369988203,1774271503373522682,3534
1735,1774271503375307566,1774271503379325214,4017
1736,1774271503381115486,1774271503385246135,4130
1737,1774271503386893604,1774271503390907644,4014
1738,1774271503392567940,1774271503395860575,3292
1739,1774271503397431331,1774271503401559545,4128
1740,1774271503402871020,1774271503405736111,2865
1741,1774271503407388893,1774271503410999570,3610
1742,1774271503412711074,1774271503416206003,3494
1743,1774271503417786255,1774271503420620671,2834
1744,1774271503422161606,1774271503426076501,3914
1745,1774271503427716594,1774271503431187071,3470
1746,1774271503432830530,1774271503436703075,3872
1747,1774271503438360472,1774271503442021998,3661
1748,1774271503443658189,1774271503447188725,3530
1749,1774271503448908021,1774271503452811493,3903
1750,1774271503454742515,1774271503458242118,3499
1751,1774271503459921088,1774271503463888953,3967
1752,1774271503465595112,1774271503468721223,3126
1753,1774271503470477558,1774271503474364497,3886
1754,1774271503476017186,1774271503479830370,3813
1755,1774271503481624373,1774271503485737114,4112
1756,1774271503487437327,1774271503491317982,3880
1757,1774271503492975282,1774271503496847098,3871
1758,1774271503498498389,1774271503502353805,3855
1759,1774271503504184148,1774271503507397723,3213
1760,1774271503509108052,1774271503512947053,3839
1761,1774271503514755762,1774271503518829155,4073
1762,1774271503520533668,1774271503524469239,3935
1763,1774271503526128910,1774271503529479819,3350
1764,1774271503531166918,1774271503534856469,3689
1765,1774271503536345584,1774271503539199542,2853
1766,1774271503540705163,1774271503545223576,4518
1767,1774271503546942354,1774271503550234274,3291
1768,1774271503551925530,1774271503556079032,4153
1769,1774271503557853281,1774271503561284508,3431
1770,1774271503562929583,1774271503566648974,3719
1771,1774271503568248878,1774271503572287794,4038
1772,1774271503573873816,1774271503577607759,3733
1773,1774271503579355527,1774271503583276305,3920
1774,1774271503585129414,1774271503589244050,4114
1775,1774271503590905170,1774271503594950048,4044
1776,1774271503596918584,1774271503600964645,4046
1777,1774271503602775717,1774271503606708364,3932
1778,1774271503608436434,1774271503611741309,3304
1779,1774271503613583618,1774271503616741851,3158
1780,1774271503618507849,1774271503622491098,3983
1781,1774271503624133731,1774271503627650161,3516
1782,1774271503629358333,1774271503633445672,4087
1783,1774271503635239451,1774271503639342577,4103
1784,1774271503641260270,1774271503645268390,4008
1785,1774271503647064814,1774271503651486251,4421
1786,1774271503653149969,1774271503657282912,4132
1787,1774271503658864018,1774271503662982977,4118
1788,1774271503664721762,1774271503668953993,4232
1789,1774271503670620155,1774271503674052803,3432
1790,1774271503675432641,1774271503678574647,3142
1791,1774271503680062139,1774271503683268363,3206
1792,1774271503684870852,1774271503688151063,3280
1793,1774271503689187058,1774271503692061437,2874
1794,1774271503693640262,1774271503696730125,3089
1795,1774271503698437458,1774271503701575742,3138
1796,1774271503703226071,1774271503707097809,3871
1797,1774271503708843785,1774271503712696229,3852
1798,1774271503714475830,1774271503718501274,4025
1799,1774271503720202549,1774271503723571997,3369
1800,1774271503725557204,1774271503729555821,3998
1801,1774271503731312438,1774271503734696129,3383
1802,1774271503736454153,1774271503740466897,4012
1803,1774271503742385795,1774271503746304241,3918
1804,1774271503748001324,1774271503752310875,4309
1805,1774271503754167674,1774271503758246465,4078
1806,1774271503759953865,1774271503764280745,4326
1807,1774271503766069197,1774271503770083516,4014
1808,1774271503771866396,1774271503775894174,4027
1809,1774271503777672100,1774271503781658094,3985
1810,1774271503783323776,1774271503786723574,3399
1811,1774271503788633430,1774271503791842265,3208
1812,1774271503793498277,1774271503796814366,3316
1813,1774271503798507136,1774271503801582508,3075
1814,1774271503803197779,1774271503806976593,3778
1815,1774271503808338036,1774271503811499498,3161
1816,1774271503813174057,1774271503816394822,3220
1817,1774271503818021660,1774271503821166245,3144
1818,1774271503822731046,1774271503826177471,3446
1819,1774271503827702674,1774271503831640580,3937
1820,1774271503833163457,1774271503836846144,3682
1821,1774271503838385453,1774271503842497609,4112
1822,1774271503844113317,1774271503847488030,3374
1823,1774271503849180445,1774271503852554583,3374
1824,1774271503854189669,1774271503858188158,3998
1825,1774271503859974308,1774271503863372444,3398
1826,1774271503865000398,1774271503868987437,3987
1827,1774271503870861542,1774271503874713550,3852
1828,1774271503876401674,1774271503879609769,3208
1829,1774271503881491166,1774271503884896922,3405
1830,1774271503886729684,1774271503890480859,3751
1831,1774271503892210910,1774271503896332037,4121
1832,1774271503898048665,1774271503901939441,3890
1833,1774271503903637722,1774271503907803530,4165
1834,1774271503910519738,1774271503916113671,5593
1835,1774271503917818277,1774271503921645591,3827
1836,1774271503924002075,1774271503929265936,5263
1837,1774271503931676359,1774271503936954721,5278
1838,1774271503939175649,1774271503944552962,5377
1839,1774271503946822035,1774271503952360011,5537
1840,1774271503954463370,1774271503960641840,6178
1841,1774271503962150447,1774271503965608704,3458
1842,1774271503974295277,1774271503985720785,11425
1843,1774271503987883229,1774271503993038013,5154
1844,1774271503995270342,1774271504000324306,5053
1845,1774271504001957448,1774271504006128741,4171
1846,1774271504008110818,1774271504011770852,3660
1847,1774271504013515581,1774271504017095870,3580
1848,1774271504018770155,1774271504023123012,4352
1849,1774271504024859401,1774271504028863065,4003
1850,1774271504030565802,1774271504034747017,4181
1851,1774271504036507145,1774271504040661819,4154
1852,1774271504042355768,1774271504045995208,3639
1853,1774271504048030264,1774271504051271890,3241
1854,1774271504053018122,1774271504056718516,3700
1855,1774271504058400034,1774271504062675782,4275
1856,1774271504064363890,1774271504068486880,4122
1857,1774271504070219847,1774271504074222775,4002
1858,1774271504076058396,1774271504080427255,4368
1859,1774271504082151009,1774271504086143313,3992
1860,1774271504088192702,1774271504092506320,4313
1861,1774271504094245770,1774271504098501142,4255
1862,1774271504100125630,1774271504104534642,4409
1863,1774271504106213563,1774271504110256727,4043
1864,1774271504112007507,1774271504116350146,4342
1865,1774271504118092054,1774271504121969545,3877
1866,1774271504123600261,1774271504127052445,3452
1867,1774271504128589430,1774271504133337755,4748
1868,1774271504135148516,1774271504139207151,4058
1869,1774271504141063660,1774271504145714402,4650
1870,1774271504147442033,1774271504151903636,4461
1871,1774271504153820287,1774271504158617163,4796
1872,1774271504160499909,1774271504164390276,3890
1873,1774271504166200635,1774271504170689858,4489
1874,1774271504172578292,1774271504176247768,3669
1875,1774271504178004335,1774271504182154002,4149
1876,1774271504183853527,1774271504187689901,3836
1877,1774271504189359556,1774271504193600889,4241
1878,1774271504195282706,1774271504199241452,3958
1879,1774271504201171650,1774271504205861907,4690
1880,1774271504207795719,1774271504211830006,4034
1881,1774271504213611359,1774271504217930117,4318
1882,1774271504219728734,1774271504223786691,4057
1883,1774271504225635010,1774271504229927254,4292
1884,1774271504231749940,1774271504236425661,4675
1885,1774271504238733883,1774271504243404701,4670
1886,1774271504244695499,1774271504248027979,3332
1887,1774271504249926662,1774271504254292221,4365
1888,1774271504255789573,1774271504259640185,3850
1889,1774271504261261605,1774271504265465420,4203
1890,1774271504267024513,1774271504271153679,4129
1891,1774271504272880594,1774271504276298807,3418
1892,1774271504277839687,1774271504281381168,3541
1893,1774271504283399110,1774271504287116559,3717
1894,1774271504288752562,1774271504292627500,3874
1895,1774271504294312585,1774271504297573520,3260
1896,1774271504299275125,1774271504303091950,3816
1897,1774271504304886609,1774271504308950761,4064
1898,1774271504310677171,1774271504314834129,4156
1899,1774271504316618898,1774271504320525854,3906
1900,1774271504322187799,1774271504326319223,4131
1901,1774271504328270042,1774271504332341565,4071
1902,1774271504334235987,1774271504338359006,4123
1903,1774271504340227921,1774271504344315474,4087
1904,1774271504346209296,1774271504350210693,4001
1905,1774271504352046408,1774271504356169842,4123
1906,1774271504357974964,1774271504362035191,4060
1907,1774271504363994721,1774271504368022183,4027
1908,1774271504369970646,1774271504374099307,4128
1909,1774271504375820697,1774271504379878963,4058
1910,1774271504381626888,1774271504384984223,3357
1911,1774271504386480741,1774271504390137677,3656
1912,1774271504391692401,1774271504394884510,3192
1913,1774271504396338081,1774271504399541907,3203
1914,1774271504401052231,1774271504405079643,4027
1915,1774271504406599967,1774271504410169765,3569
1916,1774271504411972073,1774271504415272276,3300
1917,1774271504416844068,1774271504420682664,3838
1918,1774271504422506356,1774271504426315617,3809
1919,1774271504427933140,1774271504431208392,3275
1920,1774271504432813861,1774271504436279400,3465
1921,1774271504437910318,1774271504441813259,3902
1922,1774271504443609483,1774271504447175132,3565
1923,1774271504448793888,1774271504452899881,4105
1924,1774271504454809085,1774271504458667768,3858
1925,1774271504460320582,1774271504463646948,3326
1926,1774271504465284126,1774271504468827883,3543
1927,1774271504470614778,1774271504474328433,3713
1928,1774271504476191238,1774271504480297320,4106
1929,1774271504482086238,1774271504485664129,3577
1930,1774271504487368559,1774271504491196062,3827
1931,1774271504493119770,1774271504496912433,3792
1932,1774271504498842002,1774271504502677123,3835
1933,1774271504504375367,1774271504507693103,3317
1934,1774271504509461341,1774271504513632016,4170
1935,1774271504515288028,1774271504518593826,3305
1936,1774271504520448488,1774271504524059973,3611
1937,1774271504525686468,1774271504529299875,3613
1938,1774271504530666573,1774271504534067714,3401
1939,1774271504535806546,1774271504540061045,4254
1940,1774271504541677267,1774271504545146756,3469
1941,1774271504546720871,1774271504550201428,3480
1942,1774271504551823084,1774271504555138154,3315
1943,1774271504556729426,1774271504560427650,3698
1944,1774271504562060471,1774271504566251493,4191
1945,1774271504567911994,1774271504571677286,3765
1946,1774271504573306665,1774271504577053076,3746
1947,1774271504578905981,1774271504582992641,4086
1948,1774271504584717177,1774271504588664386,3947
1949,1774271504590331028,1774271504593708440,3377
1950,1774271504595800202,1774271504599776901,3976
1951,1774271504601515651,1774271504605121062,3605
1952,1774271504607034087,1774271504610962570,3928
1953,1774271504612654948,1774271504616634681,3979
1954,1774271504618608379,1774271504622607028,3998
1955,1774271504624236167,1774271504628309561,4073
1956,1774271504630083628,1774271504634279623,4195
1957,1774271504636040481,1774271504639529048,3488
1958,1774271504641553774,1774271504644814478,3260
1959,1774271504646631221,1774271504650690310,4059
1960,1774271504652492713,1774271504656650796,4158
1961,1774271504658366569,1774271504662382497,4015
1962,1774271504664093721,1774271504667328288,3234
1963,1774271504668944740,1774271504672254171,3309
1964,1774271504673856300,1774271504676964601,3108
1965,1774271504678444909,1774271504681621622,3176
1966,1774271504683355596,1774271504687096016,3740
1967,1774271504688658924,1774271504692221083,3562
1968,1774271504693892580,1774271504697260405,3367
1969,1774271504698888251,1774271504702653666,3765
1970,1774271504704277383,1774271504708194812,3917
1971,1774271504709883630,1774271504713857238,3973
1972,1774271504715715599,1774271504719731644,4016
1973,1774271504721463958,1774271504724822906,3358
1974,1774271504726743760,1774271504730924921,4181
1975,1774271504732636025,1774271504736477095,3841
1976,1774271504738247695,1774271504741406023,3158
1977,1774271504743099758,1774271504747059435,3959
1978,1774271504748817628,1774271504752746268,3928
1979,1774271504754584527,1774271504758383513,3798
1980,1774271504760050683,1774271504763441634,3390
1981,1774271504765285275,1774271504769471564,4186
1982,1774271504771310675,1774271504775116314,3805
1983,1774271504776889019,1774271504781062938,4173
1984,1774271504783030318,1774271504787236337,4206
1985,1774271504789016082,1774271504793058788,4042
1986,1774271504794880136,1774271504798344746,3464
1987,1774271504799988636,1774271504803075013,3086
1988,1774271504804747876,1774271504807700142,2952
1989,1774271504809329962,1774271504812415787,3085
1990,1774271504813986388,1774271504817084919,3098
1991,1774271504818646663,1774271504822359021,3712
1992,1774271504823900973,1774271504827128092,3227
1993,1774271504828894381,1774271504832616629,3722
1994,1774271504834294561,1774271504838135937,3841
1995,1774271504839849604,1774271504843734792,3885
1996,1774271504845551397,1774271504849628129,4076
1997,1774271504851282397,1774271504855071417,3789
1998,1774271504856862582,1774271504860364354,3501
1999,1774271504862126044,1774271504865494935,3368
2000,1774271504867161174,1774271504870919364,3758
2001,1774271504872634147,1774271504875908272,3274
2002,1774271504877600657,1774271504881307323,3706
2003,1774271504883046409,1774271504886787027,3740
2004,1774271504888428799,1774271504892320838,3892
2005,1774271504893966554,1774271504897421919,3455
2006,1774271504899159563,1774271504903292546,4132
2007,1774271504905030123,1774271504908466197,3436
2008,1774271504910614893,1774271504914734333,4119
2009,1774271504916409204,1774271504920536038,4126
2010,1774271504922265978,1774271504925826734,3560
2011,1774271504927509730,1774271504931544461,4034
2012,1774271504933124522,1774271504936098461,2973
2013,1774271504937811014,1774271504941843718,4032
2014,1774271504943470648,1774271504947264241,3793
2015,1774271504948890666,1774271504952966544,4075
2016,1774271504954648339,1774271504957596446,2948
2017,1774271504959265140,1774271504963336959,4071
2018,1774271504965072438,1774271504968733970,3661
2019,1774271504970547086,1774271504974620364,4073
2020,1774271504976304449,1774271504980228864,3924
2021,1774271504982062231,1774271504985483720,3421
2022,1774271504987158777,1774271504991084901,3926
2023,1774271504992823936,1774271504996654327,3830
2024,1774271504998468671,1774271505002405304,3936
2025,1774271505004111313,1774271505007701327,3590
2026,1774271505009418870,1774271505013276096,3857
2027,1774271505014934800,1774271505018606140,3671
2028,1774271505020492776,1774271505024330463,3837
2029,1774271505025989332,1774271505029721941,3732
2030,1774271505031534799,1774271505034829384,3294
2031,1774271505036605844,1774271505040135417,3529
2032,1774271505041794431,1774271505045164626,3370
2033,1774271505046911701,1774271505050012315,3100
2034,1774271505051721309,1774271505055556854,3835
2035,1774271505057215818,1774271505061354887,4139
2036,1774271505062994564,1774271505067106696,4112
2037,1774271505068728681,1774271505072482553,3753
2038,1774271505074144216,1774271505078179935,4035
2039,1774271505079687664,1774271505083740233,4052
2040,1774271505085393264,1774271505089436323,4043
2041,1774271505091078063,1774271505094325100,3247
2042,1774271505095960767,1774271505099625166,3664
2043,1774271505101429433,1774271505104663801,3234
2044,1774271505106239805,1774271505110126089,3886
2045,1774271505111732378,1774271505115521508,3789
2046,1774271505117182248,1774271505121259297,4077
2047,1774271505122893191,1774271505126126816,3233
2048,1774271505127971007,1774271505131744133,3773
2049,1774271505133501776,1774271505137347237,3845
2050,1774271505139249133,1774271505142615466,3366
2051,1774271505144334370,1774271505148244707,3910
2052,1774271505150107945,1774271505153961539,3853
2053,1774271505155811274,1774271505159730830,3919
2054,1774271505161620073,1774271505165873653,4253
2055,1774271505167640086,1774271505170723249,3083
2056,1774271505172398525,1774271505176142840,3744
2057,1774271505177884965,1774271505181683868,3798
2058,1774271505183298849,1774271505186584797,3285
2059,1774271505188290082,1774271505192372050,4081
2060,1774271505194159859,1774271505198287942,4128
2061,1774271505199994460,1774271505204074128,4079
2062,1774271505205855892,1774271505209845387,3989
2063,1774271505211565759,1774271505215489398,3923
2064,1774271505217223293,1774271505220596939,3373
2065,1774271505222195649,1774271505225537990,3342
2066,1774271505227206676,1774271505231195460,3988
2067,1774271505232823535,1774271505236274781,3451
2068,1774271505237841009,1774271505241711162,3870
2069,1774271505243412109,1774271505247242557,3830
2070,1774271505248881063,1774271505252687156,3806
2071,1774271505254367910,1774271505258110787,3742
2072,1774271505259760548,1774271505263758129,3997
2073,1774271505265409265,1774271505268559542,3150
2074,1774271505270240518,1774271505273667869,3427
2075,1774271505275448548,1774271505279405277,3956
2076,1774271505281087666,1774271505284523877,3436
2077,1774271505286199002,1774271505290186324,3987
2078,1774271505291875556,1774271505295638819,3763
2079,1774271505297404381,1774271505300757319,3352
2080,1774271505302420405,1774271505306407476,3987
2081,1774271505308191401,1774271505312162799,3971
2082,1774271505313833600,1774271505317574981,3741
2083,1774271505319223553,1774271505322590063,3366
2084,1774271505324223174,1774271505328161176,3938
2085,1774271505329888944,1774271505333941775,4052
2086,1774271505335814837,1774271505339739572,3924
2087,1774271505341457513,1774271505345683805,4226
2088,1774271505347361505,1774271505350397284,3035
2089,1774271505351971493,1774271505356032843,4061
2090,1774271505357587909,1774271505361426568,3838
2091,1774271505363040303,1774271505366368555,3328
2092,1774271505367944584,1774271505371291809,3347
2093,1774271505373096061,1774271505377238070,4142
2094,1774271505378836153,1774271505382308323,3472
2095,1774271505384057803,1774271505388144199,4086
2096,1774271505390117022,1774271505393760380,3643
2097,1774271505395451672,1774271505398772295,3320
2098,1774271505400476423,1774271505403749852,3273
2099,1774271505405766091,1774271505409651460,3885
2100,1774271505411328118,1774271505414824987,3496
2101,1774271505416468107,1774271505419486395,3018
2102,1774271505421292108,1774271505425302878,4010
2103,1774271505426953993,1774271505430979995,4026
2104,1774271505432906439,1774271505436802243,3895
2105,1774271505438701472,1774271505442919018,4217
2106,1774271505444741154,1774271505448752405,4011
2107,1774271505450615653,1774271505454545942,3930
2108,1774271505456157029,1774271505459379226,3222
2109,1774271505461223891,1774271505465333560,4109
2110,1774271505466805405,1774271505470607718,3802
2111,1774271505472465929,1774271505475335525,2869
2112,1774271505476882234,1774271505480009018,3126
2113,1774271505481659072,1774271505485574451,3915
2114,1774271505487190016,1774271505491255000,4064
2115,1774271505492656965,1774271505495704938,3047
2116,1774271505497499611,1774271505501018395,3518
2117,1774271505502528748,1774271505505555149,3026
2118,1774271505507157788,1774271505510545004,3387
2119,1774271505512242526,1774271505515366844,3124
2120,1774271505517059695,1774271505521091444,4031
2121,1774271505522728681,1774271505526472998,3744
2122,1774271505528140372,1774271505531354011,3213
2123,1774271505533083644,1774271505536996470,3912
2124,1774271505538689935,1774271505542544146,3854
2125,1774271505544407656,1774271505548354821,3947
2126,1774271505550110819,1774271505554034607,3923
2127,1774271505555806643,1774271505560064752,4258
2128,1774271505561834676,1774271505566033007,4198
2129,1774271505567733921,1774271505571919372,4185
2130,1774271505573668084,1774271505577886498,4218
2131,1774271505580093421,1774271505583549163,3455
2132,1774271505585427487,1774271505588685459,3257
2133,1774271505590528978,1774271505594295520,3766
2134,1774271505596106201,1774271505599744563,3638
2135,1774271505601558735,1774271505604779156,3220
2136,1774271505606570968,1774271505610471014,3900
2137,1774271505611930554,1774271505615434419,3503
2138,1774271505617106273,1774271505620844935,3738
2139,1774271505622601614,1774271505626523080,3921
2140,1774271505628274336,1774271505631291653,3017
2141,1774271505632956161,1774271505636313994,3357
2142,1774271505637706524,1774271505640723417,3016
2143,1774271505642373134,1774271505646406632,4033
2144,1774271505648170084,1774271505651582437,3412
2145,1774271505653132269,1774271505656521404,3389
2146,1774271505658452277,1774271505662369927,3917
2147,1774271505664417682,1774271505667764492,3346
2148,1774271505669413276,1774271505672756635,3343
2149,1774271505674540061,1774271505677857384,3317
2150,1774271505679500116,1774271505683462082,3961
2151,1774271505685107726,1774271505688512455,3404
2152,1774271505690195472,1774271505694190344,3994
2153,1774271505696013614,1774271505699792264,3778
2154,1774271505701641464,1774271505705529356,3887
2155,1774271505707214449,1774271505710516928,3302
2156,1774271505712399791,1774271505716632889,4233
2157,1774271505718341451,1774271505721702689,3361
2158,1774271505723524897,1774271505726885435,3360
2159,1774271505728664365,1774271505732539679,3875
2160,1774271505734454661,1774271505737833246,3378
2161,1774271505739497637,1774271505743641895,4144
2162,1774271505745310677,1774271505748491991,3181
2163,1774271505750022670,1774271505753186074,3163
2164,1774271505754839699,1774271505759116425,4276
2165,1774271505760634452,1774271505764808161,4173
2166,1774271505766479456,1774271505770451787,3972
2167,1774271505771976567,1774271505775312909,3336
2168,1774271505776696468,1774271505779933950,3237
2169,1774271505781509905,1774271505784631883,3121
2170,1774271505786500670,1774271505790403674,3903
2171,1774271505792010928,1774271505796049662,4038
2172,1774271505797658175,1774271505801488552,3830
2173,1774271505803101599,1774271505806998669,3897
2174,1774271505808996776,1774271505813026085,4029
2175,1774271505814726989,1774271505818892606,4165
2176,1774271505820672957,1774271505824767616,4094
2177,1774271505826416221,1774271505830272459,3856
2178,1774271505831925809,1774271505835271913,3346
2179,1774271505837039214,1774271505841010607,3971
2180,1774271505842766784,1774271505846053589,3286
2181,1774271505847948615,1774271505851836739,3888
2182,1774271505853631645,1774271505857606271,3974
2183,1774271505859406012,1774271505863296417,3890
2184,1774271505864972895,1774271505868877211,3904
2185,1774271505870602543,1774271505874174114,3571
2186,1774271505875820718,1774271505879146706,3325
2187,1774271505880720251,1774271505884856271,4136
2188,1774271505886514589,1774271505890528619,4014
2189,1774271505892111995,1774271505895759368,3647
2190,1774271505897457456,1774271505900551617,3094
2191,1774271505902199955,1774271505905669473,3469
2192,1774271505907192878,1774271505910890619,3697
2193,1774271505912617226,1774271505916632804,4015
2194,1774271505918226657,1774271505922054265,3827
2195,1774271505923745983,1774271505927382955,3636
2196,1774271505929123006,1774271505932478824,3355
2197,1774271505934108563,1774271505937396602,3288
2198,1774271505939037332,1774271505942459814,3422
2199,1774271505944044613,1774271505947540324,3495
2200,1774271505949328577,1774271505953314494,3985
2201,1774271505954974836,1774271505958749966,3775
2202,1774271505960559124,1774271505965054963,4495
2203,1774271505966807815,1774271505970923305,4115
2204,1774271505972696972,1774271505976742708,4045
2205,1774271505978554302,1774271505982572375,4018
2206,1774271505984438288,1774271505987685878,3247
2207,1774271505989380046,1774271505993561981,4181
2208,1774271505995403166,1774271505999010571,3607
2209,1774271506000829879,1774271506005031312,4201
2210,1774271506006862825,1774271506010753771,3890
2211,1774271506012532068,1774271506016698457,4166
2212,1774271506018592389,1774271506023021583,4429
2213,1774271506024687483,1774271506028520551,3833
2214,1774271506030107123,1774271506033311272,3204
2215,1774271506034940759,1774271506038043075,3102
2216,1774271506039603936,1774271506043251806,3647
2217,1774271506044433075,1774271506047914635,3481
2218,1774271506049546238,1774271506052789272,3243
2219,1774271506054363164,1774271506057321054,2957
2220,1774271506058919281,1774271506063031998,4112
2221,1774271506064586703,1774271506068034923,3448
2222,1774271506069626109,1774271506073102376,3476
2223,1774271506074773275,1774271506078818621,4045
2224,1774271506080584150,1774271506084458802,3874
2225,1774271506086134101,1774271506090168067,4033
2226,1774271506091799307,1774271506096050568,4251
2227,1774271506097852568,1774271506101716529,3863
2228,1774271506103468928,1774271506107528084,4059
2229,1774271506109192944,1774271506112831129,3638
2230,1774271506114497914,1774271506117740258,3242
2231,1774271506119464379,1774271506122882875,3418
2232,1774271506124870285,1774271506128392533,3522
2233,1774271506130059668,1774271506133352977,3293
2234,1774271506135121402,1774271506139060366,3938
2235,1774271506140713390,1774271506144575507,3862
2236,1774271506146240215,1774271506150114439,3874
2237,1774271506151816821,1774271506155840980,4024
2238,1774271506157498992,1774271506161647133,4148
2239,1774271506163334018,1774271506166616874,3282
2240,1774271506168239970,1774271506172268258,4028
2241,1774271506173769852,1774271506176854463,3084
2242,1774271506178501866,1774271506182587178,4085
2243,1774271506184191688,1774271506187870982,3679
2244,1774271506189620126,1774271506193711819,4091
2245,1774271506195512985,1774271506199255673,3742
2246,1774271506201025188,1774271506205045113,4019
2247,1774271506206708435,1774271506210706211,3997
2248,1774271506212495047,1774271506215582776,3087
2249,1774271506217368264,1774271506221039833,3671
2250,1774271506222725839,1774271506226597417,3871
2251,1774271506228252012,1774271506232211021,3959
2252,1774271506233893928,1774271506238319095,4425
2253,1774271506240325050,1774271506244232045,3906
2254,1774271506246084575,1774271506250282887,4198
2255,1774271506252228078,1774271506256342449,4114
2256,1774271506258379968,1774271506262465672,4085
2257,1774271506264423402,1774271506268344913,3921
2258,1774271506270032806,1774271506274343227,4310
2259,1774271506276191526,1774271506280372873,4181
2260,1774271506282094643,1774271506286316426,4221
2261,1774271506288258890,1774271506292371030,4112
2262,1774271506294182581,1774271506298214789,4032
2263,1774271506299726405,1774271506303900144,4173
2264,1774271506305471424,1774271506308678305,3206
2265,1774271506310484875,1774271506313734098,3249
2266,1774271506315396421,1774271506318569458,3173
2267,1774271506320203200,1774271506323262592,3059
2268,1774271506324580736,1774271506328539570,3958
2269,1774271506330276146,1774271506334317439,4041
2270,1774271506336052889,1774271506340118768,4065
2271,1774271506341953582,1774271506350347342,8393
2272,1774271506352180824,1774271506355703684,3522
2273,1774271506357598072,1774271506361584551,3986
2274,1774271506363198796,1774271506367049948,3851
2275,1774271506368944872,1774271506372414734,3469
2276,1774271506374072905,1774271506377681146,3608
2277,1774271506379498603,1774271506383522915,4024
2278,1774271506385176479,1774271506388925249,3748
2279,1774271506390730293,1774271506394973604,4243
2280,1774271506396750557,1774271506400649068,3898
2281,1774271506402388300,1774271506405781380,3393
2282,1774271506407466799,1774271506411531977,4065
2283,1774271506413341827,1774271506416779666,3437
2284,1774271506418593391,1774271506422529813,3936
2285,1774271506424380767,1774271506428431368,4050
2286,1774271506430038651,1774271506434011299,3972
2287,1774271506435656611,1774271506438694760,3038
2288,1774271506440395463,1774271506443455285,3059
2289,1774271506444903483,1774271506448523913,3620
2290,1774271506450160835,1774271506453601471,3440
2291,1774271506455179115,1774271506459278623,4099
2292,1774271506460682907,1774271506464049006,3366
2293,1774271506465621039,1774271506469661188,4040
2294,1774271506471272538,1774271506474476803,3204
2295,1774271506476137884,1774271506480258560,4120
2296,1774271506481992545,1774271506486319390,4326
2297,1774271506488066338,1774271506492149775,4083
2298,1774271506493809915,1774271506497790438,3980
2299,1774271506499761653,1774271506503650875,3889
2300,1774271506505432138,1774271506508676775,3244
2301,1774271506510505889,1774271506514418694,3912
2302,1774271506516095303,1774271506519986617,3891
2303,1774271506521646414,1774271506525879095,4232
2304,1774271506527587728,1774271506531625126,4037
2305,1774271506533228025,1774271506536678210,3450
2306,1774271506538420043,1774271506542355615,3935
2307,1774271506543956242,1774271506547819066,3862
2308,1774271506549567293,1774271506553515616,3948
2309,1774271506555188723,1774271506559345785,4157
2310,1774271506561037704,1774271506565104195,4066
2311,1774271506566885483,1774271506570875800,3990
2312,1774271506572542841,1774271506576656910,4114
2313,1774271506578327926,1774271506581862604,3534
2314,1774271506583608894,1774271506587303415,3694
2315,1774271506588940496,1774271506593044513,4104
2316,1774271506594705792,1774271506598875988,4170
2317,1774271506600567608,1774271506604573657,4006
2318,1774271506606178247,1774271506610200651,4022
2319,1774271506611939559,1774271506615771557,3831
2320,1774271506617589843,1774271506621457039,3867
2321,1774271506623217326,1774271506626743027,3525
2322,1774271506628407305,1774271506632402645,3995
2323,1774271506634143719,1774271506638253262,4109
2324,1774271506640076060,1774271506644169670,4093
2325,1774271506646024429,1774271506649364311,3339
2326,1774271506651100942,1774271506654528853,3427
2327,1774271506656457120,1774271506660470390,4013
2328,1774271506662118538,1774271506665963460,3844
2329,1774271506667709249,1774271506671804283,4095
2330,1774271506673472086,1774271506676730993,3258
2331,1774271506678559863,1774271506682582522,4022
2332,1774271506684238067,1774271506688201377,3963
2333,1774271506689812780,1774271506693883235,4070
2334,1774271506695735046,1774271506699772027,4036
2335,1774271506701481422,1774271506704748177,3266
2336,1774271506706525804,1774271506709651335,3125
2337,1774271506711163918,1774271506714252025,3088
2338,1774271506715927585,1774271506720032827,4105
2339,1774271506721625604,1774271506725136359,3510
2340,1774271506726587143,1774271506730058583,3471
2341,1774271506731618149,1774271506734858866,3240
2342,1774271506736508782,1774271506740059897,3551
2343,1774271506741734561,1774271506745215676,3481
2344,1774271506746983303,1774271506751096667,4113
2345,1774271506753061332,1774271506756912625,3851
2346,1774271506758718672,1774271506762156525,3437
2347,1774271506764036814,1774271506768287260,4250
2348,1774271506769950933,1774271506773313799,3362
2349,1774271506775208532,1774271506778747447,3538
2350,1774271506780535124,1774271506784370348,3835
2351,1774271506786037812,1774271506789790065,3752
2352,1774271506791511350,1774271506795441772,3930
2353,1774271506797062348,1774271506800818482,3756
2354,1774271506802475987,1774271506805575330,3099
2355,1774271506807266666,1774271506811239121,3972
2356,1774271506812886957,1774271506816874075,3987
2357,1774271506818760147,1774271506822753805,3993
2358,1774271506824474797,1774271506828702186,4227
2359,1774271506830483270,1774271506834083719,3600
2360,1774271506835750225,1774271506839916405,4166
2361,1774271506841672669,1774271506845111551,3438
2362,1774271506846571347,1774271506850665052,4093
2363,1774271506852330140,1774271506856256004,3925
2364,1774271506857649613,1774271506861081426,3431
2365,1774271506862665507,1774271506865818331,3152
2366,1774271506867450780,1774271506871335517,3884
2367,1774271506872915423,1774271506876597380,3681
2368,1774271506878167775,1774271506881346215,3178
2369,1774271506882977469,1774271506887010173,4032
2370,1774271506888665470,1774271506892358311,3692
2371,1774271506894017249,1774271506897671170,3653
2372,1774271506899326624,1774271506902672630,3346
2373,1774271506904341320,1774271506908444200,4102
2374,1774271506910127197,1774271506914066826,3939
2375,1774271506915746518,1774271506919959383,4212
2376,1774271506921664248,1774271506925524140,3859
2377,1774271506927241121,1774271506930528587,3287
2378,1774271506932185210,1774271506936260168,4074
2379,1774271506938239330,1774271506941548689,3309
2380,1774271506943496073,1774271506947577357,4081
2381,1774271506949646884,1774271506953450018,3803
2382,1774271506955088944,1774271506958657314,3568
2383,1774271506960568558,1774271506964556880,3988
2384,1774271506966373401,1774271506970213036,3839
2385,1774271506971904824,1774271506975948380,4043
2386,1774271506977650456,1774271506981658628,4008
2387,1774271506983300656,1774271506986574227,3273
2388,1774271506988289310,1774271506991708052,3418
2389,1774271506993168623,1774271506996360431,3191
2390,1774271506997948256,1774271507001686414,3738
2391,1774271507003068380,1774271507006431650,3363
2392,1774271507008068515,1774271507011431791,3363
2393,1774271507013053442,1774271507017019950,3966
2394,1774271507018663105,1774271507022239561,3576
2395,1774271507023829303,1774271507027703928,3874
2396,1774271507029446982,1774271507032965181,3518
2397,1774271507034822951,1774271507038614069,3791
2398,1774271507040240706,1774271507043623222,3382
2399,1774271507045538878,1774271507049545649,4006
2400,1774271507051253474,1774271507054949815,3696
2401,1774271507056512964,1774271507060111184,3598
2402,1774271507061627593,1774271507065514185,3886
2403,1774271507067109878,1774271507071108598,3998
2404,1774271507072869583,1774271507076657343,3787
2405,1774271507078301151,1774271507082009320,3708
2406,1774271507083772057,1774271507087603698,3831
2407,1774271507089289816,1774271507093319786,4029
2408,1774271507095033421,1774271507098880396,3846
2409,1774271507100588892,1774271507104490642,3901
2410,1774271507106337698,1774271507110226654,3888
2411,1774271507111903836,1774271507115984821,4080
2412,1774271507117650085,1774271507121084111,3434
2413,1774271507122715958,1774271507126771875,4055
2414,1774271507128329072,1774271507131350819,3021
2415,1774271507132923752,1774271507136583400,3659
2416,1774271507138157295,1774271507141051490,2894
2417,1774271507142588096,1774271507146571855,3983
2418,1774271507148135163,1774271507152004902,3869
2419,1774271507153753690,1774271507157692166,3938
2420,1774271507159333136,1774271507163179243,3846
2421,1774271507164880260,1774271507168635103,3754
2422,1774271507170301234,1774271507173705541,3404
2423,1774271507175470441,1774271507179471617,4001
2424,1774271507181198986,1774271507185209379,4010
2425,1774271507186864593,1774271507190971377,4106
2426,1774271507192721924,1774271507196533724,3811
2427,1774271507198185608,1774271507202083539,3897
2428,1774271507203892494,1774271507207695987,3803
2429,1774271507209430692,1774271507213208478,3777
2430,1774271507214888909,1774271507218752999,3864
2431,1774271507220531558,1774271507224367578,3836
2432,1774271507226014130,1774271507229769997,3755
2433,1774271507231488605,1774271507234697730,3209
2434,1774271507236354171,1774271507240533375,4179
2435,1774271507242247444,1774271507245920049,3672
2436,1774271507247674149,1774271507251742122,4067
2437,1774271507253408742,1774271507257365562,3956
2438,1774271507258916797,1774271507261951743,3034
2439,1774271507263518240,1774271507266384705,2866
2440,1774271507268009544,1774271507272134709,4125
2441,1774271507273744192,1774271507277581905,3837
2442,1774271507278958070,1774271507282445906,3487
2443,1774271507284043288,1774271507287222017,3178
2444,1774271507288862180,1774271507292751472,3889
2445,1774271507294472942,1774271507298356997,3884
2446,1774271507299946363,1774271507303908388,3962
2447,1774271507305560763,1774271507309398695,3837
2448,1774271507311103853,1774271507314771764,3667
2449,1774271507316604251,1774271507320835000,4230
2450,1774271507322898933,1774271507326781841,3882
2451,1774271507328525058,1774271507332484659,3959
2452,1774271507334142900,1774271507337602246,3459
2453,1774271507339252833,1774271507342586409,3333
2454,1774271507344230657,1774271507348364736,4134
2455,1774271507350132551,1774271507353960662,3828
2456,1774271507355712081,1774271507359614970,3902
2457,1774271507361486846,1774271507365508605,4021
2458,1774271507367194983,1774271507371115968,3920
2459,1774271507373101248,1774271507377317848,4216
2460,1774271507379080152,1774271507382113517,3033
2461,1774271507383737219,1774271507387425730,3688
2462,1774271507389098271,1774271507393160713,4062
2463,1774271507394772301,1774271507397894686,3122
2464,1774271507399548722,1774271507403427099,3878
2465,1774271507405004167,1774271507408366100,3361
2466,1774271507410089199,1774271507414273873,4184
2467,1774271507415892484,1774271507419248071,3355
2468,1774271507420787664,1774271507424214780,3427
2469,1774271507425810482,1774271507429219960,3409
2470,1774271507430848044,1774271507434340690,3492
2471,1774271507436112929,1774271507439980188,3867
2472,1774271507441692249,1774271507445307214,3614
2473,1774271507446905402,1774271507450789135,3883
2474,1774271507452424710,1774271507456325618,3900
2475,1774271507457987791,1774271507461864956,3877
2476,1774271507463580677,1774271507467260553,3679
2477,1774271507468979514,1774271507473070311,4090
2478,1774271507474758712,1774271507478604290,3845
2479,1774271507480525307,1774271507484521744,3996
2480,1774271507486196759,1774271507489996991,3800
2481,1774271507491751530,1774271507495714326,3962
2482,1774271507497574959,1774271507501454339,3879
2483,1774271507503113819,1774271507506391311,3277
2484,1774271507508050393,1774271507511900623,3850
2485,1774271507513559220,1774271507517236208,3676
2486,1774271507518978326,1774271507523075463,4097
2487,1774271507524829653,1774271507528649755,3820
2488,1774271507530299784,1774271507534314331,4014
2489,1774271507535778880,1774271507539892436,4113
2490,1774271507541548930,1774271507545594431,4045
2491,1774271507547237754,1774271507550661917,3424
2492,1774271507552217734,1774271507555499631,3281
2493,1774271507557052651,1774271507561012768,3960
2494,1774271507562663384,1774271507566258173,3594
2495,1774271507567983498,1774271507572038428,4054
2496,1774271507573706388,1774271507577220977,3514
2497,1774271507578881561,1774271507582736510,3854
2498,1774271507584403230,1774271507588519378,4116
2499,1774271507590275639,1774271507594008865,3733
2500,1774271507595798150,1774271507599729280,3931
2501,1774271507601644145,1774271507605510745,3866
2502,1774271507607166362,1774271507610933905,3767
2503,1774271507612826989,1774271507616490540,3663
2504,1774271507618134483,1774271507622070923,3936
2505,1774271507623936147,1774271507627369359,3433
2506,1774271507629038338,1774271507632970228,3931
2507,1774271507634690884,1774271507638773413,4082
2508,1774271507640703152,1774271507644678458,3975
2509,1774271507646318946,1774271507649564906,3245
2510,1774271507651140744,1774271507655261900,4121
2511,1774271507657053108,1774271507660949040,3895
2512,1774271507662562236,1774271507666702154,4139
2513,1774271507668422854,1774271507672425278,4002
2514,1774271507674019889,1774271507677239205,3219
2515,1774271507678863931,1774271507681844337,2980
2516,1774271507683458796,1774271507686293513,2834
2517,1774271507687637934,1774271507691668417,4030
2518,1774271507693141649,1774271507696900696,3759
2519,1774271507698729248,1774271507702582280,3853
2520,1774271507704302517,1774271507708195151,3892
2521,1774271507709850220,1774271507713487415,3637
2522,1774271507715149903,1774271507719184503,4034
2523,1774271507720942731,1774271507724501729,3558
2524,1774271507726196174,1774271507730243193,4047
2525,1774271507732224124,1774271507736047710,3823
2526,1774271507737997210,1774271507742114584,4117
2527,1774271507743861205,1774271507747906181,4044
2528,1774271507749887084,1774271507754010907,4123
2529,1774271507755819076,1774271507759668619,3849
2530,1774271507761311779,1774271507764596214,3284
2531,1774271507766242184,1774271507770604850,4362
2532,1774271507772296065,1774271507775875781,3579
2533,1774271507777561713,1774271507781618630,4056
2534,1774271507783322884,1774271507787275627,3952
2535,1774271507788959630,1774271507792992807,4033
2536,1774271507794790455,1774271507798875785,4085
2537,1774271507800532798,1774271507804647003,4114
2538,1774271507806285366,1774271507810304432,4019
2539,1774271507811726473,1774271507815591572,3865
2540,1774271507817100261,1774271507820675680,3575
2541,1774271507822394358,1774271507826482723,4088
2542,1774271507828166488,1774271507831891106,3724
2543,1774271507833509003,1774271507836642044,3133
2544,1774271507838227902,1774271507841857885,3629
2545,1774271507843510470,1774271507847265448,3754
2546,1774271507848854597,1774271507852689547,3834
2547,1774271507854402036,1774271507857592170,3190
2548,1774271507859373856,1774271507862591744,3217
2549,1774271507864240574,1774271507868208441,3967
2550,1774271507869962037,1774271507873227402,3265
2551,1774271507874912760,1774271507878286163,3373
2552,1774271507880004869,1774271507883573612,3568
2553,1774271507885331829,1774271507889219320,3887
2554,1774271507890925564,1774271507894372026,3446
2555,1774271507896040689,1774271507899324827,3284
2556,1774271507901029320,1774271507905183741,4154
2557,1774271507906867567,1774271507910590058,3722
2558,1774271507912424578,1774271507916754954,4330
2559,1774271507918603120,1774271507922187777,3584
2560,1774271507923886010,1774271507928042118,4156
2561,1774271507929837599,1774271507933543121,3705
2562,1774271507935174707,1774271507938442216,3267
2563,1774271507940151167,1774271507944370841,4219
2564,1774271507946086452,1774271507949490899,3404
2565,1774271507951144090,1774271507954360858,3216
2566,1774271507955957356,1774271507959255721,3298
2567,1774271507960894719,1774271507964401183,3506
2568,1774271507965972147,1774271507969303279,3331
2569,1774271507970901044,1774271507974617052,3716
2570,1774271507976220769,1774271507980093469,3872
2571,1774271507981759557,1774271507985661262,3901
2572,1774271507993124243,1774271507996364705,3240
2573,1774271507998030023,1774271508002015607,3985
2574,1774271508003796241,1774271508007601778,3805
2575,1774271508009225759,1774271508012525927,3300
2576,1774271508014183132,1774271508018059410,3876
2577,1774271508019818754,1774271508023853749,4034
2578,1774271508025507441,1774271508029519827,4012
2579,1774271508031286056,1774271508035727162,4441
2580,1774271508037651558,1774271508041402145,3750
2581,1774271508043052669,1774271508047004957,3952
2582,1774271508048731369,1774271508052049042,3317
2583,1774271508053632616,1774271508057620492,3987
2584,1774271508059213576,1774271508062970479,3756
2585,1774271508064565341,1774271508067840869,3275
2586,1774271508069411960,1774271508072934178,3522
2587,1774271508074360115,1774271508077482488,3122
2588,1774271508078949337,1774271508082972657,4023
2589,1774271508084314777,1774271508088359011,4044
2590,1774271508089983591,1774271508093064734,3081
2591,1774271508094258715,1774271508097546631,3287
2592,1774271508099008741,1774271508102575583,3566
2593,1774271508104246080,1774271508107405945,3159
2594,1774271508108946431,1774271508112392927,3446
2595,1774271508114010526,1774271508117371020,3360
2596,1774271508118984160,1774271508122261940,3277
2597,1774271508123856173,1774271508127201528,3345
2598,1774271508128965675,1774271508132908635,3942
2599,1774271508134596011,1774271508138386822,3790
2600,1774271508140134114,1774271508144173267,4039
2601,1774271508145970637,1774271508149961922,3991
2602,1774271508151696534,1774271508155980452,4283
2603,1774271508157716942,1774271508161720149,4003
2604,1774271508163474542,1774271508167075885,3601
2605,1774271508168727961,1774271508172868456,4140
2606,1774271508174493087,1774271508177549552,3056
2607,1774271508179345369,1774271508182684880,3339
2608,1774271508184308323,1774271508188328307,4019
2609,1774271508190014868,1774271508193798459,3783
2610,1774271508195431011,1774271508199470893,4039
2611,1774271508201265654,1774271508205296128,4030
2612,1774271508206959079,1774271508210001976,3042
2613,1774271508211596226,1774271508215808912,4212
2614,1774271508217637495,1774271508220841997,3204
2615,1774271508222519146,1774271508225622806,3103
2616,1774271508227322434,1774271508230532084,3209
2617,1774271508232130329,1774271508235297574,3167
2618,1774271508237000402,1774271508240344595,3344
2619,1774271508242125863,1774271508245415509,3289
2620,1774271508247126404,1774271508251150050,4023
2621,1774271508252995808,1774271508256697375,3701
2622,1774271508258600250,1774271508261759722,3159
2623,1774271508263462958,1774271508266712841,3249
2624,1774271508268527041,1774271508272105107,3578
2625,1774271508273977468,1774271508277701401,3723
2626,1774271508279423973,1774271508283608891,4184
2627,1774271508285507148,1774271508289450364,3943
2628,1774271508291091679,1774271508295165271,4073
2629,1774271508297111806,1774271508301212156,4100
2630,1774271508302912794,1774271508307094502,4181
2631,1774271508309041027,1774271508313242308,4201
2632,1774271508315040821,1774271508319133901,4093
2633,1774271508320986659,1774271508325222862,4236
2634,1774271508327016495,1774271508331132765,4116
2635,1774271508333048780,1774271508336951176,3902
2636,1774271508338725380,1774271508342854954,4129
2637,1774271508344520055,1774271508347654711,3134
2638,1774271508349284454,1774271508353010880,3726
2639,1774271508354662083,1774271508358256871,3594
2640,1774271508359849539,1774271508363168364,3318
2641,1774271508364619435,1774271508367948048,3328
2642,1774271508369653029,1774271508372907195,3254
2643,1774271508374179388,1774271508377468709,3289
2644,1774271508379354630,1774271508382428699,3074
2645,1774271508384024554,1774271508387824685,3800
2646,1774271508389590521,1774271508393519861,3929
2647,1774271508395200043,1774271508398505527,3305
2648,1774271508400170788,1774271508404108928,3938
2649,1774271508405820622,1774271508409595639,3775
2650,1774271508411234631,1774271508414538466,3303
2651,1774271508416185175,1774271508420311289,4126
2652,1774271508422102046,1774271508425943973,3841
2653,1774271508427674781,1774271508431866671,4191
2654,1774271508433848914,1774271508437257431,3408
2655,1774271508439151642,1774271508442680964,3529
2656,1774271508444332078,1774271508448302280,3970
2657,1774271508450055027,1774271508454279160,4224
2658,1774271508456052967,1774271508459704754,3651
2659,1774271508461459427,1774271508464764488,3305
2660,1774271508466629483,1774271508470688062,4058
2661,1774271508472609308,1774271508476099882,3490
2662,1774271508477929050,1774271508481885574,3956
2663,1774271508483604344,1774271508486764667,3160
2664,1774271508488461883,1774271508492075479,3613
2665,1774271508493726933,1774271508498080614,4353
2666,1774271508499652286,1774271508503913875,4261
2667,1774271508505471210,1774271508508644187,3172
2668,1774271508510321870,1774271508514342928,4021
2669,1774271508515907046,1774271508519255465,3348
2670,1774271508521036712,1774271508525318707,4281
2671,1774271508527062048,1774271508530776370,3714
2672,1774271508532494991,1774271508536381063,3886
2673,1774271508538045105,1774271508542024087,3978
2674,1774271508543729966,1774271508547650717,3920
2675,1774271508549307226,1774271508553220280,3913
2676,1774271508555179870,1774271508558602007,3422
2677,1774271508560242622,1774271508564115840,3873
2678,1774271508566017505,1774271508569946468,3928
2679,1774271508571712798,1774271508575976045,4263
2680,1774271508577716914,1774271508581795254,4078
2681,1774271508583693230,1774271508587228829,3535
2682,1774271508588911666,1774271508592526486,3614
2683,1774271508594272985,1774271508597537972,3264
2684,1774271508599466981,1774271508603446536,3979
2685,1774271508605220359,1774271508608889318,3668
2686,1774271508610569690,1774271508614633063,4063
2687,1774271508616312025,1774271508620066237,3754
2688,1774271508621872285,1774271508625327427,3455
2689,1774271508626925848,1774271508630347250,3421
2690,1774271508631980078,1774271508635848862,3868
2691,1774271508637294037,1774271508640335344,3041
2692,1774271508641858701,1774271508645258891,3400
2693,1774271508646956037,1774271508649961303,3005
2694,1774271508651517338,1774271508654966066,3448
2695,1774271508656648040,1774271508660593535,3945
2696,1774271508662125455,1774271508666153615,4028
2697,1774271508667882166,1774271508671414602,3532
2698,1774271508673123895,1774271508677054942,3931
2699,1774271508678886765,1774271508682372164,3485
2700,1774271508684073036,1774271508688021580,3948
2701,1774271508689861793,1774271508693359111,3497
2702,1774271508695049323,1774271508698974356,3925
2703,1774271508700723572,1774271508704577993,3854
2704,1774271508706516532,1774271508710517366,4000
2705,1774271508712196504,1774271508715564329,3367
2706,1774271508717261345,1774271508721090141,3828
2707,1774271508722728643,1774271508726636711,3908
2708,1774271508728318062,1774271508731565181,3247
2709,1774271508733185889,1774271508736797669,3611
2710,1774271508738530282,1774271508742425888,3895
2711,1774271508744092023,1774271508747973340,3881
2712,1774271508749808938,1774271508753630755,3821
2713,1774271508755451998,1774271508759598915,4146
2714,1774271508761266205,1774271508764520511,3254
2715,1774271508765999298,1774271508770264710,4265
2716,1774271508771997385,1774271508775208733,3211
2717,1774271508776945994,1774271508780253414,3307
2718,1774271508781642766,1774271508785656263,4013
2719,1774271508786708005,1774271508789599060,2891
2720,1774271508791227606,1774271508794356730,3129
2721,1774271508795982066,1774271508799291519,3309
2722,1774271508800815549,1774271508804255098,3439
2723,1774271508805903539,1774271508809583102,3679
2724,1774271508811454055,1774271508814612694,3158
2725,1774271508816333634,1774271508820299400,3965
2726,1774271508822105313,1774271508826043607,3938
2727,1774271508827810282,1774271508831918488,4108
2728,1774271508833596177,1774271508837642961,4046
2729,1774271508839422104,1774271508843398799,3976
2730,1774271508845069381,1774271508848491116,3421
2731,1774271508850112390,1774271508854184117,4071
2732,1774271508855989269,1774271508859900829,3911
2733,1774271508861746181,1774271508865518893,3772
2734,1774271508867195252,1774271508871548123,4352
2735,1774271508873448334,1774271508876952008,3503
2736,1774271508878770146,1774271508883110056,4339
2737,1774271508884935864,1774271508888942537,4006
2738,1774271508890709813,1774271508894998056,4288
2739,1774271508896586666,1774271508900613469,4026
2740,1774271508902327776,1774271508905276037,2948
2741,1774271508906883081,1774271508910798347,3915
2742,1774271508912539340,1774271508915959069,3419
2743,1774271508917244960,1774271508921372809,4127
2744,1774271508922970568,1774271508926240564,3269
2745,1774271508927867629,1774271508931384597,3516
2746,1774271508933005572,1774271508937047207,4041
2747,1774271508938695688,1774271508942715511,4019
2748,1774271508944396440,1774271508947629126,3232
2749,1774271508949330044,1774271508952545839,3215
2750,1774271508954483009,1774271508958501877,4018
2751,1774271508960290960,1774271508963697541,3406
2752,1774271508965549056,1774271508969574620,4025
2753,1774271508971341393,1774271508975307441,3966
2754,1774271508977053248,1774271508980820850,3767
2755,1774271508982647320,1774271508986603912,3956
2756,1774271508988317421,1774271508991770777,3453
2757,1774271508993501496,1774271508997707092,4205
2758,1774271508999471505,1774271509003117517,3646
2759,1774271509004822068,1774271509008865008,4042
2760,1774271509010614214,1774271509014655130,4040
2761,1774271509016393040,1774271509020006243,3613
2762,1774271509021955118,1774271509026108726,4153
2763,1774271509027720011,1774271509031657181,3937
2764,1774271509033251365,1774271509037378220,4126
2765,1774271509039066135,1774271509042685223,3619
2766,1774271509044346313,1774271509047980252,3633
2767,1774271509049563242,1774271509053053346,3490
2768,1774271509054232419,1774271509058274968,4042
2769,1774271509059728419,1774271509062936639,3208
2770,1774271509064406901,1774271509067529726,3122
2771,1774271509069129587,1774271509073064535,3934
2772,1774271509074697874,1774271509078531024,3833
2773,1774271509080139390,1774271509083316160,3176
2774,1774271509084934247,1774271509088813494,3879
2775,1774271509090477933,1774271509094143850,3665
2776,1774271509095922938,1774271509099321830,3398
2777,1774271509101048624,1774271509104867689,3819
2778,1774271509106812788,1774271509110649554,3836
2779,1774271509112356356,1774271509115950314,3593
2780,1774271509117664964,1774271509121890834,4225
2781,1774271509123614558,1774271509127137724,3523
2782,1774271509128819979,1774271509132340323,3520
2783,1774271509134063745,1774271509138124970,4061
2784,1774271509139898826,1774271509143344734,3445
2785,1774271509145130685,1774271509149025082,3894
2786,1774271509150740864,1774271509154402895,3662
2787,1774271509156106577,1774271509159326506,3219
2788,1774271509161001297,1774271509165214915,4213
2789,1774271509166877826,1774271509170907751,4029
2790,1774271509172578849,1774271509175649557,3070
2791,1774271509177164207,1774271509180682385,3518
2792,1774271509182359891,1774271509186322175,3962
2793,1774271509187988862,1774271509191048859,3059
2794,1774271509192328971,1774271509195670305,3341
2795,1774271509197221145,1774271509201124711,3903
2796,1774271509202649481,1774271509206488159,3838
2797,1774271509208093866,1774271509211345500,3251
2798,1774271509212934273,1774271509216662276,3728
2799,1774271509218308050,1774271509221999341,3691
2800,1774271509223656457,1774271509227080598,3424
2801,1774271509228727636,1774271509232914582,4186
2802,1774271509234634917,1774271509238575025,3940
2803,1774271509240378137,1774271509243754561,3376
2804,1774271509245455264,1774271509248975238,3519
2805,1774271509250687050,1774271509254561007,3873
2806,1774271509256337262,1774271509260379410,4042
2807,1774271509262011349,1774271509265500720,3489
2808,1774271509267255109,1774271509271167535,3912
2809,1774271509272995587,1774271509276819301,3823
2810,1774271509278444784,1774271509281741349,3296
2811,1774271509283465543,1774271509286760119,3294
2812,1774271509288651637,1774271509292532650,3881
2813,1774271509294191202,1774271509298481117,4289
2814,1774271509300308401,1774271509304360062,4051
2815,1774271509305986175,1774271509310142165,4155
2816,1774271509311854218,1774271509316124550,4270
2817,1774271509317806907,1774271509321794117,3987
2818,1774271509323454666,1774271509326682859,3228
2819,1774271509328552415,1774271509332848161,4295
2820,1774271509334550078,1774271509338495606,3945
2821,1774271509340144018,1774271509344147080,4003
2822,1774271509345774500,1774271509349635877,3861
2823,1774271509351195778,1774271509354445467,3249
2824,1774271509356194675,1774271509359877434,3682
2825,1774271509361715529,1774271509365425790,3710
2826,1774271509367113748,1774271509371257560,4143
2827,1774271509372915908,1774271509376801944,3886
2828,1774271509378695629,1774271509382645841,3950
2829,1774271509384318838,1774271509388294641,3975
2830,1774271509390069877,1774271509393978694,3908
2831,1774271509395643000,1774271509399663620,4020
2832,1774271509401294768,1774271509404791343,3496
2833,1774271509406489107,1774271509409861769,3372
2834,1774271509411528538,1774271509415570319,4041
2835,1774271509417203913,1774271509421326503,4122
2836,1774271509422984679,1774271509426620694,3636
2837,1774271509428349687,1774271509432298889,3949
2838,1774271509434197227,1774271509438155349,3958
2839,1774271509439826147,1774271509444100233,4274
2840,1774271509445655932,1774271509449775602,4119
2841,1774271509451648064,1774271509455432457,3784
2842,1774271509457065950,1774271509460448921,3382
2843,1774271509462024096,1774271509466106600,4082
2844,1774271509467652872,1774271509471502025,3849
2845,1774271509473049356,1774271509477053574,4004
2846,1774271509478690468,1774271509482532330,3841
2847,1774271509484127000,1774271509487570770,3443
2848,1774271509489228825,1774271509493090062,3861
2849,1774271509494695491,1774271509498156936,3461
2850,1774271509499878448,1774271509503698388,3819
2851,1774271509505319264,1774271509508887885,3568
2852,1774271509510701862,1774271509514885346,4183
2853,1774271509516598015,1774271509520411161,3813
2854,1774271509522166480,1774271509525535196,3368
2855,1774271509527194668,1774271509531087497,3892
2856,1774271509532774456,1774271509536691718,3917
2857,1774271509538369031,1774271509542347229,3978
2858,1774271509544089285,1774271509547410925,3321
2859,1774271509549113439,1774271509552579094,3465
2860,1774271509554330242,1774271509558317879,3987
2861,1774271509559999942,1774271509563728227,3728
2862,1774271509565453055,1774271509569266694,3813
2863,1774271509571246705,1774271509575339400,4092
2864,1774271509577246038,1774271509581435534,4189
2865,1774271509583111417,1774271509586647793,3536
2866,1774271509588294779,1774271509591629682,3334
2867,1774271509593166686,1774271509596389197,3222
2868,1774271509598017472,1774271509601076662,3059
2869,1774271509602733048,1774271509606414383,3681
2870,1774271509607775937,1774271509611152341,3376
2871,1774271509612752144,1774271509616549184,3797
2872,1774271509618075817,1774271509622216675,4140
2873,1774271509623923864,1774271509627949917,4026
2874,1774271509629644705,1774271509633057647,3412
2875,1774271509634975334,1774271509638959843,3984
2876,1774271509640691425,1774271509644595012,3903
2877,1774271509646462861,1774271509650543676,4080
2878,1774271509652200145,1774271509656332734,4132
2879,1774271509658059488,1774271509661697711,3638
2880,1774271509663549270,1774271509667465961,3916
2881,1774271509669156426,1774271509672609911,3453
2882,1774271509674453775,1774271509678299272,3845
2883,1774271509679964332,1774271509683432777,3468
2884,1774271509685157304,1774271509689271361,4114
2885,1774271509690884939,1774271509694254343,3369
2886,1774271509695882377,1774271509699327033,3444
2887,1774271509700948167,1774271509704765841,3817
2888,1774271509706366854,1774271509709684241,3317
2889,1774271509711254960,1774271509714578032,3323
2890,1774271509716080152,1774271509719453653,3373
2891,1774271509721082176,1774271509725200837,4118
2892,1774271509726618927,1774271509730468540,3849
2893,1774271509731870092,1774271509735350881,3480
2894,1774271509737002850,1774271509741038085,4035
2895,1774271509742684067,1774271509746082230,3398
2896,1774271509747644419,1774271509750663398,3018
2897,1774271509752209548,1774271509755459167,3249
2898,1774271509757000543,1774271509760638128,3637
2899,1774271509762149011,1774271509766342326,4193
2900,1774271509768283763,1774271509772039467,3755
2901,1774271509773875837,1774271509778106789,4230
2902,1774271509780003850,1774271509783813807,3809
2903,1774271509785569950,1774271509789576446,4006
2904,1774271509791253492,1774271509795053185,3799
2905,1774271509796892017,1774271509800880666,3988
2906,1774271509802594525,1774271509806677835,4083
2907,1774271509808523602,1774271509812460928,3937
2908,1774271509814133221,1774271509817990638,3857
2909,1774271509819948579,1774271509823395498,3446
2910,1774271509825012216,1774271509829175427,4163
2911,1774271509830881566,1774271509835258338,4376
2912,1774271509836977598,1774271509840914420,3936
2913,1774271509842682923,1774271509846589588,3906
2914,1774271509848345760,1774271509852249854,3904
2915,1774271509853798353,1774271509857271820,3473
2916,1774271509858903556,1774271509862124703,3221
2917,1774271509863726692,1774271509867969516,4242
2918,1774271509869659114,1774271509872750118,3091
2919,1774271509874412292,1774271509877700369,3288
2920,1774271509879351840,1774271509883330255,3978
2921,1774271509884453843,1774271509888134833,3680
2922,1774271509889747174,1774271509893200674,3453
2923,1774271509894834006,1774271509898382246,3548
2924,1774271509900035383,1774271509903494810,3459
2925,1774271509905104492,1774271509909263904,4159
2926,1774271509911135051,1774271509915254982,4119
2927,1774271509917025825,1774271509921183304,4157
2928,1774271509923194621,1774271509927151040,3956
2929,1774271509928921940,1774271509932847133,3925
2930,1774271509934531256,1774271509937802200,3270
2931,1774271509939576444,1774271509943296539,3720
2932,1774271509944967463,1774271509948867404,3899
2933,1774271509950674213,1774271509954494302,3820
2934,1774271509956390246,1774271509960392880,4002
2935,1774271509962068165,1774271509966202669,4134
2936,1774271509968063066,1774271509972260848,4197
2937,1774271509973942208,1774271509978116787,4174
2938,1774271509980107733,1774271509984379741,4272
2939,1774271509985949434,1774271509990369895,4420
2940,1774271509992025005,1774271509996163351,4138
2941,1774271509997868271,1774271510001575926,3707
2942,1774271510003280296,1774271510007331751,4051
2943,1774271510009069373,1774271510013134694,4065
2944,1774271510014827159,1774271510018973902,4146
2945,1774271510020527367,1774271510024155780,3628
2946,1774271510025649556,1774271510028739590,3090
2947,1774271510030449343,1774271510033695724,3246
2948,1774271510035408358,1774271510039154617,3746
2949,1774271510040931352,1774271510044951023,4019
2950,1774271510046875547,1774271510050988395,4112
2951,1774271510052899794,1774271510057349021,4449
2952,1774271510059117708,1774271510062412353,3294
2953,1774271510063958506,1774271510067546473,3587
2954,1774271510069132738,1774271510072757286,3624
2955,1774271510074248459,1774271510078305508,4057
2956,1774271510079937649,1774271510083407991,3470
2957,1774271510085006367,1774271510088978505,3972
2958,1774271510090608544,1774271510094392972,3784
2959,1774271510096081938,1774271510099361847,3279
2960,1774271510100979507,1774271510104706390,3726
2961,1774271510106471285,1774271510109673565,3202
2962,1774271510111439503,1774271510115351775,3912
2963,1774271510117089807,1774271510120859581,3769
2964,1774271510122631685,1774271510126941215,4309
2965,1774271510128517455,1774271510132373803,3856
2966,1774271510134210083,1774271510137235108,3025
2967,1774271510138753534,1774271510142021661,3268
2968,1774271510143565827,1774271510147768484,4202
2969,1774271510149273705,1774271510152350682,3076
2970,1774271510153993457,1774271510157247344,3253
2971,1774271510158834017,1774271510162543036,3709
2972,1774271510163970742,1774271510166986081,3015
2973,1774271510168490196,1774271510172006348,3516
2974,1774271510173270018,1774271510176221386,2951
2975,1774271510177865425,1774271510181236645,3371
2976,1774271510182865436,1774271510186352794,3487
2977,1774271510187975842,1774271510191994765,4018
2978,1774271510193797340,1774271510197462415,3665
2979,1774271510199143119,1774271510203229003,4085
2980,1774271510205048402,1774271510208448492,3400
2981,1774271510210291838,1774271510214201909,3910
2982,1774271510215916492,1774271510220034608,4118
2983,1774271510221720703,1774271510225712334,3991
2984,1774271510227583005,1774271510231256526,3673
2985,1774271510232945011,1774271510236952914,4007
2986,1774271510238642222,1774271510242745652,4103
2987,1774271510244752168,1774271510248871780,4119
2988,1774271510250583829,1774271510254473793,3889
2989,1774271510256305546,1774271510259642572,3337
2990,1774271510261495386,1774271510264942565,3447
2991,1774271510266752586,1774271510269705173,2952
2992,1774271510271325381,1774271510275251349,3925
2993,1774271510276889869,1774271510280433625,3543
2994,1774271510281991698,1774271510285941595,3949
2995,1774271510287548265,1774271510291121911,3573
2996,1774271510292511798,1774271510296383056,3871
2997,1774271510297933687,1774271510301239778,3306
2998,1774271510302869275,1774271510306952330,4083
2999,1774271510308590708,1774271510312504650,3913
3000,1774271510314136325,1774271510317415383,3279
3001,1774271510319135292,1774271510323093055,3957
3002,1774271510325032822,1774271510328714013,3681
3003,1774271510330394312,1774271510334592002,4197
3004,1774271510336256261,1774271510339952491,3696
3005,1774271510341624483,1774271510345529243,3904
3006,1774271510347159717,1774271510350722284,3562
3007,1774271510352475429,1774271510356317987,3842
3008,1774271510357914033,1774271510361700957,3786
3009,1774271510363544831,1774271510367471711,3926
3010,1774271510369130050,1774271510373112674,3982
3011,1774271510375014714,1774271510379063907,4049
3012,1774271510380884532,1774271510385085205,4200
3013,1774271510386941038,1774271510390278020,3336
3014,1774271510391953373,1774271510396065337,4111
3015,1774271510397847875,1774271510401317819,3469
3016,1774271510402948727,1774271510406939338,3990
3017,1774271510408556066,1774271510412072262,3516
3018,1774271510413765681,1774271510416977535,3211
3019,1774271510418763530,1774271510422859309,4095
3020,1774271510424618758,1774271510427689434,3070
3021,1774271510429286814,1774271510432451678,3164
3022,1774271510433992144,1774271510436808589,2816
3023,1774271510438266346,1774271510442290776,4024
3024,1774271510443834621,1774271510447482788,3648
3025,1774271510449159825,1774271510453064323,3904
3026,1774271510454850183,1774271510458778483,3928
3027,1774271510460518306,1774271510463855268,3336
3028,1774271510465500964,1774271510469356119,3855
3029,1774271510471169476,1774271510474863800,3694
3030,1774271510476618253,1774271510480571445,3953
3031,1774271510482213085,1774271510485767995,3554
3032,1774271510487500471,1774271510491371647,3871
3033,1774271510493042230,1774271510496523678,3481
3034,1774271510498419654,1774271510502536801,4117
3035,1774271510504226284,1774271510507949380,3723
3036,1774271510509898067,1774271510514036432,4138
3037,1774271510515746063,1774271510519574828,3828
3038,1774271510521295244,1774271510524771471,3476
3039,1774271510526517271,1774271510530521046,4003
3040,1774271510532271167,1774271510535535066,3263
3041,1774271510537204001,1774271510541215042,4011
3042,1774271510542844621,1774271510546611612,3766
3043,1774271510548234021,1774271510552407789,4173
3044,1774271510554146699,1774271510557354594,3207
3045,1774271510558766334,1774271510563101086,4334
3046,1774271510564346500,1774271510568224564,3878
3047,1774271510569852384,1774271510573709362,3856
3048,1774271510575416426,1774271510579165681,3749
3049,1774271510580855659,1774271510584360533,3504
3050,1774271510586042091,1774271510589912910,3870
3051,1774271510591480912,1774271510595019795,3538
3052,1774271510596724819,1774271510600805667,4080
3053,1774271510602575189,1774271510605709059,3133
3054,1774271510607569012,1774271510611435744,3866
3055,1774271510613087405,1774271510616757017,3669
3056,1774271510618411289,1774271510621628231,3216
3057,1774271510623478205,1774271510627545815,4067
3058,1774271510629256754,1774271510632601998,3345
3059,1774271510634325501,1774271510638200913,3875
3060,1774271510640051154,1774271510643868181,3817
3061,1774271510645837484,1774271510649815701,3978
3062,1774271510651491587,1774271510655552575,4060
3063,1774271510657398926,1774271510661295141,3896
3064,1774271510662972270,1774271510666871390,3899
3065,1774271510668881854,1774271510672825649,3943
3066,1774271510674554903,1774271510677719917,3165
3067,1774271510679348169,1774271510682632590,3284
3068,1774271510684329055,1774271510688229867,3900
3069,1774271510689665301,1774271510693273475,3608
3070,1774271510694937015,1774271510698423487,3486
3071,1774271510700051314,1774271510704125533,4074
3072,1774271510705824311,1774271510708807347,2983
3073,1774271510710560839,1774271510713715585,3154
3074,1774271510715223078,1774271510718387814,3164
3075,1774271510719986879,1774271510724033961,4047
3076,1774271510725630835,1774271510729184574,3553
3077,1774271510730880166,1774271510734771308,3891
3078,1774271510736494887,1774271510740366961,3872
3079,1774271510742088087,1774271510745989450,3901
3080,1774271510747693553,1774271510751600974,3907
3081,1774271510753564352,1774271510756745320,3180
3082,1774271510758482560,1774271510762235643,3753
3083,1774271510763927633,1774271510767798508,3870
3084,1774271510769517979,1774271510773656556,4138
3085,1774271510775335200,1774271510778532470,3197
3086,1774271510780204928,1774271510784210204,4005
3087,1774271510785884680,1774271510789878917,3994
3088,1774271510791498994,1774271510795388120,3889
3089,1774271510797092082,1774271510801027949,3935
3090,1774271510802836246,1774271510806651364,3815
3091,1774271510808344533,1774271510812010405,3665
3092,1774271510813722743,1774271510817692877,3970
3093,1774271510819314927,1774271510822463021,3148
3094,1774271510824028744,1774271510828049445,4020
3095,1774271510829694900,1774271510832968144,3273
3096,1774271510834558119,1774271510838442731,3884
3097,1774271510840049336,1774271510842907161,2857
3098,1774271510844515775,1774271510848021996,3506
3099,1774271510849651506,1774271510853574887,3923
3100,1774271510855297728,1774271510859165649,3867
3101,1774271510860862812,1774271510864303634,3440
3102,1774271510865946271,1774271510869986818,4040
3103,1774271510871769477,1774271510875523471,3753
3104,1774271510877202775,1774271510881185786,3983
3105,1774271510882868246,1774271510886865533,3997
3106,1774271510888780597,1774271510892274405,3493
3107,1774271510894070330,1774271510898195281,4124
3108,1774271510900008564,1774271510903945434,3936
3109,1774271510905652057,1774271510909646240,3994
3110,1774271510911693148,1774271510915203301,3510
3111,1774271510916918337,1774271510920748310,3829
3112,1774271510922523199,1774271510926196786,3673
3113,1774271510928051708,1774271510932020951,3969
3114,1774271510933770846,1774271510937495611,3724
3115,1774271510939306720,1774271510943147613,3840
3116,1774271510944596116,1774271510948335634,3739
3117,1774271510949933446,1774271510953948002,4014
3118,1774271510955536424,1774271510959322922,3786
3119,1774271510960998101,1774271510964183596,3185
3120,1774271510965882916,1774271510970057035,4174
3121,1774271510971464983,1774271510974718022,3253
3122,1774271510976343447,1774271510979866916,3523
3123,1774271510981460835,1774271510984548984,3088
3124,1774271510986387179,1774271510990394491,4007
3125,1774271510992123202,1774271510996159062,4035
3126,1774271510998119073,1774271511002131588,4012
3127,1774271511003929741,1774271511007805310,3875
3128,1774271511009567427,1774271511013522218,3954
3129,1774271511015333900,1774271511019157595,3823
3130,1774271511021072934,1774271511024496072,3423
3131,1774271511026108370,1774271511029951142,3842
3132,1774271511031898211,1774271511035602516,3704
3133,1774271511037588367,1774271511041574707,3986
3134,1774271511043216076,1774271511046602107,3386
3135,1774271511048542378,1774271511051772121,3229
3136,1774271511053475784,1774271511056676489,3200
3137,1774271511058455986,1774271511062571579,4115
3138,1774271511064261476,1774271511068515934,4254
3139,1774271511070120414,1774271511073582591,3462
3140,1774271511075295996,1774271511079190416,3894
3141,1774271511080830690,1774271511084814158,3983
3142,1774271511086465991,1774271511089522899,3056
3143,1774271511091169659,1774271511095092743,3923
3144,1774271511096699262,1774271511100187020,3487
3145,1774271511101864488,1774271511105000984,3136
3146,1774271511106668879,1774271511110702873,4033
3147,1774271511112327270,1774271511116266840,3939
3148,1774271511117966651,1774271511122023873,4057
3149,1774271511123823445,1774271511127715786,3892
3150,1774271511129597072,1774271511133119462,3522
3151,1774271511134794825,1774271511138941382,4146
3152,1774271511140645132,1774271511144204642,3559
3153,1774271511145870532,1774271511149480348,3609
3154,1774271511151139523,1774271511154525979,3386
3155,1774271511156192451,1774271511159700664,3508
3156,1774271511161485683,1774271511165402954,3917
3157,1774271511167265070,1774271511171291260,4026
3158,1774271511173146936,1774271511177219114,4072
3159,1774271511179105742,1774271511182710614,3604
3160,1774271511184562923,1774271511188657664,4094
3161,1774271511190451804,1774271511194178864,3727
3162,1774271511195885761,1774271511200077878,4192
3163,1774271511201816760,1774271511205710458,3893
3164,1774271511207360625,1774271511211140859,3780
3165,1774271511213013153,1774271511216572378,3559
3166,1774271511218388199,1774271511221459937,3071
3167,1774271511223212928,1774271511227191195,3978
3168,1774271511228914830,1774271511232095281,3180
3169,1774271511233725762,1774271511236846432,3120
3170,1774271511238501598,1774271511242124299,3622
3171,1774271511243914505,1774271511247775942,3861
3172,1774271511249401884,1774271511252716401,3314
3173,1774271511254466103,1774271511258403808,3937
3174,1774271511260165021,1774271511264283176,4118
3175,1774271511265942301,1774271511269762781,3820
3176,1774271511271493801,1774271511275215542,3721
3177,1774271511276920560,1774271511280788013,3867
3178,1774271511282414631,1774271511286066468,3651
3179,1774271511287736678,1774271511291750175,4013
3180,1774271511293459912,1774271511297040277,3580
3181,1774271511298731402,1774271511302293211,3561
3182,1774271511303956757,1774271511307752994,3796
3183,1774271511309665663,1774271511313528725,3863
3184,1774271511315205690,1774271511319023860,3818
3185,1774271511320664037,1774271511324655415,3991
3186,1774271511326343110,1774271511330340426,3997
3187,1774271511332123883,1774271511336659979,4536
3188,1774271511338453474,1774271511342387255,3933
3189,1774271511344135726,1774271511348238826,4103
3190,1774271511350067020,1774271511353946240,3879
3191,1774271511355632771,1774271511359600455,3967
3192,1774271511361309672,1774271511365275367,3965
3193,1774271511367098415,1774271511370422150,3323
3194,1774271511371967706,1774271511375816244,3848
3195,1774271511377261161,1774271511380979948,3718
3196,1774271511382407047,1774271511386279600,3872
3197,1774271511387843405,1774271511390966970,3123
3198,1774271511392460425,1774271511396484191,4023
3199,1774271511398165178,1774271511401475584,3310
3200,1774271511403245936,1774271511406474273,3228
3201,1774271511408019983,1774271511411583827,3563
3202,1774271511413369854,1774271511417366515,3996
3203,1774271511418987126,1774271511422727653,3740
3204,1774271511424519780,1774271511428161124,3641
3205,1774271511429966065,1774271511433787893,3821
3206,1774271511435587303,1774271511439656599,4069
3207,1774271511441329139,1774271511445069273,3740
3208,1774271511446857733,1774271511451121601,4263
3209,1774271511453061695,1774271511457086888,4025
3210,1774271511458908284,1774271511463015682,4107
3211,1774271511464857950,1774271511468319771,3461
3212,1774271511470101326,1774271511474248330,4147
3213,1774271511476238821,1774271511480209742,3970
3214,1774271511481902699,1774271511486107249,4204
3215,1774271511487779541,1774271511491591585,3812
3216,1774271511493289906,1774271511497361087,4071
3217,1774271511499014415,1774271511502099416,3085
3218,1774271511503795275,1774271511507985935,4190
3219,1774271511509131112,1774271511512242399,3111
3220,1774271511513839197,1774271511517898612,4059
3221,1774271511519633176,1774271511522690429,3057
3222,1774271511524321201,1774271511527803446,3482
3223,1774271511529375824,1774271511532873722,3497
3224,1774271511534462474,1774271511537574076,3111
3225,1774271511539113177,1774271511543031619,3918
3226,1774271511544660029,1774271511548471647,3811
3227,1774271511550052721,1774271511553967069,3914
3228,1774271511555770768,1774271511559856503,4085
3229,1774271511561616196,1774271511565611360,3995
3230,1774271511567665104,1774271511571712304,4047
3231,1774271511573451159,1774271511577167782,3716
3232,1774271511578838065,1774271511582362211,3524
3233,1774271511584142680,1774271511587903453,3760
3234,1774271511589948288,1774271511593897300,3949
3235,1774271511595619792,1774271511599282949,3663
3236,1774271511601109495,1774271511605502834,4393
3237,1774271511607219176,1774271511610920245,3701
3238,1774271511612833701,1774271511616952886,4119
3239,1774271511618706568,1774271511622839413,4132
3240,1774271511624737263,1774271511628695557,3958
3241,1774271511630361763,1774271511633659879,3298
3242,1774271511635420841,1774271511639494219,4073
3243,1774271511641141468,1774271511644293454,3151
3244,1774271511645984598,1774271511649373524,3388
3245,1774271511651123561,1774271511654826538,3702
3246,1774271511656566547,1774271511660017717,3451
3247,1774271511661318163,1774271511665489595,4171
3248,1774271511666971522,1774271511670371878,3400
3249,1774271511672120431,1774271511676147912,4027
3250,1774271511677898849,1774271511681706744,3807
3251,1774271511683391391,1774271511687201971,3810
3252,1774271511688979742,1774271511692507271,3527
3253,1774271511694468638,1774271511698352740,3884
3254,1774271511699995012,1774271511703316133,3321
3255,1774271511705086540,1774271511708966191,3879
3256,1774271511710765703,1774271511714682341,3916
3257,1774271511716464534,1774271511719653655,3189
3258,1774271511721395266,1774271511725476420,4081
3259,1774271511727259325,1774271511730564695,3305
3260,1774271511732234192,1774271511735568871,3334
3261,1774271511737252182,1774271511740994671,3742
3262,1774271511742719106,1774271511746565985,3846
3263,1774271511748230137,1774271511751671290,3441
3264,1774271511753361977,1774271511757274300,3912
3265,1774271511759201241,1774271511763195816,3994
3266,1774271511764871212,1774271511768530481,3659
3267,1774271511770161678,1774271511773975123,3813
3268,1774271511775607911,1774271511779339350,3731
3269,1774271511781031874,1774271511785293477,4261
3270,1774271511786831154,1774271511790272184,3441
3271,1774271511791605064,1774271511794610775,3005
3272,1774271511796333525,1774271511800425576,4092
3273,1774271511801909653,1774271511805924383,4014
3274,1774271511807551522,1774271511811469215,3917
3275,1774271511813183186,1774271511816484925,3301
3276,1774271511818281464,1774271511822117667,3836
3277,1774271511823751332,1774271511826938940,3187
3278,1774271511828613448,1774271511832539250,3925
3279,1774271511834164958,1774271511838121264,3956
3280,1774271511839804158,1774271511843370794,3566
3281,1774271511845132466,1774271511849067496,3935
3282,1774271511850835778,1774271511854615727,3779
3283,1774271511856255461,1774271511860055117,3799
3284,1774271511861685748,1774271511865471034,3785
3285,1774271511867219260,1774271511871108652,3889
3286,1774271511872809230,1774271511876664838,3855
3287,1774271511878407834,1774271511881671933,3264
3288,1774271511883332462,1774271511887290999,3958
3289,1774271511889122583,1774271511892470552,3347
3290,1774271511894118241,1774271511898066040,3947
3291,1774271511899760603,1774271511903649086,3888
3292,1774271511905090932,1774271511909213487,4122
3293,1774271511910747470,1774271511914760703,4013
3294,1774271511916399729,1774271511920390732,3991
3295,1774271511922069213,1774271511925514158,3444
3296,1774271511927037380,1774271511930708737,3671
3297,1774271511932148372,1774271511935963426,3815
3298,1774271511937732108,1774271511941778695,4046
3299,1774271511943441769,1774271511947431805,3990
3300,1774271511949127258,1774271511952421929,3294
3301,1774271511954064873,1774271511957909479,3844
3302,1774271511959670363,1774271511963653290,3982
3303,1774271511965313660,1774271511969334191,4020
3304,1774271511971083252,1774271511975099250,4015
3305,1774271511977117533,1774271511981256750,4139
3306,1774271511983072911,1774271511987096310,4023
3307,1774271511988966005,1774271511992910771,3944
3308,1774271511994583002,1774271511997737439,3154
3309,1774271511999411911,1774271512002682184,3270
3310,1774271512004322354,1774271512008236188,3913
3311,1774271512009907723,1774271512013636177,3728
3312,1774271512015287087,1774271512018502075,3214
3313,1774271512020346269,1774271512024521992,4175
3314,1774271512026133028,1774271512029737508,3604
3315,1774271512031407199,1774271512035210260,3803
3316,1774271512036863382,1774271512040838413,3975
3317,1774271512042621239,1774271512046134370,3513
3318,1774271512047861276,1774271512052007539,4146
3319,1774271512053608834,1774271512057439496,3830
3320,1774271512058817150,1774271512061995915,3178
3321,1774271512063295908,1774271512066598326,3302
3322,1774271512068558501,1774271512071836485,3277
3323,1774271512072931096,1774271512077000114,4069
3324,1774271512078608350,1774271512081709356,3101
3325,1774271512083362755,1774271512086941604,3578
3326,1774271512088487819,1774271512092404334,3916
3327,1774271512094066930,1774271512097459741,3392
3328,1774271512099110360,1774271512103065660,3955
3329,1774271512104944783,1774271512108792993,3848
3330,1774271512110640264,1774271512114630368,3990
3331,1774271512116485758,1774271512120374994,3889
3332,1774271512122229900,1774271512125419148,3189
3333,1774271512127137733,1774271512131287313,4149
3334,1774271512133118290,1774271512137188704,4070
3335,1774271512138971892,1774271512142883766,3911
3336,1774271512144734036,1774271512148826828,4092
3337,1774271512150498513,1774271512153837353,3338
3338,1774271512155584181,1774271512159704525,4120
3339,1774271512161413880,1774271512164941390,3527
3340,1774271512166649571,1774271512170494144,3844
3341,1774271512172388021,1774271512176553277,4165
3342,1774271512178258144,1774271512181978317,3720
3343,1774271512183884642,1774271512186997353,3112
3344,1774271512188717685,1774271512192853519,4135
3345,1774271512194695102,1774271512197962576,3267
3346,1774271512199652027,1774271512202810094,3158
3347,1774271512204463563,1774271512207628322,3164
3348,1774271512209087346,1774271512212182122,3094
3349,1774271512213962503,1774271512217954423,3991
3350,1774271512219490506,1774271512223170199,3679
3351,1774271512224877898,1774271512228773430,3895
3352,1774271512230459898,1774271512233597759,3137
3353,1774271512235202889,1774271512238954231,3751
3354,1774271512240668401,1774271512244539742,3871
3355,1774271512246286158,1774271512250304726,4018
3356,1774271512251961405,1774271512256130821,4169
3357,1774271512257974366,1774271512262144333,4169
3358,1774271512263777408,1774271512267176649,3399
3359,1774271512268988249,1774271512273068862,4080
3360,1774271512274849410,1774271512278519909,3670
3361,1774271512280195424,1774271512283896662,3701
3362,1774271512285731232,1774271512289666353,3935
3363,1774271512291325060,1774271512295133819,3808
3364,1774271512296846031,1774271512300474899,3628
3365,1774271512302369335,1774271512306380435,4011
3366,1774271512308045036,1774271512311413874,3368
3367,1774271512313263708,1774271512317546104,4282
3368,1774271512319339530,1774271512322991314,3651
3369,1774271512324754252,1774271512328915733,4161
3370,1774271512330452089,1774271512334306694,3854
3371,1774271512336016529,1774271512339372269,3355
3372,1774271512341070017,1774271512345155317,4085
3373,1774271512346747168,1774271512350040810,3293
3374,1774271512351228767,1774271512354864712,3635
3375,1774271512356538990,1774271512359682964,3143
3376,1774271512361379174,1774271512365167079,3787
3377,1774271512366957118,1774271512370949342,3992
3378,1774271512372593847,1774271512375833158,3239
3379,1774271512377518633,1774271512381063954,3545
3380,1774271512382718977,1774271512386626958,3907
3381,1774271512388328205,1774271512392043640,3715
3382,1774271512394052502,1774271512397673252,3620
3383,1774271512399355943,1774271512403355418,3999
3384,1774271512405117466,1774271512408895417,3777
3385,1774271512410788652,1774271512414974469,4185
3386,1774271512416710566,1774271512420638811,3928
3387,1774271512422555903,1774271512426524549,3968
3388,1774271512428198428,1774271512431496381,3297
3389,1774271512433175017,1774271512436566621,3391
3390,1774271512438238622,1774271512442364153,4125
3391,1774271512444141056,1774271512447877246,3736
3392,1774271512449627397,1774271512453043623,3416
3393,1774271512454901999,1774271512458025542,3123
3394,1774271512459748059,1774271512463654686,3906
3395,1774271512465320928,1774271512468969687,3648
3396,1774271512470597155,1774271512473684261,3087
3397,1774271512475251301,1774271512478730347,3479
3398,1774271512480133885,1774271512483439754,3305
3399,1774271512485093438,1774271512488555741,3462
3400,1774271512490190225,1774271512493463001,3272
3401,1774271512495052024,1774271512498933981,3881
3402,1774271512500602095,1774271512504497138,3895
3403,1774271512506064337,1774271512509123236,3058
3404,1774271512510892184,1774271512514830776,3938
3405,1774271512516535213,1774271512520030538,3495
3406,1774271512521794592,1774271512525601832,3807
3407,1774271512527437894,1774271512531049358,3611
3408,1774271512532871670,1774271512537095677,4224
3409,1774271512538868938,1774271512542872851,4003
3410,1774271512544834689,1774271512548662415,3827
3411,1774271512550479411,1774271512554251947,3772
3412,1774271512555885528,1774271512559964348,4078
3413,1774271512561639631,1774271512565275204,3635
3414,1774271512567086607,1774271512570682141,3595
3415,1774271512572342643,1774271512576374396,4031
3416,1774271512578043317,1774271512581525889,3482
3417,1774271512583215197,1774271512587362686,4147
3418,1774271512589072896,1774271512593253871,4180
3419,1774271512594885067,1774271512598163400,3278
3420,1774271512599859849,1774271512603467382,3607
3421,1774271512605236802,1774271512608450206,3213
3422,1774271512610053517,1774271512613549239,3495
3423,1774271512615302220,1774271512619386549,4084
3424,1774271512620969859,1774271512623863133,2893
3425,1774271512625508928,1774271512629538723,4029
3426,1774271512631229331,1774271512634812920,3583
3427,1774271512636533032,1774271512640309088,3776
3428,1774271512641893781,1774271512645805001,3911
3429,1774271512647465436,1774271512650657419,3191
3430,1774271512652333927,1774271512655517275,3183
3431,1774271512657173631,1774271512660476915,3303
3432,1774271512662310865,1774271512666218260,3907
3433,1774271512667895026,1774271512671598878,3703
3434,1774271512673191283,1774271512677166517,3975
3435,1774271512679078030,1774271512683386380,4308
3436,1774271512685149054,1774271512688532469,3383
3437,1774271512690354336,1774271512694280439,3926
3438,1774271512696186509,1774271512700038552,3852
3439,1774271512701855482,1774271512705813306,3957
3440,1774271512707635096,1774271512711711790,4076
3441,1774271512713576046,1774271512717553184,3977
3442,1774271512719324475,1774271512723167178,3842
3443,1774271512725048576,1774271512729217290,4168
3444,1774271512730988501,1774271512734381411,3392
3445,1774271512736010710,1774271512739422757,3412
3446,1774271512740997817,1774271512745149082,4151
3447,1774271512746921919,1774271512750368700,3446
3448,1774271512752096063,1774271512756179509,4083
3449,1774271512757942485,1774271512761432355,3489
3450,1774271512763018801,1774271512767193819,4175
3451,1774271512768916385,1774271512772432692,3516
3452,1774271512774203503,1774271512778116425,3912
3453,1774271512779726692,1774271512783553741,3827
3454,1774271512785264531,1774271512789251357,3986
3455,1774271512790987581,1774271512794846828,3859
3456,1774271512796798907,1774271512800215261,3416
3457,1774271512801943731,1774271512806028276,4084
3458,1774271512807690982,1774271512811164663,3473
3459,1774271512812830396,1774271512816721310,3890
3460,1774271512818473314,1774271512822167937,3694
3461,1774271512823863699,1774271512828111551,4247
3462,1774271512829852314,1774271512833343285,3490
3463,1774271512835031294,1774271512839057102,4025
3464,1774271512840976298,1774271512845071136,4094
3465,1774271512846858179,1774271512850738780,3880
3466,1774271512852415641,1774271512855646436,3230
3467,1774271512857314036,1774271512860612673,3298
3468,1774271512862265378,1774271512866321930,4056
3469,1774271512867824008,1774271512870762850,2938
3470,1774271512872428309,1774271512876285226,3856
3471,1774271512878029489,1774271512882145284,4115
3472,1774271512883453522,1774271512886598140,3144
3473,1774271512888266240,1774271512891707935,3441
3474,1774271512893297769,1774271512896221581,2923
3475,1774271512897279713,1774271512901225630,3945
3476,1774271512902886843,1774271512906671926,3785
3477,1774271512908387674,1774271512911541921,3154
3478,1774271512913122424,1774271512916875112,3752
3479,1774271512918523614,1774271512922358754,3835
3480,1774271512924218984,1774271512927839792,3620
3481,1774271512929597496,1774271512932779305,3181
3482,1774271512934480324,1774271512938302014,3821
3483,1774271512939982425,1774271512943859525,3877
3484,1774271512945596198,1774271512949622302,4026
3485,1774271512951236734,1774271512955291481,4054
3486,1774271512957074603,1774271512960388510,3313
3487,1774271512962076013,1774271512965372081,3296
3488,1774271512967104763,1774271512971062589,3957
3489,1774271512972726158,1774271512976631218,3905
3490,1774271512978330393,1774271512982332711,4002
3491,1774271512984031505,1774271512988176403,4144
3492,1774271512989848690,1774271512993764239,3915
3493,1774271512995539876,1774271512999513014,3973
3494,1774271513001141339,1774271513004523011,3381
3495,1774271513006154498,1774271513010451723,4297
3496,1774271513012026501,1774271513015099805,3073
3497,1774271513016620408,1774271513019908051,3287
3498,1774271513021278446,1774271513024233163,2954
3499,1774271513025946858,1774271513030017287,4070
3500,1774271513031476176,1774271513035387132,3910
3501,1774271513037064453,1774271513040236630,3172
3502,1774271513041920904,1774271513045730781,3809
3503,1774271513047541630,1774271513051166408,3624
3504,1774271513052899022,1774271513056959392,4060
3505,1774271513058713954,1774271513062550067,3836
3506,1774271513064246503,1774271513068116475,3869
3507,1774271513069903452,1774271513073563806,3660
3508,1774271513075054875,1774271513078505843,3450
3509,1774271513080107427,1774271513084134498,4027
3510,1774271513085824212,1774271513089773315,3949
3511,1774271513091371634,1774271513094535287,3163
3512,1774271513096351219,1774271513100513221,4162
3513,1774271513102238742,1774271513106259171,4020
3514,1774271513107933830,1774271513112009975,4076
3515,1774271513113762358,1774271513117613039,3850
3516,1774271513119569602,1774271513123330454,3760
3517,1774271513125068989,1774271513128991430,3922
3518,1774271513130688677,1774271513134612939,3924
3519,1774271513136257707,1774271513140580262,4322
3520,1774271513142365132,1774271513145660667,3295
3521,1774271513147062732,1774271513150417528,3354
3522,1774271513151929932,1774271513155268852,3338
3523,1774271513156599968,1774271513160093160,3493
3524,1774271513161593745,1774271513165778122,4184
3525,1774271513167219472,1774271513170379922,3160
3526,1774271513172029947,1774271513175971255,3941
3527,1774271513177549357,1774271513181457898,3908
3528,1774271513183060234,1774271513186279791,3219
3529,1774271513187981278,1774271513191619286,3638
3530,1774271513193413217,1774271513197310849,3897
3531,1774271513198978297,1774271513202467407,3489
3532,1774271513204137734,1774271513208069262,3931
3533,1774271513209839314,1774271513213757368,3918
3534,1774271513215525792,1774271513218655498,3129
3535,1774271513220447416,1774271513224518883,4071
3536,1774271513226172020,1774271513229582489,3410
3537,1774271513231273585,1774271513234520406,3246
3538,1774271513236147447,1774271513240260557,4113
3539,1774271513241963807,1774271513245774632,3810
3540,1774271513247489138,1774271513251506096,4016
3541,1774271513253198183,1774271513257502127,4303
3542,1774271513259197298,1774271513263512552,4315
3543,1774271513265332435,1774271513269293401,3960
3544,1774271513271114110,1774271513275196012,4081
3545,1774271513276741567,1774271513280967037,4225
3546,1774271513282612860,1774271513286253521,3640
3547,1774271513287983076,1774271513291117858,3134
3548,1774271513292242059,1774271513296358021,4115
3549,1774271513298052342,1774271513301022880,2970
3550,1774271513302450130,1774271513306450053,3999
3551,1774271513308151673,1774271513312203892,4052
3552,1774271513313853178,1774271513317413898,3560
3553,1774271513319106684,1774271513322439716,3333
3554,1774271513324118138,1774271513327434735,3316
3555,1774271513329097112,1774271513333225217,4128
3556,1774271513334897463,1774271513338724585,3827
3557,1774271513340400390,1774271513343588213,3187
3558,1774271513345461315,1774271513349860807,4399
3559,1774271513351716307,1774271513355311320,3595
3560,1774271513357096624,1774271513361234079,4137
3561,1774271513363022818,1774271513366642650,3619
3562,1774271513368305066,1774271513371520753,3215
3563,1774271513373094722,1774271513376370435,3275
3564,1774271513378144516,1774271513382015899,3871
3565,1774271513383725551,1774271513387345799,3620
3566,1774271513388990740,1774271513392984200,3993
3567,1774271513394827041,1774271513398702010,3874
3568,1774271513400542837,1774271513403729738,3186
3569,1774271513405426068,1774271513409411606,3985
3570,1774271513411214861,1774271513414824337,3609
3571,1774271513416397660,1774271513420484284,4086
3572,1774271513421854590,1774271513424711231,2856
3573,1774271513426370781,1774271513430464638,4093
3574,1774271513432133623,1774271513435891656,3758
3575,1774271513437465278,1774271513440441273,2975
3576,1774271513442182195,1774271513445532446,3350
3577,1774271513447119685,1774271513450895377,3775
3578,1774271513452587608,1774271513456564173,3976
3579,1774271513458233728,1774271513461726659,3492
3580,1774271513463473346,1774271513466770084,3296
3581,1774271513468663193,1774271513472170149,3506
3582,1774271513474040952,1774271513478090123,4049
3583,1774271513479903426,1774271513483797055,3893
3584,1774271513485605014,1774271513488819633,3214
3585,1774271513490505028,1774271513493768039,3263
3586,1774271513495656371,1774271513499462272,3805
3587,1774271513501142025,1774271513504606919,3464
3588,1774271513506570252,1774271513510225944,3655
3589,1774271513512249208,1774271513516524383,4275
3590,1774271513518519106,1774271513522165619,3646
3591,1774271513524098433,1774271513528214987,4116
3592,1774271513529911567,1774271513534130560,4218
3593,1774271513535892952,1774271513539827136,3934
3594,1774271513541537797,1774271513544710800,3173
3595,1774271513546421713,1774271513550630613,4208
3596,1774271513552337057,1774271513555581598,3244
3597,1774271513557118225,1774271513560433171,3314
3598,1774271513562075363,1774271513566068018,3992
3599,1774271513567440079,1774271513570398711,2958
3600,1774271513571990264,1774271513576298722,4308
3601,1774271513577960014,1774271513581327597,3367
3602,1774271513582953511,1774271513586890856,3937
3603,1774271513588488800,1774271513591593494,3104
3604,1774271513593208924,1774271513596808111,3599
3605,1774271513598578107,1774271513602507926,3929
3606,1774271513604142254,1774271513607404686,3262
3607,1774271513609079630,1774271513612894967,3815
3608,1774271513614675128,1774271513618615608,3940
3609,1774271513620393450,1774271513624286980,3893
3610,1774271513625972865,1774271513629686888,3714
3611,1774271513631697770,1774271513635214611,3516
3612,1774271513637025392,1774271513641283662,4258
3613,1774271513643079924,1774271513647230295,4150
3614,1774271513648971859,1774271513653322209,4350
3615,1774271513655065526,1774271513659125602,4060
3616,1774271513660941603,1774271513665211918,4270
3617,1774271513667043016,1774271513671010596,3967
3618,1774271513672956037,1774271513677090461,4134
3619,1774271513678774964,1774271513682617920,3842
3620,1774271513684307983,1774271513688370985,4063
3621,1774271513690045678,1774271513693362896,3317
3622,1774271513694885344,1774271513698699758,3814
3623,1774271513700384267,1774271513703995081,3610
3624,1774271513705711236,1774271513709249888,3538
3625,1774271513710862071,1774271513714896633,4034
3626,1774271513716505180,1774271513719609512,3104
3627,1774271513721173372,1774271513724393030,3219
3628,1774271513726151333,1774271513730180275,4028
3629,1774271513731871211,1774271513735820387,3949
3630,1774271513737408345,1774271513741476733,4068
3631,1774271513743187478,1774271513747027253,3839
3632,1774271513748972685,1774271513753084896,4112
3633,1774271513754891153,1774271513758705337,3814
3634,1774271513760516543,1774271513764474877,3958
3635,1774271513766469166,1774271513770352803,3883
3636,1774271513772048706,1774271513776140482,4091
3637,1774271513777817969,1774271513781369706,3551
3638,1774271513783020125,1774271513786349596,3329
3639,1774271513787994064,1774271513791901857,3907
3640,1774271513793560593,1774271513797392378,3831
3641,1774271513799046647,1774271513802382788,3336
3642,1774271513804134204,1774271513807814407,3680
3643,1774271513809675324,1774271513813581267,3905
3644,1774271513815232697,1774271513818549516,3316
3645,1774271513820363381,1774271513824534231,4170
3646,1774271513826183766,1774271513829563104,3379
3647,1774271513831038261,1774271513835049858,4011
3648,1774271513836750578,1774271513840573023,3822
3649,1774271513842133574,1774271513845841983,3708
3650,1774271513847433174,1774271513851780391,4347
3651,1774271513853441120,1774271513856558069,3116
3652,1774271513858093653,1774271513862053963,3960
3653,1774271513863856401,1774271513867661587,3805
3654,1774271513869365786,1774271513873150884,3785
3655,1774271513874856738,1774271513878496819,3640
3656,1774271513880187130,1774271513883939290,3752
3657,1774271513885604400,1774271513889694857,4090
3658,1774271513891530575,1774271513895449252,3918
3659,1774271513897111184,1774271513900610956,3499
3660,1774271513902468288,1774271513906405076,3936
3661,1774271513908065931,1774271513912018291,3952
3662,1774271513913779833,1774271513917834918,4055
3663,1774271513919857068,1774271513923737903,3880
3664,1774271513925521683,1774271513929438164,3916
3665,1774271513931115243,1774271513935159268,4044
3666,1774271513937071474,1774271513940539178,3467
3667,1774271513942223016,1774271513946223204,4000
3668,1774271513948208680,1774271513952243154,4034
3669,1774271513954080698,1774271513958096345,4015
3670,1774271513959748133,1774271513963274886,3526
3671,1774271513964832994,1774271513968973124,4140
3672,1774271513970349454,1774271513973515523,3166
3673,1774271513975178769,1774271513978301186,3122
3674,1774271513979894465,1774271513983484983,3590
3675,1774271513985103681,1774271513989202002,4098
3676,1774271513990803933,1774271513994408953,3605
3677,1774271513996013176,1774271514000059028,4045
3678,1774271514001824326,1774271514005660401,3836
3679,1774271514007457426,1774271514010692151,3234
3680,1774271514012333631,1774271514016025991,3692
3681,1774271514017658439,1774271514021118982,3460
3682,1774271514022824351,1774271514026741655,3917
3683,1774271514028451228,1774271514031708360,3257
3684,1774271514033614981,1774271514037452702,3837
3685,1774271514038997840,1774271514042970368,3972
3686,1774271514044740424,1774271514048987788,4247
3687,1774271514050982410,1774271514055004475,4022
3688,1774271514057009329,1774271514060472999,3463
3689,1774271514062142415,1774271514066037493,3895
3690,1774271514067836586,1774271514071361323,3524
3691,1774271514073106139,1774271514077659776,4553
3692,1774271514079385987,1774271514082818668,3432
3693,1774271514084370021,1774271514087520151,3150
3694,1774271514089064741,1774271514092868785,3804
3695,1774271514094317701,1774271514098501241,4183
3696,1774271514100036559,1774271514104131656,4095
3697,1774271514105799677,1774271514108563388,2763
3698,1774271514110182059,1774271514113736789,3554
3699,1774271514115328184,1774271514118440579,3112
3700,1774271514120060147,1774271514123068673,3008
3701,1774271514124645558,1774271514128490351,3844
3702,1774271514129996140,1774271514133569312,3573
3703,1774271514135225550,1774271514139004998,3779
3704,1774271514140667576,1774271514144314520,3646
3705,1774271514145869086,1774271514149939965,4070
3706,1774271514151661747,1774271514155508697,3846
3707,1774271514157096446,1774271514160771107,3674
3708,1774271514162523200,1774271514165743956,3220
3709,1774271514167571036,1774271514171755063,4184
3710,1774271514173401569,1774271514177066060,3664
3711,1774271514178809362,1774271514183124686,4315
3712,1774271514184909262,1774271514188722269,3813
3713,1774271514190416426,1774271514193678201,3261
3714,1774271514195595105,1774271514199522878,3927
3715,1774271514201314996,1774271514204891816,3576
3716,1774271514206583193,1774271514210600394,4017
3717,1774271514212320944,1774271514215681299,3360
3718,1774271514217386893,1774271514221251541,3864
3719,1774271514222881747,1774271514226270677,3388
3720,1774271514228051284,1774271514232233308,4182
3721,1774271514233874292,1774271514237320888,3446
3722,1774271514238873433,1774271514242974676,4101
3723,1774271514244623606,1774271514248576432,3952
3724,1774271514250253858,1774271514254286861,4033
3725,1774271514255855536,1774271514260125882,4270
3726,1774271514261681296,1774271514264800783,3119
3727,1774271514266330825,1774271514269579318,3248
3728,1774271514271261168,1774271514275290984,4029
3729,1774271514277119736,1774271514280898097,3778
3730,1774271514282590639,1774271514285798134,3207
3731,1774271514287599386,1774271514291818442,4219
3732,1774271514293593723,1774271514297043236,3449
3733,1774271514298853708,1774271514302864647,4010
3734,1774271514304805022,1774271514308545778,3740
3735,1774271514310345912,1774271514314310832,3964
3736,1774271514316142828,1774271514320277804,4134
3737,1774271514322038485,1774271514326086122,4047
3738,1774271514328106700,1774271514332395192,4288
3739,1774271514334181538,1774271514337501482,3319
3740,1774271514339177727,1774271514342507201,3329
3741,1774271514344422597,1774271514348284754,3862
3742,1774271514349935458,1774271514353594789,3659
3743,1774271514355278763,1774271514358557568,3278
3744,1774271514360389035,1774271514364569456,4180
3745,1774271514366259764,1774271514370573285,4313
3746,1774271514372420822,1774271514375739407,3318
3747,1774271514377427223,1774271514380479876,3052
3748,1774271514382080490,1774271514385306379,3225
3749,1774271514386956577,1774271514390385670,3429
3750,1774271514392024080,1774271514396120184,4096
3751,1774271514397789587,1774271514401608489,3818
3752,1774271514403198552,1774271514406498180,3299
3753,1774271514408154280,1774271514411450851,3296
3754,1774271514413176903,1774271514416936340,3759
3755,1774271514418652206,1774271514422185582,3533
3756,1774271514423898955,1774271514427567708,3668
3757,1774271514429367646,1774271514433379950,4012
3758,1774271514435040037,1774271514439008241,3968
3759,1774271514440907108,1774271514445225112,4318
3760,1774271514447071903,1774271514450866721,3794
3761,1774271514452630779,1774271514456901205,4270
3762,1774271514458973178,1774271514462721555,3748
3763,1774271514464502376,1774271514468620472,4118
3764,1774271514470326614,1774271514474260723,3934
3765,1774271514475929709,1774271514479838569,3908
3766,1774271514481571429,1774271514485498580,3927
3767,1774271514487133600,1774271514491231380,4097
3768,1774271514493046070,1774271514496551928,3505
3769,1774271514498196742,1774271514502186723,3989
3770,1774271514503814823,1774271514507136918,3322
3771,1774271514508671374,1774271514512615496,3944
3772,1774271514514107988,1774271514517123061,3015
3773,1774271514518573035,1774271514521706139,3133
3774,1774271514523326117,1774271514527367816,4041
3775,1774271514529077957,1774271514533294603,4216
3776,1774271514534840341,1774271514538739490,3899
3777,1774271514540358715,1774271514543484342,3125
3778,1774271514545142894,1774271514548464767,3321
3779,1774271514550219753,1774271514554361703,4141
3780,1774271514556088360,1774271514560244657,4156
3781,1774271514561896183,1774271514566219016,4322
3782,1774271514567958303,1774271514572092310,4134
3783,1774271514573796512,1774271514578045861,4249
3784,1774271514579805757,1774271514583727434,3921
3785,1774271514585516196,1774271514588738329,3222
3786,1774271514590662333,1774271514594663916,4001
3787,1774271514596274323,1774271514599480773,3206
3788,1774271514601148825,1774271514604776006,3627
3789,1774271514606586937,1774271514610534617,3947
3790,1774271514612272201,1774271514616005370,3733
3791,1774271514617674505,1774271514621473179,3798
3792,1774271514623169494,1774271514627327571,4158
3793,1774271514628988995,1774271514632730384,3741
3794,1774271514634515755,1774271514638393959,3878
3795,1774271514640083924,1774271514644170291,4086
3796,1774271514645937402,1774271514649335765,3398
3797,1774271514650968842,1774271514654354934,3386
3798,1774271514656050323,1774271514660134243,4083
3799,1774271514661619502,1774271514664885583,3266
3800,1774271514666340952,1774271514670345384,4004
3801,1774271514671936678,1774271514675608675,3671
3802,1774271514677383293,1774271514681476630,4093
3803,1774271514683175771,1774271514687182284,4006
3804,1774271514688933171,1774271514692771572,3838
3805,1774271514694468312,1774271514698545087,4076
3806,1774271514700413438,1774271514703664023,3250
3807,1774271514705346870,1774271514709217840,3870
3808,1774271514711094966,1774271514714801994,3707
3809,1774271514716590674,1774271514719881731,3291
3810,1774271514721571654,1774271514724837764,3266
3811,1774271514726601526,1774271514730391182,3789
3812,1774271514732029819,1774271514735742345,3712
3813,1774271514737530275,1774271514741544539,4014
3814,1774271514743166244,1774271514747227658,4061
3815,1774271514749057572,1774271514752892694,3835
3816,1774271514754601040,1774271514758554212,3953
3817,1774271514760322940,1774271514763672489,3349
3818,1774271514765422916,1774271514769327759,3904
3819,1774271514770983190,1774271514774769342,3786
3820,1774271514776630456,1774271514780737675,4107
3821,1774271514782380130,1774271514785589536,3209
3822,1774271514787309691,1774271514791341344,4031
3823,1774271514792856381,1774271514796370117,3513
3824,1774271514797975520,1774271514801247597,3272
3825,1774271514802877000,1774271514807033776,4156
3826,1774271514808678297,1774271514811896123,3217
3827,1774271514813563957,1774271514817416389,3852
3828,1774271514819203143,1774271514822499124,3295
3829,1774271514824121296,1774271514827958292,3836
3830,1774271514829620127,1774271514833196714,3576
3831,1774271514835042034,1774271514839084402,4042
3832,1774271514840707307,1774271514844652201,3944
3833,1774271514846311725,1774271514849734414,3422
3834,1774271514851437602,1774271514855418471,3980
3835,1774271514857216677,1774271514861352059,4135
3836,1774271514863018524,1774271514866981106,3962
3837,1774271514868898073,1774271514872933239,4035
3838,1774271514874616906,1774271514878498686,3881
3839,1774271514880303094,1774271514883609410,3306
3840,1774271514885279376,1774271514889106600,3827
3841,1774271514890747126,1774271514894487469,3740
3842,1774271514896141744,1774271514900028410,3886
3843,1774271514901768467,1774271514905424023,3655
3844,1774271514907054215,1774271514910927697,3873
3845,1774271514912531449,1774271514916471411,3939
3846,1774271514918104810,1774271514922241441,4136
3847,1774271514924005429,1774271514927472020,3466
3848,1774271514929095026,1774271514932544262,3449
3849,1774271514934317484,1774271514937533570,3216
3850,1774271514939033807,1774271514942116019,3082
3851,1774271514943645791,1774271514947644469,3998
3852,1774271514949257454,1774271514952767265,3509
3853,1774271514954315699,1774271514957455879,3140
3854,1774271514959086268,1774271514963154497,4068
3855,1774271514964932799,1774271514968613992,3681
3856,1774271514970289489,1774271514974216909,3927
3857,1774271514975806494,1774271514979931329,4124
3858,1774271514981591353,1774271514985112845,3521
3859,1774271514986799186,1774271514990318216,3519
3860,1774271514992012824,1774271514995471624,3458
3861,1774271514997060979,1774271515000537376,3476
3862,1774271515002338312,1774271515006021810,3683
3863,1774271515008049249,1774271515012066936,4017
3864,1774271515014075220,1774271515018116979,4041
3865,1774271515020114099,1774271515024354759,4240
3866,1774271515026209134,1774271515029977556,3768
3867,1774271515031987704,1774271515036087847,4100
3868,1774271515037840257,1774271515041885083,4044
3869,1774271515043665318,1774271515047953101,4287
3870,1774271515049537981,1774271515053195725,3657
3871,1774271515054944358,1774271515058276676,3332
3872,1774271515059934455,1774271515064048761,4114
3873,1774271515065681456,1774271515069046210,3364
3874,1774271515070673281,1774271515073817958,3144
3875,1774271515075486847,1774271515078701817,3214
3876,1774271515080012946,1774271515083351387,3338
3877,1774271515084875229,1774271515088973290,4098
3878,1774271515090524444,1774271515094010592,3486
3879,1774271515095663219,1774271515099138992,3475
3880,1774271515100898414,1774271515104986735,4088
3881,1774271515106805472,1774271515111010511,4205
3882,1774271515112726487,1774271515116751004,4024
3883,1774271515118517691,1774271515122428548,3910
3884,1774271515124072427,1774271515127740164,3667
3885,1774271515129456456,1774271515133464485,4008
3886,1774271515135225402,1774271515138416844,3191
3887,1774271515140032994,1774271515143930114,3897
3888,1774271515145832173,1774271515149848372,4016
3889,1774271515151615358,1774271515155151032,3535
3890,1774271515157126438,1774271515160669478,3543
3891,1774271515162460048,1774271515166519850,4059
3892,1774271515168170236,1774271515171911032,3740
3893,1774271515173539690,1774271515177524835,3985
3894,1774271515179171165,1774271515182556456,3385
3895,1774271515184255773,1774271515187385059,3129
3896,1774271515188961206,1774271515192689946,3728
3897,1774271515194475283,1774271515197652220,3176
3898,1774271515199310998,1774271515203544057,4233
3899,1774271515205257880,1774271515208958586,3700
3900,1774271515210497686,1774271515214585982,4088
3901,1774271515216079974,1774271515219306400,3226
3902,1774271515221050011,1774271515224701982,3651
3903,1774271515226326268,1774271515229596447,3270
3904,1774271515231223557,1774271515235449998,4226
3905,1774271515237201867,1774271515241036863,3834
3906,1774271515242882657,1774271515247162541,4279
3907,1774271515248965096,1774271515253046944,4081
3908,1774271515254974349,1774271515258521821,3547
3909,1774271515260434314,1774271515264475172,4040
3910,1774271515266129596,1774271515269982313,3852
3911,1774271515271833679,1774271515276105852,4272
3912,1774271515277811485,1774271515281723403,3911
3913,1774271515283520086,1774271515287657917,4137
3914,1774271515289363634,1774271515292721224,3357
3915,1774271515294417746,1774271515298284376,3866
3916,1774271515299949159,1774271515303739355,3790
3917,1774271515305422207,1774271515308551802,3129
3918,1774271515310180119,1774271515313634853,3454
3919,1774271515315316211,1774271515319100475,3784
3920,1774271515320715536,1774271515324314223,3598
3921,1774271515325948639,1774271515330128952,4180
3922,1774271515331870116,1774271515336053846,4183
3923,1774271515337703510,1774271515341489809,3786
3924,1774271515343259363,1774271515346413484,3154
3925,1774271515348201654,1774271515351949861,3748
3926,1774271515353629228,1774271515357830942,4201
3927,1774271515359669820,1774271515363545369,3875
3928,1774271515365296419,1774271515368664456,3368
3929,1774271515370309438,1774271515374098025,3788
3930,1774271515375799303,1774271515379854715,4055
3931,1774271515381506053,1774271515385205048,3698
3932,1774271515387006286,1774271515391242399,4236
3933,1774271515393076890,1774271515397023930,3947
3934,1774271515398970033,1774271515403141063,4171
3935,1774271515404936358,1774271515408666335,3729
3936,1774271515410457891,1774271515413728620,3270
3937,1774271515415414500,1774271515418765892,3351
3938,1774271515420510978,1774271515423780878,3269
3939,1774271515425601319,1774271515429495210,3893
3940,1774271515431195254,1774271515435282750,4087
3941,1774271515436945256,1774271515440483893,3538
3942,1774271515442142557,1774271515445524100,3381
3943,1774271515447583960,1774271515451606257,4022
3944,1774271515453303861,1774271515457387581,4083
3945,1774271515459105796,1774271515463225375,4119
3946,1774271515464822156,1774271515468392304,3570
3947,1774271515469999838,1774271515473579395,3579
3948,1774271515475226472,1774271515478867745,3641
3949,1774271515480609908,1774271515484736610,4126
3950,1774271515486387904,1774271515489710309,3322
3951,1774271515491371012,1774271515494388345,3017
3952,1774271515495677252,1774271515498836433,3159
3953,1774271515500403043,1774271515504381482,3978
3954,1774271515506152345,1774271515509519232,3366
3955,1774271515511269105,1774271515514628959,3359
3956,1774271515516269163,1774271515519705495,3436
3957,1774271515521616326,1774271515525678613,4062
3958,1774271515527363560,1774271515531514343,4150
3959,1774271515533337408,1774271515536720891,3383
3960,1774271515538733597,1774271515542833611,4100
3961,1774271515544492883,1774271515548310856,3817
3962,1774271515550116496,1774271515554108396,3991
3963,1774271515555862139,1774271515559899832,4037
3964,1774271515561640986,1774271515565885437,4244
3965,1774271515567593217,1774271515570853366,3260
3966,1774271515572493136,1774271515576528610,4035
3967,1774271515578410115,1774271515582121410,3711
3968,1774271515583932608,1774271515588180721,4248
3969,1774271515589900987,1774271515593564297,3663
3970,1774271515595341997,1774271515598340305,2998
3971,1774271515600050988,1774271515604159313,4108
3972,1774271515605834211,1774271515609990756,4156
3973,1774271515611651727,1774271515615550309,3898
3974,1774271515617199373,1774271515620706472,3507
3975,1774271515622302528,1774271515625999310,3696
3976,1774271515627716807,1774271515631309171,3592
3977,1774271515633022835,1774271515637148287,4125
3978,1774271515638823131,1774271515642316528,3493
3979,1774271515643921823,1774271515647303977,3382
3980,1774271515648975872,1774271515652978753,4002
3981,1774271515654652739,1774271515658521514,3868
3982,1774271515660315131,1774271515664257808,3942
3983,1774271515666010090,1774271515669512746,3502
3984,1774271515671171905,1774271515674741969,3570
3985,1774271515676540592,1774271515679927769,3387
3986,1774271515681639950,1774271515685511160,3871
3987,1774271515687167476,1774271515690839526,3672
3988,1774271515692470572,1774271515696552466,4081
3989,1774271515698240793,1774271515701734319,3493
3990,1774271515703513458,1774271515706748347,3234
3991,1774271515708715616,1774271515712667803,3952
3992,1774271515714575362,1774271515718139604,3564
3993,1774271515719932180,1774271515724031673,4099
3994,1774271515725809870,1774271515729759126,3949
3995,1774271515731450984,1774271515735653001,4202
3996,1774271515737564849,1774271515740755464,3190
3997,1774271515742396436,1774271515745553317,3156
3998,1774271515747262175,1774271515751318738,4056
3999,1774271515753036083,1774271515756779064,3742
4000,1774271515758299546,1774271515761257912,2958
4001,1774271515762836730,1774271515766064489,3227
4002,1774271515767457190,1774271515771465127,4007
4003,1774271515772822283,1774271515776360374,3538
4004,1774271515778116247,1774271515782246628,4130
4005,1774271515783982569,1774271515787580789,3598
4006,1774271515789345073,1774271515793246610,3901
4007,1774271515794941611,1774271515798674032,3732
4008,1774271515800342851,1774271515803580350,3237
4009,1774271515805305275,1774271515809413306,4108
4010,1774271515811250013,1774271515815031406,3781
4011,1774271515816736577,1774271515820613813,3877
4012,1774271515822413008,1774271515826210489,3797
4013,1774271515827847275,1774271515831645445,3798
4014,1774271515833296534,1774271515836496630,3200
4015,1774271515838178043,1774271515842089651,3911
4016,1774271515843712471,1774271515847409271,3696
4017,1774271515849111585,1774271515853104224,3992
4018,1774271515854756131,1774271515858794432,4038
4019,1774271515860664912,1774271515864651641,3986
4020,1774271515866387753,1774271515870230543,3842
4021,1774271515871937907,1774271515875384746,3446
4022,1774271515877049033,1774271515881031850,3982
4023,1774271515882698106,1774271515886581602,3883
4024,1774271515888421602,1774271515891485701,3064
4025,1774271515893000187,1774271515896152537,3152
4026,1774271515897779707,1774271515901704254,3924
4027,1774271515903391340,1774271515906956051,3564
4028,1774271515908625060,1774271515912007001,3381
4029,1774271515913665135,1774271515917767737,4102
4030,1774271515919512975,1774271515923233447,3720
4031,1774271515924867169,1774271515929012989,4145
4032,1774271515930937427,1774271515934838196,3900
4033,1774271515936518472,1774271515939998479,3480
4034,1774271515941664057,1774271515945681513,4017
4035,1774271515947334071,1774271515950999403,3665
4036,1774271515952735569,1774271515956768311,4032
4037,1774271515958772813,1774271515962712510,3939
4038,1774271515964432875,1774271515967579409,3146
4039,1774271515969250339,1774271515973326883,4076
4040,1774271515975011896,1774271515978653323,3641
4041,1774271515980500955,1774271515983900450,3399
4042,1774271515985654472,1774271515989609229,3954
4043,1774271515991487301,1774271515995166899,3679
4044,1774271515996874790,1774271516000707654,3832
4045,1774271516002463255,1774271516005769760,3306
4046,1774271516007463837,1774271516011583333,4119
4047,1774271516013316926,1774271516016577360,3260
4048,1774271516018267280,1774271516022062677,3795
4049,1774271516023765566,1774271516027419538,3653
4050,1774271516028882190,1774271516033078917,4196
4051,1774271516034649769,1774271516037766735,3116
4052,1774271516039420529,1774271516042714972,3294
4053,1774271516044383254,1774271516047586154,3202
4054,1774271516049213250,1774271516052600138,3386
4055,1774271516054314642,1774271516058245046,3930
4056,1774271516060000757,1774271516064221031,4220
4057,1774271516065871936,1774271516069519082,3647
4058,1774271516071149667,1774271516075335818,4186
4059,1774271516077320382,1774271516080819103,3498
4060,1774271516082265445,1774271516085759274,3493
4061,1774271516087549394,1774271516091511543,3962
4062,1774271516093270142,1774271516096939988,3669
4063,1774271516098672914,1774271516102892904,4219
4064,1774271516104593425,1774271516108499170,3905
4065,1774271516110432495,1774271516115323819,4891
4066,1774271516117441702,1774271516122521399,5079
4067,1774271516124593286,1774271516129662097,5068
4068,1774271516131840872,1774271516137118341,5277
4069,1774271516139275348,1774271516144676487,5401
4070,1774271516146909727,1774271516152355471,5445
4071,1774271516155011942,1774271516160807335,5795
4072,1774271516163227961,1774271516168074974,4847
4073,1774271516170596290,1774271516176907561,6311
4074,1774271516179376779,1774271516185108113,5731
4075,1774271516187482331,1774271516193213232,5730
4076,1774271516195444916,1774271516199699169,4254
4077,1774271516201690952,1774271516206640351,4949
4078,1774271516208866651,1774271516213542373,4675
4079,1774271516215914043,1774271516220816850,4902
4080,1774271516222876259,1774271516227850117,4973
4081,1774271516229932264,1774271516234386367,4454
4082,1774271516236517501,1774271516240865992,4348
4083,1774271516243045332,1774271516247066573,4021
4084,1774271516249147468,1774271516253214206,4066
4085,1774271516255363158,1774271516259273981,3910
4086,1774271516261594402,1774271516266327829,4733
4087,1774271516268564059,1774271516273007737,4443
4088,1774271516275101337,1774271516279744748,4643
4089,1774271516281801483,1774271516286169032,4367
4090,1774271516288122139,1774271516292234393,4112
4091,1774271516294138788,1774271516298572924,4434
4092,1774271516300545805,1774271516304840242,4294
4093,1774271516306747132,1774271516311131276,4384
4094,1774271516312955002,1774271516317273226,4318
4095,1774271516319134475,1774271516322709716,3575
4096,1774271516324388059,1774271516328123567,3735
4097,1774271516329719684,1774271516333723300,4003
4098,1774271516335420856,1774271516339677389,4256
4099,1774271516341438502,1774271516345536842,4098
4100,1774271516346888495,1774271516350693669,3805
4101,1774271516352464500,1774271516355806390,3341
4102,1774271516357613993,1774271516361740634,4126
4103,1774271516363560471,1774271516367339412,3778
4104,1774271516369298389,1774271516373493975,4195
4105,1774271516375392144,1774271516379748632,4356
4106,1774271516381700374,1774271516385751925,4051
4107,1774271516387604175,1774271516391865381,4261
4108,1774271516393613162,1774271516397576145,3962
4109,1774271516399367853,1774271516403573176,4205
4110,1774271516405254831,1774271516409101359,3846
4111,1774271516410763398,1774271516414768339,4004
4112,1774271516416580175,1774271516420442902,3862
4113,1774271516422093471,1774271516425889848,3796
4114,1774271516427779638,1774271516431693532,3913
4115,1774271516433363784,1774271516437220382,3856
4116,1774271516438980644,1774271516442383372,3402
4117,1774271516444305639,1774271516448341947,4036
4118,1774271516450135953,1774271516453586203,3450
4119,1774271516455220466,1774271516459239914,4019
4120,1774271516460934564,1774271516464438687,3504
4121,1774271516465988150,1774271516469747724,3759
4122,1774271516471265733,1774271516474269481,3003
4123,1774271516476095949,1774271516479297916,3201
4124,1774271516481038110,1774271516484564188,3526
4125,1774271516486300890,1774271516490122065,3821
4126,1774271516491907928,1774271516495761774,3853
4127,1774271516497626378,1774271516501681956,4055
4128,1774271516503406950,1774271516506779606,3372
4129,1774271516508520217,1774271516512473885,3953
4130,1774271516514126617,1774271516517839068,3712
4131,1774271516519499846,1774271516523422942,3923
4132,1774271516525176545,1774271516529398895,4222
4133,1774271516531143539,1774271516534529572,3386
4134,1774271516536201635,1774271516539713842,3512
4135,1774271516541727386,1774271516545724435,3997
4136,1774271516547416478,1774271516551045351,3628
4137,1774271516552931276,1774271516556912851,3981
4138,1774271516558621339,1774271516562651379,4030
4139,1774271516564567417,1774271516568486492,3919
4140,1774271516570333967,1774271516574353754,4019
4141,1774271516576143976,1774271516580346073,4202
4142,1774271516581873129,1774271516586148805,4275
4143,1774271516587941736,1774271516591958470,4016
4144,1774271516593615394,1774271516597269954,3654
4145,1774271516598918053,1774271516602174540,3256
4146,1774271516603870230,1774271516607977297,4107
4147,1774271516609676793,1774271516612939424,3262
4148,1774271516614576305,1774271516618590344,4014
4149,1774271516620487221,1774271516623697556,3210
4150,1774271516625477273,1774271516628692543,3215
4151,1774271516630431603,1774271516634138194,3706
4152,1774271516636017697,1774271516639813781,3796
4153,1774271516641517601,1774271516645521792,4004
4154,1774271516647223447,1774271516650663225,3439
4155,1774271516652462139,1774271516656585609,4123
4156,1774271516658381637,1774271516661874179,3492
4157,1774271516663650978,1774271516667625576,3974
4158,1774271516669285938,1774271516673013431,3727
4159,1774271516674770610,1774271516678373839,3603
4160,1774271516680057652,1774271516684195503,4137
4161,1774271516686144539,1774271516689540573,3396
4162,1774271516691287167,1774271516695286276,3999
4163,1774271516697186955,1774271516701196238,4009
4164,1774271516702883310,1774271516706650886,3767
4165,1774271516708372540,1774271516711502137,3129
4166,1774271516713175141,1774271516717040639,3865
4167,1774271516718687346,1774271516723053656,4366
4168,1774271516724717401,1774271516728821376,4103
4169,1774271516730327875,1774271516733675802,3347
4170,1774271516735408174,1774271516738932180,3524
4171,1774271516740641676,1774271516744202167,3560
4172,1774271516745615444,1774271516748938665,3323
4173,1774271516750667439,1774271516753828118,3160
4174,1774271516755488246,1774271516758373811,2885
4175,1774271516759914101,1774271516763323424,3409
4176,1774271516764927432,1774271516768735851,3808
4177,1774271516770514229,1774271516773705771,3191
4178,1774271516775352281,1774271516779200179,3847
4179,1774271516780857616,1774271516784461715,3604
4180,1774271516786126896,1774271516790281207,4154
4181,1774271516792018109,1774271516795800939,3782
4182,1774271516797699984,1774271516801548731,3848
4183,1774271516803215889,1774271516806636974,3421
4184,1774271516808328170,1774271516811961238,3633
4185,1774271516813872230,1774271516817516609,3644
4186,1774271516819171905,1774271516822878603,3706
4187,1774271516824746039,1774271516828743217,3997
4188,1774271516830554675,1774271516834530828,3976
4189,1774271516836247585,1774271516840234060,3986
4190,1774271516841843237,1774271516845351296,3508
4191,1774271516847132734,1774271516851013650,3880
4192,1774271516852704651,1774271516856600156,3895
4193,1774271516858333685,1774271516862477159,4143
4194,1774271516863966325,1774271516867521680,3555
4195,1774271516868949005,1774271516873043589,4094
4196,1774271516874567233,1774271516877667942,3100
4197,1774271516878895450,1774271516882236108,3340
4198,1774271516883919462,1774271516888093192,4173
4199,1774271516889651451,1774271516892953133,3301
4200,1774271516894677040,1774271516898275618,3598
4201,1774271516899934110,1774271516903825313,3891
4202,1774271516905624802,1774271516909424940,3800
4203,1774271516911116668,1774271516915185462,4068
4204,1774271516917043168,1774271516921054326,4011
4205,1774271516922846510,1774271516927094181,4247
4206,1774271516929137117,1774271516933174236,4037
4207,1774271516935092694,1774271516939514662,4421
4208,1774271516941384443,1774271516944969477,3585
4209,1774271516946835173,1774271516950903456,4068
4210,1774271516952866259,1774271516956546220,3679
4211,1774271516958463069,1774271516962741146,4278
4212,1774271516964503304,1774271516968273990,3770
4213,1774271516970069114,1774271516974265972,4196
4214,1774271516975959661,1774271516979857961,3898
4215,1774271516981812576,1774271516985858861,4046
4216,1774271516987603957,1774271516991269646,3665
4217,1774271516993015112,1774271516997185030,4169
4218,1774271516998804347,1774271517002744578,3940
4219,1774271517004321159,1774271517007567374,3246
4220,1774271517008988372,1774271517013085825,4097
4221,1774271517014802762,1774271517018387214,3584
4222,1774271517020105483,1774271517023962792,3857
4223,1774271517025532215,1774271517029144325,3612
4224,1774271517030840841,1774271517035203702,4362
4225,1774271517036892870,1774271517040513922,3621
4226,1774271517042090515,1774271517046363036,4272
4227,1774271517048183205,1774271517051753416,3570
4228,1774271517053630529,1774271517057745707,4115
4229,1774271517059500051,1774271517062967171,3467
4230,1774271517064913227,1774271517069010642,4097
4231,1774271517070844312,1774271517074883405,4039
4232,1774271517076631385,1774271517079986375,3354
4233,1774271517081925755,1774271517086258298,4332
4234,1774271517087991081,1774271517091359225,3368
4235,1774271517093063527,1774271517097202251,4138
4236,1774271517098961169,1774271517103146993,4185
4237,1774271517104943974,1774271517109097947,4153
4238,1774271517110863217,1774271517114832923,3969
4239,1774271517116717522,1774271517121201214,4483
4240,1774271517123010159,1774271517127352152,4341
4241,1774271517129147281,1774271517133360383,4213
4242,1774271517135222262,1774271517139525770,4303
4243,1774271517141372183,1774271517145509287,4137
4244,1774271517147349909,1774271517150444294,3094
4245,1774271517151997175,1774271517155167637,3170
4246,1774271517156844733,1774271517160621145,3776
4247,1774271517162277042,1774271517166332760,4055
4248,1774271517167988885,1774271517172219021,4230
4249,1774271517174000021,1774271517177840842,3840
4250,1774271517179663679,1774271517183891095,4227
4251,1774271517185623358,1774271517189688438,4065
4252,1774271517191416530,1774271517195547759,4131
4253,1774271517197303620,1774271517201264447,3960
4254,1774271517203029139,1774271517207147267,4118
4255,1774271517208882011,1774271517212931752,4049
4256,1774271517214756383,1774271517218876277,4119
4257,1774271517220651807,1774271517224789853,4138
4258,1774271517226630446,1774271517230859764,4229
4259,1774271517232766174,1774271517236829368,4063
4260,1774271517238607025,1774271517242718433,4111
4261,1774271517244569047,1774271517248470575,3901
4262,1774271517250143270,1774271517253509556,3366
4263,1774271517255221349,1774271517258667710,3446
4264,1774271517260372734,1774271517264258433,3885
4265,1774271517266076214,1774271517269835416,3759
4266,1774271517271510143,1774271517275400108,3889
4267,1774271517277167702,1774271517280340019,3172
4268,1774271517281950877,1774271517286129614,4178
4269,1774271517287635182,1774271517291315725,3680
4270,1774271517292794440,1774271517296142349,3347
4271,1774271517297855839,1774271517301884561,4028
4272,1774271517303434557,1774271517306965006,3530
4273,1774271517308384858,1774271517312079638,3694
4274,1774271517313869799,1774271517317835872,3966
4275,1774271517319772868,1774271517323712502,3939
4276,1774271517325510711,1774271517329745639,4234
4277,1774271517331788981,1774271517335389159,3600
4278,1774271517337150848,1774271517341424334,4273
4279,1774271517343195392,1774271517346685820,3490
4280,1774271517348520845,1774271517352723711,4202
4281,1774271517354535214,1774271517358065974,3530
4282,1774271517359795296,1774271517363720630,3925
4283,1774271517365694769,1774271517369279339,3584
4284,1774271517371058240,1774271517374993829,3935
4285,1774271517376895701,1774271517380773971,3878
4286,1774271517382744155,1774271517386349357,3605
4287,1774271517388077529,1774271517392230901,4153
4288,1774271517393852719,1774271517397427609,3574
4289,1774271517399060253,1774271517402381491,3321
4290,1774271517404160860,1774271517408246257,4085
4291,1774271517409941623,1774271517413722203,3780
4292,1774271517415329171,1774271517419531502,4202
4293,1774271517421049711,1774271517425242172,4192
4294,1774271517427062226,1774271517430992901,3930
4295,1774271517432759842,1774271517437094142,4334
4296,1774271517438776834,1774271517442611662,3834
4297,1774271517444239745,1774271517447399768,3160
4298,1774271517449148631,1774271517452985854,3837
4299,1774271517454640317,1774271517458411771,3771
4300,1774271517460079387,1774271517463531974,3452
4301,1774271517465371233,1774271517469366108,3994
4302,1774271517471069717,1774271517474904610,3834
4303,1774271517476676442,1774271517480558289,3881
4304,1774271517482353181,1774271517485758979,3405
4305,1774271517487499452,1774271517491515956,4016
4306,1774271517493199940,1774271517496669067,3469
4307,1774271517498490876,1774271517502202164,3711
4308,1774271517503854128,1774271517507621212,3767
4309,1774271517509339713,1774271517513345165,4005
4310,1774271517515072016,1774271517518777785,3705
4311,1774271517520522952,1774271517523931238,3408
4312,1774271517525773492,1774271517529733934,3960
4313,1774271517531557527,1774271517535464495,3906
4314,1774271517537302334,1774271517541054478,3752
4315,1774271517542909530,1774271517546525011,3615
4316,1774271517548394500,1774271517552492110,4097
4317,1774271517554199781,1774271517558348663,4148
4318,1774271517560002280,1774271517564115800,4113
4319,1774271517565943149,1774271517569830629,3887
4320,1774271517571529244,1774271517574668987,3139
4321,1774271517576168548,1774271517580029759,3861
4322,1774271517581738519,1774271517585221114,3482
4323,1774271517586779321,1774271517590671863,3892
4324,1774271517592210976,1774271517596088295,3877
4325,1774271517597818064,1774271517601613703,3795
4326,1774271517603295614,1774271517606463424,3167
4327,1774271517608059382,1774271517611997979,3938
4328,1774271517613647006,1774271517617532407,3885
4329,1774271517619244124,1774271517622633271,3389
4330,1774271517624314216,1774271517628073942,3759
4331,1774271517629781367,1774271517633688178,3906
4332,1774271517635366448,1774271517639362557,3996
4333,1774271517641031142,1774271517644434836,3403
4334,1774271517646531307,1774271517649759983,3228
4335,1774271517651469875,1774271517655450526,3980
4336,1774271517657153568,1774271517660952116,3798
4337,1774271517662667389,1774271517666558962,3891
4338,1774271517668334959,1774271517671665493,3330
4339,1774271517673334367,1774271517677580989,4246
4340,1774271517679415211,1774271517683411157,3995
4341,1774271517685064292,1774271517689267724,4203
4342,1774271517690745918,1774271517694931709,4185
4343,1774271517696612501,1774271517699989899,3377
4344,1774271517701580374,1774271517704914385,3334
4345,1774271517706211149,1774271517709494918,3283
4346,1774271517710912019,1774271517713907554,2995
4347,1774271517715243989,1774271517718390834,3146
4348,1774271517719945876,1774271517723978316,4032
4349,1774271517725629148,1774271517729190207,3561
4350,1774271517730757584,1774271517734307494,3549
4351,1774271517735995066,1774271517739878950,3883
4352,1774271517741630308,1774271517745656579,4026
4353,1774271517747409232,1774271517750672258,3263
4354,1774271517752525337,1774271517756368953,3843
4355,1774271517758076195,1774271517762233027,4156
4356,1774271517764078165,1774271517768276196,4198
4357,1774271517769972376,1774271517773614364,3641
4358,1774271517775502313,1774271517778985394,3483
4359,1774271517780936982,1774271517784992948,4055
4360,1774271517786866876,1774271517790480172,3613
4361,1774271517792177159,1774271517796187834,4010
4362,1774271517798086026,1774271517802024506,3938
4363,1774271517803863173,1774271517807597715,3734
4364,1774271517809283109,1774271517812780544,3497
4365,1774271517814633842,1774271517818484416,3850
4366,1774271517820114335,1774271517823861499,3747
4367,1774271517825690891,1774271517829247183,3556
4368,1774271517831041692,1774271517835128265,4086
4369,1774271517836723436,1774271517840326481,3603
4370,1774271517841958846,1774271517846023750,4064
4371,1774271517847676414,1774271517851001051,3324
4372,1774271517852643634,1774271517857064704,4421
4373,1774271517858798328,1774271517862169667,3371
4374,1774271517863865782,1774271517867402891,3537
4375,1774271517869120215,1774271517872621890,3501
4376,1774271517874166552,1774271517877595471,3428
4377,1774271517879258863,1774271517882579724,3320
4378,1774271517884336076,1774271517888385456,4049
4379,1774271517890164266,1774271517894270381,4106
4380,1774271517896007298,1774271517900204034,4196
4381,1774271517901975777,1774271517906099476,4123
4382,1774271517907876895,1774271517911964854,4087
4383,1774271517913708639,1774271517917811204,4102
4384,1774271517919701101,1774271517923280601,3579
4385,1774271517924965926,1774271517928508524,3542
4386,1774271517930151843,1774271517934255895,4104
4387,1774271517935993810,1774271517940048551,4054
4388,1774271517942081076,1774271517946182906,4101
4389,1774271517947877378,1774271517951428097,3550
4390,1774271517953095843,1774271517956491898,3396
4391,1774271517958462016,1774271517961634373,3172
4392,1774271517963179453,1774271517967235574,4056
4393,1774271517968736762,1774271517972182193,3445
4394,1774271517973704035,1774271517977824278,4120
4395,1774271517979271286,1774271517983357108,4085
4396,1774271517984981851,1774271517989082401,4100
4397,1774271517990599947,1774271517994588734,3988
4398,1774271517996296967,1774271517999536377,3239
4399,1774271518001147261,1774271518004551827,3404
4400,1774271518006328946,1774271518010359019,4030
4401,1774271518012144369,1774271518015972090,3827
4402,1774271518017735461,1774271518021858488,4123
4403,1774271518023543724,1774271518027511097,3967
4404,1774271518029277056,1774271518033276832,3999
4405,1774271518034962413,1774271518039168667,4206
4406,1774271518041056788,1774271518045015410,3958
4407,1774271518046823891,1774271518050830358,4006
4408,1774271518052668708,1774271518056603831,3935
4409,1774271518058213352,1774271518061787666,3574
4410,1774271518063403465,1774271518066688352,3284
4411,1774271518068410408,1774271518072409037,3998
4412,1774271518074047704,1774271518077772609,3724
4413,1774271518079461865,1774271518082813122,3351
4414,1774271518084501408,1774271518088437159,3935
4415,1774271518090256147,1774271518094309637,4053
4416,1774271518095989382,1774271518099018325,3028
4417,1774271518100477349,1774271518103493392,3016
4418,1774271518104730017,1774271518108139085,3409
4419,1774271518109687808,1774271518113013778,3325
4420,1774271518114583776,1774271518117758607,3174
4421,1774271518119386131,1774271518123139602,3753
4422,1774271518124799089,1774271518128849538,4050
4423,1774271518130860057,1774271518134922958,4062
4424,1774271518136660429,1774271518140233120,3572
4425,1774271518142000886,1774271518145716822,3715
4426,1774271518147649258,1774271518151710454,4061
4427,1774271518153648319,1774271518158436127,4787
4428,1774271518160283035,1774271518163926292,3643
4429,1774271518165734332,1774271518170375694,4641
4430,1774271518172179121,1774271518175680936,3501
4431,1774271518177545455,1774271518181702765,4157
4432,1774271518183868471,1774271518187565748,3697
4433,1774271518189309208,1774271518193511388,4202
4434,1774271518195415927,1774271518198869478,3453
4435,1774271518200668067,1774271518204792921,4124
4436,1774271518206514250,1774271518210590809,4076
4437,1774271518212253761,1774271518216318310,4064
4438,1774271518218030890,1774271518222252626,4221
4439,1774271518223993861,1774271518228017236,4023
4440,1774271518229804573,1774271518233912272,4107
4441,1774271518235673938,1774271518239752536,4078
4442,1774271518241363426,1774271518244654733,3291
4443,1774271518246383412,1774271518250027610,3644
4444,1774271518251696777,1774271518255259063,3562
4445,1774271518256855336,1774271518260007557,3152
4446,1774271518261598062,1774271518265569126,3971
4447,1774271518267241408,1774271518271050934,3809
4448,1774271518272634158,1774271518275920412,3286
4449,1774271518277536230,1774271518280713684,3177
4450,1774271518282436430,1774271518285781182,3344
4451,1774271518287424700,1774271518291481025,4056
4452,1774271518293210843,1774271518296900048,3689
4453,1774271518298647597,1774271518302679198,4031
4454,1774271518304362565,1774271518307769378,3406
4455,1774271518309415688,1774271518313507714,4092
4456,1774271518315146162,1774271518318656551,3510
4457,1774271518320379087,1774271518324351493,3972
4458,1774271518326115009,1774271518330184606,4069
4459,1774271518331992702,1774271518336028119,4035
4460,1774271518337859089,1774271518342092676,4233
4461,1774271518343811664,1774271518347716313,3904
4462,1774271518349416581,1774271518352756602,3340
4463,1774271518354506723,1774271518358438660,3931
4464,1774271518360092735,1774271518363726005,3633
4465,1774271518365513132,1774271518369029853,3516
4466,1774271518370876877,1774271518374881221,4004
4467,1774271518376588072,1774271518379799565,3211
4468,1774271518381575875,1774271518385670722,4094
4469,1774271518387310709,1774271518391010158,3699
4470,1774271518392650856,1774271518395791387,3140
4471,1774271518397431070,1774271518401466454,4035
4472,1774271518402954448,1774271518406821612,3867
4473,1774271518408402832,1774271518411603398,3200
4474,1774271518413071813,1774271518416842961,3771
4475,1774271518418492103,1774271518422356981,3864
4476,1774271518423969288,1774271518427467721,3498
4477,1774271518429183283,1774271518433105059,3921
4478,1774271518434716056,1774271518438726555,4010
4479,1774271518440590070,1774271518444574362,3984
4480,1774271518446350483,1774271518450194807,3844
4481,1774271518451855834,1774271518455434496,3578
4482,1774271518457179281,1774271518461153808,3974
4483,1774271518462963959,1774271518466461333,3497
4484,1774271518468146912,1774271518471575562,3428
4485,1774271518473207264,1774271518476546757,3339
4486,1774271518478326842,1774271518482341921,4015
4487,1774271518484022492,1774271518487764664,3742
4488,1774271518489600584,1774271518493756951,4156
4489,1774271518495460057,1774271518499350911,3890
4490,1774271518501250649,1774271518505293440,4042
4491,1774271518507201613,1774271518511133219,3931
4492,1774271518512958859,1774271518517033242,4074
4493,1774271518518700763,1774271518522508029,3807
4494,1774271518524122423,1774271518528080637,3958
4495,1774271518529767964,1774271518533599891,3831
4496,1774271518535079950,1774271518538192539,3112
4497,1774271518539801201,1774271518543290670,3489
4498,1774271518544853941,1774271518548888590,4034
4499,1774271518550555155,1774271518554493708,3938
4500,1774271518556100444,1774271518560046845,3946
4501,1774271518561724684,1774271518565761560,4036
4502,1774271518567370025,1774271518571278145,3908
4503,1774271518572977018,1774271518576855488,3878
4504,1774271518578583864,1774271518582700258,4116
4505,1774271518584451148,1774271518587770133,3318
4506,1774271518589498924,1774271518593347891,3848
4507,1774271518595036271,1774271518598736461,3700
4508,1774271518600360468,1774271518603745489,3385
4509,1774271518605501224,1774271518609493763,3992
4510,1774271518611311512,1774271518614947096,3635
4511,1774271518616560772,1774271518619698035,3137
4512,1774271518621479480,1774271518624578169,3098
4513,1774271518626314549,1774271518630315036,4000
4514,1774271518631975381,1774271518635528608,3553
4515,1774271518637164885,1774271518641067631,3902
4516,1774271518642879443,1774271518646622255,3742
4517,1774271518648295470,1774271518652365202,4069
4518,1774271518654082148,1774271518658376024,4293
4519,1774271518660072435,1774271518664221109,4148
4520,1774271518665840583,1774271518669780336,3939
4521,1774271518671504529,1774271518674965684,3461
4522,1774271518676473682,1774271518680204711,3731
4523,1774271518681723508,1774271518684966400,3242
4524,1774271518686629550,1774271518689648589,3019
4525,1774271518691233141,1774271518694988020,3754
4526,1774271518696626779,1774271518700190340,3563
4527,1774271518701815592,1774271518705645427,3829
4528,1774271518707299013,1774271518710581313,3282
4529,1774271518712219850,1774271518716139574,3919
4530,1774271518717860076,1774271518722179214,4319
4531,1774271518723946129,1774271518727882981,3936
4532,1774271518729739591,1774271518733648102,3908
4533,1774271518735503520,1774271518739431912,3928
4534,1774271518741075407,1774271518744522685,3447
4535,1774271518746199989,1774271518750371964,4171
4536,1774271518752029079,1774271518755522869,3493
4537,1774271518757191313,1774271518761356025,4164
4538,1774271518763041327,1774271518766695373,3654
4539,1774271518768353446,1774271518771913749,3560
4540,1774271518773694836,1774271518777823407,4128
4541,1774271518779579869,1774271518783092223,3512
4542,1774271518785071053,1774271518788218185,3147
4543,1774271518789961097,1774271518793803425,3842
4544,1774271518795404629,1774271518798365887,2961
4545,1774271518799801628,1774271518804006173,4204
4546,1774271518805672823,1774271518809009562,3336
4547,1774271518810641005,1774271518814747389,4106
4548,1774271518816436103,1774271518819552650,3116
4549,1774271518821096794,1774271518825183859,4087
4550,1774271518826787569,1774271518830690366,3902
4551,1774271518832390847,1774271518835674746,3283
4552,1774271518837350748,1774271518840731055,3380
4553,1774271518842430152,1774271518846613352,4183
4554,1774271518848277012,1774271518851996477,3719
4555,1774271518853719766,1774271518857427156,3707
4556,1774271518859144570,1774271518863317993,4173
4557,1774271518865167160,1774271518868632538,3465
4558,1774271518870350750,1774271518874542745,4191
4559,1774271518876527863,1774271518880365538,3837
4560,1774271518882309402,1774271518886342999,4033
4561,1774271518888200110,1774271518891737463,3537
4562,1774271518893503732,1774271518897595932,4092
4563,1774271518899378982,1774271518903144508,3765
4564,1774271518905262115,1774271518909330613,4068
4565,1774271518911104966,1774271518915089296,3984
4566,1774271518917019337,1774271518920927878,3908
4567,1774271518922668244,1774271518926626189,3957
4568,1774271518928321878,1774271518931279003,2957
4569,1774271518933044862,1774271518936655172,3610
4570,1774271518938297384,1774271518941907750,3610
4571,1774271518943580039,1774271518947745854,4165
4572,1774271518949419325,1774271518953595645,4176
4573,1774271518955275713,1774271518959003183,3727
4574,1774271518960643503,1774271518964604394,3960
4575,1774271518966446719,1774271518970563725,4117
4576,1774271518972529639,1774271518976559832,4030
4577,1774271518978526353,1774271518982472258,3945
4578,1774271518984488721,1774271518988522740,4034
4579,1774271518990294544,1774271518994144883,3850
4580,1774271518996027333,1774271519000013403,3986
4581,1774271519001825473,1774271519005810590,3985
4582,1774271519007737041,1774271519011748524,4011
4583,1774271519013593514,1774271519017441722,3848
4584,1774271519019256487,1774271519022730541,3474
4585,1774271519024457642,1774271519028289247,3831
4586,1774271519030291160,1774271519034340159,4048
4587,1774271519036020597,1774271519039594777,3574
4588,1774271519041595726,1774271519045586997,3991
4589,1774271519047256805,1774271519051251504,3994
4590,1774271519052941998,1774271519057320226,4378
4591,1774271519058947139,1774271519062392122,3444
4592,1774271519064128019,1774271519068171532,4043
4593,1774271519069923484,1774271519072967811,3044
4594,1774271519074589540,1774271519078174566,3585
4595,1774271519079858345,1774271519082928252,3069
4596,1774271519084594966,1774271519087993825,3398
4597,1774271519089735366,1774271519092905291,3169
4598,1774271519094621147,1774271519098608698,3987
4599,1774271519100139780,1774271519103425863,3286
4600,1774271519105050620,1774271519109231397,4180
4601,1774271519110903851,1774271519114629181,3725
4602,1774271519116356728,1774271519120386683,4029
4603,1774271519122177159,1774271519126395275,4218
4604,1774271519128179902,1774271519132045436,3865
4605,1774271519134039421,1774271519138341830,4302
4606,1774271519140105421,1774271519144158854,4053
4607,1774271519146018955,1774271519149779296,3760
4608,1774271519151655985,1774271519155814917,4158
4609,1774271519157520408,1774271519161225923,3705
4610,1774271519163101270,1774271519167411603,4310
4611,1774271519169149737,1774271519172615873,3466
4612,1774271519174330539,1774271519178388114,4057
4613,1774271519180077059,1774271519184095022,4017
4614,1774271519185974396,1774271519190002659,4028
4615,1774271519191728839,1774271519195869191,4140
4616,1774271519197661995,1774271519201678695,4016
4617,1774271519203273873,1774271519207434086,4160
4618,1774271519209160173,1774271519212226499,3066
4619,1774271519213892130,1774271519218181992,4289
4620,1774271519219532145,1774271519222983060,3450
4621,1774271519224492161,1774271519227989322,3497
4622,1774271519229769066,1774271519233218200,3449
4623,1774271519234871780,1774271519238427518,3555
4624,1774271519240060838,1774271519244030971,3970
4625,1774271519245736798,1774271519249882404,4145
4626,1774271519251616344,1774271519255625163,4008
4627,1774271519257422032,1774271519261537863,4115
4628,1774271519263197761,1774271519267243044,4045
4629,1774271519269137886,1774271519272979190,3841
4630,1774271519274661218,1774271519278614971,3953
4631,1774271519280293473,1774271519284108676,3815
4632,1774271519285771266,1774271519289744914,3973
4633,1774271519291524090,1774271519295504808,3980
4634,1774271519297585354,1774271519300764947,3179
4635,1774271519302407933,1774271519305866874,3458
4636,1774271519307585923,1774271519311675369,4089
4637,1774271519313331688,1774271519317111518,3779
4638,1774271519318804645,1774271519322812665,4008
4639,1774271519324612280,1774271519328476492,3864
4640,1774271519330139245,1774271519334135891,3996
4641,1774271519336016703,1774271519340276561,4259
4642,1774271519341935612,1774271519346047127,4111
4643,1774271519347632983,1774271519351031587,3398
4644,1774271519352377479,1774271519356411142,4033
4645,1774271519357873701,1774271519361435889,3562
4646,1774271519362988522,1774271519365932023,2943
4647,1774271519367606776,1774271519371493321,3886
4648,1774271519372970049,1774271519377068539,4098
4649,1774271519378680302,1774271519383077743,4397
4650,1774271519384714840,1774271519389018235,4303
4651,1774271519390765263,1774271519394997624,4232
4652,1774271519396831004,1774271519400779287,3948
4653,1774271519402526211,1774271519406646204,4119
4654,1774271519408386629,1774271519411812471,3425
4655,1774271519413500781,1774271519417196701,3695
4656,1774271519418897810,1774271519422994046,4096
4657,1774271519424899343,1774271519429022798,4123
4658,1774271519430829695,1774271519434841623,4011
4659,1774271519436704373,1774271519440912134,4207
4660,1774271519442553884,1774271519445816916,3263
4661,1774271519447628648,1774271519451454346,3825
4662,1774271519453082167,1774271519456417357,3335
4663,1774271519458236683,1774271519461390815,3154
4664,1774271519463036348,1774271519467062731,4026
4665,1774271519468712489,1774271519472948320,4235
4666,1774271519474811057,1774271519478952759,4141
4667,1774271519480607756,1774271519484719093,4111
4668,1774271519486455128,1774271519489670362,3215
4669,1774271519491210894,1774271519494894978,3684
4670,1774271519496506176,1774271519499742029,3235
4671,1774271519501414733,1774271519505029347,3614
4672,1774271519506699934,1774271519510578621,3878
4673,1774271519512364271,1774271519516238986,3874
4674,1774271519518032905,1774271519521414192,3381
4675,1774271519523137030,1774271519526769406,3632
4676,1774271519528548466,1774271519531967419,3418
4677,1774271519533772812,1774271519537802643,4029
4678,1774271519539503532,1774271519543289490,3785
4679,1774271519544978362,1774271519549233589,4255
4680,1774271519551089141,1774271519555053402,3964
4681,1774271519556877808,1774271519560986652,4108
4682,1774271519562790110,1774271519566768150,3978
4683,1774271519568529980,1774271519572677808,4147
4684,1774271519574379378,1774271519578472946,4093
4685,1774271519580129430,1774271519584001482,3872
4686,1774271519585753675,1774271519589918780,4165
4687,1774271519591657427,1774271519595555364,3897
4688,1774271519597495804,1774271519600813683,3317
4689,1774271519602470126,1774271519606449407,3979
4690,1774271519607991955,1774271519612178738,4186
4691,1774271519613799890,1774271519617843914,4044
4692,1774271519619603016,1774271519623627890,4024
4693,1774271519625492820,1774271519629715636,4222
4694,1774271519631331786,1774271519634534234,3202
4695,1774271519636258391,1774271519639526411,3268
4696,1774271519641199746,1774271519644500875,3301
4697,1774271519646123472,1774271519649905067,3781
4698,1774271519651543621,1774271519655313205,3769
4699,1774271519656989738,1774271519660944247,3954
4700,1774271519662601040,1774271519666542783,3941
4701,1774271519668197028,1774271519671993634,3796
4702,1774271519673935500,1774271519678212907,4277
4703,1774271519680139585,1774271519684410065,4270
4704,1774271519686371134,1774271519690460989,4089
4705,1774271519692170836,1774271519696598202,4427
4706,1774271519698290093,1774271519702334608,4044
4707,1774271519703986500,1774271519708110279,4123
4708,1774271519710134218,1774271519714109382,3975
4709,1774271519715963421,1774271519719907116,3943
4710,1774271519721675455,1774271519725662291,3986
4711,1774271519727380130,1774271519730996489,3616
4712,1774271519732743844,1774271519736576183,3832
4713,1774271519738316820,1774271519742567157,4250
4714,1774271519744382030,1774271519747538615,3156
4715,1774271519749390581,1774271519752421741,3031
4716,1774271519754038732,1774271519758184344,4145
4717,1774271519759597515,1774271519763169142,3571
4718,1774271519764827251,1774271519767923021,3095
4719,1774271519769547560,1774271519772850581,3303
4720,1774271519774464668,1774271519777844767,3380
4721,1774271519779371175,1774271519783195362,3824
4722,1774271519784984266,1774271519788774608,3790
4723,1774271519790519120,1774271519794330236,3811
4724,1774271519796208654,1774271519800188982,3980
4725,1774271519802107149,1774271519806176489,4069
4726,1774271519808040110,1774271519811942236,3902
4727,1774271519813611343,1774271519817224775,3613
4728,1774271519819055785,1774271519823092913,4037
4729,1774271519824803389,1774271519828449126,3645
4730,1774271519830136562,1774271519833683333,3546
4731,1774271519835362436,1774271519839406688,4044
4732,1774271519841065322,1774271519844674973,3609
4733,1774271519846383082,1774271519850329672,3946
4734,1774271519852170535,1774271519856299794,4129
4735,1774271519857991241,1774271519861507490,3516
4736,1774271519863296293,1774271519867239050,3942
4737,1774271519868895265,1774271519873003887,4108
4738,1774271519874778078,1774271519878771764,3993
4739,1774271519880596535,1774271519884851787,4255
4740,1774271519886748051,1774271519890200811,3452
4741,1774271519891849766,1774271519895873027,4023
4742,1774271519897378770,1774271519900942049,3563
4743,1774271519902358968,1774271519906448722,4089
4744,1774271519908099000,1774271519912422084,4323
4745,1774271519913852017,1774271519917467164,3615
4746,1774271519918988549,1774271519923571678,4583
4747,1774271519925504800,1774271519929459853,3955
4748,1774271519931252808,1774271519934829271,3576
4749,1774271519936615097,1774271519941536355,4921
4750,1774271519943490954,1774271519947834221,4343
4751,1774271519949902204,1774271519954198948,4296
4752,1774271519955983786,1774271519959858933,3875
4753,1774271519961699020,1774271519966091803,4392
4754,1774271519967851886,1774271519972111541,4259
4755,1774271519974002057,1774271519977801389,3799
4756,1774271519979660332,1774271519983851567,4191
4757,1774271519985871892,1774271519989728358,3856
4758,1774271519991536006,1774271519995579928,4043
4759,1774271519997540998,1774271520001008697,3467
4760,1774271520002977198,1774271520007063619,4086
4761,1774271520008850812,1774271520012503674,3652
4762,1774271520014141452,1774271520018575634,4434
4763,1774271520020615614,1774271520024229896,3614
4764,1774271520025971981,1774271520030206786,4234
4765,1774271520031939354,1774271520035303634,3364
4766,1774271520037031029,1774271520040409379,3378
4767,1774271520042044294,1774271520046187030,4142
4768,1774271520047989205,1774271520051829971,3840
4769,1774271520053635462,1774271520057054951,3419
4770,1774271520058724471,1774271520062716245,3991
4771,1774271520064283000,1774271520068282061,3999
4772,1774271520070009857,1774271520073954795,3944
4773,1774271520075638614,1774271520079599828,3961
4774,1774271520081467572,1774271520084788230,3320
4775,1774271520086513318,1774271520090674867,4161
4776,1774271520092395333,1774271520096318577,3923
4777,1774271520098262950,1774271520101659000,3396
4778,1774271520103298318,1774271520107354580,4056
4779,1774271520109032830,1774271520112562610,3529
4780,1774271520114265092,1774271520118654776,4389
4781,1774271520120521021,1774271520125009699,4488
4782,1774271520126819897,1774271520131382935,4563
4783,1774271520133130637,1774271520137123005,3992
4784,1774271520138907798,1774271520143170703,4262
4785,1774271520144879948,1774271520149131591,4251
4786,1774271520150919618,1774271520154688201,3768
4787,1774271520156520864,1774271520160331761,3810
4788,1774271520162030800,1774271520166014102,3983
4789,1774271520167671284,1774271520171884106,4212
4790,1774271520173546517,1774271520177498458,3951
4791,1774271520179080414,1774271520183467738,4387
4792,1774271520185126503,1774271520189324379,4197
4793,1774271520191000570,1774271520194604007,3603
4794,1774271520196342795,1774271520200359284,4016
4795,1774271520202185145,1774271520205687571,3502
4796,1774271520207533358,1774271520211159344,3625
4797,1774271520213165358,1774271520216704594,3539
4798,1774271520218546201,1774271520222276143,3729
4799,1774271520224036049,1774271520227699480,3663
4800,1774271520229640307,1774271520233449877,3809
4801,1774271520235206289,1774271520239675342,4469
4802,1774271520241599826,1774271520245707558,4107
4803,1774271520247439782,1774271520251528844,4089
4804,1774271520253523049,1774271520257540045,4016
4805,1774271520259389365,1774271520263561988,4172
4806,1774271520265471901,1774271520269573539,4101
4807,1774271520271281899,1774271520275163090,3881
4808,1774271520276848421,1774271520280814114,3965
4809,1774271520282573235,1774271520286396819,3823
4810,1774271520288165768,1774271520292232294,4066
4811,1774271520294062971,1774271520298255406,4192
4812,1774271520300193312,1774271520304291976,4098
4813,1774271520305749434,1774271520309293845,3544
4814,1774271520310928397,1774271520314359892,3431
4815,1774271520316014520,1774271520319111411,3096
4816,1774271520320698198,1774271520323919422,3221
4817,1774271520325523164,1774271520329496146,3972
4818,1774271520331168214,1774271520335349785,4181
4819,1774271520337000065,1774271520341259768,4259
4820,1774271520342947935,1774271520346556881,3608
4821,1774271520348509857,1774271520352681888,4172
4822,1774271520354346278,1774271520357684938,3338
4823,1774271520359365225,1774271520363112929,3747
4824,1774271520364932872,1774271520368820858,3887
4825,1774271520370559547,1774271520374521924,3962
4826,1774271520376110743,1774271520380320601,4209
4827,1774271520382262963,1774271520386354727,4091
4828,1774271520388200722,1774271520392610767,4410
4829,1774271520394433709,1774271520398363189,3929
4830,1774271520400327395,1774271520404754496,4427
4831,1774271520406732774,1774271520410659314,3926
4832,1774271520412453419,1774271520416564134,4110
4833,1774271520418326596,1774271520422121065,3794
4834,1774271520424064423,1774271520428376288,4311
4835,1774271520430045416,1774271520433953926,3908
4836,1774271520435673526,1774271520438915840,3242
4837,1774271520440769376,1774271520444312861,3543
4838,1774271520445906997,1774271520449340609,3433
4839,1774271520450996689,1774271520453993159,2996
4840,1774271520455707017,1774271520459846391,4139
4841,1774271520461327733,1774271520465410703,4082
4842,1774271520467167042,1774271520470614216,3447
4843,1774271520472381193,1774271520476436461,4055
4844,1774271520478072004,1774271520481767905,3695
4845,1774271520483519430,1774271520486730187,3210
4846,1774271520488424159,1774271520492117346,3693
4847,1774271520493811794,1774271520497396007,3584
4848,1774271520499044459,1774271520502741865,3697
4849,1774271520504351798,1774271520507628833,3277
4850,1774271520509476823,1774271520513324142,3847
4851,1774271520514949216,1774271520518704121,3754
4852,1774271520520368685,1774271520523496267,3127
4853,1774271520525113919,1774271520528831670,3717
4854,1774271520530491126,1774271520534219564,3728
4855,1774271520536044688,1774271520540242500,4197
4856,1774271520541911854,1774271520545770203,3858
4857,1774271520547435628,1774271520551550483,4114
4858,1774271520553259018,1774271520557204848,3945
4859,1774271520559020061,1774271520562876210,3856
4860,1774271520564606666,1774271520568566204,3959
4861,1774271520570565826,1774271520574655153,4089
4862,1774271520576508227,1774271520580559556,4051
4863,1774271520582344354,1774271520586627026,4282
4864,1774271520588354513,1774271520592136105,3781
4865,1774271520593725163,1774271520596963146,3237
4866,1774271520598630419,1774271520602670565,4040
4867,1774271520604294844,1774271520607267360,2972
4868,1774271520608742555,1774271520612664633,3922
4869,1774271520614238081,1774271520617814084,3576
4870,1774271520619440413,1774271520622696219,3255
4871,1774271520624320714,1774271520628248302,3927
4872,1774271520629956656,1774271520633410170,3453
4873,1774271520635171663,1774271520638674088,3502
4874,1774271520640319006,1774271520644345809,4026
4875,1774271520645993764,1774271520649403581,3409
4876,1774271520651052510,1774271520655148020,4095
4877,1774271520656852403,1774271520661082595,4230
4878,1774271520662981374,1774271520667225903,4244
4879,1774271520669112169,1774271520673130271,4018
4880,1774271520675008100,1774271520678419280,3411
4881,1774271520680129636,1774271520683547864,3418
4882,1774271520685246338,1774271520688746647,3500
4883,1774271520690435460,1774271520694444791,4009
4884,1774271520696122106,1774271520699727948,3605
4885,1774271520701505980,1774271520705523793,4017
4886,1774271520707310370,1774271520711299426,3989
4887,1774271520712900634,1774271520717121088,4220
4888,1774271520718995591,1774271520722813744,3818
4889,1774271520724424103,1774271520728515893,4091
4890,1774271520730153433,1774271520733359027,3205
4891,1774271520735030513,1774271520738349881,3319
4892,1774271520739766192,1774271520742967922,3201
4893,1774271520744619301,1774271520747867207,3247
4894,1774271520749393064,1774271520752473248,3080
4895,1774271520754039623,1774271520757966107,3926
4896,1774271520759567043,1774271520762702454,3135
4897,1774271520764332418,1774271520767513499,3181
4898,1774271520769154155,1774271520772993435,3839
4899,1774271520774666758,1774271520778679979,4013
4900,1774271520780344394,1774271520784383463,4039
4901,1774271520786255176,1774271520790320152,4064
4902,1774271520792045326,1774271520796385757,4340
4903,1774271520798143605,1774271520802010566,3866
4904,1774271520803887894,1774271520808075623,4187
4905,1774271520809841872,1774271520813720863,3878
4906,1774271520815539715,1774271520819556818,4017
4907,1774271520821221051,1774271520825327365,4106
4908,1774271520827043101,1774271520831084322,4041
4909,1774271520832994013,1774271520836794641,3800
4910,1774271520838416780,1774271520841750676,3333
4911,1774271520843477289,1774271520846651378,3174
4912,1774271520848304593,1774271520852311539,4006
4913,1774271520854061101,1774271520858122949,4061
4914,1774271520859819427,1774271520863553753,3734
4915,1774271520865233688,1774271520868544214,3310
4916,1774271520870111935,1774271520873494960,3383
4917,1774271520875249272,1774271520878453159,3203
4918,1774271520879864765,1774271520883100246,3235
4919,1774271520884694341,1774271520888657693,3963
4920,1774271520890237945,1774271520893605884,3367
4921,1774271520895258713,1774271520899156467,3897
4922,1774271520900823040,1774271520904706479,3883
4923,1774271520906695245,1774271520910814351,4119
4924,1774271520912504563,1774271520915773337,3268
4925,1774271520917461588,1774271520920823571,3361
4926,1774271520922543847,1774271520926184511,3640
4927,1774271520927846716,1774271520931846378,3999
4928,1774271520933652553,1774271520937657119,4004
4929,1774271520939299417,1774271520942572386,3272
4930,1774271520944310720,1774271520948235587,3924
4931,1774271520950220084,1774271520954132694,3912
4932,1774271520956000651,1774271520959975662,3975
4933,1774271520962024638,1774271520965991050,3966
4934,1774271520967857751,1774271520972010004,4152
4935,1774271520974053440,1774271520977711348,3657
4936,1774271520979737338,1774271520983695972,3958
4937,1774271520985340850,1774271520988540329,3199
4938,1774271520990455729,1774271520994450362,3994
4939,1774271520996158506,1774271520999294104,3135
4940,1774271521001020759,1774271521004158640,3137
4941,1774271521005767056,1774271521008874784,3107
4942,1774271521010522953,1774271521013654749,3131
4943,1774271521015161504,1774271521018326279,3164
4944,1774271521019849693,1774271521023917285,4067
4945,1774271521025487894,1774271521028695876,3207
4946,1774271521030320337,1774271521034020803,3700
4947,1774271521035863248,1774271521039748664,3885
4948,1774271521041517343,1774271521044698510,3181
4949,1774271521046423749,1774271521049898756,3475
4950,1774271521051582061,1774271521055477980,3895
4951,1774271521057197745,1774271521061284305,4086
4952,1774271521063006564,1774271521066622827,3616
4953,1774271521068314197,1774271521072501511,4187
4954,1774271521074178837,1774271521078242504,4063
4955,1774271521079945689,1774271521083963857,4018
4956,1774271521085959508,1774271521089843804,3884
4957,1774271521091511755,1774271521095426039,3914
4958,1774271521097093520,1774271521101340558,4247
4959,1774271521103030826,1774271521107036434,4005
4960,1774271521108598111,1774271521112465167,3867
4961,1774271521114103417,1774271521117360676,3257
4962,1774271521119042653,1774271521122183311,3140
4963,1774271521123702089,1774271521127867323,4165
4964,1774271521129541652,1774271521132715911,3174
4965,1774271521134518846,1774271521138127688,3608
4966,1774271521139713679,1774271521143394885,3681
4967,1774271521144879161,1774271521149101045,4221
4968,1774271521150761236,1774271521155065453,4304
4969,1774271521156612693,1774271521160193856,3581
4970,1774271521161982916,1774271521165479320,3496
4971,1774271521167133948,1774271521171381419,4247
4972,1774271521173028192,1774271521176535575,3507
4973,1774271521178366175,1774271521181745411,3379
4974,1774271521183671370,1774271521187541681,3870
4975,1774271521189544484,1774271521193615021,4070
4976,1774271521195440922,1774271521199571573,4130
4977,1774271521201362768,1774271521205569146,4206
4978,1774271521207452561,1774271521211746667,4294
4979,1774271521213592455,1774271521217714905,4122
4980,1774271521219626105,1774271521224032704,4406
4981,1774271521225948276,1774271521229977966,4029
4982,1774271521231827532,1774271521235374609,3547
4983,1774271521237091297,1774271521240570853,3479
4984,1774271521242336234,1774271521245900214,3563
4985,1774271521247621600,1774271521251745558,4123
4986,1774271521253502691,1774271521257304376,3801
4987,1774271521258991807,1774271521262097930,3106
4988,1774271521263706647,1774271521267840515,4133
4989,1774271521269410779,1774271521273449093,4038
4990,1774271521275192951,1774271521279397798,4204
4991,1774271521281128792,1774271521284607361,3478
4992,1774271521286370844,1774271521289333245,2962
4993,1774271521290981590,1774271521294762688,3781
4994,1774271521296590147,1774271521300182899,3592
4995,1774271521301841642,1774271521305431371,3589
4996,1774271521307144527,1774271521311161699,4017
4997,1774271521312838751,1774271521316604190,3765
4998,1774271521318313931,1774271521322474188,4160
4999,1774271521324183755,1774271521328327206,4143
5000,1774271521330133421,1774271521334249150,4115
5001,1774271521335978375,1774271521340285277,4306
5002,1774271521342097438,1774271521346150223,4052
5003,1774271521348090470,1774271521352290560,4200
5004,1774271521354095229,1774271521358046053,3950
5005,1774271521359965948,1774271521363942367,3976
5006,1774271521365672519,1774271521369642318,3969
5007,1774271521371487816,1774271521375469388,3981
5008,1774271521377371089,1774271521381134990,3763
5009,1774271521382858537,1774271521386860163,4001
5010,1774271521388721833,1774271521392214080,3492
5011,1774271521393979831,1774271521397809701,3829
5012,1774271521399568221,1774271521403643580,4075
5013,1774271521405334443,1774271521408349231,3014
5014,1774271521410021990,1774271521413487800,3465
5015,1774271521415179635,1774271521419306773,4127
5016,1774271521421006400,1774271521424318080,3311
5017,1774271521426046302,1774271521429341347,3295
5018,1774271521431017470,1774271521434923992,3906
5019,1774271521436498000,1774271521440075731,3577
5020,1774271521441715375,1774271521445641982,3926
5021,1774271521447523919,1774271521451507074,3983
5022,1774271521453207423,1774271521457126069,3918
5023,1774271521458971564,1774271521462586925,3615
5024,1774271521464370035,1774271521468583805,4213
5025,1774271521470300206,1774271521473841795,3541
5026,1774271521475759916,1774271521479729129,3969
5027,1774271521481398622,1774271521485181363,3782
5028,1774271521487063982,1774271521490509992,3446
5029,1774271521492158848,1774271521496248765,4089
5030,1774271521498290809,1774271521502166511,3875
5031,1774271521503961240,1774271521508074446,4113
5032,1774271521509881967,1774271521513792866,3910
5033,1774271521515459827,1774271521519558012,4098
5034,1774271521521308282,1774271521525289575,3981
5035,1774271521527060194,1774271521531051520,3991
5036,1774271521532711415,1774271521536669611,3958
5037,1774271521538266408,1774271521542207453,3941
5038,1774271521543801305,1774271521546989036,3187
5039,1774271521548607152,1774271521552651138,4043
5040,1774271521554263865,1774271521558267709,4003
5041,1774271521559922238,1774271521563342098,3419
5042,1774271521564935130,1774271521568873265,3938
5043,1774271521570570027,1774271521573836231,3266
5044,1774271521575468190,1774271521579400372,3932
5045,1774271521580964471,1774271521584632160,3667
5046,1774271521586247959,1774271521590287789,4039
5047,1774271521592006586,1774271521596158902,4152
5048,1774271521597935040,1774271521601488984,3553
5049,1774271521603298232,1774271521607216694,3918
5050,1774271521609168411,1774271521613191887,4023
5051,1774271521614976856,1774271521618996726,4019
5052,1774271521620874797,1774271521624866891,3992
5053,1774271521626584156,1774271521630615577,4031
5054,1774271521632309126,1774271521635679344,3370
5055,1774271521637284069,1774271521641142796,3858
5056,1774271521642804660,1774271521646716281,3911
5057,1774271521648374587,1774271521651653829,3279
5058,1774271521653373543,1774271521657467327,4093
5059,1774271521659165221,1774271521662980972,3815
5060,1774271521664717647,1774271521668523946,3806
5061,1774271521670364491,1774271521673641888,3277
5062,1774271521675290377,1774271521679446092,4155
5063,1774271521681164878,1774271521685035922,3871
5064,1774271521686638513,1774271521689788282,3149
5065,1774271521691440729,1774271521695153432,3712
5066,1774271521696994119,1774271521700706775,3712
5067,1774271521702416106,1774271521705431052,3014
5068,1774271521706740155,1774271521710226863,3486
5069,1774271521711904645,1774271521715195926,3291
5070,1774271521716845661,1774271521720646996,3801
5071,1774271521722310668,1774271521726166695,3856
5072,1774271521727902696,1774271521731787970,3885
5073,1774271521733564229,1774271521737472181,3907
5074,1774271521739130154,1774271521742774284,3644
5075,1774271521744529669,1774271521747913962,3384
5076,1774271521749689543,1774271521753611650,3922
5077,1774271521755327788,1774271521758612537,3284
5078,1774271521760308106,1774271521764240627,3932
5079,1774271521765995256,1774271521769848048,3852
5080,1774271521771494828,1774271521774957861,3463
5081,1774271521776658832,1774271521780470729,3811
5082,1774271521782145705,1774271521786224793,4079
5083,1774271521787894067,1774271521791257130,3363
5084,1774271521792926110,1774271521796671658,3745
5085,1774271521798312733,1774271521802301054,3988
5086,1774271521804067618,1774271521807456690,3389
5087,1774271521809249256,1774271521813303744,4054
5088,1774271521814972583,1774271521818343308,3370
5089,1774271521819907269,1774271521824140554,4233
5090,1774271521825832305,1774271521829531555,3699
5091,1774271521831237028,1774271521834294530,3057
5092,1774271521835874323,1774271521839441301,3566
5093,1774271521840809227,1774271521844068153,3258
5094,1774271521845348743,1774271521849265847,3917
5095,1774271521850891934,1774271521854550767,3658
5096,1774271521856107143,1774271521860056274,3949
5097,1774271521861754461,1774271521865264173,3509
5098,1774271521866896806,1774271521870795614,3898
5099,1774271521872544565,1774271521876437180,3892
5100,1774271521878128579,1774271521882279655,4151
5101,1774271521884075111,1774271521888183142,4108
5102,1774271521889908062,1774271521893495977,3587
5103,1774271521895236284,1774271521899679285,4443
5104,1774271521901443284,1774271521905548364,4105
5105,1774271521907301739,1774271521911682571,4380
5106,1774271521913440484,1774271521917649470,4208
5107,1774271521919393544,1774271521923490849,4097
5108,1774271521925409227,1774271521929316745,3907
5109,1774271521931113856,1774271521935097427,3983
5110,1774271521936860555,1774271521940364942,3504
5111,1774271521942121531,1774271521946113989,3992
5112,1774271521947721370,1774271521952072090,4350
5113,1774271521953729586,1774271521957927259,4197
5114,1774271521959687903,1774271521963036800,3348
5115,1774271521964687164,1774271521968272665,3585
5116,1774271521969957294,1774271521974350238,4392
5117,1774271521976041235,1774271521979448511,3407
5118,1774271521981157781,1774271521985237377,4079
5119,1774271521987034399,1774271521990567247,3532
5120,1774271521992266507,1774271521996174140,3907
5121,1774271521998032357,1774271522001944795,3912
5122,1774271522003636168,1774271522007706059,4069
5123,1774271522009436525,1774271522013535196,4098
5124,1774271522015254867,1774271522019322299,4067
5125,1774271522021169687,1774271522025490407,4320
5126,1774271522027141427,1774271522031070621,3929
5127,1774271522032824961,1774271522036858757,4033
5128,1774271522038604569,1774271522042692357,4087
5129,1774271522044348650,1774271522047781185,3432
5130,1774271522049543937,1774271522052876357,3332
5131,1774271522054713695,1774271522058567081,3853
5132,1774271522060368460,1774271522064149925,3781
5133,1774271522065912717,1774271522069627277,3714
5134,1774271522071549054,1774271522074901237,3352
5135,1774271522076642573,1774271522080526357,3883
5136,1774271522082202255,1774271522085528641,3326
5137,1774271522087254143,1774271522091373302,4119
5138,1774271522093084672,1774271522096347161,3262
5139,1774271522098116622,1774271522102222494,4105
5140,1774271522103500274,1774271522107419736,3919
5141,1774271522108994467,1774271522112811193,3816
5142,1774271522114525419,1774271522117841450,3316
5143,1774271522119097926,1774271522122745551,3647
5144,1774271522124416065,1774271522128227047,3810
5145,1774271522129959060,1774271522134254204,4295
5146,1774271522136082936,1774271522140324474,4241
5147,1774271522142169192,1774271522145899177,3729
5148,1774271522147672640,1774271522151995048,4322
5149,1774271522153855402,1774271522157502268,3646
5150,1774271522159200032,1774271522163300251,4100
5151,1774271522165055469,1774271522169148811,4093
5152,1774271522171038455,1774271522175332800,4294
5153,1774271522177032798,1774271522181175947,4143
5154,1774271522183144182,1774271522187274281,4130
5155,1774271522189028785,1774271522192612111,3583
5156,1774271522194573833,1774271522198818476,4244
5157,1774271522200628215,1774271522204290596,3662
5158,1774271522206353722,1774271522210779818,4426
5159,1774271522212663331,1774271522216838401,4175
5160,1774271522218804848,1774271522222948708,4143
5161,1774271522224733589,1774271522228641270,3907
5162,1774271522230522298,1774271522233846083,3323
5163,1774271522235363400,1774271522238598235,3234
5164,1774271522240352798,1774271522243394950,3042
5165,1774271522245104941,1774271522248697925,3592
5166,1774271522250369278,1774271522253597294,3228
5167,1774271522255259277,1774271522259447943,4188
5168,1774271522261040585,1774271522265033617,3993
5169,1774271522266817876,1774271522270399740,3581
5170,1774271522272121254,1774271522275458812,3337
5171,1774271522277153354,1774271522280545496,3392
5172,1774271522282268758,1774271522286395153,4126
5173,1774271522288120158,1774271522292023011,3902
5174,1774271522293725598,1774271522297451533,3725
5175,1774271522299187870,1774271522302677241,3489
5176,1774271522304498950,1774271522307881904,3382
5177,1774271522309577847,1774271522313598959,4021
5178,1774271522315288364,1774271522318682723,3394
5179,1774271522320365135,1774271522324454605,4089
5180,1774271522326060627,1774271522329442275,3381
5181,1774271522331093573,1774271522334986592,3893
5182,1774271522336807266,1774271522340754671,3947
5183,1774271522342653999,1774271522346521966,3867
5184,1774271522348102757,1774271522351652980,3550
5185,1774271522353613205,1774271522357559224,3946
5186,1774271522359235267,1774271522362505791,3270
5187,1774271522364199424,1774271522368480208,4280
5188,1774271522370174889,1774271522373918927,3744
5189,1774271522375626485,1774271522378843178,3216
5190,1774271522380584854,1774271522384615146,4030
5191,1774271522386239748,1774271522390360897,4121
5192,1774271522391895781,1774271522394987146,3091
5193,1774271522396857474,1774271522400615365,3757
5194,1774271522402309031,1774271522405678236,3369
5195,1774271522407272829,1774271522411548284,4275
5196,1774271522413393194,1774271522417329732,3936
5197,1774271522419103295,1774271522423380336,4277
5198,1774271522425128856,1774271522429468035,4339
5199,1774271522431176448,1774271522435328529,4152
5200,1774271522437109857,1774271522441391283,4281
5201,1774271522443050666,1774271522447158395,4107
5202,1774271522448982020,1774271522453270420,4288
5203,1774271522455030381,1774271522459449055,4418
5204,1774271522461295926,1774271522465427432,4131
5205,1774271522467109783,1774271522470671794,3562
5206,1774271522472331943,1774271522475703919,3371
5207,1774271522477542545,1774271522481466129,3923
5208,1774271522483371785,1774271522487000731,3628
5209,1774271522488901818,1774271522493019389,4117
5210,1774271522494799969,1774271522498892180,4092
5211,1774271522500647097,1774271522504881162,4234
5212,1774271522506589647,1774271522510684303,4094
5213,1774271522512371318,1774271522516038770,3667
5214,1774271522517640718,1774271522521187585,3546
5215,1774271522522878527,1774271522526331483,3452
5216,1774271522528045489,1774271522531918724,3873
5217,1774271522533586339,1774271522536775592,3189
5218,1774271522538475634,1774271522542052947,3577
5219,1774271522543868059,1774271522547969588,4101
5220,1774271522549604284,1774271522553523802,3919
5221,1774271522555355801,1774271522558687533,3331
5222,1774271522560495428,1774271522564447300,3951
5223,1774271522566305498,1774271522569877046,3571
5224,1774271522571649924,1774271522575596488,3946
5225,1774271522577234474,1774271522580739247,3504
5226,1774271522582527779,1774271522586164210,3636
5227,1774271522587840858,1774271522591998097,4157
5228,1774271522593742628,1774271522597539381,3796
5229,1774271522599245822,1774271522602565652,3319
5230,1774271522604376585,1774271522608570929,4194
5231,1774271522610296280,1774271522613963891,3667
5232,1774271522615672252,1774271522619701052,4028
5233,1774271522621418089,1774271522624895850,3477
5234,1774271522626713182,1774271522630657218,3944
5235,1774271522632321302,1774271522635652555,3331
5236,1774271522637338753,1774271522641474186,4135
5237,1774271522643206910,1774271522647198389,3991
5238,1774271522648879281,1774271522652047779,3168
5239,1774271522653754695,1774271522657956236,4201
5240,1774271522659609968,1774271522663123394,3513
5241,1774271522664672650,1774271522668206352,3533
5242,1774271522669708675,1774271522672875629,3166
5243,1774271522674550106,1774271522677682429,3132
5244,1774271522679359054,1774271522683033417,3674
5245,1774271522684681308,1774271522688570017,3888
5246,1774271522690215129,1774271522694310681,4095
5247,1774271522695961837,1774271522699760974,3799
5248,1774271522701414721,1774271522704757353,3342
5249,1774271522706548190,1774271522709854613,3306
5250,1774271522711723346,1774271522715742470,4019
5251,1774271522717704574,1774271522721854801,4150
5252,1774271522723752866,1774271522727659959,3907
5253,1774271522729601106,1774271522733066733,3465
5254,1774271522734820703,1774271522738870725,4050
5255,1774271522740602319,1774271522743874099,3271
5256,1774271522745591941,1774271522749758848,4166
5257,1774271522751633720,1774271522755161805,3528
5258,1774271522756834120,1774271522760860652,4026
5259,1774271522762882849,1774271522766791133,3908
5260,1774271522768484046,1774271522772629148,4145
5261,1774271522774332096,1774271522778345014,4012
5262,1774271522779965849,1774271522783743270,3777
5263,1774271522785473191,1774271522788850019,3376
5264,1774271522790620189,1774271522793927231,3307
5265,1774271522795603513,1774271522798988390,3384
5266,1774271522800569829,1774271522803711231,3141
5267,1774271522805384433,1774271522809490356,4105
5268,1774271522811139003,1774271522814844910,3705
5269,1774271522816676171,1774271522820577753,3901
5270,1774271522822409409,1774271522826405463,3996
5271,1774271522828069461,1774271522831386936,3317
5272,1774271522833140838,1774271522837225180,4084
5273,1774271522838926486,1774271522842802499,3876
5274,1774271522844495831,1774271522847860876,3365
5275,1774271522849510384,1774271522852630170,3119
5276,1774271522854200859,1774271522857475415,3274
5277,1774271522859159109,1774271522863033512,3874
5278,1774271522864745762,1774271522868724551,3978
5279,1774271522870385008,1774271522873990816,3605
5280,1774271522875792635,1774271522879236144,3443
5281,1774271522881061416,1774271522884492317,3430
5282,1774271522886158440,1774271522889629718,3471
5283,1774271522891524442,1774271522894893723,3369
5284,1774271522896743314,1774271522900953170,4209
5285,1774271522902943645,1774271522906564941,3621
5286,1774271522908536246,1774271522912796794,4260
5287,1774271522914630734,1774271522918251457,3620
5288,1774271522920043266,1774271522923817922,3774
5289,1774271522925436685,1774271522929520112,4083
5290,1774271522931265894,1774271522934290673,3024
5291,1774271522935996409,1774271522939420949,3424
5292,1774271522941173239,1774271522944459860,3286
5293,1774271522946380454,1774271522949542140,3161
5294,1774271522951447944,1774271522955195110,3747
5295,1774271522956878060,1774271522961004478,4126
5296,1774271522962774953,1774271522966605151,3830
5297,1774271522968198869,1774271522971589038,3390
5298,1774271522973381630,1774271522976780329,3398
5299,1774271522978620274,1774271522982340761,3720
5300,1774271522984011266,1774271522987726460,3715
5301,1774271522989646632,1774271522993642638,3996
5302,1774271522995317619,1774271522999413207,4095
5303,1774271523001094920,1774271523004780410,3685
5304,1774271523006575351,1774271523010125891,3550
5305,1774271523012023072,1774271523016132411,4109
5306,1774271523018065452,1774271523021652290,3586
5307,1774271523023347475,1774271523026779663,3432
5308,1774271523028671332,1774271523032617595,3946
5309,1774271523034321517,1774271523038274908,3953
5310,1774271523040112627,1774271523044331617,4218
5311,1774271523046345809,1774271523050263850,3918
5312,1774271523051902591,1774271523055726586,3823
5313,1774271523057395135,1774271523060574902,3179
5314,1774271523062259915,1774271523065969647,3709
5315,1774271523067610874,1774271523071696027,4085
5316,1774271523073300033,1774271523076493860,3193
5317,1774271523078202136,1774271523081260423,3058
5318,1774271523082892740,1774271523086833833,3941
5319,1774271523088438852,1774271523091750120,3311
5320,1774271523093407845,1774271523097440526,4032
5321,1774271523099080554,1774271523102821409,3740
5322,1774271523104410121,1774271523108668709,4258
5323,1774271523110363108,1774271523114465916,4102
5324,1774271523116094423,1774271523120148404,4053
5325,1774271523121778793,1774271523125752736,3973
5326,1774271523127410502,1774271523131357793,3947
5327,1774271523133045262,1774271523137012760,3967
5328,1774271523138822318,1774271523142984593,4162
5329,1774271523144749539,1774271523148935488,4185
5330,1774271523150877735,1774271523155144849,4267
5331,1774271523157053384,1774271523160449909,3396
5332,1774271523162204330,1774271523165712296,3507
5333,1774271523167531287,1774271523171182424,3651
5334,1774271523173080701,1774271523177214081,4133
5335,1774271523179010353,1774271523182683321,3672
5336,1774271523184538163,1774271523188648450,4110
5337,1774271523190422339,1774271523194114151,3691
5338,1774271523195980904,1774271523200240156,4259
5339,1774271523201954860,1774271523205191582,3236
5340,1774271523206919962,1774271523211156228,4236
5341,1774271523212681421,1774271523216297263,3615
5342,1774271523217975115,1774271523221379120,3404
5343,1774271523223134741,1774271523226468905,3334
5344,1774271523228229927,1774271523231495928,3266
5345,1774271523233206145,1774271523237016120,3809
5346,1774271523238627928,1774271523242236218,3608
5347,1774271523244055554,1774271523248282396,4226
5348,1774271523249949456,1774271523253831263,3881
5349,1774271523255526944,1774271523259482596,3955
5350,1774271523261352124,1774271523265530347,4178
5351,1774271523267301650,1774271523271251346,3949
5352,1774271523273025958,1774271523277210883,4184
5353,1774271523278864978,1774271523282857865,3992
5354,1774271523284593813,1774271523288498558,3904
5355,1774271523290378938,1774271523293630864,3251
5356,1774271523295306920,1774271523298741499,3434
5357,1774271523300502094,1774271523303774925,3272
5358,1774271523305456456,1774271523309401973,3945
5359,1774271523311026520,1774271523314714000,3687
5360,1774271523316499964,1774271523320458815,3958
5361,1774271523322237846,1774271523326190803,3952
5362,1774271523327819029,1774271523331913872,4094
5363,1774271523333667767,1774271523337692790,4025
5364,1774271523339436529,1774271523342522613,3086
5365,1774271523344052175,1774271523348185841,4133
5366,1774271523349774205,1774271523353286596,3512
5367,1774271523354883518,1774271523358311142,3427
5368,1774271523359727961,1774271523363344611,3616
5369,1774271523364946806,1774271523368767867,3821
5370,1774271523370388919,1774271523373934174,3545
5371,1774271523375610939,1774271523379059119,3448
5372,1774271523380770356,1774271523384730777,3960
5373,1774271523386383769,1774271523390352633,3968
5374,1774271523392106704,1774271523396076694,3969
5375,1774271523397807494,1774271523401968626,4161
5376,1774271523403776244,1774271523407506943,3730
5377,1774271523409178985,1774271523412670885,3491
5378,1774271523414322911,1774271523417628302,3305
5379,1774271523419238752,1774271523423182001,3943
5380,1774271523424858330,1774271523428703604,3845
5381,1774271523430709032,1774271523434713577,4004
5382,1774271523436460049,1774271523440327245,3867
5383,1774271523442032600,1774271523445510201,3477
5384,1774271523447277037,1774271523451544382,4267
5385,1774271523453340918,1774271523456976485,3635
5386,1774271523458716192,1774271523462971771,4255
5387,1774271523464691131,1774271523467900725,3209
5388,1774271523469529844,1774271523473105790,3575
5389,1774271523474827014,1774271523478021735,3194
5390,1774271523479654448,1774271523483938467,4284
5391,1774271523485626301,1774271523489091451,3465
5392,1774271523490728743,1774271523494843968,4115
5393,1774271523496332848,1774271523499529462,3196
5394,1774271523501197458,1774271523504546691,3349
5395,1774271523506157088,1774271523509477051,3319
5396,1774271523511136451,1774271523515115668,3979
5397,1774271523516744484,1774271523520613215,3868
5398,1774271523522217313,1774271523526289274,4071
5399,1774271523528136451,1774271523532342502,4206
5400,1774271523533986139,1774271523537888854,3902
5401,1774271523540091453,1774271523544430935,4339
5402,1774271523546116733,1774271523549986670,3869
5403,1774271523551690666,1774271523555706507,4015
5404,1774271523557463621,1774271523561436854,3973
5405,1774271523563087912,1774271523566512686,3424
5406,1774271523568175075,1774271523572103894,3928
5407,1774271523573807623,1774271523577480031,3672
5408,1774271523579519702,1774271523583441310,3921
5409,1774271523585027114,1774271523588328197,3301
5410,1774271523590120829,1774271523593866258,3745
5411,1774271523595588488,1774271523599671723,4083
5412,1774271523601433802,1774271523605541063,4107
5413,1774271523607196439,1774271523611242712,4046
5414,1774271523612930736,1774271523616307301,3376
5415,1774271523617922165,1774271523621352193,3430
5416,1774271523622856803,1774271523625890726,3033
5417,1774271523627547292,1774271523630673914,3126
5418,1774271523632531689,1774271523635673879,3142
5419,1774271523637360374,1774271523641226870,3866
5420,1774271523642905772,1774271523646389945,3484
5421,1774271523648057457,1774271523652272697,4215
5422,1774271523654069964,1774271523658175932,4105
5423,1774271523659833898,1774271523663882646,4048
5424,1774271523665526142,1774271523668798398,3272
5425,1774271523670454188,1774271523674269340,3815
5426,1774271523676061214,1774271523679934883,3873
5427,1774271523681604845,1774271523685593495,3988
5428,1774271523687287134,1774271523691515398,4228
5429,1774271523693167020,1774271523697232054,4065
5430,1774271523698992641,1774271523702740611,3747
5431,1774271523704644056,1774271523708645749,4001
5432,1774271523710309402,1774271523714301214,3991
5433,1774271523716217760,1774271523720166543,3948
5434,1774271523722090007,1774271523725591164,3501
5435,1774271523727654211,1774271523731969789,4315
5436,1774271523733715779,1774271523737524767,3808
5437,1774271523739205239,1774271523743317300,4112
5438,1774271523745040757,1774271523748574375,3533
5439,1774271523750244768,1774271523753968427,3723
5440,1774271523755735409,1774271523759292603,3557
5441,1774271523761029821,1774271523764161327,3131
5442,1774271523765839474,1774271523769230579,3391
5443,1774271523770646342,1774271523773836719,3190
5444,1774271523775457587,1774271523778730842,3273
5445,1774271523780484615,1774271523783589283,3104
5446,1774271523785086596,1774271523789048532,3961
5447,1774271523790605185,1774271523794136513,3531
5448,1774271523795892971,1774271523800059755,4166
5449,1774271523801703417,1774271523805672318,3968
5450,1774271523807436563,1774271523810773381,3336
5451,1774271523812722893,1774271523816649023,3926
5452,1774271523818356301,1774271523821602478,3246
5453,1774271523823275245,1774271523827242804,3967
5454,1774271523828917154,1774271523832863083,3945
5455,1774271523834600989,1774271523838430051,3829
5456,1774271523840323696,1774271523844433045,4109
5457,1774271523846276508,1774271523849941623,3665
5458,1774271523851572625,1774271523855365911,3793
5459,1774271523857032957,1774271523861145705,4112
5460,1774271523862805339,1774271523866573864,3768
5461,1774271523868299541,1774271523871601260,3301
5462,1774271523873199486,1774271523877122583,3923
5463,1774271523878883948,1774271523882272478,3388
5464,1774271523883739342,1774271523887938020,4198
5465,1774271523889614933,1774271523893638656,4023
5466,1774271523895292201,1774271523898670746,3378
5467,1774271523900382289,1774271523904299400,3917
5468,1774271523905796393,1774271523909630223,3833
5469,1774271523911072463,1774271523914428053,3355
5470,1774271523916051858,1774271523919321062,3269
5471,1774271523921092687,1774271523924920869,3828
5472,1774271523926613845,1774271523930216785,3602
5473,1774271523931899089,1774271523935464087,3564
5474,1774271523937156491,1774271523940904018,3747
5475,1774271523942579992,1774271523946296340,3716
5476,1774271523948032037,1774271523952067353,4035
5477,1774271523953939836,1774271523958136307,4196
5478,1774271523959897481,1774271523963522591,3625
5479,1774271523965277477,1774271523969086377,3808
5480,1774271523970877225,1774271523975160648,4283
5481,1774271523977000835,1774271523980471080,3470
5482,1774271523982265717,1774271523986150889,3885
5483,1774271523988152111,1774271523992055393,3903
5484,1774271523994039216,1774271523998384844,4345
5485,1774271524000442959,1774271524004326399,3883
5486,1774271524006077721,1774271524010291141,4213
5487,1774271524012194817,1774271524016054298,3859
5488,1774271524017876273,1774271524021973222,4096
5489,1774271524023703685,1774271524027087333,3383
5490,1774271524028796682,1774271524033142519,4345
5491,1774271524034678186,1774271524037956829,3278
5492,1774271524039577533,1774271524043103493,3525
5493,1774271524044796959,1774271524049020985,4224
5494,1774271524050817099,1774271524054401775,3584
5495,1774271524056143456,1774271524060373771,4230
5496,1774271524062131512,1774271524066277139,4145
5497,1774271524068096683,1774271524072148058,4051
5498,1774271524073979534,1774271524077679167,3699
5499,1774271524079425718,1774271524083524441,4098
5500,1774271524085356374,1774271524089300615,3944
5501,1774271524091262950,1774271524094899457,3636
5502,1774271524096652808,1774271524100984435,4331
5503,1774271524102852245,1774271524106632339,3780
5504,1774271524108368647,1774271524112869710,4501
5505,1774271524114557985,1774271524118231243,3673
5506,1774271524119895187,1774271524123768918,3873
5507,1774271524125456820,1774271524129077510,3620
5508,1774271524130739214,1774271524134893066,4153
5509,1774271524136721828,1774271524140897003,4175
5510,1774271524142729290,1774271524147045667,4316
5511,1774271524149070436,1774271524153621116,4550
5512,1774271524154975770,1774271524158223610,3247
5513,1774271524159955966,1774271524163617754,3661
5514,1774271524165435435,1774271524169752158,4316
5515,1774271524171517584,1774271524174988726,3471
5516,1774271524176770807,1774271524181307115,4536
5517,1774271524182903550,1774271524186446566,3543
5518,1774271524188248707,1774271524191728354,3479
5519,1774271524193454120,1774271524197660895,4206
5520,1774271524199547564,1774271524203075739,3528
5521,1774271524204839825,1774271524209053520,4213
5522,1774271524210882211,1774271524214552641,3670
5523,1774271524216301560,1774271524220212763,3911
5524,1774271524222091445,1774271524225769521,3678
5525,1774271524227590981,1774271524231383364,3792
5526,1774271524233148532,1774271524237263662,4115
5527,1774271524239078329,1774271524243162321,4083
5528,1774271524245047095,1774271524249166894,4119
5529,1774271524251007499,1774271524255241744,4234
5530,1774271524256966826,1774271524260576195,3609
5531,1774271524262254584,1774271524266183903,3929
5532,1774271524267880136,1774271524271774091,3893
5533,1774271524273480100,1774271524276899376,3419
5534,1774271524278755671,1774271524282717061,3961
5535,1774271524284672469,1774271524288268507,3596
5536,1774271524289921404,1774271524294144352,4222
5537,1774271524295991887,1774271524300171987,4180
5538,1774271524301957848,1774271524305463013,3505
5539,1774271524307107634,1774271524310443264,3335
5540,1774271524312075848,1774271524316247966,4172
5541,1774271524318020648,1774271524321761575,3740
5542,1774271524323094100,1774271524326405649,3311
5543,1774271524328182912,1774271524332101993,3919
5544,1774271524333826620,1774271524337798445,3971
5545,1774271524339520125,1774271524343484473,3964
5546,1774271524345235542,1774271524348580516,3344
5547,1774271524350352427,1774271524354538374,4185
5548,1774271524356227273,1774271524359531490,3304
5549,1774271524361214700,1774271524365198686,3983
5550,1774271524366798932,1774271524370630337,3831
5551,1774271524372320574,1774271524376256235,3935
5552,1774271524377910693,1774271524382176898,4266
5553,1774271524384009463,1774271524388127232,4117
5554,1774271524389873737,1774271524394135141,4261
5555,1774271524395793265,1774271524399709180,3915
5556,1774271524401458732,1774271524404834495,3375
5557,1774271524406589257,1774271524410646981,4057
5558,1774271524412317888,1774271524415660293,3342
5559,1774271524417486303,1774271524420819788,3333
5560,1774271524422463436,1774271524426422749,3959
5561,1774271524428044820,1774271524432017495,3972
5562,1774271524433694539,1774271524437756784,4062
5563,1774271524439359362,1774271524443374456,4015
5564,1774271524444998144,1774271524448426719,3428
5565,1774271524450029630,1774271524454087602,4057
5566,1774271524455606903,1774271524459581037,3974
5567,1774271524461221437,1774271524464540201,3318
5568,1774271524466111708,1774271524470203506,4091
5569,1774271524471851600,1774271524475689990,3838
5570,1774271524477325872,1774271524480552914,3227
5571,1774271524482170677,1774271524486146651,3975
5572,1774271524487890574,1774271524491694814,3804
5573,1774271524493357319,1774271524496525127,3167
5574,1774271524498296174,1774271524501468626,3172
5575,1774271524503174611,1774271524507151089,3976
5576,1774271524508898517,1774271524512064914,3166
5577,1774271524513751801,1774271524517197094,3445
5578,1774271524518855080,1774271524522775465,3920
5579,1774271524524392983,1774271524528203346,3810
5580,1774271524529811828,1774271524533614507,3802
5581,1774271524535329462,1774271524539337652,4008
5582,1774271524540967847,1774271524544796404,3828
5583,1774271524546414509,1774271524549523096,3108
5584,1774271524551303223,1774271524555236812,3933
5585,1774271524556879363,1774271524560645284,3765
5586,1774271524562328998,1774271524565537535,3208
5587,1774271524567210931,1774271524571219192,4008
5588,1774271524572749110,1774271524575878419,3129
5589,1774271524577505687,1774271524580696098,3190
5590,1774271524582322186,1774271524585686585,3364
5591,1774271524587309995,1774271524591169134,3859
5592,1774271524592900860,1774271524596095998,3195
5593,1774271524597560480,1774271524600469787,2909
5594,1774271524602171260,1774271524605498873,3327
5595,1774271524607310546,1774271524611118879,3808
5596,1774271524613019002,1774271524616472130,3453
5597,1774271524618197402,1774271524622505867,4308
5598,1774271524624295629,1774271524627654351,3358
5599,1774271524629374827,1774271524632877329,3502
5600,1774271524634733524,1774271524638890538,4157
5601,1774271524640616302,1774271524644306821,3690
5602,1774271524646001529,1774271524649884543,3883
5603,1774271524651676411,1774271524655584595,3908
5604,1774271524657540301,1774271524661228587,3688
5605,1774271524663046718,1774271524667190764,4144
5606,1774271524669007200,1774271524672566700,3559
5607,1774271524674386162,1774271524678468161,4081
5608,1774271524680170741,1774271524683522086,3351
5609,1774271524685252773,1774271524688787900,3535
5610,1774271524690410851,1774271524694547074,4136
5611,1774271524696263502,1774271524700206660,3943
5612,1774271524701924197,1774271524706071264,4147
5613,1774271524707773455,1774271524711552461,3779
5614,1774271524713186488,1774271524716363535,3177
5615,1774271524718085915,1774271524722156718,4070
5616,1774271524723859485,1774271524727319293,3459
5617,1774271524728999498,1774271524732903535,3904
5618,1774271524734397948,1774271524738172757,3774
5619,1774271524739962682,1774271524743490291,3527
5620,1774271524745288807,1774271524749387619,4098
5621,1774271524751113177,1774271524755141085,4027
5622,1774271524757004445,1774271524761290510,4286
5623,1774271524762985845,1774271524766956656,3970
5624,1774271524768923130,1774271524773265502,4342
5625,1774271524774978967,1774271524778874672,3895
5626,1774271524781053537,1774271524785264435,4210
5627,1774271524786918590,1774271524790719922,3801
5628,1774271524792522507,1774271524796528610,4006
5629,1774271524798452153,1774271524802541574,4089
5630,1774271524804375720,1774271524808389252,4013
5631,1774271524810054931,1774271524814307118,4252
5632,1774271524816166965,1774271524820371467,4204
5633,1774271524822170545,1774271524825736006,3565
5634,1774271524827715539,1774271524831639623,3924
5635,1774271524833324223,1774271524837138384,3814
5636,1774271524838974329,1774271524842953334,3979
5637,1774271524844689294,1774271524847772516,3083
5638,1774271524849530813,1774271524853121503,3590
5639,1774271524854717323,1774271524857737093,3019
5640,1774271524859329917,1774271524862503174,3173
5641,1774271524863997878,1774271524867609359,3611
5642,1774271524868954979,1774271524872089336,3134
5643,1774271524873724976,1774271524876821752,3096
5644,1774271524878326815,1774271524881529649,3202
5645,1774271524882993738,1774271524886279098,3285
5646,1774271524887844127,1774271524892033194,4189
5647,1774271524893720013,1774271524897274287,3554
5648,1774271524898965850,1774271524903120944,4155
5649,1774271524904803252,1774271524908377610,3574
5650,1774271524910120033,1774271524913604738,3484
5651,1774271524915412942,1774271524919151907,3738
5652,1774271524920918123,1774271524925064183,4146
5653,1774271524926818373,1774271524930788751,3970
5654,1774271524932601097,1774271524936637167,4036
5655,1774271524938366893,1774271524942469038,4102
5656,1774271524944158181,1774271524948003084,3844
5657,1774271524949848466,1774271524953928438,4079
5658,1774271524955713259,1774271524959386451,3673
5659,1774271524961061578,1774271524965049769,3988
5660,1774271524966706502,1774271524970503264,3796
5661,1774271524972116298,1774271524975360425,3244
5662,1774271524977015938,1774271524981008192,3992
5663,1774271524982641453,1774271524986498014,3856
5664,1774271524988151697,1774271524992315431,4163
5665,1774271524994084001,1774271524997289323,3205
5666,1774271524998735696,1774271525002648100,3912
5667,1774271525004363165,1774271525007780307,3417
5668,1774271525009458244,1774271525012605136,3146
5669,1774271525014097138,1774271525017421444,3324
5670,1774271525019026363,1774271525023023027,3996
5671,1774271525024713123,1774271525028664351,3951
5672,1774271525030363825,1774271525033652037,3288
5673,1774271525035398645,1774271525038823109,3424
5674,1774271525040529548,1774271525044553688,4024
5675,1774271525046560898,1774271525050213105,3652
5676,1774271525051894602,1774271525055477887,3583
5677,1774271525057222349,1774271525060611352,3389
5678,1774271525062320316,1774271525066230644,3910
5679,1774271525067906393,1774271525071350541,3444
5680,1774271525073026755,1774271525076998476,3971
5681,1774271525078644728,1774271525082424287,3779
5682,1774271525084132758,1774271525088183860,4051
5683,1774271525089978824,1774271525093972437,3993
5684,1774271525095840307,1774271525099612397,3772
5685,1774271525101282595,1774271525105132251,3849
5686,1774271525107067085,1774271525110445860,3378
5687,1774271525112264198,1774271525115818709,3554
5688,1774271525117470104,1774271525121270254,3800
5689,1774271525122904117,1774271525126903638,3999
5690,1774271525128596019,1774271525131862848,3266
5691,1774271525133654789,1774271525137918220,4263
5692,1774271525139567792,1774271525143660515,4092
5693,1774271525145276537,1774271525149409172,4132
5694,1774271525151240761,1774271525155056632,3815
5695,1774271525156676464,1774271525160613266,3936
5696,1774271525162279710,1774271525166393527,4113
5697,1774271525168221734,1774271525172245481,4023
5698,1774271525173917657,1774271525177799869,3882
5699,1774271525179634998,1774271525183627413,3992
5700,1774271525185306077,1774271525189150951,3844
5701,1774271525190843131,1774271525194415388,3572
5702,1774271525196045792,1774271525199833297,3787
5703,1774271525201491782,1774271525205180676,3688
5704,1774271525206816020,1774271525210595828,3779
5705,1774271525212190536,1774271525215619494,3428
5706,1774271525217280159,1774271525221097843,3817
5707,1774271525222801642,1774271525226626513,3824
5708,1774271525228668514,1774271525232521731,3853
5709,1774271525234183265,1774271525238056675,3873
5710,1774271525239713179,1774271525243325926,3612
5711,1774271525245017959,1774271525248844315,3826
5712,1774271525250490268,1774271525254084734,3594
5713,1774271525255672049,1774271525259758604,4086
5714,1774271525261434520,1774271525265443841,4009
5715,1774271525267074561,1774271525271374442,4299
5716,1774271525273014632,1774271525277197701,4183
5717,1774271525278947444,1774271525282526610,3579
5718,1774271525284332759,1774271525287421433,3088
5719,1774271525288841822,1774271525292320754,3478
5720,1774271525293987614,1774271525297859415,3871
5721,1774271525299625208,1774271525303639742,4014
5722,1774271525305308447,1774271525309312282,4003
5723,1774271525311082275,1774271525314909176,3826
5724,1774271525316757910,1774271525320939708,4181
5725,1774271525322641175,1774271525326692812,4051
5726,1774271525328380235,1774271525332363651,3983
5727,1774271525333989736,1774271525337837547,3847
5728,1774271525339747674,1774271525343660419,3912
5729,1774271525345351806,1774271525349246236,3894
5730,1774271525350978367,1774271525354944191,3965
5731,1774271525356613780,1774271525360500968,3887
5732,1774271525362260707,1774271525366223232,3962
5733,1774271525367964630,1774271525371791678,3827
5734,1774271525373515989,1774271525376742337,3226
5735,1774271525378457484,1774271525382491134,4033
5736,1774271525384417405,1774271525387993405,3576
5737,1774271525389725853,1774271525393937160,4211
5738,1774271525395644295,1774271525399553262,3908
5739,1774271525401211248,1774271525405345855,4134
5740,1774271525407085311,1774271525411064893,3979
5741,1774271525412726919,1774271525416881505,4154
5742,1774271525418583520,1774271525422827598,4244
5743,1774271525424599377,1774271525427878541,3279
5744,1774271525429426520,1774271525433140735,3714
5745,1774271525434866881,1774271525438387361,3520
5746,1774271525440102020,1774271525443981404,3879
5747,1774271525445693086,1774271525449499913,3806
5748,1774271525451164171,1774271525454952787,3788
5749,1774271525456858718,1774271525460561143,3702
5750,1774271525462218198,1774271525466162227,3944
5751,1774271525467865206,1774271525471746506,3881
5752,1774271525473504188,1774271525477477611,3973
5753,1774271525479141501,1774271525483230986,4089
5754,1774271525485057613,1774271525489081105,4023
5755,1774271525490822642,1774271525495026346,4203
5756,1774271525496821495,1774271525500692988,3871
5757,1774271525502322011,1774271525506555356,4233
5758,1774271525508611966,1774271525512993564,4381
5759,1774271525514828120,1774271525518768771,3940
5760,1774271525520464113,1774271525523728975,3264
5761,1774271525525404424,1774271525529094321,3689
5762,1774271525530890519,1774271525533955319,3064
5763,1774271525535624676,1774271525539790752,4166
5764,1774271525541108522,1774271525544918404,3809
5765,1774271525546604610,1774271525550875662,4271
5766,1774271525552435675,1774271525556069759,3634
5767,1774271525557763761,1774271525561179130,3415
5768,1774271525562752063,1774271525566189292,3437
5769,1774271525567819276,1774271525571475905,3656
5770,1774271525573129747,1774271525577182404,4052
5771,1774271525578812587,1774271525582412796,3600
5772,1774271525584080419,1774271525587932885,3852
5773,1774271525589641558,1774271525593515298,3873
5774,1774271525595122846,1774271525598578624,3455
5775,1774271525600234184,1774271525604030399,3796
5776,1774271525605920040,1774271525609655312,3735
5777,1774271525611323782,1774271525615359836,4036
5778,1774271525617119341,1774271525621356529,4237
5779,1774271525623041552,1774271525627193940,4152
5780,1774271525628894977,1774271525632960752,4065
5781,1774271525634660707,1774271525638745353,4084
5782,1774271525640585381,1774271525644529716,3944
5783,1774271525646185266,1774271525650169278,3984
5784,1774271525651956367,1774271525655817818,3861
5785,1774271525657582466,1774271525661372078,3789
5786,1774271525663163446,1774271525667302283,4138
5787,1774271525668907022,1774271525673068687,4161
5788,1774271525674730209,1774271525678876807,4146
5789,1774271525680805608,1774271525685110895,4305
5790,1774271525686670341,1774271525690201439,3531
5791,1774271525691768655,1774271525695074786,3306
5792,1774271525696625413,1774271525700220180,3594
5793,1774271525701960618,1774271525705320158,3359
5794,1774271525707124692,1774271525711325199,4200
5795,1774271525713186065,1774271525717451417,4265
5796,1774271525719160444,1774271525723176308,4015
5797,1774271525724992796,1774271525729022688,4029
5798,1774271525731085783,1774271525735348577,4262
5799,1774271525737073777,1774271525741234665,4160
5800,1774271525743134375,1774271525747233003,4098
5801,1774271525748922443,1774271525752568730,3646
5802,1774271525754707940,1774271525759190977,4483
5803,1774271525760865186,1774271525764326351,3461
5804,1774271525766001291,1774271525769515936,3514
5805,1774271525771344167,1774271525775342141,3997
5806,1774271525777025113,1774271525780473149,3448
5807,1774271525782620915,1774271525786560687,3939
5808,1774271525788242752,1774271525792164214,3921
5809,1774271525793836094,1774271525798162549,4326
5810,1774271525800052013,1774271525803999163,3947
5811,1774271525805728166,1774271525809753217,4025
5812,1774271525811426472,1774271525815324468,3897
5813,1774271525816901808,1774271525820516892,3615
5814,1774271525822326429,1774271525826431738,4105
5815,1774271525827938565,1774271525832080802,4142
5816,1774271525833510677,1774271525836579703,3069
5817,1774271525838200619,1774271525841262180,3061
5818,1774271525842690309,1774271525846760518,4070
5819,1774271525848357310,1774271525852254341,3897
5820,1774271525854009246,1774271525857275734,3266
5821,1774271525858980934,1774271525862973441,3992
5822,1774271525864714089,1774271525868561146,3847
5823,1774271525870229207,1774271525873968078,3738
5824,1774271525875676783,1774271525879849650,4172
5825,1774271525881587380,1774271525885495039,3907
5826,1774271525887141605,1774271525890822342,3680
5827,1774271525892602807,1774271525896548697,3945
5828,1774271525898185249,1774271525901976817,3791
5829,1774271525903921767,1774271525907962932,4041
5830,1774271525909706843,1774271525913791366,4084
5831,1774271525915572918,1774271525919462943,3890
5832,1774271525921386400,1774271525925591822,4205
5833,1774271525927484215,1774271525931127768,3643
5834,1774271525932986890,1774271525936718041,3731
5835,1774271525938526979,1774271525942195451,3668
5836,1774271525943855755,1774271525947204591,3348
5837,1774271525949012756,1774271525952252257,3239
5838,1774271525953971777,1774271525957819722,3847
5839,1774271525959384341,1774271525962570312,3185
5840,1774271525964085665,1774271525967515589,3429
5841,1774271525969170696,1774271525972339083,3168
5842,1774271525973741516,1774271525977004792,3263
5843,1774271525978669883,1774271525982705691,4035
5844,1774271525984337685,1774271525987768840,3431
5845,1774271525989345650,1774271525993181014,3835
5846,1774271525995146776,1774271525999124591,3977
5847,1774271526000908544,1774271526005033866,4125
5848,1774271526006766693,1774271526010793870,4027
5849,1774271526012685755,1774271526016830068,4144
5850,1774271526018763539,1774271526022829504,4065
5851,1774271526024654347,1774271526028355844,3701
5852,1774271526030053443,1774271526034135099,4081
5853,1774271526035943516,1774271526039514855,3571
5854,1774271526041286391,1774271526045049066,3762
5855,1774271526046995881,1774271526051274206,4278
5856,1774271526053018514,1774271526056463710,3445
5857,1774271526058276918,1774271526062452136,4175
5858,1774271526064440121,1774271526068507117,4066
5859,1774271526070237511,1774271526073714809,3477
5860,1774271526075389154,1774271526079528093,4138
5861,1774271526081195849,1774271526084367799,3171
5862,1774271526086002928,1774271526090046706,4043
5863,1774271526091809255,1774271526095445817,3636
5864,1774271526097235380,1774271526100517438,3282
5865,1774271526102019051,1774271526105407669,3388
5866,1774271526106990795,1774271526111470916,4480
5867,1774271526113119500,1774271526116731205,3611
5868,1774271526118450683,1774271526122862454,4411
5869,1774271526124677955,1774271526128151697,3473
5870,1774271526130028872,1774271526134298332,4269
5871,1774271526136075477,1774271526139594167,3518
5872,1774271526141571332,1774271526145767285,4195
5873,1774271526147493435,1774271526151246238,3752
5874,1774271526153087610,1774271526157079441,3991
5875,1774271526158870032,1774271526163531024,4660
5876,1774271526165535961,1774271526170128646,4592
5877,1774271526172084306,1774271526175729335,3645
5878,1774271526177710601,1774271526181816014,4105
5879,1774271526183524844,1774271526187183628,3658
5880,1774271526189053359,1774271526193265307,4211
5881,1774271526195052998,1774271526199221255,4168
5882,1774271526201108992,1774271526205255700,4146
5883,1774271526207046770,1774271526211314925,4268
5884,1774271526213209558,1774271526217616404,4406
5885,1774271526219423050,1774271526222889395,3466
5886,1774271526224624310,1774271526228922382,4298
5887,1774271526230731226,1774271526234286608,3555
5888,1774271526235967052,1774271526239487918,3520
5889,1774271526241118495,1774271526245396897,4278
5890,1774271526247143816,1774271526250913829,3770
5891,1774271526252573164,1774271526255903408,3330
5892,1774271526257543803,1774271526261406155,3862
5893,1774271526263128303,1774271526266997520,3869
5894,1774271526268728970,1774271526272578735,3849
5895,1774271526274360437,1774271526278698036,4337
5896,1774271526280533186,1774271526284607958,4074
5897,1774271526286656342,1774271526290714380,4058
5898,1774271526292403026,1774271526296555497,4152
5899,1774271526298364724,1774271526301878417,3513
5900,1774271526303631347,1774271526307680941,4049
5901,1774271526309436927,1774271526313059981,3623
5902,1774271526314710158,1774271526318636019,3925
5903,1774271526320293330,1774271526323749856,3456
5904,1774271526325504687,1774271526328866010,3361
5905,1774271526330627260,1774271526334666603,4039
5906,1774271526336360660,1774271526339748262,3387
5907,1774271526341454335,1774271526345565552,4111
5908,1774271526347452617,1774271526351162398,3709
5909,1774271526352848501,1774271526356313909,3465
5910,1774271526358007803,1774271526361419517,3411
5911,1774271526363152961,1774271526366682163,3529
5912,1774271526368330421,1774271526371645633,3315
5913,1774271526373226113,1774271526377259455,4033
5914,1774271526378956307,1774271526383033819,4077
5915,1774271526384593293,1774271526388058291,3464
5916,1774271526389716983,1774271526393264399,3547
5917,1774271526394978446,1774271526398794408,3815
5918,1774271526400585416,1774271526404543128,3957
5919,1774271526406362317,1774271526410498246,4135
5920,1774271526412263352,1774271526416351786,4088
5921,1774271526418044487,1774271526422112683,4068
5922,1774271526423995930,1774271526427658426,3662
5923,1774271526429689802,1774271526433891467,4201
5924,1774271526435915616,1774271526439748909,3833
5925,1774271526441436502,1774271526445408786,3972
5926,1774271526447226125,1774271526450703405,3477
5927,1774271526452346938,1774271526455751283,3404
5928,1774271526457462488,1774271526460880697,3418
5929,1774271526462660851,1774271526466601982,3941
5930,1774271526468231469,1774271526472067591,3836
5931,1774271526473855937,1774271526477882035,4026
5932,1774271526479727136,1774271526483746775,4019
5933,1774271526485589769,1774271526489624681,4034
5934,1774271526491421620,1774271526495407616,3985
5935,1774271526496998540,1774271526501095987,4097
5936,1774271526502870254,1774271526506315323,3445
5937,1774271526508067365,1774271526512143773,4076
5938,1774271526513756886,1774271526516956440,3199
5939,1774271526518651384,1774271526521826406,3175
5940,1774271526523563970,1774271526526719532,3155
5941,1774271526528252978,1774271526531565607,3312
5942,1774271526533170632,1774271526537179972,4009
5943,1774271526538972296,1774271526542347060,3374
5944,1774271526544115912,1774271526548136232,4020
5945,1774271526549883052,1774271526553649122,3766
5946,1774271526555489565,1774271526559565017,4075
5947,1774271526561254047,1774271526565304150,4050
5948,1774271526567076964,1774271526571145669,4068
5949,1774271526573121713,1774271526577314227,4192
5950,1774271526579017800,1774271526582772354,3754
5951,1774271526584680588,1774271526588989946,4309
5952,1774271526590818984,1774271526594723416,3904
5953,1774271526596403921,1774271526599815354,3411
5954,1774271526601484086,1774271526605528196,4044
5955,1774271526607335424,1774271526610991796,3656
5956,1774271526612687793,1774271526616599544,3911
5957,1774271526618287626,1774271526622333608,4045
5958,1774271526624013896,1774271526627973871,3959
5959,1774271526629740079,1774271526633950795,4210
5960,1774271526635658804,1774271526639223858,3565
5961,1774271526640762183,1774271526644805560,4043
5962,1774271526646444255,1774271526649434062,2989
5963,1774271526650830431,1774271526654852292,4021
5964,1774271526656691182,1774271526660084557,3393
5965,1774271526661906140,1774271526665872181,3966
5966,1774271526667618136,1774271526671181866,3563
5967,1774271526672790638,1774271526676829785,4039
5968,1774271526678606670,1774271526682632329,4025
5969,1774271526684251710,1774271526687558662,3306
5970,1774271526689197159,1774271526692551260,3354
5971,1774271526694335080,1774271526698133515,3798
5972,1774271526700003278,1774271526703946645,3943
5973,1774271526705803235,1774271526709800103,3996
5974,1774271526711762552,1774271526715652924,3890
5975,1774271526717331011,1774271526720717385,3386
5976,1774271526722500061,1774271526725703915,3203
5977,1774271526727664758,1774271526731594380,3929
5978,1774271526733248943,1774271526736652371,3403
5979,1774271526738256439,1774271526741649369,3392
5980,1774271526743249696,1774271526747303246,4053
5981,1774271526748960427,1774271526752665951,3705
5982,1774271526754300443,1774271526758210689,3910
5983,1774271526760053073,1774271526764184782,4131
5984,1774271526765877046,1774271526769036579,3159
5985,1774271526770694505,1774271526774892527,4198
5986,1774271526776224568,1774271526779348935,3124
5987,1774271526781057057,1774271526784351678,3294
5988,1774271526785972941,1774271526789012009,3039
5989,1774271526790805146,1774271526794252184,3447
5990,1774271526795900443,1774271526799198020,3297
5991,1774271526800872624,1774271526804421815,3549
5992,1774271526806009433,1774271526810088618,4079
5993,1774271526811703951,1774271526815356895,3652
5994,1774271526817039015,1774271526820365951,3326
5995,1774271526822038044,1774271526825474601,3436
5996,1774271526827597608,1774271526831849564,4251
5997,1774271526833607701,1774271526837288477,3680
5998,1774271526838982824,1774271526842937302,3954
5999,1774271526844644743,1774271526848573830,3929
6000,1774271526850271740,1774271526854107491,3835
6001,1774271526855857877,1774271526860198843,4340
6002,1774271526861910874,1774271526865993785,4082
6003,1774271526867942027,1774271526871741237,3799
6004,1774271526873467609,1774271526877540768,4073
6005,1774271526879290142,1774271526882608852,3318
6006,1774271526884323075,1774271526887544751,3221
6007,1774271526889191277,1774271526893052216,3860
6008,1774271526895188950,1774271526899039078,3850
6009,1774271526900886900,1774271526905038066,4151
6010,1774271526906800653,1774271526910918248,4117
6011,1774271526912574749,1774271526916683391,4108
6012,1774271526918320742,1774271526921338167,3017
6013,1774271526923015094,1774271526927388490,4373
6014,1774271526928898207,1774271526932946141,4047
6015,1774271526934657920,1774271526938923471,4265
6016,1774271526940411180,1774271526944066795,3655
6017,1774271526945685349,1774271526949341423,3656
6018,1774271526951067527,1774271526954983280,3915
6019,1774271526956812339,1774271526960481316,3668
6020,1774271526962187903,1774271526965517379,3329
6021,1774271526967210344,1774271526971110198,3899
6022,1774271526972847034,1774271526976791607,3944
6023,1774271526978580440,1774271526982028799,3448
6024,1774271526983928947,1774271526987967380,4038
6025,1774271526989601728,1774271526993106364,3504
6026,1774271526995065320,1774271526998569255,3503
6027,1774271527000226426,1774271527004524283,4297
6028,1774271527006745688,1774271527010705159,3959
6029,1774271527012469242,1774271527016353625,3884
6030,1774271527018263371,1774271527021672463,3409
6031,1774271527023274797,1774271527027129138,3854
6032,1774271527028806000,1774271527032517165,3711
6033,1774271527034201795,1774271527038136769,3934
6034,1774271527039844801,1774271527043382709,3537
6035,1774271527045138530,1774271527049287060,4148
6036,1774271527051053010,1774271527054794728,3741
6037,1774271527056424573,1774271527059580097,3155
6038,1774271527061304274,1774271527064616578,3312
6039,1774271527066279880,1774271527070007171,3727
6040,1774271527071620428,1774271527075542382,3921
6041,1774271527077198689,1774271527080499807,3301
6042,1774271527082181902,1774271527085752495,3570
6043,1774271527087347611,1774271527091391571,4043
6044,1774271527093087480,1774271527096503345,3415
6045,1774271527098187920,1774271527102037423,3849
6046,1774271527103702847,1774271527107293484,3590
6047,1774271527108933987,1774271527112878033,3944
6048,1774271527114492888,1774271527118307917,3815
6049,1774271527119743569,1774271527124029727,4286
6050,1774271527125662877,1774271527129402163,3739
6051,1774271527131118059,1774271527135079098,3961
6052,1774271527136853121,1774271527140327556,3474
6053,1774271527142057685,1774271527146062105,4004
6054,1774271527147866176,1774271527152139167,4272
6055,1774271527153934716,1774271527158067043,4132
6056,1774271527159883286,1774271527163952383,4069
6057,1774271527165847392,1774271527169869158,4021
6058,1774271527171632909,1774271527175846057,4213
6059,1774271527177720839,1774271527181940411,4219
6060,1774271527183740272,1774271527187919877,4179
6061,1774271527189610952,1774271527192853439,3242
6062,1774271527194644267,1774271527198161168,3516
6063,1774271527199799759,1774271527203118377,3318
6064,1774271527204643126,1774271527208905945,4262
6065,1774271527210455427,1774271527213788298,3332
6066,1774271527215449994,1774271527219453959,4003
6067,1774271527221052751,1774271527224834961,3782
6068,1774271527226530998,1774271527230524427,3993
6069,1774271527232412406,1774271527235844091,3431
6070,1774271527237631071,1774271527241842283,4211
6071,1774271527243538486,1774271527247190980,3652
6072,1774271527249035874,1774271527253035018,3999
6073,1774271527254835690,1774271527258676273,3840
6074,1774271527260461057,1774271527264417416,3956
6075,1774271527266071629,1774271527270178940,4107
6076,1774271527271875598,1774271527276171663,4296
6077,1774271527277789692,1774271527281702259,3912
6078,1774271527283434682,1774271527286660394,3225
6079,1774271527288366282,1774271527292568474,4202
6080,1774271527294273366,1774271527298333417,4060
6081,1774271527300099144,1774271527304273721,4174
6082,1774271527306271301,1774271527310165075,3893
6083,1774271527311888735,1774271527316178209,4289
6084,1774271527318004804,1774271527321759297,3754
6085,1774271527323482271,1774271527327084780,3602
6086,1774271527328729452,1774271527333016332,4286
6087,1774271527334651268,1774271527338708018,4056
6088,1774271527340354376,1774271527344579494,4225
6089,1774271527346236304,1774271527350453023,4216
6090,1774271527352051283,1774271527355486783,3435
6091,1774271527357133319,1774271527360564714,3431
6092,1774271527362290096,1774271527365982215,3692
6093,1774271527367566289,1774271527371044158,3477
6094,1774271527372651118,1774271527376574911,3923
6095,1774271527378091294,1774271527382200936,4109
6096,1774271527383846385,1774271527387323536,3477
6097,1774271527389092569,1774271527393158760,4066
6098,1774271527394927316,1774271527398485764,3558
6099,1774271527400158037,1774271527403665375,3507
6100,1774271527405546520,1774271527408775063,3228
6101,1774271527410428085,1774271527414399975,3971
6102,1774271527416095670,1774271527419469676,3374
6103,1774271527421176468,1774271527424590409,3413
6104,1774271527426204970,1774271527430671697,4466
6105,1774271527432386771,1774271527436015641,3628
6106,1774271527437662613,1774271527441500156,3837
6107,1774271527443487787,1774271527447438040,3950
6108,1774271527449100956,1774271527453040920,3939
6109,1774271527454915095,1774271527459193807,4278
6110,1774271527460917231,1774271527465057109,4139
6111,1774271527466702487,1774271527471076739,4374
6112,1774271527472713223,1774271527476830499,4117
6113,1774271527478368374,1774271527482444883,4076
6114,1774271527484028491,1774271527488152037,4123
6115,1774271527489890408,1774271527493272378,3381
6116,1774271527494872251,1774271527498897227,4024
6117,1774271527500491227,1774271527503563369,3072
6118,1774271527505126707,1774271527509301803,4175
6119,1774271527511036174,1774271527514827611,3791
6120,1774271527516713690,1774271527520632209,3918
6121,1774271527522349447,1774271527526572656,4223
6122,1774271527528460214,1774271527532391312,3931
6123,1774271527534202666,1774271527538341038,4138
6124,1774271527540048058,1774271527543605580,3557
6125,1774271527545437130,1774271527549175168,3738
6126,1774271527550863403,1774271527554747737,3884
6127,1774271527556663586,1774271527560833600,4170
6128,1774271527562602455,1774271527566607283,4004
6129,1774271527568511420,1774271527572539977,4028
6130,1774271527574305167,1774271527578395956,4090
6131,1774271527580155928,1774271527584252369,4096
6132,1774271527586241695,1774271527590313306,4071
6133,1774271527592032962,1774271527596144723,4111
6134,1774271527597521486,1774271527601402157,3880
6135,1774271527603054841,1774271527606338369,3283
6136,1774271527608004845,1774271527611137394,3132
6137,1774271527612752670,1774271527615751066,2998
6138,1774271527617420481,1774271527621466512,4046
6139,1774271527622923611,1774271527626542189,3618
6140,1774271527628178346,1774271527631373957,3195
6141,1774271527633002967,1774271527636328981,3326
6142,1774271527638080505,1774271527641982537,3902
6143,1774271527643704152,1774271527647531477,3827
6144,1774271527649181484,1774271527653296637,4115
6145,1774271527655016109,1774271527658533405,3517
6146,1774271527660204117,1774271527663448978,3244
6147,1774271527665087122,1774271527668463945,3376
6148,1774271527670106253,1774271527674332427,4226
6149,1774271527676048497,1774271527679896262,3847
6150,1774271527681949234,1774271527686288555,4339
6151,1774271527688008228,1774271527691992440,3984
6152,1774271527693889736,1774271527698086666,4196
6153,1774271527699747655,1774271527703663757,3916
6154,1774271527705317396,1774271527708676422,3359
6155,1774271527710356752,1774271527714206177,3849
6156,1774271527715874518,1774271527719712127,3837
6157,1774271527721516891,1774271527725536975,4020
6158,1774271527727212880,1774271527731222675,4009
6159,1774271527733023237,1774271527737188896,4165
6160,1774271527738960860,1774271527742677242,3716
6161,1774271527744534957,1774271527747726159,3191
6162,1774271527749263739,1774271527753355544,4091
6163,1774271527755059624,1774271527758826242,3766
6164,1774271527760350198,1774271527763643808,3293
6165,1774271527765000979,1774271527768169724,3168
6166,1774271527769909685,1774271527773421887,3512
6167,1774271527775117497,1774271527778324645,3207
6168,1774271527780024990,1774271527783464082,3439
6169,1774271527785177457,1774271527789357881,4180
6170,1774271527791022417,1774271527794523268,3500
6171,1774271527796183244,1774271527799562888,3379
6172,1774271527801387707,1774271527805441882,4054
6173,1774271527807129137,1774271527810868904,3739
6174,1774271527812491003,1774271527816655659,4164
6175,1774271527818309705,1774271527822212082,3902
6176,1774271527823842753,1774271527827763641,3920
6177,1774271527829646528,1774271527833494897,3848
6178,1774271527835144445,1774271527838597914,3453
6179,1774271527840324652,1774271527844480559,4155
6180,1774271527846352028,1774271527849990344,3638
6181,1774271527851715789,1774271527855686836,3971
6182,1774271527857362796,1774271527860755841,3393
6183,1774271527862482474,1774271527866496739,4014
6184,1774271527868294419,1774271527872189889,3895
6185,1774271527873737106,1774271527877816540,4079
6186,1774271527879466928,1774271527882691148,3224
6187,1774271527884305335,1774271527888383259,4077
6188,1774271527890030031,1774271527894035131,4005
6189,1774271527895648884,1774271527899630808,3981
6190,1774271527901286890,1774271527904566897,3280
6191,1774271527906086943,1774271527909715377,3628
6192,1774271527911552430,1774271527914863400,3310
6193,1774271527916546738,1774271527920174826,3628
6194,1774271527921815374,1774271527925650023,3834
6195,1774271527927408787,1774271527931416315,4007
6196,1774271527933367851,1774271527937458849,4090
6197,1774271527939282997,1774271527943361122,4078
6198,1774271527945142202,1774271527949257521,4115
6199,1774271527951081936,1774271527955301268,4219
6200,1774271527957179946,1774271527960966900,3786
6201,1774271527962701985,1774271527966529595,3827
6202,1774271527968380441,1774271527971753426,3372
6203,1774271527973557336,1774271527977494906,3937
6204,1774271527979113501,1774271527982983068,3869
6205,1774271527984829503,1774271527989061440,4231
6206,1774271527990713265,1774271527994588544,3875
6207,1774271527996510413,1774271528000597017,4086
6208,1774271528002209268,1774271528006343519,4134
6209,1774271528007919293,1774271528011470411,3551
6210,1774271528013304816,1774271528016675154,3370
6211,1774271528018249928,1774271528022493788,4243
6212,1774271528024190209,1774271528027163336,2973
6213,1774271528028989545,1774271528032305485,3315
6214,1774271528034062368,1774271528037064874,3002
6215,1774271528038713905,1774271528042599550,3885
6216,1774271528044353215,1774271528048437504,4084
6217,1774271528050153177,1774271528053556455,3403
6218,1774271528055326951,1774271528058503265,3176
6219,1774271528060091977,1774271528063801053,3709
6220,1774271528065402865,1774271528068608094,3205
6221,1774271528070193262,1774271528074101815,3908
6222,1774271528075988482,1774271528080217057,4228
6223,1774271528081888883,1774271528085724357,3835
6224,1774271528087482032,1774271528091479798,3997
6225,1774271528093200725,1774271528097329903,4129
6226,1774271528099117196,1774271528103091962,3974
6227,1774271528104812712,1774271528108642127,3829
6228,1774271528110318030,1774271528114206876,3888
6229,1774271528116059066,1774271528119690448,3631
6230,1774271528121465874,1774271528124788182,3322
6231,1774271528126437885,1774271528130324886,3887
6232,1774271528131982638,1774271528135877507,3894
6233,1774271528137608872,1774271528140653197,3044
6234,1774271528142446134,1774271528146417898,3971
6235,1774271528147968842,1774271528151945783,3976
6236,1774271528153592631,1774271528157247608,3654
6237,1774271528158991668,1774271528162519976,3528
6238,1774271528164240389,1774271528167961983,3721
6239,1774271528169583989,1774271528173078376,3494
6240,1774271528174728952,1774271528178574348,3845
6241,1774271528180420484,1774271528185086143,4665
6242,1774271528186828185,1774271528190774575,3946
6243,1774271528192411541,1774271528196564222,4152
6244,1774271528198435212,1774271528201962967,3527
6245,1774271528203824857,1774271528208065759,4240
6246,1774271528210035309,1774271528214245274,4209
6247,1774271528216200366,1774271528220407328,4206
6248,1774271528222278182,1774271528225733605,3455
6249,1774271528227874989,1774271528232140432,4265
6250,1774271528234139350,1774271528238195169,4055
6251,1774271528240146100,1774271528243998010,3851
6252,1774271528245871984,1774271528250048953,4176
6253,1774271528251969921,1774271528256159922,4190
6254,1774271528258014471,1774271528262073934,4059
6255,1774271528263893012,1774271528267908076,4015
6256,1774271528269688160,1774271528273894054,4205
6257,1774271528275697205,1774271528279837481,4140
6258,1774271528281578472,1774271528286026272,4447
6259,1774271528287878712,1774271528292288723,4410
6260,1774271528294119518,1774271528298089539,3970
6261,1774271528299814569,1774271528303760418,3945
6262,1774271528305468988,1774271528308850300,3381
6263,1774271528310513664,1774271528313674280,3160
6264,1774271528315432970,1774271528319777447,4344
6265,1774271528321429545,1774271528325289958,3860
6266,1774271528327043908,1774271528331251241,4207
6267,1774271528333053714,1774271528336576960,3523
6268,1774271528338286318,1774271528342430325,4144
6269,1774271528344311562,1774271528347749209,3437
6270,1774271528349469022,1774271528353578702,4109
6271,1774271528355360186,1774271528359238303,3878
6272,1774271528361074707,1774271528364723037,3648
6273,1774271528366525156,1774271528369821576,3296
6274,1774271528371481444,1774271528375466930,3985
6275,1774271528377094002,1774271528381195617,4101
6276,1774271528382955567,1774271528387125473,4169
6277,1774271528388802022,1774271528392569433,3767
6278,1774271528394339780,1774271528398359207,4019
6279,1774271528400254234,1774271528403761273,3507
6280,1774271528405606545,1774271528409502429,3895
6281,1774271528411106396,1774271528415172974,4066
6282,1774271528417011245,1774271528421252329,4241
6283,1774271528422841207,1774271528426792475,3951
6284,1774271528428473271,1774271528432604476,4131
6285,1774271528434242361,1774271528437800791,3558
6286,1774271528439493305,1774271528443631027,4137
6287,1774271528445257870,1774271528448947110,3689
6288,1774271528450641432,1774271528454086727,3445
6289,1774271528455715408,1774271528458970558,3255
6290,1774271528460570302,1774271528463941516,3371
6291,1774271528465773671,1774271528469848843,4075
6292,1774271528471759947,1774271528475331744,3571
6293,1774271528477036564,1774271528481083928,4047
6294,1774271528482841911,1774271528486881383,4039
6295,1774271528488989781,1774271528493059195,4069
6296,1774271528494840649,1774271528498406378,3565
6297,1774271528500249312,1774271528504133077,3883
6298,1774271528505834513,1774271528509597428,3762
6299,1774271528511349164,1774271528515479757,4130
6300,1774271528517189102,1774271528521289968,4100
6301,1774271528523047741,1774271528527077883,4030
6302,1774271528528822041,1774271528532925164,4103
6303,1774271528534834261,1774271528538388959,3554
6304,1774271528540050818,1774271528544071551,4020
6305,1774271528546126868,1774271528549945935,3819
6306,1774271528551675595,1774271528556043143,4367
6307,1774271528557703255,1774271528561591935,3888
6308,1774271528563225275,1774271528567413428,4188
6309,1774271528569182749,1774271528572484206,3301
6310,1774271528574306445,1774271528578352532,4046
6311,1774271528579754585,1774271528583302575,3547
6312,1774271528584858694,1774271528588975753,4117
6313,1774271528590626656,1774271528594130807,3504
6314,1774271528595950032,1774271528600116231,4166
6315,1774271528601894188,1774271528605660651,3766
6316,1774271528607489337,1774271528610575953,3086
6317,1774271528612251753,1774271528616184147,3932
6318,1774271528617909755,1774271528621856490,3946
6319,1774271528623618513,1774271528627515301,3896
6320,1774271528629563401,1774271528632927711,3364
6321,1774271528634649065,1774271528638458718,3809
6322,1774271528640223176,1774271528643716264,3493
6323,1774271528645446626,1774271528649421485,3974
6324,1774271528651100777,1774271528654816798,3716
6325,1774271528656591437,1774271528659973925,3382
6326,1774271528661646332,1774271528665505717,3859
6327,1774271528667133744,1774271528671113707,3979
6328,1774271528672851399,1774271528676791252,3939
6329,1774271528678695233,1774271528682434397,3739
6330,1774271528684096444,1774271528688174604,4078
6331,1774271528689935808,1774271528694052749,4116
6332,1774271528695725752,1774271528699830523,4104
6333,1774271528701342677,1774271528705280449,3937
6334,1774271528707008906,1774271528710442767,3433
6335,1774271528712080393,1774271528715359355,3278
6336,1774271528717186293,1774271528720486545,3300
6337,1774271528721932190,1774271528725455340,3523
6338,1774271528727110878,1774271528730415032,3304
6339,1774271528732024811,1774271528735946579,3921
6340,1774271528737597223,1774271528741532680,3935
6341,1774271528743396375,1774271528747195220,3798
6342,1774271528748856809,1774271528752636008,3779
6343,1774271528754490045,1774271528758250438,3760
6344,1774271528759892514,1774271528763379597,3487
6345,1774271528765141130,1774271528769066497,3925
6346,1774271528770777908,1774271528774647075,3869
6347,1774271528776410135,1774271528780492805,4082
6348,1774271528782193597,1774271528786316700,4123
6349,1774271528788239096,1774271528792453586,4214
6350,1774271528794164409,1774271528798231455,4067
6351,1774271528799921399,1774271528804010725,4089
6352,1774271528805884270,1774271528809709907,3825
6353,1774271528811451412,1774271528815558981,4107
6354,1774271528817373389,1774271528820646582,3273
6355,1774271528822594076,1774271528826540535,3946
6356,1774271528828143565,1774271528832300436,4156
6357,1774271528833897472,1774271528838046055,4148
6358,1774271528839873335,1774271528844051326,4177
6359,1774271528845809564,1774271528849467627,3658
6360,1774271528850869746,1774271528854457987,3588
6361,1774271528856000902,1774271528859265068,3264
6362,1774271528860872719,1774271528864621378,3748
6363,1774271528866269644,1774271528870048939,3779
6364,1774271528871648088,1774271528875289425,3641
6365,1774271528876904937,1774271528880961110,4056
6366,1774271528882710177,1774271528886725549,4015
6367,1774271528888479690,1774271528891719576,3239
6368,1774271528893373651,1774271528897382584,4008
6369,1774271528899112671,1774271528902464903,3352
6370,1774271528904166763,1774271528908079068,3912
6371,1774271528910086741,1774271528914419224,4332
6372,1774271528916224635,1774271528920085722,3861
6373,1774271528921810079,1774271528925730961,3920
6374,1774271528927440013,1774271528931537936,4097
6375,1774271528933203215,1774271528936606421,3403
6376,1774271528938307354,1774271528943082476,4775
6377,1774271528944804913,1774271528948660476,3855
6378,1774271528950349522,1774271528954430365,4080
6379,1774271528956149923,1774271528959984676,3834
6380,1774271528961826736,1774271528965578035,3751
6381,1774271528967228490,1774271528971188430,3959
6382,1774271528972844623,1774271528976228804,3384
6383,1774271528977457156,1774271528980266642,2809
6384,1774271528981791752,1774271528984768421,2976
6385,1774271528986344075,1774271528989716750,3372
6386,1774271528991104853,1774271528994536096,3431
6387,1774271528996122790,1774271529000474560,4351
6388,1774271529002215991,1774271529006141735,3925
6389,1774271529007792146,1774271529012021855,4229
6390,1774271529013902674,1774271529017818284,3915
6391,1774271529019740974,1774271529024143193,4402
6392,1774271529026043204,1774271529030237118,4193
6393,1774271529032221477,1774271529035960617,3739
6394,1774271529037764018,1774271529041487408,3723
6395,1774271529043275808,1774271529047144132,3868
6396,1774271529048951429,1774271529053326442,4375
6397,1774271529055166051,1774271529059120234,3954
6398,1774271529061037669,1774271529064468403,3430
6399,1774271529066245554,1774271529069821517,3575
6400,1774271529071627328,1774271529075869089,4241
6401,1774271529077827461,1774271529081529096,3701
6402,1774271529083225439,1774271529087464045,4238
6403,1774271529089194879,1774271529092678155,3483
6404,1774271529094520093,1774271529098525382,4005
6405,1774271529100612892,1774271529104460429,3847
6406,1774271529106128920,1774271529110416130,4287
6407,1774271529112209051,1774271529116431846,4222
6408,1774271529118141138,1774271529121596977,3455
6409,1774271529123193025,1774271529126561942,3368
6410,1774271529127914392,1774271529131124286,3209
6411,1774271529132608816,1774271529135736475,3127
6412,1774271529137253299,1774271529140683752,3430
6413,1774271529142163897,1774271529146005388,3841
6414,1774271529147700436,1774271529152060434,4359
6415,1774271529153795680,1774271529157546950,3751
6416,1774271529159285220,1774271529162652868,3367
6417,1774271529164426273,1774271529167818898,3392
6418,1774271529169653024,1774271529173890427,4237
6419,1774271529175695129,1774271529179735640,4040
6420,1774271529181535149,1774271529185742358,4207
6421,1774271529187540545,1774271529191631039,4090
6422,1774271529193471313,1774271529197610443,4139
6423,1774271529199600288,1774271529203639550,4039
6424,1774271529205411633,1774271529209556555,4144
6425,1774271529211307079,1774271529214806387,3499
6426,1774271529216709204,1774271529220932262,4223
6427,1774271529222693592,1774271529226357583,3663
6428,1774271529228176857,1774271529232437702,4260
6429,1774271529234359505,1774271529238194274,3834
6430,1774271529239937906,1774271529244192071,4254
6431,1774271529246030264,1774271529249913196,3882
6432,1774271529251658201,1774271529255377622,3719
6433,1774271529257015174,1774271529260490046,3474
6434,1774271529262060660,1774271529265280704,3220
6435,1774271529266795606,1774271529270404651,3609
6436,1774271529272011283,1774271529275763175,3751
6437,1774271529277424979,1774271529280752073,3327
6438,1774271529282389940,1774271529286601943,4212
6439,1774271529288465221,1774271529292154971,3689
6440,1774271529293830876,1774271529297762172,3931
6441,1774271529299466376,1774271529302759010,3292
6442,1774271529304510325,1774271529307877658,3367
6443,1774271529309537799,1774271529313508575,3970
6444,1774271529315188269,1774271529318930172,3741
6445,1774271529320593198,1774271529324640497,4047
6446,1774271529326505746,1774271529330602570,4096
6447,1774271529332402427,1774271529336542209,4139
6448,1774271529338294536,1774271529342457162,4162
6449,1774271529344086442,1774271529348190425,4103
6450,1774271529350216500,1774271529353685595,3469
6451,1774271529355381659,1774271529358678871,3297
6452,1774271529360551550,1774271529364259910,3708
6453,1774271529365918304,1774271529369844999,3926
6454,1774271529371610600,1774271529375350510,3739
6455,1774271529377364815,1774271529380747158,3382
6456,1774271529382523350,1774271529386669638,4146
6457,1774271529388188595,1774271529391625784,3437
6458,1774271529393386874,1774271529397427343,4040
6459,1774271529399119721,1774271529402278918,3159
6460,1774271529403866808,1774271529407957245,4090
6461,1774271529409456837,1774271529412754684,3297
6462,1774271529413836593,1774271529417711091,3874
6463,1774271529419448324,1774271529423387151,3938
6464,1774271529425157128,1774271529429266558,4109
6465,1774271529430967601,1774271529435196379,4228
6466,1774271529436946859,1774271529441186683,4239
6467,1774271529442861564,1774271529447066930,4205
6468,1774271529448866304,1774271529452803099,3936
6469,1774271529454577838,1774271529458632911,4055
6470,1774271529460486464,1774271529463960721,3474
6471,1774271529465882304,1774271529469902923,4020
6472,1774271529471588774,1774271529474908414,3319
6473,1774271529476675888,1774271529480720217,4044
6474,1774271529482597210,1774271529486232217,3635
6475,1774271529487868681,1774271529491503679,3634
6476,1774271529493173511,1774271529497066792,3893
6477,1774271529498870943,1774271529502764568,3893
6478,1774271529504437275,1774271529508471273,4033
6479,1774271529510262861,1774271529513747635,3484
6480,1774271529515640812,1774271529520002891,4362
6481,1774271529521683444,1774271529525347981,3664
6482,1774271529526886957,1774271529531024483,4137
6483,1774271529532183027,1774271529536270065,4087
6484,1774271529537854979,1774271529541574417,3719
6485,1774271529543218477,1774271529546746079,3527
6486,1774271529548541539,1774271529551707479,3165
6487,1774271529553279649,1774271529556915071,3635
6488,1774271529558506025,1774271529561660538,3154
6489,1774271529563296262,1774271529567146664,3850
6490,1774271529568718650,1774271529572657806,3939
6491,1774271529574343324,1774271529578297321,3953
6492,1774271529580115538,1774271529584013350,3897
6493,1774271529585722298,1774271529589748320,4026
6494,1774271529591582702,1774271529595634136,4051
6495,1774271529597277252,1774271529600652130,3374
6496,1774271529602315353,1774271529606449195,4133
6497,1774271529608466799,1774271529612170632,3703
6498,1774271529613861147,1774271529618030892,4169
6499,1774271529619758586,1774271529623582195,3823
6500,1774271529625343728,1774271529629225486,3881
6501,1774271529630896874,1774271529634555027,3658
6502,1774271529636200913,1774271529640157749,3956
6503,1774271529641845018,1774271529645774442,3929
6504,1774271529647481579,1774271529651429185,3947
6505,1774271529653113735,1774271529657249104,4135
6506,1774271529658963761,1774271529663097405,4133
6507,1774271529664748473,1774271529669035033,4286
6508,1774271529670400137,1774271529674399672,3999
6509,1774271529676008428,1774271529679622643,3614
6510,1774271529681338664,1774271529684723619,3384
6511,1774271529686166983,1774271529689493192,3326
6512,1774271529691052229,1774271529694375893,3323
6513,1774271529695948015,1774271529699852192,3904
6514,1774271529701500915,1774271529705471667,3970
6515,1774271529707108882,1774271529710407198,3298
6516,1774271529712090689,1774271529716131756,4041
6517,1774271529717961488,1774271529721744753,3783
6518,1774271529723487973,1774271529727477397,3989
6519,1774271529729247751,1774271529732581942,3334
6520,1774271529734407882,1774271529738014715,3606
6521,1774271529739756346,1774271529743763905,4007
6522,1774271529745478496,1774271529748775224,3296
6523,1774271529750482275,1774271529754454283,3972
6524,1774271529756147894,1774271529759819641,3671
6525,1774271529761614907,1774271529765739795,4124
6526,1774271529767669408,1774271529771669580,4000
6527,1774271529773322992,1774271529777455718,4132
6528,1774271529779367454,1774271529782756182,3388
6529,1774271529784748739,1774271529788829378,4080
6530,1774271529790712491,1774271529794329683,3617
6531,1774271529796148604,1774271529800204645,4056
6532,1774271529801628849,1774271529804772922,3144
6533,1774271529806532281,1774271529810650696,4118
6534,1774271529812227401,1774271529816367584,4140
6535,1774271529818072779,1774271529821500027,3427
6536,1774271529823274336,1774271529826307754,3033
6537,1774271529827956328,1774271529831801006,3844
6538,1774271529833361915,1774271529837355667,3993
6539,1774271529839053157,1774271529842386611,3333
6540,1774271529844117326,1774271529847976955,3859
6541,1774271529849879519,1774271529853521507,3641
6542,1774271529855178182,1774271529859311260,4133
6543,1774271529860990303,1774271529864855296,3864
6544,1774271529866551969,1774271529870512837,3960
6545,1774271529872196972,1774271529875575526,3378
6546,1774271529877240975,1774271529880639107,3398
6547,1774271529882452082,1774271529886104598,3652
6548,1774271529888089770,1774271529891789228,3699
6549,1774271529893606109,1774271529897486135,3880
6550,1774271529899222376,1774271529902637902,3415
6551,1774271529904387874,1774271529908566087,4178
6552,1774271529910398233,1774271529914408840,4010
6553,1774271529916048150,1774271529920210532,4162
6554,1774271529921994325,1774271529926007215,4012
6555,1774271529927773525,1774271529931808689,4035
6556,1774271529933614934,1774271529937631558,4016
6557,1774271529939376329,1774271529943332693,3956
6558,1774271529944920397,1774271529948578894,3658
6559,1774271529950189255,1774271529953684711,3495
6560,1774271529955387931,1774271529958312179,2924
6561,1774271529959826431,1774271529963712374,3885
6562,1774271529965383807,1774271529969040349,3656
6563,1774271529970726404,1774271529975113287,4386
6564,1774271529976860871,1774271529981111750,4250
6565,1774271529982880622,1774271529987335968,4455
6566,1774271529989129792,1774271529992708177,3578
6567,1774271529994547594,1774271529998720839,4173
6568,1774271530000534802,1774271530004503340,3968
6569,1774271530006161650,1774271530009627334,3465
6570,1774271530011366286,1774271530015562249,4195
6571,1774271530017271986,1774271530020714806,3442
6572,1774271530022443829,1774271530026283245,3839
6573,1774271530028012751,1774271530031788808,3776
6574,1774271530033456078,1774271530036701585,3245
6575,1774271530038613223,1774271530043217398,4604
6576,1774271530044944971,1774271530048795531,3850
6577,1774271530050505256,1774271530054516576,4011
6578,1774271530056532249,1774271530059877132,3344
6579,1774271530061589248,1774271530065483092,3893
6580,1774271530067264736,1774271530070560508,3295
6581,1774271530072354036,1774271530076474684,4120
6582,1774271530078131986,1774271530081857307,3725
6583,1774271530083548707,1774271530087130306,3581
6584,1774271530088884124,1774271530092606095,3721
6585,1774271530094293247,1774271530097435177,3141
6586,1774271530099220052,1774271530102683162,3463
6587,1774271530104336891,1774271530107601375,3264
6588,1774271530109294213,1774271530113114820,3820
6589,1774271530114765157,1774271530118738862,3973
6590,1774271530120468706,1774271530124448950,3980
6591,1774271530126128411,1774271530129455342,3326
6592,1774271530131200826,1774271530134585594,3384
6593,1774271530136223538,1774271530140263276,4039
6594,1774271530141964358,1774271530145574502,3610
6595,1774271530147269208,1774271530151471151,4201
6596,1774271530153200279,1774271530156732979,3532
6597,1774271530158525088,1774271530162237174,3712
6598,1774271530164003361,1774271530167974772,3971
6599,1774271530169808875,1774271530173843665,4034
6600,1774271530175701506,1774271530179699818,3998
6601,1774271530181535004,1774271530185866482,4331
6602,1774271530187666262,1774271530192064610,4398
6603,1774271530193965959,1774271530197926619,3960
6604,1774271530199759576,1774271530203793818,4034
6605,1774271530205545373,1774271530208872475,3327
6606,1774271530210599057,1774271530214505548,3906
6607,1774271530216219050,1774271530220507666,4288
6608,1774271530222275488,1774271530225344182,3068
6609,1774271530226774694,1774271530230357960,3583
6610,1774271530232243092,1774271530236214420,3971
6611,1774271530237795350,1774271530241453362,3658
6612,1774271530243182585,1774271530247515581,4332
6613,1774271530249333185,1774271530252778403,3445
6614,1774271530254593568,1774271530258719125,4125
6615,1774271530260515549,1774271530264270373,3754
6616,1774271530266104173,1774271530270147043,4042
6617,1774271530271875657,1774271530275983928,4108
6618,1774271530277981855,1774271530282625538,4643
6619,1774271530284396034,1774271530288255050,3859
6620,1774271530290249824,1774271530294631026,4381
6621,1774271530296394840,1774271530300283983,3889
6622,1774271530302217479,1774271530306272558,4055
6623,1774271530308176242,1774271530311690244,3514
6624,1774271530313504501,1774271530317600405,4095
6625,1774271530319367562,1774271530322790078,3422
6626,1774271530324638586,1774271530328770473,4131
6627,1774271530330474466,1774271530334132353,3657
6628,1774271530335986821,1774271530339650290,3663
6629,1774271530341344284,1774271530344634573,3290
6630,1774271530346393218,1774271530349538008,3144
6631,1774271530351165905,1774271530355214462,4048
6632,1774271530356568536,1774271530359607489,3038
6633,1774271530361255026,1774271530365414374,4159
6634,1774271530366987756,1774271530370575776,3588
6635,1774271530372172762,1774271530376389547,4216
6636,1774271530378014653,1774271530382149471,4134
6637,1774271530383886264,1774271530387268546,3382
6638,1774271530389190094,1774271530393243318,4053
6639,1774271530395110448,1774271530399183864,4073
6640,1774271530400923565,1774271530405179800,4256
6641,1774271530407052025,1774271530411187874,4135
6642,1774271530413042990,1774271530417018297,3975
6643,1774271530418824609,1774271530422368718,3544
6644,1774271530424046100,1774271530428359788,4313
6645,1774271530430382373,1774271530434113132,3730
6646,1774271530435809622,1774271530439482089,3672
6647,1774271530441137344,1774271530445036313,3898
6648,1774271530446987982,1774271530450961139,3973
6649,1774271530452658671,1774271530456684761,4026
6650,1774271530458360230,1774271530462084333,3724
6651,1774271530463969475,1774271530467418350,3448
6652,1774271530469098139,1774271530473215734,4117
6653,1774271530474991690,1774271530478804759,3813
6654,1774271530480584612,1774271530484762216,4177
6655,1774271530486476184,1774271530489891955,3415
6656,1774271530491536720,1774271530494766024,3229
6657,1774271530496443605,1774271530500398759,3955
6658,1774271530502058782,1774271530506023005,3964
6659,1774271530507689047,1774271530510958458,3269
6660,1774271530512599361,1774271530516774628,4175
6661,1774271530518377223,1774271530522064642,3687
6662,1774271530523756803,1774271530527742219,3985
6663,1774271530529379739,1774271530533470700,4090
6664,1774271530535274259,1774271530539469411,4195
6665,1774271530541272224,1774271530545439239,4167
6666,1774271530547260916,1774271530551375656,4114
6667,1774271530553177405,1774271530557289277,4111
6668,1774271530559004985,1774271530563112885,4107
6669,1774271530564924163,1774271530568827992,3903
6670,1774271530570615600,1774271530574536499,3920
6671,1774271530576489753,1774271530580368069,3878
6672,1774271530582046819,1774271530585559660,3512
6673,1774271530587287173,1774271530590778277,3491
6674,1774271530592591502,1774271530596213584,3622
6675,1774271530597994915,1774271530601507664,3512
6676,1774271530603175570,1774271530607103021,3927
6677,1774271530608992792,1774271530612871400,3878
6678,1774271530614540381,1774271530618569356,4028
6679,1774271530620324031,1774271530623691661,3367
6680,1774271530625342081,1774271530628663255,3321
6681,1774271530630437304,1774271530633503233,3065
6682,1774271530634822067,1774271530638197773,3375
6683,1774271530639861015,1774271530644145307,4284
6684,1774271530645763389,1774271530650025544,4262
6685,1774271530651646702,1774271530655388835,3742
6686,1774271530657128534,1774271530660989984,3861
6687,1774271530662767426,1774271530666704660,3937
6688,1774271530668493215,1774271530671874830,3381
6689,1774271530673767846,1774271530677834210,4066
6690,1774271530679535353,1774271530682824598,3289
6691,1774271530684792474,1774271530688338894,3546
6692,1774271530690037882,1774271530694163455,4125
6693,1774271530695859809,1774271530699624116,3764
6694,1774271530701358494,1774271530704716144,3357
6695,1774271530706555935,1774271530710594854,4038
6696,1774271530712379582,1774271530716357970,3978
6697,1774271530718188801,1774271530722393912,4205
6698,1774271530724077602,1774271530727885551,3807
6699,1774271530729951764,1774271530733486897,3535
6700,1774271530735370757,1774271530739453488,4082
6701,1774271530741279377,1774271530744686648,3407
6702,1774271530746484759,1774271530750474068,3989
6703,1774271530752225433,1774271530756467509,4242
6704,1774271530758237761,1774271530762358529,4120
6705,1774271530764024717,1774271530767241272,3216
6706,1774271530768961817,1774271530772220064,3258
6707,1774271530773923849,1774271530777642059,3718
6708,1774271530779243416,1774271530783357641,4114
6709,1774271530785037556,1774271530789246640,4209
6710,1774271530790800886,1774271530794163999,3363
6711,1774271530795890272,1774271530799891512,4001
6712,1774271530801635046,1774271530805450762,3815
6713,1774271530807247869,1774271530811048866,3800
6714,1774271530812966180,1774271530816757229,3791
6715,1774271530818571299,1774271530822504320,3933
6716,1774271530824171718,1774271530828380850,4209
6717,1774271530830066837,1774271530833697741,3630
6718,1774271530835378868,1774271530838774160,3395
6719,1774271530840719608,1774271530844705940,3986
6720,1774271530846409873,1774271530850069690,3659
6721,1774271530851703820,1774271530855864840,4161
6722,1774271530857597211,1774271530861759279,4162
6723,1774271530863641647,1774271530867190407,3548
6724,1774271530869117064,1774271530872570678,3453
6725,1774271530874431253,1774271530878310818,3879
6726,1774271530880116455,1774271530884048685,3932
6727,1774271530885767693,1774271530889901122,4133
6728,1774271530891653916,1774271530895686959,4033
6729,1774271530897318930,1774271530901485597,4166
6730,1774271530903074300,1774271530907270709,4196
6731,1774271530908812844,1774271530912074126,3261
6732,1774271530913623330,1774271530917622711,3999
6733,1774271530919307268,1774271530922547009,3239
6734,1774271530924089004,1774271530927563085,3474
6735,1774271530929443013,1774271530933624901,4181
6736,1774271530935246942,1774271530938921274,3674
6737,1774271530940607808,1774271530944776995,4169
6738,1774271530946441637,1774271530950358084,3916
6739,1774271530952124032,1774271530955657204,3533
6740,1774271530957336705,1774271530961377998,4041
6741,1774271530963153237,1774271530966930048,3776
6742,1774271530968720847,1774271530972905842,4184
6743,1774271530974661602,1774271530978433045,3771
6744,1774271530980093571,1774271530983433724,3340
6745,1774271530985090277,1774271530988342600,3252
6746,1774271530990036828,1774271530994008875,3972
6747,1774271530995707215,1774271530999270976,3563
6748,1774271531020148001,1774271531024093851,3945
6749,1774271531025851525,1774271531029843602,3992
6750,1774271531031511971,1774271531035511246,3999
6751,1774271531037211153,1774271531040546356,3335
6752,1774271531041939607,1774271531045229053,3289
6753,1774271531046817237,1774271531050874234,4056
6754,1774271531052523378,1774271531055705225,3181
6755,1774271531057383518,1774271531060552994,3169
6756,1774271531062123221,1774271531065281210,3157
6757,1774271531066870389,1774271531071052884,4182
6758,1774271531072715161,1774271531076595943,3880
6759,1774271531078211181,1774271531081936113,3724
6760,1774271531083585392,1774271531087266733,3681
6761,1774271531089063113,1774271531092690189,3627
6762,1774271531094535939,1774271531098487388,3951
6763,1774271531100150712,1774271531103691526,3540
6764,1774271531105537423,1774271531109356270,3818
6765,1774271531111032098,1774271531114845684,3813
6766,1774271531116628060,1774271531120339687,3711
6767,1774271531122007829,1774271531125901565,3893
6768,1774271531127544373,1774271531130724372,3179
6769,1774271531132293897,1774271531136343390,4049
6770,1774271531137992563,1774271531141638999,3646
6771,1774271531143356127,1774271531146508481,3152
6772,1774271531148098870,1774271531152103131,4004
6773,1774271531153735704,1774271531157798675,4062
6774,1774271531159499456,1774271531163393143,3893
6775,1774271531165241808,1774271531169184241,3942
6776,1774271531170994043,1774271531175001222,4007
6777,1774271531176516803,1774271531180602046,4085
6778,1774271531182254177,1774271531185659673,3405
6779,1774271531187070846,1774271531190500699,3429
6780,1774271531192069673,1774271531195479024,3409
6781,1774271531196904665,1774271531199986154,3081
6782,1774271531201539775,1774271531205617462,4077
6783,1774271531207180763,1774271531210527102,3346
6784,1774271531212142833,1774271531216203291,4060
6785,1774271531217941140,1774271531221586727,3645
6786,1774271531223266846,1774271531226775449,3508
6787,1774271531228637352,1774271531232761085,4123
6788,1774271531234553594,1774271531238317034,3763
6789,1774271531240039267,1774271531243512123,3472
6790,1774271531245424319,1774271531249400226,3975
6791,1774271531251099941,1774271531254530191,3430
6792,1774271531256268348,1774271531260244469,3976
6793,1774271531261977471,1774271531265565601,3588
6794,1774271531267223215,1774271531270668987,3445
6795,1774271531272481277,1774271531276486938,4005
6796,1774271531278129331,1774271531281993868,3864
6797,1774271531283810706,1774271531287769310,3958
6798,1774271531289570688,1774271531292923591,3352
6799,1774271531294617860,1774271531298369565,3751
6800,1774271531300011320,1774271531304109466,4098
6801,1774271531305877728,1774271531309674561,3796
6802,1774271531311302773,1774271531314931591,3628
6803,1774271531316573083,1774271531320825486,4252
6804,1774271531322456098,1774271531325889258,3433
6805,1774271531327319818,1774271531331019820,3700
6806,1774271531332638582,1774271531335726292,3087
6807,1774271531337327340,1774271531340533423,3206
6808,1774271531342502078,1774271531346104124,3602
6809,1774271531347810881,1774271531351729174,3918
6810,1774271531353367153,1774271531357394376,4027
6811,1774271531359051793,1774271531363221637,4169
6812,1774271531364944034,1774271531369140432,4196
6813,1774271531370836901,1774271531374893347,4056
6814,1774271531376550277,1774271531379703960,3153
6815,1774271531381420254,1774271531385380754,3960
6816,1774271531387175234,1774271531391014812,3839
6817,1774271531392741152,1774271531396818312,4077
6818,1774271531398540826,1774271531402389621,3848
6819,1774271531404008109,1774271531408100840,4092
6820,1774271531409737273,1774271531413217246,3479
6821,1774271531415022906,1774271531418588595,3565
6822,1774271531420225789,1774271531424316974,4091
6823,1774271531425925274,1774271531429836269,3910
6824,1774271531431645645,1774271531435563876,3918
6825,1774271531437506481,1774271531440730361,3223
6826,1774271531442305874,1774271531445710273,3404
6827,1774271531447442765,1774271531450730148,3287
6828,1774271531452555667,1774271531455576582,3020
6829,1774271531457046815,1774271531461340879,4294
6830,1774271531462656623,1774271531466205472,3548
6831,1774271531467817789,1774271531471882177,4064
6832,1774271531473579723,1774271531476763291,3183
6833,1774271531478550194,1774271531482575487,4025
6834,1774271531484256460,1774271531488073743,3817
6835,1774271531489757361,1774271531493744038,3986
6836,1774271531495452825,1774271531498920189,3467
6837,1774271531500742970,1774271531504720869,3977
6838,1774271531506620861,1774271531510146171,3525
6839,1774271531512047973,1774271531515589142,3541
6840,1774271531517282185,1774271531521433038,4150
6841,1774271531523340783,1774271531527104107,3763
6842,1774271531528777639,1774271531532986590,4208
6843,1774271531534921139,1774271531538813006,3891
6844,1774271531540457820,1774271531543686727,3228
6845,1774271531545463409,1774271531549077916,3614
6846,1774271531550957477,1774271531554807137,3849
6847,1774271531556730294,1774271531560592270,3861
6848,1774271531562287943,1774271531566394222,4106
6849,1774271531568121210,1774271531572111220,3990
6850,1774271531573871525,1774271531578192543,4321
6851,1774271531579757174,1774271531583991008,4233
6852,1774271531585649795,1774271531589862092,4212
6853,1774271531591394435,1774271531594517535,3123
6854,1774271531595993188,1774271531599755692,3762
6855,1774271531601322241,1774271531605310205,3987
6856,1774271531606791047,1774271531610258039,3466
6857,1774271531611913881,1774271531615155793,3241
6858,1774271531616855623,1774271531621062856,4207
6859,1774271531622688978,1774271531626690667,4001
6860,1774271531628395018,1774271531632458214,4063
6861,1774271531634162959,1774271531638258628,4095
6862,1774271531640076944,1774271531643610340,3533
6863,1774271531645388539,1774271531648851352,3462
6864,1774271531650617164,1774271531654555304,3938
6865,1774271531656202010,1774271531660188372,3986
6866,1774271531662237603,1774271531666356480,4118
6867,1774271531668102495,1774271531671577030,3474
6868,1774271531673347852,1774271531677497462,4149
6869,1774271531679135326,1774271531682827335,3692
6870,1774271531684667867,1774271531688322469,3654
6871,1774271531690073921,1774271531694277910,4203
6872,1774271531695935384,1774271531700031493,4096
6873,1774271531701970246,1774271531706306616,4336
6874,1774271531708016006,1774271531712085984,4069
6875,1774271531713742906,1774271531717732742,3989
6876,1774271531719478547,1774271531723328184,3849
6877,1774271531725046287,1774271531728632896,3586
6878,1774271531730338813,1774271531734223025,3884
6879,1774271531736054915,1774271531740215317,4160
6880,1774271531741968655,1774271531746099906,4131
6881,1774271531747694478,1774271531751691761,3997
6882,1774271531753343802,1774271531756618672,3274
6883,1774271531758291141,1774271531762462351,4171
6884,1774271531764361704,1774271531767674692,3312
6885,1774271531769360602,1774271531772767592,3406
6886,1774271531774424967,1774271531778476634,4051
6887,1774271531780284261,1774271531784018823,3734
6888,1774271531785631787,1774271531789526195,3894
6889,1774271531791307727,1774271531795291562,3983
6890,1774271531796916320,1774271531800709074,3792
6891,1774271531802292851,1774271531805577167,3284
6892,1774271531807277763,1774271531811475426,4197
6893,1774271531813254199,1774271531816980220,3726
6894,1774271531818661955,1774271531822573025,3911
6895,1774271531824211067,1774271531827388257,3177
6896,1774271531829136934,1774271531833326946,4190
6897,1774271531835088628,1774271531839230011,4141
6898,1774271531841122646,1774271531845174661,4052
6899,1774271531846840032,1774271531850748342,3908
6900,1774271531852642621,1774271531856419156,3776
6901,1774271531858119397,1774271531862173905,4054
6902,1774271531863613677,1774271531866966288,3352
6903,1774271531868454376,1774271531872011023,3556
6904,1774271531873695526,1774271531877348371,3652
6905,1774271531879133465,1774271531882653534,3520
6906,1774271531884245641,1774271531887500429,3254
6907,1774271531889111162,1774271531892817283,3706
6908,1774271531894308251,1774271531898299119,3990
6909,1774271531899995484,1774271531904242219,4246
6910,1774271531905891332,1774271531909553497,3662
6911,1774271531911454935,1774271531915554754,4099
6912,1774271531917501590,1774271531921645135,4143
6913,1774271531923428660,1774271531926720172,3291
6914,1774271531928493284,1774271531932411077,3917
6915,1774271531934260581,1774271531937740952,3480
6916,1774271531939494742,1774271531942854671,3359
6917,1774271531944584706,1774271531948095434,3510
6918,1774271531949963165,1774271531954053183,4090
6919,1774271531955814864,1774271531959880245,4065
6920,1774271531961601499,1774271531965843766,4242
6921,1774271531967588205,1774271531971314386,3726
6922,1774271531973280783,1774271531977139648,3858
6923,1774271531978967204,1774271531982863335,3896
6924,1774271531984672876,1774271531988903356,4230
6925,1774271531990669187,1774271531994671136,4001
6926,1774271531996164767,1774271532000079219,3914
6927,1774271532001675701,1774271532005658491,3982
6928,1774271532007378057,1774271532010435644,3057
6929,1774271532012176499,1774271532016365209,4188
6930,1774271532018106748,1774271532021897789,3791
6931,1774271532023566135,1774271532027516318,3950
6932,1774271532029086122,1774271532032533037,3446
6933,1774271532034161678,1774271532037707078,3545
6934,1774271532039340942,1774271532043318398,3977
6935,1774271532045003139,1774271532049295674,4292
6936,1774271532051106485,1774271532055394907,4288
6937,1774271532057163795,1774271532061333810,4170
6938,1774271532063160417,1774271532067341271,4180
6939,1774271532069091279,1774271532073544818,4453
6940,1774271532075484711,1774271532079425451,3940
6941,1774271532081299675,1774271532084705529,3405
6942,1774271532086643995,1774271532090672021,4028
6943,1774271532092673746,1774271532096409819,3736
6944,1774271532098169657,1774271532102201201,4031
6945,1774271532104108868,1774271532108134170,4025
6946,1774271532109886394,1774271532113848553,3962
6947,1774271532115489987,1774271532118651636,3161
6948,1774271532120520354,1774271532124448991,3928
6949,1774271532126114320,1774271532129360081,3245
6950,1774271532131123517,1774271532134755785,3632
6951,1774271532135968022,1774271532139643918,3675
6952,1774271532141001762,1774271532145028594,4026
6953,1774271532146575557,1774271532149555753,2980
6954,1774271532151126638,1774271532155238755,4112
6955,1774271532157006868,1774271532160733622,3726
6956,1774271532162392541,1774271532165586235,3193
6957,1774271532167150414,1774271532170612277,3461
6958,1774271532172243061,1774271532176131268,3888
6959,1774271532177896472,1774271532181949617,4053
6960,1774271532183701156,1774271532187695046,3993
6961,1774271532189442019,1774271532193555815,4113
6962,1774271532195231974,1774271532198693733,3461
6963,1774271532200391871,1774271532204068538,3676
6964,1774271532206154648,1774271532210619858,4465
6965,1774271532212296187,1774271532215942094,3645
6966,1774271532217796006,1774271532221993824,4197
6967,1774271532223646946,1774271532227147854,3500
6968,1774271532228818862,1774271532232766306,3947
6969,1774271532234559275,1774271532238677115,4117
6970,1774271532240372282,1774271532243645498,3273
6971,1774271532245339456,1774271532249541340,4201
6972,1774271532251378750,1774271532255234658,3855
6973,1774271532257074696,1774271532261205066,4130
6974,1774271532263111791,1774271532266698364,3586
6975,1774271532268397875,1774271532271771537,3373
6976,1774271532273494497,1774271532276698246,3203
6977,1774271532278598388,1774271532282697735,4099
6978,1774271532284396276,1774271532288018851,3622
6979,1774271532289580288,1774271532293279594,3699
6980,1774271532294806738,1774271532298879556,4072
6981,1774271532300509375,1774271532304384397,3875
6982,1774271532306154394,1774271532309549900,3395
6983,1774271532311258728,1774271532314582546,3323
6984,1774271532316261846,1774271532319653389,3391
6985,1774271532321291578,1774271532324676375,3384
6986,1774271532326440743,1774271532330502408,4061
6987,1774271532332176214,1774271532336185612,4009
6988,1774271532338110196,1774271532342489340,4379
6989,1774271532344429889,1774271532348217007,3787
6990,1774271532350111941,1774271532354526505,4414
6991,1774271532356318670,1774271532360021496,3702
6992,1774271532361911128,1774271532365415702,3504
6993,1774271532367344500,1774271532371406794,4062
6994,1774271532373136445,1774271532376974165,3837
6995,1774271532378887466,1774271532382995809,4108
6996,1774271532384762839,1774271532388630531,3867
6997,1774271532390362609,1774271532394416995,4054
6998,1774271532396197795,1774271532399536113,3338
6999,1774271532401291049,1774271532404651917,3360
7000,1774271532406430018,1774271532410426350,3996
7001,1774271532412138753,1774271532415966657,3827
7002,1774271532417716619,1774271532421424133,3707
7003,1774271532423041077,1774271532426455226,3414
7004,1774271532428100816,1774271532432191304,4090
7005,1774271532433642649,1774271532437929823,4287
7006,1774271532439590253,1774271532443522062,3931
7007,1774271532445164044,1774271532448582062,3418
7008,1774271532450346349,1774271532454483194,4136
7009,1774271532456171473,1774271532459635836,3464
7010,1774271532461453668,1774271532465248308,3794
7011,1774271532467013274,1774271532471128546,4115
7012,1774271532473032187,1774271532476447639,3415
7013,1774271532478233355,1774271532482377012,4143
7014,1774271532484211445,1774271532487959627,3748
7015,1774271532489858795,1774271532493769357,3910
7016,1774271532495573696,1774271532499228813,3655
7017,1774271532500897110,1774271532504458845,3561
7018,1774271532506207331,1774271532510310917,4103
7019,1774271532512205657,1774271532515991131,3785
7020,1774271532517703752,1774271532521996504,4292
7021,1774271532524022241,1774271532528046072,4023
7022,1774271532529735228,1774271532533838186,4102
7023,1774271532535671967,1774271532539535431,3863
7024,1774271532541257796,1774271532544580189,3322
7025,1774271532546280735,1774271532549557607,3276
7026,1774271532551287683,1774271532554563886,3276
7027,1774271532556150947,1774271532559547966,3397
7028,1774271532561193801,1774271532564519548,3325
7029,1774271532566209510,1774271532569372752,3163
7030,1774271532571027963,1774271532574416314,3388
7031,1774271532576140873,1774271532580375451,4234
7032,1774271532582014391,1774271532585478606,3464
7033,1774271532587061350,1774271532590835194,3773
7034,1774271532592654297,1774271532596517036,3862
7035,1774271532598175316,1774271532602271962,4096
7036,1774271532603912329,1774271532607726470,3814
7037,1774271532609483808,1774271532613427251,3943
7038,1774271532615029765,1774271532618969394,3939
7039,1774271532620838638,1774271532624771912,3933
7040,1774271532626440799,1774271532630391695,3950
7041,1774271532632158789,1774271532636250500,4091
7042,1774271532637974266,1774271532642045299,4071
7043,1774271532644067259,1774271532647901342,3834
7044,1774271532649667081,1774271532653757388,4090
7045,1774271532655510786,1774271532658724957,3214
7046,1774271532660355028,1774271532664214809,3859
7047,1774271532665837535,1774271532669656477,3818
7048,1774271532671284517,1774271532674872090,3587
7049,1774271532676523558,1774271532680111339,3587
7050,1774271532681861173,1774271532686062414,4201
7051,1774271532687744631,1774271532691243610,3498
7052,1774271532692932273,1774271532696387088,3454
7053,1774271532698026412,1774271532701319063,3292
7054,1774271532703031958,1774271532706183735,3151
7055,1774271532707770581,1774271532710851771,3081
7056,1774271532712480772,1774271532715732419,3251
7057,1774271532717166956,1774271532721242866,4075
7058,1774271532722902866,1774271532726294726,3391
7059,1774271532728091142,1774271532731455031,3363
7060,1774271532733066432,1774271532737009180,3942
7061,1774271532738732234,1774271532742733072,4000
7062,1774271532744471677,1774271532748478614,4006
7063,1774271532750147894,1774271532753544855,3396
7064,1774271532755236035,1774271532759211368,3975
7065,1774271532761072487,1774271532764964661,3892
7066,1774271532766626924,1774271532770462443,3835
7067,1774271532772277823,1774271532776705750,4427
7068,1774271532778473244,1774271532782352214,3878
7069,1774271532784312375,1774271532788669023,4356
7070,1774271532790330796,1774271532794217841,3887
7071,1774271532795954321,1774271532800570054,4615
7072,1774271532802365733,1774271532806095195,3729
7073,1774271532807795829,1774271532812026950,4231
7074,1774271532813985175,1774271532817795554,3810
7075,1774271532819360668,1774271532822534665,3173
7076,1774271532824263871,1774271532827555161,3291
7077,1774271532829269363,1774271532833470126,4200
7078,1774271532835063483,1774271532838203564,3140
7079,1774271532839694063,1774271532843498906,3804
7080,1774271532845217720,1774271532849203697,3985
7081,1774271532850825242,1774271532854248281,3423
7082,1774271532855822996,1774271532859719692,3896
7083,1774271532861525586,1774271532864556319,3030
7084,1774271532866159719,1774271532870206140,4046
7085,1774271532871898239,1774271532875790322,3892
7086,1774271532877434332,1774271532881373835,3939
7087,1774271532883042550,1774271532886978835,3936
7088,1774271532888854188,1774271532892871910,4017
7089,1774271532894598798,1774271532898667273,4068
7090,1774271532900329438,1774271532904202944,3873
7091,1774271532906049479,1774271532910294562,4245
7092,1774271532912108387,1774271532916097539,3989
7093,1774271532917895696,1774271532921755504,3859
7094,1774271532923516271,1774271532927423600,3907
7095,1774271532929228700,1774271532932989403,3760
7096,1774271532934746633,1774271532938712607,3965
7097,1774271532940438340,1774271532944501446,4063
7098,1774271532946115757,1774271532949715910,3600
7099,1774271532951541827,1774271532955607647,4065
7100,1774271532957302268,1774271532961316690,4014
7101,1774271532962916414,1774271532967183357,4266
7102,1774271532968919473,1774271532972748434,3828
7103,1774271532974247145,1774271532977638527,3391
7104,1774271532979168484,1774271532983192402,4023
7105,1774271532984749834,1774271532989091649,4341
7106,1774271532990912273,1774271532994824298,3912
7107,1774271532996516465,1774271533000495467,3979
7108,1774271533002141611,1774271533006210439,4068
7109,1774271533008164973,1774271533012309467,4144
7110,1774271533014233764,1774271533018425359,4191
7111,1774271533020154715,1774271533024101613,3946
7112,1774271533025945663,1774271533029838717,3893
7113,1774271533031543154,1774271533035514167,3971
7114,1774271533037210231,1774271533041115209,3904
7115,1774271533042861467,1774271533046324061,3462
7116,1774271533048196974,1774271533051982418,3785
7117,1774271533053698274,1774271533057306681,3608
7118,1774271533059145177,1774271533063172774,4027
7119,1774271533064964281,1774271533068720931,3756
7120,1774271533070411480,1774271533073758103,3346
7121,1774271533075422902,1774271533079452281,4029
7122,1774271533081208367,1774271533084912404,3704
7123,1774271533086875799,1774271533090878446,4002
7124,1774271533093112537,1774271533097369678,4257
7125,1774271533099070816,1774271533103132223,4061
7126,1774271533104671520,1774271533108266309,3594
7127,1774271533109927154,1774271533113092650,3165
7128,1774271533114717050,1774271533117810130,3093
7129,1774271533119545762,1774271533122393048,2847
7130,1774271533123975302,1774271533128096264,4120
7131,1774271533129732555,1774271533133719377,3986
7132,1774271533135524302,1774271533139660731,4136
7133,1774271533141494087,1774271533144736262,3242
7134,1774271533146433691,1774271533149658282,3224
7135,1774271533151288603,1774271533155041366,3752
7136,1774271533156656282,1774271533159903691,3247
7137,1774271533161648373,1774271533165790655,4142
7138,1774271533167541677,1774271533171391453,3849
7139,1774271533173122420,1774271533177152048,4029
7140,1774271533179177567,1774271533183335145,4157
7141,1774271533185047770,1774271533189111455,4063
7142,1774271533190877170,1774271533194907368,4030
7143,1774271533196872642,1774271533201013206,4140
7144,1774271533202978731,1774271533207383471,4404
7145,1774271533209104391,1774271533213068295,3963
7146,1774271533215007372,1774271533219304003,4296
7147,1774271533221129966,1774271533225039399,3909
7148,1774271533227041989,1774271533231129943,4087
7149,1774271533232921936,1774271533236968224,4046
7150,1774271533238346111,1774271533242371538,4025
7151,1774271533244035793,1774271533247627614,3591
7152,1774271533249327118,1774271533253434905,4107
7153,1774271533255073857,1774271533259075979,4002
7154,1774271533260765762,1774271533264479220,3713
7155,1774271533266207278,1774271533269457071,3249
7156,1774271533271197112,1774271533275154620,3957
7157,1774271533276741912,1774271533280640478,3898
7158,1774271533282388184,1774271533285895943,3507
7159,1774271533287693240,1774271533292022524,4329
7160,1774271533293746236,1774271533297374625,3628
7161,1774271533299183080,1774271533303487746,4304
7162,1774271533305260876,1774271533308900036,3639
7163,1774271533310594466,1774271533314771291,4176
7164,1774271533316546637,1774271533320228149,3681
7165,1774271533321928628,1774271533325605724,3677
7166,1774271533327337648,1774271533330714157,3376
7167,1774271533332482176,1774271533336021529,3539
7168,1774271533337976984,1774271533341660735,3683
7169,1774271533343308175,1774271533346695528,3387
7170,1774271533348543501,1774271533352509016,3965
7171,1774271533354268040,1774271533357684648,3416
7172,1774271533359562206,1774271533363485998,3923
7173,1774271533365222919,1774271533369193081,3970
7174,1774271533371043210,1774271533374544909,3501
7175,1774271533376197556,1774271533379506197,3308
7176,1774271533381180571,1774271533384326842,3146
7177,1774271533386068461,1774271533389829867,3761
7178,1774271533391344050,1774271533394447303,3103
7179,1774271533395814381,1774271533400191297,4376
7180,1774271533401925977,1774271533406008852,4082
7181,1774271533407498531,1774271533410873672,3375
7182,1774271533412485813,1774271533416106724,3620
7183,1774271533417815557,1774271533421881095,4065
7184,1774271533423557016,1774271533427526845,3969
7185,1774271533429191810,1774271533432702381,3510
7186,1774271533434518867,1774271533438515114,3996
7187,1774271533440102156,1774271533443797583,3695
7188,1774271533445772131,1774271533449702675,3930
7189,1774271533451555316,1774271533455457294,3901
7190,1774271533457567973,1774271533461461543,3893
7191,1774271533463159920,1774271533467523233,4363
7192,1774271533469284517,1774271533472823746,3539
7193,1774271533474655135,1774271533478791473,4136
7194,1774271533480535277,1774271533484189072,3653
7195,1774271533485871426,1774271533490075786,4204
7196,1774271533491934430,1774271533495416471,3482
7197,1774271533497079564,1774271533501035728,3956
7198,1774271533502956165,1774271533506775844,3819
7199,1774271533508460151,1774271533512613207,4153
7200,1774271533514321758,1774271533517686770,3365
7201,1774271533519324278,1774271533522496923,3172
7202,1774271533524190157,1774271533527311164,3121
7203,1774271533529088747,1774271533532322989,3234
7204,1774271533534011048,1774271533537983401,3972
7205,1774271533539582514,1774271533542808271,3225
7206,1774271533544424230,1774271533547405874,2981
7207,1774271533549024900,1774271533552354253,3329
7208,1774271533554025335,1774271533557977909,3952
7209,1774271533559625211,1774271533562771015,3145
7210,1774271533564453803,1774271533568137836,3684
7211,1774271533569733069,1774271533573564738,3831
7212,1774271533575204343,1774271533578490603,3286
7213,1774271533580145053,1774271533583527669,3382
7214,1774271533585175362,1774271533588543782,3368
7215,1774271533590247353,1774271533593618316,3370
7216,1774271533595298804,1774271533598668303,3369
7217,1774271533600292640,1774271533604158578,3865
7218,1774271533605813184,1774271533609533108,3719
7219,1774271533611276277,1774271533614632642,3356
7220,1774271533616382912,1774271533619732542,3349
7221,1774271533621463661,1774271533625405334,3941
7222,1774271533627058018,1774271533630681420,3623
7223,1774271533632304500,1774271533636072407,3767
7224,1774271533637708727,1774271533641539630,3830
7225,1774271533643411875,1774271533647616855,4204
7226,1774271533649470522,1774271533652853672,3383
7227,1774271533654507809,1774271533657655447,3147
7228,1774271533659267145,1774271533663179218,3912
7229,1774271533664789072,1774271533668358845,3569
7230,1774271533670024394,1774271533674041611,4017
7231,1774271533675752438,1774271533679099656,3347
7232,1774271533680719463,1774271533684656157,3936
7233,1774271533686233397,1774271533689513049,3279
7234,1774271533691068226,1774271533695036677,3968
7235,1774271533696746631,1774271533700621410,3874
7236,1774271533702299390,1774271533705807166,3507
7237,1774271533707407719,1774271533711131928,3724
7238,1774271533712763366,1774271533716704532,3941
7239,1774271533718529940,1774271533722510296,3980
7240,1774271533724187599,1774271533728339947,4152
7241,1774271533729982209,1774271533733846482,3864
7242,1774271533735802768,1774271533739718811,3916
7243,1774271533741496557,1774271533745413684,3917
7244,1774271533747131082,1774271533750679025,3547
7245,1774271533752505175,1774271533756560448,4055
7246,1774271533758256190,1774271533761718261,3462
7247,1774271533763544348,1774271533766912234,3367
7248,1774271533768605436,1774271533772543660,3938
7249,1774271533774184214,1774271533777876518,3692
7250,1774271533779600217,1774271533783606850,4006
7251,1774271533785319585,1774271533789409117,4089
7252,1774271533791064344,1774271533794890452,3826
7253,1774271533796627248,1774271533800146359,3519
7254,1774271533801644291,1774271533804843830,3199
7255,1774271533806587887,1774271533809672130,3084
7256,1774271533811172792,1774271533814899951,3727
7257,1774271533816526690,1774271533819511941,2985
7258,1774271533820943204,1774271533825016358,4073
7259,1774271533826716023,1774271533830679346,3963
7260,1774271533832422087,1774271533835608275,3186
7261,1774271533837254733,1774271533841346616,4091
7262,1774271533843160053,1774271533847041590,3881
7263,1774271533848891524,1774271533853026663,4135
7264,1774271533854752754,1774271533858823405,4070
7265,1774271533860507101,1774271533863662122,3155
7266,1774271533865284969,1774271533869436820,4151
7267,1774271533871071781,1774271533874350998,3279
7268,1774271533875981537,1774271533879527071,3545
7269,1774271533881302481,1774271533885403246,4100
7270,1774271533887156462,1774271533891113471,3957
7271,1774271533893034265,1774271533896900836,3866
7272,1774271533898633945,1774271533902719049,4085
7273,1774271533904622195,1774271533908673718,4051
7274,1774271533910328812,1774271533914431121,4102
7275,1774271533916155942,1774271533919839566,3683
7276,1774271533921579665,1774271533926098563,4518
7277,1774271533927844097,1774271533931375574,3531
7278,1774271533933170636,1774271533936697335,3526
7279,1774271533938529917,1774271533942694358,4164
7280,1774271533944526532,1774271533948136425,3609
7281,1774271533949989724,1774271533954307926,4318
7282,1774271533955988417,1774271533959576535,3588
7283,1774271533961389511,1774271533965522956,4133
7284,1774271533967474072,1774271533972121679,4647
7285,1774271533974016920,1774271533977842811,3825
7286,1774271533980031202,1774271533984413719,4382
7287,1774271533986461569,1774271533990094991,3633
7288,1774271533992143803,1774271533996651763,4507
7289,1774271533998476287,1774271534002921688,4445
7290,1774271534004845948,1774271534009268499,4422
7291,1774271534011145679,1774271534015472620,4326
7292,1774271534017462621,1774271534020865972,3403
7293,1774271534022692781,1774271534026546928,3854
7294,1774271534028377549,1774271534031992540,3614
7295,1774271534033817710,1774271534038203450,4385
7296,1774271534040227923,1774271534043838696,3610
7297,1774271534045657240,1774271534049550107,3892
7298,1774271534051500463,1774271534055320884,3820
7299,1774271534057038811,1774271534061134382,4095
7300,1774271534063166003,1774271534067350132,4184
7301,1774271534069160963,1774271534073307303,4146
7302,1774271534075047151,1774271534079010068,3962
7303,1774271534080732678,1774271534084959701,4227
7304,1774271534086685119,1774271534089919545,3234
7305,1774271534091593352,1774271534095810962,4217
7306,1774271534097361663,1774271534101177591,3815
7307,1774271534102875307,1774271534106865183,3989
7308,1774271534108663800,1774271534112691044,4027
7309,1774271534114458737,1774271534118574208,4115
7310,1774271534120567510,1774271534124803818,4236
7311,1774271534126654538,1774271534130826441,4171
7312,1774271534132853886,1774271534136959839,4105
7313,1774271534138816028,1774271534142948270,4132
7314,1774271534144641265,1774271534148588230,3946
7315,1774271534150332844,1774271534154288499,3955
7316,1774271534155947995,1774271534159865005,3917
7317,1774271534161571189,1774271534165411297,3840
7318,1774271534167122781,1774271534170898190,3775
7319,1774271534172625229,1774271534176560060,3934
7320,1774271534178260110,1774271534182406253,4146
7321,1774271534184284581,1774271534188018519,3733
7322,1774271534189714516,1774271534193958413,4243
7323,1774271534195625962,1774271534199563132,3937
7324,1774271534201292790,1774271534205521019,4228
7325,1774271534207226767,1774271534211361911,4135
7326,1774271534213062425,1774271534216465908,3403
7327,1774271534218089609,1774271534222498669,4409
7328,1774271534224051667,1774271534227258597,3206
7329,1774271534228842665,1774271534232497540,3654
7330,1774271534234227613,1774271534238273311,4045
7331,1774271534240032708,1774271534243707492,3674
7332,1774271534245574825,1774271534249046998,3472
7333,1774271534250898289,1774271534255325762,4427
7334,1774271534257250588,1774271534261623606,4373
7335,1774271534263487298,1774271534267671324,4184
7336,1774271534269462979,1774271534273164716,3701
7337,1774271534275103526,1774271534279508963,4405
7338,1774271534281395326,1774271534284939940,3544
7339,1774271534286925277,1774271534291272511,4347
7340,1774271534293177913,1774271534296865098,3687
7341,1774271534298788735,1774271534303151383,4362
7342,1774271534305012256,1774271534308766460,3754
7343,1774271534310632963,1774271534314808641,4175
7344,1774271534316643115,1774271534320499691,3856
7345,1774271534322316835,1774271534326553839,4237
7346,1774271534328298769,1774271534332127121,3828
7347,1774271534334048862,1774271534338290437,4241
7348,1774271534340031710,1774271534344035450,4003
7349,1774271534345795515,1774271534350057935,4262
7350,1774271534351791800,1774271534355245968,3454
7351,1774271534357059115,1774271534360457246,3398
7352,1774271534362210041,1774271534366039408,3829
7353,1774271534367713126,1774271534371832100,4118
7354,1774271534373550773,1774271534377066666,3515
7355,1774271534378758961,1774271534383061001,4302
7356,1774271534384764137,1774271534388844795,4080
7357,1774271534390776117,1774271534395220273,4444
7358,1774271534397014344,1774271534401408130,4393
7359,1774271534403494149,1774271534407663698,4169
7360,1774271534409403320,1774271534413664512,4261
7361,1774271534415567699,1774271534419707389,4139
7362,1774271534421745756,1774271534426028939,4283
7363,1774271534428126038,1774271534432327110,4201
7364,1774271534434314404,1774271534438357305,4042
7365,1774271534440334989,1774271534444133442,3798
7366,1774271534445857324,1774271534449882103,4024
7367,1774271534451773562,1774271534455725380,3951
7368,1774271534457477976,1774271534461459680,3981
7369,1774271534463596780,1774271534467529269,3932
7370,1774271534469231644,1774271534472767660,3536
7371,1774271534474819964,1774271534478326919,3506
7372,1774271534480035640,1774271534484254045,4218
7373,1774271534486110018,1774271534490323291,4213
7374,1774271534492109493,1774271534496263372,4153
7375,1774271534498017679,1774271534501454676,3436
7376,1774271534503143521,1774271534506255721,3112
7377,1774271534507862229,1774271534511601969,3739
7378,1774271534513395720,1774271534516935203,3539
7379,1774271534518508678,1774271534521851139,3342
7380,1774271534523674846,1774271534527725797,4050
7381,1774271534529349560,1774271534533031131,3681
7382,1774271534534887684,1774271534539215931,4328
7383,1774271534540879724,1774271534544681718,3801
7384,1774271534546536673,1774271534549881542,3344
7385,1774271534551616678,1774271534555679563,4062
7386,1774271534557339796,1774271534560732021,3392
7387,1774271534562403103,1774271534566243923,3840
7388,1774271534568351730,1774271534572073152,3721
7389,1774271534573944127,1774271534577954538,4010
7390,1774271534579859933,1774271534583808531,3948
7391,1774271534585731873,1774271534589706541,3974
7392,1774271534591597820,1774271534595675051,4077
7393,1774271534597550590,1774271534601516386,3965
7394,1774271534603185333,1774271534607552209,4366
7395,1774271534609402275,1774271534613451078,4048
7396,1774271534615124023,1774271534618505776,3381
7397,1774271534620299813,1774271534624397635,4097
7398,1774271534626207862,1774271534630124020,3916
7399,1774271534631662089,1774271534635882556,4220
7400,1774271534637561028,1774271534640704461,3143
7401,1774271534642517689,1774271534645751028,3233
7402,1774271534647196337,1774271534650548759,3352
7403,1774271534652146858,1774271534655804939,3658
7404,1774271534657368401,1774271534660444686,3076
7405,1774271534662057621,1774271534665451424,3393
7406,1774271534667204148,1774271534670671844,3467
7407,1774271534672557978,1774271534676527127,3969
7408,1774271534678362471,1774271534681964319,3601
7409,1774271534683823907,1774271534687866519,4042
7410,1774271534689679382,1774271534693161950,3482
7411,1774271534695133901,1774271534699199268,4065
7412,1774271534701046405,1774271534705031732,3985
7413,1774271534707001886,1774271534711366047,4364
7414,1774271534713076576,1774271534716981013,3904
7415,1774271534718737685,1774271534722849332,4111
7416,1774271534724690005,1774271534728751380,4061
7417,1774271534730448473,1774271534734271431,3822
7418,1774271534736329129,1774271534740523522,4194
7419,1774271534742420364,1774271534746107210,3686
7420,1774271534747819988,1774271534751549158,3729
7421,1774271534753254461,1774271534757319713,4065
7422,1774271534758956341,1774271534762781510,3825
7423,1774271534764562053,1774271534768800197,4238
7424,1774271534770314880,1774271534774314621,3999
7425,1774271534775964211,1774271534780129976,4165
7426,1774271534781573749,1774271534785766523,4192
7427,1774271534787516965,1774271534790618516,3101
7428,1774271534792040061,1774271534796012661,3972
7429,1774271534797643610,1774271534801040840,3397
7430,1774271534802717095,1774271534806170215,3453
7431,1774271534807752897,1774271534811373024,3620
7432,1774271534813033200,1774271534817039021,4005
7433,1774271534818767882,1774271534822725281,3957
7434,1774271534824613936,1774271534828252274,3638
7435,1774271534830021330,1774271534833906526,3885
7436,1774271534835719782,1774271534839240469,3520
7437,1774271534841020433,1774271534844975221,3954
7438,1774271534846658657,1774271534850401085,3742
7439,1774271534852153773,1774271534856081470,3927
7440,1774271534857798145,1774271534861429116,3630
7441,1774271534863207709,1774271534866541021,3333
7442,1774271534868200013,1774271534872250762,4050
7443,1774271534874015088,1774271534878046726,4031
7444,1774271534879779529,1774271534883898353,4118
7445,1774271534885675985,1774271534889585230,3909
7446,1774271534891272415,1774271534895260142,3987
7447,1774271534896872418,1774271534900885681,4013
7448,1774271534902579545,1774271534906545571,3966
7449,1774271534907984670,1774271534911898854,3914
7450,1774271534913616512,1774271534917354905,3738
7451,1774271534918993387,1774271534922527190,3533
7452,1774271534924213077,1774271534928281891,4068
7453,1774271534929980405,1774271534933560804,3580
7454,1774271534935329867,1774271534938603911,3274
7455,1774271534940361538,1774271534944342211,3980
7456,1774271534946119920,1774271534950228843,4108
7457,1774271534951911035,1774271534955958884,4047
7458,1774271534957661798,1774271534960858857,3197
7459,1774271534962541719,1774271534966275873,3734
7460,1774271534968073465,1774271534972032802,3959
7461,1774271534973984618,1774271534977879892,3895
7462,1774271534979710384,1774271534983867219,4156
7463,1774271534985634417,1774271534989750176,4115
7464,1774271534991488136,1774271534995489988,4001
7465,1774271534997152992,1774271535001316489,4163
7466,1774271535003089844,1774271535006632860,3543
7467,1774271535008362822,1774271535011713917,3351
7468,1774271535013511403,1774271535017506877,3995
7469,1774271535019193320,1774271535022604064,3410
7470,1774271535024357411,1774271535028640609,4283
7471,1774271535030350679,1774271535033746512,3395
7472,1774271535035318576,1774271535039549651,4231
7473,1774271535041280082,1774271535044996617,3716
7474,1774271535046806063,1774271535050357631,3551
7475,1774271535052058935,1774271535056234333,4175
7476,1774271535058114689,1774271535061594181,3479
7477,1774271535063205602,1774271535066681203,3475
7478,1774271535068404605,1774271535071900469,3495
7479,1774271535073669282,1774271535077779714,4110
7480,1774271535079512536,1774271535083553893,4041
7481,1774271535085235484,1774271535089313633,4078
7482,1774271535091033521,1774271535095083097,4049
7483,1774271535096858146,1774271535100895524,4037
7484,1774271535102710168,1774271535106828114,4117
7485,1774271535108754971,1774271535112692362,3937
7486,1774271535114395777,1774271535117837384,3441
7487,1774271535119629592,1774271535123918677,4289
7488,1774271535125677741,1774271535129625937,3948
7489,1774271535131623138,1774271535135315114,3691
7490,1774271535137014694,1774271535141279410,4264
7491,1774271535142989011,1774271535146706507,3717
7492,1774271535148388058,1774271535151981651,3593
7493,1774271535153557930,1774271535156651180,3093
7494,1774271535158342324,1774271535162371919,4029
7495,1774271535164005458,1774271535168008343,4002
7496,1774271535169761505,1774271535174189682,4428
7497,1774271535175991013,1774271535180080185,4089
7498,1774271535181963116,1774271535186009309,4046
7499,1774271535187761420,1774271535191884820,4123
7500,1774271535193520562,1774271535196773428,3252
7501,1774271535198629947,1774271535202263988,3634
7502,1774271535203875707,1774271535207398105,3522
7503,1774271535209063507,1774271535213236464,4172
7504,1774271535215061270,1774271535219331424,4270
7505,1774271535221051496,1774271535225032882,3981
7506,1774271535227001462,1774271535231415050,4413
7507,1774271535233111723,1774271535237217617,4105
7508,1774271535239125363,1774271535243055697,3930
7509,1774271535244920317,1774271535249084088,4163
7510,1774271535251087037,1774271535254899751,3812
7511,1774271535256675670,1774271535260855662,4179
7512,1774271535262752956,1774271535266822814,4069
7513,1774271535268590642,1774271535272520661,3930
7514,1774271535274524579,1774271535277705148,3180
7515,1774271535279436617,1774271535283195286,3758
7516,1774271535284866814,1774271535288354963,3488
7517,1774271535290007812,1774271535293528206,3520
7518,1774271535295180884,1774271535299170842,3989
7519,1774271535301021217,1774271535304806352,3785
7520,1774271535306602109,1774271535310626904,4024
7521,1774271535312387702,1774271535315672317,3284
7522,1774271535317341515,1774271535320460274,3118
7523,1774271535322280724,1774271535325477693,3196
7524,1774271535327166198,1774271535331167377,4001
7525,1774271535332811518,1774271535335854644,3043
7526,1774271535337081346,1774271535340499214,3417
7527,1774271535342289720,1774271535346443566,4153
7528,1774271535348101201,1774271535351758212,3657
7529,1774271535353468927,1774271535357395292,3926
7530,1774271535359042742,1774271535363078551,4035
7531,1774271535364893096,1774271535368815987,3922
7532,1774271535370624392,1774271535374504914,3880
7533,1774271535376425256,1774271535379864123,3438
7534,1774271535381599613,1774271535385512602,3912
7535,1774271535387547738,1774271535391043915,3496
7536,1774271535392751505,1774271535396682430,3930
7537,1774271535398531127,1774271535401741176,3210
7538,1774271535403366769,1774271535407182799,3816
7539,1774271535408819464,1774271535412271966,3452
7540,1774271535414001594,1774271535417842799,3841
7541,1774271535419481609,1774271535423491796,4010
7542,1774271535425195385,1774271535429265517,4070
7543,1774271535430940136,1774271535434305741,3365
7544,1774271535436016532,1774271535440343262,4326
7545,1774271535441982764,1774271535445936029,3953
7546,1774271535447495624,1774271535451652861,4157
7547,1774271535453299538,1774271535456243214,2943
7548,1774271535457953324,1774271535461339070,3385
7549,1774271535463057426,1774271535466227270,3169
7550,1774271535467913303,1774271535470856521,2943
7551,1774271535472446632,1774271535475767090,3320
7552,1774271535477641923,1774271535481101491,3459
7553,1774271535482849482,1774271535486094616,3245
7554,1774271535487843826,1774271535491874523,4030
7555,1774271535493623182,1774271535497644495,4021
7556,1774271535499391649,1774271535502847161,3455
7557,1774271535504639142,1774271535508716104,4076
7558,1774271535510537065,1774271535514286064,3748
7559,1774271535516024848,1774271535520162014,4137
7560,1774271535521882888,1774271535525713421,3830
7561,1774271535527531579,1774271535531568369,4036
7562,1774271535533255117,1774271535537515514,4260
7563,1774271535539281590,1774271535543407212,4125
7564,1774271535545080200,1774271535549505578,4425
7565,1774271535551185959,1774271535554652034,3466
7566,1774271535556330787,1774271535560336316,4005
7567,1774271535562269366,1774271535565664491,3395
7568,1774271535567333618,1774271535571216462,3882
7569,1774271535572936518,1774271535576921551,3985
7570,1774271535578654799,1774271535582630304,3975
7571,1774271535584492756,1774271535588538076,4045
7572,1774271535590080978,1774271535594234996,4154
7573,1774271535595998745,1774271535599440361,3441
7574,1774271535601173596,1774271535604875749,3702
7575,1774271535606473727,1774271535610133872,3660
7576,1774271535611710448,1774271535615659304,3948
7577,1774271535616753284,1774271535620389464,3636
7578,1774271535622040012,1774271535625414608,3374
7579,1774271535627256962,1774271535631193843,3936
7580,1774271535632902314,1774271535636662192,3759
7581,1774271535638372241,1774271535641899140,3526
7582,1774271535643651891,1774271535647940068,4288
7583,1774271535649757156,1774271535653832997,4075
7584,1774271535655480113,1774271535658747967,3267
7585,1774271535660497930,1774271535664381637,3883
7586,1774271535666019484,1774271535669671043,3651
7587,1774271535671345216,1774271535675113811,3768
7588,1774271535676706737,1774271535680489313,3782
7589,1774271535682112704,1774271535685828066,3715
7590,1774271535687490750,1774271535691295030,3804
7591,1774271535693075245,1774271535696677317,3602
7592,1774271535698479594,1774271535702511534,4031
7593,1774271535704128124,1774271535708217076,4088
7594,1774271535709978384,1774271535713729617,3751
7595,1774271535715410136,1774271535718824766,3414
7596,1774271535720584988,1774271535724617511,4032
7597,1774271535726328703,1774271535730091449,3762
7598,1774271535731705500,1774271535735693003,3987
7599,1774271535737477987,1774271535741496359,4018
7600,1774271535743253522,1774271535746517532,3264
7601,1774271535748134596,1774271535752483213,4348
7602,1774271535754072871,1774271535757733563,3660
7603,1774271535759354575,1774271535763054138,3699
7604,1774271535764664224,1774271535768291458,3627
7605,1774271535770055394,1774271535773425434,3370
7606,1774271535775068496,1774271535778946655,3878
7607,1774271535780584712,1774271535783771174,3186
7608,1774271535785587496,1774271535789582788,3995
7609,1774271535791204151,1774271535794835256,3631
7610,1774271535796493410,1774271535799918330,3424
7611,1774271535801607080,1774271535805527130,3920
7612,1774271535807187972,1774271535810814822,3626
7613,1774271535812505471,1774271535816376886,3871
7614,1774271535818048152,1774271535821961928,3913
7615,1774271535823618604,1774271535827633096,4014
7616,1774271535829332235,1774271535833356312,4024
7617,1774271535835326209,1774271535838716365,3390
7618,1774271535840435084,1774271535843761828,3326
7619,1774271535845531066,1774271535848787085,3256
7620,1774271535850446333,1774271535854529920,4083
7621,1774271535856180837,1774271535860261508,4080
7622,1774271535862006554,1774271535866188631,4182
7623,1774271535867966859,1774271535872093670,4126
7624,1774271535873728916,1774271535876862461,3133
7625,1774271535878448988,1774271535881677038,3228
7626,1774271535883296363,1774271535886528304,3231
7627,1774271535888188462,1774271535891469626,3281
7628,1774271535893078381,1774271535896404791,3326
7629,1774271535897950553,1774271535901433674,3483
7630,1774271535903275337,1774271535907357752,4082
7631,1774271535909187291,1774271535912614183,3426
7632,1774271535914339673,1774271535918536630,4196
7633,1774271535920294184,1774271535924352543,4058
7634,1774271535926507105,1774271535930416075,3908
7635,1774271535932118260,1774271535935611118,3492
7636,1774271535937294397,1774271535940745022,3450
7637,1774271535942331474,1774271535945991589,3660
7638,1774271535947687809,1774271535951766761,4078
7639,1774271535953508019,1774271535956837101,3329
7640,1774271535958511690,1774271535962621097,4109
7641,1774271535964293128,1774271535968184843,3891
7642,1774271535969842539,1774271535973762548,3920
7643,1774271535975586732,1774271535979546874,3960
7644,1774271535981179797,1774271535984585497,3405
7645,1774271535986617826,1774271535990670856,4053
7646,1774271535992353628,1774271535995996804,3643
7647,1774271535997761006,1774271536002174307,4413
7648,1774271536004299228,1774271536007952070,3652
7649,1774271536009577093,1774271536013652748,4075
7650,1774271536015345258,1774271536019426979,4081
7651,1774271536021067064,1774271536024395455,3328
7652,1774271536025977682,1774271536029071793,3094
7653,1774271536030763660,1774271536035050591,4286
7654,1774271536036818108,1774271536040270839,3452
7655,1774271536041917302,1774271536045386304,3469
7656,1774271536047248958,1774271536051280283,4031
7657,1774271536052968277,1774271536056742601,3774
7658,1774271536058526173,1774271536061889588,3363
7659,1774271536063615864,1774271536067661006,4045
7660,1774271536069338194,1774271536072737547,3399
7661,1774271536074618328,1774271536078717405,4099
7662,1774271536080490995,1774271536083946245,3455
7663,1774271536085599893,1774271536089567774,3967
7664,1774271536091325327,1774271536095300748,3975
7665,1774271536097188481,1774271536101389429,4200
7666,1774271536103044090,1774271536106565982,3521
7667,1774271536108520034,1774271536112451086,3931
7668,1774271536114113023,1774271536118084249,3971
7669,1774271536120079355,1774271536124050118,3970
7670,1774271536125840966,1774271536129683725,3842
7671,1774271536131506936,1774271536134778591,3271
7672,1774271536136502137,1774271536139672440,3170
7673,1774271536141307472,1774271536144474503,3167
7674,1774271536146026969,1774271536148986006,2959
7675,1774271536150310562,1774271536153341405,3030
7676,1774271536154857652,1774271536157999988,3142
7677,1774271536159601587,1774271536163435612,3834
7678,1774271536165066225,1774271536168335780,3269
7679,1774271536169931705,1774271536173285848,3354
7680,1774271536174930253,1774271536179051998,4121
7681,1774271536180654995,1774271536184342587,3687
7682,1774271536186071777,1774271536190040866,3969
7683,1774271536191901493,1774271536195810885,3909
7684,1774271536197599815,1774271536201580275,3980
7685,1774271536203432042,1774271536207439004,4006
7686,1774271536209145459,1774271536213163326,4017
7687,1774271536215054320,1774271536218688360,3634
7688,1774271536220429794,1774271536224327963,3898
7689,1774271536226027421,1774271536230348316,4320
7690,1774271536232370228,1774271536236686599,4316
7691,1774271536238972450,1774271536243179031,4206
7692,1774271536244956440,1774271536249177252,4220
7693,1774271536250900307,1774271536254966833,4066
7694,1774271536256644102,1774271536260226320,3582
7695,1774271536261958118,1774271536265831824,3873
7696,1774271536267529946,1774271536271129373,3599
7697,1774271536272880623,1774271536277143228,4262
7698,1774271536278759591,1774271536282725264,3965
7699,1774271536284521453,1774271536287811434,3289
7700,1774271536289295669,1774271536292818705,3523
7701,1774271536294645189,1774271536298030320,3385
7702,1774271536299474251,1774271536302824250,3349
7703,1774271536304310703,1774271536307560231,3249
7704,1774271536309302649,1774271536312692339,3389
7705,1774271536314480370,1774271536318961021,4480
7706,1774271536320825639,1774271536324980928,4155
7707,1774271536326867255,1774271536331162582,4295
7708,1774271536333139283,1774271536337103548,3964
7709,1774271536339076484,1774271536343443407,4366
7710,1774271536345416520,1774271536349230225,3813
7711,1774271536350977059,1774271536355550221,4573
7712,1774271536357626698,1774271536361400638,3773
7713,1774271536363080257,1774271536367456268,4376
7714,1774271536369286812,1774271536373213197,3926
7715,1774271536374987227,1774271536379106663,4119
7716,1774271536380873692,1774271536384829133,3955
7717,1774271536386596953,1774271536390335175,3738
7718,1774271536392001446,1774271536395989053,3987
7719,1774271536397671231,1774271536401375433,3704
7720,1774271536403079849,1774271536407227971,4148
7721,1774271536408816883,1774271536412860143,4043
7722,1774271536414504247,1774271536418824844,4320
7723,1774271536420604027,1774271536423986243,3382
7724,1774271536425653547,1774271536429637373,3983
7725,1774271536431340989,1774271536435503101,4162
7726,1774271536437266776,1774271536441351680,4084
7727,1774271536443110345,1774271536447409026,4298
7728,1774271536449126525,1774271536453191402,4064
7729,1774271536455205161,1774271536459222144,4016
7730,1774271536461368022,1774271536465482674,4114
7731,1774271536467316242,1774271536471382952,4066
7732,1774271536473208646,1774271536477339919,4131
7733,1774271536479536500,1774271536483453666,3917
7734,1774271536485146629,1774271536489323946,4177
7735,1774271536491095678,1774271536495288854,4193
7736,1774271536497125486,1774271536500628064,3502
7737,1774271536502500775,1774271536505826065,3325
7738,1774271536507509273,1774271536511524588,4015
7739,1774271536513184435,1774271536516893432,3708
7740,1774271536518704920,1774271536522904904,4199
7741,1774271536524616331,1774271536528446431,3830
7742,1774271536530121972,1774271536533976049,3854
7743,1774271536535850193,1774271536539959385,4109
7744,1774271536541676011,1774271536545299615,3623
7745,1774271536546880236,1774271536550391597,3511
7746,1774271536552210764,1774271536556379803,4169
7747,1774271536558111945,1774271536560938339,2826
7748,1774271536562573709,1774271536565746999,3173
7749,1774271536567466187,1774271536570601793,3135
7750,1774271536571933596,1774271536576120552,4186
7751,1774271536577693747,1774271536581704680,4010
7752,1774271536583412185,1774271536586608345,3196
7753,1774271536588253703,1774271536592305801,4052
7754,1774271536594054451,1774271536597730730,3676
7755,1774271536599429371,1774271536603477090,4047
7756,1774271536605139507,1774271536608739130,3599
7757,1774271536610670476,1774271536614601601,3931
7758,1774271536616278614,1774271536620113923,3835
7759,1774271536622136554,1774271536625518865,3382
7760,1774271536627177148,1774271536631186698,4009
7761,1774271536632870111,1774271536636790874,3920
7762,1774271536638505401,1774271536642870880,4365
7763,1774271536644602568,1774271536648353278,3750
7764,1774271536650132992,1774271536654342898,4209
7765,1774271536656157401,1774271536659573176,3415
7766,1774271536661602721,1774271536665554312,3951
7767,1774271536667386376,1774271536670670739,3284
7768,1774271536672549086,1774271536676465859,3916
7769,1774271536678241079,1774271536682284731,4043
7770,1774271536684129594,1774271536688168653,4039
7771,1774271536689903169,1774271536693718666,3815
7772,1774271536695474046,1774271536698691965,3217
7773,1774271536700346084,1774271536704380976,4034
7774,1774271536706126048,1774271536709892676,3766
7775,1774271536711644438,1774271536715384472,3740
7776,1774271536717097466,1774271536720909754,3812
7777,1774271536722591864,1774271536726606809,4014
7778,1774271536728169622,1774271536731560619,3390
7779,1774271536733244105,1774271536736617331,3373
7780,1774271536738303949,1774271536742748612,4444
7781,1774271536744576199,1774271536747820304,3244
7782,1774271536749531629,1774271536753424837,3893
7783,1774271536755142630,1774271536758963504,3820
7784,1774271536760838219,1774271536764838487,4000
7785,1774271536766733237,1774271536770664571,3931
7786,1774271536772344148,1774271536776248563,3904
7787,1774271536777910425,1774271536781557395,3646
7788,1774271536783240255,1774271536787198875,3958
7789,1774271536789010784,1774271536792665594,3654
7790,1774271536794522887,1774271536798442263,3919
7791,1774271536800100170,1774271536804182459,4082
7792,1774271536805850223,1774271536809385254,3535
7793,1774271536811171185,1774271536815091945,3920
7794,1774271536816953107,1774271536820656898,3703
7795,1774271536822493816,1774271536826621329,4127
7796,1774271536828266036,1774271536832262689,3996
7797,1774271536833905872,1774271536837979433,4073
7798,1774271536839766849,1774271536843423060,3656
7799,1774271536845134642,1774271536848919606,3784
7800,1774271536850504469,1774271536854011610,3507
7801,1774271536855794438,1774271536858906833,3112
7802,1774271536860518862,1774271536864512877,3994
7803,1774271536866220684,1774271536869495356,3274
7804,1774271536871150318,1774271536875132730,3982
7805,1774271536876990105,1774271536881248853,4258
7806,1774271536883094249,1774271536887333610,4239
7807,1774271536888982145,1774271536893362671,4380
7808,1774271536895000815,1774271536899044582,4043
7809,1774271536900925025,1774271536905325848,4400
7810,1774271536907061524,1774271536911348295,4286
7811,1774271536913258317,1774271536917379084,4120
7812,1774271536919065045,1774271536923018177,3953
7813,1774271536924751549,1774271536928671864,3920
7814,1774271536930415846,1774271536934410798,3994
7815,1774271536936071714,1774271536939421052,3349
7816,1774271536941068014,1774271536944955818,3887
7817,1774271536946636561,1774271536950569567,3933
7818,1774271536952518057,1774271536956402040,3883
7819,1774271536958098515,1774271536962082785,3984
7820,1774271536963753338,1774271536967324363,3571
7821,1774271536969080222,1774271536973184976,4104
7822,1774271536974725183,1774271536978277925,3552
7823,1774271536979914782,1774271536983568425,3653
7824,1774271536985327383,1774271536988570185,3242
7825,1774271536990216702,1774271536994146367,3929
7826,1774271536995999431,1774271537000009308,4009
7827,1774271537001648687,1774271537005731041,4082
7828,1774271537007418930,1774271537011318182,3899
7829,1774271537012935448,1774271537016939744,4004
7830,1774271537018673270,1774271537022733108,4059
7831,1774271537024777203,1774271537028992892,4215
7832,1774271537030682255,1774271537034605408,3923
7833,1774271537036496862,1774271537040584807,4087
7834,1774271537042300610,1774271537046276593,3975
7835,1774271537048081775,1774271537052253671,4171
7836,1774271537053960792,1774271537057902381,3941
7837,1774271537059703241,1774271537064063733,4360
7838,1774271537065707562,1774271537069639598,3932
7839,1774271537071409393,1774271537074768219,3358
7840,1774271537076667606,1774271537080568524,3900
7841,1774271537082302619,1774271537086314408,4011
7842,1774271537088097235,1774271537091839738,3742
7843,1774271537093538904,1774271537096764888,3225
7844,1774271537098745080,1774271537102442441,3697
7845,1774271537104266813,1774271537107978583,3711
7846,1774271537109738470,1774271537113872453,4133
7847,1774271537115400308,1774271537118661724,3261
7848,1774271537120300350,1774271537124430786,4130
7849,1774271537125848733,1774271537129256811,3408
7850,1774271537130972764,1774271537134537103,3564
7851,1774271537136292242,1774271537140471283,4179
7852,1774271537142201457,1774271537145624488,3423
7853,1774271537147379984,1774271537151760172,4380
7854,1774271537153550820,1774271537157243220,3692
7855,1774271537158915930,1774271537162929448,4013
7856,1774271537164637443,1774271537168764564,4127
7857,1774271537170433094,1774271537174386278,3953
7858,1774271537176156499,1774271537180289265,4132
7859,1774271537181936475,1774271537185464356,3527
7860,1774271537187379546,1774271537191584934,4205
7861,1774271537193457062,1774271537196888214,3431
7862,1774271537198621712,1774271537202646783,4025
7863,1774271537204474688,1774271537207792706,3318
7864,1774271537209584909,1774271537213555587,3970
7865,1774271537215235696,1774271537218773126,3537
7866,1774271537220555025,1774271537224672952,4117
7867,1774271537226364045,1774271537230074613,3710
7868,1774271537231879808,1774271537236103779,4223
7869,1774271537237809766,1774271537241669738,3859
7870,1774271537243122423,1774271537246431016,3308
7871,1774271537248159767,1774271537252367019,4207
7872,1774271537254104288,1774271537257972153,3867
7873,1774271537259689892,1774271537263752201,4062
7874,1774271537265005289,1774271537268068655,3063
7875,1774271537269683040,1774271537273657542,3974
7876,1774271537275299032,1774271537278636375,3337
7877,1774271537280315251,1774271537284541230,4225
7878,1774271537286299886,1774271537290113972,3814
7879,1774271537291898452,1774271537296151665,4253
7880,1774271537297993432,1774271537301895557,3902
7881,1774271537303916657,1774271537307781104,3864
7882,1774271537309724598,1774271537313735466,4010
7883,1774271537315766927,1774271537319687850,3920
7884,1774271537321373037,1774271537325463971,4090
7885,1774271537327235258,1774271537331453370,4218
7886,1774271537333181168,1774271537337190924,4009
7887,1774271537339074912,1774271537343115427,4040
7888,1774271537344985166,1774271537349053830,4068
7889,1774271537351081288,1774271537355107883,4026
7890,1774271537356969619,1774271537360817483,3847
7891,1774271537362603151,1774271537366203973,3600
7892,1774271537368015108,1774271537371838175,3823
7893,1774271537373719100,1774271537377703392,3984
7894,1774271537379396442,1774271537382751597,3355
7895,1774271537384596911,1774271537388647466,4050
7896,1774271537390333636,1774271537394360297,4026
7897,1774271537395939940,1774271537399402373,3462
7898,1774271537400935577,1774271537405106051,4170
7899,1774271537406769173,1774271537410674673,3905
7900,1774271537412396242,1774271537416380351,3984
7901,1774271537418164701,1774271537422518046,4353
7902,1774271537424232055,1774271537427584193,3352
7903,1774271537429329787,1774271537432628364,3298
7904,1774271537434580812,1774271537438305695,3724
7905,1774271537439972785,1774271537443704615,3731
7906,1774271537445456908,1774271537448778149,3321
7907,1774271537450490298,1774271537454603856,4113
7908,1774271537456328780,1774271537460006105,3677
7909,1774271537461691161,1774271537465714974,4023
7910,1774271537467418820,1774271537471250744,3831
7911,1774271537473047368,1774271537476921711,3874
7912,1774271537478699158,1774271537482801581,4102
7913,1774271537484562670,1774271537488647858,4085
7914,1774271537490509654,1774271537493740331,3230
7915,1774271537495497287,1774271537498809281,3311
7916,1774271537500618278,1774271537504519824,3901
7917,1774271537506197622,1774271537509404751,3207
7918,1774271537511026870,1774271537515113151,4086
7919,1774271537516706738,1774271537520532434,3825
7920,1774271537522008836,1774271537526099655,4090
7921,1774271537527875181,1774271537532113036,4237
7922,1774271537533839337,1774271537537494362,3655
7923,1774271537539075969,1774271537542442852,3366
7924,1774271537543947740,1774271537546866496,2918
7925,1774271537548548142,1774271537552527419,3979
7926,1774271537554197348,1774271537557476711,3279
7927,1774271537559273626,1774271537563288676,4015
7928,1774271537565126378,1774271537569063452,3937
7929,1774271537570843281,1774271537574805022,3961
7930,1774271537576547231,1774271537580380113,3832
7931,1774271537582179900,1774271537586170430,3990
7932,1774271537588007911,1774271537591869238,3861
7933,1774271537593601260,1774271537597421970,3820
7934,1774271537599120890,1774271537603052280,3931
7935,1774271537604724204,1774271537608269696,3545
7936,1774271537609920679,1774271537613325604,3404
7937,1774271537614871925,1774271537619005821,4133
7938,1774271537620651534,1774271537624435462,3783
7939,1774271537626086159,1774271537629489040,3402
7940,1774271537631262194,1774271537635293800,4031
7941,1774271537637059116,1774271537640852145,3793
7942,1774271537642789526,1774271537646880772,4091
7943,1774271537648682862,1774271537652795082,4112
7944,1774271537654482750,1774271537657522595,3039
7945,1774271537659193282,1774271537662191873,2998
7946,1774271537663890753,1774271537666820419,2929
7947,1774271537668202357,1774271537671668022,3465
7948,1774271537673178382,1774271537677262282,4083
7949,1774271537678987160,1774271537682331777,3344
7950,1774271537684034868,1774271537688148449,4113
7951,1774271537689951474,1774271537693632817,3681
7952,1774271537695403178,1774271537699184839,3781
7953,1774271537700906389,1774271537704345130,3438
7954,1774271537706044055,1774271537709436951,3392
7955,1774271537711142854,1774271537714978889,3836
7956,1774271537716864716,1774271537720751380,3886
7957,1774271537722734802,1774271537726733812,3999
7958,1774271537728497912,1774271537732537012,4039
7959,1774271537734303233,1774271537738396355,4093
7960,1774271537740205091,1774271537744238155,4033
7961,1774271537746100477,1774271537749551234,3450
7962,1774271537751533005,1774271537755590715,4057
7963,1774271537757333242,1774271537761050280,3717
7964,1774271537762773154,1774271537767054651,4281
7965,1774271537768823008,1774271537772696298,3873
7966,1774271537774369204,1774271537777664947,3295
7967,1774271537779221022,1774271537783553352,4332
7968,1774271537785353772,1774271537789505490,4151
7969,1774271537791112665,1774271537794511874,3399
7970,1774271537796149869,1774271537800260977,4111
7971,1774271537802130142,1774271537805236822,3106
7972,1774271537806990740,1774271537810088463,3097
7973,1774271537811626674,1774271537815761397,4134
7974,1774271537817383318,1774271537820997432,3614
7975,1774271537822566789,1774271537825648715,3081
7976,1774271537827257248,1774271537830209340,2952
7977,1774271537831867119,1774271537835972826,4105
7978,1774271537837699615,1774271537841293667,3594
7979,1774271537842945503,1774271537846547931,3602
7980,1774271537848502804,1774271537852528226,4025
7981,1774271537854193308,1774271537858293208,4099
7982,1774271537860107973,1774271537864451333,4343
7983,1774271537866162211,1774271537869681762,3519
7984,1774271537871339550,1774271537875009094,3669
7985,1774271537876917298,1774271537880937575,4020
7986,1774271537882734465,1774271537886703424,3968
7987,1774271537888418353,1774271537891852517,3434
7988,1774271537893734476,1774271537897674044,3939
7989,1774271537899510397,1774271537903577125,4066
7990,1774271537905266001,1774271537909366101,4100
7991,1774271537911303508,1774271537915238020,3934
7992,1774271537916894476,1774271537920802099,3907
7993,1774271537922640426,1774271537926719676,4079
7994,1774271537928497597,1774271537932524155,4026
7995,1774271537934238000,1774271537937467150,3229
7996,1774271537939018977,1774271537942497760,3478
7997,1774271537944125203,1774271537947332034,3206
7998,1774271537948866846,1774271537952201788,3334
7999,1774271537953922644,1774271537958165307,4242
8000,1774271537959804456,1774271537963289177,3484
8001,1774271537965123730,1774271537969163718,4039
8002,1774271537970846164,1774271537974589292,3743
8003,1774271537976271090,1774271537980205699,3934
8004,1774271537981892938,1774271537985396727,3503
8005,1774271537987090693,1774271537991009803,3919
8006,1774271537992654981,1774271537996534635,3879
8007,1774271537998222992,1774271538001593118,3370
8008,1774271538003305206,1774271538006873684,3568
8009,1774271538008721515,1774271538012656734,3935
8010,1774271538014348284,1774271538018270892,3922
8011,1774271538020085533,1774271538023546512,3460
8012,1774271538025149326,1774271538029231784,4082
8013,1774271538031063374,1774271538035159031,4095
8014,1774271538037092385,1774271538041234980,4142
8015,1774271538043059135,1774271538047175767,4116
8016,1774271538049081825,1774271538053137492,4055
8017,1774271538055103236,1774271538059170251,4067
8018,1774271538061058061,1774271538065189440,4131
8019,1774271538066964255,1774271538070586558,3622
8020,1774271538072231784,1774271538075443582,3211
8021,1774271538077056941,1774271538080219118,3162
8022,1774271538081965022,1774271538086164321,4199
8023,1774271538087759494,1774271538091757417,3997
8024,1774271538093369917,1774271538097282176,3912
8025,1774271538099016411,1774271538103035393,4018
8026,1774271538104660909,1774271538108379821,3718
8027,1774271538110181105,1774271538114134926,3953
8028,1774271538116040212,1774271538119532204,3491
8029,1774271538121500413,1774271538124890757,3390
8030,1774271538126584232,1774271538129883913,3299
8031,1774271538131610107,1774271538135238741,3628
8032,1774271538137160844,1774271538140983898,3823
8033,1774271538142751529,1774271538146631094,3879
8034,1774271538148352439,1774271538152257220,3904
8035,1774271538153996827,1774271538158372289,4375
8036,1774271538160184568,1774271538163903198,3718
8037,1774271538165582330,1774271538169467749,3885
8038,1774271538171109892,1774271538175124404,4014
8039,1774271538176921268,1774271538180327910,3406
8040,1774271538182040311,1774271538185516297,3475
8041,1774271538187321203,1774271538190583200,3261
8042,1774271538192260945,1774271538196299352,4038
8043,1774271538197980460,1774271538201132043,3151
8044,1774271538202725092,1774271538206650074,3924
8045,1774271538208231199,1774271538212374476,4143
8046,1774271538214067298,1774271538218265948,4198
8047,1774271538220029356,1774271538223551453,3522
8048,1774271538225187329,1774271538228443496,3256
8049,1774271538230017914,1774271538233772199,3754
8050,1774271538235475145,1774271538238667397,3192
8051,1774271538240332081,1774271538243777765,3445
8052,1774271538245653900,1774271538249563200,3909
8053,1774271538251492777,1774271538256297322,4804
8054,1774271538258257825,1774271538262068918,3811
8055,1774271538263916910,1774271538268027989,4111
8056,1774271538269721752,1774271538274086566,4364
8057,1774271538275979949,1774271538280046844,4066
8058,1774271538281847277,1774271538286038748,4191
8059,1774271538288014930,1774271538292540241,4525
8060,1774271538294534351,1774271538298544913,4010
8061,1774271538300271154,1774271538304370141,4098
8062,1774271538306339779,1774271538310622267,4282
8063,1774271538312394017,1774271538316489601,4095
8064,1774271538318409490,1774271538322448356,4038
8065,1774271538324214038,1774271538328258472,4044
8066,1774271538330229407,1774271538334206069,3976
8067,1774271538336009658,1774271538339272891,3263
8068,1774271538341003837,1774271538345260388,4256
8069,1774271538346939350,1774271538351162106,4222
8070,1774271538352961585,1774271538357160545,4198
8071,1774271538358807386,1774271538362598016,3790
8072,1774271538364285789,1774271538367723132,3437
8073,1774271538369427099,1774271538372842387,3415
8074,1774271538374538514,1774271538378232531,3694
8075,1774271538379931019,1774271538383897356,3966
8076,1774271538385827795,1774271538390084679,4256
8077,1774271538391809437,1774271538395690234,3880
8078,1774271538397394013,1774271538401387490,3993
8079,1774271538403037923,1774271538407341100,4303
8080,1774271538409162847,1774271538412768296,3605
8081,1774271538414788738,1774271538418990019,4201
8082,1774271538420714065,1774271538424391830,3677
8083,1774271538426310365,1774271538430381913,4071
8084,1774271538432105711,1774271538436177297,4071
8085,1774271538437872006,1774271538442048004,4175
8086,1774271538443732422,1774271538447685398,3952
8087,1774271538449430710,1774271538452859925,3429
8088,1774271538454521679,1774271538458532522,4010
8089,1774271538460418006,1774271538464213511,3795
8090,1774271538465902639,1774271538469514554,3611
8091,1774271538471262769,1774271538475601202,4338
8092,1774271538477314589,1774271538480464228,3149
8093,1774271538482076234,1774271538485496406,3420
8094,1774271538487450593,1774271538491039517,3588
8095,1774271538492708260,1774271538496437250,3728
8096,1774271538498124976,1774271538502111043,3986
8097,1774271538503902591,1774271538507175691,3273
8098,1774271538508924557,1774271538512546481,3621
8099,1774271538514248646,1774271538517632071,3383
8100,1774271538519328364,1774271538523344613,4016
8101,1774271538524998201,1774271538528914190,3915
8102,1774271538530590407,1774271538534559707,3969
8103,1774271538536362325,1774271538539638873,3276
8104,1774271538541304608,1774271538545296024,3991
8105,1774271538547233790,1774271538551283168,4049
8106,1774271538553012663,1774271538556769531,3756
8107,1774271538558596624,1774271538562671316,4074
8108,1774271538564322415,1774271538567980149,3657
8109,1774271538569861958,1774271538574098035,4236
8110,1774271538575983039,1774271538579829155,3846
8111,1774271538581565206,1774271538585664684,4099
8112,1774271538587545833,1774271538591416311,3870
8113,1774271538593034698,1774271538596436451,3401
8114,1774271538598214532,1774271538601761097,3546
8115,1774271538603432669,1774271538607488139,4055
8116,1774271538609154173,1774271538612810809,3656
8117,1774271538614664419,1774271538618739350,4074
8118,1774271538620521794,1774271538624494109,3972
8119,1774271538626107757,1774271538629510512,3402
8120,1774271538631281852,1774271538635248628,3966
8121,1774271538636902586,1774271538640110696,3208
8122,1774271538641570789,1774271538645187017,3616
8123,1774271538646975650,1774271538650111110,3135
8124,1774271538651755916,1774271538655377836,3621
8125,1774271538657066134,1774271538660683537,3617
8126,1774271538662358780,1774271538666574114,4215
8127,1774271538668382803,1774271538672171145,3788
8128,1774271538673881253,1774271538677956117,4074
8129,1774271538679645317,1774271538683241338,3596
8130,1774271538684857942,1774271538688712609,3854
8131,1774271538690320567,1774271538694056545,3735
8132,1774271538695647644,1774271538699428624,3780
8133,1774271538701292003,1774271538705170891,3878
8134,1774271538707080231,1774271538710576314,3496
8135,1774271538712231969,1774271538715603964,3371
8136,1774271538717222826,1774271538720596595,3373
8137,1774271538722280594,1774271538726348495,4067
8138,1774271538728023606,1774271538731414564,3390
8139,1774271538733148248,1774271538737144662,3996
8140,1774271538739004129,1774271538742883773,3879
8141,1774271538744581301,1774271538748539901,3958
8142,1774271538750299839,1774271538753638112,3338
8143,1774271538755247154,1774271538759419953,4172
8144,1774271538761120363,1774271538764436862,3316
8145,1774271538766179548,1774271538769971460,3791
8146,1774271538771690954,1774271538775236730,3545
8147,1774271538777019946,1774271538781160209,4140
8148,1774271538782862608,1774271538786398918,3536
8149,1774271538788095715,1774271538792102464,4006
8150,1774271538793914332,1774271538798132752,4218
8151,1774271538799880730,1774271538803742219,3861
8152,1774271538805524884,1774271538809312348,3787
8153,1774271538811182825,1774271538815221709,4038
8154,1774271538816968041,1774271538820367105,3399
8155,1774271538822187029,1774271538826193558,4006
8156,1774271538828031040,1774271538831813209,3782
8157,1774271538833595712,1774271538837147907,3552
8158,1774271538838855441,1774271538842424813,3569
8159,1774271538844227687,1774271538847985388,3757
8160,1774271538849720716,1774271538853727498,4006
8161,1774271538855510143,1774271538858776240,3266
8162,1774271538860469889,1774271538864541978,4072
8163,1774271538866401734,1774271538870383554,3981
8164,1774271538872079737,1774271538876229466,4149
8165,1774271538878095781,1774271538882169600,4073
8166,1774271538883962921,1774271538888050927,4088
8167,1774271538889617639,1774271538893828009,4210
8168,1774271538895515930,1774271538899648098,4132
8169,1774271538901539012,1774271538905454375,3915
8170,1774271538907063350,1774271538910316030,3252
8171,1774271538911992714,1774271538915194032,3201
8172,1774271538916660194,1774271538919911503,3251
8173,1774271538921153539,1774271538924333708,3180
8174,1774271538926038526,1774271538929473413,3434
8175,1774271538931211977,1774271538935200555,3988
8176,1774271538936923531,1774271538940525694,3602
8177,1774271538942161983,1774271538945545778,3383
8178,1774271538947289172,1774271538951351589,4062
8179,1774271538953206849,1774271538956962986,3756
8180,1774271538958744535,1774271538962935768,4191
8181,1774271538965018002,1774271538968915762,3897
8182,1774271538970657396,1774271538974913962,4256
8183,1774271538976656658,1774271538980572966,3916
8184,1774271538982269992,1774271538985683507,3413
8185,1774271538987543116,1774271538991609673,4066
8186,1774271538993305904,1774271538996996819,3690
8187,1774271538998700881,1774271539002695834,3994
8188,1774271539004509987,1774271539008503500,3993
8189,1774271539010203064,1774271539014090972,3887
8190,1774271539015992983,1774271539020036219,4043
8191,1774271539021850525,1774271539025497392,3646
8192,1774271539027074735,1774271539030548535,3473
8193,1774271539032369867,1774271539036602265,4232
8194,1774271539038405918,1774271539042194795,3788
8195,1774271539043851739,1774271539047040992,3189
8196,1774271539048703995,1774271539052927306,4223
8197,1774271539054552410,1774271539058540829,3988
8198,1774271539060188241,1774271539063606810,3418
8199,1774271539065159071,1774271539069164061,4004
8200,1774271539070798017,1774271539075048555,4250
8201,1774271539076987335,1774271539080519873,3532
8202,1774271539082470550,1774271539085980377,3509
8203,1774271539087670377,1774271539090964769,3294
8204,1774271539092831352,1774271539096650908,3819
8205,1774271539098346261,1774271539102024141,3677
8206,1774271539103676394,1774271539107657668,3981
8207,1774271539109357300,1774271539113341914,3984
8208,1774271539115007965,1774271539118987526,3979
8209,1774271539120852626,1774271539125001901,4149
8210,1774271539126712537,1774271539130208813,3496
8211,1774271539132092840,1774271539135571158,3478
8212,1774271539137289577,1774271539141324890,4035
8213,1774271539142988238,1774271539146708889,3720
8214,1774271539148410215,1774271539152024840,3614
8215,1774271539153736982,1774271539157616570,3879
8216,1774271539159184351,1774271539163323703,4139
8217,1774271539164696550,1774271539168123249,3426
8218,1774271539169722475,1774271539173580139,3857
8219,1774271539175136678,1774271539179338993,4202
8220,1774271539181043378,1774271539184288027,3244
8221,1774271539185885900,1774271539189172327,3286
8222,1774271539190833589,1774271539194285143,3451
8223,1774271539196020440,1774271539199434795,3414
8224,1774271539201108444,1774271539204612254,3503
8225,1774271539206228597,1774271539210172602,3944
8226,1774271539212009338,1774271539216059355,4050
8227,1774271539217848505,1774271539221879022,4030
8228,1774271539223671712,1774271539227727552,4055
8229,1774271539229545432,1774271539233240795,3695
8230,1774271539235066119,1774271539239339164,4273
8231,1774271539241379415,1774271539245345137,3965
8232,1774271539247085644,1774271539251407413,4321
8233,1774271539253508444,1774271539257510545,4002
8234,1774271539259199673,1774271539263651559,4451
8235,1774271539265540836,1774271539269533538,3992
8236,1774271539271194992,1774271539275489893,4294
8237,1774271539277379370,1774271539281326872,3947
8238,1774271539283114364,1774271539287397869,4283
8239,1774271539289438100,1774271539293395042,3956
8240,1774271539295053345,1774271539299239487,4186
8241,1774271539301021058,1774271539304268235,3247
8242,1774271539306062236,1774271539309610210,3547
8243,1774271539311275958,1774271539315359276,4083
8244,1774271539316870420,1774271539320587381,3716
8245,1774271539322385674,1774271539326309066,3923
8246,1774271539327952534,1774271539331123687,3171
8247,1774271539332601860,1774271539336794755,4192
8248,1774271539338453563,1774271539341669107,3215
8249,1774271539343246027,1774271539346720397,3474
8250,1774271539348456573,1774271539352417908,3961
8251,1774271539353961620,1774271539357039275,3077
8252,1774271539358714327,1774271539362400570,3686
8253,1774271539364056388,1774271539368162150,4105
8254,1774271539370022308,1774271539373939556,3917
8255,1774271539375735451,1774271539379355205,3619
8256,1774271539381044792,1774271539385394520,4349
8257,1774271539387118311,1774271539390957482,3839
8258,1774271539392757973,1774271539396566479,3808
8259,1774271539398332342,1774271539402208451,3876
8260,1774271539403903883,1774271539407384473,3480
8261,1774271539409113006,1774271539413278997,4165
8262,1774271539414951281,1774271539418986092,4034
8263,1774271539420867664,1774271539425298265,4430
8264,1774271539427107293,1774271539431284749,4177
8265,1774271539433012461,1774271539437399204,4386
8266,1774271539438957901,1774271539443227620,4269
8267,1774271539444892809,1774271539449185688,4292
8268,1774271539450907812,1774271539454119251,3211
8269,1774271539456001678,1774271539459952236,3950
8270,1774271539461658353,1774271539465235736,3577
8271,1774271539466909013,1774271539471159655,4250
8272,1774271539472962677,1774271539476517830,3555
8273,1774271539478184061,1774271539481564052,3379
8274,1774271539483283626,1774271539486731552,3447
8275,1774271539488528009,1774271539492711962,4183
8276,1774271539494490579,1774271539498256958,3766
8277,1774271539499995615,1774271539504536711,4541
8278,1774271539506224351,1774271539510132507,3908
8279,1774271539511832152,1774271539516365709,4533
8280,1774271539518082117,1774271539521919083,3836
8281,1774271539523643453,1774271539527587182,3943
8282,1774271539529305474,1774271539533541781,4236
8283,1774271539535332382,1774271539539526979,4194
8284,1774271539541402337,1774271539545393138,3990
8285,1774271539547098503,1774271539551050273,3951
8286,1774271539553098584,1774271539557343118,4244
8287,1774271539559035322,1774271539562986683,3951
8288,1774271539564919084,1774271539568982567,4063
8289,1774271539570691491,1774271539574544030,3852
8290,1774271539576399230,1774271539579670900,3271
8291,1774271539581567356,1774271539585097143,3529
8292,1774271539586698058,1774271539589686120,2988
8293,1774271539591240807,1774271539594280248,3039
8294,1774271539596057999,1774271539599902251,3844
8295,1774271539601559756,1774271539604538321,2978
8296,1774271539606237382,1774271539610362446,4125
8297,1774271539611958992,1774271539615501195,3542
8298,1774271539617169754,1774271539620533760,3364
8299,1774271539622482038,1774271539626605452,4123
8300,1774271539628295960,1774271539631765345,3469
8301,1774271539633504228,1774271539637688218,4183
8302,1774271539639544090,1774271539643184143,3640
8303,1774271539644964563,1774271539649006597,4042
8304,1774271539651001100,1774271539654898171,3897
8305,1774271539656833053,1774271539660912059,4079
8306,1774271539662653794,1774271539666449747,3795
8307,1774271539668300637,1774271539672181197,3880
8308,1774271539674078566,1774271539677790743,3712
8309,1774271539679494635,1774271539683337801,3843
8310,1774271539685013519,1774271539688495378,3481
8311,1774271539690167456,1774271539693561492,3394
8312,1774271539695233917,1774271539699003938,3770
8313,1774271539700644562,1774271539704740982,4096
8314,1774271539706386662,1774271539710341932,3955
8315,1774271539712120433,1774271539715574718,3454
8316,1774271539717290270,1774271539721452392,4162
8317,1774271539723069596,1774271539726868933,3799
8318,1774271539728662581,1774271539732714159,4051
8319,1774271539734420633,1774271539738516484,4095
8320,1774271539740204938,1774271539743484962,3280
8321,1774271539745162604,1774271539748451985,3289
8322,1774271539750137692,1774271539753419954,3282
8323,1774271539755039675,1774271539758385845,3346
8324,1774271539760147228,1774271539763563132,3415
8325,1774271539765522118,1774271539769016571,3494
8326,1774271539770888270,1774271539775217418,4329
8327,1774271539777095245,1774271539781118057,4022
8328,1774271539783030985,1774271539787545807,4514
8329,1774271539789208337,1774271539793093481,3885
8330,1774271539794932611,1774271539799043390,4110
8331,1774271539801024628,1774271539804930716,3906
8332,1774271539806661088,1774271539810476284,3815
8333,1774271539812256211,1774271539816369531,4113
8334,1774271539818117841,1774271539822047164,3929
8335,1774271539824097348,1774271539828186464,4089
8336,1774271539829947186,1774271539833720618,3773
8337,1774271539835673163,1774271539839815225,4142
8338,1774271539841496936,1774271539845347047,3850
8339,1774271539847148544,1774271539851445132,4296
8340,1774271539853219493,1774271539857299247,4079
8341,1774271539859115264,1774271539862285630,3170
8342,1774271539864034440,1774271539867523718,3489
8343,1774271539869120102,1774271539872788727,3668
8344,1774271539874481935,1774271539878372366,3890
8345,1774271539880027441,1774271539883405678,3378
8346,1774271539884963523,1774271539889058200,4094
8347,1774271539890619767,1774271539894358007,3738
8348,1774271539896101032,1774271539899568392,3467
8349,1774271539901223191,1774271539905138225,3915
8350,1774271539906886473,1774271539911046177,4159
8351,1774271539912801977,1774271539917016473,4214
8352,1774271539918983018,1774271539922602853,3619
8353,1774271539924217259,1774271539928141862,3924
8354,1774271539929816021,1774271539933767998,3951
8355,1774271539935416578,1774271539938741286,3324
8356,1774271539940408133,1774271539944586815,4178
8357,1774271539946480968,1774271539950424766,3943
8358,1774271539952039860,1774271539956125399,4085
8359,1774271539958021637,1774271539961990293,3968
8360,1774271539963745316,1774271539967773472,4028
8361,1774271539969641660,1774271539973480851,3839
8362,1774271539975127056,1774271539978485052,3357
8363,1774271539980170554,1774271539983790348,3619
8364,1774271539985431568,1774271539988742712,3311
8365,1774271539990442119,1774271539994355246,3913
8366,1774271539995788750,1774271539999970720,4181
8367,1774271540001491948,1774271540004661107,3169
8368,1774271540006122806,1774271540009149991,3027
8369,1774271540010577140,1774271540013583011,3005
8370,1774271540015355973,1774271540018814917,3458
8371,1774271540020509509,1774271540023909812,3400
8372,1774271540025556820,1774271540028904815,3347
8373,1774271540030632865,1774271540034723145,4090
8374,1774271540036519219,1774271540040146734,3627
8375,1774271540041963907,1774271540045523060,3559
8376,1774271540047314833,1774271540051482074,4167
8377,1774271540053212984,1774271540056586645,3373
8378,1774271540058360457,1774271540062668817,4308
8379,1774271540064437219,1774271540067881219,3444
8380,1774271540069872278,1774271540073903545,4031
8381,1774271540075881187,1774271540079770103,3888
8382,1774271540081519571,1774271540085415206,3895
8383,1774271540087244083,1774271540091148169,3904
8384,1774271540093112272,1774271540096652825,3540
8385,1774271540098316901,1774271540101767545,3450
8386,1774271540103526678,1774271540107041728,3515
8387,1774271540108909551,1774271540112787978,3878
8388,1774271540114427455,1774271540118068352,3640
8389,1774271540119958102,1774271540124328595,4370
8390,1774271540125955281,1774271540129496306,3541
8391,1774271540131173399,1774271540135242419,4069
8392,1774271540136596656,1774271540140854711,4258
8393,1774271540142548864,1774271540146614993,4066
8394,1774271540148207765,1774271540151541229,3333
8395,1774271540152941413,1774271540156356254,3414
8396,1774271540157996302,1774271540161419255,3422
8397,1774271540163072183,1774271540166607119,3534
8398,1774271540168318898,1774271540172047865,3728
8399,1774271540173679942,1774271540177519227,3839
8400,1774271540179142130,1774271540183048907,3906
8401,1774271540184715261,1774271540188603692,3888
8402,1774271540190253735,1774271540193601314,3347
8403,1774271540195326277,1774271540199329624,4003
8404,1774271540201032229,1774271540204916548,3884
8405,1774271540206727429,1774271540210894147,4166
8406,1774271540212635821,1774271540216795755,4159
8407,1774271540218589163,1774271540222570887,3981
8408,1774271540224252966,1774271540228383340,4130
8409,1774271540230101122,1774271540234057782,3956
8410,1774271540235830328,1774271540239454888,3624
8411,1774271540241288014,1774271540245403450,4115
8412,1774271540247056597,1774271540250556237,3499
8413,1774271540252051508,1774271540256149964,4098
8414,1774271540258021172,1774271540262003249,3982
8415,1774271540263678310,1774271540267286516,3608
8416,1774271540268655343,1774271540272124795,3469
8417,1774271540273936852,1774271540277410062,3473
8418,1774271540278766318,1774271540282793603,4027
8419,1774271540284435320,1774271540287573610,3138
8420,1774271540289340101,1774271540293623140,4283
8421,1774271540295467610,1774271540299688573,4220
8422,1774271540301478215,1774271540304891451,3413
8423,1774271540306720127,1774271540310592154,3872
8424,1774271540312259323,1774271540316501516,4242
8425,1774271540318350955,1774271540322462798,4111
8426,1774271540324137077,1774271540328002037,3864
8427,1774271540329745472,1774271540334157728,4412
8428,1774271540336062210,1774271540340221181,4158
8429,1774271540342029720,1774271540346256199,4226
8430,1774271540348063552,1774271540352116854,4053
8431,1774271540353893785,1774271540357939963,4046
8432,1774271540359710762,1774271540363868036,4157
8433,1774271540365633229,1774271540369522871,3889
8434,1774271540371246197,1774271540374640596,3394
8435,1774271540376342445,1774271540379787393,3444
8436,1774271540381515894,1774271540385618227,4102
8437,1774271540387293361,1774271540390770436,3477
8438,1774271540392619127,1774271540396685135,4066
8439,1774271540398376516,1774271540402235484,3858
8440,1774271540403854880,1774271540407377290,3522
8441,1774271540409022204,1774271540413012785,3990
8442,1774271540414640676,1774271540417973225,3332
8443,1774271540419714141,1774271540422963554,3249
8444,1774271540424665172,1774271540427849127,3183
8445,1774271540429532406,1774271540433405879,3873
8446,1774271540435079308,1774271540438259520,3180
8447,1774271540440031181,1774271540444074941,4043
8448,1774271540445851328,1774271540449865889,4014
8449,1774271540451712654,1774271540455642785,3930
8450,1774271540457387162,1774271540461287659,3900
8451,1774271540462966616,1774271540466983607,4016
8452,1774271540468867756,1774271540472393075,3525
8453,1774271540474535595,1774271540478593996,4058
8454,1774271540480523751,1774271540483935095,3411
8455,1774271540485695683,1774271540489752797,4057
8456,1774271540491607555,1774271540495221319,3613
8457,1774271540496875803,1774271540500736985,3861
8458,1774271540502399723,1774271540506566772,4167
8459,1774271540508261778,1774271540511677896,3416
8460,1774271540513308277,1774271540517493862,4185
8461,1774271540519173658,1774271540523004873,3831
8462,1774271540524662026,1774271540528534591,3872
8463,1774271540530312644,1774271540534292345,3979
8464,1774271540536114311,1774271540540246814,4132
8465,1774271540541877339,1774271540545987730,4110
8466,1774271540547599216,1774271540551194237,3595
8467,1774271540552884131,1774271540556259381,3375
8468,1774271540557893681,1774271540562001075,4107
8469,1774271540563650074,1774271540567435005,3784
8470,1774271540569094972,1774271540572558993,3464
8471,1774271540574307986,1774271540578138316,3830
8472,1774271540579853653,1774271540583673708,3820
8473,1774271540585457285,1774271540589532695,4075
8474,1774271540591273435,1774271540595443806,4170
8475,1774271540597206801,1774271540601283802,4077
8476,1774271540603507161,1774271540607337764,3830
8477,1774271540609077845,1774271540613123295,4045
8478,1774271540615089631,1774271540618541276,3451
8479,1774271540620214496,1774271540623612894,3398
8480,1774271540625285424,1774271540628680645,3395
8481,1774271540630482681,1774271540634447614,3964
8482,1774271540636114765,1774271540639774789,3660
8483,1774271540641418846,1774271540644581211,3162
8484,1774271540646340016,1774271540650509369,4169
8485,1774271540652142750,1774271540655467757,3325
8486,1774271540657098935,1774271540660480016,3381
8487,1774271540662107855,1774271540665523792,3415
8488,1774271540667160822,1774271540671225928,4065
8489,1774271540672860624,1774271540676656093,3795
8490,1774271540678322749,1774271540682490165,4167
8491,1774271540684266454,1774271540687922281,3655
8492,1774271540689464526,1774271540693055787,3591
8493,1774271540694774164,1774271540698382629,3608
8494,1774271540700135498,1774271540704284650,4149
8495,1774271540705982661,1774271540709077774,3095
8496,1774271540710643268,1774271540714163728,3520
8497,1774271540715828162,1774271540719741223,3913
8498,1774271540721523639,1774271540725373544,3849
8499,1774271540727096808,1774271540731191847,4095
8500,1774271540733059480,1774271540737259470,4199
8501,1774271540738992644,1774271540743064664,4072
8502,1774271540744830644,1774271540749095261,4264
8503,1774271540750945692,1774271540754990682,4044
8504,1774271540756648571,1774271540760724652,4076
8505,1774271540762408004,1774271540765597678,3189
8506,1774271540767226087,1774271540770706795,3480
8507,1774271540772549182,1774271540776039558,3490
8508,1774271540777843754,1774271540781993880,4150
8509,1774271540783695938,1774271540787416273,3720
8510,1774271540789286499,1774271540792800324,3513
8511,1774271540794480497,1774271540797768617,3288
8512,1774271540799738100,1774271540803640368,3902
8513,1774271540805313713,1774271540808679703,3365
8514,1774271540810329319,1774271540814384092,4054
8515,1774271540816129058,1774271540819937006,3807
8516,1774271540821596495,1774271540824744212,3147
8517,1774271540826430759,1774271540829450275,3019
8518,1774271540831048590,1774271540834583926,3535
8519,1774271540836195241,1774271540839391298,3196
8520,1774271540841079238,1774271540845171505,4092
8521,1774271540846738993,1774271540849984852,3245
8522,1774271540851591138,1774271540855121162,3530
8523,1774271540856723609,1774271540860676425,3952
8524,1774271540862532318,1774271540865836374,3304
8525,1774271540867585231,1774271540871705300,4120
8526,1774271540873380724,1774271540876643844,3263
8527,1774271540878332768,1774271540882130939,3798
8528,1774271540884028317,1774271540888006406,3978
8529,1774271540889776170,1774271540893589235,3813
8530,1774271540895482160,1774271540899740441,4258
8531,1774271540901517136,1774271540905540433,4023
8532,1774271540907246617,1774271540911955173,4708
8533,1774271540913946733,1774271540917798976,3852
8534,1774271540919513546,1774271540923811968,4298
8535,1774271540925549726,1774271540929518653,3968
8536,1774271540931173895,1774271540935199508,4025
8537,1774271540937080371,1774271540941205954,4125
8538,1774271540942878752,1774271540946510632,3631
8539,1774271540948237068,1774271540952263960,4026
8540,1774271540954003245,1774271540958070498,4067
8541,1774271540959734005,1774271540963788499,4054
8542,1774271540965457505,1774271540969380745,3923
8543,1774271540971058239,1774271540974558051,3499
8544,1774271540976171776,1774271540980302828,4131
8545,1774271540981983230,1774271540985764572,3781
8546,1774271540987292705,1774271540991115356,3822
8547,1774271540992867104,1774271540996488228,3621
8548,1774271540998136572,1774271541002178195,4041
8549,1774271541003953635,1774271541007597513,3643
8550,1774271541009339334,1774271541013189731,3850
8551,1774271541015085063,1774271541018518886,3433
8552,1774271541020183644,1774271541024332779,4149
8553,1774271541026334199,1774271541030272145,3937
8554,1774271541032014989,1774271541036190217,4175
8555,1774271541037935476,1774271541041902620,3967
8556,1774271541043667579,1774271541047641431,3973
8557,1774271541049358749,1774271541052553943,3195
8558,1774271541054441797,1774271541058449419,4007
8559,1774271541060115651,1774271541063449315,3333
8560,1774271541065126997,1774271541068988476,3861
8561,1774271541070622990,1774271541074580959,3957
8562,1774271541076221482,1774271541079802053,3580
8563,1774271541081428298,1774271541084610037,3181
8564,1774271541086248879,1774271541090243809,3994
8565,1774271541091905683,1774271541095436795,3531
8566,1774271541097069662,1774271541101239651,4169
8567,1774271541102855768,1774271541106960746,4104
8568,1774271541108642371,1774271541112003731,3361
8569,1774271541113630654,1774271541116981519,3350
8570,1774271541118697033,1774271541121940108,3243
8571,1774271541123566265,1774271541126631686,3065
8572,1774271541128254586,1774271541131615156,3360
8573,1774271541133355980,1774271541136753931,3397
8574,1774271541138449280,1774271541142593142,4143
8575,1774271541144346474,1774271541147662182,3315
8576,1774271541149368252,1774271541153453974,4085
8577,1774271541155181142,1774271541158745928,3564
8578,1774271541160413173,1774271541163664433,3251
8579,1774271541165527438,1774271541169872804,4345
8580,1774271541171403091,1774271541174548965,3145
8581,1774271541176299209,1774271541180080551,3781
8582,1774271541181729695,1774271541185777625,4047
8583,1774271541187479851,1774271541191377068,3897
8584,1774271541193110421,1774271541196801232,3690
8585,1774271541198604964,1774271541202553262,3948
8586,1774271541204253327,1774271541208410087,4156
8587,1774271541210141813,1774271541213536354,3394
8588,1774271541215237040,1774271541219399713,4162
8589,1774271541221348823,1774271541225368582,4019
8590,1774271541227124944,1774271541231166343,4041
8591,1774271541232769137,1774271541236958683,4189
8592,1774271541238549369,1774271541241727531,3178
8593,1774271541243101442,1774271541246696577,3595
8594,1774271541248438662,1774271541251484739,3046
8595,1774271541252924318,1774271541256408628,3484
8596,1774271541257762682,1774271541261733247,3970
8597,1774271541263417894,1774271541267536367,4118
8598,1774271541269302480,1774271541272741691,3439
8599,1774271541274659372,1774271541278760553,4101
8600,1774271541280626807,1774271541284361518,3734
8601,1774271541286138594,1774271541290058627,3920
8602,1774271541291691773,1774271541295451075,3759
8603,1774271541297436548,1774271541302495247,5058
8604,1774271541304575865,1774271541309725930,5150
8605,1774271541312040793,1774271541317427898,5387
8606,1774271541319595680,1774271541325249286,5653
8607,1774271541327687682,1774271541333702560,6014
8608,1774271541336688200,1774271541342390176,5701
8609,1774271541345231476,1774271541351548257,6316
8610,1774271541354186997,1774271541360539608,6352
8611,1774271541363353448,1774271541369393919,6040
8612,1774271541372132660,1774271541378294929,6162
8613,1774271541380759895,1774271541386822070,6062
8614,1774271541389439885,1774271541395089672,5649
8615,1774271541397370624,1774271541402918794,5548
8616,1774271541405231077,1774271541409791713,4560
8617,1774271541412067773,1774271541417298328,5230
8618,1774271541419409139,1774271541424032680,4623
8619,1774271541426291280,1774271541431213739,4922
8620,1774271541433477834,1774271541438109323,4631
8621,1774271541440182154,1774271541444956441,4774
8622,1774271541447081971,1774271541451237341,4155
8623,1774271541453183800,1774271541457661615,4477
8624,1774271541459583698,1774271541464269299,4685
8625,1774271541466124706,1774271541470067756,3943
8626,1774271541472174735,1774271541476097630,3922
8627,1774271541478013862,1774271541482006352,3992
8628,1774271541484154500,1774271541487947913,3793
8629,1774271541489835652,1774271541493822029,3986
8630,1774271541495724214,1774271541499598431,3874
8631,1774271541501393958,1774271541505338469,3944
8632,1774271541507251849,1774271541511333795,4081
8633,1774271541513109116,1774271541517163237,4054
8634,1774271541518831535,1774271541522275742,3444
8635,1774271541524106931,1774271541528477180,4370
8636,1774271541530176792,1774271541533947752,3770
8637,1774271541535855013,1774271541540269501,4414
8638,1774271541541803180,1774271541545564791,3761
8639,1774271541547307950,1774271541551615124,4307
8640,1774271541553321442,1774271541557101745,3780
8641,1774271541558884518,1774271541563030056,4145
8642,1774271541564861489,1774271541568616655,3755
8643,1774271541570387505,1774271541574559045,4171
8644,1774271541576468099,1774271541580457003,3988
8645,1774271541582363850,1774271541586264220,3900
8646,1774271541588030848,1774271541592315684,4284
8647,1774271541594120749,1774271541598236714,4115
8648,1774271541600022642,1774271541604321891,4299
8649,1774271541606310686,1774271541610377183,4066
8650,1774271541612109231,1774271541616188024,4078
8651,1774271541618077661,1774271541622128865,4051
8652,1774271541624070627,1774271541628317237,4246
8653,1774271541630254682,1774271541634256039,4001
8654,1774271541636128458,1774271541640234908,4106
8655,1774271541642117719,1774271541645834945,3717
8656,1774271541647583049,1774271541651028436,3445
8657,1774271541652837975,1774271541656875566,4037
8658,1774271541658811762,1774271541663049533,4237
8659,1774271541664836425,1774271541668597280,3760
8660,1774271541670528931,1774271541674255382,3726
8661,1774271541675994159,1774271541679413357,3419
8662,1774271541680730480,1774271541684222928,3492
8663,1774271541685707457,1774271541688851957,3144
8664,1774271541690536570,1774271541694758891,4222
8665,1774271541696476612,1774271541700596905,4120
8666,1774271541702362606,1774271541705679451,3316
8667,1774271541707352051,1774271541710737309,3385
8668,1774271541712531519,1774271541715777055,3245
8669,1774271541717504415,1774271541721658784,4154
8670,1774271541723459916,1774271541727246329,3786
8671,1774271541728925944,1774271541732541970,3616
8672,1774271541734197463,1774271541737552961,3355
8673,1774271541739345254,1774271541743546366,4201
8674,1774271541745649361,1774271541749610964,3961
8675,1774271541751331006,1774271541755432948,4101
8676,1774271541757281730,1774271541760966568,3684
8677,1774271541762943112,1774271541766919322,3976
8678,1774271541768851958,1774271541772861283,4009
8679,1774271541774580376,1774271541778343272,3762
8680,1774271541780178330,1774271541784463438,4285
8681,1774271541786260960,1774271541790167463,3906
8682,1774271541792137430,1774271541796508737,4371
8683,1774271541798356289,1774271541802042569,3686
8684,1774271541803557015,1774271541807698941,4141
8685,1774271541809518788,1774271541813449876,3931
8686,1774271541815160852,1774271541818401601,3240
8687,1774271541820099976,1774271541824219234,4119
8688,1774271541825837462,1774271541829971347,4133
8689,1774271541831614760,1774271541834915153,3300
8690,1774271541836603981,1774271541839713583,3109
8691,1774271541841472064,1774271541845450604,3978
8692,1774271541847121568,1774271541850875962,3754
8693,1774271541852543584,1774271541856684318,4140
8694,1774271541858309119,1774271541862078104,3768
8695,1774271541863837115,1774271541867862959,4025
8696,1774271541869455882,1774271541872800858,3344
8697,1774271541874435745,1774271541878364437,3928
8698,1774271541880051577,1774271541883802520,3750
8699,1774271541885458359,1774271541889408486,3950
8700,1774271541891105922,1774271541895218994,4113
8701,1774271541896892622,1774271541901232434,4339
8702,1774271541903048406,1774271541906918948,3870
8703,1774271541908992746,1774271541913213178,4220
8704,1774271541915038713,1774271541919092444,4053
8705,1774271541921059955,1774271541925204100,4144
8706,1774271541926835756,1774271541930720126,3884
8707,1774271541932524106,1774271541935926104,3401
8708,1774271541937687088,1774271541941038482,3351
8709,1774271541942868482,1774271541947056197,4187
8710,1774271541948453517,1774271541951425401,2971
8711,1774271541952776089,1774271541956168082,3391
8712,1774271541957574462,1774271541960586036,3011
8713,1774271541961902257,1774271541966101656,4199
8714,1774271541967772380,1774271541971341875,3569
8715,1774271541972963905,1774271541976874068,3910
8716,1774271541978508629,1774271541982453352,3944
8717,1774271541984135196,1774271541987570038,3434
8718,1774271541989272049,1774271541992733862,3461
8719,1774271541994396424,1774271541997610984,3214
8720,1774271541999241354,1774271542003460802,4219
8721,1774271542005107352,1774271542008858461,3751
8722,1774271542010510079,1774271542013686675,3176
8723,1774271542015480584,1774271542019570861,4090
8724,1774271542021355035,1774271542025209194,3854
8725,1774271542027084768,1774271542031487092,4402
8726,1774271542033350598,1774271542037277634,3927
8727,1774271542039109716,1774271542043190215,4080
8728,1774271542044896626,1774271542048601332,3704
8729,1774271542050292646,1774271542053798943,3506
8730,1774271542055504250,1774271542059215724,3711
8731,1774271542060816406,1774271542064618481,3802
8732,1774271542066273511,1774271542069532187,3258
8733,1774271542071148081,1774271542075230698,4082
8734,1774271542076952352,1774271542080073114,3120
8735,1774271542081760509,1774271542085910505,4149
8736,1774271542087605293,1774271542091669753,4064
8737,1774271542093280313,1774271542097349356,4069
8738,1774271542098983737,1774271542103064682,4080
8739,1774271542104582677,1774271542108216243,3633
8740,1774271542109965635,1774271542113530190,3564
8741,1774271542115240731,1774271542118559158,3318
8742,1774271542120313520,1774271542124442857,4129
8743,1774271542126115050,1774271542130328116,4213
8744,1774271542132029261,1774271542136170954,4141
8745,1774271542137880177,1774271542141986025,4105
8746,1774271542143749101,1774271542147815138,4066
8747,1774271542149464853,1774271542153121382,3656
8748,1774271542155091639,1774271542159359852,4268
8749,1774271542161092532,1774271542165120838,4028
8750,1774271542167078602,1774271542170950220,3871
8751,1774271542172575540,1774271542176480891,3905
8752,1774271542178020824,1774271542181385251,3364
8753,1774271542183058251,1774271542186424024,3365
8754,1774271542188042961,1774271542191769065,3726
8755,1774271542193716341,1774271542197572719,3856
8756,1774271542199227999,1774271542203096640,3868
8757,1774271542204962066,1774271542209089177,4127
8758,1774271542210809733,1774271542214903753,4094
8759,1774271542216403028,1774271542220507094,4104
8760,1774271542222208006,1774271542226229708,4021
8761,1774271542227949930,1774271542232092796,4142
8762,1774271542233773098,1774271542237077896,3304
8763,1774271542238792526,1774271542241897384,3104
8764,1774271542243511358,1774271542247264864,3753
8765,1774271542248958590,1774271542252885691,3927
8766,1774271542254603167,1774271542258577652,3974
8767,1774271542260255147,1774271542264369357,4114
8768,1774271542266138117,1774271542269697183,3559
8769,1774271542271567963,1774271542275778011,4210
8770,1774271542277493094,1774271542281172805,3679
8771,1774271542283061482,1774271542288067748,5006
8772,1774271542289907150,1774271542294261933,4354
8773,1774271542296087109,1774271542299738271,3651
8774,1774271542301553082,1774271542305080267,3527
8775,1774271542306798507,1774271542310748829,3950
8776,1774271542312544028,1774271542316643544,4099
8777,1774271542318286248,1774271542322115984,3829
8778,1774271542324086667,1774271542328149583,4062
8779,1774271542329929131,1774271542333745116,3815
8780,1774271542335645887,1774271542339712841,4066
8781,1774271542341445583,1774271542345377284,3931
8782,1774271542347124033,1774271542350936846,3812
8783,1774271542352751860,1774271542356347125,3595
8784,1774271542358064051,1774271542361468243,3404
8785,1774271542362959571,1774271542366373069,3413
8786,1774271542368258173,1774271542372256193,3998
8787,1774271542373941578,1774271542377601267,3659
8788,1774271542379121000,1774271542382850604,3729
8789,1774271542384622288,1774271542388328989,3706
8790,1774271542390018616,1774271542394041917,4023
8791,1774271542395794782,1774271542399334251,3539
8792,1774271542400999573,1774271542405060836,4061
8793,1774271542406753068,1774271542410585542,3832
8794,1774271542412278261,1774271542415858316,3580
8795,1774271542417564297,1774271542421738163,4173
8796,1774271542423557828,1774271542427223029,3665
8797,1774271542428916971,1774271542433061673,4144
8798,1774271542434876279,1774271542438742599,3866
8799,1774271542440456676,1774271542444315327,3858
8800,1774271542446084363,1774271542450216892,4132
8801,1774271542451960704,1774271542455743078,3782
8802,1774271542457525066,1774271542460844487,3319
8803,1774271542462599058,1774271542466511108,3912
8804,1774271542468159102,1774271542471956844,3797
8805,1774271542473796655,1774271542477748469,3951
8806,1774271542479480684,1774271542483473924,3993
8807,1774271542485399221,1774271542488565383,3166
8808,1774271542490154028,1774271542493312444,3158
8809,1774271542495083490,1774271542499236982,4153
8810,1774271542500709045,1774271542504543531,3834
8811,1774271542506141425,1774271542509369899,3228
8812,1774271542510770207,1774271542514766663,3996
8813,1774271542516520578,1774271542520436803,3916
8814,1774271542521993663,1774271542525511434,3517
8815,1774271542527111245,1774271542531195775,4084
8816,1774271542532982621,1774271542536542710,3560
8817,1774271542538271095,1774271542541722990,3451
8818,1774271542543379006,1774271542547074908,3695
8819,1774271542548722530,1774271542552553978,3831
8820,1774271542554143186,1774271542557544816,3401
8821,1774271542559125187,1774271542563067734,3942
8822,1774271542564831483,1774271542568661012,3829
8823,1774271542570316115,1774271542573551797,3235
8824,1774271542575238228,1774271542579524800,4286
8825,1774271542581350103,1774271542585073820,3723
8826,1774271542586798670,1774271542590817517,4018
8827,1774271542592688579,1774271542596567490,3878
8828,1774271542598324700,1774271542602012643,3687
8829,1774271542604051537,1774271542608285684,4234
8830,1774271542609944676,1774271542613668354,3723
8831,1774271542615345168,1774271542619197866,3852
8832,1774271542620970256,1774271542625269996,4299
8833,1774271542627066934,1774271542631230145,4163
8834,1774271542632884605,1774271542636076202,3191
8835,1774271542637853392,1774271542642071794,4218
8836,1774271542643605545,1774271542647612498,4006
8837,1774271542649260170,1774271542652402642,3142
8838,1774271542653893555,1774271542657558163,3664
8839,1774271542659203471,1774271542662477766,3274
8840,1774271542664090913,1774271542667927979,3837
8841,1774271542669604176,1774271542673824202,4220
8842,1774271542675555180,1774271542679593195,4038
8843,1774271542681423458,1774271542685459736,4036
8844,1774271542687145991,1774271542691544138,4398
8845,1774271542693363282,1774271542697501333,4138
8846,1774271542699295175,1774271542702734274,3439
8847,1774271542704656948,1774271542708842269,4185
8848,1774271542710750930,1774271542714674586,3923
8849,1774271542716598546,1774271542720235024,3636
8850,1774271542721979975,1774271542725737911,3757
8851,1774271542727538612,1774271542731231861,3693
8852,1774271542733043626,1774271542737134870,4091
8853,1774271542738960793,1774271542742988120,4027
8854,1774271542744729593,1774271542748653568,3923
8855,1774271542750256725,1774271542753722608,3465
8856,1774271542755607347,1774271542759657975,4050
8857,1774271542761652936,1774271542764743888,3090
8858,1774271542766474268,1774271542770489084,4014
8859,1774271542772196383,1774271542775588762,3392
8860,1774271542776988498,1774271542781138355,4149
8861,1774271542782948177,1774271542787141298,4193
8862,1774271542788644124,1774271542792208642,3564
8863,1774271542793837145,1774271542797879251,4042
8864,1774271542799464008,1774271542803489395,4025
8865,1774271542805200643,1774271542808533065,3332
8866,1774271542810174750,1774271542813682882,3508
8867,1774271542815382223,1774271542819583913,4201
8868,1774271542821276281,1774271542824895059,3618
8869,1774271542826609061,1774271542830695308,4086
8870,1774271542832408496,1774271542836238103,3829
8871,1774271542837950124,1774271542841665540,3715
8872,1774271542843570768,1774271542847565230,3994
8873,1774271542849205860,1774271542852953579,3747
8874,1774271542854601683,1774271542858644084,4042
8875,1774271542860553989,1774271542864524208,3970
8876,1774271542866211187,1774271542869641304,3430
8877,1774271542871292513,1774271542874585214,3292
8878,1774271542876300339,1774271542880348526,4048
8879,1774271542882029537,1774271542886128595,4099
8880,1774271542888018606,1774271542892166579,4147
8881,1774271542893858816,1774271542897265421,3406
8882,1774271542899000790,1774271542903051232,4050
8883,1774271542904766996,1774271542907958029,3191
8884,1774271542909666037,1774271542913057601,3391
8885,1774271542914658355,1774271542917999962,3341
8886,1774271542919718983,1774271542923326838,3607
8887,1774271542925011175,1774271542928178331,3167
8888,1774271542929942785,1774271542933547140,3604
8889,1774271542935264930,1774271542939288601,4023
8890,1774271542940986136,1774271542944797705,3811
8891,1774271542946488736,1774271542949794911,3306
8892,1774271542951443315,1774271542954719169,3275
8893,1774271542956526091,1774271542960602043,4075
8894,1774271542962294499,1774271542965583925,3289
8895,1774271542967240214,1774271542971460443,4220
8896,1774271542973281850,1774271542977203310,3921
8897,1774271542978866866,1774271542982846976,3980
8898,1774271542984525848,1774271542988540852,4015
8899,1774271542990201068,1774271542993499684,3298
8900,1774271542995123212,1774271542998470249,3347
8901,1774271543000089551,1774271543003469877,3380
8902,1774271543005113547,1774271543009116037,4002
8903,1774271543010723761,1774271543014537372,3813
8904,1774271543016364045,1774271543020298647,3934
8905,1774271543021895489,1774271543025706642,3811
8906,1774271543027540643,1774271543031305808,3765
8907,1774271543032976307,1774271543037153208,4176
8908,1774271543038753743,1774271543042354059,3600
8909,1774271543044074019,1774271543047938239,3864
8910,1774271543049438316,1774271543053501244,4062
8911,1774271543055178733,1774271543058532469,3353
8912,1774271543060176461,1774271543064350121,4173
8913,1774271543066060841,1774271543069194272,3133
8914,1774271543070710318,1774271543074673378,3963
8915,1774271543076423973,1774271543079635571,3211
8916,1774271543081519205,1774271543085606780,4087
8917,1774271543087412851,1774271543091270898,3858
8918,1774271543093088616,1774271543097189688,4101
8919,1774271543098892983,1774271543102692499,3799
8920,1774271543104356135,1774271543107701970,3345
8921,1774271543109440893,1774271543113303419,3862
8922,1774271543115107165,1774271543118507060,3399
8923,1774271543120171493,1774271543123909538,3738
8924,1774271543125607398,1774271543129736808,4129
8925,1774271543131486725,1774271543135333312,3846
8926,1774271543137013086,1774271543141238242,4225
8927,1774271543143213197,1774271543146588307,3375
8928,1774271543148230728,1774271543151929315,3698
8929,1774271543153674025,1774271543157335001,3660
8930,1774271543159010192,1774271543162898931,3888
8931,1774271543164598048,1774271543167829414,3231
8932,1774271543169513781,1774271543173427587,3913
8933,1774271543175147361,1774271543178285015,3137
8934,1774271543179601073,1774271543182697341,3096
8935,1774271543184051007,1774271543187395875,3344
8936,1774271543188878274,1774271543192721446,3843
8937,1774271543194488819,1774271543198464423,3975
8938,1774271543200015680,1774271543203415322,3399
8939,1774271543205057375,1774271543209436651,4379
8940,1774271543211126478,1774271543214863596,3737
8941,1774271543216566013,1774271543220310785,3744
8942,1774271543221980484,1774271543225935411,3954
8943,1774271543227757877,1774271543231833382,4075
8944,1774271543233614734,1774271543237679368,4064
8945,1774271543239531580,1774271543243595999,4064
8946,1774271543245425118,1774271543249504573,4079
8947,1774271543251604689,1774271543255694066,4089
8948,1774271543257488284,1774271543261440462,3952
8949,1774271543263616847,1774271543267609617,3992
8950,1774271543269467002,1774271543272900367,3433
8951,1774271543274825967,1774271543278775857,3949
8952,1774271543280591725,1774271543284145391,3553
8953,1774271543285889654,1774271543289576518,3686
8954,1774271543291384440,1774271543295437613,4053
8955,1774271543297100894,1774271543301113680,4012
8956,1774271543302930600,1774271543307027079,4096
8957,1774271543308821073,1774271543313154700,4333
8958,1774271543314849185,1774271543318967511,4118
8959,1774271543320731764,1774271543324362786,3631
8960,1774271543326080418,1774271543330212933,4132
8961,1774271543332003090,1774271543335481793,3478
8962,1774271543337132200,1774271543341217805,4085
8963,1774271543342563730,1774271543346563134,3999
8964,1774271543348212834,1774271543351542897,3330
8965,1774271543353155018,1774271543356495021,3340
8966,1774271543358207617,1774271543361589803,3382
8967,1774271543363284702,1774271543367392241,4107
8968,1774271543369147981,1774271543373065318,3917
8969,1774271543374926780,1774271543378970148,4043
8970,1774271543380747469,1774271543385068772,4321
8971,1774271543386732298,1774271543390896483,4164
8972,1774271543392589147,1774271543395768827,3179
8973,1774271543397422112,1774271543400973908,3551
8974,1774271543402960217,1774271543406965693,4005
8975,1774271543408646309,1774271543412318125,3671
8976,1774271543414156230,1774271543418468054,4311
8977,1774271543420232358,1774271543423709208,3476
8978,1774271543425632485,1774271543429707156,4074
8979,1774271543431440597,1774271543435267470,3826
8980,1774271543437165942,1774271543441472700,4306
8981,1774271543443144734,1774271543447065644,3920
8982,1774271543448723550,1774271543451710843,2987
8983,1774271543453480865,1774271543457535810,4054
8984,1774271543459118769,1774271543463152019,4033
8985,1774271543464686560,1774271543468202411,3515
8986,1774271543469860045,1774271543473589256,3729
8987,1774271543475287132,1774271543478640694,3353
8988,1774271543480325150,1774271543484194224,3869
8989,1774271543485896162,1774271543489352852,3456
8990,1774271543490920407,1774271543494738115,3817
8991,1774271543496410413,1774271543499559532,3149
8992,1774271543501230700,1774271543505386236,4155
8993,1774271543507081746,1774271543510814794,3733
8994,1774271543512419416,1774271543515673356,3253
8995,1774271543517323669,1774271543521307130,3983
8996,1774271543522938129,1774271543526607019,3668
8997,1774271543528244095,1774271543532052226,3808
8998,1774271543533803877,1774271543538093242,4289
8999,1774271543539875097,1774271543543593647,3718
9000,1774271543545309323,1774271543549239933,3930
9001,1774271543550952947,1774271543554684418,3731
9002,1774271543556341108,1774271543559561974,3220
9003,1774271543561329914,1774271543564585463,3255
9004,1774271543566209030,1774271543570139175,3930
9005,1774271543571812388,1774271543575315804,3503
9006,1774271543577089135,1774271543581206328,4117
9007,1774271543582869800,1774271543586788693,3918
9008,1774271543588587610,1774271543592652286,4064
9009,1774271543594333732,1774271543597424701,3090
9010,1774271543598765230,1774271543602753976,3988
9011,1774271543604254838,1774271543607334183,3079
9012,1774271543608904541,1774271543613121077,4216
9013,1774271543614765879,1774271543618177855,3411
9014,1774271543619840721,1774271543622970870,3130
9015,1774271543624580141,1774271543627675447,3095
9016,1774271543629299091,1774271543633351720,4052
9017,1774271543635287549,1774271543639099795,3812
9018,1774271543640851269,1774271543644992789,4141
9019,1774271543646772827,1774271543650360764,3587
9020,1774271543652068418,1774271543656267435,4199
9021,1774271543658141414,1774271543661997522,3856
9022,1774271543663872154,1774271543667957485,4085
9023,1774271543669854979,1774271543674088061,4233
9024,1774271543675937985,1774271543680003015,4065
9025,1774271543682047344,1774271543686195415,4148
9026,1774271543688006538,1774271543692169282,4162
9027,1774271543694003705,1774271543697713153,3709
9028,1774271543699611123,1774271543703651832,4040
9029,1774271543705586829,1774271543708856951,3270
9030,1774271543710813258,1774271543714751032,3937
9031,1774271543716484613,1774271543720109460,3624
9032,1774271543721750159,1774271543725984157,4233
9033,1774271543727741284,1774271543731183621,3442
9034,1774271543732833443,1774271543736158093,3324
9035,1774271543737759917,1774271543741795297,4035
9036,1774271543743435431,1774271543747361173,3925
9037,1774271543748978291,1774271543752475261,3496
9038,1774271543754157757,1774271543757591034,3433
9039,1774271543759281530,1774271543763425727,4144
9040,1774271543765061880,1774271543768509983,3448
9041,1774271543770173377,1774271543774153071,3979
9042,1774271543775926899,1774271543779643974,3717
9043,1774271543781290947,1774271543785133388,3842
9044,1774271543786823198,1774271543790862291,4039
9045,1774271543792838497,1774271543796886157,4047
9046,1774271543798590886,1774271543802590242,3999
9047,1774271543804226023,1774271543807671063,3445
9048,1774271543809285496,1774271543813288505,4003
9049,1774271543815169842,1774271543818509946,3340
9050,1774271543820189388,1774271543824117308,3927
9051,1774271543825920463,1774271543829889648,3969
9052,1774271543831768818,1774271543835727742,3958
9053,1774271543837539566,1774271543841381623,3842
9054,1774271543843128895,1774271543847105143,3976
9055,1774271543848803404,1774271543852986024,4182
9056,1774271543854738854,1774271543858761355,4022
9057,1774271543860533918,1774271543863752165,3218
9058,1774271543865467696,1774271543869002725,3535
9059,1774271543870477296,1774271543874032264,3554
9060,1774271543875669086,1774271543878648919,2979
9061,1774271543880310588,1774271543883973606,3663
9062,1774271543885583922,1774271543888881165,3297
9063,1774271543890547041,1774271543893663949,3116
9064,1774271543895313081,1774271543898967348,3654
9065,1774271543900570479,1774271543903614450,3043
9066,1774271543905266713,1774271543909416719,4150
9067,1774271543911134745,1774271543915366056,4231
9068,1774271543917078878,1774271543921027776,3948
9069,1774271543922736771,1774271543926703852,3967
9070,1774271543928529724,1774271543932613218,4083
9071,1774271543934358474,1774271543938305886,3947
9072,1774271543940102062,1774271543944078909,3976
9073,1774271543945780359,1774271543949622827,3842
9074,1774271543951392069,1774271543955323963,3931
9075,1774271543956969608,1774271543960693622,3724
9076,1774271543962475177,1774271543965640892,3165
9077,1774271543967324130,1774271543971359220,4035
9078,1774271543972973605,1774271543976483282,3509
9079,1774271543978117732,1774271543981436152,3318
9080,1774271543983146077,1774271543987237668,4091
9081,1774271543988863498,1774271543992578120,3714
9082,1774271543994228390,1774271543998196093,3967
9083,1774271543999742351,1774271544003779172,4036
9084,1774271544005540319,1774271544009128048,3587
9085,1774271544010841654,1774271544014033592,3191
9086,1774271544015458836,1774271544019076667,3617
9087,1774271544020509343,1774271544023708595,3199
9088,1774271544025252561,1774271544028488002,3235
9089,1774271544030344382,1774271544033598954,3254
9090,1774271544035189645,1774271544038662725,3473
9091,1774271544040296183,1774271544044843951,4547
9092,1774271544046788694,1774271544050673248,3884
9093,1774271544052507607,1774271544055973027,3465
9094,1774271544057773939,1774271544061790731,4016
9095,1774271544063551367,1774271544067284092,3732
9096,1774271544069115946,1774271544073335928,4219
9097,1774271544075067214,1774271544079394063,4326
9098,1774271544081179439,1774271544085170735,3991
9099,1774271544087110281,1774271544091348011,4237
9100,1774271544093325991,1774271544097228250,3902
9101,1774271544099078415,1774271544103104873,4026
9102,1774271544104901806,1774271544108860265,3958
9103,1774271544110815944,1774271544114985676,4169
9104,1774271544116728498,1774271544120718208,3989
9105,1774271544122768492,1774271544126745061,3976
9106,1774271544128502799,1774271544132549970,4047
9107,1774271544134456406,1774271544138936757,4480
9108,1774271544140818979,1774271544144464083,3645
9109,1774271544146092436,1774271544149362145,3269
9110,1774271544150860010,1774271544155290268,4430
9111,1774271544157080982,1774271544161242307,4161
9112,1774271544163088146,1774271544166557858,3469
9113,1774271544168295839,1774271544171371221,3075
9114,1774271544173052224,1774271544177596165,4543
9115,1774271544179253540,1774271544182696008,3442
9116,1774271544184234611,1774271544188171530,3936
9117,1774271544189884909,1774271544193837159,3952
9118,1774271544195638279,1774271544200031656,4393
9119,1774271544201881223,1774271544205996126,4114
9120,1774271544207800413,1774271544212010056,4209
9121,1774271544213870910,1774271544217931762,4060
9122,1774271544219824485,1774271544224012670,4188
9123,1774271544225793534,1774271544229388487,3594
9124,1774271544231223630,1774271544234776592,3552
9125,1774271544236517062,1774271544240596392,4079
9126,1774271544242451535,1774271544246088130,3636
9127,1774271544248058556,1774271544251971880,3913
9128,1774271544253967279,1774271544258206372,4239
9129,1774271544260242233,1774271544263737885,3495
9130,1774271544265503788,1774271544268808182,3304
9131,1774271544270526679,1774271544273962091,3435
9132,1774271544275695512,1774271544279569401,3873
9133,1774271544281285798,1774271544285044538,3758
9134,1774271544286939398,1774271544291156698,4217
9135,1774271544292850042,1774271544297090514,4240
9136,1774271544298742683,1774271544303196847,4454
9137,1774271544304805188,1774271544309350654,4545
9138,1774271544311135729,1774271544315402461,4266
9139,1774271544317209670,1774271544321438619,4228
9140,1774271544323122720,1774271544326921176,3798
9141,1774271544328749880,1774271544332506093,3756
9142,1774271544334352457,1774271544338539910,4187
9143,1774271544340321730,1774271544344323017,4001
9144,1774271544346051070,1774271544350226513,4175
9145,1774271544352002354,1774271544356119480,4117
9146,1774271544358029992,1774271544362133170,4103
9147,1774271544364055602,1774271544367908578,3852
9148,1774271544369738559,1774271544373993383,4254
9149,1774271544375992186,1774271544380081359,4089
9150,1774271544381898100,1774271544385490865,3592
9151,1774271544387455910,1774271544391704741,4248
9152,1774271544393520017,1774271544397769905,4249
9153,1774271544399523332,1774271544403513294,3989
9154,1774271544405239710,1774271544408769047,3529
9155,1774271544410608922,1774271544414751736,4142
9156,1774271544416669481,1774271544420357168,3687
9157,1774271544422048713,1774271544426079263,4030
9158,1774271544427776387,1774271544431678408,3902
9159,1774271544433269919,1774271544437180274,3910
9160,1774271544438954979,1774271544442229562,3274
9161,1774271544443687880,1774271544448046004,4358
9162,1774271544449748599,1774271544453605264,3856
9163,1774271544455418594,1774271544459650339,4231
9164,1774271544461356274,1774271544465701279,4345
9165,1774271544467533750,1774271544471194226,3660
9166,1774271544472923860,1774271544477141707,4217
9167,1774271544479094202,1774271544482592378,3498
9168,1774271544484688569,1774271544488652531,3963
9169,1774271544490525471,1774271544494133216,3607
9170,1774271544496132253,1774271544500367387,4235
9171,1774271544502184978,1774271544505533623,3348
9172,1774271544507572163,1774271544511603795,4031
9173,1774271544513344277,1774271544516781505,3437
9174,1774271544518675630,1774271544522288636,3613
9175,1774271544523943186,1774271544527668708,3725
9176,1774271544529323746,1774271544532531193,3207
9177,1774271544534187027,1774271544538143585,3956
9178,1774271544540034299,1774271544544231217,4196
9179,1774271544546157513,1774271544550170878,4013
9180,1774271544551816868,1774271544555592398,3775
9181,1774271544556998107,1774271544561181877,4183
9182,1774271544562812665,1774271544566907644,4094
9183,1774271544568523162,1774271544572762742,4239
9184,1774271544574530861,1774271544577802671,3271
9185,1774271544579552093,1774271544582697932,3145
9186,1774271544584371297,1774271544588516254,4144
9187,1774271544590131152,1774271544594026769,3895
9188,1774271544595863420,1774271544600000379,4136
9189,1774271544601761729,1774271544605603782,3842
9190,1774271544607338305,1774271544611584875,4246
9191,1774271544613270142,1774271544616754710,3484
9192,1774271544618618544,1774271544622732742,4114
9193,1774271544624673540,1774271544628377093,3703
9194,1774271544630240916,1774271544634295656,4054
9195,1774271544636397294,1774271544640547943,4150
9196,1774271544642328501,1774271544646436461,4107
9197,1774271544648100644,1774271544652216489,4115
9198,1774271544653856032,1774271544658067330,4211
9199,1774271544660010957,1774271544664244277,4233
9200,1774271544666087637,1774271544670250054,4162
9201,1774271544672386566,1774271544676171525,3784
9202,1774271544677990552,1774271544682100000,4109
9203,1774271544684046865,1774271544688001588,3954
9204,1774271544689601591,1774271544693854979,4253
9205,1774271544695673378,1774271544699859995,4186
9206,1774271544701636161,1774271544705762404,4126
9207,1774271544707476255,1774271544710916158,3439
9208,1774271544712538478,1774271544715479894,2941
9209,1774271544717170412,1774271544720194904,3024
9210,1774271544721797751,1774271544724895356,3097
9211,1774271544726551602,1774271544730439673,3888
9212,1774271544732095505,1774271544736067849,3972
9213,1774271544737781279,1774271544741712435,3931
9214,1774271544743390285,1774271544746691181,3300
9215,1774271544748480814,1774271544751610219,3129
9216,1774271544753291892,1774271544757396380,4104
9217,1774271544759353504,1774271544763048699,3695
9218,1774271544764798921,1774271544768435627,3636
9219,1774271544770291840,1774271544774338308,4046
9220,1774271544776253119,1774271544780284806,4031
9221,1774271544782164684,1774271544786240671,4075
9222,1774271544787915433,1774271544791889058,3973
9223,1774271544793734247,1774271544797839681,4105
9224,1774271544799502207,1774271544803388501,3886
9225,1774271544805089617,1774271544808943861,3854
9226,1774271544810639566,1774271544814509417,3869
9227,1774271544816143929,1774271544819597446,3453
9228,1774271544821241564,1774271544825236766,3995
9229,1774271544826888718,1774271544830302220,3413
9230,1774271544831952968,1774271544835954095,4001
9231,1774271544837719288,1774271544841662708,3943
9232,1774271544843176415,1774271544847018203,3841
9233,1774271544848682876,1774271544852893802,4210
9234,1774271544854616625,1774271544858503775,3887
9235,1774271544860173042,1774271544864187990,4014
9236,1774271544865904287,1774271544870227153,4322
9237,1774271544872012744,1774271544876005211,3992
9238,1774271544877905515,1774271544881865841,3960
9239,1774271544883631333,1774271544887573449,3942
9240,1774271544889301844,1774271544893282320,3980
9241,1774271544895068828,1774271544899020908,3952
9242,1774271544900856253,1774271544904296357,3440
9243,1774271544906056976,1774271544910403109,4346
9244,1774271544912155643,1774271544915794333,3638
9245,1774271544917726083,1774271544921870839,4144
9246,1774271544923592198,1774271544927136705,3544
9247,1774271544929095539,1774271544932997780,3902
9248,1774271544934650812,1774271544938445835,3795
9249,1774271544940239332,1774271544943886853,3647
9250,1774271544945602932,1774271544949999718,4396
9251,1774271544951871521,1774271544955574862,3703
9252,1774271544957312441,1774271544961428267,4115
9253,1774271544963107587,1774271544966827971,3720
9254,1774271544968632206,1774271544972829604,4197
9255,1774271544974720415,1774271544978694585,3974
9256,1774271544980368233,1774271544983554240,3186
9257,1774271544985195394,1774271544988581016,3385
9258,1774271544990221313,1774271544994392647,4171
9259,1774271544996065037,1774271544999363897,3298
9260,1774271545001056256,1774271545005182751,4126
9261,1774271545006969101,1774271545010796042,3826
9262,1774271545012543408,1774271545016530349,3986
9263,1774271545018480279,1774271545022495891,4015
9264,1774271545024155449,1774271545027723091,3567
9265,1774271545029479313,1774271545033549265,4069
9266,1774271545035536887,1774271545039187747,3650
9267,1774271545040839064,1774271545044405097,3566
9268,1774271545046405420,1774271545050560105,4154
9269,1774271545052424564,1774271545056158811,3734
9270,1774271545058026845,1774271545062187838,4160
9271,1774271545063982790,1774271545067736763,3753
9272,1774271545069377305,1774271545072734253,3356
9273,1774271545074644311,1774271545078527590,3883
9274,1774271545080244699,1774271545083898420,3653
9275,1774271545085759571,1774271545089761815,4002
9276,1774271545091588120,1774271545095405733,3817
9277,1774271545097190140,1774271545101342324,4152
9278,1774271545103078375,1774271545107249025,4170
9279,1774271545109086862,1774271545112474550,3387
9280,1774271545114069784,1774271545118268065,4198
9281,1774271545120027364,1774271545123513218,3485
9282,1774271545125251376,1774271545128371095,3119
9283,1774271545129710472,1774271545132848676,3138
9284,1774271545134469149,1774271545138231345,3762
9285,1774271545140028105,1774271545143411710,3383
9286,1774271545145045429,1774271545148922440,3877
9287,1774271545150814715,1774271545154573668,3758
9288,1774271545156228334,1774271545159599558,3371
9289,1774271545161207347,1774271545164566364,3359
9290,1774271545166573712,1774271545170486931,3913
9291,1774271545172162670,1774271545175936662,3773
9292,1774271545177646247,1774271545182191121,4544
9293,1774271545183871512,1774271545187840185,3968
9294,1774271545189381977,1774271545193177823,3795
9295,1774271545194827254,1774271545198719899,3892
9296,1774271545200410301,1774271545204343927,3933
9297,1774271545206110068,1774271545210180255,4070
9298,1774271545212189436,1774271545215911962,3722
9299,1774271545217654477,1774271545221739877,4085
9300,1774271545223594421,1774271545227549383,3954
9301,1774271545229194933,1774271545232636603,3441
9302,1774271545234351740,1774271545238226092,3874
9303,1774271545239931567,1774271545243370944,3439
9304,1774271545245019295,1774271545249009892,3990
9305,1774271545250697801,1774271545253981029,3283
9306,1774271545255464981,1774271545258712511,3247
9307,1774271545260372277,1774271545263672617,3300
9308,1774271545265265079,1774271545268597446,3332
9309,1774271545270158303,1774271545274363105,4204
9310,1774271545275673861,1774271545279588496,3914
9311,1774271545281246534,1774271545284532088,3285
9312,1774271545286195660,1774271545290144069,3948
9313,1774271545291936518,1774271545296016562,4080
9314,1774271545297792439,1774271545301835160,4042
9315,1774271545303842595,1774271545307772914,3930
9316,1774271545309502940,1774271545313469724,3966
9317,1774271545315343781,1774271545319062641,3718
9318,1774271545320946316,1774271545324831662,3885
9319,1774271545326501455,1774271545330498396,3996
9320,1774271545332134056,1774271545336106170,3972
9321,1774271545338017641,1774271545341887006,3869
9322,1774271545343957806,1774271545348011633,4053
9323,1774271545349769219,1774271545353562043,3792
9324,1774271545355553008,1774271545359525543,3972
9325,1774271545361187544,1774271545364554934,3367
9326,1774271545366271494,1774271545370075744,3804
9327,1774271545371805367,1774271545375616702,3811
9328,1774271545377398396,1774271545381376945,3978
9329,1774271545383018533,1774271545386388907,3370
9330,1774271545388048777,1774271545392123281,4074
9331,1774271545393853783,1774271545397435644,3581
9332,1774271545399097766,1774271545402388268,3290
9333,1774271545403902749,1774271545407310207,3407
9334,1774271545408948247,1774271545412206457,3258
9335,1774271545413661879,1774271545417558727,3896
9336,1774271545419259544,1774271545422570603,3311
9337,1774271545424136005,1774271545427413479,3277
9338,1774271545429019891,1774271545433195742,4175
9339,1774271545435113621,1774271545438909908,3796
9340,1774271545440621763,1774271545444607047,3985
9341,1774271545446283971,1774271545450230529,3946
9342,1774271545451895865,1774271545455233384,3337
9343,1774271545456951244,1774271545461277659,4326
9344,1774271545463093677,1774271545467273288,4179
9345,1774271545469087836,1774271545473223458,4135
9346,1774271545475024458,1774271545479183816,4159
9347,1774271545480949835,1774271545485072360,4122
9348,1774271545486909397,1774271545490983574,4074
9349,1774271545492815611,1774271545497136207,4320
9350,1774271545498896714,1774271545502558550,3661
9351,1774271545504281831,1774271545508256686,3974
9352,1774271545510070082,1774271545513967196,3897
9353,1774271545515603144,1774271545518880225,3277
9354,1774271545520692567,1774271545524916609,4224
9355,1774271545526787118,1774271545530008578,3221
9356,1774271545531858516,1774271545535285843,3427
9357,1774271545537018528,1774271545540795245,3776
9358,1774271545542418689,1774271545545800501,3381
9359,1774271545547235322,1774271545551483573,4248
9360,1774271545553091597,1774271545556914162,3822
9361,1774271545558601842,1774271545562719196,4117
9362,1774271545564619600,1774271545568054673,3435
9363,1774271545569930055,1774271545573626621,3696
9364,1774271545575490436,1774271545579241203,3750
9365,1774271545581029244,1774271545585021545,3992
9366,1774271545587035368,1774271545591053796,4018
9367,1774271545592740230,1774271545596680439,3940
9368,1774271545598364323,1774271545601733066,3368
9369,1774271545603361947,1774271545606986597,3624
9370,1774271545608725377,1774271545612774836,4049
9371,1774271545614554586,1774271545618454859,3900
9372,1774271545620115295,1774271545624108438,3993
9373,1774271545625929495,1774271545630183380,4253
9374,1774271545631889707,1774271545635575988,3686
9375,1774271545637221825,1774271545641102288,3880
9376,1774271545642996924,1774271545646590030,3593
9377,1774271545648499736,1774271545652512312,4012
9378,1774271545654313788,1774271545658200524,3886
9379,1774271545659971162,1774271545663855822,3884
9380,1774271545665600089,1774271545669624043,4023
9381,1774271545671252219,1774271545674528598,3276
9382,1774271545675975639,1774271545679741212,3765
9383,1774271545681449494,1774271545684575763,3126
9384,1774271545686231623,1774271545689645366,3413
9385,1774271545691268272,1774271545694624987,3356
9386,1774271545696187593,1774271545700338828,4151
9387,1774271545702235373,1774271545705972232,3736
9388,1774271545707663244,1774271545711705528,4042
9389,1774271545713551825,1774271545717508201,3956
9390,1774271545719156525,1774271545723174059,4017
9391,1774271545724847397,1774271545728846050,3998
9392,1774271545730618655,1774271545734716535,4097
9393,1774271545736613082,1774271545740769862,4156
9394,1774271545742550040,1774271545745949214,3399
9395,1774271545747717808,1774271545751354167,3636
9396,1774271545753084069,1774271545757018981,3934
9397,1774271545758747689,1774271545762452416,3704
9398,1774271545764323508,1774271545768596608,4273
9399,1774271545770321429,1774271545774085989,3764
9400,1774271545775930557,1774271545779680237,3749
9401,1774271545781353950,1774271545785334080,3980
9402,1774271545786995069,1774271545791262704,4267
9403,1774271545793002873,1774271545797172129,4169
9404,1774271545798852118,1774271545802889369,4037
9405,1774271545804615965,1774271545808828495,4212
9406,1774271545810439425,1774271545814481491,4042
9407,1774271545816063644,1774271545819458806,3395
9408,1774271545821114622,1774271545825038677,3924
9409,1774271545826685717,1774271545830188747,3503
9410,1774271545831837703,1774271545835344093,3506
9411,1774271545837030823,1774271545841175733,4144
9412,1774271545842826624,1774271545846362105,3535
9413,1774271545848052803,1774271545852480756,4427
9414,1774271545854281017,1774271545858051108,3770
9415,1774271545859814230,1774271545864132492,4318
9416,1774271545865899094,1774271545869778315,3879
9417,1774271545871608065,1774271545875641383,4033
9418,1774271545877483231,1774271545881505485,4022
9419,1774271545883228226,1774271545887346614,4118
9420,1774271545889141649,1774271545893345022,4203
9421,1774271545895104215,1774271545899208942,4104
9422,1774271545901022134,1774271545905029523,4007
9423,1774271545906818505,1774271545911360800,4542
9424,1774271545913479359,1774271545917533939,4054
9425,1774271545919202707,1774271545923392815,4190
9426,1774271545925104012,1774271545929079213,3975
9427,1774271545930732968,1774271545934026258,3293
9428,1774271545935532718,1774271545939189776,3657
9429,1774271545940918054,1774271545944103399,3185
9430,1774271545945855406,1774271545949421075,3565
9431,1774271545951049190,1774271545954527429,3478
9432,1774271545956298329,1774271545959560814,3262
9433,1774271545961235939,1774271545964382742,3146
9434,1774271545965983954,1774271545970179802,4195
9435,1774271545972019376,1774271545975478372,3458
9436,1774271545977431423,1774271545981641533,4210
9437,1774271545983229095,1774271545987089176,3860
9438,1774271545988883244,1774271545992912022,4028
9439,1774271545994757394,1774271545999239085,4481
9440,1774271546001367956,1774271546005712650,4344
9441,1774271546007527211,1774271546011723695,4196
9442,1774271546013716456,1774271546017549149,3832
9443,1774271546019287891,1774271546023550738,4262
9444,1774271546025265674,1774271546029038695,3773
9445,1774271546030855125,1774271546035056660,4201
9446,1774271546036830758,1774271546040915893,4085
9447,1774271546042659288,1774271546046808891,4149
9448,1774271546048697427,1774271546052971890,4274
9449,1774271546054744351,1774271546058374010,3629
9450,1774271546060133844,1774271546063952055,3818
9451,1774271546065633260,1774271546069733046,4099
9452,1774271546071550359,1774271546074859477,3309
9453,1774271546076573427,1774271546080226907,3653
9454,1774271546081937802,1774271546085810163,3872
9455,1774271546087536721,1774271546091207328,3670
9456,1774271546092838054,1774271546096479207,3641
9457,1774271546098198701,1774271546102477788,4279
9458,1774271546104272241,1774271546108034442,3762
9459,1774271546109706799,1774271546113276862,3570
9460,1774271546115085406,1774271546118687040,3601
9461,1774271546120454986,1774271546124694089,4239
9462,1774271546126437974,1774271546130210013,3772
9463,1774271546131939793,1774271546136370769,4430
9464,1774271546138201061,1774271546141684260,3483
9465,1774271546143658371,1774271546148009219,4350
9466,1774271546149789778,1774271546153811667,4021
9467,1774271546155750472,1774271546160139385,4388
9468,1774271546161968608,1774271546165888261,3919
9469,1774271546168061754,1774271546172208932,4147
9470,1774271546173871118,1774271546177822976,3951
9471,1774271546179590061,1774271546183028727,3438
9472,1774271546184727190,1774271546188771976,4044
9473,1774271546190281012,1774271546193921816,3640
9474,1774271546195584265,1774271546199576559,3992
9475,1774271546201253160,1774271546204487432,3234
9476,1774271546206103097,1774271546209806441,3703
9477,1774271546211398999,1774271546215389603,3990
9478,1774271546217164515,1774271546221174568,4010
9479,1774271546222992028,1774271546227087739,4095
9480,1774271546228738436,1774271546232955845,4217
9481,1774271546234517282,1774271546238355378,3838
9482,1774271546239993852,1774271546244153665,4159
9483,1774271546245775095,1774271546250077754,4302
9484,1774271546251953918,1774271546255513133,3559
9485,1774271546257405225,1774271546261542811,4137
9486,1774271546263429267,1774271546267103235,3673
9487,1774271546268874005,1774271546273157610,4283
9488,1774271546275018955,1774271546278809671,3790
9489,1774271546280547301,1774271546284027741,3480
9490,1774271546285710487,1774271546289530681,3820
9491,1774271546291341478,1774271546295309143,3967
9492,1774271546297106555,1774271546300742325,3635
9493,1774271546302511495,1774271546306603237,4091
9494,1774271546308343076,1774271546312177598,3834
9495,1774271546314017658,1774271546318835870,4818
9496,1774271546320734965,1774271546324579038,3844
9497,1774271546326327125,1774271546330497355,4170
9498,1774271546332265507,1774271546336244335,3978
9499,1774271546338238132,1774271546342483101,4244
9500,1774271546344379781,1774271546348089473,3709
9501,1774271546349794740,1774271546353332795,3538
9502,1774271546355005387,1774271546359360603,4355
9503,1774271546360917384,1774271546364754299,3836
9504,1774271546366600682,1774271546370095515,3494
9505,1774271546371845719,1774271546376195295,4349
9506,1774271546378004667,1774271546381656974,3652
9507,1774271546383411662,1774271546386658068,3246
9508,1774271546388394648,1774271546392541275,4146
9509,1774271546394325745,1774271546397666705,3340
9510,1774271546399580916,1774271546403700353,4119
9511,1774271546405534414,1774271546408946363,3411
9512,1774271546410742357,1774271546415031354,4288
9513,1774271546416862942,1774271546420592806,3729
9514,1774271546422270752,1774271546425779383,3508
9515,1774271546427538924,1774271546431715282,4176
9516,1774271546433781018,1774271546437445806,3664
9517,1774271546439180142,1774271546443414995,4234
9518,1774271546445154250,1774271546448568675,3414
9519,1774271546450356462,1774271546454520124,4163
9520,1774271546456231579,1774271546460174162,3942
9521,1774271546462075513,1774271546466310900,4235
9522,1774271546468116597,1774271546472282051,4165
9523,1774271546474096243,1774271546478055303,3959
9524,1774271546479898300,1774271546484154981,4256
9525,1774271546485863946,1774271546489895064,4031
9526,1774271546491533450,1774271546495495975,3962
9527,1774271546496893329,1774271546500227556,3334
9528,1774271546501771755,1774271546505961270,4189
9529,1774271546507695597,1774271546511586642,3891
9530,1774271546513330479,1774271546517386206,4055
9531,1774271546519067633,1774271546522554153,3486
9532,1774271546524222417,1774271546528475528,4253
9533,1774271546530283904,1774271546534034735,3750
9534,1774271546535846293,1774271546540011948,4165
9535,1774271546541760719,1774271546546062846,4302
9536,1774271546547776999,1774271546552017437,4240
9537,1774271546553844652,1774271546558070900,4226
9538,1774271546559933419,1774271546564071263,4137
9539,1774271546565965927,1774271546570010958,4045
9540,1774271546571848090,1774271546575883941,4035
9541,1774271546577579717,1774271546581538158,3958
9542,1774271546583206877,1774271546586501909,3295
9543,1774271546588289227,1774271546592279773,3990
9544,1774271546593974048,1774271546597908660,3934
9545,1774271546599757339,1774271546603889211,4131
9546,1774271546606002353,1774271546610066729,4064
9547,1774271546611727366,1774271546615682337,3954
9548,1774271546617689843,1774271546621760189,4070
9549,1774271546623471716,1774271546627711607,4239
9550,1774271546629455420,1774271546632593547,3138
9551,1774271546634232204,1774271546638245232,4013
9552,1774271546639899267,1774271546643993322,4094
9553,1774271546645770156,1774271546649086736,3316
9554,1774271546650794515,1774271546654877259,4082
9555,1774271546656482917,1774271546660361898,3878
9556,1774271546662053978,1774271546665815333,3761
9557,1774271546667518972,1774271546670717864,3198
9558,1774271546672304461,1774271546676145272,3840
9559,1774271546678088707,1774271546681855669,3766
9560,1774271546683524034,1774271546687342675,3818
9561,1774271546689203015,1774271546692779535,3576
9562,1774271546694498801,1774271546698471758,3972
9563,1774271546700195355,1774271546704142244,3946
9564,1774271546706018743,1774271546710140588,4121
9565,1774271546711842168,1774271546715781461,3939
9566,1774271546717460490,1774271546721458715,3998
9567,1774271546723127723,1774271546727270441,4142
9568,1774271546729037681,1774271546733174781,4137
9569,1774271546735207585,1774271546739491906,4284
9570,1774271546741249107,1774271546745309192,4060
9571,1774271546747054889,1774271546750543640,3488
9572,1774271546752422309,1774271546755736286,3313
9573,1774271546757552628,1774271546761697314,4144
9574,1774271546763550140,1774271546767579390,4029
9575,1774271546769254975,1774271546773367406,4112
9576,1774271546775036707,1774271546778862398,3825
9577,1774271546780519063,1774271546784154302,3635
9578,1774271546785755069,1774271546788755578,3000
9579,1774271546790437741,1774271546793843977,3406
9580,1774271546795558774,1774271546799544491,3985
9581,1774271546801303519,1774271546805395634,4092
9582,1774271546807278170,1774271546810607064,3328
9583,1774271546812251014,1774271546816169184,3918
9584,1774271546817956824,1774271546821727661,3770
9585,1774271546823401824,1774271546826607553,3205
9586,1774271546828470445,1774271546832515820,4045
9587,1774271546834216752,1774271546837509445,3292
9588,1774271546839391613,1774271546842764111,3372
9589,1774271546844513373,1774271546848393034,3879
9590,1774271546850067043,1774271546853401742,3334
9591,1774271546855064971,1774271546859028252,3963
9592,1774271546860793495,1774271546864650244,3856
9593,1774271546866329082,1774271546870094386,3765
9594,1774271546871911405,1774271546875945229,4033
9595,1774271546877830027,1774271546881684258,3854
9596,1774271546883488105,1774271546887510382,4022
9597,1774271546889284109,1774271546893310879,4026
9598,1774271546894932669,1774271546898925705,3993
9599,1774271546900615330,1774271546904620355,4005
9600,1774271546906372351,1774271546910000984,3628
9601,1774271546911629379,1774271546914591965,2962
9602,1774271546916194081,1774271546919506171,3312
9603,1774271546921080131,1774271546924528555,3448
9604,1774271546926125640,1774271546929575203,3449
9605,1774271546931292321,1774271546934612428,3320
9606,1774271546936279411,1774271546940388363,4108
9607,1774271546941990077,1774271546945895740,3905
9608,1774271546947580940,1774271546950776659,3195
9609,1774271546952582309,1774271546956579779,3997
9610,1774271546958498979,1774271546962004679,3505
9611,1774271546963651126,1774271546967760130,4109
9612,1774271546969538246,1774271546972901576,3363
9613,1774271546974612059,1774271546978578323,3966
9614,1774271546980328261,1774271546984328209,3999
9615,1774271546986027930,1774271546990110629,4082
9616,1774271546991804333,1774271546995661982,3857
9617,1774271546997316387,1774271547001351802,4035
9618,1774271547003026425,1774271547007097889,4071
9619,1774271547008796675,1774271547012987686,4191
9620,1774271547014869343,1774271547018590027,3720
9621,1774271547020341560,1774271547023738544,3396
9622,1774271547025714674,1774271547029318834,3604
9623,1774271547031126694,1774271547034886043,3759
9624,1774271547036613622,1774271547040763134,4149
9625,1774271547042534278,1774271547046442739,3908
9626,1774271547048012252,1774271547052210794,4198
9627,1774271547053933609,1774271547056916171,2982
9628,1774271547058463725,1774271547061452660,2988
9629,1774271547063146580,1774271547066792368,3645
9630,1774271547068358658,1774271547071574652,3215
9631,1774271547073151640,1774271547077059302,3907
9632,1774271547078604238,1774271547082610566,4006
9633,1774271547084361371,1774271547088260272,3898
9634,1774271547090112027,1774271547094025698,3913
9635,1774271547095742264,1774271547099379884,3637
9636,1774271547101085203,1774271547104655389,3570
9637,1774271547106312625,1774271547110053182,3740
9638,1774271547111769984,1774271547115625095,3855
9639,1774271547117295619,1774271547121354484,4058
9640,1774271547123151379,1774271547127180439,4029
9641,1774271547128845943,1774271547132900111,4054
9642,1774271547134586640,1774271547138850483,4263
9643,1774271547140563382,1774271547144685127,4121
9644,1774271547146349765,1774271547149816853,3467
9645,1774271547151659803,1774271547155555668,3895
9646,1774271547157473059,1774271547161160974,3687
9647,1774271547163075465,1774271547167320232,4244
9648,1774271547169105241,1774271547173407983,4302
9649,1774271547175027020,1774271547179066770,4039
9650,1774271547180597983,1774271547184084156,3486
9651,1774271547185545870,1774271547188645144,3099
9652,1774271547190331357,1774271547193579775,3248
9653,1774271547194853984,1774271547199016896,4162
9654,1774271547200653909,1774271547204642493,3988
9655,1774271547206204396,1774271547209850248,3645
9656,1774271547211524443,1774271547215146127,3621
9657,1774271547216809278,1774271547220631209,3821
9658,1774271547222389481,1774271547225561833,3172
9659,1774271547227246405,1774271547231348761,4102
9660,1774271547233045846,1774271547236614272,3568
9661,1774271547238307312,1774271547242299268,3991
9662,1774271547244082568,1774271547248226699,4144
9663,1774271547249935680,1774271547253931146,3995
9664,1774271547256042341,1774271547259751198,3708
9665,1774271547261505957,1774271547265198627,3692
9666,1774271547267068417,1774271547270746688,3678
9667,1774271547272603382,1774271547276547255,3943
9668,1774271547278203100,1774271547281818129,3615
9669,1774271547283480446,1774271547287467207,3986
9670,1774271547289136454,1774271547293044269,3907
9671,1774271547295048046,1774271547299210089,4162
9672,1774271547300994843,1774271547305103631,4108
9673,1774271547306829063,1774271547310964762,4135
9674,1774271547312631426,1774271547316595891,3964
9675,1774271547318350994,1774271547321587814,3236
9676,1774271547323258954,1774271547327305952,4046
9677,1774271547329054503,1774271547332818165,3763
9678,1774271547334495902,1774271547337575660,3079
9679,1774271547339192280,1774271547342992763,3800
9680,1774271547344540345,1774271547347523920,2983
9681,1774271547349248060,1774271547353118530,3870
9682,1774271547354739058,1774271547358636279,3897
9683,1774271547360240201,1774271547364051427,3811
9684,1774271547365750578,1774271547369335777,3585
9685,1774271547370959783,1774271547374398525,3438
9686,1774271547376056266,1774271547379431237,3374
9687,1774271547381388645,1774271547385558646,4170
9688,1774271547387264983,1774271547390988973,3723
9689,1774271547392634899,1774271547396931472,4296
9690,1774271547398597870,1774271547402428877,3831
9691,1774271547404072657,1774271547407521549,3448
9692,1774271547409238602,1774271547413224350,3985
9693,1774271547415051577,1774271547418752657,3701
9694,1774271547420393002,1774271547423795470,3402
9695,1774271547425569857,1774271547429719545,4149
9696,1774271547431410219,1774271547434972912,3562
9697,1774271547436703940,1774271547440728028,4024
9698,1774271547442562494,1774271547446613719,4051
9699,1774271547448322026,1774271547451652467,3330
9700,1774271547453420818,1774271547456409311,2988
9701,1774271547458120581,1774271547461415438,3294
9702,1774271547463119020,1774271547467174073,4055
9703,1774271547468736310,1774271547471990322,3254
9704,1774271547473408181,1774271547476896114,3487
9705,1774271547478535483,1774271547482501993,3966
9706,1774271547484104009,1774271547487714716,3610
9707,1774271547489297825,1774271547493126318,3828
9708,1774271547494848371,1774271547498723234,3874
9709,1774271547500391513,1774271547504470335,4078
9710,1774271547506048298,1774271547509556878,3508
9711,1774271547511307929,1774271547515189070,3881
9712,1774271547516836331,1774271547519955523,3119
9713,1774271547521808951,1774271547525691596,3882
9714,1774271547527335410,1774271547531048619,3713
9715,1774271547532999628,1774271547537186214,4186
9716,1774271547538881496,1774271547542933035,4051
9717,1774271547544843818,1774271547548941762,4097
9718,1774271547550642254,1774271547554809279,4167
9719,1774271547556644175,1774271547560933329,4289
9720,1774271547562660462,1774271547566565184,3904
9721,1774271547568410635,1774271547571663000,3252
9722,1774271547573321631,1774271547577319109,3997
9723,1774271547579109862,1774271547583278359,4168
9724,1774271547585027816,1774271547588373347,3345
9725,1774271547589717372,1774271547593212581,3495
9726,1774271547594870052,1774271547598995405,4125
9727,1774271547600402485,1774271547603673268,3270
9728,1774271547605315047,1774271547608611524,3296
9729,1774271547610272668,1774271547614247674,3975
9730,1774271547615994354,1774271547619873707,3879
9731,1774271547621485334,1774271547624694904,3209
9732,1774271547626399217,1774271547629723627,3324
9733,1774271547631401561,1774271547635403350,4001
9734,1774271547637098227,1774271547640565220,3466
9735,1774271547642260053,1774271547646224380,3964
9736,1774271547648115071,1774271547651936060,3820
9737,1774271547653671226,1774271547657678295,4007
9738,1774271547659346482,1774271547663318493,3972
9739,1774271547665291583,1774271547668743807,3452
9740,1774271547670431434,1774271547674227511,3796
9741,1774271547676089651,1774271547680107811,4018
9742,1774271547681810922,1774271547685646903,3835
9743,1774271547687518764,1774271547691451882,3933
9744,1774271547693121077,1774271547696510374,3389
9745,1774271547698173996,1774271547701577596,3403
9746,1774271547703377243,1774271547707405619,4028
9747,1774271547709047025,1774271547712723917,3676
9748,1774271547714493485,1774271547718057012,3563
9749,1774271547719815677,1774271547723888371,4072
9750,1774271547725601695,1774271547728830078,3228
9751,1774271547730458154,1774271547733523462,3065
9752,1774271547735208921,1774271547739297676,4088
9753,1774271547740966997,1774271547744428401,3461
9754,1774271547746153126,1774271547749616438,3463
9755,1774271547751280670,1774271547755167878,3887
9756,1774271547756820362,1774271547760662800,3842
9757,1774271547762340284,1774271547766530364,4190
9758,1774271547768186729,1774271547772383352,4196
9759,1774271547774114570,1774271547777886349,3771
9760,1774271547779615592,1774271547783486550,3870
9761,1774271547785143108,1774271547788949241,3806
9762,1774271547790634444,1774271547794431218,3796
9763,1774271547796100528,1774271547799635753,3535
9764,1774271547801314058,1774271547805392640,4078
9765,1774271547807072055,1774271547810930071,3858
9766,1774271547812553938,1774271547816213150,3659
9767,1774271547817827817,1774271547821333318,3505
9768,1774271547823010336,1774271547827186211,4175
9769,1774271547828947450,1774271547832959217,4011
9770,1774271547834867420,1774271547838570161,3702
9771,1774271547840222531,1774271547843632608,3410
9772,1774271547845362193,1774271547848761743,3399
9773,1774271547850497380,1774271547854657615,4160
9774,1774271547856504283,1774271547859737742,3233
9775,1774271547861520645,1774271547865643214,4122
9776,1774271547867326445,1774271547871323134,3996
9777,1774271547872952485,1774271547876340913,3388
9778,1774271547877912147,1774271547882042613,4130
9779,1774271547883682568,1774271547887469860,3787
9780,1774271547889176028,1774271547893165370,3989
9781,1774271547894780146,1774271547898915185,4135
9782,1774271547900597624,1774271547904728542,4130
9783,1774271547906384585,1774271547910527152,4142
9784,1774271547912256408,1774271547916259047,4002
9785,1774271547918154524,1774271547921728505,3573
9786,1774271547923531934,1774271547927187606,3655
9787,1774271547929100717,1774271547933302378,4201
9788,1774271547935370549,1774271547939475441,4104
9789,1774271547941190307,1774271547944725690,3535
9790,1774271547946556240,1774271547950855301,4299
9791,1774271547952601448,1774271547956610396,4008
9792,1774271547958342028,1774271547962033793,3691
9793,1774271547964005219,1774271547968230193,4224
9794,1774271547969963619,1774271547973572987,3609
9795,1774271547975440645,1774271547979621302,4180
9796,1774271547981364991,1774271547985101684,3736
9797,1774271547987099717,1774271547991199861,4100
9798,1774271547993001135,1774271547996990828,3989
9799,1774271547998906389,1774271548003276774,4370
9800,1774271548004992122,1774271548008414945,3422
9801,1774271548010167496,1774271548013491302,3323
9802,1774271548015156164,1774271548018668210,3512
9803,1774271548020319167,1774271548024573862,4254
9804,1774271548026377329,1774271548030537695,4160
9805,1774271548032198396,1774271548036342145,4143
9806,1774271548038247582,1774271548042261460,4013
9807,1774271548044032937,1774271548047871480,3838
9808,1774271548049674702,1774271548053736435,4061
9809,1774271548055529820,1774271548059940218,4410
9810,1774271548061736028,1774271548065670675,3934
9811,1774271548067341548,1774271548071085957,3744
9812,1774271548073000604,1774271548077159343,4158
9813,1774271548078815144,1774271548082318141,3502
9814,1774271548084140564,1774271548088257653,4117
9815,1774271548090267030,1774271548094212121,3945
9816,1774271548095907230,1774271548100091412,4184
9817,1774271548101879580,1774271548106003584,4124
9818,1774271548107877843,1774271548111695009,3817
9819,1774271548113370343,1774271548117399990,4029
9820,1774271548119442857,1774271548123122256,3679
9821,1774271548124797282,1774271548128687486,3890
9822,1774271548130322169,1774271548133551723,3229
9823,1774271548135253020,1774271548139306600,4053
9824,1774271548140947368,1774271548144342257,3394
9825,1774271548145829081,1774271548149225741,3396
9826,1774271548150684746,1774271548154437990,3753
9827,1774271548156021572,1774271548159352251,3330
9828,1774271548161085149,1774271548165066935,3981
9829,1774271548166736267,1774271548170208737,3472
9830,1774271548171817548,1774271548175172602,3355
9831,1774271548176944133,1774271548181082995,4138
9832,1774271548182849828,1774271548186724090,3874
9833,1774271548188532914,1774271548191797781,3264
9834,1774271548193354597,1774271548197506220,4151
9835,1774271548199165298,1774271548203109599,3944
9836,1774271548204770268,1774271548208280544,3510
9837,1774271548210083177,1774271548214169700,4086
9838,1774271548215959601,1774271548219569878,3610
9839,1774271548221384644,1774271548225257328,3872
9840,1774271548226990318,1774271548230850569,3860
9841,1774271548232602047,1774271548236702641,4100
9842,1774271548238358589,1774271548242012881,3654
9843,1774271548243916448,1774271548247693616,3777
9844,1774271548249457684,1774271548253572652,4114
9845,1774271548255451530,1774271548259060475,3608
9846,1774271548260777829,1774271548264699448,3921
9847,1774271548266789219,1774271548270800607,4011
9848,1774271548272532232,1774271548276676538,4144
9849,1774271548278386912,1774271548282569923,4183
9850,1774271548284318243,1774271548287494857,3176
9851,1774271548289220063,1774271548292391411,3171
9852,1774271548294097108,1774271548298164506,4067
9853,1774271548299917773,1774271548303467117,3549
9854,1774271548305071223,1774271548309302722,4231
9855,1774271548311094135,1774271548315328225,4234
9856,1774271548317026966,1774271548320726914,3699
9857,1774271548322529285,1774271548326608211,4078
9858,1774271548328554078,1774271548332756873,4202
9859,1774271548334896035,1774271548339409816,4513
9860,1774271548341116745,1774271548344642843,3526
9861,1774271548346387581,1774271548350421362,4033
9862,1774271548352198372,1774271548355611449,3413
9863,1774271548357350717,1774271548361447804,4097
9864,1774271548363149002,1774271548367149554,4000
9865,1774271548369168636,1774271548373314265,4145
9866,1774271548375156290,1774271548378887873,3731
9867,1774271548380681654,1774271548384756386,4074
9868,1774271548386437647,1774271548389753886,3316
9869,1774271548391630945,1774271548395851490,4220
9870,1774271548397493773,1774271548401098223,3604
9871,1774271548403044993,1774271548406520634,3475
9872,1774271548408384679,1774271548412502961,4118
9873,1774271548414078665,1774271548417789723,3711
9874,1774271548419595218,1774271548423759305,4164
9875,1774271548425394951,1774271548429358440,3963
9876,1774271548431015974,1774271548435035149,4019
9877,1774271548436682902,1774271548440693039,4010
9878,1774271548442487607,1774271548445579500,3091
9879,1774271548447373960,1774271548451427393,4053
9880,1774271548453057421,1774271548456331542,3274
9881,1774271548458141523,1774271548461916350,3774
9882,1774271548463635237,1774271548467288406,3653
9883,1774271548468993038,1774271548473231054,4238
9884,1774271548474910353,1774271548478817350,3906
9885,1774271548480647094,1774271548484522938,3875
9886,1774271548486344878,1774271548490194637,3849
9887,1774271548491983415,1774271548496007495,4024
9888,1774271548497912359,1774271548501747670,3835
9889,1774271548503679623,1774271548507724276,4044
9890,1774271548509713139,1774271548513640178,3927
9891,1774271548515323115,1774271548518710000,3386
9892,1774271548520570907,1774271548524444966,3874
9893,1774271548526116527,1774271548529596474,3479
9894,1774271548531235030,1774271548534595514,3360
9895,1774271548536241991,1774271548539862082,3620
9896,1774271548541649168,1774271548545809296,4160
9897,1774271548547442474,1774271548551478341,4035
9898,1774271548553131308,1774271548557174299,4042
9899,1774271548559020104,1774271548563089135,4069
9900,1774271548564879360,1774271548568353411,3474
9901,1774271548570139399,1774271548573366688,3227
9902,1774271548575011977,1774271548578905540,3893
9903,1774271548580680100,1774271548584225095,3544
9904,1774271548585857171,1774271548589260725,3403
9905,1774271548591023539,1774271548594609615,3586
9906,1774271548596258730,1774271548600014785,3756
9907,1774271548602043774,1774271548605899786,3856
9908,1774271548607617582,1774271548611716661,4099
9909,1774271548613535544,1774271548617548581,4013
9910,1774271548619267778,1774271548623441899,4174
9911,1774271548625183142,1774271548629302270,4119
9912,1774271548631029606,1774271548635202481,4172
9913,1774271548637061559,1774271548641357371,4295
9914,1774271548643118931,1774271548647292614,4173
9915,1774271548649126999,1774271548653296007,4169
9916,1774271548655082375,1774271548659277410,4195
9917,1774271548660920385,1774271548664662820,3742
9918,1774271548666327900,1774271548670541539,4213
9919,1774271548672323133,1774271548675990132,3666
9920,1774271548677837504,1774271548681811119,3973
9921,1774271548683677716,1774271548686837018,3159
9922,1774271548688555843,1774271548692664884,4109
9923,1774271548694408153,1774271548697499661,3091
9924,1774271548699277756,1774271548703521399,4243
9925,1774271548704678725,1774271548708217904,3539
9926,1774271548709892418,1774271548713359632,3467
9927,1774271548715075743,1774271548718646206,3570
9928,1774271548720292019,1774271548723731666,3439
9929,1774271548725356833,1774271548729159015,3802
9930,1774271548730889343,1774271548735163936,4274
9931,1774271548736877519,1774271548740912627,4035
9932,1774271548742826920,1774271548747144168,4317
9933,1774271548748960176,1774271548753118577,4158
9934,1774271548755026486,1774271548758563897,3537
9935,1774271548760226484,1774271548763525694,3299
9936,1774271548765164064,1774271548769322292,4158
9937,1774271548771053236,1774271548774954975,3901
9938,1774271548776647473,1774271548780492769,3845
9939,1774271548782255641,1774271548785643103,3387
9940,1774271548787320535,1774271548791369066,4048
9941,1774271548793037730,1774271548796381182,3343
9942,1774271548798020296,1774271548802019687,3999
9943,1774271548803683793,1774271548807505359,3821
9944,1774271548809169245,1774271548812615777,3446
9945,1774271548814356455,1774271548818364467,4008
9946,1774271548820268808,1774271548824001557,3732
9947,1774271548825650588,1774271548829665118,4014
9948,1774271548831196895,1774271548834367677,3170
9949,1774271548835798959,1774271548838771319,2972
9950,1774271548840385801,1774271548844287542,3901
9951,1774271548845423777,1774271548848663565,3239
9952,1774271548850376045,1774271548854050127,3674
9953,1774271548855724830,1774271548859652589,3927
9954,1774271548861347256,1774271548865241802,3894
9955,1774271548866896324,1774271548871017491,4121
9956,1774271548872761795,1774271548876833120,4071
9957,1774271548878633343,1774271548882566577,3933
9958,1774271548884393638,1774271548888395397,4001
9959,1774271548890111323,1774271548893545343,3434
9960,1774271548895247112,1774271548898779810,3532
9961,1774271548900497451,1774271548904361612,3864
9962,1774271548906151916,1774271548910217471,4065
9963,1774271548912008045,1774271548916156386,4148
9964,1774271548917992506,1774271548921813034,3820
9965,1774271548923607560,1774271548927897189,4289
9966,1774271548929649436,1774271548933977586,4328
9967,1774271548935722597,1774271548939835020,4112
9968,1774271548941600296,1774271548945504922,3904
9969,1774271548947217565,1774271548951074594,3857
9970,1774271548952990659,1774271548956850817,3860
9971,1774271548958284909,1774271548962560150,4275
9972,1774271548964156411,1774271548968073335,3916
9973,1774271548969712819,1774271548973316881,3604
9974,1774271548974996971,1774271548978698556,3701
9975,1774271548980389389,1774271548983766400,3377
9976,1774271548985383336,1774271548989137721,3754
9977,1774271548990861381,1774271548994730432,3869
9978,1774271548996376160,1774271548999700647,3324
9979,1774271549001459268,1774271549005611963,4152
9980,1774271549007359254,1774271549011236697,3877
9981,1774271549012936333,1774271549016829936,3893
9982,1774271549018651030,1774271549022535717,3884
9983,1774271549024182470,1774271549028552238,4369
9984,1774271549030270930,1774271549033943388,3672
9985,1774271549035591554,1774271549038770891,3179
9986,1774271549040277967,1774271549043836520,3558
9987,1774271549045386149,1774271549049241638,3855
9988,1774271549050852408,1774271549054267413,3415
9989,1774271549055969119,1774271549060265670,4296
9990,1774271549062085169,1774271549065449605,3364
9991,1774271549067240958,1774271549070995631,3754
9992,1774271549072780972,1774271549076706380,3925
9993,1774271549078423630,1774271549082019881,3596
9994,1774271549083952823,1774271549087541652,3588
9995,1774271549089176409,1774271549093179771,4003
9996,1774271549094855555,1774271549098589158,3733
9997,1774271549100151720,1774271549104223740,4072
9998,1774271549105730069,1774271549109461721,3731
9999,1774271549111118084,1774271549114707802,3589
10000,1774271549116421133,1774271549120257901,3836
10001,1774271549121889177,1774271549125186567,3297
10002,1774271549126968860,1774271549130861982,3893
10003,1774271549132576904,1774271549135882782,3305
10004,1774271549137504411,1774271549141542561,4038
10005,1774271549143368493,1774271549147180245,3811
10006,1774271549148864423,1774271549152946553,4082
10007,1774271549154632142,1774271549158668697,4036
10008,1774271549160452726,1774271549164506830,4054
10009,1774271549166155193,1774271549169711969,3556
10010,1774271549171503893,1774271549175084165,3580
10011,1774271549176866829,1774271549180797822,3930
10012,1774271549182511634,1774271549186278378,3766
10013,1774271549187986119,1774271549192152597,4166
10014,1774271549193843568,1774271549197704231,3860
10015,1774271549199410913,1774271549203242493,3831
10016,1774271549205022782,1774271549208323525,3300
10017,1774271549209834494,1774271549213855637,4021
10018,1774271549215692741,1774271549219832740,4139
10019,1774271549221618444,1774271549225744686,4126
10020,1774271549227526063,1774271549231427744,3901
10021,1774271549233161127,1774271549236443465,3282
10022,1774271549238188426,1774271549241641837,3453
10023,1774271549243364493,1774271549247431088,4066
10024,1774271549249112394,1774271549252308649,3196
10025,1774271549254039311,1774271549257835740,3796
10026,1774271549259500317,1774271549263404179,3903
10027,1774271549265057913,1774271549269393960,4336
10028,1774271549271028343,1774271549275230202,4201
10029,1774271549277106491,1774271549280856591,3750
10030,1774271549282685632,1774271549286864205,4178
10031,1774271549288656766,1774271549292762713,4105
10032,1774271549294536468,1774271549298752572,4216
10033,1774271549300519961,1774271549304547110,4027
10034,1774271549306256795,1774271549310551486,4294
10035,1774271549312527907,1774271549316623952,4096
10036,1774271549318521505,1774271549322741416,4219
10037,1774271549324497205,1774271549328428412,3931
10038,1774271549330134314,1774271549334547664,4413
10039,1774271549336274382,1774271549339934030,3659
10040,1774271549341817733,1774271549345947841,4130
10041,1774271549347941535,1774271549351567733,3626
10042,1774271549353209669,1774271549356711011,3501
10043,1774271549358595235,1774271549362606568,4011
10044,1774271549364515237,1774271549368168795,3653
10045,1774271549369920823,1774271549374234131,4313
10046,1774271549375959377,1774271549380099779,4140
10047,1774271549381589445,1774271549385364701,3775
10048,1774271549386832117,1774271549390708433,3876
10049,1774271549392493925,1774271549396502901,4008
10050,1774271549398134837,1774271549401527674,3392
10051,1774271549403140758,1774271549407321097,4180
10052,1774271549408948754,1774271549412608992,3660
10053,1774271549414341274,1774271549418280370,3939
10054,1774271549419963308,1774271549423363486,3400
10055,1774271549424941470,1774271549428915716,3974
10056,1774271549430682996,1774271549434601393,3918
10057,1774271549436520504,1774271549440490919,3970
10058,1774271549442136673,1774271549445425818,3289
10059,1774271549447136688,1774271549450703214,3566
10060,1774271549452428074,1774271549456569765,4141
10061,1774271549458416519,1774271549461774075,3357
10062,1774271549463434164,1774271549467478403,4044
10063,1774271549469221668,1774271549473215154,3993
10064,1774271549474938077,1774271549478767686,3829
10065,1774271549480440504,1774271549483767136,3326
10066,1774271549485501153,1774271549488840182,3339
10067,1774271549490470058,1774271549494407525,3937
10068,1774271549496265803,1774271549499624196,3358
10069,1774271549501316240,1774271549505259253,3943
10070,1774271549506949809,1774271549511053484,4103
10071,1774271549512730301,1774271549516808194,4077
10072,1774271549518499670,1774271549522438059,3938
10073,1774271549524060758,1774271549527387445,3326
10074,1774271549528916750,1774271549532241660,3324
10075,1774271549533907130,1774271549537979856,4072
10076,1774271549539813691,1774271549543734427,3920
10077,1774271549545482777,1774271549549491864,4009
10078,1774271549551131864,1774271549555238217,4106
10079,1774271549557025370,1774271549561276369,4250
10080,1774271549563145200,1774271549567407170,4261
10081,1774271549569032336,1774271549573178797,4146
10082,1774271549575021751,1774271549579475674,4453
10083,1774271549581275580,1774271549585413863,4138
10084,1774271549587185311,1774271549591400628,4215
10085,1774271549593111169,1774271549597396595,4285
10086,1774271549599127594,1774271549603208965,4081
10087,1774271549604903532,1774271549608958327,4054
10088,1774271549610916217,1774271549615231664,4315
10089,1774271549616970581,1774271549621347166,4376
10090,1774271549623089430,1774271549627281971,4192
10091,1774271549629030742,1774271549633143227,4112
10092,1774271549634850823,1774271549639046691,4195
10093,1774271549640747268,1774271549644836793,4089
10094,1774271549646613654,1774271549650702062,4088
10095,1774271549652407468,1774271549655585859,3178
10096,1774271549657146569,1774271549660886680,3740
10097,1774271549662412599,1774271549665430460,3017
10098,1774271549667100305,1774271549670888325,3788
10099,1774271549672650615,1774271549675838504,3187
10100,1774271549677610501,1774271549681761729,4151
10101,1774271549683471523,1774271549687047624,3576
10102,1774271549688676735,1774271549692062071,3385
10103,1774271549693820699,1774271549697496640,3675
10104,1774271549699277619,1774271549703296773,4019
10105,1774271549705190572,1774271549709195568,4004
10106,1774271549711090229,1774271549715400244,4310
10107,1774271549717278618,1774271549721033605,3754
10108,1774271549722746341,1774271549726844517,4098
10109,1774271549728618717,1774271549732534473,3915
10110,1774271549734326829,1774271549738520444,4193
10111,1774271549740345737,1774271549744162241,3816
10112,1774271549746102676,1774271549750048682,3946
10113,1774271549751831913,1774271549755942518,4110
10114,1774271549757758413,1774271549761881642,4123
10115,1774271549763652961,1774271549767671130,4018
10116,1774271549769452410,1774271549772752381,3299
10117,1774271549774501312,1774271549778446032,3944
10118,1774271549780118964,1774271549783608612,3489
10119,1774271549785376356,1774271549789353954,3977
10120,1774271549791000150,1774271549794671612,3671
10121,1774271549796314379,1774271549800489251,4174
10122,1774271549802297772,1774271549806353527,4055
10123,1774271549807811621,1774271549811405945,3594
10124,1774271549812913331,1774271549816735705,3822
10125,1774271549818422087,1774271549822458357,4036
10126,1774271549824113107,1774271549827920981,3807
10127,1774271549829738572,1774271549833682154,3943
10128,1774271549835560946,1774271549838716744,3155
10129,1774271549840384298,1774271549844033754,3649
10130,1774271549845731903,1774271549849584021,3852
10131,1774271549851223594,1774271549855364470,4140
10132,1774271549857010500,1774271549860916574,3906
10133,1774271549862665764,1774271549866739821,4074
10134,1774271549868482517,1774271549872287422,3804
10135,1774271549873907529,1774271549877886633,3979
10136,1774271549879688122,1774271549883523290,3835
10137,1774271549885183883,1774271549888501592,3317
10138,1774271549890118022,1774271549893450964,3332
10139,1774271549895110841,1774271549898768102,3657
10140,1774271549900424324,1774271549904336192,3911
10141,1774271549905923962,1774271549909651692,3727
10142,1774271549911410630,1774271549915628900,4218
10143,1774271549917545907,1774271549921518941,3973
10144,1774271549923299805,1774271549927344269,4044
10145,1774271549928970091,1774271549932993259,4023
10146,1774271549934347520,1774271549938320695,3973
10147,1774271549939883707,1774271549943226682,3342
10148,1774271549944987084,1774271549948385394,3398
10149,1774271549949890079,1774271549953514212,3624
10150,1774271549955265734,1774271549959380814,4115
10151,1774271549961035366,1774271549964840367,3805
10152,1774271549966642251,1774271549970688852,4046
10153,1774271549972520252,1774271549976515717,3995
10154,1774271549978250587,1774271549981726343,3475
10155,1774271549983437860,1774271549987478826,4040
10156,1774271549989218649,1774271549992903323,3684
10157,1774271549994668435,1774271549998709304,4040
10158,1774271550000691674,1774271550004645421,3953
10159,1774271550006378590,1774271550009834660,3456
10160,1774271550011539539,1774271550015710681,4171
10161,1774271550017484956,1774271550021578959,4094
10162,1774271550023292081,1774271550026684790,3392
10163,1774271550028583651,1774271550032504101,3920
10164,1774271550034167974,1774271550037736240,3568
10165,1774271550039413230,1774271550042875492,3462
10166,1774271550044580987,1774271550048585008,4004
10167,1774271550050251672,1774271550054003722,3752
10168,1774271550055748908,1774271550059857618,4108
10169,1774271550061614521,1774271550065609986,3995
10170,1774271550067333640,1774271550071415955,4082
10171,1774271550073041638,1774271550076335851,3294
10172,1774271550078123487,1774271550082404356,4280
10173,1774271550084046792,1774271550088174987,4128
10174,1774271550089797794,1774271550093369745,3571
10175,1774271550095029559,1774271550098385297,3355
10176,1774271550099992106,1774271550103337033,3344
10177,1774271550105099311,1774271550108627576,3528
10178,1774271550110400176,1774271550114107665,3707
10179,1774271550115817897,1774271550119851357,4033
10180,1774271550121512206,1774271550124686407,3174
10181,1774271550126477831,1774271550130444238,3966
10182,1774271550132139997,1774271550135620396,3480
10183,1774271550137453369,1774271550141408467,3955
10184,1774271550143142430,1774271550147058293,3915
10185,1774271550148817135,1774271550152653733,3836
10186,1774271550154380889,1774271550158578595,4197
10187,1774271550160270733,1774271550163775909,3505
10188,1774271550165626563,1774271550169523110,3896
10189,1774271550171182957,1774271550175008451,3825
10190,1774271550176807325,1774271550180757124,3949
10191,1774271550182518774,1774271550186611603,4092
10192,1774271550188274970,1774271550192161243,3886
10193,1774271550193810142,1774271550197114503,3304
10194,1774271550198516493,1774271550201801845,3285
10195,1774271550203532440,1774271550206713695,3181
10196,1774271550208398031,1774271550212224777,3826
10197,1774271550213833934,1774271550217961429,4127
10198,1774271550219618998,1774271550222896774,3277
10199,1774271550224592797,1774271550228857634,4264
10200,1774271550230422993,1774271550233761647,3338
10201,1774271550235450538,1774271550238859617,3409
10202,1774271550240580516,1774271550244607922,4027
10203,1774271550246570018,1774271550250360515,3790
10204,1774271550252093358,1774271550255884428,3791
10205,1774271550257611530,1774271550261713764,4102
10206,1774271550263389206,1774271550267344497,3955
10207,1774271550268968412,1774271550272462638,3494
10208,1774271550274256911,1774271550278278095,4021
10209,1774271550279992022,1774271550284006638,4014
10210,1774271550285885999,1774271550290084652,4198
10211,1774271550291867797,1774271550295843262,3975
10212,1774271550297759227,1774271550302144984,4385
10213,1774271550303943051,1774271550308167434,4224
10214,1774271550310183270,1774271550314267849,4084
10215,1774271550316015781,1774271550319540553,3524
10216,1774271550321300937,1774271550324694434,3393
10217,1774271550326411160,1774271550330483304,4072
10218,1774271550332117384,1774271550335870452,3753
10219,1774271550337620566,1774271550341730993,4110
10220,1774271550343408253,1774271550347076895,3668
10221,1774271550348746700,1774271550352940899,4194
10222,1774271550354703986,1774271550358520376,3816
10223,1774271550360303044,1774271550364588554,4285
10224,1774271550366192616,1774271550369534634,3342
10225,1774271550370958856,1774271550374989603,4030
10226,1774271550376761210,1774271550381396361,4635
10227,1774271550383294769,1774271550387497186,4202
10228,1774271550389279951,1774271550392824181,3544
10229,1774271550394585226,1774271550398219179,3633
10230,1774271550399965783,1774271550404072445,4106
10231,1774271550405912838,1774271550409583948,3671
10232,1774271550411451626,1774271550415461724,4010
10233,1774271550417155703,1774271550420564995,3409
10234,1774271550422251131,1774271550425747873,3496
10235,1774271550427445695,1774271550431319331,3873
10236,1774271550433007588,1774271550436769921,3762
10237,1774271550438466928,1774271550442446548,3979
10238,1774271550444365617,1774271550448360610,3994
10239,1774271550450034898,1774271550454253335,4218
10240,1774271550456026195,1774271550460231312,4205
10241,1774271550462025734,1774271550466186050,4160
10242,1774271550468160950,1774271550472342840,4181
10243,1774271550474049389,1774271550478108303,4058
10244,1774271550479732126,1774271550483727363,3995
10245,1774271550485456979,1774271550488639921,3182
10246,1774271550490299409,1774271550493486514,3187
10247,1774271550495251561,1774271550499420642,4169
10248,1774271550501109816,1774271550504409282,3299
10249,1774271550506256614,1774271550509692168,3435
10250,1774271550511413431,1774271550515049194,3635
10251,1774271550516703300,1774271550520502821,3799
10252,1774271550522259244,1774271550526401286,4142
10253,1774271550528091656,1774271550531608018,3516
10254,1774271550533430953,1774271550537367744,3936
10255,1774271550539267530,1774271550543198485,3930
10256,1774271550545075821,1774271550549205338,4129
10257,1774271550551215031,1774271550555170705,3955
10258,1774271550556942054,1774271550560985692,4043
10259,1774271550562862103,1774271550566743713,3881
10260,1774271550568412583,1774271550572376255,3963
10261,1774271550574098821,1774271550577605836,3507
10262,1774271550579449143,1774271550582877261,3428
10263,1774271550584633864,1774271550587882628,3248
10264,1774271550589619284,1774271550593719568,4100
10265,1774271550595575008,1774271550599303969,3728
10266,1774271550601329060,1774271550604815244,3486
10267,1774271550606541482,1774271550610592494,4051
10268,1774271550612327294,1774271550616261367,3934
10269,1774271550617690168,1774271550621763187,4073
10270,1774271550623434493,1774271550626489523,3055
10271,1774271550628340329,1774271550631938494,3598
10272,1774271550633655952,1774271550636825094,3169
10273,1774271550638431073,1774271550641614819,3183
10274,1774271550642941353,1774271550645988933,3047
10275,1774271550647552036,1774271550651513348,3961
10276,1774271550653115562,1774271550656965237,3849
10277,1774271550658766270,1774271550662812049,4045
10278,1774271550664485706,1774271550668461098,3975
10279,1774271550670106473,1774271550673996855,3890
10280,1774271550675672448,1774271550679632033,3959
10281,1774271550681330704,1774271550684803104,3472
10282,1774271550686567992,1774271550690809505,4241
10283,1774271550692618050,1774271550696307732,3689
10284,1774271550698011423,1774271550702475649,4464
10285,1774271550704143966,1774271550707922132,3778
10286,1774271550709590421,1774271550713281448,3691
10287,1774271550715166918,1774271550719236585,4069
10288,1774271550721173996,1774271550724744347,3570
10289,1774271550726449961,1774271550730452228,4002
10290,1774271550732201358,1774271550736021514,3820
10291,1774271550737872408,1774271550741830346,3957
10292,1774271550743690274,1774271550747745985,4055
10293,1774271550749618198,1774271550753667590,4049
10294,1774271550755434785,1774271550759601396,4166
10295,1774271550761277680,1774271550764399441,3121
10296,1774271550765960356,1774271550769256512,3296
10297,1774271550771028029,1774271550775337470,4309
10298,1774271550776886466,1774271550780975905,4089
10299,1774271550782739727,1774271550786663107,3923
10300,1774271550788467650,1774271550792278909,3811
10301,1774271550793955548,1774271550797874749,3919
10302,1774271550799623901,1774271550803672496,4048
10303,1774271550805351878,1774271550809275971,3924
10304,1774271550811187563,1774271550815311448,4123
10305,1774271550817279694,1774271550821169476,3889
10306,1774271550822892255,1774271550826395023,3502
10307,1774271550828107342,1774271550832646078,4538
10308,1774271550834518050,1774271550838553428,4035
10309,1774271550840390181,1774271550844357311,3967
10310,1774271550846133693,1774271550850052106,3918
10311,1774271550851860549,1774271550855334787,3474
10312,1774271550857009265,1774271550860509427,3500
10313,1774271550862289367,1774271550866275760,3986
10314,1774271550867916157,1774271550871384058,3467
10315,1774271550873090268,1774271550876976786,3886
10316,1774271550878708724,1774271550882749485,4040
10317,1774271550884476321,1774271550887732412,3256
10318,1774271550889415188,1774271550892992770,3577
10319,1774271550894745975,1774271550898734033,3988
10320,1774271550900466356,1774271550903564314,3097
10321,1774271550905271578,1774271550909594865,4323
10322,1774271550911261367,1774271550915520981,4259
10323,1774271550917011938,1774271550920822770,3810
10324,1774271550922621807,1774271550926763492,4141
10325,1774271550928585959,1774271550932775416,4189
10326,1774271550934657954,1774271550938812506,4154
10327,1774271550940662204,1774271550944725149,4062
10328,1774271550946527940,1774271550950774522,4246
10329,1774271550952802113,1774271550956863566,4061
10330,1774271550958723277,1774271550962714023,3990
10331,1774271550964472295,1774271550967831661,3359
10332,1774271550969622087,1774271550973275052,3652
10333,1774271550974960547,1774271550978846435,3885
10334,1774271550980495201,1774271550984526255,4031
10335,1774271550986197707,1774271550990275463,4077
10336,1774271550992095435,1774271550996248513,4153
10337,1774271550997899848,1774271551001836885,3937
10338,1774271551003811820,1774271551007933787,4121
10339,1774271551009831377,1774271551013755469,3924
10340,1774271551015685078,1774271551019673289,3988
10341,1774271551021371953,1774271551025308340,3936
10342,1774271551026843277,1774271551030942972,4099
10343,1774271551032558342,1774271551036505193,3946
10344,1774271551038164506,1774271551041377736,3213
10345,1774271551042987629,1774271551047172835,4185
10346,1774271551048979230,1774271551052024904,3045
10347,1774271551053597968,1774271551056750557,3152
10348,1774271551058396954,1774271551062406771,4009
10349,1774271551064028150,1774271551067510408,3482
10350,1774271551069107513,1774271551072542439,3434
10351,1774271551074236514,1774271551077558612,3322
10352,1774271551079288022,1774271551083098766,3810
10353,1774271551084764965,1774271551088668111,3903
10354,1774271551090344838,1774271551094053141,3708
10355,1774271551095820672,1774271551099775437,3954
10356,1774271551101517082,1774271551105351760,3834
10357,1774271551107072654,1774271551111172108,4099
10358,1774271551113023856,1774271551117192749,4168
10359,1774271551118914064,1774271551122847785,3933
10360,1774271551124518445,1774271551128417082,3898
10361,1774271551130200507,1774271551134316539,4116
10362,1774271551136233010,1774271551140013357,3780
10363,1774271551141720644,1774271551145679291,3958
10364,1774271551147354057,1774271551150997050,3642
10365,1774271551152997873,1774271551156875833,3877
10366,1774271551158637722,1774271551162382593,3744
10367,1774271551164072497,1774271551168311359,4238
10368,1774271551170160446,1774271551174045752,3885
10369,1774271551175607509,1774271551179280066,3672
10370,1774271551180992204,1774271551185041157,4048
10371,1774271551186775354,1774271551190378728,3603
10372,1774271551192103894,1774271551195239928,3136
10373,1774271551196940169,1774271551201304145,4363
10374,1774271551203010826,1774271551206373500,3362
10375,1774271551208112031,1774271551211541535,3429
10376,1774271551213219457,1774271551216913893,3694
10377,1774271551218536943,1774271551222556555,4019
10378,1774271551224236159,1774271551227619792,3383
10379,1774271551229278843,1774271551233132635,3853
10380,1774271551234881195,1774271551238942046,4060
10381,1774271551240764713,1774271551244563129,3798
10382,1774271551246413413,1774271551250513994,4100
10383,1774271551252468231,1774271551256676250,4208
10384,1774271551258626805,1774271551262675782,4048
10385,1774271551264563466,1774271551268533492,3970
10386,1774271551270482560,1774271551274429158,3946
10387,1774271551276102417,1774271551280226799,4124
10388,1774271551282094444,1774271551286171392,4076
10389,1774271551288039123,1774271551292043024,4003
10390,1774271551293874281,1774271551298020089,4145
10391,1774271551299789482,1774271551303868926,4079
10392,1774271551305583442,1774271551308840807,3257
10393,1774271551310721376,1774271551314040267,3318
10394,1774271551315637657,1774271551318845136,3207
10395,1774271551320694829,1774271551324741975,4047
10396,1774271551326488609,1774271551330575577,4086
10397,1774271551332089267,1774271551335685511,3596
10398,1774271551337308207,1774271551341490491,4182
10399,1774271551343442090,1774271551347325335,3883
10400,1774271551348990085,1774271551352982049,3991
10401,1774271551354898416,1774271551358852006,3953
10402,1774271551360659811,1774271551364750949,4091
10403,1774271551366482528,1774271551369895808,3413
10404,1774271551371614080,1774271551375727358,4113
10405,1774271551377430287,1774271551381066191,3635
10406,1774271551382819692,1774271551386518848,3699
10407,1774271551388207365,1774271551392442945,4235
10408,1774271551394211241,1774271551397944754,3733
10409,1774271551399660167,1774271551404018989,4358
10410,1774271551405725988,1774271551409589071,3863
10411,1774271551411226583,1774271551414588629,3362
10412,1774271551416618884,1774271551420732463,4113
10413,1774271551422477417,1774271551426020917,3543
10414,1774271551427748496,1774271551431882758,4134
10415,1774271551433752618,1774271551437730461,3977
10416,1774271551439545323,1774271551442871432,3326
10417,1774271551444790348,1774271551448075935,3285
10418,1774271551449768336,1774271551453745267,3976
10419,1774271551455364850,1774271551458383162,3018
10420,1774271551460107317,1774271551463248019,3140
10421,1774271551464602369,1774271551468412723,3810
10422,1774271551469959747,1774271551473561928,3602
10423,1774271551475275813,1774271551478426036,3150
10424,1774271551479971873,1774271551483509856,3537
10425,1774271551485240743,1774271551488424752,3184
10426,1774271551490127849,1774271551493530201,3402
10427,1774271551495163917,1774271551499038538,3874
10428,1774271551500909215,1774271551505151299,4242
10429,1774271551507056605,1774271551510898576,3841
10430,1774271551512599400,1774271551516460411,3861
10431,1774271551518369950,1774271551522522493,4152
10432,1774271551524186062,1774271551528206693,4020
10433,1774271551530155962,1774271551534219966,4064
10434,1774271551535878437,1774271551539330371,3451
10435,1774271551541128076,1774271551545351904,4223
10436,1774271551547188613,1774271551551134615,3946
10437,1774271551553099037,1774271551557391736,4292
10438,1774271551559137479,1774271551562459008,3321
10439,1774271551564112567,1774271551568409851,4297
10440,1774271551570233178,1774271551574168519,3935
10441,1774271551575964790,1774271551580146775,4181
10442,1774271551581879885,1774271551585150917,3271
10443,1774271551586824594,1774271551590263701,3439
10444,1774271551592020802,1774271551595749469,3728
10445,1774271551597499528,1774271551601530388,4030
10446,1774271551603209160,1774271551606595566,3386
10447,1774271551608223458,1774271551611599721,3376
10448,1774271551613267957,1774271551617436359,4168
10449,1774271551619123621,1774271551622933132,3809
10450,1774271551624686037,1774271551628828011,4141
10451,1774271551630590266,1774271551634777576,4187
10452,1774271551636505968,1774271551640228075,3722
10453,1774271551642049143,1774271551646155830,4106
10454,1774271551648045292,1774271551651575006,3529
10455,1774271551653436412,1774271551657533086,4096
10456,1774271551659255393,1774271551662763570,3508
10457,1774271551664488024,1774271551667938490,3450
10458,1774271551669649296,1774271551673512247,3862
10459,1774271551675154252,1774271551678743276,3589
10460,1774271551680459998,1774271551684219922,3759
10461,1774271551686083923,1774271551690291086,4207
10462,1774271551691978907,1774271551695823251,3844
10463,1774271551697542511,1774271551701527434,3984
10464,1774271551703184467,1774271551707074688,3890
10465,1774271551708837704,1774271551712379914,3542
10466,1774271551714085412,1774271551718196612,4111
10467,1774271551719983676,1774271551723554431,3570
10468,1774271551725174526,1774271551728462838,3288
10469,1774271551730244774,1774271551733351346,3106
10470,1774271551734787764,1774271551737851018,3063
10471,1774271551739479516,1774271551742953331,3473
10472,1774271551744626302,1774271551747870259,3243
10473,1774271551749496738,1774271551752763725,3266
10474,1774271551754451854,1774271551758490941,4039
10475,1774271551760175691,1774271551763942075,3766
10476,1774271551765800399,1774271551769930244,4129
10477,1774271551771812776,1774271551775754957,3942
10478,1774271551777422909,1774271551781554418,4131
10479,1774271551783319449,1774271551787269013,3949
10480,1774271551789046770,1774271551792673414,3626
10481,1774271551794596423,1774271551799002042,4405
10482,1774271551800874794,1774271551804804385,3929
10483,1774271551806585878,1774271551810051941,3466
10484,1774271551812007260,1774271551816171717,4164
10485,1774271551817945389,1774271551821379675,3434
10486,1774271551823002774,1774271551826358957,3356
10487,1774271551828141955,1774271551832034051,3892
10488,1774271551834096935,1774271551837932927,3835
10489,1774271551839667357,1774271551843554244,3886
10490,1774271551845295761,1774271551848658882,3363
10491,1774271551850519616,1774271551854541415,4021
10492,1774271551856293731,1774271551860355836,4062
10493,1774271551862193038,1774271551865539870,3346
10494,1774271551867287047,1774271551870621104,3334
10495,1774271551872223325,1774271551875487952,3264
10496,1774271551877140148,1774271551880477049,3336
10497,1774271551881787973,1774271551885285419,3497
10498,1774271551886959565,1774271551890304069,3344
10499,1774271551891973297,1774271551896144785,4171
10500,1774271551897824269,1774271551901343713,3519
10501,1774271551903019597,1774271551907087634,4068
10502,1774271551908979061,1774271551913031026,4051
10503,1774271551914920001,1774271551919368140,4448
10504,1774271551921086727,1774271551925079450,3992
10505,1774271551926884628,1774271551931089098,4204
10506,1774271551933063430,1774271551937241676,4178
10507,1774271551939030772,1774271551942706406,3675
10508,1774271551944621220,1774271551948660790,4039
10509,1774271551950377117,1774271551954390748,4013
10510,1774271551956092400,1774271551960479915,4387
10511,1774271551962298937,1774271551966447851,4148
10512,1774271551968177266,1774271551972489228,4311
10513,1774271551974256017,1774271551977973388,3717
10514,1774271551979713135,1774271551983818433,4105
10515,1774271551985636483,1774271551989626464,3989
10516,1774271551991311478,1774271551994769633,3458
10517,1774271551996654597,1774271552000665513,4010
10518,1774271552002439939,1774271552005962013,3522
10519,1774271552007570078,1774271552010924567,3354
10520,1774271552012610314,1774271552015746447,3136
10521,1774271552017256358,1774271552021191526,3935
10522,1774271552022875978,1774271552026460018,3584
10523,1774271552028196963,1774271552032409324,4212
10524,1774271552034153576,1774271552037523430,3369
10525,1774271552039281950,1774271552042704844,3422
10526,1774271552044507846,1774271552048273717,3765
10527,1774271552050055203,1774271552053862134,3806
10528,1774271552055679924,1774271552059809646,4129
10529,1774271552061525134,1774271552064947346,3422
10530,1774271552066739727,1774271552070773618,4033
10531,1774271552072789171,1774271552076360050,3570
10532,1774271552078020754,1774271552081426260,3405
10533,1774271552083186629,1774271552087230438,4043
10534,1774271552089120235,1774271552093062408,3942
10535,1774271552094818672,1774271552098647913,3829
10536,1774271552100555761,1774271552104413320,3857
10537,1774271552106063272,1774271552109364911,3301
10538,1774271552111110411,1774271552114675517,3565
10539,1774271552116565586,1774271552120556816,3991
10540,1774271552122309709,1774271552125909837,3600
10541,1774271552127622976,1774271552130856674,3233
10542,1774271552132515842,1774271552135680910,3165
10543,1774271552137423357,1774271552141514028,4090
10544,1774271552143215764,1774271552146516588,3300
10545,1774271552148157747,1774271552152245383,4087
10546,1774271552153656009,1774271552157367279,3711
10547,1774271552159052509,1774271552162505381,3452
10548,1774271552164377480,1774271552168423632,4046
10549,1774271552170131908,1774271552173969245,3837
10550,1774271552175648628,1774271552179503376,3854
10551,1774271552181268372,1774271552185646367,4377
10552,1774271552187376552,1774271552190806915,3430
10553,1774271552192686146,1774271552196434310,3748
10554,1774271552198240286,1774271552202458007,4217
10555,1774271552204150897,1774271552208046130,3895
10556,1774271552209850180,1774271552214136714,4286
10557,1774271552215885654,1774271552219725828,3840
10558,1774271552221421464,1774271552224715655,3294
10559,1774271552226498280,1774271552230520918,4022
10560,1774271552232446514,1774271552236146099,3699
10561,1774271552237859568,1774271552241706414,3846
10562,1774271552243444591,1774271552247251641,3807
10563,1774271552248963651,1774271552252837329,3873
10564,1774271552254713196,1774271552258885421,4172
10565,1774271552260619166,1774271552264750802,4131
10566,1774271552266486542,1774271552270562280,4075
10567,1774271552272341306,1774271552275710334,3369
10568,1774271552277400634,1774271552280677252,3276
10569,1774271552282367263,1774271552286519354,4152
10570,1774271552288303788,1774271552291403311,3099
10571,1774271552293196983,1774271552296585982,3388
10572,1774271552298216036,1774271552302236574,4020
10573,1774271552304050225,1774271552307546418,3496
10574,1774271552309179216,1774271552313143351,3964
10575,1774271552314857982,1774271552318619056,3761
10576,1774271552320397035,1774271552323736586,3339
10577,1774271552325461567,1774271552329395985,3934
10578,1774271552331200101,1774271552335562055,4361
10579,1774271552337239940,1774271552340676584,3436
10580,1774271552342524114,1774271552345984060,3459
10581,1774271552347734553,1774271552351680723,3946
10582,1774271552353395375,1774271552356867699,3472
10583,1774271552358757384,1774271552363420281,4662
10584,1774271552365279943,1774271552369215480,3935
10585,1774271552370957964,1774271552375123933,4165
10586,1774271552376840345,1774271552380413186,3572
10587,1774271552382069960,1774271552386079565,4009
10588,1774271552387724917,1774271552391670134,3945
10589,1774271552393352609,1774271552397448849,4096
10590,1774271552399284682,1774271552402750048,3465
10591,1774271552404261524,1774271552407707087,3445
10592,1774271552409450338,1774271552412682352,3232
10593,1774271552414191143,1774271552417376365,3185
10594,1774271552419159641,1774271552422596401,3436
10595,1774271552424224937,1774271552427322919,3097
10596,1774271552429014064,1774271552432110928,3096
10597,1774271552433721750,1774271552437129674,3407
10598,1774271552438898953,1774271552442810367,3911
10599,1774271552444529810,1774271552448219312,3689
10600,1774271552449898064,1774271552453707900,3809
10601,1774271552455382088,1774271552459300016,3917
10602,1774271552461130028,1774271552465327316,4197
10603,1774271552466993667,1774271552470898830,3905
10604,1774271552472566470,1774271552475832830,3266
10605,1774271552477514916,1774271552481387071,3872
10606,1774271552483227390,1774271552487006829,3779
10607,1774271552488643927,1774271552492502256,3858
10608,1774271552494200562,1774271552498416499,4215
10609,1774271552500077739,1774271552503726886,3649
10610,1774271552505429104,1774271552509036169,3607
10611,1774271552510828952,1774271552514905028,4076
10612,1774271552516594065,1774271552520345029,3750
10613,1774271552522181306,1774271552526372861,4191
10614,1774271552528123275,1774271552531921105,3797
10615,1774271552533686448,1774271552537405000,3718
10616,1774271552539108515,1774271552543258958,4150
10617,1774271552545006476,1774271552548547842,3541
10618,1774271552550277925,1774271552553559953,3282
10619,1774271552555104744,1774271552559268565,4163
10620,1774271552560935279,1774271552564982431,4047
10621,1774271552566448085,1774271552569678668,3230
10622,1774271552571220030,1774271552574713146,3493
10623,1774271552576395743,1774271552580456899,4061
10624,1774271552582060063,1774271552585655807,3595
10625,1774271552587536213,1774271552591578649,4042
10626,1774271552593316026,1774271552597026218,3710
10627,1774271552598719858,1774271552602778334,4058
10628,1774271552604606213,1774271552608685841,4079
10629,1774271552610389352,1774271552613920992,3531
10630,1774271552615610197,1774271552619162053,3551
10631,1774271552621022591,1774271552624831027,3808
10632,1774271552626540424,1774271552629968371,3427
10633,1774271552632058940,1774271552636343879,4284
10634,1774271552638089243,1774271552641376340,3287
10635,1774271552643188486,1774271552646496715,3308
10636,1774271552648151529,1774271552651903675,3752
10637,1774271552653595640,1774271552657042688,3447
10638,1774271552658878213,1774271552662990567,4112
10639,1774271552664692366,1774271552668240810,3548
10640,1774271552670055645,1774271552674174146,4118
10641,1774271552675944403,1774271552679788166,3843
10642,1774271552681607024,1774271552685671788,4064
10643,1774271552687303962,1774271552690270626,2966
10644,1774271552692085005,1774271552695098884,3013
10645,1774271552696727119,1774271552700545747,3818
10646,1774271552702065803,1774271552705369011,3303
10647,1774271552706671762,1774271552710549843,3878
10648,1774271552712101777,1774271552716167557,4065
10649,1774271552717799348,1774271552721871509,4072
10650,1774271552723566748,1774271552726850603,3283
10651,1774271552728460707,1774271552731756581,3295
10652,1774271552733474786,1774271552736873295,3398
10653,1774271552738653109,1774271552742314552,3661
10654,1774271552744163763,1774271552748206546,4042
10655,1774271552750013027,1774271552753810168,3797
10656,1774271552755744473,1774271552760468747,4724
10657,1774271552762292491,1774271552765707776,3415
10658,1774271552767528429,1774271552771019511,3491
10659,1774271552772963302,1774271552776385516,3422
10660,1774271552778072282,1774271552781769398,3697
10661,1774271552783414550,1774271552787332558,3918
10662,1774271552789132168,1774271552793040982,3908
10663,1774271552794924297,1774271552798886040,3961
10664,1774271552801115333,1774271552805071543,3956
10665,1774271552806948108,1774271552811014380,4066
10666,1774271552812701344,1774271552816004790,3303
10667,1774271552817727428,1774271552821854505,4127
10668,1774271552823519384,1774271552827249809,3730
10669,1774271552828999455,1774271552833064634,4065
10670,1774271552834539367,1774271552838705256,4165
10671,1774271552840323323,1774271552843466642,3143
10672,1774271552845169534,1774271552848669918,3500
10673,1774271552850548721,1774271552854280494,3731
10674,1774271552856082679,1774271552859808185,3725
10675,1774271552861532295,1774271552864888656,3356
10676,1774271552866578872,1774271552869841674,3262
10677,1774271552871647972,1774271552875531674,3883
10678,1774271552877212702,1774271552881222815,4010
10679,1774271552882895760,1774271552887171366,4275
10680,1774271552889092376,1774271552893146753,4054
10681,1774271552894958964,1774271552899148110,4189
10682,1774271552901021975,1774271552905039396,4017
10683,1774271552906867596,1774271552911367342,4499
10684,1774271552913395826,1774271552917384139,3988
10685,1774271552919040598,1774271552923145398,4104
10686,1774271552925002902,1774271552929097904,4095
10687,1774271552930890011,1774271552934524758,3634
10688,1774271552936450097,1774271552939877996,3427
10689,1774271552941800216,1774271552945707965,3907
10690,1774271552947529708,1774271552951345415,3815
10691,1774271552953006818,1774271552956877694,3870
10692,1774271552958706615,1774271552962499863,3793
10693,1774271552964242125,1774271552967437969,3195
10694,1774271552969141949,1774271552972399420,3257
10695,1774271552974054336,1774271552978304489,4250
10696,1774271552979953078,1774271552983888606,3935
10697,1774271552985509802,1774271552988787552,3277
10698,1774271552990493878,1774271552994546858,4052
10699,1774271552996234537,1774271552999999494,3764
10700,1774271553001659986,1774271553005623496,3963
10701,1774271553007360780,1774271553011361579,4000
10702,1774271553013041368,1774271553016976585,3935
10703,1774271553018925904,1774271553023259274,4333
10704,1774271553024977960,1774271553029052336,4074
10705,1774271553030999742,1774271553035256062,4256
10706,1774271553036907659,1774271553040930887,4023
10707,1774271553042966905,1774271553047074175,4107
10708,1774271553048788578,1774271553052636038,3847
10709,1774271553054545126,1774271553058524252,3979
10710,1774271553060298721,1774271553064173839,3875
10711,1774271553066067300,1774271553069513835,3446
10712,1774271553071193855,1774271553075096712,3902
10713,1774271553076980204,1774271553080535473,3555
10714,1774271553082240153,1774271553086352951,4112
10715,1774271553088212157,1774271553091953676,3741
10716,1774271553093871485,1774271553098101705,4230
10717,1774271553099939388,1774271553103019552,3080
10718,1774271553104665337,1774271553108200748,3535
10719,1774271553109838756,1774271553112997369,3158
10720,1774271553114764880,1774271553118349345,3584
10721,1774271553120095399,1774271553124095127,3999
10722,1774271553125706084,1774271553128961754,3255
10723,1774271553130649217,1774271553134810872,4161
10724,1774271553136465794,1774271553139771967,3306
10725,1774271553141722825,1774271553145831407,4108
10726,1774271553147644781,1774271553151290133,3645
10727,1774271553153088430,1774271553156868975,3780
10728,1774271553158643179,1774271553162758754,4115
10729,1774271553164865358,1774271553168582593,3717
10730,1774271553170274670,1774271553174409131,4134
10731,1774271553176152248,1774271553180019592,3867
10732,1774271553181833527,1774271553185848360,4014
10733,1774271553187495917,1774271553191559629,4063
10734,1774271553193220353,1774271553196589612,3369
10735,1774271553198258487,1774271553201746306,3487
10736,1774271553203425167,1774271553207470368,4045
10737,1774271553209159519,1774271553212809325,3649
10738,1774271553214570971,1774271553218419964,3848
10739,1774271553220051673,1774271553224112574,4060
10740,1774271553225811846,1774271553229296387,3484
10741,1774271553230994829,1774271553235006418,4011
10742,1774271553236731853,1774271553240908218,4176
10743,1774271553242393098,1774271553245677857,3284
10744,1774271553247353983,1774271553251007310,3653
10745,1774271553252688308,1774271553256112763,3424
10746,1774271553257837962,1774271553261350158,3512
10747,1774271553262895262,1774271553266814932,3919
10748,1774271553268581120,1774271553272771308,4190
10749,1774271553274578757,1774271553278746945,4168
10750,1774271553280574955,1774271553284189203,3614
10751,1774271553286060382,1774271553289664064,3603
10752,1774271553291455722,1774271553295627229,4171
10753,1774271553297403418,1774271553301246690,3843
10754,1774271553303005239,1774271553307524411,4519
10755,1774271553309399842,1774271553313195414,3795
10756,1774271553314934815,1774271553318545438,3610
10757,1774271553320216359,1774271553324362694,4146
10758,1774271553326079105,1774271553329909459,3830
10759,1774271553331725128,1774271553336062703,4337
10760,1774271553337777335,1774271553341976576,4199
10761,1774271553343669794,1774271553347624868,3955
10762,1774271553349299920,1774271553353205452,3905
10763,1774271553355029615,1774271553359180478,4150
10764,1774271553361015861,1774271553365212720,4196
10765,1774271553367022320,1774271553370886665,3864
10766,1774271553372650191,1774271553376198857,3548
10767,1774271553377823932,1774271553381629205,3805
10768,1774271553383468255,1774271553386377082,2908
10769,1774271553387844255,1774271553391489985,3645
10770,1774271553393319909,1774271553397032034,3712
10771,1774271553398663649,1774271553402247920,3584
10772,1774271553403898311,1774271553407523958,3625
10773,1774271553409364948,1774271553412685161,3320
10774,1774271553414542976,1774271553418495224,3952
10775,1774271553420204083,1774271553424333684,4129
10776,1774271553426129166,1774271553430029343,3900
10777,1774271553431821664,1774271553435676194,3854
10778,1774271553437448939,1774271553440850078,3401
10779,1774271553442628841,1774271553446371842,3743
10780,1774271553448089717,1774271553451512937,3423
10781,1774271553453333949,1774271553457460933,4126
10782,1774271553459169713,1774271553463064705,3894
10783,1774271553464715235,1774271553468707351,3992
10784,1774271553470408927,1774271553474432182,4023
10785,1774271553476106996,1774271553480142668,4035
10786,1774271553482126755,1774271553486199884,4073
10787,1774271553488086719,1774271553492160115,4073
10788,1774271553494020821,1774271553498185160,4164
10789,1774271553500050159,1774271553504206355,4156
10790,1774271553505757177,1774271553509025466,3268
10791,1774271553510776258,1774271553515103669,4327
10792,1774271553516894927,1774271553520809360,3914
10793,1774271553522261674,1774271553525538718,3277
10794,1774271553527206300,1774271553530493818,3287
10795,1774271553532236006,1774271553535616050,3380
10796,1774271553537322980,1774271553540717649,3394
10797,1774271553542483639,1774271553546147477,3663
10798,1774271553548108367,1774271553551598291,3489
10799,1774271553553476325,1774271553557568717,4092
10800,1774271553559390202,1774271553563213837,3823
10801,1774271553564981953,1774271553569190274,4208
10802,1774271553571260530,1774271553575233097,3972
10803,1774271553576876495,1774271553580938543,4062
10804,1774271553583083559,1774271553587163131,4079
10805,1774271553588810195,1774271553593040583,4230
10806,1774271553595063195,1774271553598512157,3448
10807,1774271553600187152,1774271553603679653,3492
10808,1774271553605487198,1774271553609399916,3912
10809,1774271553611167668,1774271553614987393,3819
10810,1774271553616651059,1774271553620309346,3658
10811,1774271553622224213,1774271553626353943,4129
10812,1774271553628024923,1774271553631825790,3800
10813,1774271553633597708,1774271553637723195,4125
10814,1774271553639472158,1774271553643505151,4032
10815,1774271553645158324,1774271553649376637,4218
10816,1774271553651144953,1774271553655197267,4052
10817,1774271553656827167,1774271553661132648,4305
10818,1774271553662733248,1774271553666820934,4087
10819,1774271553668496335,1774271553671639815,3143
10820,1774271553673258229,1774271553677370029,4111
10821,1774271553679113898,1774271553682822776,3708
10822,1774271553684467143,1774271553687640234,3173
10823,1774271553689356022,1774271553692990624,3634
10824,1774271553694892357,1774271553699083594,4191
10825,1774271553700744852,1774271553704289720,3544
10826,1774271553705922259,1774271553709491205,3568
10827,1774271553711189853,1774271553715275387,4085
10828,1774271553716908482,1774271553720759523,3851
10829,1774271553722417126,1774271553726164570,3747
10830,1774271553728047728,1774271553731570856,3523
10831,1774271553733414317,1774271553737351792,3937
10832,1774271553739236758,1774271553742841091,3604
10833,1774271553744505434,1774271553747759684,3254
10834,1774271553749414481,1774271553753045853,3631
10835,1774271553754644736,1774271553758507321,3862
10836,1774271553760153727,1774271553763823887,3670
10837,1774271553765477238,1774271553768809938,3332
10838,1774271553770420456,1774271553773961467,3541
10839,1774271553775697974,1774271553778996073,3298
10840,1774271553780620152,1774271553783935722,3315
10841,1774271553785807154,1774271553789574255,3767
10842,1774271553791021458,1774271553794317991,3296
10843,1774271553795866009,1774271553800105981,4239
10844,1774271553801553346,1774271553805176308,3622
10845,1774271553806772776,1774271553810900660,4127
10846,1774271553812439193,1774271553816420964,3981
10847,1774271553818210543,1774271553822005643,3795
10848,1774271553823808497,1774271553827840098,4031
10849,1774271553829883002,1774271553834211481,4328
10850,1774271553835903858,1774271553839480398,3576
10851,1774271553841292385,1774271553845613334,4320
10852,1774271553847467619,1774271553850862137,3394
10853,1774271553852630627,1774271553856724340,4093
10854,1774271553858591228,1774271553862281783,3690
10855,1774271553864014516,1774271553867514359,3499
10856,1774271553869341601,1774271553873216475,3874
10857,1774271553875093245,1774271553879057901,3964
10858,1774271553880848435,1774271553885229357,4380
10859,1774271553886982040,1774271553891151038,4168
10860,1774271553892943703,1774271553897210943,4267
10861,1774271553898933575,1774271553902855945,3922
10862,1774271553904611940,1774271553908775435,4163
10863,1774271553910660430,1774271553914621923,3961
10864,1774271553916369233,1774271553919640037,3270
10865,1774271553921041188,1774271553925044628,4003
10866,1774271553926687756,1774271553930347964,3660
10867,1774271553932012976,1774271553936164544,4151
10868,1774271553937883729,1774271553942145323,4261
10869,1774271553943848873,1774271553947362039,3513
10870,1774271553948998731,1774271553952314389,3315
10871,1774271553954120004,1774271553958253116,4133
10872,1774271553959890083,1774271553963601396,3711
10873,1774271553965384815,1774271553969402991,4018
10874,1774271553971092473,1774271553974815617,3723
10875,1774271553976514187,1774271553979760108,3245
10876,1774271553981474935,1774271553985534493,4059
10877,1774271553987193082,1774271553990916764,3723
10878,1774271553992574796,1774271553995817781,3242
10879,1774271553997588782,1774271554001560874,3972
